pdf_page,printed_page,block,label,row_kind,dwelling,famiglie,present_mf,present_f,absent_mf,is_consistent,locality_it,circoscrizione_it,shabiya_en,shabiya_pcode,label_printed
124,57,0,,locality,,41,,,,0,,,,,
124,57,0,Segue TRìPOLI I,locality,,,,,601,0,,,,,Segue: TRìPOLI I
124,57,0,Sciàra el-Gàrbi . st,locality,st,708,2600,1300,,1,,,,,Sciàra el-Gàrbi . st.
124,57,0,Sciàra bu Radda ~~~ U~~ l.~~~ i~ Sciàra el·ChebÌr . Sciàra Sciàtt st,locality,st,71,265,128,,1,,,,,Sciàra bu Radda st. ~~~ U~~ l.~~~ i~ Sciàra el·ChebÌr . st. Sciàra Sciàtt st.
124,57,0,Sciàra es·Seidi l Sciàra ez-Zàvia,locality,st,586,2116,1089,43,1,,,,,Sciàra es·Seidi : l st. Sciàra ez-Zàvia
124,57,0,Sciàra es-Srim. st,locality,st,915,3245,1621,74,1,,,,,Sciàra es-Srim. st.
124,57,0,Zàviet ed-Dahmàni. fl24,locality,st,,3264,1564,29,1,,,,,Zàviet ed-Dahmàni. st. fl24
124,57,0,Porta Tagiùra (b). st,locality,st,284,869,468,17,1,,,,,Porta Tagiùra (b). st.
124,57,0,ALTRI CENSITI st,quarter,st,988,5149,1599,,1,,,,,ALTRI CENSITI .. st.
124,57,0,CIRCONDARIO DI SUGH EL-GIùMAA 18.943 78.681,subtotal,,,,37769,1537,0,,,,,CIRCONDARIO DI SUGH EL-GIùMAA 18.943 78.681
124,57,0,Residenza di Sugh el-Giùmaa '7.041'129.131 14.0~5 SUGH EL·GIÙMAA . 2.985 11.929,subtotal,,,,5716,262,0,,,,,Residenza di Sugh el-Giùmaa '7.041'129.131 14.0~5 SUGH EL·GIÙMAA . 2.985 11.929
124,57,0,"Oens. 1931 (*) 2,797110.833 5.18~ QUARTIERI en·Nofliin • st",census_1931,st,,,267,2,0,,,,,"Oens. 1931 (*) 2,797110.833 5.18~ QUARTIERI: en·Nofliin • st."
124,57,0,el·HenscÌr. mI1. i~ 70 l,locality,st,,,,6,0,,,,,el·HenscÌr. st. mI1.:i~ 70:l
124,57,0,el-Amrùs,locality,,351,1446,666,34,1,,,,,el-Amrùs
124,57,0,Sràiet el·Amrùs . l st,locality,st,,,455,,0,,,,,Sràiet el·Amrùs . st' l st.
124,57,0,Sciàtt el-RenscÌr st,locality,st,,,869,14,0,,,,,Sciàtt el-RenscÌr st.
124,57,0,es·Suàlem. st ~Hll.m,locality,st,,,441,20,0,,,,,es·Suàlem. st .. ~Hll.m
124,57,0,Aràda . . . . . . llt,locality,st,431,1801,878,31,1,,,,,Aràda . . . . . . llt.
124,57,0,Raràt en·Nasciàuna st,locality,st,290,990,488,98,1,,,,,Raràt en·Nasciàuna st.
124,57,0,Ghèrued Haràt en-,locality,,,,,49,0,,,,,Ghèrued Haràt en-
124,57,0,Nasciàuna st,locality,st,203,783,363,,1,,,,,Nasciàuna st.
124,57,0,ISRAELITI (c) 1 308,quarter,st,304,,646,,0,,,,,ISRAELITI (c) st. 1:308
124,57,0,ALTRI CENSITI,quarter,,1,14,,,1,,,,,ALTRI CENSITI.
124,57,0,,locality,,1536,6495,3135,,1,,,,,
124,57,0,"EL·MELLÀHA Oens. 1931 (*) 5,549",census_1931,,1466,,2713,,0,,,,,"EL·MELLÀHA Oens. 1931 (*) 5,549,"
124,57,0,QUARTIERI l st,quarter,st,248,970,505,,1,,,,,QUARTIERI: l st.
124,57,0,el-Mansùra · sn,locality,sn,4,15,8,,1,,,,,el-Mansùra · sn.
124,57,0,el·Hagiàrsa I st,locality,st,229,906,457,,1,,,,,el·Hagiàrsa I st.
124,57,0,· sn,locality,sn,,,272,,0,,,,,· sn.
124,57,0,Ulàd Diàb · I 24,locality,st,127,497,,,1,,,,,"Ulàd Diàb · I st. 24,"
124,57,0,st,locality,st,92,358,186,20,1,,,,,st.
124,57,0,et·Tgibiin . sn,locality,sn,,,252,1,0,,,,,et·Tgibiin . sn.
124,57,0,Sciòrfet el-Mellàha. st,locality,st,240,1000,495,401,1,,,,,Sciòrfet el-Mellàha. st.
124,57,0,Ghèrued el·Mellàha. 19,locality,st,179,782,399,,1,,,,,"Ghèrued el·Mellàha. st. 19,"
124,57,0,Giàma el-Greu. st,locality,st,,1282,637,171,1,,,,,Giàma el-Greu. st.
124,57,0,ALTRI CENSITI. st,quarter,st,309,673,199,,1,,,,,ALTRI CENSITI. st.
124,57,0,,locality,,1,,,,0,,,,,
124,57,0,GEDÈIDA. ~I,locality,,1087,4702,2314,,1,,,,,GEDÈIDA. ~I
124,57,0,Oens. 1931 (*),census_1931,,1025,4103,1990,,1,,,,,Oens. 1931 (*)
124,57,0,QUARTIERI el·Graràt • st,quarter,st,285,1201,592,,1,,,,,QUARTIERI: el·Graràt • st.
124,57,0,Ulàd Bu Gràra st,locality,st,322,1420,713,20,1,,,,,Ulàd Bu Gràra st.
124,57,0,,locality,,257,1108,551,10,1,,,,,
124,57,0,"el·Gedèid(l, Talbiga • 1~",locality,st,214,924,449,1,1,,,,,"el·Gedèid(l, st. Talbiga • st. 1~"
124,57,0,ALTRI CENSITI. st,quarter,st,9,49,9,1,1,,,,,ALTRI CENSITI. st.
124,57,0,FORNACI,locality,,259,1322,522,,1,Fornaci,sugh el giumaa,Tripoli,LY0211,FORNACI.
124,57,0,"Oens. i931' (oj ""/73",census_1931,,123,,210,,0,,,,,"Oens. i931' (oj ""/73"
124,57,0,QUARTIERI Ghèrued Aràda st,quarter,st,139,602,283,5,1,,,,,QUARTIERI: Ghèrued Aràda st.
124,57,0,Bu Slim (d). st,locality,st,114,508,234,1,1,,,,,Bu Slim (d). st.
124,57,0,ALTRI CENSITI. st,quarter,st,6,212,5,,1,,,,,ALTRI CENSITI. st.
124,57,0,SìDI EL·MESRI,locality,,1174,4683,2308,,1,Sìdi el- Mèsri,sugh el giumaa,Tripoli,LY0211,SìDI EL·MESRI .
124,57,0,Oens. 1931 (*),census_1931,,1184,4443,2120,,1,,,,,Oens. 1931 (*)
124,57,0,QUARTIERI,quarter,,285,1146,569,,1,,,,,QUARTIERI:
124,57,0,el·Rassciàn • • I ~,locality,,5,18,11,2,1,,,,,el·Rassciàn • • I :~:
124,57,0,lO,locality,,210,899,460,,1,,,,,lO
124,57,0,Ghèrued el.Hassciànl ~~,locality,,5,31,12,,1,,,,,Ghèrued el.Hassciànl ~~:
124,57,0,Ulàd el-Hag. . . '1 st,locality,st,133,494,241,12,1,,,,,Ulàd el-Hag. . . '1 st.
124,57,0,Ulàd el·Maràghni . st,locality,st,134,536,255,9,1,,,,,Ulàd el·Maràghni . st.
124,57,0,Zenàta . l st,locality,st,287,1138,,8,1,,,,,Zenàta . l st.
124,57,0,· sn,locality,sn,,5,5622,,0,,,,,· sn.
124,57,0,er·Ràchsa. l 11>2,locality,st,,343,,18,1,,,,,er·Ràchsa. l st. 11>2
124,57,0,· 9!1 lO,locality,sn,,221,,,1,,,,,· sn. 9!1 lO
124,57,0,ALTRI CENSITI. . 1 st,quarter,st,14,51,24,,1,,,,,ALTRI CENSITI. . 1 st.
124,57,1,"Ì-~7_~ ______ ~1 ____ ~ ____ ~2 ____ -+~3~~4~~_~5_~~6~~~7~_1 Residenza di ,el-Azizia 15.649123.765 11.308",locality,,,,,346,0,el- Azizìa,el azizia,Jafara,LY0212,"Ì-~7_~ ______ ~1 ____ ~ ____ ~2 ____ -+~3~~4~~_~5_~~6~~~7~_1 Residenza di ,el-Azizia 15.649123.765 11.308"
124,57,1,Distretto di el-Azizia 5.069 21.365 10.143,subtotal,,,,,239,0,,,,,Distretto di el-Azizia 5.069 21.365 10.143
124,57,1,EL-AzIZìA 2.359 10.162,locality,,,,4793,117,0,el- Azizìa,el azizia,Jafara,LY0212,EL-AzIZìA 2.359 10.162
124,57,1,Oens. 1931 (*),census_1931,,2250,9364,4514,,1,,,,,Oens. 1931 (*)
124,57,1,I GRUPPO ULÀD AUÈN 147 Bir Umm el·Grun . ) el·Bràna . . . 4J,locality,sn,102,,206,4,0,Bir Umm el-Grun,el azizia,Jafara,LY0212,I GRUPPO ULÀD AUÈN: 147 Bir Umm el·Grun . ) el·Bràna . . . sn. 4J
124,57,1,Ulàd el·Giahiia el-I -,locality,st,6,151,4,,1,,,,,Ulàd el·Giahiia el-I st. -
124,57,1,Foghiin (e) sn,locality,sn,117,,240,14,0,,,,,Foghiin (e) sn.
124,57,1,Ulàd Atia el-Fo· 605 Bir Cuca . ghiin . 1,locality,sn,115,,271,6,0,Bir Cuca,el azizia,Jafara,LY0212,Ulàd Atia el-Fo· 605 Bir Cuca . ghiin . sn. :::1
124,57,1,l es·Sàhla sn,locality,sn,123,495,235,,1,,,,,l es·Sàhla sn.
124,57,1,,locality,,,,,7,0,,,,,
124,57,1,Ulàd Tellis el·Fo- ghiin . sn,locality,sn,109,444,195,,1,,,,,Ulàd Tellis el·Fo- ghiin . sn.
124,57,1,Bir el-Bahàir Ulàd Sàleh '. ~,locality,sn,342,1502,707,,1,Bir el- Bahàìr,el azizia,Jafara,LY0212,Bir el-Bahàir Ulàd Sàleh '. sn. ~
124,57,1,~ el·Azib . I,locality,sn,105,468,228,,1,,,,,~ el·Azib . sn. I
124,57,1,Ulàd 1sa sn,locality,sn,227,973,445,6,1,,,,,Ulàd 1sa sn.
124,57,1,81 Bir Ulàd Giàher. Ulàd Giàber sn,locality,sn,138,505,224,18,1,,,,,81 Bir Ulàd Giàher. Ulàd Giàber sn.
124,57,1,l Ulàd Atia el·Otiin . sn,locality,sn,133,527,238,11,1,,,,,l Ulàd Atia el·Otiin . sn.
124,57,1,GRUPPO EL-ORÈTNA Sidi Giàber . Ulàd Rusèn. fil (),locality,sn,,355,160,,1,Sìdi Giàber,,,,GRUPPO EL-ORÈTNA: Sidi Giàber . Ulàd Rusèn. sn. fil ()
124,57,1,) Abd Rabb sn,locality,sn,138,625,305,9,1,,,,,) Abd Rabb sn.
124,57,1,Aggàr sn,locality,sn,86,366,186,5,1,,,,,Aggàr sn.
124,57,1,el·Chasciàira sn,locality,sn,125,548,278,2,1,,,,,el·Chasciàira sn.
124,57,1,es-Stut,locality,,88,396,206,6,1,,,,,es-Stut •
124,57,1,~ l 209 Sidi Abd el·Gàder. I CAB. MARABUTICHE Ulàd Zàid sn,locality,sn,215,859,417,3,1,Sidi Abd el-Gàder,el azizia,Jafara,LY0212,~ sn'l 209 Sidi Abd el·Gàder. I CAB. MARABUTICHE : Ulàd Zàid sn.
124,57,1,~ 1 Sldi Giàber. el-Giuàber -,locality,sn,55,263,138,,1,,,,,~ 1 Sldi Giàber. el-Giuàber sn. -
124,57,1,ez-Zenànda (f) • sn,locality,sn,49,209,105,3,1,,,,,. . ez-Zenànda (f) • sn.
124,57,1,~I' Bir Ulàd Giàber. \ ALTRI CENSITI. st,quarter,st,5,169,5,1,1,Bir Ulàd Giàber,el azizia,Jafara,LY0212,~I' Bir Ulàd Giàber. \ ALTRI CENSITI. st.
124,57,1,BIR ES·SBÈA,locality,,421,1823,878,12,1,Bir es- Sbèa,,,,BIR ES·SBÈA .
124,57,1,,locality,,308,1322,633,,1,,,,,
124,57,1,GRUPPO ER-RGREÀT \ Bèni Atia esc·Scer· I ghia . . . . . . sn,locality,sn,120,542,257,4,1,,,,,GRUPPO ER-RGREÀT: \ Bèni Atia esc·Scer· I ghia . . . . . . sn'
124,57,1,"(I) , Bèni Atia el·Garbia sn",locality,sn,160,666,327,8,1,,,,,"(I) , Bèni Atia el·Garbia sn."
124,57,1,Ulàd Usciàh l,locality,sn,93,401,195,,1,,,,,' Ulàd Usciàh sn. l
124,57,1,( CAB. M ARABUTICHE el·Bùsra el-Aràghba,census_1931,,48,214,99,,1,,,,,. ( CAB. M;ARABUTICHE : el·Bùsra el-Aràghba
124,57,1,/ Brn BEN RAMMÀDI,locality,sn,603,2514,1250,,1,,,,,sn./ Brn BEN RAMMÀDI
124,57,1,O~ns i931'(*j,census_1931,,452,1916,955,,1,,,,,O~ns·. i931'(*j
124,57,1,"I GRUPPO ER-RG,HEÀT Ulàd Ramèd sn",locality,sn,178,736,375,11,1,,,,,"I GRUPPO ER-RG,HEÀT: Ulàd Ramèd sn."
124,57,1,l Ulàd Mèrghem an,locality,,276,1131,549,9,1,,,,,l Ulàd Mèrghem an.
124,57,1,(I) CAB. MÀRABUTICHE Ulàd Bu Èscia el· Garbia sn,locality,sn,149,,326,4,0,,,,,(I) CAB. MÀRABUTICHE: Ulàd Bu Èscia el· Garbia sn.
124,57,1,80 I GRUPPO EL-GANÀFDA BIR BU SNÈNA. Ulàd Saùd -985,locality,sn,483,,,,0,"Bir Bu ,Snèna",el azizia,Jafara,LY0212,80 I GRUPPO EL-GANÀFDA: BIR BU SNÈNA. Ulàd Saùd sn. -985
124,57,1,20 I Oens. 1931 (*),census_1931,,454,,891,,0,,,,,20 I Oens. 1931 (*)
124,57,1,BIR GIAMM ÀL,locality,,1203,4777,2237,45,1,Bir Giammàl,,,,BIR GIAMM:ÀL
124,57,1,Oens. 1931 (*) 2.11 1,census_1931,,1129,4541,,,1,,,,,Oens. 1931 (*) 2.11:1
124,57,1,GRUPPO EL GANÀFDA el-Mòlta . sn,locality,sn,585,2247,1030,12,1,,,,,GRUPPO EL GANÀFDA: el-Mòlta . sn.
124,57,1,(I) Ulàd Rarb sn,locality,sn,311,1280,641,26,1,,,,,(I) Ulàd Rarb sn .
124,57,1,Ulàd Ramèd sn,locality,sn,307,1250,566,7,1,,,,,Ulàd Ramèd sn.
125,58,0,l,locality,,,,,,0,,,,,l
125,58,0,I DistTetto di Suàni ben Adem,locality,,580,2400,1165,,1,,,,,I DistTetto di Suàni ben Adem
125,58,0,Hosc EL-BRAHìM BEN MASAÙD I 33.9 eSI,locality,,,1381,,5,1,,,,,Hosc EL-BRAHìM BEN MASAÙD I 33.9 eSI
125,58,0,,locality,,,699,315,,1,,,,,
125,58,0,"/ GRUPPO , el-Amàim. ULAD AUÈN Oens. 1931 (*) J 181 l",census_1931,,101,405,202,,1,,,,,"/ GRUPPO , el-Amàim. ULAD AUÈN: Oens. 1931 (*) J 181 l"
125,58,0,( l) OAB. VARIE I 1 I -,locality,st,5,25,13,1,1,,,,,( l) OAB. VARIE: I 1 st. I -
125,58,0,es-Saàdi (b) . sn,locality,sn,231,945,430,,1,,,,,es-Saàdi (b) . sn.
125,58,0,,locality,,,,,4,0,,,,,
125,58,0,ALTRI CENSITI. - -,quarter,st,2,6,,,1,,,,,ALTRI CENSITI. st. - -
125,58,0,BIR ER-RFAFìA . 241,locality,,,1019,514,102,1,Bir er- Rfafìa,suani ben adem,Jafara,LY0212,BIR ER-RFAFìA . 241.
125,58,0,Oens. 1931 (*),census_1931,,144,606,296,,1,,,,,Oens. 1931 (*)
125,58,0,GRUPPO ULAD AUÈN (I) Ulàd Tellis el-Otiin sn,locality,sn,,535,257,6,1,,,,,GRUPPO ULAD AUÈN: (I) Ulàd Tellis el-Otiin sn.
125,58,0,~ Miamin. gil,locality,sn,,484,257,,1,,,,,~ Miamin. sn. gil
125,58,0,,locality,,,,,96,0,,,,,
125,58,0,Residenza di Tagiùra 6.253 25.785 12.406,subtotal,,,,,586,0,,,,,Residenza di Tagiùra 6.253 25.785 12.406
125,58,0,Distretto di Castel Benito,subtotal,,2325,9805,4688,164,1,,,,,Distretto di Castel Benito
125,58,0,TERRITORIO DEGLI AccÀRA,subtotal,,1360,5882,2838,80,1,,,,,TERRITORIO DEGLI AccÀRA
125,58,0,(Valle dell'Uàdi el-Megenìn) Oens. 1931 (*),census_1931,,929,3955,1895,,1,,,,,(Valle dell'Uàdi el-Megenìn) Oens. 1931 (*)
125,58,0,GRUPPO ER-RGHEAT el-MllJ 'azigh . 1,locality,st,,1086,532,23,1,,,,,GRUPPO ER-RGHEAT: el-MllJ:'azigh . st.1
125,58,0,OAB. MARABUTICHE,census_1931,,254,,,,0,,,,,", OAB. MARABUTICHE :"
125,58,0,Ohuèled l,locality,st,1,1651,83,,1,,,,,Ohuèled st. l
125,58,0,(I) OAB. VARIE esc-Sciòrfa (c) • -,locality,st,151,6391,302,,1,,,,,(I) OAB. VARIE: st. esc-Sciòrfa (c) • -
125,58,0,el-Auanin (d) st,locality,st,156,673,315,,1,,,,,el-Auanin (d) st.
125,58,0,Rdud ez-Zàvia (d). st,locality,st,174,743,377,4,1,,,,,Rdud ez-Zàvia (d). st.
125,58,0,el-Oubairin (d). st,locality,st,256,1080,519,25,1,,,,,el-Oubairin (d). st.
125,58,0,et-Tamàim l,locality,st,113,508,246,,1,,,,,et-Tamàim st. l
125,58,0,el-Adnàf (d) st,locality,st,136,610,275,4,1,,,,,el-Adnàf (d): st.
125,58,0,el-Lota (d) 7l,locality,st,,321,155,4,1,,,,,el-Lota (d) st. 7l
125,58,0,ALTRI CENSITI. -,quarter,st,11,57,24,,1,,,,,ALTRI CENSITI. st. -
125,58,0,TERRITORIO DEGLI EL-ALÀUNA,subtotal,,965,3923,1850,84,1,,,,,TERRITORIO DEGLI EL-ALÀUNA .
125,58,0,( Valle degli U idian el-Ohèrua Oens. 1931 (*),census_1931,,733,3192,1480,,1,,,,,( Valle degli U idian el-Ohèrua Oens. 1931 (*)
125,58,0,ed er-Rbèa) GRUPPO I EL-ALAuNA Il Ulàdel-Hag . sto lO,locality,,1361,532,241,,0,,,,,"ed er-Rbèa) GRUPPO I EL-ALAuNA: Il Ulàdel-Hag . sto lO,"
125,58,0,Ulàd Saèda. l,locality,st,92,365,167,,1,,,,,Ulàd Saèda. st'l
125,58,0,Ràchset Bir Diàb 1~1,locality,st,202,841,399,,1,,,,,Ràchset Bir Diàb st. 1~1
125,58,0,Ràchset Bu Èscia st I,locality,,109,407,188,26,1,,,,,Ràchset Bu Èscia: st I
125,58,0,(I) el-Galàlba el-Olia st,locality,st,74,292,142,,1,,,,,(I) el-Galàlba el-Olia st.
125,58,0,el-Galàlba Sufla 1~1,locality,,72,307,151,,1,,,,,el-Galàlba Sufla 1~1
125,58,0,l el-Habàscia . -,locality,st,99,,208,,0,,,,,st'l el-Habàscia . st. -
125,58,0,OAB. MARABUTICHE,census_1931,,,436,,,1,,,,,OAB. MARABUTICHE:
125,58,0,"es-Siàh, en-Naàm . st",locality,st,59,247,116,,1,,,,,"es-Siàh, en-Naàm . st."
125,58,0,Ulàd bu Èscia esc-,locality,,,1,,,1,,,,,Ulàd bu Èscia esc-
125,58,0,Scerghiin st,locality,st,122,496,238,8,1,,,,,Scerghiin st.
125,58,0,Distretto di Tagiùra 2.461 10.136,subtotal,,,,4981,135,0,,,,,", Distretto di Tagiùra 2.461 10.136"
125,58,0,TAGIÙRA,locality,,1973,8097,4017,117,1,Tagiùra,tagiura,Tripoli,LY0211,TAGIÙRA.
125,58,0,"Oens. 1931 (*) 3.6,56",census_1931,,1315,7426,,,1,,,,,"Oens. 1931 (*) 3.6,56"
125,58,0,QUARTIERI Belàscehar st,quarter,st,335,1269,634,9,1,,,,,QUARTIERI: Belàscehar st.
125,58,0,el-Burhanla st,locality,st,367,1457,732,50,1,,,,,el-Burhanla : st.
125,58,0,el-Otmania st,locality,st,,1452,726,16,1,,,,,el-Otmania st.
125,58,0,el-Massciài ~~~I,locality,st,,1439,701,17,1,,,,,el-Massciài st. ~~~I
125,58,0,el-Hamidia st,locality,st,,2262,1114,,1,,,,,el-Hamidia st.
125,58,0,IS RAELITI. I,locality,st,41,174,92,4,1,,,,,IS:RAELITI. st. I
125,58,0,ALTRI CENSITI. st,quarter,st,8,,18,,0,,,,,ALTRI CENSITI. st.
125,58,0,-I,locality,,,34,,,1,,,,,-I
125,58,0,,locality,,1,,,,0,,,,,
125,58,1,l lÌ,locality,,,,,,0,,,,,l lÌ
125,58,1,I 107 UÀDI EL-GÀRBI Uàdi el-Gàrbi (quar- tiere) . st,locality,st,162,703,317,5,1,Uàdiel- Gàrbi,,,,I 107 UÀDI EL-GÀRBI Uàdi el-Gàrbi (quar- tiere) . st.
125,58,1,Oens. 1931 (*),census_1931,,135,514,225,,1,,,,,Oens. 1931 (*)
125,58,1,UÀDI ESC-SCÈRGHI . Uàdi esc-Scèrghi (quartiere) st,locality,st,254,1045,501,8,1,Uàdi esc- Scèrghi,,,,UÀDI ESC-SCÈRGHI . Uàdi esc-Scèrghi (quartiere) st.
125,58,1,Oens. 1931 (*),census_1931,,150,823,399,,1,,,,,Oens. 1931 (*)
125,58,1,UÀDI EL-GÀRBI E UÀDI ESC-SCÈRGHI en-Naàm (e) . st,locality,st,72,291,146,5,1,,,,,UÀDI EL-GÀRBI E UÀDI ESC-SCÈRGHI en-Naàm (e) . st.
125,58,1,Oens. 1931 (*),census_1931,,64,256,133,,1,,,,,Oens. 1931 (*)
125,58,1,Distretto di Gasr el-Garabùlli,subtotal,,,5844,2737,,1,,,,,Distretto di Gasr el-Garabùlli
125,58,1,,locality,,1467,,,2871,0,,,,,
125,58,1,,locality,,1,,,,0,,,,,
125,58,1,GASR EL-GARABùLLI,locality,,1467,5844,2737,287,1,Gasr el- Garabùlli,,,,GASR EL-GARABùLLI
125,58,1,Oens. 1931 (*),census_1931,,1198,5484,2531,,1,,,,,Oens. 1931 (*)
125,58,1,esc-Sceredàt . st,locality,st,102,450,196,11,1,,,,,esc-Sceredàt . st.
125,58,1,el-Giabil st,locality,st,114,409,182,3,1,,,,,el-Giabil st.
125,58,1,el-Oràua st,locality,st,227,961,474,42,1,,,,,el-Oràua st.
125,58,1,er-Ruàgiah st,locality,st,351,1365,633,86,1,,,,,er-Ruàgiah st.
125,58,1,el-OhuàIegh . st,locality,st,213,873,410,11,1,,,,,el-OhuàIegh . st.
125,58,1,(I) ez-Ziàina st,locality,st,126,425,184,45,1,,,,,(I) ez-Ziàina st.
125,58,1,el-Atàia st,locality,st,223,844,411,78,1,,,,,el-Atàia st.
125,58,1,el-Ganaimia . st,locality,st,101,472,225,11,1,,,,,el-Ganaimia . st.
125,58,1,ALTRI CENSITI. lO ~,quarter,st,,45,21,,1,,,,,ALTRI CENSITI. st. lO ~
125,58,1,CIRCONDARIO DI NALll'T 5.680 23.030 11.337,subtotal,,,,,659,0,,,,,CIRCONDARIO DI NALll'T 5.680 23.030 11.337
125,58,1,Residenza di Nalùt 4.638 19.404,subtotal,,,,9331,525,0,,,,,Residenza di Nalùt 4.638 19.404
125,58,1,NALÙT,locality,,1439,5847,2892,286,1,Nalùt,nalut,Nalut,LY0209,NALÙT.
125,58,1,GRUPPO NALÙT EL-OTIìN Nalùt el-Asàcra st,locality,st,254,1049,510,14,1,,,,,GRUPPO NALÙT EL-OTIìN: Nalùt el-Asàcra st.
125,58,1,el-Gazàia el-Gazàia . st,locality,st,105,467,225,3,1,,,,,el-Gazàia el-Gazàia . st.
125,58,1,GRUPPO NALÙT EL-FOGHIìN Nalùt el-Magàdma . st,locality,st,214,984,465,13,1,,,,,GRUPPO NALÙT EL-FOGHIìN : Nalùt el-Magàdma . st.
125,58,1,Nalùt Ulàd Brahim st·,locality,,206,884,414,15,1,,,,,Nalùt Ulàd Brahim st·
125,58,1,17 Tighit Ulàd Mahmùd st,locality,st,150,571,282,25,1,Tighìt,nalut,Nalut,LY0209,17 Tighit Ulàd Mahmùd st.
125,58,1,OAB. VARIE ~ el-Azzàba. st,census_1931,st,181,759,362,9,1,,,,,OAB. VARIE: ~ el-Azzàba. st.
125,58,1,(I) -,locality,st,6,27,14,,1,,,,,(I) st. -
125,58,1,I ISRAELITI. AurRI CENSITI. st,quarter,st,323,1106,620,209,1,,,,,I ISRAELITI. AurRI CENSITI. st.
125,58,1,OABÀO,census_1931,,710,3097,1515,111,1,,,,,OABÀO.
125,58,1,Oens. 1931 (*),census_1931,,684,2849,1333,,1,,,,,Oens. 1931 (*)
125,58,1,RAMO EL-HAUÀMED el-Hauàmed . el-Ohanàsua (I) st,subtotal,st,104,426,220,45,1,,,,,RAMO EL-HAUÀMED: el-Hauàmed . el-Ohanàsua (I) st.
125,58,1,,locality,,,,,,0,,,,,
125,58,1,Ulàd Sàad • st,locality,st,91,389,197,,1,,,,,Ulàd Sàad • st.
125,58,1,OAB. VARIE '~ el-Azzàba el-Otiin. lO,census_1931,st,,51,28,,1,,,,,OAB. VARIE: '~ el-Azzàba el-Otiin. st. lO
125,58,1,(I) el-Azzàba el-Foghiin 3~,locality,st,,189,96,,1,,,,,(I) el-Azzàba el-Foghiin st. 3~
125,58,1,en-Nàuam st,locality,st,114,513,248,9,1,,,,,en-Nàuam st.
125,58,1,Ulàd ìsa st,locality,st,49,240,114,2,1,,,,,Ulàd ìsa st.
125,58,1,Ulàd OhIifa . st,locality,st,781,328,151,7,0,,,,,Ulàd OhIifa . st.
125,58,1,Ulàd Iùnes • st,locality,st,,186,94,3,1,,,,,Ulàd Iùnes • st.
125,58,1,2 Fersàtta Fersàtta !~I l,locality,st,,295,149,,1,,,,,2 Fersàtta Fersàtta st. !~I l
125,58,1,Tartùr el-Magiàbra . st,locality,st,,439,194,18,1,Tartùr,nalut,Nalut,LY0209,Tartùr el-Magiàbra . st.
125,58,1,I 11~ (I) ALTRI CENSITI. -,quarter,st,,41,24,,1,,,,,I 11~ (I) ALTRI CENSITI. st. -
125,58,1,EL-GIÒSC,locality,,1151,4757,2128,28,1,el- Giòsc,,,,"EL-GIÒSC ,"
125,58,1,Oens. 1931 (*),census_1931,,805,3930,1710,,1,,,,,Oens. 1931 (*)
125,58,1,RAMO ES-SIAÀN Ulàd Sciarràda n,subtotal,n,160,703,320,1,1,,,,,RAMO ES-SIAÀN: Ulàd Sciarràda n.
125,58,1,~ Ulàd Mohàmmed ·i n,locality,n,314,1223,534,13,1,,,,,~ Ulàd Mohàmmed ·i n .
125,58,1,(l) -,locality,st,5,24,9,,1,,,,,(l) st. -
125,58,1,1 385. l,locality,n,211,846,,,1,,,,,'1 n. 385. l
125,58,1,( el-Hamàila . B.t. -,locality,,15,65,26,,1,,,,,( el-Hamàila . B.t. -
125,58,1,Ulàd Sellàm 4,locality,n,333,1473,555,,1,,,,,"Ulàd Sellàm n. 4,"
125,58,1,"I 21 Giòsc el-Ohebir, Giòsc OAB. VARIE es-Seghir el Giauàscia. .83",locality,st,,308,,,1,,,,,"I 21 Giòsc el-Ohebir, Giòsc OAB. VARIE: es-Seghir el Giauàscia. st. .83"
125,58,1,(I) ALTRI CENSITI. l ~il,quarter,st,,115,55,,1,,,,,(I) ALTRI CENSITI. st' l ~il
125,58,1,,locality,,301,,1,,0,,,,,
126,59,0,I,locality,,958,4176,2074,59,1,,,,,I
126,59,0,EL·HARÀBA Qeng!m. Gerigen. st,locality,st,92,419,211,12,1,Gerìgen,nalut,Nalut,LY0209,EL·HARÀBA Qeng!m. Gerigen. st.
126,59,0,Tendemmira Tendemmira st,locality,st,86,434,210,1,1,Tendemmìra,nalut,Nalut,LY0209,Tendemmira Tendemmira st.
126,59,0,Temlusciàt TemluS<iiàt st,locality,st,39,162,77,1,1,Temlusciàt,nalut,Nalut,LY0209,Temlusciàt TemluS<iiàt st.
126,59,0,Te~. Temzìn • st,locality,st,185,788,424,28,1,Temzìn,nalut,Nalut,LY0209,Te~. Temzìn • st.
126,59,0,"el-Guàida, el-Ha-l st",locality,st,194,813,413,4,1,,,,,"el-Guàida, el-Ha-l st."
126,59,0,Bghighila. sn_,locality,,5,28,13,,1,Bghighìla,nalut,Nalut,LY0209,Bghighila. sn_
126,59,0,sàuna 75,locality,n,37,156,,2,1,,,,,sàuna n. 75.
126,59,0,"Zaràra, Dègghi el·Badàrna st",locality,st,77,349,186,,1,,,,,"Zaràra, Dègghi el·Badàrna st."
126,59,0,"Bàggala, M-èrghes, Umm Suftàr, Tin· zègt Ulàd BelMI (b) st",locality,st,235,1006,450,,1,Tinzègt,nalut,Nalut,LY0209,"Bàggala, M-èrghes, Umm Suftàr, Tin· zègt Ulàd BelMI (b) st."
126,59,0,(I) ALTRI CENSITI. -21,quarter,st,8,,15,8,0,,,,,(I) ALTRI CENSITI. st. -21
126,59,0,SI~ÀUEN,locality,,183,729,357,,1,,,,,SI~ÀUEN •
126,59,0,a~ i931 .(*) BOI a96,locality,,,873,,,1,,,,,a~: i931 .(*) BOI a96
126,59,0,SciàuO • . . Sciàua (c) • st,locality,st,,,150,,0,,,,,SciàuO: • . . Sciàua (c) • st.
126,59,0,Gasr et. ll'ugàni Gasr el-Fugàni (à). ~~ i!gl,locality,st,,,78,,0,Gasr el- Fugàni,nalut,Nalut,LY0209,Gasr et.;ll'ugàni Gasr el-Fugàni (à). st. ~~ i!gl
126,59,0,GaEir el·Lotàni Gasr el-Lotàni (e) st,locality,st,24,95,51,,1,Gasr el- Lotàni,nalut,Nalut,LY0209,GaEir el·Lotàni Gasr el-Lotàni (e) st.
126,59,0,Àin Ali. - Àin Ali. . • st,locality,st,36,149,73,,1,,,,,Àin Ali. - Àin Ali. . • st.
126,59,0,(I) ALTRI OENSITI. st,locality,st,3,23,5,,1,,,,,(I) ALTRI OENSITI. st.
126,59,0,UÀZZEN,locality,,197,798,365,12,1,,,,,UÀZZEN
126,59,0,o~ i931'(*i B61 a67,census_1931,,,898,,,1,,,,,o~: i931'(*i B61 a67
126,59,0,GRUPPO NALÙT EL-OTlìN Ulàd Mahmùd st,locality,st,115,455,200,,1,,,,,GRUPPO NALÙT EL-OTlìN: Ulàd Mahmùd st.
126,59,0,"(I) GRUPPO NALÙT EL-FOGHlìN er-Rabàia, . st",locality,st,81,,165,5,0,,,,,"(I) GRUPPO NALÙT EL-FOGHlìN : er-Rabàia, . st."
126,59,0,,locality,,,331,,,1,,,,,
126,59,0,ALTRI OENSITI. -,locality,st,1,1,,,1,,,,,ALTRI OENSITI. st. -
126,59,0,,locality,,,,,34,0,,,,,
126,59,0,Residenza di Gadàmes I,subtotal,,1042,3626,2006,,1,,,,,Residenza di Gadàmes I
126,59,0,I TERRITORIO DI GADÀMES I -I,subtotal,,728,2364,1343,,1,,,,,I TERRITORIO DI GADÀMES I -I
126,59,0,Censo i931 '(0) 41a B.ooa,census_1931,,,,1074,,0,,,,,Censo i931 '(0) 41a B.ooa
126,59,0,I RAMO BÈNI U AZìT Oasi di Gadàmes Bèni Uazit . st,subtotal,st,230,725,410,,1,,,,,I RAMO BÈNI U AZìT : Oasi di Gadàmes Bèni Uazit . st.
126,59,0,I RAMO TUÀREG.H ÀZGHER Tuàregh Imanga- [' sàten. n,subtotal,n,8,37,21,,1,,,,,I RAMO TUÀREG.H ÀZGHER: Tuàregh Imanga- [' sàten. n.
126,59,0,(l) Tuàregh If?Jgas n,locality,n,38,132,71,,1,,,,,(l) Tuàregh If?Jgas n.
126,59,0,~ CAB. 'VARIE Bèni Ulld. '710 -,census_1931,st,385,1171,,,1,,,,,~ CAB. 'VARIE : Bèni Ulld. st. '710 -
126,59,0,Oasi di Tunhi. I Tunhi -,locality,st,27,81,48,,1,,,,,Oasi di Tunhi. I Tunhi st. -
126,59,0,(I) ALTRI CENSITI. st,quarter,st,40,218,83,,1,,,,,(I) ALTRI CENSITI. st.
126,59,0,TERRrrORIO DI DERG,locality,,314,1262,663,34,1,,,,,TERRrrORIO DI DERG . . . . . . .
126,59,0,Cens. 1931 (*) a26 1.a66,census_1931,,,,840,,0,,,,,Cens. 1931 (*) a26 1.a66
126,59,0,I RAMO TUÀRE GH ÀZGHER Tuàregh Imanga- sàten. . . . n,subtotal,n,70,304,160,,1,,,,,I RAMO TUÀRE GH ÀZGHER: Tuàregh Imanga- sàten. . . . n.
126,59,0,Oasi di Derg Tuàregh Ifògas . . n,locality,n,19,80,47,4,1,,,,,Oasi di Derg: Tuàregh Ifògas . . n.
126,59,0,CAB. vARm,census_1931,,,,,2,0,,,,,CAB. vARm:
126,59,0,Derg (I) . . st,locality,st,110,387,213,,1,,,,,Derg (I) . . st.
126,59,0,Zintàn Ganàni st,locality,st,25,109,61,,1,,,,,Zintàn Ganàni st.
126,59,0,Oasi di Tgùtta Tgùtta (g) c,locality,st,48,189,90,,1,,,,,Oasi di Tgùtta Tgùtta (g) st. c
126,59,0,Oasi di Màtres' Màtres (h) st,locality,st,30,143,83,2,1,,,,,Oasi di Màtres' Màtres (h) st.
126,59,0,Oasi di Tfèltfèlt. Tfèltfelt (i) • st,locality,st,11,40,18,,1,,,,,Oasi di Tfèltfèlt. Tfèltfelt (i) • st.
126,59,0,ALTRI CENSITI. lO,quarter,st,1,,1,,0,,,,,ALTRI CENSITI. st. lO
126,59,1,"--1-- __ ___ 1 ______ .2._ ____ 2=--____ ~--=-3+--=4 -~-5 ,.2.---=-6--'-- 7 -_""__----. 1_. ____ -'-____ --=2. __ __ _ - -_3 -+_4=--.2._--=-6_!.,- 6""--~ . 7 _ CIRCONDARIO DI GARIAN .18.871\79.770 39.437",locality,,,,,6428,0,,,,,"--1-- __ ___ 1 ______ .2._ ____ 2=--____ ~--=-3+--=4:...-~-5::....,.2.---=-6--'--..:7:...-_""__----.::1_. ____ -'-____ --=2. __ __ _ -;-_3:-+_4=--.2._--=-6_!.,-..:6""--~..:.:7 .. _ CIRCONDARIO DI GARIAN .18.871\79.770 39.437"
126,59,1,Residenza di Garlàn . 9.325 39.635 19.427,subtotal,,,,,2197,0,,,,,Residenza di Garlàn . 9.325 39.635 19.427
126,59,1,TERRITORIÒ DEI BÈNI DÀUD,subtotal,,2155,9006,4386,886,1,,,,,TERRITORIÒ DEI BÈNI DÀUD .
126,59,1,Cens. 1931 (*) B. a90 8 _ 665 4. Ha GRUPPO. BÈNI DÀUD 3 Tegassàt Tegassàt . st,census_1931,st,482,1938,955,45,1,,,,,Cens. 1931 (*) B. a90 8 _ 665 4. Ha GRUPPO. BÈNI DÀUD: 3 Tegassàt Tegassàt . st.
126,59,1,Bèni Iàhia Bèni Iàhia lO,locality,st,133,523,258,,1,,,,,Bèni Iàhia Bèni Iàhia st. lO
126,59,1,el-BràsClsc el-Brascisc st,locality,st,94,357,190,28,1,el- Brascìsc,garian,Jabal al Gharbi,LY0216,el-BràsClsc el-Brascisc st.
126,59,1,Ulàd Hzam. Ulàd Hzarn st,locality,st,64,283,155,18,1,Ulàd Hzam,garian,Jabal al Gharbi,LY0216,Ulàd Hzam. Ulàd Hzarn •.. st.
126,59,1,Ulàd Ali el-Borgo . Ulàd Ali el-Borgo st,locality,st,63,283,134,1,1,,,,,Ulàd Ali el-Borgo . Ulàd Ali el-Borgo st.
126,59,1,27 Ulàd Bèni Iàagùb. Ulàd Bèni laagùb,locality,,127,541,285,29,1,Ulàd Bèni Iaagùb,garian,Jabal al Gharbi,LY0216,27 Ulàd Bèni Iàagùb. Ulàd Bèni laagùb.
126,59,1,ed-Diasir • . . . t l l,locality,,83,312,147,,1,,,,,ed-Diasir • . . . :t l l;
126,59,1,ed-Diasir . '.' . 16 Mènzel Tegriuna. Mènzel 'fegrinna. l 366-,locality,st,158,721,,52,1,,,,,ed-Diasir . '.' . 16 Mènzel Tegriuna. Mènzel 'fegrinna. st. l 366-
126,59,1,ì Gasr Tegrinna. Gasr Tegrinna. st,locality,st,110,551,254,27,1,Gasr Tegrìnna,garian,Jabal al Gharbi,LY0216,ì Gasr Tegrinna. Gasr Tegrinna. st.
126,59,1,Gattis el-Matanin sn,locality,sn,140,568,289,23,1,,,,,Gattis el-Matanin sn.
126,59,1,~ Montrùs el-Aràifa lO,locality,sn,63,261,132,,1,Montrùs,garian,Jabal al Gharbi,LY0216,~ Montrùs el-Aràifa sn. lO
126,59,1,_ Mènzel Tegrinna. ISRAELITI. st,quarter,st,85,322,164,,1,Mènzel TeG'rìnna,garian,Jabal al Gharbi,LY0216,_ Mènzel Tegrinna. ISRAELITI. st.
126,59,1,(l) ALTRI OENSITI. st,locality,st,553,2346,1057,,1,,,,,(l) ALTRI OENSITI. st.
126,59,1,,locality,,,,,438,0,,,,,
126,59,1,TERRITORIO DEI BÈNI CHLÌFA,subtotal,,958,4083,2051,311,1,,,,,TERRITORIO DEI BÈNI CHLÌFA
126,59,1,"Cens. 193-1 (*) a.564 1,70a",census_1931,,916,,,1,0,,,,,"Cens. 193-1 (*) a.564 1,70a"
126,59,1,GRUPPO BÈNI CHLìFA 7 Usàden. Usàden. . 158,locality,st,,696,346,46,1,,,,,GRUPPO BÈNI CHLìFA: 7 Usàden. Usàden. st. . 158
126,59,1,Ghebbàa Ghebbàa st,locality,st,64,284,146,11,1,,,,,Ghebbàa Ghebbàa st.
126,59,1,Sciaatàn Sciaatàn • st,locality,st,25,117,59,16,1,,,,,Sciaatàn Sciaatàn • st.
126,59,1,el-Gehèscia el-Qehèscia . st,locality,st,41,155,82,9,1,el- Gehèscia,,,,el-Gehèscia el-Qehèscia . st.
126,59,1,esc-Scèmza esc-Scèmza st,locality,st,9,42,20,,1,,,,,esc-Scèmza esc-Scèmza st ..
126,59,1,Bèni Uzir. Bèni Uzir. st,locality,st,109,508,256,29,1,Bèni UZÌr,garian,Jabal al Gharbi,LY0216,Bèni Uzir. Bèni Uzir. st.
126,59,1,"Tebadùt O., • • • • • Tebadùt . st",locality,st,77,308,156,20,1,Tebadùt,garian,Jabal al Gharbi,LY0216,"Tebadùt O., • • • • • Tebadùt . st."
126,59,1,"el-Ma,gàrba, el-Gsèba • el-Ma,gàrba st",locality,st,91,375,179,30,1,el- Magàrba,garian,Jabal al Gharbi,LY0216,"el-Ma,gàrba, el-Gsèba • el-Ma,gàrba st."
126,59,1,el-Culèba . el-Culèba . . 574,locality,st,137,,286,66,0,el- Culèba,garian,Jabal al Gharbi,LY0216,"el-Culèba . el-Culèba . . st. 574,"
126,59,1,el-Msufiin • el-Msufiin st,locality,st,35,163,83,12,1,el- Msufììn,garian,Jabal al Gharbi,LY0216,el-Msufiin • el-Msufiin .• st.
126,59,1,es-Slàlma. es-Slà.lma • 'L95,locality,n,39,,85,1,0,,,,,"es-Slàlma. es-Slà.lma • n, 'L95"
126,59,1,Bu Zeiàn. Bu Zeiàn. st,locality,st,172,666,347,71,1,Bu Zeiàn,garian,Jabal al Gharbi,LY0216,",Bu Zeiàn. Bu Zeiàn. st."
126,59,1,TERRITORIO DEI .BÈNI NSER • _ . . . . . . l.Jl17,subtotal,,866,3660,,285,1,,,,,TERRITORIO DEI .BÈNI NSER • _ . . . . . . l.Jl17
126,59,1,Censo 1931 (*) . 3.0471.626,census_1931,,800,,,,0,,,,,Censo 1931 (*) . 3.0471.626
126,59,1,"GRUPPO BÈNI NSER es-Sgàif, el-Fògha es-Sgàif (l) st",locality,st,121,546,,44,1,,,,,"GRUPPO BÈNI NSER: es-Sgàif, el-Fògha es-Sgàif (l) st."
126,59,1,en-Ntatàt . . . en-Ntatàt . .~g~,locality,st,56,245,,6,1,,,,,en-Ntatàt . . . en-Ntatàt . st. .~g~
126,59,1,"Cammùn Camintìn ,79",locality,st,,338,176,18,1,,,,,"Cammùn Camintìn st. ,79"
126,59,1,ez-ZU èia ez'Zuèia st,locality,st,50,219,108,15,1,,,,,ez-ZU:èia ez'Zuèia .. st.
126,59,1,el-Gahasàt . . el·Gahasàt st,locality,st,133,500,269,51,1,el- Gahasàt,,,,el-Gahasàt . . el·Gahasàt st.
126,59,1,"Caàm, Asbiàh _ Caàm (m) Eit",census_1931,,44,164,90,13,1,,,,,"Caàm, Asbiàh _ Caàm (m) Eit."
126,59,1,Bu .Aiàd . no lO,locality,st,58,213,,,1,,,,,Bu .Aiàd . st. no lO
126,59,1,lO,locality,,,,132,,0,,,,,lO
126,59,1,Denhùn . . . • . st,locality,st,65,272,,,1,,,,,Denhùn . . . • . st.
126,59,1,Uàdi el'Arbàa. . ~ ZàuiedAbdel-Mlech st,locality,st,52,243,128,17,1,Uàdi el- Arbàa,garian,Jabal al Gharbi,LY0216,:Uàdi el'Arbàa. . ~ ZàuiedAbdel-Mlech st.
126,59,1,,locality,,92,428,218,28,1,,,,,
126,59,1,el-Aaghlb • es-Slahàt • I es-Slahàt st,locality,st,98,406,208,22,1,,,,,"el-Aaghlb • st, es-Slahàt • I es-Slahàt st."
126,59,1,"Uàdi Gaàn, Uàdi Si- ghin es-Slàlma. . n",locality,n,18,86,49,1,1,Uàdi Gààn,,,,"Uàdi Gaàn, Uàdi Si- ghin es-Slàlma. . n."
126,59,1,TERRITORIO DEGLI. EL-GUÀSEM. _,subtotal,,1396,5886,2894,249,1,,,,,TERRITORIO DEGLI. EL-GUÀSEM. _ . . . . .
126,59,1,Cens. 1931 (0) 1.aa9 B.a/u,census_1931,,,4966,,,1,,,,,Cens. 1931 (0) 1.aa9 B.a/u
126,59,1,"GRUPPO EL.-QUÀSEM . I Ulàd . Bu Ras, Uàdi el-Mrah • . . . . . Ulàd Bu Ràs (n). st",locality,st,99,459,234,29,1,Ulàd Bu Ras,garian,Jabal al Gharbi,LY0216,"GRUPPO EL.-QUÀSEM: . I Ulàd . Bu Ras, Uàdi el-Mrah • . . . . . Ulàd Bu Ràs (n). st."
126,59,1,12 el-Miamin. . . . . . el-Miamin . st,locality,st,54,201,98,8,1,Miamìn (el-),garian,Jabal al Gharbi,LY0216,12 el-Miamin. . . . . . el-Miamin . st.
126,59,1,el-Baharia - . . . . . el-Baharia '255,locality,st,127,524,,29,1,el- Baharìa,garian,Jabal al Gharbi,LY0216,el-Baharia - . . . . . el-Baharia st. '255
126,59,1,im -N achliin. en-Nachliin . st_,locality,,79,363,166,8,1,en - N achliìn,garian,Jabal al Gharbi,LY0216,im -N achliin. en-Nachliin . st_
126,59,1,"Ulàd . Sàlem, Già~~ es-Sidra. ' Ulàd Sàlem. at. 131-",locality,,67,259,,15,1,,,,,"Ulàd . Sàlem, Già~~ es-Sidra. ' Ulàd Sàlem. at. 131-"
126,59,1,6 Ghizàn. Ghizàn . . . at,locality,,127,552,272,19,1,,,,,6 Ghizàn. Ghizàn . . . at.
126,59,1,Ulàd Mansùr. . . .Ulàd Mansùr _. lO,locality,st,47,185,100,,1,Ulàd Mansùr,garian,Jabal al Gharbi,LY0216,Ulàd Mansùr. . .. . .Ulàd Mansùr _. st. lO
126,59,1,"""8 Zebbàn, Sedrùres, Me- ruàn, Badirten, Ben Mahanna, Bèni Giar- bùa' , Zebbàn (o) st_1 31/1",locality,,201,796,,36,1,,,,,"""8 Zebbàn, Sedrùres, Me- ruàn, Badirten, Ben Mahanna, Bèni Giar- bùa' , Zebbàn (o) st_1 31/1"
127,60,0,"__________ 1 ______ ~_--'--____ , ___ 2 ________ ____c'---'3----'---=-4--,~",locality,,,,,,0,,,,,"__________ 1 ______ ~_--'--____ , ___ 2 ________ ____c'---'3----'---=-4--,~"
127,60,0,Segue TERRITORIO DEGLI EL-GUÀBEM es ~~~a~a . Sidi . el. -I es-Suaadia (b) • st,subtotal,st,64,284,139,,1,,,,,Segue: TERRITORIO DEGLI EL-GUÀBEM es;~~~a~a: . Sidi .:el.:-I es-Suaadia (b) • st.
127,60,0,el-Cmesciàt • el-Cmesciàt (b) st,locality,st,60,327,164,,1,el- Cmesciàt,garian,Jabal al Gharbi,LY0216,el-Cmesciàt • el-Cmesciàt (b) st.
127,60,0,el-Lamamisc el-Lamamisc (b) st,locality,st,99,401,185,,1,,,,,el-Lamamisc el-Lamamisc (b) st.
127,60,0,Ben Habbas er-Ràhba. st,locality,st,82,322,166,,1,Ben Habbas,garian,Jabal al Gharbi,LY0216,Ben Habbas er-Ràhba. st.
127,60,0,el-Abgàr . . . . . st,locality,st,141,573,283,,1,,,,,el-Abgàr . . . . . st.
127,60,0,j Ulàd Bu Slàma (b). st,locality,st,127,535,260,,1,,,,,j Ulàd Bu Slàma (b). st.
127,60,0,Ben Habbas I ISRAELITI. st,quarter,st,21,97,50,,1,Ben Habbas,garian,Jabal al Gharbi,LY0216,Ben Habbas I ISRAELITI. st.
127,60,0,(1) I ALTRI OENSITI. st,locality,st,1,8,,,1,,,,,(1) I ALTRI OENSITI. st.
127,60,0,"I TERRITORIO DI CmOJ""A",subtotal,,1444,7038,3442,,1,,,,,"'I TERRITORIO DI CmOJ""A"
127,60,0,"Censo 1931 (·i 2. ""/76",census_1931,,,6149,,,1,,,,,"Censo 1931 (·i 2. ""/76"
127,60,0,GRUPPO '] EL-MAHAMìD EL-GARBltN I el-Chàtra esc-Sciaalil . esc-Sciaalil sn,locality,sn,,509,244,,1,el- Chàtra esc-Sciaa1ì1,garian,Jabal al Gharbi,LY0216,GRUPPO '] EL-MAHAMìD EL-GARBltN : I el-Chàtra esc-Sciaalil . esc-Sciaalil sn.
127,60,0,GRUPPO EL-l\'LAHAMìD ESC-SCERGHItN el-Gderàt el-Aue- diin . . . . . . sn,locality,sn,58,280,131,,1,,,,,GRUPPO EL-l\'LAHAMìD ESC-SCERGHItN : el-Gderàt: el-Aue- diin . . . . . . sn.
127,60,0,el-Gderàt el-Crabib . sn,locality,sn,68,340,171,11,1,,,,,el-Gderàt: el-Crabib . sn.
127,60,0,el-Gderàt esc-Scia ràscema . . . . sn,locality,sn,23,125,61,,1,,,,,el-Gderàt: esc-Scia ràscema . . . . sn.
127,60,0,el-Gderàt el-Ahmèd lO,locality,,52,253,128,,1,,,,,el-Gderàt: el-Ahmèd lO
127,60,0,el-Gderàt el Chsciub. 11,locality,,37,168,73,,1,,,,,el-Gderàt: el Chsciub. :::11
127,60,0,CAB. VARIE I es-Suàdna. UlàdOmràn. st,census_1931,st,,866,421,23,1,,,,,CAB. VARIE: I es-Suàdna. UlàdOmràn. st.
127,60,0,el-Abeiàt • el-Abeiàt 1~~I,locality,st,,260,131,12,1,,,,,el-Abeiàt • el-Abeiàt st. 1~~I'
127,60,0,Ulàd ha . Ulàd tsa lO,locality,st,76,371,188,,1,,,,,Ulàd ha . Ulàd tsa st. lO
127,60,0,Amzlr . . . . . . . Amzlr . . . . . . st,locality,st,61,312,152,,1,,,,,Amzlr . . . . . . . Amzlr . . . . . . st.
127,60,0,Zàuiet Sidi Bu Màdi. Ulàd Abd el-Mòla. st,locality,st,48,195,98,6,1,Zàuiet Sìdi Bu Màdi,garian,Jabal al Gharbi,LY0216,Zàuiet Sidi Bu Màdi. Ulàd Abd el-Mòla. st.
127,60,0,Tacbàl . . . . . Tacbàl . st,locality,st,67,304,143,2,1,,,,,Tacbàl . . . . . Tacbàl . st.
127,60,0,Bir el-Cherdimin . el-Gualisc . n,locality,n,125,633,301,27,1,,,,,Bir el-Cherdimin . el-Gualisc . n.
127,60,0,Giàma Sidi Rdut (el- aùsba) Ulàd Bu Ziri (c). st,locality,st,155,720,365,41,1,Giàma Sìdi Rdut,,,,Giàma Sidi Rdut (el- aùsba) Ulàd Bu Ziri (c). st.
127,60,0,Ulàd Said Ulàd Said st,locality,st,67,319,167,13,1,,,,,Ulàd Said Ulàd Said st.
127,60,0,el-Chzur el-Chzur st,locality,st,54,240,128,3,1,el- Chzur,garian,Jabal al Gharbi,LY0216,el-Chzur el-Chzur st.
127,60,0,Ulàd Amòr. Ulàd Amòr. st,locality,st,63,260,132,,1,Ulàd Amòr,,,,Ulàd Amòr. Ulàd Amòr. st.
127,60,0,"el-Mazàida, Gugila. el-Mazàida st",locality,st,82,438,214,15,1,el- Mazàida,garian,Jabal al Gharbi,LY0216,"el-Mazàida, Gugila. el-Mazàida st."
127,60,0,el-GeMsc . el-Gehèsc . st,locality,st,89,427,193,,1,,,,,el-GeMsc . el-Gehèsc . st.
127,60,0,"(1) ALTRI OENSITI. ,t",locality,,,18,1,,1,,,,,"(1) ALTRI OENSITI. ,t"
127,60,0,TERRITORIO DI EL-AssÀBAA 1.89 1,subtotal,,,7495,3568,456,1,,,,,TERRITORIO DI EL-AssÀBAA 1.89:1
127,60,0,Censo 1931 (0),census_1931,,1835,6986,3248,,1,,,,,Censo 1931 (0)
127,60,0,i GRUPPO EL-GIUEFLÀT Gasr el-Assàbaa EI-Besceràt ulàd Sei en-Nàsser n,locality,n,71,268,128,19,1,Gasr el- Assàbaa,garian,Jabal al Gharbi,LY0216,i GRUPPO EL-GIUEFLÀT : Gasr el-Assàbaa EI-Besceràt: ulàd Sei en-Nàsser n.
127,60,0,l (1) el-Besceràt ed-Dù- na (d) l,locality,n,48,282,131,,1,,,,,l (1) el-Besceràt: ed-Dù- na (d) n'l'
127,60,0,I . . . . Ulàd el-Hag n,locality,n,222,,,,0,,,,,I . . . . Ulàd el-Hag n.
127,60,0,I Uàdi Abellù,locality,,161,876,441,30,1,Uàdi Abellù,garian,Jabal al Gharbi,LY0216,I Uàdi Abellù
127,60,0,Dahret Hàmed . . . Ulàd Mùsa n,locality,n,,622,302,80,1,,,,,Dahret Hàmed . . . Ulàd Mùsa n.
127,60,0,,locality,,,1,,,1,,,,,
127,60,0,"el- r ,!uàmed Amàr- n",locality,n,45,209,106,8,1,,,,,"el-:r;,!uàmed : Amàr- n."
127,60,0,"I, Hènscir el-Hag es-Sèd ) el-Hauàmed Garasà n",locality,n,52,240,113,41,1,Hènscir el-Hag es-Sèd,garian,Jabal al Gharbi,LY0216,"I, Hènscir el-Hag es-Sèd ) el-Hauàmed: Garasà n."
127,60,0,Hènscir es-Sèdra Ulàd Idris n,locality,n,76,322,152,25,1,Hènscir es-Sèdra,garian,Jabal al Gharbi,LY0216,Hènscir es-Sèdra Ulàd Idris n.
127,60,0,GRUPPO ULÀD SINAN,locality,,,,,31,0,,,,,GRUPPO ULÀD SINAN:
127,60,0,Ulàd Embàrech . Ulàd Embàrech n,locality,n,142,556,263,,1,Ulàd Em bàrech,garian,Jabal al Gharbi,LY0216,Ulàd Embàrech . Ulàd Embàrech n.
127,60,0,Oasi di Misca. . Misca . . n,locality,n,61,278,141,,1,,,,,Oasi di Misca. . Misca . . n.
127,60,0,Ifènscir el-Lebàd. esc-Scefàra n,locality,n,58,233,109,,1,,,,,"Ifènscir el-Lebàd. esc-Scefàra n. ,"
127,60,0,Hènscir ez-Zèt Ulàd Frag n,locality,n,81,315,145,,1,Hènscir ez-Zèt,garian,Jabal al Gharbi,LY0216,Hènscir ez-Zèt Ulàd Frag n.
127,60,0,er·Ruedàt. el-Gebùr n,locality,n,47,183,83,8,1,,,,,er·Ruedàt. el-Gebùr n.
127,60,0,es-Snaniin es-Snaniin n,locality,n,38,180,86,,1,,,,,es-Snaniin es-Snaniin n.
127,60,0,Hènscir et-Tuil Ulàd Mhèlhel n,locality,n,42,182,93,,1,Hènscir et-Tu il,garian,Jabal al Gharbi,LY0216,Hènscir et-Tuil Ulàd Mhèlhel n.
127,60,0,GRUPPO ER-RUÀBET Oasi di er-Ràbta esc Scerghia er-Ràbta esc-Scer- Oasi di er-Ràbta el- ghia I,locality,st,116,462,222,,1,Ràbta esc-Scerghìa,garian,Jabal al Gharbi,LY0216,"GRUPPO ER-RUÀBET: Oasi di er-Ràbta esc Scerghia er-Ràbta esc-Scer- Oasi di er-Ràbta el- ghia st.I,"
127,60,0,Garbia. . . er-Ràbta el-Garbia. st,locality,st,100,388,174,,1,Ràbta el-Garbìa,garian,Jabal al Gharbi,LY0216,Garbia. . . er-Ràbta el-Garbia. st.
127,60,1,"Segue TERRITORIO DI EL-ASSÀBAA GRUPPO EL-MAHAMtD ESC-SCERGHItN el-Mahamid, Ulà d Said Ben Sola. sn",subtotal,sn,75,290,138,15,1,,,,,"Segue: TERRITORIO DI EL-ASSÀBAA GRUPPO EL-MAHAMtD ESC-SCERGHItN: el-Mahamid, Ulà d Said Ben Sola. sn."
127,60,1,CAB. MARABUTIOHE el - Hararàt Ulàd Chlifa 154-,census_1931,sn,,567,254,20,1,,,,,CAB. MARABUTIOHE: el - Hararàt: Ulàd Chlifa sn. 154-
127,60,1,el - Hararàt Ulàd Ahmèd . 494-,locality,sn,157,,228,80,0,,,,,el - Hararàt: Ulàd Ahmèd . sn. 494-
127,60,1,el - Hararàt er - Rabàia. sn,locality,sn,51,,92,23,0,,,,,el - Hararàt: er - Rabàia. sn.
127,60,1,el - Hararàt Ulàd,locality,,,187,,,1,,,,,el - Hararàt: Ulàd
127,60,1,,locality,,,1,,,1,,,,,
127,60,1,Dachil sn,locality,sn,85,313,151,12,1,,,,,Dachil sn.
127,60,1,ALTRI OENSITI. st,locality,st,14,48,16,3,1,,,,,ALTRI OENSITI. st.
127,60,1,TERRITORIO DEI NOMADI,subtotal,,610,2467,1169,56,1,,,,,TERRITORIO DEI NOMADI
127,60,1,Censo J931 (0) '520,census_1931,,,1939,906,,1,,,,,Censo J931 (0) '520
127,60,1,GRUPPO BÈNI NSER Bir el-Uàr . . . . . Ulàd Brech. n,locality,,,,,9,0,Bir el- Vàr,garian,Jabal al Gharbi,LY0216,GRUPPO BÈNI NSER: Bir el-Uàr . . . . . Ulàd Brech. n
127,60,1,,locality,,209,443,402,,1,,,,,
127,60,1,7 Bir Cur e Bir Tarsin. el-Giaàfra . n,locality,,,,,15,0,,,,,7 Bir Cur e Bir Tarsin. el-Giaàfra . n
127,60,1,el-BeMa el-Gmàta . n,locality,,240,1015,476,18,1,,,,,el-BeMa el-Gmàta . n
127,60,1,Bir es-Suèda. Azib en-Ntatàt n,locality,n,46,179,86,,1,Bir es- Suèda,garian,Jabal al Gharbi,LY0216,Bir es-Suèda. Azib en-Ntatàt n.
127,60,1,,locality,,,,,141,0,,,,,
127,60,1,Residenza di lèfren 7.594 30.418 15.424 3.160~ Distretto di GiMo 3.422 12.685 1.44,subtotal,,,,6478,,0,,,,,Residenza di lèfren 7.594 30.418 15.424 3.160~ Distretto di GiMo 3.422 12.685 1.44
127,60,1,TERRITORIO DI FASSÀTO (Giàdo),subtotal,,1434,5557,2827,5641,1,,,,,TERRITORIO DI FASSÀTO (Giàdo)
127,60,1,Censo 1931 (0),census_1931,,1286,4704,2382,,1,,,,,Censo 1931 (0)
127,60,1,"RAMO ULÀD ÀMAR 12, Giàdo, Mèzzu, Tmèzda Giàdo st",subtotal,st,290,1044,590,123,1,,,,,"RAMO ULÀD ÀMAR: 12, Giàdo, Mèzzu, Tmèzda Giàdo st."
127,60,1,RAMO ULÀD EL-HARA Mèzzu . Mèzzu . . st,subtotal,st,192,650,400,114,1,,,,,RAMO ULÀD EL-HARA: Mèzzu . Mèzzu . . st.
127,60,1,Gemmàri Gemmàri. st,locality,st,92,317,174,48,1,,,,,Gemmàri Gemmàri. st.
127,60,1,"RAMO ULÀD SULTÀN el-Gslr, Tmùghet el-Gslr (e) • 1]",subtotal,st,55,225,124,,1,,,,,"RAMO ULÀD SULTÀN: el-Gslr, Tmùghet el-Gslr (e) • st. 1]"
127,60,1,7 Mezgùra MezgÙl'a (t) . st,locality,st,87,293,180,42,1,Mezgùra,giado,Jabal al Gharbi,LY0216,7 Mezgùra MezgÙl'a (t) . st.
127,60,1,Ingelin. Ingelin «(}) • st,locality,st,55,181,109,32,1,,,,,Ingelin. Ingelin «(}) • st.
127,60,1,4 Uscèbari Uscèbari (h). st,locality,st,45,168,99,26,1,Uscèbari,giado,Jabal al Gharbi,LY0216,4 Uscèbari Uscèbari (h). st.
127,60,1,RAMO ER-RGHAIGHìA Tarmisa ~ Tarmisa st,subtotal,st,26,90,46,16,1,,,,,RAMO ER-RGHAIGHìA: Tarmisa ~ Tarmisa st.
127,60,1,Gennàuen. Gennàuen. st,locality,st,90,337,173,15,1,,,,,Gennàuen. Gennàuen. st.
127,60,1,Nedbàs. st,locality,st,47,171,87,6,1,,,,,Nedbàs. st.
127,60,1,Nedbàs. Uifàt. Uiiàt _ st,locality,st,63,243,139,29,1,,,,,Nedbàs. Uifàt. Uiiàt _ st.
127,60,1,Règregh Règregh st,locality,st,52,180,104,21,1,,,,,Règregh Règregh st.
127,60,1,"Tll,lèzda Tmèzda 27g",locality,st,157,568,,47,1,,,,,"Tll,lèzda Tmèzda st. 27g"
127,60,1,( CAB. MARABUTIOHE J Scech Sciùch st,census_1931,st,50,188,98,17,1,,,,,( CAB. MARABUTIOHE: J Scech Sciùch st.
127,60,1,13 Scech Sciùch CAB. VARIE { Ulàd Scèbel. sn,locality,sn,130,,222,17,0,,,,,13 Scech Sciùch CAB. VARIE: { Ulàd Scèbel. sn.
127,60,1,,locality,,,488,,,1,,,,,
127,60,1,ALTRI OENSITI. st,locality,st,3,1,3,,0,,,,,ALTRI OENSITI. st.
127,60,1,TERRITORIO DI ER-ROGEBÀN,subtotal,,990,3264,1686,578,1,,,,,TERRITORIO DI ER-ROGEBÀN .
127,60,1,Cens. 1931 (*) 1.01a,census_1931,,626,2228,,,1,,,,,Cens. 1931 (*) 1.01a
127,60,1,GRUPPO ULÀD ABÈD el-Golt . Ulàd Anàn st,locality,st,31,87,50,17,1,,,,,GRUPPO ULÀD ABÈD: el-Golt . Ulàd Anàn st.
127,60,1,Ulàd Giàber st,locality,st,93,306,156,,1,,,,,Ulàd Giàber st.
127,60,1,14 Sciàren,locality,,,,421,,0,Sciàren,,,,14 Sciàren.
127,60,1,4 Tarèdia. Tarèdia (i) 1~~ 20,locality,st,257,804,,,1,,,,,4 Tarèdia. Tarèdia (i) st. 1~~ 20
127,60,1,Scefi . st,locality,st,90,347,177,,1,,,,,Scefi . st.
127,60,1,5 Scefi. GRUPPO ULÀD,locality,,,,,1,0,,,,,5 Scefi. GRUPPO ULÀD
127,60,1,ABD EL-GELtL Ulàd Abd el-Gelll. st,locality,st,128,391,197,69,1,,,,,ABD EL-GELtL: Ulàd Abd el-Gelll. st.
127,60,1,~I Zaafràn. Zentùt . Ulàd Masaùd st,locality,st,105,348,178,72,1,Zentùt,giado,Jabal al Gharbi,LY0216,~I Zaafràn. Zentùt . Ulàd Masaùd st.
127,60,1,Tirèct Ulàd Atia st,locality,st,82,249,125,48,1,Tirèct,giado,Jabal al Gharbi,LY0216,Tirèct Ulàd Atia st.
127,60,1,el-Hazàm. el Bràhma st,locality,st,83,269,148,69,1,,,,,el-Hazàm. el;Bràhma st.
127,60,1,CAB. VARIE I 42 Gaar Dèlla . es-Sebàa sn,census_1931,sn,44,164,83,12,1,,,,,CAB. VARIE: I 42 Gaar Dèlla . es-Sebàa sn.
127,60,1,13 Gaar el-Hag. Ulàd el-Hag st,locality,st,1,299,151,21,1,,,,,13 Gaar el-Hag. Ulàd el-Hag st.
128,61,0,3,locality,,4,5,6,7,0,,,,,'3
128,61,0,TERRITORIO· DI ER-REHIBÀT 3.8641,subtotal,,993,,1965,302,0,,,,,TERRITORIO· DI ER-REHIBÀT 3.8641
128,61,0,o~ i9iH '(*i 3.0S1 1.49S,census_1931,,741,,,,0,,,,,o~: i9iH '(*i 3.0S1 1.49S
128,61,0,RAMO EL-ABÀDLA ìner . . . ìner st,subtotal,st,80,309,172,,1,,,,,RAMO EL-ABÀDLA: ìner . . . ìner st.
128,61,0,el-Chèrba. el-Chèrba . st,locality,st,112,456,228,30,1,,,,,el-Chèrba. el-Chèrba . st.
128,61,0,Ulàd Bu Gedld Ulàd Bu Gedld • st,locality,st,95,389,193,26,1,,,,,Ulàd Bu Gedld Ulàd Bu Gedld • st.
128,61,0,el-Geitàl st,locality,st,73,290,154,,1,el- Geitàl,,,,el-Geitàl st.
128,61,0,el-Geitàl sn,locality,sn,24,121,66,,1,el- Geitàl,,,,el-Geitàl sn.
128,61,0,Zenàta. n,locality,n,4,16,3,,1,,,,,Zenàta. n. ;
128,61,0,esc-Sceiàb • . esc-Sceiàb. st,locality,st,62,240,122,,1,,,,,esc-Sceiàb • . esc-Sceiàb. st.
128,61,0,es-Slamàt. es-SlaIDàt . st,locality,st,114,389,193,,1,,,,,es-Slamàt. es-SlaIDàt . st.
128,61,0,41/ RAMo ES-SECllÙR en-Nèdua . en-Nèdua. st,subtotal,st,,,117,,0,,,,,41/ RAMo ES-SECllÙR: en-Nèdua . en-Nèdua. st.
128,61,0,el-Cròma el-Cròma ~~ ~~~I 2 1,locality,st,,,88,,0,,,,,el-Cròma el-Cròma st. ~~ ~~~I 2:1
128,61,0,el-Gàta. el-Gàta. st,locality,st,,,167,,0,,,,,el-Gàta. el-Gàta. st.
128,61,0,318,locality,,84,,,37,0,,,,,318.
128,61,0,Uenzirèf '.' . Uenzirèf 53,locality,st,,208,112,8,1,Uenzirèf,,,,Uenzirèf '.' . Uenzirèf st. 53.
128,61,0,Gasr el-Gedld. el-Ganafid st,locality,st,68,231,104,121,1,,,,,Gasr el-Gedld. el-Ganafid st.
128,61,0,el-Fiàsla el-Fiàsla st,locality,st,121,488,246,27,1,el- Fiàsla,giado,Jabal al Gharbi,LY0216,el-Fiàsla el-Fiàsla st.
128,61,0,nistrettq di Ièfren 4.172 17.733,locality,,,,8946,,0,,,,,nistrettq di Ièfren 4.172 17.733
128,61,0,1,locality,,,,,716,0,,,,,1.
128,61,0,TERRrrORIO DI IÈFREN 8.3491,locality,,2061,,4263,870,0,,,,,TERRrrORIO DI IÈFREN 8.3491
128,61,0,1.S82,locality,,,6481,3162,,1,,,,,1.S82
128,61,0,"RAMO ULÀD SELLÀM ' Tagarbòst, Gasr Ièfren Tagarbòst . . st",subtotal,st,154,541,268,,1,,,,,". RAMO ULÀD SELLÀM: ' Tagarbòst, Gasr Ièfren Tagarbòst . . st."
128,61,0,el-Gusbàt • . el-Gusbàt (b) st,locality,st,122,547,273,,1,el- Gusbàt,iefren,Jabal al Gharbi,LY0216,. el-Gusbàt • . el-Gusbàt (b) st.
128,61,0,el-Bchàbcha. el-Bchàbcha. st,locality,st,138,556,291,,1,el- Bchàbcha,iefren,Jabal al Gharbi,LY0216,el-Bchàbcha. el-Bchàbcha. st.
128,61,0,Dàhra Dàhra (c) • st,locality,st,20,85,44,,1,,,,,Dàhra •.. Dàhra (c) • st.
128,61,0,RAMo ULÀD Bu- RsETTÈF el-Gsir • el-Gslr·' • . . • . st,subtotal,st,127,540,269,15,1,,,,,RAMo ULÀD Bu- RsETTÈF: el-Gsir • el-Gslr·' • . . • . st.
128,61,0,Tazmeràit Tazmeràit . . st,locality,st,72,285,149,17,1,Tazmeràit,iefren,Jabal al Gharbi,LY0216,Tazmeràit Tazmeràit . . st.
128,61,0,esc-Sciagàrna esc-Sciagàrna,locality,,,537,,,1,Sciagàrna (esc-),,,,esc-Sciagàrna esc-Sciagàrna
128,61,0,st,locality,st,182,,297,158,0,,,,,st.
128,61,0,RAMO TÀGMA Tàgma. Tàgma (d) st,subtotal,st,166,715,376,,1,,,,,RAMO TÀGMA: Tàgma. Tàgma (d) st.
128,61,0,RAMO EL-AGZlz Ulàd Atia Ulàd Atia (e) • st,subtotal,st,,234,105,,1,,,,,RAMO EL-AGZlz: Ulàd Atia Ulàd Atia (e) • st.
128,61,0,,locality,,51,,,,0,,,,,
128,61,0,RAMO EL-GHÈLAA Tliduit el-Àgrem. Ulàd Abdàlla ben Mùsa st,subtotal,st,127,531,266,39,1,,,,,RAMO EL-GHÈLAA: Tliduit el-Àgrem. Ulàd Abdàlla ben Mùsa •. st.
128,61,0,"ed-Dsciàr,GÙ8bet Acca el-Alàuna. st",locality,st,179,708,383,114,1,,,,,"ed-Dsciàr,GÙ8bet Acca el-Alàuna. st."
128,61,0,"Madùr, Amim, ed- Dsciàr . el-Bhur • st",locality,st,176,698,364,126,1,,,,,"Madùr, Amim, ed- Dsciàr . el-Bhur • st."
128,61,0,Meldeiàn . Meldeiàn . st,locality,st,100,439,226,53,1,Meldeiàn,iefren,Jabal al Gharbi,LY0216,Meldeiàn . Meldeiàn . st.
128,61,0,RAMo UMM EL-GER SÀN U= el-Gersàn. U= el-Gersàn . st,subtotal,st,265,,535,,0,,,,,RAMo UMM EL-GER SÀN: U= el-Gersàn. U= el-Gersàn . st.
128,61,0,CAB. VARIE er-Rumia. '. Ulàd Iàhia (1) st,census_1931,st,60,236,123,22,1,,,,,CAB. VARIE: er-Rumia. '. Ulàd Iàhia (1) st.
128,61,0,ez-Zurgàn • ez-Zurgàn . st,locality,st,49,229,102,6,1,ez- Z urgàn,iefren,Jabal al Gharbi,LY0216,ez-Zurgàn • ez-Zurgàn . st.
128,61,0,"el-Gusbàt, el-Gsir, esc Sciagàrna, Dàhra ISRAELITI st",locality,st,72,374,192,,1,,,,,"el-Gusbàt, el-Gsir, esc Sciagàrna, Dàhra ISRAELITI •.. st."
128,61,0,(I) ALTRI CENSITI. st,quarter,st,,9,,,1,,,,,(I) ALTRI CENSITI. st.
128,61,0,TERRÌ'i'ORIO DI EL-CLmA,locality,,,,357,,0,,,,,TERRÌ'i'ORIO DI EL-CLmA. • • • • . • •
128,61,0,Oens. 1931 (*),census_1931,,,,307,,0,,,,,Oens. 1931 (*)
128,61,0,mi RAMO EL-ClHLÀIFA Àhel el-Uàdi Àhel el-Uàdi st,subtotal,st,60,,122,6,0,,,,,mi RAMO EL-ClHLÀIFA: Àhel el-Uàdi Àhel el-Uàdi st.
128,61,0,Ulàd Mansùr . Ulàd Mansùr . st,locality,st,64,251,99,,1,Ulàd Mansùr,iefren,Jabal al Gharbi,LY0216,Ulàd Mansùr . Ulàd Mansùr . st.
128,61,0,Ulàd Sghèir. Ù!àd· Sghèir (g) st,locality,st,66,270,136,,1,Ulàd Sghèir,iefren,Jabal al Gharbi,LY0216,. Ulàd Sghèir. Ù!àd· Sghèir (g) st.
128,61,0,I,locality,,,1,,,1,,,,,I
128,61,1,,locality,,4,5,,7,1,,,,,
128,61,1,I I TERRITORIO DI ER-RIÀINA,subtotal,,,3684,1840,374,1,,,,,I I TERRITORIO DI ER-RIÀINA •
128,61,1,Oens. 1931 (*) ~I 36 l.7SS,census_1931,,,3616,,,1,,,,,Oens. 1931 (*) ~I 36 l.7SS
128,61,1,"Ulàd Riàn . . . Ulàd Riàn • . . st· l , 3r",locality,,,188,99,,1,Ulàd Rian,iefren,Jabal al Gharbi,LY0216,"Ulàd Riàn . . . Ulàd Riàn • . . st· l , 3r."
128,61,1,Ulàd Abd el-Azl.Z Ulàd Abd el-Aziz,locality,,91,419,211,54,1,,,,,Ulàd Abd el-Azl.Z Ulàd Abd el-Aziz
128,61,1,21 Ulàd Ali . . . . . . Ulàd Ali . tl .945,locality,,139,,474,50,0,Ulàd Ali,,,,21 Ulàd Ali . . . . . . Ulàd Ali . :tl .945
128,61,1,"Ulàd Auàn, Ulàd Aà- mer, Ulàd Giàber, Aaibia. Ahèl el-Àin . ' st",locality,st,272,1205,,,1,,,,,"Ulàd Auàn, Ulàd Aà- mer, Ulàd Giàber, Aaibia. Ahèl el-Àin . ' st."
128,61,1,el-Aghiba. ·62 142! · 12~~,locality,st,,291,608,,0,el- Aghiba,iefren,Jabal al Gharbi,LY0216,"el-Aghiba. st. ·62 142! .. · 12~~ .•. ,"
128,61,1,27/ el-Aghiba. CAB. MARABUTICHE Ulàd bu Husèien. Ulàd bu Husèien. 3e,locality,st,,528,248,,1,Ulàd Bu Husèien,iefren,Jabal al Gharbi,LY0216,27/ el-Aghiba. CAB. MARABUTICHE: Ulàd bu Husèien. Ulàd bu Husèien. st. 3e
128,61,1,el-Iffàdel . eH flàdel . st,locality,st,,99,58,7,1,el- Iffàdel,iefren,Jabal al Gharbi,LY0216,el-Iffàdel . eH:flàdel . st.
128,61,1,(I) ALTRI CENSITI. Ilt,quarter,,,9,,,1,,,,,'(I) ALTRI CENSITI. Ilt.
128,61,1,TERRITORIO DI EZ-ZINTÀN,subtotal,,1222,4969,2486,,1,,,,,TERRITORIO DI EZ-ZINTÀN • • • • . . • • .
128,61,1,45~ Oens. 1931 (*),census_1931,,983,3890,1830,,1,,,,,",45~ Oens. 1931 (*)"
128,61,1,GRUPPO EZ-ZINTÀN RAMo ULÀD BELHÒL Ulàd Belhòl • Ùlàd Belhòl (h) • st,subtotal,st,386,,797,,0,,,,,GRUPPO EZ-ZINTÀN: RAMo ULÀD BELHÒL : Ulàd Belhòl • Ùlàd Belhòl (h) • st.
128,61,1,I el-Guàsem el-Guàsem st,locality,st,177,,317,,0,el- Guàsem,iefren,Jabal al Gharbi,LY0216,I el-Guàsem el-Guàsem st.
128,61,1,RAMO ULÀD DuiB 11 Ulàd Duib Ulàd Duib l,subtotal,st,186,738,358,,1,,,,,RAMO ULÀD DuiB: 11 Ulàd Duib Ulàd Duib st'l
128,61,1,Ulàd ìsa . Ulàd ìsa . st,locality,st,137,607,333,,1,Ulàd ìsa,iefren,Jabal al Gharbi,LY0216,Ulàd ìsa . Ulàd ìsa . st.
128,61,1,el-Amiàn . el-Amiàn . st,locality,st,174,730,368,,1,,,,,el-Amiàn . el-Amiàn . st.
128,61,1,Ulàd Chlifa. '. Ulàd Chlifa . st,locality,st,161,582,313,,1,,,,,Ulàd Chlifa. '. Ulàd Chlifa . st.
128,61,1,(I) ALTRI CENSITI. st,quarter,st,1,7,,,1,,,,,(I) ALTRI CENSITI. st.
128,61,1,Residenza di 'Mlzda 9.7171,subtotal,,1956,,4586,69,0,,,,,Residenza di 'Mlzda 9.7171
128,61,1,Distretto di Mizda (i),subtotal,,1675,7762,3699,,1,,,,,Distretto di Mizda (i)
128,61,1,,locality,,,,,19,0,,,,,
128,61,1,,locality,,393,1650,793,,1,,,,,
128,61,1,TERRrrORIO DI MìZDA • Il Oens. 1931 (*),census_1931,,410,2261,890,,1,,,,,TERRrrORIO DI MìZDA • Il Oens. 1931 (*)
128,61,1,GRUPPO GONTRÀR Gontràr bassa. st,locality,st,107,482,251,1,1,,,,,GRUPPO GONTRÀR: Gontràr bassa. st.
128,61,1,Gontràr alta st,locality,st,81,334,166,,1,,,,,Gontràr alta st.
128,61,1,--,locality,n,4,21,11,,1,,,,,n. --
128,61,1,GRUPPO EZ-ZINTÀN (I) et-Thiàr -,locality,st,33,1421,70,,1,ez- Zintàn,iefren,Jabal al Gharbi,LY0216,GRUPPO EZ-ZINTÀN: (I) et-Thiàr st. -
128,61,1,an. -,locality,,18,,38,,0,,,,,an. -
128,61,1,(I) ÀLTRI CENSITI. st,quarter,st,150,596,257,1,1,,,,,(I) ÀLTRI CENSITI. st.
128,61,1,,locality,,,75,,,1,,,,,
128,61,1,TERRITORIO DI EN-NÈSMA • ff17,subtotal,,,3017,1433,17,1,,,,,TERRITORIO DI EN-NÈSMA • ff17
128,61,1,,locality,,,1,,,1,,,,,
128,61,1,GRUPPO I ULÀD BU .SEF I -,locality,,3,7,,,1,,,,,GRUPPO I ULÀD BU .SEF : :I -
128,61,1,"Zettàr, Bunùcta • Ulàd Sidi Ahmèd. s!",locality,,112,510,252,4,1,Bunùcta,mizda,Jabal al Gharbi,LY0216,"Zettàr, Bunùcta • Ulàd Sidi Ahmèd. s!:"
128,61,1,53 Uàdi ZemZem Ulàd Sidi Belgàsse m i,locality,n,74,353,157,,1,Uàdi Zem Zem,mizda,Jabal al Gharbi,LY0216,53 Uàdi ZemZem Ulàd Sidi Belgàsse:m n. i .:..
128,61,1,Ulàd Sidi Mehèm- med. . n,locality,n,82,278,139,,1,,,,,Ulàd Sidi Mehèm- med. . n.
128,61,1,Ruès et-Tàbel • Accàra ( l ) . 3 -,locality,n,25,106,41,,1,Rùes et-Tàbel,mizda,Jabal al Gharbi,LY0216,Ruès et-Tàbel • Accàra ( l ) . n. 3 -
128,61,1,el-Hadàdda (l) n,locality,n,15,70,27,,1,,,,,el-Hadàdda (l) n.
128,61,1,et-Tuabin (l) n,locality,n,37,197,95,,1,,,,,et-Tuabin (l) n.
128,61,1,el-Masalchia. n,locality,n,30,126,64,,1,,,,,el-Masalchia. n.
128,61,1,el-Mòtra (l) • n,locality,n,23,88,37,,1,,,,,el-Mòtra (l) • n.
128,61,1,(I) el-Gabàbna (l) .~,locality,n,18,76,38,,1,,,,,(I) el-Gabàbna (l) n. .~
128,61,1,et-Titn'. . . . n,locality,n,27,132,75,,1,,,,,et-Titn'. . . . n.
128,61,1,el-Arabàia (l) • n,locality,n,5,24,11,,1,,,,,el-Arabàia (l) • n.
128,61,1,Abiàd er-Rcheb . . n,locality,n,22,89,41,,1,,,,,Abiàd er-Rcheb . . n.
128,61,1,20 Dhar Bu Madi Ulàd Bu en-Niràn. J,locality,n,24,100,54,,1,Dhar Bu Madi,mizda,Jabal al Gharbi,LY0216,20 Dhar Bu Madi Ulàd Bu en-Niràn. n. J
128,61,1,Bir Drèder . Ulàd Sidi Nbèia. n,locality,n,14,58,28,,1,Bir Drèder,mizda,Jabal al Gharbi,LY0216,Bir Drèder . Ulàd Sidi Nbèia. n.
128,61,1,Uàdi Nàmes Ulàd Sidi Abdulafld I,locality,n,14,50,25,,1,,,,,Uàdi Nàmes Ulàd Sidi Abdulafld n. I
128,61,1,Uàdi Frùten Ulàd Sldi Abdurra- n~. I,locality,,,88,42,,1,Uàdi Frùten,mizda,Jabal al Gharbi,LY0216,Uàdi Frùten Ulàd Sldi Abdurra- n~.: I
128,61,1,4 Bir el-Clab el-Auàta (l) • màn . 1~~1,locality,,,654,299,,1,Bir el- Clab,mizda,Jabal al Gharbi,LY0216,4 Bir el-Clab el-Auàta (l) • màn . 1~~1
128,61,1,lO Uàdi Màrsit. Sahadlia (l) • ~,locality,,,11,5,,1,,,,,lO Uàdi Màrsit. Sahadlia (l) • ~
129,62,0,I--------~l~-------I ---------2-------- o,locality,,,,,,0,,,,,I--------~l~-------I ---------2-------- o
129,62,0,,locality,,605,3095,,,1,,,,,
129,62,0,TERRITORIO DI SUÀNI FESSÀNO I GRUPPO ÉL-MASCIÀSCIA (b) I,subtotal,n,146,,336,,0,,,,,TERRITORIO DI SUÀNI FESSÀNO I GRUPPO ÉL-MASCIÀSCIA: (b) n. I
129,62,0,"es-Suegàt. . . . . . es-Suegàt . I Sceghèga, Tescia . . Ulàd Ataiàlla . n",locality,n,260,1425,679,,1,,,,,"es-Suegàt. . . . . . es-Suegàt . I Sceghèga, Tescia . . Ulàd Ataiàlla . n."
129,62,0,,locality,,,689,,,1,,,,,
129,62,0,"el-Auenia, Uàdi Mar- mùta . . . . . . . el-Hesàt n",locality,n,103,478,236,,1,,,,,"el-Auenia, Uàdi Mar- mùta . . . . . . . el-Hesàt n."
129,62,0,I,locality,,,1,,,1,,,,,I
129,62,0,"Bir el-Hmèira, Bir el- Gedida . . . . . . el-Benadghia n",locality,n,96,5031,222,,1,,,,,"Bir el-Hmèira, Bir el- Gedida . . . . . . el-Benadghia n."
129,62,0,I Dist~etto di el-Ghèria eBc-Scerghla,locality,,281,1955,887,,1,,,,,I Dist~etto di el-Ghèria eBc-Scerghla
129,62,0,TERRITORIO DI EL-GHÈRIA ESC-SCERGHìA,subtotal,,281,1955,887,,1,,,,,TERRITORIO DI EL-GHÈRIA ESC-SCERGHìA
129,62,0,GRUPPO EZ ZINTÀN RAMO ULÀD BELHÒL Ulàd . Belhòl. st,subtotal,st,23,1,72,1,0,,,,,GRUPPO EZ ZINTÀN: RAMO ULÀD BELHÒL: Ulàd . Belhòl. st.
129,62,0,el-Gèrua . sn 2f>O,locality,,55,534,,16,1,,,,,el-Gèrua . sn 2f>O
129,62,0,r st,locality,,12,1,26,,0,,,,,r st
129,62,0,el·Guàsem g H l,locality,,,99,,,1,,,,,el·Guàsem g H l
129,62,0,1 sn I el-Ganàni,locality,,33,230,106,8,1,,,,,'1 sn I el-Ganàni .
129,62,0,ll t l,locality,,1,2,1,,1,,,,,'ll :t l
129,62,0,esc-Sceiàb. . sn ],locality,,15,107,46,,1,,,,,esc-Sceiàb. . sn ]
129,62,0,(I) n· lO,locality,,2,,3,,0,,,,,(I) n· lO
129,62,0,,locality,,,,,,0,,,,,
129,62,0,RAMO ULAD DufB Ulàd Duib 1,subtotal,sn,44,245,109,,1,,,,,RAMO ULAD DufB: Ulàd Duib sn. 1
129,62,0,el-Amiàn ~II,locality,sn,,54,25,,1,,,,,el-Amiàn sn. ~II
129,62,0,Ulàd ìsa 9 si,locality,sn,,39,24,,1,,,,,Ulàd ìsa Sn. 9 si
129,62,0,GRUPPO I ULÀD BU SEF _II,locality,,,50,24,,1,,,,,GRUPPO I ULÀD BU SEF: _II
129,62,0,el-Auàta (c). CAB MARABUTICHE '1 Oasi di el-Ghèria el Garbia . Urènza el-Garbia,locality,sn,,,,41,0,,,,,el-Auàta (c). sn. CAB; MARABUTICHE: '1 Oasi di el-Ghèria el Garbia . Urènza el-Garbia
129,62,0,i,locality,,1,,,,0,,,,,i
129,62,0,Oasi di el-Ghèria esc Urènza esc_SCerghi~i Ss tt I 8 1 7 Scerghia 0 2s,locality,,,4,,,1,,,,,Oasi di el-Ghèria esc Urènza esc_SCerghi~i :Ss :tt .. : I :8:1 ::7 Scerghia : 0 : 2s
129,62,0,"(I) ALTRI CENSITI. I 52 5J203.92~ 100.210 PROVINCIA DI MISURATA cmCONDARIO DI HOMS "" . , 1 143.218 Residenza di Homs 8 699134 871 17.143",quarter,,,,,6671,0,,,,,"(I) ALTRI CENSITI. I 52 5J203.92~ 100.210 PROVINCIA DI MISURATA cmCONDARIO DI HOMS "" . , .. 1 ...... 143.218 Residenza di Homs 8 699134 871 17.143"
129,62,0,HOMa,locality,,814,3698,1679,,1,,,,,HOMa
129,62,0,"Censo 1931 (*) 4722,0941.068 I QUARTIERI Beladia. st",census_1931,st,160,631,320,11,1,,,,,"Censo 1931 (*) 4722,0941.068 I QUARTIERI: Beladia. st."
129,62,0,Sidi Ben Gehè I,locality,st,183,718,362,,1,,,,,Sidi Ben Gehè st. I
129,62,0,_ 1.61,locality,st,,741,370,,1,,,,,_ st. 1.61
129,62,0,"I ISRAELITI. , ALTRI CENSITI. st",quarter,st,310,1608,627,,1,,,,,"I ISRAELITI. , ALTRI CENSITI. st."
129,62,0,TERRITORIO DI ScrOGRÀN (Homs),subtotal,,2005,7531,3783,,1,,,,,TERRITORIO DI ScrOGRÀN (Homs).. . .
129,62,0,Censo 1931 (*) 1~111,census_1931,,1367,6741,3112,,1,,,,,Censo 1931 (*) 1~111
129,62,0,Uàdi Giabrùn . es-Siliin. . . . . . st,locality,st,775,2947,1455,,1,,,,,Uàdi Giabrùn . es-Siliin. . . . . . st.
129,62,0,"Sciuàiegh . el-Homs (e!·Choms) -~~,I",locality,st,416,1512,757,,1,,,,,"Sciuàiegh . el-Homs (e!·Choms) st. -~~,I'"
129,62,0,Ummel-Gidàri es-Snanàt . st,locality,,47,160,84,,1,Umm el-Gidàri,homs,Murqub,LY0210,Ummel-Gidàri es-Snanàt . st:
129,62,0,CAB. MARABUTICHE Umm el-Gidàri el-Gehauàt st·1,census_1931,,449,,822,,0,,,,,CAB. MARABUTICHE: Umm el-Gidàri el-Gehauàt st·1
129,62,0,"Uàdi Isciùna, 'u~di Lebda ez-Zuàid el-Argùb st",locality,st,316,,665,,0,,,,,"Uàdi Isciùna, 'u~di Lebda ez-Zuàid el-Argùb st."
129,62,0,III,locality,,21,,,,0,,,,,III
129,62,1,l ___ --'-_____ cc2 ____ -i- 3-t---. 4=_. 6 ____ 7 __,locality,,5,,,,0,,,,,l ___ --'-_____ cc2 ____ -i-..::..3-t---.:4=_. 6 ____ 7 __
129,62,1,1 1 ---11·- TERRITORIO DI GASR EL·CHtAR. 1. 9051 8 4261,subtotal,,,4138,141,,1,,,,,1 1:---11·- TERRITORIO DI GASR EL·CHtAR. 1. 9051 8 .. 4261
129,62,1,(Gasr Gelàra Gmàta) Censo 1931 (*),census_1931,,,3172,,,1,,,,,(Gasr Gelàra: Gmàta) Censo 1931 (*)
129,62,1,· I RAMO GMÀTA = UMi ben Gebàra . i ~,subtotal,,,913,12,,1,,,,,· I RAMO GMÀTA: = UMi ben Gebàra . i :~:
129,62,1,el-Amàrna (a) • 3~~ 1.8~~,locality,,,25,,,1,,,,,el-Amàrna (a) • 3~~ 1.8~~
129,62,1,,locality,,,1357,,,1,,,,,
129,62,1,Bir Unt . . . . er-Rehabàt (6) 2. 6641,locality,st,,,39,,0,Bir Unt,homs,Murqub,LY0210,Bir Unt . . . . er-Rehabàt (6) st. 2. 6641
129,62,1,GRUPPO EL-HAUÀTEM RAMO EL-MARÀGlINA I (I) Maràghna et-Tina st,subtotal,st,,183,4,,1,,,,,GRUPPO EL-HAUÀTEM: RAMO EL-MARÀGlINA: I (I) Maràghna et-Tina st.
129,62,1,CAB. MARABUTICHE Uàdi er·Rodàt el-Amariin st,census_1931,st,,213,6,,1,,,,,CAB. MARABUTICHE: Uàdi er·Rodàt el-Amariin st.
129,62,1,Uàdi Gherrim . . . Ulàd Mràbet et,locality,,,236,29,,1,,,,,Uàdi Gherrim . . . Ulàd Mràbet et.
129,62,1,"50 UMi Sidi abd el-AMi, Fòndugh, en·Nag gàza UlM Sidi Abd el- AMi st",locality,st,,207,17,,1,Fòndugh,homs,Murqub,LY0210,"50 UMi Sidi abd el-AMi, Fòndugh, en·Nag gàza UlM Sidi Abd el- AMi st."
129,62,1,Fegèg er~ R uascedia st,locality,st,,91,3,,1,,,,,Fegèg er~ R uascedia st .
129,62,1,"CAB. VARIE 2 UMi Tùrgut, UMi Mèitel Arbia el-Adù1 (d) st",census_1931,st,,542,24,,1,,,,,"CAB. VARIE: 2 UMi Tùrgut, UMi Mèitel Arbia el-Adù1 (d) st."
129,62,1,el·Mràda 278.1,locality,st,1,371,7,,1,,,,,el·Mràda st. 278.1 .
129,62,1,et-Tèlla. (I) ALTRI CENSITI. -,quarter,st,,,,,0,,,,,et-Tèlla. (I) ALTRI CENSITI. st. -
129,62,1,TERRITORIO DI SUGH EL-CHMIS i.9751' 15.216,subtotal,,,7543,347,,1,,,,,TERRITORIO DI SUGH EL-CHMIS i.9751' 15.216
129,62,1,(es-Sàhel'el Ahàmea) Censo 1931 (*),census_1931,,,6940,,,1,,,,,(es-Sàhel'el Ahàmea) Censo 1931 (*)
129,62,1,"GRUPPO EL-HAUÀ'l'EM I RAMO EL-MARÀGHNA Il UMi Gugàs, Umm er- \ Maràghna el-Aghib . ]",subtotal,st,,251,,,1,,,,,"GRUPPO EL-HAUÀ'l'EM : I RAMO EL-MARÀGHNA: Il UMi Gugàs, Umm er- \ Maràghna el-Aghib . st. ]"
129,62,1,"Maràghna el - Ha ~ ""'''"". ""O· / besàt. . . . . . st",locality,st,,356,8,,1,,,,,"Maràghna el - Ha ~;:;; ""'''"". ""O· / besàt. . . . . . st."
129,62,1,Maràghna es - Suà- 1em . . . . . . st,locality,st,,219,7,,1,,,,,Maràghna es - Suà- 1em . . . . . . st.
129,62,1,Maràghna et - Tuà leb. st,locality,st,,204,4,,1,,,,,Maràghna et - Tuà leb. st.
129,62,1,,locality,,,,,,0,,,,,
129,62,1,CAB. MARABUTICHE ez·Zuàid Ben Dar. H71,census_1931,st,,838,35,,1,,,,,CAB. MARABUTICHE: ez·Zuàid Ben Dar. st. H71
129,62,1,_81 Sidi es-Saiàh st,locality,st,,244,4,,1,Sìdi es- Saiàh,,,,_81 Sidi es-Saiàh st.
129,62,1,"Uàdi es-Saiàh . . . . el·Hadàdra Sugh el-Chmis, Sciàa bet Umbàrech, Sidi Ahmèded-Dràgh. ed-Drùga. 10fi",locality,st,,188,7,,1,,,,,"Uàdi es-Saiàh . . . . el·Hadàdra Sugh el-Chmis, Sciàa bet Umbàrech, Sidi Ahmèded-Dràgh. ed-Drùga. st. 10fi"
129,62,1,el-Gàa . . . . . . esc·Sciacàtra st,locality,st,,204,10,,1,,,,,el-Gàa . . . . . . esc·Sciacàtra st.
129,62,1,U.10~ Sidi Bu Àzza . U1àd Bu Àzza st,locality,st,,184,7,,1,Sìdi Bu Àzza,homs,Murqub,LY0210,U.10~ Sidi Bu Àzza . U1àd Bu Àzza st.
129,62,1,CAB. DI COLOGHLI 3.035 Sugh el-Chmis. el-Cologhlia . 70],census_1931,st,,,33,,0,,,,,CAB. DI COLOGHLI : 3.035 Sugh el-Chmis. el-Cologhlia . st. 70]
129,62,1,,locality,,,,,,0,,,,,
129,62,1,CAB. VARIE el-Oràn . st,census_1931,st,,254,13,,1,,,,,CAB. VARIE: el-Oràn . st.
129,62,1,iN UlM Gemia. st,locality,st,,260,9,,1,,,,,iN UlM Gemia. st.
129,62,1,Sugh el·Chmis. . . . el·Ahàmed l.ml,locality,st,,631,52,,1,Sugh el-Chmis,homs,Murqub,LY0210,Sugh el·Chmis. . . . el·Ahàmed st. l.ml
129,62,1,171 Uàdi Sugh e1-Chmis . e1-Hasnùn st,locality,st,,668,38,,1,,,,,171 Uàdi Sugh e1-Chmis . e1-Hasnùn st.
129,62,1,el·Ha=àm. . . . . esc·Sciòrfa (1). . st,locality,st,,295,5,,1,,,,,", el·Ha=àm. . . . . esc·Sciòrfa (1). . st."
129,62,1,Sidi Amòr Ben-Otmàn UlM Sidi Otmàn. st,locality,st,,376,11,,1,Sìdi AmòrBen-Otmàn,homs,Murqub,LY0210,Sidi Amòr Ben-Otmàn UlM Sidi Otmàn. st.
129,62,1,I Sidi Amòr esc-Sciaàref Ulàd esc·Sciaàref. (J,locality,st,,190,,,1,Sìdi Amòr esc-Sciaàref,homs,Murqub,LY0210,I Sidi Amòr esc-Sciaàref Ulàd esc·Sciaàref. st. (J
129,62,1,II Sidi Mugibèr ' . . . Ulàd Hammàm . st,locality,st,,261,18,,1,Sìdi Mugibèr,homs,Murqub,LY0210,II Sidi Mugibèr ' . . . Ulàd Hammàm . st.
129,62,1,Sidi Ali el-Fergiàni. Ulàd el-Fergiàni . st,locality,st,,86,6,,1,Sìdi Alì el~Fergiàni,homs,Murqub,LY0210,Sidi Ali el-Fergiàni. Ulàd el-Fergiàni . st.
129,62,1,6 Giàma el-Atrusia. . Ulàd Nemè. 1.'/37,locality,st,,899,60,,1,Giàma el-Atrusìa,,,,6 Giàma el-Atrusia. . Ulàd Nemè. st. 1.'/37
129,62,1,UMi Gaugàu . . . e1-Gebalia . 1~8,locality,st,,234,9,,1,,,,,UMi Gaugàu . . . e1-Gebalia . st. 1~8
129,62,1,,locality,,,,,,0,,,,,
129,62,1,(I) ALTRI CENSITI. st,quarter,st,,,,,0,,,,,(I) ALTRI CENSITI. st.
129,62,1,Residenza di el-Gusbàt 3.421 14.842,subtotal,,,7350,991,,1,,,,,Residenza di el-Gusbàt 3.421 14.842
129,62,1,,locality,,,5414,609,,1,,,,,
129,62,1,TERRITORIO DI MSELLÀTA 2.129110.824 Cens. 1931 (*),census_1931,,,4764,,,1,,,,,TERRITORIO DI MSELLÀTA 2.129110.824 Cens. 1931 (*)
129,62,1,Sciàra ez-Zùrga. st,locality,st,,72,5,,1,,,,,Sciàra ez-Zùrga. st.
129,62,1,UlM Hàmed (1). 2?7,locality,st,,,26,,0,,,,,UlM Hàmed (1). st. 2?7
129,62,1,es-Suadnia DIlI·,locality,st,,137,12,,1,,,,,es-Suadnia st. DIlI·
129,62,1,11 el-Gusbàt . el-Giaàrin (1) st,locality,st,,307,37,,1,el- Gusbàt,el gusbat,Murqub,LY0210,"::11 el-Gusbàt . el-Giaàrin (1) st.,"
129,62,1,Buaisc st,locality,st,,116,1,,1,,,,,Buaisc st.
130,63,0,I Segue TERRITORIO DI MSELLÀTA OAB. DI OOLOGHLI el-Gusbàt. . ~ el-Oologhlla . st,subtotal,st,101,470,234,,1,,,,,I Segue: TERRITORIO DI MSELLÀTA OAB. DI OOLOGHLI : el-Gusbàt. . ~ el-Oologhlla . st.
130,63,0,ISRAELITI. st,quarter,st,92,404,228,2,1,,,,,ISRAELITI. st.
130,63,0,OhaJfùn . . . . . . . OhaJfùn. st,locality,st,36,158,75,3,1,,,,,OhaJfùn . . . . . . . OhaJfùn. st.
130,63,0,"Villaggio di Imùmen. ""fmùmen st",locality,st,48,227,115,9,1,Imùmen,el gusbat,Murqub,LY0210,"Villaggio di Imùmen. ""fmùmen st. '."
130,63,0,es-Sèlma . . . es-Sèlma st,locality,st,26,130,64,3,1,,,,,es-Sèlma . . . es-Sèlma st.
130,63,0,Uàdi Gherrìm. . . . Gherrlm . st,locality,st,39,150,80,24,1,,,,,Uàdi Gherrìm. . . . Gherrlm . st.
130,63,0,"Villaggio diMsindàra. Msindàra. "" st",locality,st,85,401,198,58,1,Msindàra,el gusbat,Murqub,LY0210,"Villaggio diMsindàra. Msindàra. "" st."
130,63,0,"Bèni Mlslem, Mràd Gmàta . ' Bèni Mlslem • st",locality,st,236,1100,552,68,1,,,,,"Bèni Mlslem, Mràd Gmàta . ' Bèni Mlslem • st."
130,63,0,"Gargill"", esc-Sciurrùf esc-Scebàaua 1 st",locality,st,123,512,242,19,1,,,,,"Gargill"", esc-Sciurrùf esc-Scebàaua :1 st."
130,63,0,esc-Sciurrùf . . el-Luàta el-Luàta st,locality,st,51,229,112,8,1,,,,,esc-Sciurrùf . . el-Luàta el-Luàta st .
130,63,0,"Uàdi el'Migdàl , el-Ohràrta. st",locality,st,140,608,283,14,1,,,,,"Uàdi el'Migdàl , el-Ohràrta. st."
130,63,0,Uàdi el-Ohazàu esc-Sciaaf!in. . st,locality,st,211,979,496,75,1,,,,,Uàdi el-Ohazàu esc-Sciaaf!in. . st.
130,63,0,Uàdi el-Ghilll . el-Ghilll st,locality,st,168,688,337,,1,,,,,Uàdi el-Ghilll . el-Ghilll st.
130,63,0,Bèni Let . Bèni Let . st,locality,st,113,574,298,,1,Bèni Let,el gusbat,Murqub,LY0210,Bèni Let . Bèni Let . st.
130,63,0,Uàdi ez-Zuarìa Zàviet Sìili Atìa. st,locality,st,35,169,85,4,1,Uàdi ez- Zuarìa,el gusbat,Murqub,LY0210,Uàdi ez-Zuarìa Zàviet Sìili Atìa. st.
130,63,0,Zàviet es-Smah Zàviet es-Smah. ·st,locality,st,74,354,183,22,1,Zàviet es-Smah,el gusbat,Murqub,LY0210,'Zàviet es-Smah Zàviet es-Smah. ·st.
130,63,0,Uàdua Uàdua (b) st,locality,st,155,694,354,43,1,,,,,Uàdua Uàdua (b) st.
130,63,0,ez-Zaafràu . ez-Zaafràu st,locality,st,57,255,124,18,1,,,,,ez-Zaafràu . ez-Zaafràu st.
130,63,0,OAB. MARABUTICHE Sciaàb el-Oharrùb el-Fuatìr . . st,census_1931,st,166,627,308,45,1,,,,,OAB. MARABUTICHE: Sciaàb el-Oharrùb el-Fuatìr . . st.
130,63,0,el-Oorratìa Ulàd el-Aàlem. st,locality,st,34,158,83,,1,,,,,el-Oorratìa Ulàd el-Aàlem. st.
130,63,0,Siili el-Mahagiùb Zàviet el-Aillariìu st,locality,st,27,98,50,4,1,,,,,Siili el-Mahagiùb Zàviet el-Aillariìu st.
130,63,0,Vill. o di Graràt Bèni Graràt Bèni lèclef. lèclef. . 1.16,locality,st,25,,54,,0,,,,,Vill. o di Graràt Bèni Graràt Bèni lèclef. st. lèclef. . 1.16
130,63,0,(1) ALTRI CENSITJ. st,locality,st,1,4,,,1,,,,,(1) ALTRI CENSITJ. st.
130,63,0,SEUÈD MRÀD eI-Raderàt sn,locality,sn,43,140,64,,1,Seuèd Mràd,el gusbat,Murqub,LY0210,SEUÈD MRÀD eI-Raderàt sn.
130,63,0,Oens. 1931 (*),census_1931,,26,189,41,,1,,,,,Oens. 1931 (*)
130,63,0,UÀDl AUÈNI. Burcàt Auèni . 8Jl,locality,,201,886,419,17,1,,,,,UÀDl AUÈNI. Burcàt Auèni . 8Jl.
130,63,0,Oens. 1931 (*),census_1931,,124,516,253,,1,,,,,Oens. 1931 (*)
130,63,0,EL-GATTÀR,locality,,564,2292,1115,,1,el- Gattàr,,,,EL-GATTÀR .
130,63,0,Oens_ 1931 (0) '1.123,census_1931,,353,,670,,0,,,,,Oens_ 1931 (0) '1.123
130,63,0,el - Aillàmra el Giabàrna (c) sn,locality,sn,105,437,201,49,1,,,,,el - Aillàmra: el Giabàrna (c) sn. . •
130,63,0,el - Amàmra el- Taiàsc (c). 1M,locality,sn,,464,215,19,1,,,,,el - Amàmra: el- Taiàsc (c). sn. 1M
130,63,0,(1) eI- Aillàmra Ulàd Rahùma (c). . . su,locality,,100,415,205,52,1,,,,,(1) eI- Aillàmra: Ulàd Rahùma (c). . . su. .
130,63,0,el - Aillàmra Ulàd MehèIilmed (c) • . sn,locality,sn,,231,122,33,1,,,,,el - Aillàmra: Ulàd MehèIilmed (c) • . sn.
130,63,0,el-Amàmra Gemùa. 8Jl. ·372,locality,,,745,,94,1,,,,,el-Amàmra: Gemùa. 8Jl. ·372
130,63,0,1 UÀDr TAREGLÀT,locality,,,700,338,82,1,,,,,:1 UÀDr TAREGLÀT
130,63,0,Oens. 1931 (0),census_1931,,172,706,334,,1,,,,,"Oens. 1931 (0) ,"
130,63,0,Ulàd Sciùcr esc - (1),locality,,1,,,,0,,,,,Ulàd Sciùcr esc - (1)
130,63,0,Sciuàsc. . sn,locality,sn,62,278,136,21,1,,,,,Sciuàsc. . sn.
130,63,0,Ulàd Sciùcr. su,locality,,122,422,202,61,1,,,,,Ulàd Sciùcr. su.
130,63,0,"Resld6l1za di Tarhùna. 10.029 39.271 18.~ 11!7 ' r ~t"" TERRITORIO DEGLI ED-DRAHìB • 5 235 2.430",locality,,1271,,,18,0,rio degli),tarhuna,Murqub,LY0210,"Resld6l1za di Tarhùna. 10.029 39.271 18.~ 11!7 ' r ~t"" TERRITORIO DEGLI ED-DRAHìB • 5 .. 235 2.430."
130,63,0,"Oens. 1931 (0) 4 871 2.252 """,census_1931,,1144,,,,0,,,,,"Oens. 1931 (0) 4 .. 871 2.252 :"","
130,63,0,"GRUPPO ED-DRARtB RAMO ED-DRAB ÌB ·r Tèllet Atìa,. ol-Argùb Zìbi, Mertàh, Scià bet, es-Simàr, el Giarbùa, el-Lod, el Sighi, el-.Argùb, Su hasciz . ed-Drahib. st",subtotal,st,185,781,384,,1,,,,,".GRUPPO ED-DRARtB : RAMO ED-DRAB:ÌB: ·r Tèllet Atìa,. ol-Argùb Zìbi, Mertàh, Scià bet, es-Simàr, el Giarbùa, el-Lod, el Sighi, el-.Argùb, Su hasciz . ed-Drahib. st."
130,63,0,"Bèni Nuèzi, Sof Gin, Madah . . . . . . Ulàd Iùsef ì91 l",locality,st,96,406,,,1,Bèni Nuèzi,tarhuna,Murqub,LY0210,"Bèni Nuèzi, Sof Gin, Madah . . . . . . Ulàd Iùsef st. ì91 l"
130,63,0,"Bu Lagràl, el-Esc, Ben ,,"",."",'"" Ohe ren, Latèièsc. . ez-Z~àdua st",locality,st,87,368,177,1,1,Bu Lagràl,tarhuna,Murqub,LY0210,"Bu Lagràl, el-Esc, Ben ,,"",."",'"" Ohe:ren, Latèièsc. . ez-Z~àdua st."
130,63,0,"l'auòrga, Giòf el-Ha mar, es-Saghiet Oha dràu, Bellichem el-Magàgra st",locality,st,114,517,223,,1,,,,,"'l'auòrga, Giòf el-Ha mar, es-Saghiet Oha dràu, Bellichem ... el-Magàgra st."
130,63,0,"Eu ed-Dàbaa, Muslàu, el-Lod, et-Tèlla, ot Tàlha, Betelèha, Ha- Il màier, Mesciùha, Buslàcà Zuì Sciuhubiìu (d). st",locality,st,273,1125,517,5,1,Buslacà,tarhuna,Murqub,LY0210,"Eu ed-Dàbaa, Muslàu, el-Lod, et-Tèlla, ot Tàlha, Betelèha, Ha- Il màier, Mesciùha, Buslàcà·. Zuì Sciuhubiìu (d). st."
130,63,1,"1----_-_ - _1-=--=--=--=--_-_-_-_-ll .- -=-.-=--=--=--=--=--=- -2_-_-_-=-_=_-=-=_-=-- ---'-7-_s_- -c---__ , __ + ___ 5 __ -- -___ 6 __ -'--__ 7 ___ -'- --____ _ 1 _____ --'- _____ --=2'--__ ._--' ---=s'--7_. .' __",locality,,,,,,0,,,,,"1----_-_ -::_1-=--=--=--=--_-_-_-_-ll::.-::-=-.-=--=--=--=--=--=-::-2_-_-_-=-_=_-=-=_-=--:---'-7-_s_-;-c---__ , __ + ___ 5 __ --;-___ 6 __ -'--__ 7 ___ -'-::--____ _ 1 _____ --'- _____ --=2'--__ ._--';---=s'--7_.::.' __."
130,63,1,"Segue TERRITORIO DEGLI ED-DRAB ÌB RAMo. EL-RAlIIADÀT 24 Garàet en-Nèfi!ati, Tui- lèt All, Timàs, Ar- gùb Rsesbi . Hamadàt Sràt st",subtotal,st,328,1252,555,,1,,,,,"Segue: TERRITORIO DEGLI ED-DRAB:ÌB RAMo. EL-RAlIIADÀT : 24 Garàet en-Nèfi!ati, Tui- lèt All, Timàs, Ar- gùb Rsesbi . Hamadàt Sràt st."
130,63,1,"et-Tèlla, el-Lod, el- Greàa, Argùb el-Fa- raÙIl, ed-Dèmua . Hamadàt el-Abèter. st",locality,st,188,786,383,,1,,,,,"et-Tèlla, el-Lod, el- Greàa, Argùb el-Fa- raÙIl, ed-Dèmua . Hamadàt el-Abèter. st."
130,63,1,TERRITORIO DEGLI EL-HAUÀTEM,subtotal,,1685,6529,3137,,1,,,,,TERRITORIO DEGLI EL-HAUÀTEM • . . . . .
130,63,1,Oens. 1931 (0),census_1931,,1595,6323,2959,,1,,,,,Oens. 1931 (0)
130,63,1,"GRUPPO EL-HAUÀTEM . RAMo EL-RAUÀTEM ~~ et-Tèlla, Uàdi Turgùt el-Hauàtem Bu Sà- lima 1{",subtotal,st,62,247,120,,1,,,,,"GRUPPO EL-HAUÀTEM: . RAMo EL-RAUÀTEM: ~~ et-Tèlla, Uàdi Turgùt el-Hauàtem Bu Sà- lima st. 1{"
130,63,1,"et-Tèlla, er-Ràmla, Le mè, Renscìr Bu Ga mma, el-Abbà,r, Be lèma Henscìr el Mahàregh, Saghìet Lafzah . el-Rauàtem Ras el- Àin . . . . . . 47·1",locality,st,266,1005,,57,1,Saghìet Lafzah,,,,"et-Tèlla, er-Ràmla, Le mè, Renscìr Bu Ga mma, el-Abbà,r, Be lèma Henscìr el Mahàregh, Saghìet Lafzah . el-Rauàtem Ras el- Àin . . . . . . st. 47·1;"
130,63,1,"8 Bu Scialàma, Saghìet el-Maatiigh, Saghìet",locality,,,1,,,1,,,,,"8 Bu Scialàma, Saghìet el-Maatiigh, Saghìet"
130,63,1,"et-Trabèlsi, Sèned Gìràd Zuì el,Amariìu (d). 44<1",locality,st,125,,212,9,0,Sèned Giràd,tarhuna,Murqub,LY0210,"et-Trabèlsi, Sèned Gìràd Zuì el,Amariìu (d). st. 44<1,"
130,63,1,"RAMO EL-MARÀGHNA 36 Ràleg en-Nàga, Sa ghiet Daffàu, el-Ub beràt, Mèles Sugh, UllUlàiet Bu Gam ma, Ben Ramàma Maràgbnet Ras el Àìu (e). st",subtotal,st,365,1446,,9,1,,,,,"RAMO EL-MARÀGHNA: 36 Ràleg en-Nàga, Sa ghiet Daffàu, el-Ub beràt, Mèles Sugh, UllUlàiet Bu Gam ma, Ben Ramàma Maràgbnet Ras el Àìu (e). st."
130,63,1,"247 Gràret ez-Zan, Bir el Ghedim el-Rofra, el Bèda, Saghìet esc Scèlem, Tuilet - el Hàmra. Maràghuet el-Ohrègi st",locality,st,128,450,231,,1,,,,,"247 Gràret ez-Zan, Bir el Ghedim el-Rofra, el Bèda, Saghìet esc Scèlem, Tuilet - el Hàmra. Maràghuet el-Ohrègi st."
130,63,1,"OAB. MARABUTlOHE el-Rraghìb, Ohabbàsc, et-Tèlla, Bu Sèdra, Bu Dabàa Ulàd Bu Zed. . 9104 30",census_1931,st,209,,,6,0,,,,,"OAB. MARABUTlOHE : el-Rraghìb, Ohabbàsc, et-Tèlla, Bu Sèdra, Bu Dabàa Ulàd Bu Zed. . st. 9104;30"
130,63,1,"el-Lod es-Sràt, et-Tè L lla,Ohsèba Ulàd esc-Ursceffàni st",locality,st,62,257,117,3,1,el- Lod es-Sràt,tarhuna,Murqub,LY0210,"el-Lod es-Sràt, et-Tè L lla,Ohsèba Ulàd esc-Ursceffàni st."
130,63,1,"OAB. VARIE Ulàd All, er-Rgheghls, Mazàuga . . . . . Mazàughet er-Ra- gàgsa st",census_1931,st,39,159,74,5,1,,,,,"OAB. VARIE: Ulàd All, er-Rgheghls, Mazàuga . . . . . Mazàughet er-Ra- gàgsa st."
130,63,1,"Sìdi Ben Nur, Argùb Behìr, Saghìet el Arca. es-Suàlah. st",locality,st,90,322,162,8,1,,,,,"Sìdi Ben Nur, Argùb Behìr, Saghìet el Arca. es-Suàlah. st."
130,63,1,(1) ALTRI CENSITI. 337,quarter,st,,,661,,0,,,,,(1) ALTRI CENSITI. st. :337
130,63,1,"33~ L~9., ,<'l""~ . • I TERRITORIO DEGLI ULAD MA.À.RREF. • . ' . . . L944 8.0~ 3.'Ì'r.!fI",subtotal,,,,,88,0,,,,,"33~ L~9., ,<'l""~ . • ... I; TERRITORIO DEGLI ULAD MA.À.RREF. • . ' . . . L944 8.0~ 3.'Ì'r.!fI"
130,63,1,"Oens_ 1931 lO) 1.73~ 7.519 3 ~4.0 GRUPPO ULÀD M.AÀRREF RAMO ULAD MA.À.RREF Tuilèt Ghuèua, . esc Sceghèga,ItasMaàr ref, el-Ohabùl Bu Dèia . . . . Ulàd Maàrref . st",census_1931,st,206,811,370,,1,,,,,"Oens_ 1931 lO) 1.73~ 7.519 .. 3 •. ~4.0 GRUPPO ULÀD M.AÀRREF: RAMO ULAD MA.À.RREF: Tuilèt Ghuèua, . esc Sceghèga,ItasMaàr ref, el-Ohabùl Bu Dèia . . . . Ulàd Maàrref . st."
130,63,1,"Henscìr Gazàl, el - Aràied, et-Tèlla, Sciàabet el-Maggùz Ulàd lùnes • st",locality,st,90,,,,0,Henscìr Gazàl,tarhuna,Murqub,LY0210,"Henscìr Gazàl, el - Aràied, et-Tèlla, Sciàabet el-Maggùz Ulàd lùnes • st."
130,63,1,"RAMO EL-ABANÀT 1 Uesctàta, Sciàbet el . .,1, . Adùl, Ghìèb el-Bat tùma, el-Glurès, Zors Abanàt Miggi . '211 ' Fomm Digàu,et .Tèlla, AbùÌ""a, ed-Dèmga, el-Fergiama, Gilida Abauàt Abùra st",subtotal,st,,7491,365,,1,,,,,"RAMO EL-ABANÀT: 1 Uesctàta, Sciàbet el . .,1,;. Adùl, Ghìèb el-Bat tùma, el-Glurès, Zors Abanàt Miggi . ·.st. '211;' Fomm Digàu,et;.Tèlla, AbùÌ""a, ed-Dèmga, el-Fergiama, Gilida Abauàt Abùra st."
131,64,0,"3 4567 Segue TERRITORIO DEGLI ULAD MAARREF RAMo EL-MAZAUGA Saghiet Sidi Hamèd, Henscir Sauàu, ed Dàhar, Lèchem Mazàuga',Siàida (b). st",subtotal,st,128,555,261,2,1,,,,,"3 4567 Segue: TERRITORIO DEGLI ULAD MAARREF RAMo EL-MAZAUGA: Saghiet Sidi Hamèd, Henscir Sauàu, ed Dàhar, Lèchem Mazàuga',Siàida (b). st."
131,64,0,"CAB. MARABUTICHE , el-Ariàsc st",census_1931,st,55,216,107,,1,,,,,"CAB. MARABUTICHE: , el-Ariàsc st ."
131,64,0,es-Slamàt . st,locality,st,24,121,47,,1,,,,,es-Slamàt . st.
131,64,0,el-Camàmscia st,locality,st,75,343,162,3,1,,,,,el-Camàmscia st.
131,64,0,CAB. VARIE Fergiàn el-Gràra. st,census_1931,st,93,387,178,,1,,,,,CAB. VARIE: Fergiàn el-Gràra. st.
131,64,0,UlàdAllel-Garbiin(c) st,locality,st,292,1160,545,21,1,,,,,UlàdAllel-Garbiin(c) st.
131,64,0,I Ulàd Ali esc-Scer- ghiin (c) st,locality,st,259,1070,489,8,1,,,,,I Ulàd Ali esc-Scer- ghiin (c) st.
131,64,0,el-Burcàt Ibbàdi (d) st,locality,st,78,303,134,2,1,,,,,el-Burcàt Ibbàdi (d) st.
131,64,0,el-Abàbsa. -,locality,st,140,641,297,,1,,,,,el-Abàbsa. st. -
131,64,0,Neffàt 1,locality,st,96,353,166,11,1,,,,,Neffàt st.1
131,64,0,5.129 19.479,locality,,,,9432,735,0,,,,,5.129 19.479
131,64,0,TERRITORIO DEGLI ULAD MBÈLLEM . Censo 1931 (*) I,census_1931,,4230,17214,8163,,1,,,,,TERRITORIO DEGLI ULAD MBÈLLEM . Censo 1931 (*) I
131,64,0,"GRUPPO ULAD MSÈLLEM RAMO FERGIAN ED' DAUÙN U= el-Hàlfa, Bir Tuàfga, et-Tellla, el Mleàb, Uàdi Tguf, Zitùna, el-Garàa, el",subtotal,,,,,31,0,,,,,"GRUPPO ULAD MSÈLLEM : RAMO FERGIAN ED' DAUÙN: U= el-Hàlfa, Bir Tuàfga, et-Tellla, el Mleàb, Uàdi Tguf, Zitùna, el-Garàa, el"
131,64,0,Cheririb et-Tuàfga. (e) st,locality,st,359,1291,611,,1,Cririb,tarhuna,Murqub,LY0210,Cheririb et-Tuàfga. (e) st.
131,64,0,"Ben Agàba, Egghi Uèn, et-Tàlha, er Rubdiàt Bateha, Uàdi Suleimàn, Cri rib, Addària, Uàdi Izhàm, Bu Haiàd, Sidi Hemèdan er-Rmetàt (e) • st",locality,st,458,1661,792,65,1,,,,,"Ben Agàba, Egghi Uèn, et-Tàlha, er Rubdiàt Bateha, Uàdi Suleimàn, Cri rib, Addària, Uàdi Izhàm, Bu Haiàd, Sidi Hemèdan er-Rmetàt (e) • st."
131,64,0,"RAMO EL-MAHAnI el-Msed, Sciabet Aàied, Ras el-Addar, el",subtotal,,,,,111,0,,,,,"RAMO EL-MAHAnI: el-Msed, Sciabet Aàied, Ras el-Addar, el"
131,64,0,"Corom, Sidi Tàbet el-Guàzi st",census_1931,st,333,1279,613,,1,,,,,"Corom, Sidi Tàbet el-Guàzi st."
131,64,0,"ed-Dàuia, Lamùsa, Umm Sciumàch, esc-Sceredàt . st",locality,st,121,497,260,20,1,Umm Sciumàch,tarhuna,Murqub,LY0210,"ed-Dàuia, Lamùsa, Umm Sciumàch, esc-Sceredàt . st."
131,64,0,"Uàdi el-Mah Crèsc, el-Guèsra, ed",locality,,,,204,,0,el- Guèsra,tarhuna,Murqub,LY0210,"Uàdi el-Mah Crèsc, el-Guèsra, ed"
131,64,0,Dahùm . el-Chelebàt st,locality,st,107,409,,,1,Dahùm (eel-),tarhuna,Murqub,LY0210,Dahùm . el-Chelebàt st.
131,64,1,,locality,,,,,,0,,,,,
131,64,1,"Segue TERRITORIO DEGLI ULAD MBELLEM RAMO EL-GRARÀT Uàdi Turgùt, Sidi Ahmed Omran, Scè bet, Guasem, Argùb Làma el Graràt el Foghiin (e) st",subtotal,st,137,553,280,13,1,,,,,"Segue: TERRITORIO DEGLI ULAD MBELLEM RAMO EL-GRARÀT: Uàdi Turgùt, Sidi Ahmed Omran, Scè bet, Guasem, Argùb Làma el Graràt el Foghiin (e) st."
131,64,1,"Uàdi Turgùt, Sciàabet Ulàd Abdàlla, el Mutàref, Sidi Ieclèf, Ras el-Baccàr . el - Graràt el - Otiin (e) st",locality,st,89,,159,9,0,,,,,"Uàdi Turgùt, Sciàabet Ulàd Abdàlla, el Mutàref, Sidi Ieclèf, Ras el-Baccàr . el - Graràt el - Otiin (e) st."
131,64,1,"RAMO ED-DuÀIM U= el-Ghèraa, el Uèscha er-Rmùdia. el-Guàsem st",subtotal,st,140,,276,,0,,,,,"RAMO ED-DuÀIM: U= el-Ghèraa, el Uèscha er-Rmùdia. el-Guàsem st."
131,64,1,"el-Carramia, Umm Zlàs, et-Tèlla, Tara bùt, Saghiet Freg, el-Masciarich, el Gefàra, U= el Lèbed es-Suàuda. st",locality,st,265,1038,501,4,1,,,,,"el-Carramia, Umm Zlàs, et-Tèlla, Tara bùt, Saghiet Freg, el-Masciarich, el Gefàra, U= el Lèbed es-Suàuda. st."
131,64,1,"OAB. VARIE Umm el-Gedàri, es- Sèdna, er-Rhèm, U= el-Hàlfa, Tmarmùra Tahuàla, Ben Saedàn . . . . Ulàd Ahmèd (I). st",census_1931,st,461,1662,777,49,1,,,,,"OAB. VARIE: Umm el-Gedàri, es- Sèdna, er-Rhèm, U= el-Hàlfa, Tmarmùra Tahuàla, Ben Saedàn . . . . Ulàd Ahmèd (I). st."
131,64,1,"el-Metèlfa, Turgùt . el-Auàmer (g) • lO",locality,st,223,839,396,,1,el- Metèlfa,tarhuna,Murqub,LY0210,"el-Metèlfa, Turgùt . el-Auàmer (g) • st. lO"
131,64,1,"ed-Dechèla, Saghiet [ Sidi Mohàmed, Ben Sacràua, Ben Gehà, el-Mrègheb, Uàdi el I Menèsci, Bu Benia es-Scèchia. . . . . el-Hamàmla (h) st",locality,st,254,1070,525,29,1,,,,,"ed-Dechèla, Saghiet [ Sidi Mohàmed, Ben Sacràua, Ben Gehà, el-Mrègheb, Uàdi el I Menèsci, Bu Benia es-Scèchia. . . . . el-Hamàmla (h) st."
131,64,1,"ez-Zebia, Saghiet Zèd, Bir Cazàh. el-Auàsa st",locality,st,,242,130,30,1,Bir Cazàh,tarhuna,Murqub,LY0210,"ez-Zebia, Saghiet Zèd, Bir Cazàh. el-Auàsa st."
131,64,1,"el-Ghèria, Argùb esc Scèich, el-Mahàger, Uàdi Saria, Argùb el-Ghiz "" el-Arabiin st",locality,st,88,326,160,17,1,,,,,"el-Ghèria, Argùb esc Scèich, el-Mahàger, Uàdi Saria, Argùb el-Ghiz "" el-Arabiin st."
131,64,1,"Argùb el-Chbàr, ed Dechèla el-Abàdla . 4r",locality,st,,148,78,14,1,,,,,"Argùb el-Chbàr, ed Dechèla el-Abàdla . st. 4r"
131,64,1,"Dògà, et-Tèlla. . . . esc-Sciafàtra' ]62",locality,st,,717,339,6,1,,,,,"Dògà, et-Tèlla. . . . esc-Sciafàtra' st. ]62"
131,64,1,"Uàdi Tarùt, el-Auègia, Bu Tuil, el-Mèrgheb, el-Menèzla, Bir Auègia . Ulàd Tarhùn st",locality,st,191,772,353,11,1,,,,,"Uàdi Tarùt, el-Auègia, Bu Tuil, el-Mèrgheb, el-Menèzla, Bir Auègia . Ulàd Tarhùn st."
131,64,1,el-Charrùba. er-Rahaimia. st,locality,st,35,159,81,5,1,el- Charrùba,tarhuna,Murqub,LY0210,"el-Charrùba. er-Rahaimia. st,"
131,64,1,el-Charrùba. . . . . es-Smuàt . st,locality,st,24,108,60,5,1,el- Charrùba,tarhuna,Murqub,LY0210,el-Charrùba. . . . . es-Smuàt . st.
131,64,1,"el-Charrùba, et-Tèlla, Bir Auàd, el-AIem el-Cuanin. . . . . st",locality,st,137,498,251,26,1,,,,,"el-Charrùba, et-Tèlla, Bir Auàd, el-AIem el-Cuanin. . . . . st,"
131,64,1,"Hoder-Ròda, et-Tlèla. Ulàd Sidi Maà=er st",locality,st,115,403,202,6,1,,,,,"Hoder-Ròda, et-Tlèla. Ulàd Sidi Maà=er st."
131,64,1,"Ben Oherfah, Uàdi el-Gattàra. et-Tursciàn",locality,,80,309,153,12,1,,,,,"Ben Oherfah, Uàdi el-Gattàra. et-Tursciàn"
131,64,1,"Suèd Sidi Amàra, Suèd el-Gàrbi, Suèd Sugh el-Giùmaa, Bilgarà, Bùscibab . . . . . el-Masàbha",locality,,194,730,366,,1,,,,,"Suèd Sidi Amàra, Suèd el-Gàrbi, Suèd Sugh el-Giùmaa, Bilgarà, Bùscibab . . . . . el-Masàbha"
131,64,1,"el-Gheria Lod el""Hosc, ,el-Cazàna, Argùb Sònia, Argùb Tugh, Mahasciùba, el-Ga- hàda Duha. et-Tèlla. st",locality,st,219,839,414,29,1,,,,,"el-Gheria; Lod el""Hosc, ,el-Cazàna, Argùb Sònia, Argùb Tugh, Mahasciùba, el-Ga- hàda Duha. et-Tèlla. st."
131,64,1,"Seuèd er,Ràs, Fom Dràghen, Fom el Uàdi. . . . el-Gràgta . st",locality,st,78,277,119,10,1,,,,,"Seuèd er,Ràs, Fom Dràghen, Fom el Uàdi. . . . el-Gràgta . st."
131,64,1,"Sidi Ahàmed Dachil, Ulàd Mràbet, el Com Belgira, Com el-Lèged, Ben Agà ba, Saghiet Uascir. en - Naàgia Gi- bàrna (i) . st",locality,st,207,740,343,36,1,,,,,"Sidi Ahàmed Dachil, Ulàd Mràbet, el Com Belgira, Com el-Lèged, Ben Agà ba, Saghiet Uascir. en - Naàgia Gi- bàrna (i) . st."
131,64,1,"el-Lebedìa, Ras Cha bàsc, el-Aues . . . en N aàgia Ulàd Chàlifa . st",locality,st,116,395,196,32,1,Ras Chabàsc,tarhuna,Murqub,LY0210,"el-Lebedìa, Ras Cha bàsc, el-Aues . . . en N aàgia Ulàd Chàlifa . st."
131,64,1,"el-Gmèn, ed-Dechèla, Argùb Bu Midi, ez Zùaia, el-Ariga, Bu rèmtha, Umm Ge- làs. Abanàt Ulàd Msèl- lem st",locality,st,188,727,376,53,1,,,,,"el-Gmèn, ed-Dechèla, Argùb Bu Midi, ez Zùaia, el-Ariga, Bu rèmtha, Umm Ge- làs. Abanàt Ulàd Msèl- lem st."
131,64,1,16 U= Gelàs. el-Gelàs. st,locality,st,47,158,67,5,1,,,,,16 U= Gelàs. el-Gelàs. st.
132,65,0,"__ _ _______ ~ _ ___ ~_~ ___ ~~3~ __ 4 Segue TERRITORIO DEGLI ULÀD MSÈLLEM l'~''' -~~ Bu Muàdi, el-Buia, Hàleg el-Galla, Ras Sidi Bubàcher, el Mènla, Umm Solàt, el-Zedesciàt, el- Bè- niha . . . el-Azib _ . . st",subtotal,st,150,556,270,52,1,,,,,"__ _ _______ ~ _ ___ ~_~ ___ ~~3~ __ 4 Segue: TERRITORIO DEGLI ULÀD MSÈLLEM l'~''' -~~ Bu Muàdi, el-Buia, Hàleg el-Galla, Ras Sidi Bubàcher, el Mènla, Umm Solàt, el-Zedesciàt, el- Bè- niha . . . el-Azib _ . . st."
132,65,0,el-Uberàt. . ISRAELITI. . . st,quarter,st,22,95,50,,1,,,,,el-Uberàt. . ISRAELITI. . . st.
132,65,0,(I) ALTRI CENSITI. st,quarter,st,11,52,30,,1,,,,,(I) ALTRI CENSITI. st.
132,65,0,CIRCONDARIO DI ZLiTEN 10.609 39.007 19.320 TERRITORIO DI ZLiTEN UOST 4.044 14.986,subtotal,,,,7531,,0,,,,,CIRCONDARIO DI ZLiTEN 10.609 39.007 19.320 TERRITORIO DI ZLiTEN UOST 4.044 14.986
132,65,0,,locality,,,,,884,0,,,,,
132,65,0,"Ce'ns i931 .(*) 3,725 14,134",locality,,,,6961,,0,,,,,"Ce'ns: i931 .(*) 3,725 14,134"
132,65,0,st,locality,st,24,96,45,,1,,,,,st.
132,65,0,I QUARTIERE URBANO Zliten . . . . . . . ISRAELITI st,locality,st,136,606,307,,1,Zlìten,zliten,Misrata,LY0214,I QUARTIERE URBANO Zliten . . . . . . . ISRAELITI..... st.
132,65,0,"RAMO EL-BRÀHMA U ost, Bu Gerida Bràhma el-Uost . st",subtotal,st,644,2318,1191,136,1,,,,,"RAMO EL-BRÀHMA: U ost, Bu Gerida Bràhma el-Uost . st."
132,65,0,Zdù . . Bràhma Zdù . . st,locality,st,232,878,429,53,1,,,,,Zdù . . Bràhma Zdù . . st.
132,65,0,RAMO ULAD GHET el-Bògga Ulàd Ghet Uost. st,subtotal,st,417,1585,816,58,1,,,,,RAMO ULAD GHET: el-Bògga Ulàd Ghet Uost. st.
132,65,0,Zdù . . Ulàd Ghet Zdù. st,locality,st,321,1183,605,91,1,,,,,Zdù . . Ulàd Ghet Zdù. st.
132,65,0,RAMO ULÀD ESC SCECH (b) Ulàd esc-Scech Ulàd Ahmèd • . . . . st,subtotal,st,419,1590,775,44,1,,,,,RAMO ULÀD ESC SCECH: (b) Ulàd esc-Scech Ulàd Ahmèd • . . . . st.
132,65,0,el-Hòrm . . . . . Ulàd esc-Scech Ulàd Amòr • . . . . st,locality,st,358,1375,675,72,1,,,,,el-Hòrm . . . . . Ulàd esc-Scech Ulàd Amòr • . . . . st.
132,65,0,Ul. àd esc-Scech Ulàdi (l3,locality,st,331,1243,601,,1,,,,,Ul. àd esc-Scech Ulàdi st. (l3
132,65,0,Abdàlla I sn,locality,sn,65,264,127,7,1,,,,,Abdàlla I sn.
132,65,0,er-Rghiga Ulàd esc-Scech er Rghiga . . . . . . st,locality,st,255,884,450,,1,,,,,er-Rghiga; Ulàd esc-Scech er Rghiga . . . . . . st.
132,65,0,Zdù . . Ulàd esc-Scech Zdù st,locality,st,176,620,310,,1,,,,,Zdù . . Ulàd esc-Scech Zdù st.
132,65,0,OAB. DI OOLOGHLI el-Bàza. Oologhiia U ost,census_1931,st,177,652,342,38,1,,,,,OAB. DI OOLOGHLI: st. el-Bàza. Oologhiia U ost
132,65,0,OAB. VARIE i Zdù . . . . . . . . el-Hauàmel,census_1931,st,119,446,217,26,1,,,,,"OAB. VARIE: i st, Zdù . . . . . . . . el-Hauàmel"
132,65,0,1 sn,locality,sn,58,248,111,13,1,,,,,'1 sn.
132,65,0,el-Msàrta _ i .st,locality,st,159,562,262,41,1,,,,,el-Msàrta _ i .st.
132,65,0,1 sn,locality,sn,19,53,23,2,1,,,,,'1 sn.
132,65,0,(I),locality,,134,383,245,124,1,,,,,(I)
132,65,0,"ALTRI CENSITI. TERRITORIO DI EL-FuATìR. . . . . . . . 3.369 14.538 '7.0M \91 Oens. 1931 (*) . ""I",census_1931,,3685,13143,6344,,1,,,,,"ALTRI CENSITI. TERRITORIO DI EL-FuATìR. . . . . . . . 3.369 14.538 '7.0M :\91 Oens. 1931 (*) . ""I"
132,65,0,RAMO EL-FuATiR (b) Sidi Ali ben Grèbi. el-Iaaghib. st,subtotal,st,273,1007,474,16,1,,,,,RAMO EL-FuATiR: (b) Sidi Ali ben Grèbi. el-Iaaghib. st.
132,65,0,"ed-Dehèra el-Atàia, . st",locality,st,432,1576,780,23,1,,,,,"ed-Dehèra el-Atàia, . st."
132,65,0,Sidi Shahim el-Abàdla. st,locality,st,299,1096,522,46,1,Sìdi Shahim,zliten,Misrata,LY0214,Sidi Shahim el-Abàdla. st.
132,65,0,ed-Dehèra es-Sofràn . st,locality,st,316,1151,560,47,1,,,,,ed-Dehèra es-Sofràn . st.
132,65,0,el-Hagiàhgia,locality,,140,498,255,25,1,,,,,el-Hagiàhgia
132,65,0,el-Fogàa . '/ t,locality,,560,2098,1033,52,1,,,,,el-Fogàa . '/ :t
132,65,0,es-Sgha. . Sn,locality,sn,41,180,89,4,1,,,,,es-Sgha. . Sn.
132,65,0,n,locality,n,16,72,28,,1,,,,,n.
132,65,0,(I) Giuàuba '1 1. n5 6~,locality,st,603,2327,,,1,,,,,(I) Giuàuba '1 st. 1. n5 6~
132,65,0,Sidi Abdennùr el-Ohzùr . st,locality,st,249,923,458,38,1,Sìdi Abdennùr,zliten,Misrata,LY0214,Sidi Abdennùr el-Ohzùr . st.
132,65,0,RAMO EL-AMÀIEM 2J,subtotal,,7,,13,,0,,,,,RAMO EL-AMÀIEM : 2J
132,65,0,Grènna Accàsc (C).! ~!~,locality,,105,389,187,18,1,,,,,Grènna Accàsc (C).! ~!~
132,65,0,lE,locality,,,77,39,1,1,,,,,lE
132,65,0,Grènna Dhedih (c) ~. l st·1,locality,,186,672,346,22,1,,,,,Grènna Dhedih (c); ~. l st·1
132,65,0,Uàdi Màger,locality,,6,27,13,,1,Uàdi Màger,zliten,Misrata,LY0214,Uàdi Màger . . . . .
132,65,0,l 1\,locality,st,28,128,57,,1,,,,,l st. 1\
132,65,0,el-Gedaiàt . . sn,locality,sn,316,1262,614,17,1,,,,,el-Gedaiàt . . sn.
132,65,0,n,locality,n,28,104,49,1,1,,,,,n.
132,65,0,1 st,locality,st,4,11,4,,1,,,,,.1 st.
132,65,0,Ulàd Ahmèd sn,locality,sn,242,916,428,12,1,,,,,Ulàd Ahmèd sn.
132,65,0,TERRITORIO DI SUGH EL-GIÙMAA,subtotal,,2696,9483,4725,779,1,,,,,TERRITORIO DI SUGH EL-GIÙMAA. . . . . .
132,65,0,Oens. 1931 (*),census_1931,,2294,8649,4316,,1,,,,,Oens. 1931 (*)
132,65,0,RAMO EL-BRÀHMA ) Brahàmet el-GiùnIaa lR1,subtotal,st,,630,319,,1,,,,,RAMO EL-BRÀHMA : ) Brahàmet el-GiùnIaa st. lR1
132,65,0,Sugh el-GiùnIaa. . . RAMO ULAD GHET Ulàd Ghet GiùnIaa. st,subtotal,st,,,804,,0,,,,,Sugh el-GiùnIaa. . . RAMO ULAD GHET: Ulàd Ghet GiùnIaa. st.
132,65,1,"I - - - - - - - - -c - - - - - - - I - - - - - - - - - - - - - - - - - - - - - - - - - - - - - - ---------------I------------~ - - ~--- - - - - ~--- ~-- D -+_~6_~-7~~----~--~---~-----~2~----~3~-~4-+_-5~~~6~~~7--, Segue TERRITORIO DI SUGH EL-GIÙMAA RAMO EL-FERGIÀN' Sidi el-Hag Amèr. . . el-Fergiàn (d) sn",locality,sn,326,1020,503,152,1,,,,,"I - - - - - - - - -c - - - - - - - I - - - - - - - - - - - - - - - - - - - - - - - - - - - - - - ---------------I------------~ - - ~--- - - - - ~--- ~-- D -+_~6_~-7~~----~--~---~-----~2~----~3~-~4-+_-5~~~6~~~7--, Segue: TERRITORIO DI SUGH EL-GIÙMAA RAMO EL-FERGIÀN': Sidi el-Hag Amèr. . . el-Fergiàn (d) sn."
132,65,1,RAMO ULÀD ESC SCECH (b) Sidi AbdussaÙlla_ . . Ulàd esc-Scech Giù maa • . . . . st,subtotal,st,356,1287,611,52,1,,,,,RAMO ULÀD ESC SCECH: (b) Sidi AbdussaÙlla_ . . Ulàd esc-Scech Giù maa • . . . . st.
132,65,1,RAMO EL-AMÀIEM Sldi et-Tagiùri Ulàd Iàhia . . . i st,subtotal,st,1,9,5,,1,,,,,RAMO EL-AMÀIEM: Sldi et-Tagiùri Ulàd Iàhia . . . i st.
132,65,1,1 sn,locality,sn,177,651,318,22,1,,,,,'1 sn.
132,65,1,2.054 Uàdi Màger. en-Nasciàuna . . sn,locality,sn,190,728,343,14,1,Uàdi Màger,zliten,Misrata,LY0214,2.054 Uàdi Màger. en-Nasciàuna . . sn.
132,65,1,OAB. DI OOLOGHLI el-Gòsba . . . . . Oologhlia GiùnIaa st,census_1931,st,808,2941,1480,197,1,,,,,OAB. DI OOLOGHLI: el-Gòsba . . . . . Oologhlia GiùnIaa st.
132,65,1,Ziàinet el-GiÙmaa. Ziàinet GiùnIaa su,locality,,133,470,232,41,1,,,,,Ziàinet el-GiÙmaa. Ziàinet GiùnIaa su.
132,65,1,OAB. VARIE Sidi Scetèui. . . . . Ulàd Sciocòr . . . st,census_1931,st,67,218,110,31,1,,,,,OAB. VARIE: Sidi Scetèui. . . . . Ulàd Sciocòr . . . st.
132,65,1,CIRCONDARIO DI MISURATA 19.749 75.931,subtotal,,,,37672,6013,0,,,,,CIRCONDARIO DI MISURATA 19.749 75.931
132,65,1,Residenza di Misurata (e) 11.869 48.305 24.003,subtotal,,,,,1698,0,,,,,Residenza di Misurata (e) 11.869 48.305 24.003
132,65,1,MISURATA • . . . . . . . . Ce'ns i931'(*),census_1931,,2000,8101,3959,438,1,,,,,MISURATA • . . . . . . . . Ce'ns: i931'(*)
132,65,1,,locality,,1064,4781,2320,,1,,,,,
132,65,1,RAMO AHÀLI el-Cuàfi . . . . . st,subtotal,st,318,1342,655,,1,,,,,RAMO AHÀLI: el-Cuàfi . . . . . st.
132,65,1,OAB. MARABUTICHE Debàbsa . . . . st,census_1931,st,290,1153,538,,1,,,,,OAB. MARABUTICHE: Debàbsa . . . . st.
132,65,1,~~ Misurata. . . . . . OAB. DI OOLOGHLI el-Magàuba . st,locality,st,243,1065,524,,1,Misurata,misurata,Misrata,LY0214,~~ Misurata. . . . . . OAB. DI OOLOGHLI: el-Magàuba . st.
132,65,1,ed-Dràdfa . . st,locality,st,313,1379,677,,1,,,,,ed-Dràdfa . . st.
132,65,1,ISRAELITI • . . st,quarter,st,203,838,431,,1,,,,,ISRAELITI • . . st.
132,65,1,ALTRI CENSITI. st,quarter,st,633,2324,1134,412,1,,,,,ALTRI CENSITI. st.
132,65,1,EL-MADANìA . . . . . . . . . . . . . . . 2.642 10.801,locality,,,,5476,412,0,el- Madanìa,misurata,Misrata,LY0214,EL-MADANìA . . . . . . . . . . . . . . . 2.642 10.801
132,65,1,Oen.9. 1931 (*) .2.098,census_1931,,,9578,4749,,1,,,,,Oen.9. 1931 (*) :.2.098
132,65,1,RAMO AHÀLI Ghzir el-Ghibli st,subtotal,st,106,439,234,23,1,,,,,RAMO AHÀLI: Ghzir el-Ghibli st.
132,65,1,G hzir el-Bàhri. st,locality,st,140,597,299,33,1,,,,,G hzir el-Bàhri. st.
132,65,1,Za=ùra • . . st,locality,st,198,827,420,21,1,,,,,Za=ùra • . . st.
132,65,1,ez-Zuauia . . . st,locality,st,63,253,134,12,1,,,,,ez-Zuauia . . . st.
132,65,1,el-Matàrda • 106,locality,st,52,236,,5,1,,,,,el-Matàrda • .. st. 106.
132,65,1,OAB_ MARABUTIOHE Ulàd Sidi Fathàlla. st,census_1931,st,113,467,229,6,1,,,,,OAB_ MARABUTIOHE : Ulàd Sidi Fathàlla. st.
132,65,1,es-Suàlah . . . . st,locality,st,183,749,385,24,1,,,,,es-Suàlah . . . . st.
132,65,1,(1) UlàdBaàiu . . . st,locality,st,237,898,442,41,1,,,,,(1) UlàdBaàiu . . . st.
132,65,1,Ulàd Bu Sciaàla . st,locality,st,152,680,337,13,1,,,,,Ulàd Bu Sciaàla . st.
132,65,1,CAB. DI OOLOGHLI el-Fràtsa . st·1,census_1931,,80,334,171,19,1,,,,,CAB. DI OOLOGHLI : el-Fràtsa . st·1
132,65,1,es-Saràcsa st,locality,st,472,1868,938,81,1,,,,,es-Saràcsa st.
132,65,1,el-Blàbla . st,locality,st,79,329,171,13,1,,,,,el-Blàbla . st.
132,65,1,el-Gehanàt st,locality,st,373,1506,757,47,1,,,,,el-Gehanàt st.
132,65,1,ez-Zuàbi . st,locality,st,105,410,209,25,1,,,,,ez-Zuàbi . st.
132,65,1,el-Magàsba st,locality,st,289,1208,644,49,1,,,,,el-Magàsba st.
132,65,1,EL-UÈSOA,locality,,861,3103,1529,287,1,,,,,EL-UÈSOA . . . . ......
132,65,1,Oens. 193i (*),census_1931,,725,2821,1331,,1,,,,,Oens. 193i (*)
132,65,1,RAMO AHÀLI el.Amàmra sn,subtotal,sn,96,355,164,63,1,,,,,RAMO AHÀLI: el.Amàmra sn.
132,65,1,Maadàn . sn,locality,sn,420,1588,810,85,1,,,,,Maadàn . sn.
132,65,1,el-Abàdla. sn,locality,sn,160,595,283,8,1,,,,,el-Abàdla. sn.
132,65,1,\ OAB. MARABUTIOHE (I) el-Hamàmla. 1~~1 4~~,census_1931,sn,,,41,,0,,,,,\ OAB. MARABUTIOHE: (I) el-Hamàmla. sn. 1~~1 4~~
132,65,1,el-Mzàuga_,locality,,,,198,,0,,,,,el-Mzàuga_
132,65,1,OAB. VARIE / Huàmed • 16[,census_1931,,,60,33,,1,,,,,OAB. VARIE: / Huàmed • 16[
133,66,0,i.486,locality,,,6256,3090,139,1,,,,,i.486
133,66,0,IÈDDER . aim-s i9a1 '(Oi,census_1931,,1216,6619,2776,,1,,,,,IÈDDER . aim-s: i9a1 '(Oi
133,66,0,OAB. DI OOLOGBLI el-Gràra 1. 36!\,census_1931,st,324,,700,43,0,,,,,OAB. DI OOLOGBLI: el-Gràra st. 1. 36!\
133,66,0,Ièdder st,locality,st,451,1866,924,65,1,,,,,Ièdder st.
133,66,0,Ras Ali st,locality,st,207,946,460,11,1,,,,,Ras Ali st.
133,66,0,(1) st,locality,st,66,273,143,13,1,,,,,(1) st.
133,66,0,ed-Dràrta. sn,locality,sn,,,,,0,,,,,ed-Dràrta. sn.
133,66,0,st,locality,st,268,1007,517,6,1,,,,,st.
133,66,0,esc-Sciuàhda Abbàd st,locality,st,169,713,336,1,1,,,,,esc-Sciuàhda Abbàd st.
133,66,0,SmI NÀSSER • 400 i,locality,,107,,190,9,0,,,,,SmI NÀSSER • 400 i.
133,66,0,RAMO.AHÀLI (1) ~ el-Hèscia . st,subtotal,st,105,385,190,9,1,,,,,RAMO.AHÀLI: (1) ~ el-Hèscia . st.
133,66,0,ALTRI CENSITI.' • st,quarter,st,2,15,,,1,,,,,ALTRI CENSITI.' • st.
133,66,0,SmI ZARRÙGH,locality,,1586,6949,3435,87,1,,,,,SmI ZARRÙGH
133,66,0,aim-s 1931 (0) i.H8 3.18~,census_1931,,,6350,,,1,,,,,aim-s: 1931 (0) i.H8 3.18~
133,66,0,RAMO AHÀLI I Gasr Ahmèd 6@5,subtotal,st,319,1319,,20,1,,,,,RAMO AHÀLI: I Gasr Ahmèd st. 6@5
133,66,0,el-Malàita. st,locality,st,67,272,147,4,1,,,,,. el-Malàita. st.
133,66,0,Tcheràn 5!\1,locality,st,285,1216,,21,1,,,,,Tcheràn st. 5!\1
133,66,0,\ CAB. MARABUTIOHljr (1) l Chuddàm Zarrùgh. st,census_1931,st,246,1019,496,3,1,,,,,\ CAB. MARABUTIOHljr: (1) l Chuddàm Zarrùgh. st.
133,66,0,CAB. DI COLOGBLI ' er-Ràmia . 3.1ì1,census_1931,st,666,,1526,39,0,,,,,. CAB. DI COLOGBLI : ' er-Ràmia . st. 3.1ì1
133,66,0,,locality,,3,12,,,1,,,,,
133,66,0,\ ALTRI OENSITI. TAUÒRGA,locality,st,1248,4965,2538,160,1,,,,,\ ALTRI OENSITI. st. TAUÒRGA
133,66,0,OeM 1931 (O) ~.945 e.513,census_1931,,1810,,,,0,,,,,OeM: 1931 (O) ~.945 e.513
133,66,0,GRUPPO EL-GUÀDI ed-Dbàdba '. st,locality,st,43,182,91,1,1,,,,,GRUPPO EL-GUÀDI: ed-Dbàdba '. st.
133,66,0,Ulàd Sàad .151,locality,st,66,306,,4,1,,,,,Ulàd Sàad st. .151
133,66,0,st,locality,,67,242,118,6,1,,,,,st;
133,66,0,el-Haràcta en-Nèdua . . st,locality,st,32,120,59,12,1,,,,,el-Haràcta en-Nèdua . . st.
133,66,0,153,locality,st,78,288,,8,1,,,,,"'. st .. ,153"
133,66,0,el-Giadàdaa . el-Miàisa '84,locality,st,,330,176,8,1,,,,,el-Giadàdaa . el-Miàisa st. '84
133,66,0,el-Àen . st,locality,st,112,429,215,2,1,,,,,el-Àen . st.
133,66,0,GRUPPO' E$-SALÀTNA (b) . es-Suàdegh st,locality,st,76,299,156,4,1,,,,,GRUPPO' E$-SALÀTNA: (b) . es-Suàdegh st .
133,66,0,(1) Bellàha . . st,locality,st,58,225,115,6,1,,,,,(1) Bellàha . . st.
133,66,0,el-Bagàgra 'st,locality,st,87,352,186,9,1,,,,,"el-Bagàgra 'st,"
133,66,0,el-Aàdla . . st·,locality,,72,290,147,6,1,,,,,el-Aàdla . .; st·
133,66,0,er-Ruàzegh st lO,locality,,79,306,158,,1,,,,,er-Ruàzegh st: lO
133,66,0,,locality,,73,317,162,27,1,,,,,
133,66,0,er-Ràascia GRUPPO EL-MAHÀRZÀ Ulàd UàfI. st,locality,st,77,290,152,24,1,,,,,er-Ràascia st;. GRUPPO EL-MAHÀRZÀ: Ulàd UàfI. st.
133,66,0,93,locality,st,,345,163,14,1,,,,,"st. ,93"
133,66,0,"IDi~~~~ed"" st",locality,st,62,273,136,13,1,,,,,"IDi~~~~ed"" st."
133,66,0,st,locality,,83,348,187,6,1,,,,,st: .
133,66,0,UlàdGebràn I ALTRI .CENSITI. . st,quarter,st,6,23,13,,1,,,,,UlàdGebràn I ALTRI .CENSITI. . st.
133,66,0,,locality,,1939,7730,3786,166,1,,,,,
133,66,0,ZÀVII!lT EL-MAHGroB 1.7~8,locality,,,7616,3696,,1,,,,,ZÀVII!lT EL-MAHGroB 1.7~8
133,66,0,RAMO AHhI en -Naaemia . st,subtotal,st,71,265,127,9,1,,,,,RAMO AHhI: en -Naaemia . st.
133,66,0,Zregh . st,locality,st,113,473,231,2,1,,,,,Zregh . st.
133,66,0,el-Gràba . st,locality,st,85,302,134,16,1,,,,,el-Gràba . st.
133,66,0,I st,locality,st,52,210,112,1,1,,,,,I st.
133,66,0,"Maadàn ., sn",locality,sn,28,118,58,1,1,,,,,"Maadàn ., sn."
133,66,0,es-Suàua . st,locality,st,114,475,226,5,1,,,,,es-Suàua . st.
133,66,0,st,locality,st,5,16,6,,1,,,,,st.
133,66,0,esc-Sciuh~bàt . sn,locality,sn,133,434,209,12,1,,,,,esc-Sciuh~bàt . sn.
133,66,0,el-Bùrcàt. sn,locality,sn,246,959,458,23,1,,,,,el-Bùrcàt. sn.
133,66,0,es-Siaàn st,locality,st,107,400,215,15,1,,,,,es-Siaàn st.
133,66,0,(1) at,locality,,244,977,484,18,1,,,,,(1) at.
133,66,0,eSc'-Scihùm (c) an,locality,,15,62,25,,1,,,,,eSc'-Scihùm (c) an'.
133,66,0,el-Giòrscia (c) • .36,locality,sn,268,1098,556,,1,,,,,el-Giòrscia (c) • sn. .36
133,66,0,OAB. M.Ul.ABUTIOHE,census_1931,,61,263,134,4,1,,,,,OAB. M.Ul.ABUTIOHE:
133,66,0,Ulàd Abd el-Chàlegh àt,locality,,26,100,42,2,1,,,,,Ulàd Abd el-Chàlegh àt.
133,66,0,BlÌ. el-Fuatir . . . . ./ st,locality,st,44,214,111,1,1,,,,,BlÌ. el-Fuatir . . . . ./ st ..
133,66,0,Ulàd el-Mahgiùb st,locality,st,326,1356,658,21,1,,,,,Ulàd el-Mahgiùb .• st.
133,66,0,ALTRi OENSITI. st,locality,st,1,8,,,1,,,,,ALTRi: OENSITI. st.
133,66,1,------------ Resldllnza di Bènl Ulld 4.392 16.173,locality,,,,7814,1285,0,,,,,------------ Resldllnza di Bènl Ulld 4.392 16.173
133,66,1,BÈNI ULiD. 4.392 16.173,locality,,,,7814,1285,0,,,,,BÈNI ULiD. 4.392 16.173
133,66,1,OeM jg31 '(0) 3 190 H.838 6. 6~a GRUPPO ORFÈLLA EL-FOGHIìN RAMO EL-GIAMÀMLA. st,census_1931,st,89,136,65,11,1,,,,,OeM: jg31 '(0) 3 .. 190 H.838 6. 6~a GRUPPO ORFÈLLA EL-FOGHIìN : RAMO EL-GIAMÀMLA.: st.
133,66,1,el-Iagàt (d) sn,locality,sn,36,136,60,24,1,,,,,el-Iagàt (d) sn.
133,66,1,,locality,,,,158,87,0,,,,,
133,66,1,,locality,,80,281,,,1,,,,,
133,66,1,"el-Manàslet el-òr"".I !",locality,,6,20,7,1,1,,,,,"el-Manàslet el-òr"".I:!:"
133,66,1,,locality,,44,153,68,25,1,,,,,
133,66,1,el-Manàslet es-Slatàt !,locality,,27,113,48,5,1,,,,,el-Manàslet es-Slatàt :!:
133,66,1,st,locality,st,47,143,70,,1,,,,,st.
133,66,1,el-Gi.alàlta ~~,locality,sn,26,85,41,,1,,,,,el-Gi.alàlta sn. ~~.
133,66,1,,locality,,,,18,,0,,,,,
133,66,1,lO,locality,st,,43,,,1,,,,,st. lO
133,66,1,ed-Dlùl . SD,locality,,119,465,206,,1,,,,,ed-Dlùl . SD.
133,66,1,st,locality,st,32,100,54,,1,,,,,st.
133,66,1,en-Nagàrta m. ~ 7,locality,,36,161,70,,1,,,,,en-Nagàrta m. ~ 7'
133,66,1,Dnà Saadàlla • sn,locality,sn,66,314,150,,1,,,,,Dnà Saadàlla • sn.
133,66,1,RAMO ES-SBÀIA st,subtotal,st,52,184,90,,1,,,,,RAMO ES-SBÀIA: st.
133,66,1,el-Hèbla ~,locality,sn,2,9,6,,1,,,,,el-Hèbla sn. ~
133,66,1,I st,locality,st,44,125,61,,1,,,,,I st.
133,66,1,"el-FasciMma , SD. ~",locality,,26,95,45,,1,,,,,"el-FasciMma :, SD. ~"
133,66,1,I st,locality,st,,2171,35,,1,,,,,I st.
133,66,1,"el,Ghenàdi. 1~",locality,,32,133,66,,1,,,,,"el,Ghenàdi. 1~"
133,66,1,· t lS,locality,,,,113,,0,,,,,· :t lS
133,66,1,el-Msaadia,locality,,68,246,,,1,,,,,el-Msaadia
133,66,1,lO,locality,sn,6,26,,1,1,,,,,. sn. lO
133,66,1,"er-Ròzga, . st",locality,st,37,135,66,9,1,,,,,"er-Ròzga, . st."
133,66,1,!jt,locality,,56,206,116,23,1,,,,,", .,!jt .."
133,66,1,en-Nùra an,locality,,2,11,4,1,1,,,,,en-Nùra an.
133,66,1,,locality,,,,46,7,0,,,,,
133,66,1,ez-Zam.àmma st,locality,st,35,99,,,1,,,,,ez-Zam.àmma st.
133,66,1,~ 8D,locality,,8,28,13,,1,,,,,.' ~ 8D.
133,66,1,et-Tòrba .1 st,locality,st,85,305,140,12,1,,,,,et-Tòrba .1 st.
133,66,1,st,locality,st,79,265,130,23,1,,,,,st.
133,66,1,es-Sbedàt (e) an,locality,,38,121,53,5,1,,,,,es-Sbedàt (e) an.
133,66,1,,locality,,,,60,7,0,,,,,
133,66,1,el-Chuàzem (e) at,locality,,33,100,,,1,,,,,el-Chuàzem (e) at.
133,66,1,st,locality,st,21,85,45,11,1,,,,,st.
133,66,1,el-Fògha es-Sbàia sn,locality,sn,8,32,16,3,1,,,,,el-Fògha es-Sbàia sn.
133,66,1,,locality,,,,,6,0,,,,,
133,66,1,st,locality,st,20,64,34,,1,,,,,st.
133,66,1,et-TachàcQha . . l,locality,sn,15,53,25,,1,,,,,et-TachàcQha . . sn. l
133,66,1,RAMO ES-SAADÀT Bèni Ulld,subtotal,,71,275,133,13,1,,,,,RAMO ES-SAADÀT : Bèni Ulld.
133,66,1,el-Fògha es-Saa- dàt (e) an -,locality,st,3,14,8,,1,,,,,el-Fògha es-Saa- st. dàt (e) an -
133,66,1,st,locality,,181,605,276,72,1,,,,,st:
133,66,1,· \ sn,locality,sn,22,75,33,,1,,,,,· \ sn.
133,66,1,el- A.uàsa · Y,locality,st,29,104,51,,1,,,,,el-:A.uàsa · st. Y
133,66,1,I st,locality,st,122,436,232,71,1,,,,,I st.
133,66,1,"el-Gatànscia. ., sn",locality,sn,49,147,67,,1,,,,,"el-Gatànscia. ., sn."
133,66,1,4~,locality,,,,66,,0,,,,,4~
133,66,1,I st,locality,st,33,132,,,1,,,,,I st.
133,66,1,ed.-Dàaca. · sn,locality,sn,18,65,27,3,1,,,,,ed.-Dàaca. · sn.
133,66,1,,locality,,59,216,111,,1,,,,,
133,66,1,"el-Ummàgh~sc. ., I 16 -",locality,sn,1,6,3,,1,,,,,"el-Ummàgh~sc. ., sn. I st. 16 -"
133,66,1,st,locality,st,39,143,73,9,1,,,,,st.
133,66,1,ed-Debàa . · sn,locality,sn,44,146,70,47,1,,,,,ed-Debàa . · sn.
133,66,1,""" st",locality,st,63,228,114,26,1,,,,,""" st. '"
133,66,1,ez-Zelàba,locality,,1,3,2,,1,,,,,ez-Zelàba.
133,66,1,an . ~ 13,locality,st,91,305,149,,1,,,,,an . st. ~ 13
133,66,1,~s-Sècba sn,locality,sn,68,252,118,,1,,,,,~s-Sècba sn.
133,66,1,st,locality,st,113,384,210,39,1,,,,,st.
133,66,1,es-Siiàn . SD. 4,locality,,5,9,,,1,,,,,"es-Siiàn . SD. 4,"
133,66,1,11,locality,,,,11,,0,,,,,11 ;
133,66,1,el-Bagàgra st,locality,st,8,24,,,1,,,,,el-Bagàgra st.
133,66,1,an,locality,,12,54,28,,1,,,,,an.
133,66,1,GRUPPO ORFÈLLA EL-UASTIìN RAM9 EL-U ASTliN I st,locality,st,95,323,163,,1,,,,,GRUPPO ORFÈLLA EL-UASTIìN : RAM9 EL-U ASTliN : I st.
133,66,1,el-Ifàrna . sn,locality,sn,84,327,155,,1,,,,,el-Ifàrna . sn.
133,66,1,~1,locality,st,,163,83,,1,,,,,st. ~1
133,66,1,el-Gazalàt. an,locality,,27,118,64,,1,,,,,el-Gazalàt. an.
133,66,1,st,locality,st,11,34,16,,1,,,,,st.
133,66,1,es-Shùl . an,locality,,8,31,15,,1,,,,,es-Shùl . an.
133,66,1,el-Hòana st,locality,st,101,367,197,,1,,,,,el-Hòana st.
133,66,1,at,locality,,29,88,46,,1,,,,,at.
133,66,1,el-Haddàd.a . sn,locality,sn,42,142,64,,1,,,,,el-Haddàd.a . sn.
133,66,1,st,locality,st,93,334,178,,1,,,,,st.
133,66,1,el-Guàida (e) lO,locality,sn,6,19,,,1,,,,,el-Guàida (e) sn. lO
133,66,1,,locality,,37,135,71,,1,,,,,
133,66,1,el-E[èlma. st,locality,st,69,226,101,,1,,,,,el-E[èlma. st. st.
133,66,1,ed-Duàira (f) an,locality,,58,197,95,,1,,,,,ed-Duàira (f) an.
133,66,1,eS'Seràrra (f) st,locality,st,97,330,166,,1,,,,,eS'Seràrra (f) st.
134,67,0,,locality,,,,,,0,,,,,
134,67,0,seoue BÈNI ULìD st,locality,st,23,89,50,9,1,,,,,.seoue: BÈNI ULìD : st.
134,67,0,et-Tlàlsa lO,locality,sn,,24,15,5,1,,,,,et-Tlàlsa sn. lO
134,67,0,! et-Tbùl (b),locality,st,6,21,11,3,1,,,,,.! st. et-Tbùl (b)
134,67,0,sn,locality,sn,51,162,73,13,1,,,,,sn.
134,67,0,GRUPPO ORFÈLLA EL-OTIìN RAMO EL-OTIÌN el-Lòtfa st,subtotal,st,44,164,88,,1,,,,,GRUPPO ORFÈLLA EL-OTIìN: RAMO EL-OTIÌN: el-Lòtfa st.
134,67,0,el-Cmeàt st,locality,st,15,62,31,,1,,,,,el-Cmeàt st.
134,67,0,JI,locality,sn,205,853,404,,1,,,,,sn. JI
134,67,0,st,locality,st,173,702,357,33,1,,,,,st.
134,67,0,el-Isàga. sn,locality,sn,83,327,153,17,1,,,,,el-Isàga. sn.
134,67,0,ez-Ziàdat. 7l,locality,st,,244,120,8,1,,,,,ez-Ziàdat. st. 7l
134,67,0,Bèni Ulld. el-Manasir (c) • st,locality,st,11,42,19,1,1,,,,,Bèni Ulld. el-Manasir (c) • st.
134,67,0,sn,locality,sn,147,569,274,13,1,,,,,sn.
134,67,0,el-Ataiàt st,locality,st,117,446,221,24,1,,,,,el-Ataiàt st.
134,67,0,el-Giamàmla (c) • st,locality,st,69,253,115,22,1,,,,,el-Giamàmla (c) • st.
134,67,0,sn,locality,sn,9,26,12,2,1,,,,,sn.
134,67,0,OAB. MARABUTIOHE I el-Magàrba (c) . st,census_1931,st,50,191,93,7,1,,,,,OAB. MARABUTIOHE: I el-Magàrba (c) . st.
134,67,0,,locality,,152,544,253,57,1,,,,,
134,67,0,el-Fotmàn ./ st sn,locality,st,2,6,3,1,1,,,,,el-Fotmàn ./ st .. sn.
134,67,0,Ulàd Bu Ras . . st,locality,st,44,164,80,8,1,,,,,Ulàd Bu Ras . . st.
134,67,0,an,locality,,7,32,13,,1,,,,,an
134,67,0,\ ISRAELITI. st,quarter,st,14,55,26,8,1,,,,,\ ISRAELITI. st.
134,67,0,ALTRI OENSITI. st,locality,st,3,189,3,,1,,,,,ALTRI OENSITI. st.
134,67,0,Residenza di Sirte,subtotal,,2737,9458,4903,1758,1,,,,,Residenza di Sirte
134,67,0,SIRTE,locality,,516,2143,1121,16,1,Sirte,sirte,Sirte,LY0208,SIRTE
134,67,0,QUARTIERI el-Garbia . st,quarter,st,136,601,311,8,1,,,,,QUARTIERI: el-Garbia . st.
134,67,0,esc-Scerghia • st,locality,st,122,550,284,3,1,,,,,esc-Scerghia • st.
134,67,0,ISRAELITI . st,quarter,st,79,334,185,,1,,,,,ISRAELITI . st.
134,67,0,ALTRI OENSITI. et,locality,,179,658,341,5,1,,,,,ALTRI OENSITI. et.
134,67,0,,locality,,43,160,66,5,1,,,,,
134,67,0,Bueràt el - Hsun (quartiere) lO,locality,st,,35,14,5,1,Bueràt el-Hsun,sirte,Sirte,LY0208,Bueràt el - Hsun (quartiere) st. lO
134,67,0,,locality,,,125,,,1,,,,,
134,67,0,ALTRI OE!'SITI. st,locality,st,33,,52,,0,,,,,ALTRI OE!'SITI. st.
134,67,0,TERRITORIO DI GASRBU RÀDI (el-Hamràia),subtotal,,698,2490,1234,234,1,,,,,TERRITORIO DI GASRBU RÀDI (el-Hamràia)
134,67,0,I RAMO EL-GADÀDFA,subtotal,,,173,,11,1,,,,,I RAMO EL-GADÀDFA:
134,67,0,Uàdi Tàmet el-Uòmla (d) . sn,locality,sn,50,,81,,0,,,,,Uàdi Tàmet el-Uòmla (d) . sn.
134,67,0,I Uàdi ez-Zed el-Chòtra (d) . sn,locality,sn,95,354,183,26,1,Uàdi ez- Zed,sirte,Sirte,LY0208,I Uàdi ez-Zed el-Chòtra (d) . sn.
134,67,0,Uàdi Hnèua es-Suàuda (d) . sn,locality,sn,87,268,141,74,1,,,,,Uàdi Hnèua es-Suàuda (d) . sn.
134,67,0,l Ulàd Amòr (d) sn,locality,sn,118,421,220,37,1,,,,,l Ulàd Amòr (d) sn.
134,67,0,"Uàdi Giàref. , el.Mgèddeb (d). sn",locality,sn,94,326,161,39,1,Uàdi Giàref,,,,"Uàdi Giàref. , el.Mgèddeb (d). sn."
134,67,0,ez-Zurgh (d) sp,locality,,53,214,96,9,1,,,,,ez-Zurgh (d) .• sp..
134,67,0,Uàdi el-Gàzi el-Gadàura (d). sh,locality,,99,376,191,35,1,Uàdi el- Gàzi,,,,Uàdi el-Gàzi el-Gadàura (d). sh.
134,67,0,Uàdi el-Garbiàt el-Guhùs (d) sn,locality,sn,33,116,51,3,1,,,,,Uàdi el-Garbiàt el-Guhùs (d) sn.
134,67,0,OAB. VARIE Uàdi el-Àmza. el-Amàmra an,census_1931,,67,227,108,,1,,,,,OAB. VARIE: Uàdi el-Àmza. el-Amàmra an.
134,67,0,(l) ALTRI OENSITI. st,locality,st,2,15,2,,1,,,,,(l) ALTRI OENSITI. st.
134,67,0,ES-SULTÀN,locality,,483,1884,1002,329,1,es- Sultàn,sirte,Sirte,LY0208,ES-SULTÀN.
134,67,0,ae~U3 i93/ ('),locality,,403,1845,877,,1,,,,,ae~U3: i93/ (')
134,67,0,I RAMO MAADÀN el -Ar'ebàt el - Chosscia sn,subtotal,sn,66,249,142,69,1,,,,,I RAMO MAADÀN: el -Ar'ebàt el - Chosscia sn.
134,67,0,ed-DIàba sn,locality,sn,127,517,280,85,1,,,,,ed-DIàba sn.
134,67,0,es-Suàua an,locality,,52,244,118,21,1,,,,,es-Suàua an.
134,67,0,RAMO MAGÀRBET ER Il (l) RAEDÀT ef-Arebàt • an,subtotal,,55,243,122,,1,,,,,RAMO MAGÀRBET ER Il (l) RAEDÀT: ef-Arebàt • an.
134,67,0,OAB. VARIE sn,census_1931,sn,,,62,35,0,,,,,OAB. VARIE: sn.
134,67,0,ez-Ziàina,locality,,37,123,,,1,,,,,ez-Ziàina
134,67,0,OAB. MARABUTIOIIE el-Hamàmla,census_1931,,146,508,278,119,1,,,,,OAB. MARABUTIOIIE : el-Hamàmla.
134,67,1,,locality,,,,,,0,,,,,
134,67,1,UÀDI GIÀREF,locality,,997,2781,1480,1174,1,Uàdi Giàref,,,,UÀDI GIÀREF.
134,67,1,RAMO EL-FERGIÀN el-Fruh (d) • sn,subtotal,sn,147,385,204,182,1,,,,,RAMO EL-FERGIÀN: el-Fruh (d) • sn.
134,67,1,et-Tnàfga (d) sn,locality,sn,375,1026,560,444,1,,,,,et-Tnàfga (d) sn.
134,67,1,er-Rmetàt (d) . sn,locality,sn,111,298,163,146,1,,,,,er-Rmetàt (d) . sn.
134,67,1,(l) Ulàd Bu Èscia (d). an,locality,,34,69,42,71,1,,,,,(l) Ulàd Bu Èscia (d). an.
134,67,1,es-Sùbha (d) • an,locality,,153,399,217,233,1,,,,,es-Sùbha (d) • an.
134,67,1,CAB. VARIE el-Hsun. sn,census_1931,sn,49,184,91,31,1,,,,,CAB. VARIE: el-Hsun. sn.
134,67,1,Orfella an,locality,,128,420,203,67,1,,,,,Orfella an.
134,67,1,"Residenza d,i en-Nofllia",subtotal,,751,1995,,,1,,,,,"Residenza d,i en-Nofllia"
134,67,1,,locality,,,,952,1212,0,,,,,
134,67,1,EN-NoFILìA,locality,,19,64,24,,1,,,,,EN-NoFILìA
134,67,1,QUARTIERE URBANO st,locality,st,11,27,9,,1,,,,,QUARTIERE URBANO st.
134,67,1,ALTRl OENSITI. st,locality,st,8,37,15,,1,,,,,ALTRl OENSITI. st.
134,67,1,BIR EN-NAìM . ez-Ziàina sn,locality,sn,12,47,23,5,1,,,,,BIR EN-NAìM . ez-Ziàina sn.
134,67,1,RAMo MAGÀRBET ESO SOIÀMEOII Bu SÀADA Mghèrief (e). an,subtotal,,67,51,23,229,0,,,,,RAMo MAGÀRBET ESO SOIÀMEOII : Bu SÀADA Mghèrief (e). an.
134,67,1,MARSA EL-IHUDìA,locality,,188,100,50,713,0,Màrsa el- Ihudìa,en nofilia,Sirte,LY0208,MARSA EL-IHUDìA
134,67,1,RAMO MAGÀRBET ER RAEDÀT Behlg an,subtotal,,95,93,45,853,0,,,,,RAMO MAGÀRBET ER RAEDÀT: Behlg an.
134,67,1,(l) ' ~ CAB VARIE el-Gabàil (d) -,locality,sn,66,,,262,0,,,,,(l) ' ~ CAB .. VARIE: el-Gabàil (d) sn. -
134,67,1,esc-Scehébàt sn,locality,sn,27,7,5,,0,,,,,esc-Scehébàt sn.
134,67,1,,locality,,,,,98,0,,,,,
134,67,1,1,locality,,181,487,225,248,1,,,,,1.
134,67,1,BIR UMM ED-DAUUÀI • l RAMO MAGÀRBET ER. RAEDÀT (l) Bulgràga an,subtotal,,127,291,140,,1,,,,,BIR UMM ED-DAUUÀI • l RAMO MAGÀRBET ER. RAEDÀT: (l) Bulgràga an.
134,67,1,CAB. MARABUTIOIIE ~I Ulàd UM an. 85,census_1931,,54,196,,,1,,,,,CAB. MARABUTIOIIE : ~I Ulàd UM an. 85.
134,67,1,UÀDI BEN GAUUÀD,locality,,34,125,54,29,1,"Uàdi Ben, Gauuàd",en nofilia,Sirte,LY0208,UÀDI BEN GAUUÀD .
134,67,1,RAMO EL-AMÀIEM '.' . sn,subtotal,sn,28,104,46,15,1,,,,,RAMO EL-AMÀIEM: '.' . sn.
134,67,1,(l) l. el .Gedaiàt RAMO EL-FuATÌR . es-Sofràn (/) . sn,subtotal,sn,6,21,8,14,1,,,,,(l) l. el :.Gedaiàt RAMO EL-FuATÌR: . es-Sofràn (/) . sn.
134,67,1,UÀDI EL-ÀGAR,locality,,92,384,186,13,1,Uàdi el- Agar,en nofilia,Sirte,LY0208,UÀDI EL-ÀGAR
134,67,1,ER- l RAMo MAGÀRBET RAEDÀT (l) Bu Scèba. lO,subtotal,sn,43,192,96,,1,,,,,ER- l RAMo MAGÀRBET RAEDÀT: (l) Bu Scèba. sn. lO
134,67,1,Nòfel. sn,locality,sn,26,103,51,3,1,,,,,Nòfel. sn.
134,67,1,Alèua sn,locality,sn,23,89,39,,1,,,,,Alèua sn.
134,67,1,RAMo ULÀDESO-SOEOII UÀDI ER-RTÈM Ulàd esc-Scech (I). sn,subtotal,sn,31,137,73,20,1,,,,,RAMo ULÀDESO-SOEOII: UÀDI ER-RTÈM Ulàd esc-Scech (I). sn.
134,67,1,UÀDIEL-GAZÀL Orfèlla • an,locality,,30,146,73,3,1,,,,,UÀDIEL-GAZÀL Orfèlla • an.
134,67,1,RAMO ULÀD SLEMÀN I UÀDI HARAuA Ulàd Slemàn sn,subtotal,sn,97,454,221,12,1,,,,,RAMO ULÀD SLEMÀN: I UÀDI HARAuA Ulàd Slemàn sn.
134,67,1,PROVINCIA DI BENGASI 26.229 91.143 44.643,subtotal,,,,,6566,0,,,,,", PROVINCIA DI BENGASI 26.229 91.143 44.643"
134,67,1,CIRCONDARIO DI AGEDABIA (o) 4.044 12.195 3.asi,subtotal,,,,5902,,0,,,,,CIRCONDARIO DI AGEDABIA (o) 4.044 12.195 3.asi
134,67,1,Distretto di el-Aghèila,subtotal,,875,853,420,2927,0,,,,,Distretto di el-Aghèila
134,67,1,EL-AGHÈILA,locality,,200,97,46,757,0,el- Aghèila,el agheila,Al Wahat,LY0105,EL-AGHÈILA
134,67,1,TRIBÙ EL-MAGÀRBA Ulàd esc-sciàmech 1 st,locality,st,1,,,4,0,,,,,TRIBÙ EL-MAGÀRBA: Ulàd esc-sciàmech:1 st.
134,67,1,Ali (h) • . . . . sn,locality,sn,70,,,309,0,,,,,Ali (h) • . . . . sn.
134,67,1,Ulàd esc-Sciàmech . j Mansùr. . . . . (l) . Ulàd esc-Sciàmech .an,locality,,16,,,74,0,,,,,Ulàd esc-Sciàmech .:j Mansùr. . . . . (l) . Ulàd esc-Sciàmech: .an
135,68,0,,locality,,,,,,0,,,,,
135,68,0,Segue EL-AGRÈ1LA MARABTIN esc-Sciòrfa sn,locality,sn,20,,,118,0,,,,,Segue: EL-AGRÈ1LA ; MARABTIN: esc-Sciòrfa sn.
135,68,0,Ulàd esc-Scech sn,locality,sn,14,,,49,0,,,,,Ulàd esc-Scech sn.
135,68,0,\ el-Auàma. · . sn,locality,sn,13,,,48,0,,,,,\ el-Auàma. · . sn.
135,68,0,Altri. I lO,locality,st,4,,4,6,0,,,,,Altri. I st. lO
135,68,0,(1) 'l sn,locality,sn,6,,,,0,,,,,(1) 'l sn.
135,68,0,1 COLOGRLI,locality,,3,5,3,,1,,,,,1 COLOGRLI.
135,68,0,/ SUDANESI. I lO,locality,,,15,9,5,1,,,,,/ SUDANESI. : I ::: lO
135,68,0,,locality,,,,,13,0,,,,,
135,68,0,1' st,locality,st,17,58,26,,1,,,,,.1' st.
135,68,0,\ ALTRI CENSITI. sn,quarter,sn,26,9,4,92,0,,,,,\ ALTRI CENSITI. sn.
135,68,0,EL-BÈsOER,locality,,206,294,152,540,1,,,,,EL-BÈsOER.
135,68,0,I TRIBÙ EL-MAGÀRBA Ulàd esc-Sciàmech Ulàd esc-Sciàmech l Ali (b) • . . . . sn,locality,sn,120,106,,393,0,,,,,I TRIBÙ EL-MAGÀRBA: Ulàd esc-Sciàmech: Ulàd esc-Sciàmech: l Ali (b) • . . . . sn.
135,68,0,Subh s,locality,,,7,,11,1,,,,,Subh s
135,68,0,Ulàd esc-Sciàmech MansÙl' er-Raedàt. sn,locality,n,5,14,8,,1,,,,,Ulàd esc-Sciàmech: n. MansÙl' er-Raedàt. sn.
135,68,0,(1) TRIBÙ EL-GIABÀRNA Giuàzi el-Ghisa. sn,locality,sn,23,1,,80,0,,,,,(1) TRIBÙ EL-GIABÀRNA : Giuàzi: el-Ghisa. sn.
135,68,0,el-Areibàt. sn,locality,sn,9,33,18,5,1,,,,,el-Areibàt. sn.
135,68,0,MARABTIN Msceitàt Bu IfaIfàia sn,locality,sn,13,50,25,,1,,,,,MARABTIN: Msceitàt: Bu IfaIfàia sn.
135,68,0,I Altri. sn,locality,sn,9,35,21,,1,,,,,I Altri. sn.
135,68,0,ALTRI CENSITI. .I st,quarter,st,1,2,,,1,,,,,"ALTRI CENSITI. .I st,"
135,68,0,I sn,locality,sn,21,46,25,42,1,,,,,I sn.
135,68,0,"MÀRBA EL-BRÈGA (Brèga Melelli) 99, ',81",locality,,232,199,,,0,Brèga Melelli,el agheila,Al Wahat,LY0105,"MÀRBA EL-BRÈGA (Brèga Melelli) 99, ',81"
135,68,0,TRIBÙ EL-]\I[AG1RBA Ulàd esc-Sciàmech Ali • . . . . . . sn,locality,sn,187,116,62,689,0,,,,,TRIBÙ EL-]\I[AG1RBA: Ulàd esc-Sciàmech: Ali • . . . . . . sn.
135,68,0,Ulàd esc-Sciàmech MansÙl' • sn,locality,sn,5,,,27,0,,,,,Ulàd esc-Sciàmech: MansÙl' • sn.
135,68,0,MARABTIN (1) Msceitàt Bu Ifalfàia sn,locality,sn,7,,,34,0,,,,,MARABTIN: (1) Msceitàt: Bu Ifalfàia sn.
135,68,0,l st,locality,st,3,6,1,,1,,,,,l st.
135,68,0,Altri. · sn,locality,sn,3,,,6,0,,,,,Altri. · sn.
135,68,0,1 st,locality,st,3,21,11,,1,,,,,.1 st.
135,68,0,COLOGRLI • ALTRI CENSITI. .1 st,quarter,st,12,42,17,3,1,,,,,COLOGRLI • ALTRI CENSITI. .1 st.
135,68,0,sn,locality,sn,12,14,,22,1,,,,,sn.
135,68,0,OASI DI MARÀDA,locality,,237,263,,849,1,,,,,OASI DI MARÀDA •
135,68,0,Oens. 1931 (*) ~~I,census_1931,,102,380,,,1,,,,,Oens. 1931 (*) ~~I
135,68,0,"TRIBÙ EL-MAGÀRBA l' Nasr. , Ulàd esc-Sciàmech sn",locality,sn,6,,,32,0,,,,,"TRIBÙ EL-MAGÀRBA: l' Nasr. , Ulàd esc-Sciàmech: sn."
135,68,0,MABABTIN ez-Zàuia sn,locality,sn,152,94,43,631,0,,,,,MABABTIN: ez-Zàuia sn.
135,68,0,Ifamud. sn,locality,sn,34,89,42,86,1,,,,,"Ifamud. sn,"
135,68,0,(1) .! l lO,locality,st,,19,,3,1,,,,,(1) .! st. l lO
135,68,0,I Altri. · sn,locality,sn,7,,,29,0,,,,,I Altri. · sn.
135,68,0,SUDANESI. ) l,locality,st,,4,,,1,,,,,SUDANESI. ) st. l
135,68,0,1 sn,locality,sn,12,13,,31,1,,,,,'1 sn.
135,68,0,! ~I,locality,st,,,16,1,0,,,,,.! st. ~I
135,68,0,ALTRI CENSITI,quarter,,15,38,,,1,,,,,ALTRI CENSITI.
135,68,0,sn,locality,sn,9,6,3,36,0,,,,,sn.
135,68,0,Distretto di Agedàbia 3.169 11.342 5 482,subtotal,,,,,455,0,,,,,Distretto di Agedàbia 3.169 11.342 5:482
135,68,0,AGEDÀBIA,locality,,1553,4986,2325,365,1,Agedàbia,agedabia,Al Wahat,LY0105,AGEDÀBIA
135,68,0,Oens. 1931 (*),census_1931,,2427,9269,4450,,1,,,,,Oens. 1931 (*)
135,68,0,l° QUARTIERE (c) st,locality,st,287,1032,509,39,1,,,,,l° QUARTIERE (c) st.
135,68,0,2° QUARTIERE (c) st,locality,st,116,418,214,23,1,,,,,2° QUARTIERE (c) st.
135,68,0,"TRIBÙ EL-MAGÀRBA el-Allll'ia, es-Samhudia Ulàd esc-Sciàmech Subh (d) . • • '. sn",locality,sn,207,670,307,72,1,es- Samhudìa,,,,"TRIBÙ EL-MAGÀRBA : el-Allll'ia, es-Samhudia Ulàd esc-Sciàmech: Subh (d) . • • '. sn."
135,68,0,Baghlia. Ulàd esc-Sciàmech NasI' (e) . . . . sn,locality,sn,113,372,160,33,1,,,,,Baghlia. Ulàd esc-Sciàmech : NasI' (e) . . . . sn.
135,68,0,"esc-Scellalàt, Sebica Ulàd esc-Sciàmech MansÙl' (1) . I sn",locality,sn,65,226,104,,1,,,,,"esc-Scellalàt, Sebica Ulàd esc-Sciàmech: MansÙl' (1) . I sn."
135,68,1,"- - - - - 1 - - - - -1 - - - - -2-----_s Z4 1-, -",locality,,,,,7,0,,,,,"- - - - - 1 - - - - -1 - - - - -2-----_s.... Z4 1-,;-:"
135,68,1,Segue AGEDÀBIA TRIBÙ EL-GIABÀRNA ez-Zòra . el-Arei bàt . sn,locality,sn,47,158,83,16,1,,,,,Segue: AGEDÀBIA TRIBÙ EL-GIABÀRNA : ez-Zòra . el-Arei bàt . sn.
135,68,1,Lamàresc. Giuàzi el-Ghisa. Sn,locality,sn,21,64,28,3,1,,,,,Lamàresc. Giuàzi: el-Ghisa. Sn.
135,68,1,"~-.- .~,~ ~"",.""'''' MARABTIN 25 Bu Sdèra Bu 1tFèttah el-Fuàcher Sn",locality,sn,247,677,297,100,1,Bu Sdèra,agedabia,Al Wahat,LY0105,"~-.- .~,~ .. ~"",.""'''' .... MARABTIN: 25 Bu Sdèra; Bu 1tFèttah el-Fuàcher Sn."
135,68,1,"14 Zuèia, Bu Amùd . . Ulàd esc-Scech sn",locality,sn,199,610,284,30,1,Bu Amùd,agedabia,Al Wahat,LY0105,"14 Zuèia, Bu Amùd . . Ulàd esc-Scech sn."
135,68,1,"Sàniet el-Rimàra, Aleiàn ez-Zuèia sn",locality,sn,202,582,245,40,1,,,,,"Sàniet el-Rimàra, Aleiàn ez-Zuèia sn."
135,68,1,ez-Zòra. el-Fergiàn. sn,locality,sn,7,28,12,1,1,,,,,ez-Zòra. el-Fergiàn. sn.
135,68,1,ALTRI CENSITI,quarter,,39,129,73,1,1,,,,,ALTRI CENSITI.
135,68,1,(1) ·1 ~ -,locality,,3,20,9,,1,,,,,(1) ·1 :~: -
135,68,1,EZ-ZUETìNA,locality,,376,1503,701,30,1,ez- Zuetìna,agedabia,Al Wahat,LY0105,EZ-ZUETìNA
135,68,1,Oens. 1931 (*) ·293,census_1931,,73,,114,,0,,,,,Oens. 1931 (*) ·293
135,68,1,I TRIBÙ EL-MAGÀRBA Argùb el-Halib er-Raedàt. sn,locality,sn,37,151,79,2,1,Argùb el-Halìb,agedabia,Al Wahat,LY0105,"I TRIBÙ EL-MAGÀRBA : Argùb el-Halib er-Raedàt. sn,"
135,68,1,l TRIBÙ EL-AUAGRìR Sdèidi sn,locality,sn,14,53,23,,1,,,,,l TRIBÙ EL-AUAGRìR: Sdèidi sn.
135,68,1,4 Caserma Turca TRIBÙ EL-ÒRFA et-Torsc -,locality,sn,11,49,18,,1,Caserma Turca,agedabia,Al Wahat,LY0105,4 Caserma Turca TRIBÙ EL-ÒRFA: et-Torsc sn. -
135,68,1,"MARABTIN Caserma Turca, Sidi",locality,,8,22,12,,1,Caserma Turca,agedabia,Al Wahat,LY0105,"MARABTIN: Caserma Turca, Sidi"
135,68,1,"Frag, el-Gelulia el-Gabàil ·1 ~~",locality,,284,1147,528,26,1,,,,,"Frag, el-Gelulia el-Gabàil ·1 ~~:"
135,68,1,! Caserma Turca Msceitàt sn,locality,sn,12,52,27,1,1,Caserma Turca,agedabia,Al Wahat,LY0105,! Caserma Turca Msceitàt sn.
135,68,1,(1) ALTRI CENSITI. lO,quarter,st,,29,14,,1,,,,,(1) ALTRI CENSITI. st. lO
135,68,1,OASI DI ÀUGILA,locality,,348,1442,705,33,1,,,,,OASI DI ÀUGILA
135,68,1,Oens. 1931 (*),census_1931,,335,1463,726,,1,,,,,Oens. 1931 (*)
135,68,1,TRIBÙ EL-AuÀGILA st,locality,st,139,563,272,12,1,,,,,TRIBÙ EL-AuÀGILA : st.
135,68,1,es-Sùbcha. el-Hàti . st,locality,st,97,419,201,11,1,,,,,es-Sùbcha. el-Hàti . st.
135,68,1,es-Saràhna st,locality,st,55,230,117,3,1,,,,,es-Saràhna st.
135,68,1,(1) ez-Zagàghna st,locality,st,36,145,72,5,1,,,,,(1) ez-Zagàghna st.
135,68,1,MARABTIN et,locality,,13,60,,2,1,,,,,MARABTIN: et.
135,68,1,ez-Zuèia ALTRI OENSITI. st,locality,st,8,25,12,,1,,,,,ez-Zuèia ALTRI OENSITI. st.
135,68,1,,locality,,795,3031,1,23,1,,,,,
135,68,1,OASI DI GIÀLo • den~. '1931 .( *),locality,,105,2752,1529,,1,,,,,OASI DI GIÀLo • den~. '1931 .( *)
135,68,1,TRIBÙ EL-MAGIÀBRA el-Gzùza st,locality,st,88,307,168,,1,,,,,TRIBÙ EL-MAGIÀBRA: el-Gzùza st.
135,68,1,el-Alà)ga st,locality,st,75,294,158,,1,,,,,el-Alà)ga st.
135,68,1,es-Saadàt. st,locality,st,70,260,155,1,1,,,,,"es-Saadàt. st,"
135,68,1,el-Gueilàt . (l3,locality,st,,252,124,3,1,,,,,el-Gueilàt . st. (l3
135,68,1,en-Nseiràt st,locality,st,52,239,128,1,1,,,,,en-Nseiràt st.
135,68,1,ed-Dbùba. st,locality,st,46,188,97,3,1,,,,,ed-Dbùba. st.
135,68,1,el Chalàif . st,locality,st,57,171,102,,1,,,,,el :Chalàif . st.
135,68,1,(1) el-Hareibàt ],locality,st,43,160,84,,1,,,,,(1) el-Hareibàt st. ]
135,68,1,el-Rollll'àn st,locality,st,30,133,78,2,1,,,,,el-Rollll'àn st.
135,68,1,et-Tuàleb. st,locality,st,28,107,56,,1,,,,,et-Tuàleb. st.
135,68,1,el-Ifueidàt st,locality,st,21,100,52,4,1,,,,,el-Ifueidàt st.
135,68,1,el-Machàtra . st,locality,st,36,93,58,,1,,,,,el-Machàtra . st.
135,68,1,el-Baaràt Feiza st,locality,st,36,154,77,2,1,,,,,el-Baaràt Feiza st.
135,68,1,el-Baaràt Doma st,locality,st,20,65,35,3,1,,,,,el-Baaràt Doma st.
135,68,1,ALTRI CENSITI. 50R,quarter,st,126,,201,3,0,,,,,ALTRI CENSITI. st. 50R
135,68,1,GICHÈRRA,locality,,97,380,178,4,1,Gichèrra:,,,,GICHÈRRA ...
135,68,1,Oens. 1931 (*),census_1931,,73,248,117,,1,,,,,Oens. 1931 (*)
135,68,1,TRIBÙ EL-MAGIÀBRA el-Gueilàt . st,locality,st,11,57,28,,1,,,,,TRIBÙ EL-MAGIÀBRA: el-Gueilàt . st.
135,68,1,ed-Dbùba. st,locality,st,9,37,18,,1,,,,,ed-Dbùba. st.
135,68,1,TRIBÙ EL-AuÀGILA es. Saràhna . st,locality,st,11,37,15,,1,,,,,TRIBÙ EL-AuÀGILA: es. Saràhna . st.
135,68,1,(1) MARABTIN ez-Zuèia Sdèidi (Ghsèiri) st,locality,st,35,132,65,,1,,,,,(1) MARABTIN: ez-Zuèia : Sdèidi (Ghsèiri) st.
135,68,1,ez-Zuèia el-Giululàt (Fàcher) . . . . st,locality,st,14,53,25,,1,,,,,ez-Zuèia: el-Giululàt (Fàcher) . . . . st.
135,68,1,ez-Zuèia esc-Sciuà- gher (Àmer) st,locality,st,11,45,20,,1,,,,,ez-Zuèia: esc-Sciuà- gher (Àmer) st.
135,68,1,~)I ALTRI CENSITI. st,quarter,st,6,19,7,,1,,,,,~)I ALTRI CENSITI. st.
136,69,0,"34567 CIRCONDARIO DI BENGASI 115.626 57.916 27.839 Residenza di Bengasi (b) 10.287 37.945 18,427",subtotal,,,,,454,0,,,,,"34567 CIRCONDARIO DI BENGASI 115.626 57.916 27.839 Residenza di Bengasi (b) 10.287 37.945 18,427"
136,69,0,"BENGASI (Oentro urba,no) 8.978 32.833 16,004",locality,,,,,411,0,Bengasi,bengasi,Benghazi,LY0103,"BENGASI (Oentro urba,no) : 8.978 32.833 16,004"
136,69,0,Oens. 1931,census_1931,,9073,30686,14472,,1,,,,,Oens. 1931
136,69,0,QUARTIERI Sidi Belchèir st,quarter,st,,,618,,0,,,,,QUARTIERI: Sidi Belchèir st.
136,69,0,,locality,,310,1216,,30,1,,,,,
136,69,0,Sidi Ben ìsa . st,locality,st,522,1959,983,5,1,,,,,Sidi Ben ìsa . st.
136,69,0,Sidi Chreibìsc . st,locality,st,1557,5703,2860,24,1,,,,,Sidi Chreibìsc . st.
136,69,0,Sidi Daùd . . st,locality,st,1856,6020,2981,49,1,,,,,Sidi Daùd . . st.
136,69,0,Sidi ed-Dràui . st,locality,st,640,2449,1242,,1,,,,,Sidi ed-Dràui . st.
136,69,0,Sidi Ghreibil st,locality,st,,1863,932,6,1,,,,,Sidi Ghreibil st.
136,69,0,Sidi Husèin . ~~g,locality,st,,2413,1173,6,1,,,,,Sidi Husèin . st. ~~g
136,69,0,Sidi el-Uhèisci . st,locality,st,300,1349,703,3,1,,,,,Sidi el-Uhèisci . st.
136,69,0,es-Sàbri st,locality,st,1231,3737,1899,38,1,,,,,es-Sàbri st.
136,69,0,Sidi Sàlem st,locality,st,106,511,272,11,1,,,,,Sidi Sàlem st.
136,69,0,Sidi esc-Scerif . st,locality,st,594,2173,1072,5,1,,,,,Sidi esc-Scerif . st.
136,69,0,Sidi esc-Sciàb bi st,locality,st,141,622,323,3,1,,,,,Sidi esc-Sciàb bi st.
136,69,0,ALTRI CENSITI. st,quarter,st,571,2818,946,231,1,,,,,ALTRI CENSITI. st.
136,69,0,EL-CoÈFlA,locality,,869,3527,1662,17,1,,,,,EL-CoÈFlA
136,69,0,Oens. 1931 (*),census_1931,,435,1765,818,,1,,,,,Oens. 1931 (*)
136,69,0,el-Ooèfia st,locality,st,234,1020,477,13,1,,,,,el-Ooèfia st.
136,69,0,Casa Omràn st,locality,st,14,53,22,,1,Casa Omràn,bengasi,Benghazi,LY0103,Casa Omràn st.
136,69,0,I Casa Sciagaàbi st,locality,st,7,40,19,,1,Casa Sciagaàbi,bengasi,Benghazi,LY0103,I Casa Sciagaàbi st.
136,69,0,et-Tàma st,locality,st,148,587,281,,1,,,,,et-Tàma st.
136,69,0,Lète . st,locality,st,16,49,17,,1,,,,,Lète . st.
136,69,0,el-Mgarin . st,locality,st,11,40,17,,1,el- Mgarìn,bengasi,Benghazi,LY0103,el-Mgarin . st.
136,69,0,Sidi ChaJlfa . st,locality,st,302,1178,575,2,1,,,,,Sidi ChaJlfa . st.
136,69,0,Sidi Mansùr. st,locality,st,56,223,110,,1,,,,,Sidi Mansùr. st.
136,69,0,es-Slàui. . . . st,locality,st,30,129,56,,1,,,,,es-Slàui. . . . st.
136,69,0,Suàni el-Anèizi . st,locality,st,20,86,38,,1,Suàni el- Anèizi,bengasi,Benghazi,LY0103,. Suàni el-Anèizi . st.
136,69,0,Suàni el-Cadichi . st,locality,st,23,79,32,,1,Suàni el- Cadìchi,bengasi,Benghazi,LY0103,Suàni el-Cadichi . st.
136,69,0,Suàni Osmàn. st,locality,st,8,43,18,,1,Suàni Osmàn,bengasi,Benghazi,LY0103,Suàni Osmàn. st.
136,69,0,GUÀRSCIA 761,locality,,440,1585,,26,1,Guàrscia,bengasi,Benghazi,LY0103,"GUÀRSCIA 761,"
136,69,0,Guàrscia st,locality,st,153,511,243,17,1,Guàrscia,bengasi,Benghazi,LY0103,Guàrscia st.
136,69,0,Bu Àtni st,locality,st,40,130,60,,1,,,,,Bu Àtni st.
136,69,0,Bu Hariga st,locality,st,24,73,36,,1,Bu Hariga,bengasi,Benghazi,LY0103,Bu Hariga st.
136,69,0,el-Ohèrua . st,locality,st,6,16,9,,1,,,,,el-Ohèrua . st.
136,69,0,Chuèbia l,locality,st,64,229,111,9,1,,,,,Chuèbia st'l
136,69,0,ed- Dueis. st,locality,st,5,25,12,,1,,,,,ed- Dueis. st.
136,69,0,Ganfùda st,locality,st,78,320,158,,1,Ganfùda,,,,Ganfùda st.
136,69,0,Gariùnes st,locality,st,24,109,52,,1,Gariùnes,,,,Gariùnes st.
136,69,0,Mscllia . st,locality,st,39,147,69,,1,,,,,Mscllia . st.
136,69,0,st,locality,st,7,25,11,,1,,,,,st.
136,69,0,Il er-Rhàba . Residenza di Solùch 3_813' 14.129,subtotal,,,,6533,308,0,,,,,Il er-Rhàba . Residenza di Solùch 3_813' 14.129
136,69,0,SOLÙCH,locality,,818,3170,1328,39,1,Solùch,soluch,Benghazi,LY0103,SOLÙCH
136,69,0,Oens. 1931 (*),census_1931,,4491,17850,8305,,1,,,,,Oens. 1931 (*)
136,69,0,TRIBÙ EL-AUAGHiR Sdèidi,locality,,183,638,284,5,1,,,,,TRIBÙ EL-AUAGHiR : Sdèidi
136,69,0,Brahlm,locality,,18,55,22,1,1,,,,,Brahlm .
136,69,0,TRIBÙ EL-GIABÀRNA el-.A.reibàt,locality,,33,120,57,,1,,,,,TRIBÙ EL-GIABÀRNA: el-.A.reibàt .
136,69,0,TRIBÙ EL-MAGÀRBA Ulàd esc-Sciàmech Ali. . . . . . . st,locality,st,12,42,20,,1,,,,,TRIBÙ EL-MAGÀRBA : Ulàd esc-Sciàmech: Ali. . . . . . . st.
136,69,0,Ulàd eSC-SCiàmech ~ Nasr . . . . . t,locality,,9,38,17,,1,,,,,Ulàd eSC-SCiàmech:~ Nasr . . . . . t
136,69,0,Ulàd esc-Sciàmech s . Mansùr . . . . (1) TRIBÙ EL-ÒRFA et-Torsc st,locality,st,21,69,26,,1,,,,,Ulàd esc-Sciàmech: s . Mansùr . . . . (1) TRIBÙ EL-ÒRFA: et-Torsc st.
136,69,0,TRIBÙ EL-BRÀASA Tàmia I st,locality,st,17,53,25,,1,,,,,TRIBÙ EL-BRÀASA: Tàmia : I st.
136,69,0,Husèin. ÀILET FÀlD Bu Sceghèila st,locality,st,7,30,13,,1,,,,,Husèin. ÀILET FÀlD: Bu Sceghèila st.
136,69,0,MARABTlN I el-Fuàcher st,locality,st,2961,1082,457,25,0,,,,,MARABTlN : I el-Fuàcher st.
136,69,0,esc-Sceheibàt 1 i,locality,st,32,115,41,,1,,,,,esc-Sceheibàt st. 1 i
136,69,1,,locality,,,,,,0,,,,,
136,69,1,918 Segue SOLÙCH Ulàd esc-Scech el-Fuatir -,locality,st,16,56,29,,1,,,,,918 Segue: SOLÙCH Ulàd esc-Scech st. el-Fuatir st. -
136,69,1,el-Ghetaàn st,locality,st,14,42,19,1,1,,,,,el-Ghetaàn st.
136,69,1,el-Fergiàn. -,locality,st,7,39,23,,1,,,,,el-Fergiàn. st. -
136,69,1,Altri. st,locality,st,58,198,92,4,1,,,,,Altri. st.
136,69,1,MISURATINI • -,locality,st,11,57,29,,1,,,,,MISURATINI • st. -
136,69,1,(1) MISURATINI O O L O - GHLI • lO,locality,st,,47,30,,1,,,,,(1) MISURATINI O O L O - GHLI • st. lO
136,69,1,TRlPOLINI. st,locality,st,26,101,56,,1,,,,,TRlPOLINI. st.
136,69,1,TUNISINI st,locality,st,5,11,5,,1,,,,,TUNISINI st.
136,69,1,MAROCCHINI. st,locality,st,1,3,2,,1,,,,,MAROCCHINI. st.
136,69,1,ALTRI CENSITI. st,quarter,st,25,317,50,,1,,,,,"ALTRI CENSITI. st. ,"
136,69,1,GIARDiNA,locality,,584,2019,969,41,1,Giardìna,,,,GIARDiNA
136,69,1,,locality,,24,108,56,,1,,,,,
136,69,1,I TRIBÙ EL-AuAGHiR I Brahlm. st,locality,st,161,543,262,13,1,,,,,I TRIBÙ EL-AuAGHiR: I Brahlm. st.
136,69,1,Sdèidi st,locality,st,48,171,84,4,1,,,,,Sdèidi st.
136,69,1,I TRIBÙ EL-GIABÀRNA Giuàzi (el-Gelalàt). -,locality,st,18,64,33,,1,,,,,I TRIBÙ EL-GIABÀRNA: Giuàzi (el-Gelalàt). st. -
136,69,1,TRIBÙ EL-ÒRFA es-Salàtna I et-Torsc,locality,st,17,,,,0,,,,,TRIBÙ EL-ÒRFA : es-Salàtna : I st. et-Torsc
136,69,1,TRIBÙ EL-DÒRSA I gl!~ Abd 'el Gia~àdl st,locality,st,,34,17,,1,,,,,TRIBÙ EL-DÒRSA : I gl!~ Abd 'el:Gia~àdl st.
136,69,1,TRIBÙ EL-MAGÀRBA (1) Ulàd esc-Sciàmech (Ali) lO,locality,st,,32,15,,1,,,,,TRIBÙ EL-MAGÀRBA : (1) Ulàd esc-Sciàmech (Ali) st. lO
136,69,1,TRIBÙ EL-BRÀASA Husèin. Abd,locality,st,7,32,14,,1,,,,,TRIBÙ EL-BRÀASA : Husèin. st. Abd
136,69,1,MARABTIN es-Saèt,locality,st,157,552,264,,1,,,,,MARABTIN: st. es-Saèt. . .
136,69,1,esc-Sceheibàt st,locality,st,30,92,40,,1,,,,,esc-Sceheibàt st.
136,69,1,el-Ghetaàn st,locality,st,25,85,38,,1,,,,,el-Ghetaàn st.
136,69,1,esc-Sciòrfa st,locality,st,24,84,37,,1,,,,,esc-Sciòrfa st.
136,69,1,el-Fuatir st,locality,st,9,39,22,,1,,,,,el-Fuatir st.
136,69,1,Altri. st,locality,st,50,162,82,,1,,,,,Altri. st.
136,69,1,TRlPOLINl. st,locality,st,12,42,20,,1,,,,,TRlPOLINl. st.
136,69,1,MISURATINl • l,locality,st,,4,3,,1,,,,,st. MISURATINl • l
136,69,1,ALTRI CENSITI. st,quarter,st,8,25,13,,1,,,,,ALTRI CENSITI. st.
136,69,1,GHEMiNEB (Oamìnus),locality,,762,2942,1398,,1,,,,,GHEMiNEB (Oamìnus)
136,69,1,"Oe' "" '1931'(*)",census_1931,,287,1241,612,,1,,,,,". . . . Oe';"" •. '1931'(*)"
136,69,1,TRIBÙ EL-AUAGHiR 'st,locality,st,,,,4,0,,,,,TRIBÙ EL-AUAGHiR : 'st.
136,69,1,Mtàua,locality,,113,415,195,,1,,,,,Mtàua
136,69,1,Brahlm. lO,locality,st,63,231,110,,1,,,,,Brahlm. st. lO
136,69,1,Sdèidi' st,locality,st,33,132,57,3,1,,,,,Sdèidi' st.
136,69,1,TRIBÙ EL'ÒRFA et-Torsc I st,locality,st,74,251,118,,1,,,,,TRIBÙ EL'ÒRFA: et-Torsc : I st.
136,69,1,es-Salàtna TRIBÙ EL-MAGÀRBA Ulàdesc-Sciàmech Ali. . . . . . . st,locality,st,34,137,74,,1,,,,,es-Salàtna TRIBÙ EL-MAGÀRBA: Ulàdesc-Sciàmech: Ali. . . . . . . st.
136,69,1,(1) Ulàd eso-Sciàmech Nasr . lO,locality,st,,38,11,,1,,,,,(1) Ulàd eso-Sciàmech: Nasr . st. lO
136,69,1,er-Raedàt. st,locality,st,15,51,23,,1,,,,,er-Raedàt. st.
136,69,1,TRIBÙ EL-GlABÀRNA Giuàzi Gemèla . st,locality,st,23,77,36,,1,,,,,TRIBÙ EL-GlABÀRNA: Giuàzi: Gemèla . st.
136,69,1,el-.A.reibàt . 1 -,locality,st,1,6,2,,1,,,,,el-.A.reibàt . st. 1 -
136,69,1,,locality,,,,17,,0,,,,,
136,69,1,TRIBÙ EL-AuÀGlLA st,locality,st,5,34,,,1,,,,,TRIBÙ EL-AuÀGlLA: st.
136,69,1,MARABTIN el-Fergiàn. st,locality,st,,258,121,5,1,,,,,MARABTIN: el-Fergiàn. st.
136,69,1,el-Ghetaàn st,locality,st,48,164,73,,1,,,,,el-Ghetaàn st.
136,69,1,Msceitàt -=1,locality,st,27,109,49,,1,,,,,Msceitàt st. -=1
136,69,1,,locality,,1,,,,0,,,,,
137,70,0,1----~1~-----1-----~2-----1~3,locality,,,,,7,0,,,,,1----~1~-----1-----~2-----1~3
137,70,0,Segue GHEMÌNES Ulàd esc-Scebc. . . st,locality,st,13,59,30,,1,,,,,Segue: GHEMÌNES Ulàd esc-Scebc. . . st.
137,70,0,Gariàn et-Tuabrìa lO,locality,st,,52,27,,1,,,,,Gariàn: et-Tuabrìa st. lO
137,70,0,ez-Zuèia st,locality,st,11,40,16,,1,,,,,ez-Zuèia st.
137,70,0,el-Fuatir st,locality,st,11,39,16,,1,,,,,el-Fuatir st.
137,70,0,(1) Altri. st,locality,st,6,37,19,,1,,,,,(1) Altri. st.
137,70,0,TRIPOLINI. st,locality,st,,535,,,1,,,,,TRIPOLINI. st.
137,70,0,,locality,,131,,265,6,0,,,,,
137,70,0,MlSuRATINI • st,locality,st,11,52,26,1,1,,,,,MlSuRATINI • st.
137,70,0,MISURATINI COLOGHLI st,locality,st,34,124,65,,1,,,,,MISURATINI COLOGHLI st.
137,70,0,ALTRI CENSITI. st,quarter,st,27,101,48,,1,,,,,ALTRI CENSITI. st.
137,70,0,SìDI ÀHMED EL-MAGRÙN,locality,,1320,4721,2217,166,1,,,,,SìDI ÀHMED EL-MAGRÙN
137,70,0,Oens. 1931 (') 4.75J,census_1931,,2620,10069,,,1,,,,,Oens. 1931 (') 4.75J
137,70,0,I TRIBÙ EL-AUAGHÌR Mtàua st,locality,st,310,1021,485,,1,,,,,I TRIBÙ EL-AUAGHÌR : Mtàua st.
137,70,0,Brabìm. st,locality,st,137,498,253,,1,,,,,Brabìm. st.
137,70,0,Sdèidi st,locality,st,75,250,105,,1,,,,,Sdèidi st.
137,70,0,Altri. _,locality,st,8,25,12,,1,,,,,Altri. st. _
137,70,0,TRIBÙ EL-BRÀ.A.8A Tàmia • . . st,locality,st,131,410,195,48,1,,,,,TRIBÙ EL-BRÀ.A.8A : Tàmia • . . st.
137,70,0,Ulàd Ramèd st,locality,st,34,126,58,8,1,,,,,'Ulàd Ramèd st.
137,70,0,Husèin. st,locality,st,31,126,56,,1,,,,,Husèin. st.
137,70,0,et-Tlùab st,locality,st,31,109,50,,1,,,,,et-Tlùab st.
137,70,0,el-Arif st,locality,st,18,67,32,,1,,,,,el-Arif st.
137,70,0,el-Giuèifi R -,locality,st,,26,13,,1,,,,,el-Giuèifi st. R -
137,70,0,Abd st,locality,st,8,24,11,,1,,,,,Abd st.
137,70,0,el-Masaìd . st,locality,st,5,24,9,,1,,,,,el-Masaìd . st.
137,70,0,Altri. st,locality,st,3,15,6,,1,,,,,Altri. st.
137,70,0,TRIBÙ ED-DòRSA es-Sreirìgb st,locality,st,36,153,60,,1,,,,,TRIBÙ ED-DòRSA: es-Sreirìgb st.
137,70,0,Sciaèb • . . st,locality,st,18,74,37,,1,,,,,Sciaèb • . . st.
137,70,0,esc-Scilmàni . st,locality,st,14,56,26,,1,,,,,esc-Scilmàni . st.
137,70,0,Ulàd Abd el-GlauM st,locality,st,20,53,27,,1,,,,,Ulàd Abd el-GlauM st.
137,70,0,Mobàmmed. st,locality,st,11,52,22,,1,,,,,Mobàmmed. st.
137,70,0,el-Bltràgla st,locality,st,7,35,19,,1,,,,,el-Bltràgla st.
137,70,0,(1) Aàdel lO,locality,st,,31,16,,1,,,,,(1) Aàdel st. lO
137,70,0,UlàdMansùr st,locality,st,4,16,7,2,1,,,,,UlàdMansùr st.
137,70,0,TRIBÙ EL-GIABÀRNA Giuàzi Gemèla st,locality,st,40,149,76,5,1,,,,,TRIBÙ EL-GIABÀRNA: Giuàzi: Gemèla st.
137,70,0,el-Agbìb st,locality,st,27,93,40,,1,,,,,• el-Agbìb st.
137,70,0,el-Gbìsa st,locality,st,4,19,6,2,1,,,,,• el-Gbìsa st.
137,70,0,el-Areibàt. st,locality,st,40,150,70,2,1,,,,,el-Areibàt. st.
137,70,0,TRIBÙ EL-MAGÀRBA er-Raedàt. st,locality,st,6,27,9,,1,,,,,TRIBÙ EL-MAGÀRBA: er-Raedàt. st.
137,70,0,MARABTIN el-Msceitàt lO,locality,st,96,342,160,,1,,,,,MARABTIN: el-Msceitàt st. lO
137,70,0,es-Soot • st,locality,st,79,318,144,2,1,,,,,es-Soot • st.
137,70,0,el-Agàil. st,locality,st,17,73,41,,1,,,,,el-Agàil. st.
137,70,0,Ulàd esc-Scecb. st,locality,st,20,69,35,,1,,,,,Ulàd esc-Scecb. st.
137,70,0,el-Fuàcber lO,locality,st,,55,23,,1,,,,,el-Fuàcber st. lO
137,70,0,el-Alàuna. lO -,locality,st,,42,16,,1,,,,,el-Alàuna. st. lO -
137,70,0,Altri. st,locality,st,28,101,49,,1,,,,,Altri. st.
137,70,0,TRIPOLINI. l,locality,st,,5,2,,1,,,,,TRIPOLINI. st. l
137,70,0,MlSURATINI • st,locality,st,1,5,2,,1,,,,,MlSURATINI • st.
137,70,0,~ I TUNISINI st,locality,st,3,9,5,,1,,,,,~ I TUNISINI st.
137,70,0,ALTRI CENSITI. -,quarter,st,19,73,40,,1,,,,,ALTRI CENSITI. st. -
137,70,0,SUÀNI ET-TERRìA,locality,,329,1277,621,13,1,Suàni eta Terrìa,,,,SUÀNI ET-TERRìA.
137,70,0,O~n~. i931 '('i,census_1931,,588,2120,1100,,1,,,,,O~n~. i931 '('i
137,70,0,TRIBÙ EL-MAGÀRBA er-Raedàt . . . st,locality,st,85,354,168,3,1,,,,,TRIBÙ EL-MAGÀRBA: er-Raedàt.. . . . st.
137,70,0,Ulàd esc-Sciàmecb. st,locality,st,29,103,48,5,1,,,,,Ulàd esc-Sciàmecb. st.
137,70,0,TRIBÙ EL-AUAGHìR (1) Brabìm. st,locality,st,57,210,109,1,1,,,,,TRIBÙ EL-AUAGHìR : (1) Brabìm. st.
137,70,0,Sdèidi st,locality,st,12,48,24,,1,,,,,Sdèidi st.
137,70,0,Mtàua -,locality,st,14,48,24,,1,,,,,Mtàua st. -
137,70,0,TRIBÙ EL-BRÀ.A.8A Abd st,locality,st,23,871,42,,1,,,,,TRIBÙ EL-BRÀ.A.8A : Abd st.
137,70,1,,locality,,,,,,0,,,,,
137,70,1,"Segue SU.iNI, ET-TERRìA TRIBÙ EL-ÒRFA et Torsc st",locality,st,16,50,24,,1,,,,,"Segue: SU.iNI, ET-TERRìA TRIBÙ EL-ÒRFA: et Torsc st."
137,70,1,MARABTIN (1) el-Masamir sI,locality,,16,73,29,,1,,,,,MARABTIN: (1) el-Masamir sI;.
137,70,1,el-Gbetaàn lO,locality,st,3,,4,,0,,,,,el-Gbetaàn st. lO
137,70,1,MISURATINI COLOGHLI st,locality,st,32,140,69,,1,,,,,MISURATINI COLOGHLI st.
137,70,1,,locality,,,,,2,0,,,,,
137,70,1,TRIPOLINI. st,locality,st,25,101,54,,1,,,,,TRIPOLINI. st.
137,70,1,l ALTRI CENSITI. st,quarter,st,17,53,26,,1,,,,,l ALTRI CENSITI. st.
137,70,1,Residenza di '.ròera (b) 2.B79,subtotal,,1526,5842,,1511,1,,,,,• Residenza di '.ròera (b) 2.B79
137,70,1,TÒCRA (Teuchìra) st,locality,st,224,894,435,11,1,Teuchìra,,,,TÒCRA (Teuchìra) st.
137,70,1,62 BENÌNA. st,locality,st,122,499,256,7,1,,,,,62 BENÌNA. st.
137,70,1,13 BÈRSIS . . . st,locality,st,191,687,327,45,1,Bèrsis,tocra,Marj,LY0102,13 BÈRSIS . . . st.
137,70,1,7 Bu GIARRÀR . . . . st,locality,st,122,446,,,1,,,,,7 Bu GIARRÀR . . . . st.
137,70,1,,locality,,,,223,8,0,,,,,
137,70,1,DRIÀNA(Hadrianopolis) st,locality,st,518,2063,1018,31,1,Hadrianòpolis,tocra,Marj,LY0102,DRIÀNA(Hadrianopolis) st.
137,70,1,EL-MÈBNI • . . . . . st,locality,st,144,493,249,32,1,el- Mèbni,tocra,Marj,LY0102,EL-MÈBNI • . . . . . st.
137,70,1,ER-RÈGIMA st,locality,st,205,760,371,22,1,,,,,ER-RÈGIMA st.
137,70,1,CIRCONDARIO DI BARCE (c) 6.559 21.632 10.902,subtotal,,,,,2268,0,,,,,CIRCONDARIO DI BARCE (c) 6.559 21.632 10.902
137,70,1,Distretto di el-Abiàr,subtotal,,668,2501,1174,31,1,,,,,Distretto di el-Abiàr
137,70,1,"EI,-ABIÀR. .88",locality,st,,326,164,3,1,,,,,"EI,-ABIÀR. st. .88"
137,70,1,I QUARTIERE URBANO FRAZIONE RURALE. st,locality,st,580,2175,1010,28,1,,,,,I QUARTIERE URBANO FRAZIONE RURALE. st.
137,70,1,Distretto di Barce 4.272 14.251,subtotal,,,,7132,1210,0,,,,,Distretto di Barce 4.272 14.251
137,70,1,-l' BARCE (el-Merg) • I st,locality,st,2116,6563,3518,1068,1,,,,,-l' BARCE (el-Merg) • I st.
137,70,1,GÈRDES EL-ABìD st,locality,st,853,3161,1485,45,1,,,,,GÈRDES EL-ABìD st.
137,70,1,-- EL-GARìB. st,locality,st,1303,4527,2129,97,1,el- Garìb,,,,--;: EL-GARìB. st.
137,70,1,Distretto di Tobnèta,subtotal,,1619,4880,2596,1025,1,,,,,Distretto di Tobnèta
137,70,1,(Tolemàide) I QUARTIERE URBANO TOLMÈTA st,locality,st,625,1535,1012,591,1,Tolemàide,tolmeta,Marj,LY0102,(Tolemàide) I QUARTIERE URBANO TOLMÈTA st.
137,70,1,FRAZIONE RURALE . st,locality,st,994,3345,1584,434,1,,,,,FRAZIONE RURALE . st.
137,70,1,"PROVINCIA DI DERNA 10.'1'16 45.839 11',860",subtotal,,,,,4191,0,,,,,"PROVINCIA DI DERNA 10.'1'16 45.839 11',860"
137,70,1,CIRCONDARIO DI APOLLONIA (d) 3.412 15.49&,subtotal,,,,6279,556,0,,,,,CIRCONDARIO DI APOLLONIA (d) 3.412 15.49&
137,70,1,Distretto di Bèda Littòri~,subtotal,,494,1741,852,,1,,,,,Distretto di Bèda Littòri~
137,70,1,,locality,,,,,101,0,,,,,
137,70,1,BÈDA LITTÒRIA (Zàvia Bèda),locality,,94,314,157,19,1,,,,,BÈDA LITTÒRIA (Zàvia Bèda).
137,70,1,(Zàvia I ISRAELITI. st,quarter,st,3,5,1,,1,,,,,(Zàvia I ISRAELITI. st.
137,70,1,= Bèda) 1 Bèda Littòria . . . . ALTRI CENSITI. l,locality,st,1,6,,,1,Bèda Littòria,beda littoria,Jabal al Akhdar,LY0106,= Bèda) 1 Bèda Littòria . . . . ALTRI CENSITI. st. l
137,70,1,TRIBÙ EL-BRÀASA Tàmia .J st,locality,st,7,25,12,1,1,,,,,TRIBÙ EL-BRÀASA : Tàmia .J st.
137,70,1,l lO,locality,sn,2,,5,1,0,,,,,l sn. lO
137,70,1,Husèin. l \ el-Masaìd,locality,st,11,35,20,1,1,,,,,Husèin. : l st. \ el-Masaìd
137,70,1,Bèni Zàrga . TRIBÙ EL-RAsA el-Bachàits st,locality,st,11,40,23,,1,Bèni Zàrga,beda littoria,Jabal al Akhdar,LY0106,Bèni Zàrga . TRIBÙ EL-RAsA: el-Bachàits st.
137,70,1,TRIBÙ ED-DòRSA el-Baràgla st,locality,st,2,8,4,,1,,,,,TRIBÙ ED-DòRSA: el-Baràgla st.
137,70,1,I ( TRIBÙ EL-BRÀASA el -Masaìd st,locality,st,37,121,60,11,1,,,,,I ( TRIBÙ EL-BRÀASA: el -Masaìd st.
137,70,1,Tàmia l lO,locality,st,2,,4,,0,,,,,Tàmia l st. lO
137,70,1,sn,locality,sn,12,33,16,3,1,,,,,. sn.
137,70,1,el-Glàa. TRIBÙ ED-DòRSA I el-Baràgla l st,locality,st,6,21,11,2,1,,,,,el-Glàa. TRIBÙ ED-DòRSA: I el-Baràgla :l st.
138,71,0,- - -,locality,,4,,,7,0,,,,,- - -
138,71,0,"LUIGI RAZZA (À,in Messa)",locality,,122,412,199,23,1,Luigi Razza,,,,"LUIGI RAZZA (À,in Messa)."
138,71,0,TRIBÙ EL-BRÀASA Tàmia -,locality,st,8,26,12,,1,,,,,TRIBÙ EL-BRÀASA: Tàmia st. -
138,71,0,Luigi Razza Husèin sn,locality,sn,1,4,3,,1,Luigi Razza,,,,Luigi Razza Husèin : sn.
138,71,0,Mèssa) woi TRIBÙ ED-DòRSA I Bu Auèna -,locality,st,6,14,,,1,,,,,Mèssa) woi TRIBÙ ED-DòRSA: I Bu Auèna st. -
138,71,0,ALTRI CENsrrI. ~I .-,locality,st,1,5,,,1,,,,,ALTRI CENsrrI. st. ~I .-
138,71,0,I TRIBÙ EL-BRÀASA lO,locality,,,,61,1,0,,,,,I TRIBÙ EL-BRÀASA : lO
138,71,0,I st,locality,st,4,,,,0,,,,,I st.
138,71,0,Tàmia · sn,locality,sn,19,67,33,2,1,,,,,Tàmia · sn.
138,71,0,Seliùm ) TRIBÙ ED-DòRSA el-Chsceibàt . st,locality,st,15,47,27,11,1,,,,,Seliùm ) TRIBÙ ED-DòRSA: el-Chsceibàt . st.
138,71,0,I TRIBÙ EL-BRÀASA .1 -,locality,st,4,11,5,,1,,,,,I TRIBÙ EL-BRÀASA: .1 st. -
138,71,0,Tàmia sn,locality,sn,4,18,6,1,1,,,,,Tàmia sn.
138,71,0,Ulàd Hamèd I st,locality,st,7,31,,1,1,,,,,Ulàd Hamèd : I st.
138,71,0,el-Masaid,locality,,,,171,,0,,,,,el-Masaid.
138,71,0,Sidi Abd el-Uàhed. TRIBÙ ED-DòRSA Bu Auèna st,locality,st,11,38,20,1,1,,,,,Sidi Abd el-Uàhed. TRIBÙ ED-DòRSA: Bu Auèna st.
138,71,0,TRIBÙ EL-HAsA el-Gaiàbta -,locality,st,5,22,9,,1,,,,,TRIBÙ EL-HAsA: el-Gaiàbta st. -
138,71,0,ALTRI CENSITI. -,quarter,st,2,7,3,,1,,,,,ALTRI CENSITI. st. -
138,71,0,I TRIBÙ ED-DòRSA st,locality,st,19,66,31,4,1,,,,,I TRIBÙ ED-DòRSA : st.
138,71,0,Gfànta. l Bu Auèna TRIBÙ EL-BRÀASA Ulàd Hamèd l,locality,st,16,46,20,,1,,,,,Gfànta. l Bu Auèna TRIBÙ EL-BRÀASA : Ulàd Hamèd st. l
138,71,0,EL-HANÌA,locality,,140,564,270,,1,el- Hanìa,beda littoria,Jabal al Akhdar,LY0106,EL-HANÌA
138,71,0,TRIBÙ ED-DòRSA el-Hania el-Baràgla -,locality,st,13,54,23,,1,,,,,TRIBÙ ED-DòRSA: el-Hania el-Baràgla st. -
138,71,0,~ ALTRI CENSITI. -,quarter,st,9,36,16,,1,,,,,~ ALTRI CENSITI. st. -
138,71,0,I TRIBÙ ED-DòRSA Bu Auèna st,locality,st,15,54,29,7,1,,,,,I TRIBÙ ED-DòRSA: Bu Auèna st.
138,71,0,el-()hsceibàt . st,locality,st,8,31,14,15,1,,,,,el-()hsceibàt . st.
138,71,0,el-Aiùn . ) TRIBÙ EL-HÀSA el-Galàbta -,locality,st,5,28,14,,1,,,,,el-Aiùn . ) TRIBÙ EL-HÀSA : el-Galàbta st. -
138,71,0,Brur . TRIBÙ ED-DòRSA el-Baràgla st,locality,st,19,81,37,5,1,,,,,Brur . TRIBÙ ED-DòRSA: el-Baràgla st.
138,71,0,I TRIBÙ EL-BRÀASA Husèin. st,locality,st,11,46,25,2,1,,,,,I TRIBÙ EL-BRÀASA: Husèin. st.
138,71,0,Tàmia -,locality,st,3,16,9,,1,,,,,Tàmia st. -
138,71,0,Sèil Adisa ) SU. lO,locality,,4,21,,1,1,,,,,Sèil Adisa ) SU. lO
138,71,0,Ulàd Hamèd st,locality,st,11,40,17,5,1,,,,,Ulàd Hamèd st.
138,71,0,el-Masaid. Uàdi Sèif. TRIBÙ ED-DòRSA el-Baràgla st,locality,st,15,52,24,1,1,,,,,el-Masaid. Uàdi Sèif. TRIBÙ ED-DòRSA: el-Baràgla st.
138,71,0,I TRIBÙ ED-DòRSA Zàviet el-Hania . l,locality,st,17,68,39,,1,Zàviet el-Hanìa,beda littoria,Jabal al Akhdar,LY0106,I TRIBÙ ED-DòRSA : Zàviet el-Hania . st. l
138,71,0,I Bu Auèna el-Chsceibàt st,locality,st,9,33,13,3,1,,,,,I Bu Auèna el-Chsceibàt : st.
138,71,0,Uàdi GiargiarÙIlllllah. ALTRI CENsrrI. - -,locality,st,1,4,,,1,,,,,Uàdi GiargiarÙIlllllah. ALTRI CENsrrI. st. - -
138,71,0,EL-MESLEGÙN,locality,,82,258,125,20,1,el- Meslegùn,beda littoria,Jabal al Akhdar,LY0106,EL-MESLEGÙN
138,71,0,el-Meslegùn • TRIBÙ ED-DòRSA,locality,,30,110,51,,1,el- Meslegùn,beda littoria,Jabal al Akhdar,LY0106,el-Meslegùn • TRIBÙ ED-DòRSA:
138,71,0,el-Baràgla · 1st . -,locality,sn,1,4,2,,1,,,,,el-Baràgla · 1st . sn. -
138,71,0,el-Chèlba . TRIBÙ EL-BRÀASA I st,locality,st,28,80,41,6,1,,,,,el-Chèlba . TRIBÙ EL-BRÀASA: I st.
138,71,0,Husèin • · sIi,locality,,23,64,31,5,1,,,,,Husèin • · sIi.
138,71,0,UADI EL-CUF,locality,,56,193,101,5,1,Uàdiel- Cuf,beda littoria,Jabal al Akhdar,LY0106,UADI EL-CUF •
138,71,0,TRIBÙ EL-BRÀASA Husèin. st,locality,st,35,118,63,,1,,,,,TRIBÙ EL-BRÀASA: Husèin. st.
138,71,0,(l) ) Tàmia st,locality,st,12,44,25,,1,,,,,(l) ) Tàmia st.
138,71,0,"el,Masaid sn",locality,sn,9,31,13,,1,,,,,"el,Masaid: sn."
138,71,1,"l S f 6 ,~",locality,,4,,,,0,,,,,"l S f 6 ,~"
138,71,1,I Distretto di Gèrdes Gerràri,subtotal,,905,3268,1594,244,1,,,,,I Distretto di Gèrdes Gerràri
138,71,1,"GÈRDES GERRÀRI, EL-GÈSSCIA 1 553",locality,,879,3184,,237,1,,,,,"GÈRDES GERRÀRI, EL-GÈSSCIA 1:553"
138,71,1,Gèrdes Gerràri (b)_ st,locality,st,26,83,40,4,1,Gèrdes Gerràri,gerdes gerrari,,,Gèrdes Gerràri (b)_ st.
138,71,1,"1 Gèrdes Gerràri I ALTRI CENSITI 16, -",quarter,st,8,32,,,1,Gèrdes Gerràri,gerdes gerrari,,,"1 Gèrdes Gerràri I ALTRI CENSITI; st. 16, -"
138,71,1,I TRIBÙ EL-BRÀASA Husèin. st,locality,st,15,65,30,6,1,,,,,I TRIBÙ EL-BRÀASA : Husèin. st.
138,71,1,Abiàr Aùf el-Masaid. st,locality,st,19,63,33,8,1,Abiàr Aùf,gerdes gerrari,,,Abiàr Aùf el-Masaid. st.
138,71,1,~ Tàmia .16,locality,st,,54,28,2,1,,,,,~ Tàmia st. .16
138,71,1,I TRIBÙ EL-BRÀASA Abiàr el-Gedèi . el-Masaid. st,locality,st,18,70,37,9,1,Abiàr el-Gedèi,gerdes gerrari,,,I TRIBÙ EL-BRÀASA : Abiàr el-Gedèi . el-Masaid. st.
138,71,1,~ Husèin. st,locality,st,11,50,30,2,1,,,,,~ Husèin. st.
138,71,1,Ulàd Hamèd st,locality,st,9,35,20,2,1,,,,,Ulàd Hamèd st.
138,71,1,Belihùsc TRIBÙ EL-BRÀASA el-Masaid . st,locality,st,42,169,88,3,1,Belihùsc,gerdes gerrari,,,Belihùsc TRIBÙ EL-BRÀASA : el-Masaid . st.
138,71,1,I TRIBÙ EL-BRÀASA Tàmia • st,locality,st,76,255,121,15,1,,,,,I TRIBÙ EL-BRÀASA Tàmia • st.
138,71,1,Husèin. st,locality,st,12,42,18,3,1,,,,,Husèin. st.
138,71,1,el-Masaid. Jst. -,locality,,7,28,11,,1,,,,,el-Masaid. Jst. -
138,71,1,13u Cbreimisa . Ulàd Hamèd TRIBÙ EL-HAsA esc-Sciabàrga -,locality,st,4,20,8,,1,,,,,13u Cbreimisa . Ulàd Hamèd TRIBÙ EL-HAsA: esc-Sciabàrga st. -
138,71,1,I TRIBÙ EL BRÀASA Husèin. st,locality,st,51,182,96,24,1,,,,,I TRIBÙ EL BRÀASA : Husèin. st.
138,71,1,el-Masaid. st,locality,st,14,35,20,4,1,,,,,el-Masaid. st.
138,71,1,el-Bueràt • ) TRIBÙ EL-HÀSA - el-Galàbta,locality,st,9,52,19,,1,el- Bueràt,gerdes gerrari,,,el-Bueràt • ) TRIBÙ EL-HÀSA : st. - el-Galàbta
138,71,1,I TRIBÙ EL-BRÀASA 40 Gasr el-Arègia. st,locality,st,27,84,44,8,1,Gasr el- Arègia,gerdes gerrari,,,I TRIBÙ EL-BRÀASA : 40 Gasr el-Arègia. st.
138,71,1,l el-Masaid • Husèin. -,locality,st,,,15,,0,,,,,l el-Masaid • Husèin. st. -
138,71,1,,locality,,6,34,,,1,,,,,
138,71,1,el-Gmeidàt TRIBÙ EL-BRÀASA el-)\'fasaid • -,locality,st,9,39,18,,1,el- Gmeidàt,,,,el-Gmeidàt TRIBÙ EL-BRÀASA : el-)\'fasaid • st. -
138,71,1,Got el-Fed TRIBÙ EL-BRÀASA Husèin. .7,locality,st,46,165,77,,1,,,,,Got el-Fed TRIBÙ EL-BRÀASA : Husèin. st. .7
138,71,1,TRIBÙ EL-BRÀASA el-Masaid. st,locality,st,47,181,80,11,1,,,,,TRIBÙ EL-BRÀASA : el-Masaid. st.
138,71,1,Husèin. -,locality,st,5,20,11,,1,,,,,Husèin. st. -
138,71,1,Gsur el-Megiahir. ) TRIBÙ EL-HÀs~ el-Galàbta -,locality,st,6,27,15,,1,,,,,Gsur el-Megiahir. ) TRIBÙ EL-HÀs~: el-Galàbta st. -
138,71,1,I TRIBÙ EL-BRÀASA Husèin. st,locality,st,49,164,84,15,1,,,,,I TRIBÙ EL-BRÀASA: Husèin. st.
138,71,1,Hameiràt. .~ Tàmia st,locality,st,11,32,14,3,1,Hameiràt,gerdes gerrari,,,Hameiràt. .~ Tàmia st.
138,71,1,"~,- . el-Masaid",locality,st,9,26,12,3,1,,,,,". ~,- . st. el-Masaid."
138,71,1,I TRIBÙ EL-BRÀASA el-Masaid. st,locality,st,50,159,75,26,1,,,,,I TRIBÙ EL-BRÀASA: el-Masaid. st.
138,71,1,Sira . ) Ulàd Hamèd st,locality,st,23,79,41,14,1,,,,,Sira . ) Ulàd Hamèd st.
138,71,1,Tàmia st,locality,st,19,56,30,6,1,,,,,Tàmia st.
138,71,1,Husèin st,locality,st,9,41,22,3,1,,,,,Husèin: st.
138,71,1,I TRIBù EL-BRÀASA st,locality,st,21,69,34,7,1,,,,,I TRIBù EL-BRÀASA: st.
138,71,1,Slònta l el-Masaid • . Husèin . st,locality,st,12,52,23,2,1,,,,,Slònta l el-Masaid • . Husèin . st.
138,71,1,Tàmia st,locality,st,8,24,11,1,1,,,,,Tàmia st.
138,71,1,ALTRI CENSITI. -,quarter,st,4,18,11,,1,,,,,ALTRI CENSITI. st. -
138,71,1,I TRIBÙ EL-BRÀASA . 12 9 Tàibet el-Èsem l el-Masaid. st,locality,st,64,255,122,,1,Tàibet el-Èsem,gerdes gerrari,,,I TRIBÙ EL-BRÀASA: . 12 9 Tàibet el-Èsem l el-Masaid. st.
138,71,1,Husèin . -,locality,st,5,25,9,,1,,,,,Husèin . st. -
138,71,1,I TRIBÙ EL-BRÀASA Tengartr l Husèin. st,locality,st,17,70,37,1,1,,,,,I TRIBÙ EL-BRÀASA: Tengartr l Husèin. st.
138,71,1,el-Masaid. lO,locality,st,4,16,,1,1,,,,,el-Masaid. st. lO
138,71,1,I TRIBÙ EL-BRÀASA '(Jgist. st,locality,st,71,246,113,26,1,,,,,I TRIBÙ EL-BRÀASA : '(Jgist. st.
138,71,1,l el-Mas.aid,locality,,,,30,9,0,,,,,l el-Mas.aid •
138,71,1,Ulàd Hamèd st,locality,st,20,67,,,1,,,,,Ulàd Hamèd st.
138,71,1,"TRIBÙ EL-BRÀASA , ~I RCAB EL-BÈTER. Tàmia st",locality,st,28,84,41,,1,Rcab el-Bèter,gerdes gerrari,,,"TRIBÙ EL-BRÀASA : , ~I RCAB EL-BÈTER. Tàmia st."
139,72,0,l,locality,,4,5,,7,1,,,,,l
139,72,0,Distretto di Cirene,subtotal,,1371,5614,2616,,1,,,,,Distretto di Cirene
139,72,0,TERRrrORIO DI CmENE,locality,,1371,5614,2816,133,1,,,,,TERRrrORIO DI CmENE
139,72,0,Oens. 1931 (0),census_1931,,382,2075,611,,1,,,,,Oens. 1931 (0)
139,72,0,\ QUARTIERE URBANO (b) st,locality,st,77,335,162,9,1,,,,,\ QUARTIERE URBANO (b) st.
139,72,0,Cirene (Scialth.dt). ì ALTRI CENSITI. st,quarter,st,16,62,28,1,1,,,,,Cirene (Scialth.dt). ì ALTRI CENSITI. st.
139,72,0,el-Ghèlscia TRIBÙ EL-RAsA el-Galàbta -,locality,st,7,39,20,,1,"el"" Ghèlscia",cirene,Jabal al Akhdar,LY0106,el-Ghèlscia TRIBÙ EL-RAsA: el-Galàbta st. -
139,72,0,Ghernàda. TRIBÙ EL-RÀSA esc-Sciabàrga st,locality,st,30,124,63,,1,,,,,Ghernàda. TRIBÙ EL-RÀSA : esc-Sciabàrga st.
139,72,0,Lescèbbu. TRIBÙ EL-BRÀASA Rusèin st,locality,st,8,26,12,,1,,,,,Lescèbbu. TRIBÙ EL-BRÀASA : Rusèin st.
139,72,0,Luigi di Savoia (el- Àbragh) ALTRI CENSITI. st,locality,st,18,73,27,3,1,Luigi di Savoia,cirene,Jabal al Akhdar,LY0106,Luigi di Savoia (el- Àbragh) ALTRI CENSITI. st.
139,72,0,el-Mchèttef TRIBÙ EL-RAsA st,locality,st,75,,,,0,el- Mchèttef,cirene,Jabal al Akhdar,LY0106,el-Mchèttef TRIBÙ EL-RAsA: st.
139,72,0,esc-Sciabàrga,locality,,,304,143,5,1,,,,,esc-Sciabàrga
139,72,0,el-Megiaris TRIBÙ EL-RAsA st,locality,st,16,,,,0,el- Megiarìs,cirene,Jabal al Akhdar,LY0106,el-Megiaris TRIBÙ EL-RAsA: st.
139,72,0,esc-Sciabàrga -,locality,,,69,31,,1,,,,,esc-Sciabàrga -
139,72,0,e1-Mgatran TRIBÙ EL-RAsA st,locality,st,33,,,,0,,,,,e1-Mgatran .. TRIBÙ EL-RAsA: st.
139,72,0,el-Bachàits,locality,,,119,64,5,1,,,,,el-Bachàits
139,72,0,el-Mnèzza. TRIBÙ EL-RÀSA st,locality,st,22,,,,0,,,,,el-Mnèzza. TRIBÙ EL-RÀSA: st.
139,72,0,esc-Sciabàrga,locality,,,92,52,5,1,,,,,esc-Sciabàrga
139,72,0,TRIBÙ EL-RAsA Mzèina. el-Galàbta st,locality,st,34,158,72,8,1,,,,,TRIBÙ EL-RAsA: Mzèina. el-Galàbta st.
139,72,0,esc-Sciabàrga st,locality,st,30,124,57,2,1,,,,,esc-Sciabàrga st.
139,72,0,\ TRIBÙ EL-RÀSA el-Bachàits st,locality,st,18,83,39,1,1,,,,,\ TRIBÙ EL-RÀSA: el-Bachàits st.
139,72,0,es-Sàba. esc-Sciabàrga st,locality,st,11,59,32,,1,,,,,es-Sàba. esc-Sciabàrga: st.
139,72,0,~ el-Galàbta st,locality,st,7,38,,,1,,,,,~ el-Galàbta st.
139,72,0,,locality,,,,22,2,0,,,,,
139,72,0,I el-Galàbta st,locality,st,37,151,69,4,1,,,,,I el-Galàbta st.
139,72,0,esc-Sciabàrga st,locality,st,25,93,43,5,1,,,,,esc-Sciabàrga st.
139,72,0,Sambàr. l TRIBÙ EL-RÀSA TRIBÙ ED-DòRSA Bu Auèna -,locality,st,4,13,6,,1,,,,,Sambàr. l TRIBÙ EL-RÀSA : TRIBÙ ED-DòRSA: Bu Auèna st. -
139,72,0,I TRIBÙ EL-BRÀASA st,locality,st,19,83,39,1,1,,,,,I TRIBÙ EL-BRÀASA : st.
139,72,0,Soenèiscen l Rusèin. TRIBù EL-RÀSA esc-Sciabàrga -,locality,st,7,35,16,,1,,,,,Soenèiscen l Rusèin. TRIBù: EL-RÀSA : esc-Sciabàrga st. -
139,72,0,ISldi el-Rag Sald TRIBÙ EL-RÀSA,locality,,39,140,,,1,,,,,ISldi el-Rag Sald TRIBÙ EL-RÀSA :
139,72,0,el-Bachàits st,locality,st,,,62,2,0,,,,,el-Bachàits st.
139,72,0,"Sldi Sbagh TRIBÙ EL-ABEIDÀT el-,Auàcla • st",locality,st,14,51,22,2,1,,,,,"Sldi Sbagh TRIBÙ EL-ABEIDÀT : el-,Auàcla • st."
139,72,0,TRIBÙ EL-RÀSA Suàr Snèides el-Galàbta -,locality,st,59,235,111,,1,Suàr Snèides,cirene,Jabal al Akhdar,LY0106,TRIBÙ EL-RÀSA : Suàr Snèides el-Galàbta st. -
139,72,0,esc-Sciabàrga -,locality,st,19,70,28,,1,,,,,esc-Sciabàrga st. -
139,72,0,~,locality,,7,29,,,1,,,,,~
139,72,0,el-Bachàits . st,locality,st,,,14,1,0,,,,,el-Bachàits . st.
139,72,0,I TRIBÙ EL-RÀSA,locality,,32,,,,0,,,,,I TRIBÙ EL-RÀSA :
139,72,0,Tàlgaza. el-Bachàits st,locality,st,,120,54,2,1,,,,,Tàlgaza. el-Bachàits st.
139,72,0,esc-Sciabàrga st,locality,st,18,60,34,1,1,,,,,esc-Sciabàrga: : st.
139,72,0,TRIBÙ EL-RÀSA Tammùdi,locality,,22,,,,0,Tammùdi,cirene,Jabal al Akhdar,LY0106,TRIBÙ EL-RÀSA : Tammùdi •
139,72,0,esc-Sciabàrga st,locality,st,,80,34,1,1,,,,,esc-Sciabàrga st.
139,72,0,TRIBÙ EL-RAsA U= el·Breicàt lO esc-Sciabàrga st,locality,st,,36,17,2,1,,,,,TRIBÙ EL-RAsA: U= el·Breicàt lO esc-Sciabàrga st.
139,72,0,r TRIBÙ EL-ABEIDAT lO,locality,st,34,132,62,,1,,,,,r: TRIBÙ EL-ABEIDAT: st. lO
139,72,0,Ghèits -,locality,sn,2,9,4,,1,,,,,Ghèits sn. -
139,72,0,el-Auàcla • SIi. -,locality,,11,39,22,,1,,,,,el-Auàcla • SIi. -
139,72,0,Zàviet Tert (Tluntis) TRIBÙ EL-HÀSA,locality,,,94,41,,1,,,,,Zàviet Tert (Tluntis) TRIBÙ EL-HÀSA:
139,72,0,el-Galàbta st,locality,st,21,,,4,0,,,,,el-Galàbta st.
139,72,0,,locality,,,3,1,,1,,,,,
139,72,0,ALTRI CENSITI. -I,quarter,st,1,,,,0,,,,,ALTRI CENSITI. st. -I
139,72,1,--4-1--5-1--6- - -7 -,locality,,,,,,0,,,,,--4-1--5-1--6- - -7 -
139,72,1,l,locality,,,,,,0,,,,,l
139,72,1,133 Segue 'l'ERRITORIO DI CmENE I Zuèi TRIBÙ EL-RAsA esc-Sciabàrga st,locality,st,19,85,40,1,1,,,,,133 Segue: 'l'ERRITORIO DI CmENE I Zuèi TRIBÙ EL-RAsA: esc-Sciabàrga st.
139,72,1,I TRIBÙ EL-RAsA 4,locality,st,,197,99,,1,,,,,"I TRIBÙ EL-RAsA: st. 4,"
139,72,1,el-Baggàra ·l el-Bachàits,locality,,50,,,,0,,,,,el-Baggàra ·l el-Bachàits
139,72,1,esc-Sciabàrga st,locality,st,44,176,82,4,1,,,,,esc-Sciabàrga st.
139,72,1,"Bàtta TRIBÙ EL-RAsA ., esc-Sciabàrga st",locality,st,12,48,21,11,1,,,,,"Bàtta TRIBÙ EL-RAsA: ., esc-Sciabàrga st."
139,72,1,3 Bnèiet Bàtta TRIBÙ EL-RAsA el-Bachàits -,locality,st,11,42,21,,1,Bnèiet Bàtt.a,cirene,Jabal al Akhdar,LY0106,3 Bnèiet Bàtta TRIBÙ EL-RAsA: el-Bachàits st. -
139,72,1,1 Bèlghes. ÀILET FAID . st,locality,st,6,26,12,2,1,,,,,1 Bèlghes. ÀILET FAID . st.
139,72,1,"TRIBÙ EL-RAsA ""~i el-Bachàits st",locality,st,19,84,41,1,1,,,,,"TRIBÙ EL-RAsA: ""~i el-Bachàits st."
139,72,1,Bòrgu ) TRIBÙ EL-BRÀASA - Ulàd Ramèd st,locality,st,2,7,3,,1,,,,,Bòrgu ) TRIBÙ EL-BRÀASA: - Ulàd Ramèd st.
139,72,1,Bu Chrèiza TRIBÙ EL-BRAASA Ulàd Ramèd st,locality,st,29,108,42,,1,Bu Chrèiza,cirene,Jabal al Akhdar,LY0106,Bu Chrèiza TRIBÙ EL-BRAASA : Ulàd Ramèd st.
139,72,1,,locality,,,,,31,0,,,,,
139,72,1,Chanàfes TRIBÙ EL-RAsA st_,locality,,,,,6,0,,,,,Chanàfes TRIBÙ EL-RAsA: st_
139,72,1,esc-Sciabàrga,locality,,39,182,84,,1,,,,,esc-Sciabàrga
139,72,1,el-Chrèiba. TRIBÙ EL-RAsA,locality,,,,,6,0,el- Chrèiba,cirene,Jabal al Akhdar,LY0106,el-Chrèiba. TRIBÙ EL-RAsA:
139,72,1,el-Bachàits st,locality,st,15,54,26,,1,,,,,el-Bachàits st.
139,72,1,ed -Dfeiria • l TRIBÙ EL-RAsA esc-Sciabàrga st,locality,st,16,62,34,2,1,,,,,ed -Dfeiria • l TRIBÙ EL-RAsA: esc-Sciabàrga st.
139,72,1,el-Bachàits st,locality,st,14,60,27,1,1,,,,,el-Bachàits st.
139,72,1,el-Faidla ALTRI CENSITI. st,quarter,st,250,1050,464,2,1,,,,,el-Faidla ALTRI CENSITI. st.
139,72,1,2 Gasr Tectàna . TRIBÙ EL-BRÀASA,locality,,,,,2,0,Gasr Tectàna,cirene,Jabal al Akhdar,LY0106,2 Gasr Tectàna . TRIBÙ EL-BRÀASA:
139,72,1,Rusèin. st,locality,st,11,41,20,,1,,,,,Rusèin. st.
139,72,1,l -,locality,st,5,16,8,,1,,,,,l st. -
139,72,1,el-Ghègab. el-Auàcla . '1 sn,locality,sn,19,87,41,6,1,,,,,el-Ghègab. el-Auàcla . '1 sn.
139,72,1,l TRIBÙ EL-ABEIDAT Ghèits st,locality,st,17,67,30,8,1,,,,,l TRIBÙ EL-ABEIDAT: Ghèits st.
139,72,1,,locality,,,,18,2,0,,,,,
139,72,1,ALTRI CENSITI. lO,quarter,st,,44,,,1,,,,,ALTRI CENSITI. st. lO
139,72,1,I I Distretto di Apollònia,subtotal,,642,4872,1217,72,1,,,,,I I Distretto di Apollònia
139,72,1,TERRrrORIO DI APOLLÒNIA,locality,,642,4872,1217,72,1,,,,,TERRrrORIO DI APOLLÒNIA.
139,72,1,Oens. 1931 (0),census_1931,,1752,6664,3517,,1,,,,,Oens. 1931 (0)
139,72,1,st,locality,st,238,931,496,31,1,,,,,st.
139,72,1,"Apollònia(MàTsaS1'1,sa) I QUARTIERE URBANO (C) - ALTRI CENSITI. st",locality,st,31,130,62,,1,,,,,"Apollònia(MàTsaS1'1,sa) I QUARTIERE URBANO (C) - ALTRI CENSITI. st."
139,72,1,I TRIBÙ EL-RÀSA -,locality,st,9,38,21,,1,,,,,I TRIBÙ EL-RÀSA: st. -
139,72,1,el-Arbla l esc-Sciabàrga TRIBÙ ED-DòRSA el-Baràgla st,locality,st,12,34,16,1,1,,,,,el-Arbla l esc-Sciabàrga TRIBÙ ED-DòRSA: el-Baràgla st.
139,72,1,I TRIBÙ EL-ABEIDAT st,locality,st,5,22,11,1,1,,,,,I TRIBÙ EL-ABEIDAT: st.
139,72,1,Bertèlles l el-Auàcla • TRIBÙ EL-RAsA el-Galàbta lO,locality,st,3,21,,1,1,Bertèlles,apollonia,Jabal al Akhdar,LY0106,Bertèlles l el-Auàcla • TRIBÙ EL-RAsA: el-Galàbta st. lO
139,72,1,I TRIBÙ EL-ABEIDAT el-Auàcla . -,locality,st,26,92,42,,1,,,,,I TRIBÙ EL-ABEIDAT: el-Auàcla . st. -
139,72,1,Màga. l TRIBÙ EL-RAsA el-Galàbta st,locality,st,4,16,9,1,1,,,,,Màga. l TRIBÙ EL-RAsA: el-Galàbta st.
139,72,1,Rdèina. TRIBÙ EL-ruSA el-Galàbta st,locality,st,15,57,28,7,1,,,,,Rdèina. TRIBÙ EL-ruSA : el-Galàbta st.
139,72,1,I st,locality,st,,138,62,4,1,,,,,I st.
139,72,1,el-Galàbta Satla. l TRIBÙ EL-RAsA TRIBÙ EL-ABEIDAT 3 1 el-Auàcla . st,locality,st,,14,7,211,0,,,,,el-Galàbta Satla. l TRIBÙ EL-RAsA: TRIBÙ EL-ABEIDAT: 3:1 el-Auàcla . .. st.
140,73,0,,locality,,4,,,,0,,,,,
140,73,0,Segue TERRITORIO DI APOLLÒNIA TRIBÙ EL-ABEIDÀT Ghèits st,subtotal,st,21,71,,,1,,,,,Segue: TERRITORIO DI APOLLÒNIA TRIBÙ EL-ABEIDÀT: Ghèits st.
140,73,0,Sidi Masaùd ! TRIBÙ EL-RÀSA el-Galàbta .st,locality,st,15,63,,,1,Sìdi Masaùd,apollonia,Jabal al Akhdar,LY0106,Sidi Masaùd ! TRIBÙ EL-RÀSA : el-Galàbta .st.
140,73,0,TRIBÙ EL-ABEIDÀT Uàdi el-Glàa i Ghèits st,locality,st,28,98,,,1,Uàdi el- Glàa,,,,TRIBÙ EL-ABEIDÀT : Uàdi el-Glàa i Ghèits st.
140,73,0,ALTRI CENSITI. st,quarter,st,1,574,,,1,,,,,ALTRI CENSITI. st.
140,73,0,TRIBÙ EL-RÀSA el-Galàbta,locality,st,133,472,242,15,1,,,,,TRIBÙ EL-RÀSA: st. el-Galàbta
140,73,0,esc-Sciabàrga st,locality,st,27,98,53,2,1,,,,,esc-Sciabàrga st.
140,73,0,Uàdi Sùsa el-Bachàits at. lO,locality,,,36,18,2,1,,,,,Uàdi Sùsa el-Bachàits at. lO
140,73,0,) TRIBÙ ED-DòRSA el-Baràgla st,locality,st,21,69,30,2,1,,,,,) TRIBÙ ED-DòRSA: el-Baràgla st.
140,73,0,Màrsa el-Rilàl (Nau-I stàthmus). . . . ALTRI CENSITI. st,locality,st,2,1256,,,1,,,,,Màrsa el-Rilàl (Nau-I stàthmus). . . . ALTRI CENSITI. st.
140,73,0,Uàdi Battùm. . . . ALTRI CENSITI. l,quarter,st,,642,,,1,Uàdi Battùm,apollonia,Jabal al Akhdar,LY0106,Uàdi Battùm. . . . ALTRI CENSITI. st. l
140,73,0,CIRCONDARIO DI DERNA (b) 3.939 12.869,subtotal,,,,5964,3099,0,,,,,CIRCONDARIO DI DERNA (b) 3.939 12.869
140,73,0,Distretto di Giovanni Berta,subtotal,,173,808,332,3,1,,,,,Distretto di Giovanni Berta
140,73,0,GIOVANNI BERTA (el-Gùbba),locality,,,588,,,1,Giovanni Berta,,,,GIOVANNI BERTA (el-Gùbba)
140,73,0,,locality,,117,,,,0,,,,,
140,73,0,TRIBÙ EL-ABEIDÀT,locality,,,,224,,0,,,,,TRIBÙ EL-ABEIDÀT:
140,73,0,Bu Dàui . . . st,locality,st,16,64,35,,1,,,,,Bu Dàui . . . st.
140,73,0,Mansùr Fàiza . st,locality,st,8,35,1,2,1,,,,,Mansùr Fàiza . st.
140,73,0,Bu Mogàta . -,locality,st,7,32,20,,1,,,,,Bu Mogàta . st. -
140,73,0,Abèid st,locality,st,7,24,14,,1,,,,,Abèid st.
140,73,0,Giovanni Berta Altri . st,locality,st,7,28,11,,1,Giovanni Berta,,,,Giovanni Berta Altri . st.
140,73,0,Gùbba) MARABTIN esc-Sci uàer -,locality,st,8,24,12,,1,,,,,Gùbba) MARABTIN: esc-Sci uàer st. -
140,73,0,esc-Scelàuia . st,locality,st,5,20,6,,1,,,,,esc-Scelàuia . st.
140,73,0,ALTRI CENSITI. st,quarter,st,59,361,111,,1,,,,,ALTRI CENSITI. st.
140,73,0,CHAULÀN,locality,,47,187,93,,1,Chaulàn,giovanni berta,Derna,LY0101,CHAULÀN
140,73,0,TRIBÙ EL-ABEIDÀT el-Auàcla . . . Chaulàn,locality,st,38,160,791,,0,,,,,TRIBÙ EL-ABEIDÀT : el-Auàcla . . . st. Chaulàn
140,73,0,ALTRI CENSITI. st,quarter,st,9,27,14,,1,,,,,ALTRI CENSITI. st.
140,73,0,AlN MÀRA ALTRI CENSITI • st,quarter,st,9,33,15,,1,,,,,AlN MÀRA ALTRI CENSITI • st.
140,73,0,Distretto di Demll 3.766 12.061,subtotal,,,,5632,3096,0,,,,,Distretto di Demll 3.766 12.061
140,73,0,DERNA (centro urbano) (c),locality,,2200,9070,4459,59,1,,,,,DERNA (centro urbano) (c)
140,73,0,QUARTIERI Bled . st,quarter,st,246,1027,516,,1,,,,,QUARTIERI: Bled . st.
140,73,0,Bu Mansùr . st,locality,st,842,3386,1679,19,1,,,,,Bu Mansùr . st.
140,73,0,Gibèila . st,locality,st,487,1937,944,27,1,,,,,Gibèila . st.
140,73,0,Mogar st,locality,st,558,2246,1109,11,1,,,,,Mogar st.
140,73,0,ISRAELITI (d) st,quarter,st,55,322,167,,1,,,,,ISRAELITI (d) st.
140,73,0,ALTRI ·'CENSITI. st,quarter,st,12,152,44,,1,,,,,ALTRI ·'CENSITI. st.
140,73,0,TERRITORIO DI DERNA,subtotal,,122,453,214,1,1,,,,,TERRITORIO DI DERNA
140,73,0,TRIBÙ EL-ABEIDÀT. st,locality,st,3,9,5,,1,,,,,TRIBÙ EL-ABEIDÀT. st.
140,73,0,MARABTIN Campo Rosso . ) esc-Sciuàer st,locality,st,35,139,63,,1,Campo Rosso,derna,Derna,LY0101,MARABTIN: Campo Rosso . ) esc-Sciuàer st.
140,73,0,Altri. st,locality,st,,34,15,,1,,,,,Altri. st.
140,73,0,,locality,,12,,,,0,,,,,
140,73,0,I .1 !,locality,,3,9,4,,1,,,,,I .1 :!:
140,73,0,( TRIBÙ EL-ABEIDÀT,locality,,2,7,4,,1,,,,,( TRIBÙ EL-ABEIDÀT.
140,73,0,MARABTIN I el-Ftàiah . es-Suàna . . . . . st,locality,st,4,18,11,,1,,,,,MARABTIN: I el-Ftàiah . es-Suàna . . . . . st.
140,73,0,"el-Gabàil, et-Taràchil !",locality,,4,11,6,,1,,,,,"el-Gabàil, et-Taràchil :!:"
140,73,0,I,locality,,2,6,4,,1,,,,,I
140,73,0,ALTRI CENSITI. st,quarter,st,5,14,5,,1,,,,,ALTRI CENSITI. st.
140,73,0,I Uàdi Derna . MARABTIN esc-Sciuàer st,locality,st,,206,97,,1,,,,,I Uàdi Derna . MARABTIN: esc-Sciuàer st.
140,73,0,,locality,,52,,,,0,,,,,
140,73,1,1---------1- - - - - - - - -11- - - - - - - - - -2 - - - - - - - -,locality,,,,,,0,,,,,1---------1- - - - - - - - -11- - - - - - - - - -2 - - - - - - - -
140,73,1,EL-MECHÌLI,locality,,79,,,102,0,el- Mechili,derna,Derna,LY0101,EL-MECHÌLI
140,73,1,TRIBÙ EL-ABEIDÀT el-Auàcla . st,locality,st,12,,,43,0,,,,,TRIBÙ EL-ABEIDÀT: el-Auàcla . st.
140,73,1,Ghèits lO,locality,sn,,,,35,0,,,,,"Ghèits sn, lO"
140,73,1,,locality,,4,17,,,1,,,,,
140,73,1,Altri. ·1 ~,locality,,3,9,,4,1,,,,,Altri. ·1 :~:
140,73,1,(l) MARABTIN el-Mnèfa . . . . . sn,locality,sn,36,139,70,7,1,,,,,(l) MARABTIN: el-Mnèfa . . . . . sn.
140,73,1,"el-Hùta, el-Masamir sn",locality,sn,8,18,9,13,1,,,,,"el-Hùta, el-Masamir sn."
140,73,1,ALTRI CENSITI. st,quarter,st,6,23,11,,1,,,,,ALTRI CENSITI. st.
140,73,1,,locality,,154,431,210,101,1,,,,,
140,73,1,TMìMI . TRIBÙ EL-ABEIDÀT 7!,locality,,93,241,117,,1,Tmìmi,derna,Derna,LY0101,TMìMI . TRIBÙ EL-ABEIDÀT: 7!
140,73,1,Rfad. Sciahin . st,locality,st,33,71,37,23,1,,,,,Rfad. st. Sciahin . st.
140,73,1,(l) MARABTIN el-Ghetaàn st,locality,st,20,80,38,,1,,,,,(l) MARABTIN: el-Ghetaàn st.
140,73,1,el-Mnèfa st,locality,st,8,39,18,,1,,,,,el-Mnèfa st.
140,73,1,TERRITORIO DI CHÈRSA,subtotal,,126,369,138,5,1,,,,,TERRITORIO DI CHÈRSA
140,73,1,TRmÙ EL-ABEIDÀT el-Auàcla . st,locality,st,,22,8,,1,,,,,TRmÙ EL-ABEIDÀT: el-Auàcla . st.
140,73,1,3 Chèrsa ) MARABTIN et Taràchi st,locality,st,17,52,17,,1,,,,,3 Chèrsa ) MARABTIN: et Taràchi st.
140,73,1,I MARABTIN Bàses esc-Scelàuia . st,locality,st,11,25,8,,1,,,,,I MARABTIN: Bàses esc-Scelàuia . st.
140,73,1,l Saèt st,locality,st,4,14,5,,1,,,,,l Saèt st.
140,73,1,TRIBÙ EL-ABEIDÀT st,locality,st,4,9,3,,1,,,,,TRIBÙ EL-ABEIDÀT: st.
140,73,1,Mèriem. Bir es-Sebil l MARABTIN el-Auàma. st,locality,st,12,30,13,,1,,,,,Mèriem. Bir es-Sebil l MARABTIN: el-Auàma. st.
140,73,1,TRIBÙ EL-ABEIDÀT Mansùr Fàiza . et,locality,,28,91,34,1,1,,,,,TRIBÙ EL-ABEIDÀT: Mansùr Fàiza . et.
140,73,1,MansùrAbdel-Gàder st,locality,st,21,57,23,2,1,,,,,MansùrAbdel-Gàder st.
140,73,1,lO,locality,,,,5,,0,,,,,lO
140,73,1,Got Giòua Altri. Sll,locality,,3,,,,0,,,,,Got Giòua Altri. Sll.
140,73,1,l MARABTIN esc-ScelàÌlia . sn,locality,sn,9,19,,,1,,,,,l MARABTIN: esc-ScelàÌlia . sn.
140,73,1,Uàdi en-Nàga. MARABTIN esc-Scelàuia . st,locality,st,7,23,9,,1,Uàdi en- Nàga,derna,Derna,LY0101,Uàdi en-Nàga. MARABTIN: esc-Scelàuia . st.
140,73,1,2 Bracsàda. MARABTIN,locality,,,17,7,1,1,"Bracsàd,a",derna,Derna,LY0101,2 Bracsàda. MARABTIN':
140,73,1,esc-Scelàuia . st,locality,st,5,,,,0,,,,,esc-Scelàuia . st.
140,73,1,MARTÙBA,locality,,698,308,150,2222,0,Martùba,derna,Derna,LY0101,MARTÙBA
140,73,1,TRIBU EL-ABEIDÀT,locality,,,18,9,461,0,,,,,TRIBU EL-ABEIDÀT :
140,73,1,Ghèits st,locality,st,124,,,,0,,,,,Ghèits st.
140,73,1,Bu Giàzia st,locality,st,111,131,63,268,1,,,,,Bu Giàzia st.
140,73,1,,locality,,,,,366,0,,,,,
140,73,1,el-Auàcla. . . . . st,locality,st,86,,,,0,,,,,el-Auàcla. . . . . st.
140,73,1,Mansùr Fàiza. . . t st,locality,,,,,226,0,,,,,Mansùr Fàiza. . . t st
140,73,1,Mansùr Abd el-Gàder\,locality,,59,,,,0,,,,,Mansùr Abd el-Gàder\ .
140,73,1,Mzèin . st,locality,st,12,29,13,20,1,,,,,Mzèin . st.
140,73,1,,locality,,13,15,8,20,1,,,,,
140,73,1,Lamèilet st,locality,st,,,,13,0,,,,,Lamèilet st.
140,73,1,Bu Dàui st,locality,st,5,4,2,,0,,,,,Bu Dàui st.
140,73,1,(l) MARABTIN esc-Scelàuia . st,locality,st,84,6,21,261,0,,,,,(l) MARABTIN: esc-Scelàuia . st.
140,73,1,el-Hùta. st,locality,st,55,,,187,0,,,,,el-Hùta. st.
140,73,1,el-Auàma. st,locality,st,39,34,181,105,0,,,,,el-Auàma. st.
140,73,1,el-Gabàil lO,locality,st,29,22,,79,0,,,,,el-Gabàil st. lO
140,73,1,,locality,,,13,7,77,1,,,,,
140,73,1,el-Masamir st,locality,st,29,,,,0,,,,,el-Masamir st.
140,73,1,el-Mnèfa lO,locality,st,,,,53,0,,,,,el-Mnèfa st. lO
140,73,1,,locality,,,,,41,0,,,,,
140,73,1,esc-Sciuàer st,locality,st,16,,,,0,,,,,esc-Sciuàer st.
140,73,1,Altri. st,locality,st,19,14,9,45,0,,,,,Altri. st.
140,73,1,MISURATINI • st,locality,st,1,4,2,,1,,,,,MISURATINI • st.
140,73,1,ALTRI CENSITI. st,quarter,st,6,18,7,,1,,,,,ALTRI CENSITI. st.
141,74,0,1------ c1- - - - - I - - - - - - c2-----I-s-.-· -4 - - -5 - - -6 -,locality,,,,,7,0,,,,,1------:c1- - - - - I - - - - - - :c2-----I-s-.-· -4 - - -5 - - -6 -
141,74,0,UMM ER-RZÈM,locality,,387,1224,362,606,1,Umm er-Rzèm,derna,Derna,LY0101,UMM ER-RZÈM
141,74,0,TRIBÙ EL-ABEIDÀT Mzèin st,locality,st,97,239,125,116,1,,,,,TRIBÙ EL-ABEIDÀT: Mzèin st.
141,74,0,Abd el-Crim st,locality,st,79,139,62,122,1,,,,,Abd el-Crim st.
141,74,0,Mansùr Abd el-Gàder st,locality,st,40,53,23,73,1,,,,,Mansùr Abd el-Gàder st.
141,74,0,Gàbes st,locality,st,28,34,18,72,1,,,,,Gàbes st.
141,74,0,Rfad. st,locality,st,21,49,26,,1,,,,,Rfad. st.
141,74,0,(l) Embàrca st,locality,st,20,22,12,30,1,,,,,(l) Embàrca st.
141,74,0,Ghèits lO,locality,st,3,4,2,,1,,,,,Ghèits st. lO
141,74,0,"MARABTIN el-Auà,ma . st",locality,st,49,46,21,122,0,,,,,"MARABTIN: el-Auà,ma . st."
141,74,0,el-Ghetaàn . . . . st,locality,st,11,26,15,,1,,,,,el-Ghetaàn . . . . st.
141,74,0,"el-Hùta, el-Masamir st",locality,st,22,61,33,24,1,,,,,"el-Hùta, el-Masamir st."
141,74,0,ALTRI OENSITI. st,locality,st,17,551,25,4,1,,,,,ALTRI OENSITI. st.
141,74,0,CmCONDARIO DI TÒBRUCH 3.425 17.475,locality,,,,5617,1142,0,Tòbruch,tobruch,Butnan,LY0104,CmCONDARIO DI TÒBRUCH 3.425 17.475
141,74,0,Residenza di Tòbruoh,subtotal,,2192,8199,3808,287,1,,,,,Residenza di Tòbruoh
141,74,0,TÒBRUOH (AntipYTUOS),locality,,560,2579,1143,,1,,,,,TÒBRUOH (AntipYTUOS)
141,74,0,,locality,,,,,18,0,,,,,
141,74,0,,locality,,466,2026,941,,1,,,,,
141,74,0,I QUARTIERE URBANO (b),locality,st,526,2123,1076,18,1,,,,,st. I QUARTIERE URBANO (b)
141,74,0,ALTRI OENSITI. st,locality,st,34,456,67,,1,,,,,ALTRI OENSITI. st.
141,74,0,AOROMA,locality,,584,2198,1032,149,1,,,,,AOROMA.
141,74,0,TRIBÙ EL-ABEIDÀT el-Auàcla. sn,locality,sn,151,607,285,29,1,,,,,TRIBÙ EL-ABEIDÀT : el-Auàcla. sn.
141,74,0,Ghèits sn,locality,sn,82,287,147,31,1,,,,,Ghèits sn.
141,74,0,Mèriem. sn,locality,sn,52,176,86,17,1,,,,,Mèriem. sn.
141,74,0,Sciahin • sn,locality,sn,49,165,73,,1,,,,,Sciahin • sn.
141,74,0,,locality,,,,,27,0,,,,,
141,74,0,Feid '43,locality,sn,27,87,,2,1,,,,,Feid sn. '43
141,74,0,(l) Rfad. sn,locality,sn,20,80,36,2,1,,,,,(l) Rfad. sn.
141,74,0,Abèid sn,locality,sn,12,41,21,,1,,,,,Abèid sn.
141,74,0,MARABTIN el-Mnèfa sn,locality,sn,140,,257,,0,,,,,MARABTIN: el-Mnèfa sn.
141,74,0,,locality,,,575,,22,1,,,,,
141,74,0,el-Gabàil sn,locality,sn,39,131,59,14,1,,,,,el-Gabàil sn.
141,74,0,ALTRI OENSITI. st,locality,st,12,49,25,,1,,,,,ALTRI OENSITI. st.
141,74,0,AIN EL-GAZÀLA,locality,,91,289,149,40,1,,,,,AIN EL-GAZÀLA.
141,74,0,TRIBÙ EL-ABEIDÀT ~ Ghèits Giàber. sn,locality,sn,26,77,36,,1,,,,,TRIBÙ EL-ABEIDÀT : ~ Ghèits Giàber. sn.
141,74,0,Ghèits Cadem . sn,locality,sn,17,52,28,,1,,,,,Ghèits Cadem . sn.
141,74,0,Adàl. sn,locality,sn,15,44,26,9,1,,,,,Adàl. sn.
141,74,0,(1) Lamèilet lO,locality,sn,,43,16,5,1,,,,,(1) Lamèilet •. sn. lO
141,74,0,Ghèits Sgaier sn,locality,sn,13,34,20,8,1,,,,,Ghèits Sgaier sn.
141,74,0,~ MARABTIN el-Ghetaàn lO,locality,sn,,39,23,4,1,,,,,~ MARABTIN: el-Ghetaàn Sn. lO
141,74,0,EL-HATiA,locality,,957,3133,1484,80,1,el- Hatìa,tobruch,Butnan,LY0104,EL-HATiA
141,74,0,TRIBÙ EL-ABEIDÀT Mèriem . . . . . . lO,locality,sn,112,355,180,,1,,,,,TRIBÙ EL-ABEIDÀT: Mèriem . . . . . . sn. lO
141,74,0,Ghèits Eu Mogàta. sn,locality,sn,88,245,120,8,1,,,,,Ghèits Eu Mogàta. sn.
141,74,0,Alàlga • . . . . . sn,locality,sn,21,60,27,6,1,,,,,Alàlga • . . . . . sn.
141,74,0,Mansùr Fàiza . sn,locality,sn,8,50,29,3,1,,,,,Mansùr Fàiza . sn.
141,74,0,Mzèin sn,locality,sn,18,42,24,4,1,,,,,Mzèin sn.
141,74,0,AILET FÀID . sn,locality,sn,19,49,28,2,1,,,,,AILET FÀID . sn.
141,74,0,MARABTIN (1) el-Ghetaàn sn,locality,sn,223,811,366,14,1,,,,,MARABTIN: (1) el-Ghetaàn sn.
141,74,0,el-Mnèfa sn,locality,sn,162,573,271,13,1,,,,,el-Mnèfa sn.
141,74,0,esc-Sciuàer sn,locality,sn,65,216,100,5,1,,,,,esc-Sciuàer sn.
141,74,0,Homar . . '48,locality,sn,,140,68,6,1,,,,,Homar . . sn. '48
141,74,0,el-Auàma. sn,locality,sn,33,102,45,2,1,,,,,el-Auàma. sn.
141,74,0,et-Taràchi 54,locality,sn,34,99,,3,1,,,,,"et-Taràchi sn. 54,"
141,74,0,Giaràrra . sn,locality,sn,25,73,35,1,1,,,,,Giaràrra . sn.
141,74,0,el-Habbùn sn,locality,sn,12,41,19,,1,,,,,el-Habbùn sn.
141,74,0,ALTRI OENSITI. sn,locality,sn,89,277,118,3,1,,,,,ALTRI OENSITI. sn.
141,74,0,Residenza di Porto Bardia,subtotal,,1233,9276,1809,,1,,,,,Residenza di Porto Bardia
141,74,0,EL-GEBÈIL,locality,,585,3438,1058,136,1,,,,,EL-GEBÈIL.
141,74,0,Cens i9 U '(Oi,census_1931,,105,2972,177,,1,,,,,Cens: i9:U '(Oi
141,74,0,QUARTIERE URBANO st,locality,st,43,180,90,2,1,,,,,QUARTIERE URBANO st.
141,74,0,"TRIBÙ EL-ABEIDÀT Porto Bardia, Bardia Ghèits . st",locality,st,8,28,14,1,1,Porto Bardìa,porto bardia,Butnan,LY0104,"TRIBÙ EL-ABEIDÀT : Porto Bardia, Bardia Ghèits . st."
141,74,0,Mèriem. st,locality,st,7,22,12,,1,,,,,Mèriem. st.
141,74,0,Altri. st,locality,st,11,37,23,,1,,,,,Altri. st.
141,74,0,TRIBÙ EL-MAGÀRBA st,locality,st,17,57,23,,1,,,,,TRIBÙ EL-MAGÀRBA st.
141,74,1,,locality,,,,,,0,,,,,
141,74,1,Seuue EL-GEBÈIL MARARTIN el-Ghetaàn st,locality,st,201,746,375,67,1,,,,,Seuue: EL-GEBÈIL MARARTIN: el-Ghetaàn st.
141,74,1,el-Habbùn st,locality,st,87,398,183,19,1,,,,,el-Habbùn st.
141,74,1,esc-Sciuàer st,locality,st,34,133,72,7,1,,,,,esc-Sciuàer st.
141,74,1,es-Sneinàt st,locality,st,28,105,48,8,1,,,,,es-Sneinàt st.
141,74,1,"19 Porto Bardla, Bardia el-Mnèfa st",locality,st,21,87,38,6,1,,,,,"19 Porto Bardla, Bardia el-Mnèfa st."
141,74,1,Giaràrra st,locality,st,23,82,31,7,1,,,,,Giaràrra st.
141,74,1,Altri. st,locality,st,21,72,37,4,1,,,,,Altri. st.
141,74,1,ISRAELITI. st,quarter,st,15,45,14,,1,,,,,ISRAELITI. st.
141,74,1,ALTRI CENSITI. st,quarter,st,34,1298,51,,1,,,,,ALTRI CENSITI. st.
141,74,1,14 Amsèat. I ALTRI OENSITI. st,locality,st,35,148,47,,1,,,,,14 Amsèat. I ALTRI OENSITI. st.
141,74,1,ZONA LITORANEA,locality,,543,4952,581,719,1,,,,,ZONA LITORANEA .
141,74,1,TRIBÙ EL-ABEIDÀT st,locality,st,29,83,41,7,1,,,,,TRIBÙ EL-ABEIDÀT: st.
141,74,1,Mèriem. sn,locality,sn,3,,4,1,0,,,,,Mèriem. sn.
141,74,1,lO MARABTIN I Gasr Gàmbut • j st,locality,st,22,84,41,,1,Gasr Gàmbut,,,,lO MARABTIN: I Gasr Gàmbut • j st.
141,74,1,el-Ghetaàn . sn,locality,sn,30,102,45,3,1,,,,,el-Ghetaàn . sn.
141,74,1,n,locality,n,18,14,6,68,0,,,,,n.
141,74,1,j st,locality,st,32,60,31,44,1,,,,,j st.
141,74,1,el-Mnèfa . lO,locality,sn,,16,7,26,1,,,,,el-Mnèfa . sn. lO
141,74,1,n,locality,n,5,2,,13,0,,,,,n.
141,74,1,ALTRI CENSITI. st,quarter,st,6,21,11,,1,,,,,ALTRI CENSITI. st.
141,74,1,II TRIBÙ EL-ABEIDÀT st,locality,st,,,72,103,0,,,,,II TRIBÙ EL-ABEIDÀT: st.
141,74,1,Mansùr,locality,,62,147,,,1,,,,,Mansùr.
141,74,1,Ghèits . st,locality,st,63,80,37,125,1,,,,,Ghèits . st.
141,74,1,Bu Dàui st,locality,st,30,,29,48,0,,,,,Bu Dàui st.
141,74,1,,locality,,,52,,,1,,,,,
141,74,1,Mèriem. st,locality,st,33,96,54,7,1,,,,,Mèriem. st.
141,74,1,Sciahin. st,locality,st,16,41,19,11,1,,,,,Sciahin. st.
141,74,1,5 Màrsa Lucch MARABTIN esc-Sciuàer st,locality,st,125,306,149,122,1,Màrsa Lucch,porto bardia,Butnan,LY0104,5 Màrsa Lucch MARABTIN: esc-Sciuàer st.
141,74,1,"( el-Mnèfa, st",locality,st,49,47,23,141,0,,,,,"( el-Mnèfa, st."
141,74,1,ALTRI CENSITI. st,quarter,st,7,608,12,,1,,,,,ALTRI CENSITI. st ..
141,74,1,Gianzùr ALTRI CENSITI. st,quarter,st,1,761,,,1,Gianzùr,,,,Gianzùr ALTRI CENSITI. st.
141,74,1,ALTRI OENSITI. st,locality,st,,963,,,1,,,,,ALTRI OENSITI. st.
141,74,1,Màrsa el-Aora. ALTRI CENSITI. st,quarter,st,1,1459,,,1,Màrsa el- Aora,porto bardia,Butnan,LY0104,; Màrsa el-Aora. ALTRI CENSITI. st.
141,74,1,Ras Azzàz ALTRI CENSITI. . . . st,quarter,st,84,776,136,,1,,,,,Ras Azzàz ALTRI CENSITI. . . . st.
141,74,1,OASI DI GIARABÙB. Censo 1931 (O),census_1931,,65,279,112,,1,,,,,OASI DI GIARABÙB. Censo 1931 (O)
141,74,1,ALTRI OENSITI. st,locality,st,21,110,34,,1,,,,,ALTRI OENSITI. st.
141,74,1,Bm ESO-SOEFÈRZEN. TERRITORIO MILITARE DEL SUD 12.056 48.376 24.632,subtotal,,,,,739,0,,,,,Bm ESO-SOEFÈRZEN. TERRITORIO MILITARE DEL SUD 12.056 48.376 24.632
141,74,1,SOTTOZONA MILITARE DI BRACa 4.280 17.203,locality,,,,8524,177,0,,,,,SOTTOZONA MILITARE DI BRACa 4.280 17.203
141,74,1,Mudiria di Wri (U Mi esc-Sciàti occidentale),locality,,555,2293,1127,59,1,,,,,Mudiria di Wri (U Mi esc-Sciàti occidentale)
141,74,1,lO,locality,,130,542,287,,1,,,,,lO
141,74,1,ÈDRI Censo 1931 (*),census_1931,,120,408,201,,1,,,,,ÈDRI Censo 1931 (*)
141,74,1,Ulàd Zàid st,locality,st,37,158,85,1,1,,,,,Ulàd Zàid st.
141,74,1,ez-Zgbinda . st,locality,st,26,106,49,1,1,,,,,ez-Zgbinda . st.
141,74,1,Ulàd Slemàn st,locality,st,28,92,54,1,1,,,,,Ulàd Slemàn st.
141,74,1,elcMatàtra s·t,locality,,8,39,19,1,1,,,,,elcMatàtra s·t.
141,74,1,Tuàt. st,locality,st,6,25,18,,1,,,,,Tuàt. st.
141,74,1,855 Èdri. Tuàregh st,locality,st,5,24,14,,1,,,,,855 Èdri. Tuàregh st.
141,74,1,ez-Zintàn . .~,locality,sn,3,13,,1,1,,,,,ez-Zintàn . sn. .~
141,74,1,el-Magàrha sn,locality,sn,4,13,,2,1,,,,,el-Magàrha sn. ..
141,74,1,ALTRI OENSITI. st,locality,st,13,72,34,3,1,,,,,ALTRI OENSITI. st.
141,74,1,HATÌET ÈDRI,locality,,86,303,,23,1,Hatìet Èdri,edri,Wadi al Shatii,LY0318,HATÌET ÈDRI
141,74,1,,locality,,,,138,,0,,,,,
141,74,1,ez-Zuàid sn,locality,sn,77,266,1,21,1,,,,,ez-Zuàid sn.
141,74,1,ez-Zintàn. sn,locality,sn,6,27,,,1,,,,,ez-Zintàn. sn.
141,74,1,~lj Hatlet Èdri . 1~1 ALTRI OENSITI. lO,locality,sn,3,,,2,0,,,,,~lj Hatlet Èdri . 1~1 ALTRI OENSITI. sn. lO
142,75,0,S 3j,locality,,,,,,0,,,,,S 3j
142,75,0,"I TMISSÀN, ZAGÙBA. - Segue EL-MAHARÙGA",locality,,82,363,158,,1,Tmissàn,edri,Wadi al Shatii,LY0318,"I TMISSÀN, ZAGÙBA. - Segue: EL-MAHARÙGA"
142,75,0,Oens. 1931 (') 51 251128 es-Sùsa . st,census_1931,st,,,,31,0,,,,,Oens. 1931 (') 51 251128 es-Sùsa . st.
142,75,0,Tmissàn . . . esc-Sciabin st,locality,st,51,237,105,23,1,Tmissàn,edri,Wadi al Shatii,LY0318,Tmissàn . . . st. esc-Sciabin st.
142,75,0,Tmissàn Denà el-Fghih. ed-Dahailia st,locality,st,24,96,38,20,1,Tmissàn,edri,Wadi al Shatii,LY0318,Tmissàn Denà el-Fghih. st. ed-Dahailia st.
142,75,0,el-Labàt st,locality,st,,,,23,0,,,,,el-Labàt st.
142,75,0,Zagùba. el-Misciàscia. el-Maràa st,locality,n,7,30,15,24,1,,,,,Zagùba. el-Misciàscia. n. el-Maràa st.
142,75,0,~ Maharùghet el~Aiùn. el-Acuàm . st,locality,st,,,,8,0,Maharùghet el~Aiùn,brach,Wadi al Shatii,LY0318,~ Maharùghet el~Aiùn. el-Acuàm . st .
142,75,0,UENZERÌOH. er-Rghebàt . . . . st,locality,st,257,1085,544,4,1,,,,,UENZERÌOH. er-Rghebàt . . . . st.
142,75,0,Oens. 1931 (') el-Magàrhael-Ghèria sn,census_1931,sn,190,863,403,5,1,,,,,Oens. 1931 (') el-Magàrhael-Ghèria sn.
142,75,0,el-Guàida. ALTRI CENSITI. st,quarter,st,139,556,284,2,1,,,,,el-Guàida. st. ALTRI CENSITI. st.
142,75,0,l Fazàzna st,locality,st,107,472,235,,1,,,,,l Fazàzna st.
142,75,0,Ulàd Bu Sef ~I AGÀR (el-Gasr),locality,n,4,20,6,127,1,,,,,Ulàd Bu Sef n. ~I AGÀR (el-Gasr) .
142,75,0,ez-Zintàn. lO Oens. 1931 (0),census_1931,sn,2,,4,82,0,,,,,ez-Zintàn. sn. lO Oens. 1931 (0)
142,75,0,"U,mori""'. Rabaia. sn",locality,sn,,,293,,0,,,,,"U,mori""'. Rabaia. sn."
142,75,0,Ulàd Fadl st,locality,st,,,,72,0,,,,,Ulàd Fadl st.
142,75,0,esc-Sciòrfa st,locality,st,1,,75,33,0,,,,,esc-Sciòrfa st.
142,75,0,es-Sahca Ulàd Nassan ·1,locality,sn,2,11,7,9,1,,,,,es-Sahca Sn. Ulàd Nassan ·1::
142,75,0,Ulàd Bu Sef st,locality,st,,,,7,0,,,,,Ulàd Bu Sef st.
142,75,0,EI-Hasàuna . st,locality,st,,,,3,0,,,,,EI-Hasàuna . st.
142,75,0,ALTRI OENSITI. st,locality,st,,,,3,0,,,,,ALTRI OENSITI. st.
142,75,0,Mudiria di Bèrghin (U àài ese-Sciàti centrale),locality,,922,3511,1721,,1,Bèrghin,berghin,Wadi al Shatii,LY0318,Mudiria di Bèrghin (U àài ese-Sciàti centrale)
142,75,0,GHEGÀM,locality,,,,,102,0,Ghegàm,brach,Wadi al Shatii,LY0318,GHEGÀM
142,75,0,Oens. 1931 (0) lO 1 BÈRGIDN. el-Hasàuna st,census_1931,st,260,1053,505,381,1,,,,,Oens. 1931 (0) lO 1 BÈRGIDN. el-Hasàuna st.
142,75,0,Oens. 1931 (0) ~ el-Asciach. st,census_1931,st,225,1006,507,121,1,,,,,Oens. 1931 (0) ~ el-Asciach. st.
142,75,0,M à r a i . st,locality,st,,,,6,0,,,,,M à r a i . st.
142,75,0,( el-Otmàn . esc-Sciòrfa . lO,locality,st,205,817,402,,1,,,,,( el-Otmàn . st. esc-Sciòrfa . st. lO
142,75,0,) Ulàd Bu Sef . _ Ghegàm Ulàd·Bu Sef st,locality,n,16,75,37,9,1,,,,,) Ulàd Bu Sef n. . _ Ghegàm Ulàd·Bu Sef st.
142,75,0,Bèrghin Fazàzna J Baramàt . . . . . st,locality,st,38,156,66,6,1,Bèrghin,berghin,Wadi al Shatii,LY0318,Bèrghin Fazàzna st. J Baramàt . . . . . st.
142,75,0,I ALTRI OENSITI. r el-Magàrha el-Gran. st,locality,st,,,,5,0,,,,,I ALTRI OENSITI. st. r el-Magàrha el-Gran. st.
142,75,0,l -,locality,,,5,,,1,,,,,l -
142,75,0,I ALTRI OENSITI. st,locality,st,,,,16,0,,,,,I ALTRI OENSITI. st.
142,75,0,HATiET BÈRGHIN,locality,,147,550,277,,1,Hatìet Bèrghin,berghin,Wadi al Shatii,LY0318,HATiET BÈRGHIN •
142,75,0,Oens. 1931 ('),census_1931,,106,518,272,,1,,,,,Oens. 1931 (')
142,75,0,TAMZÀuA,locality,,,,,262,0,Tamzàua,brach,Wadi al Shatii,LY0318,TAMZÀuA.
142,75,0,l ez-Zuàid Oens. i931'(0),census_1931,st,100,338,175,135,1,,,,,l ez-Zuàid st. Oens. i931'(0)
142,75,0,Hatiet Bèrghin Fazàzna st,locality,st,26,114,54,,1,,,,,Hatiet Bèrghin Fazàzna st.
142,75,0,Ulàd Bu Sef . el-Hasàuna. st,locality,st,21,98,48,139,1,,,,,Ulàd Bu Sef st. . el-Hasàuna. st.
142,75,0,Bughni . st,locality,st,,,,36,0,,,,,", Bughni . st."
142,75,0,I Fazàzna . . . . el-Magàrha st,locality,st,128,497,250,27,1,,,,,I Fazàzna . . . . st. el-Magàrha st.
142,75,0,GÒTTA Oens. 1931 (0) 3 Tamzàua el-Fògha st,census_1931,st,,,,16,0,,,,,GÒTTA Oens. 1931 (0) 3 Tamzàua el-Fògha st.
142,75,0,,locality,,82,401,218,,1,,,,,
142,75,0,el-Ghèdia . st,locality,st,,,,6,0,,,,,el-Ghèdia . st.
142,75,0,EL-GÒLLA ~ E\sc-Sciòrfa st,locality,st,59,211,102,6,1,,,,,EL-GÒLLA ~ E\sc-Sciòrfa st.
142,75,0,i es-Sahca l ALTRI OENSITI. st,locality,st,32,109,48,32,1,,,,,i es-Sahca st. l ALTRI OENSITI. st.
142,75,0,el-GÒlla. Ulàd. Bu Sef st,locality,st,27,102,54,,1,,,,,el-GÒlla. Ulàd. Bu Sef st.
142,75,0,EZ-ZUÈIA,locality,,,,,160,0,ez- Zuèia,brach,Wadi al Shatii,LY0318,EZ-ZUÈIA
142,75,0,TARÙT. Oens. 1931 (.),census_1931,,112,402,178,90,1,,,,,TARÙT. Oens. 1931 (.)
142,75,0,Oens. 1931 (0) el-Magàrlia st,census_1931,st,108,396,185,57,1,,,,,Oens. 1931 (0) el-Magàrlia st.
142,75,0,el-Hasàuna Ulàd Brahim st,locality,st,84,309,131,23,1,,,,,el-Hasàuna st. Ulàd Brahim st.
142,75,0,Tarùt Fazàzna el-Maduia. st,locality,st,28,93,47,19,1,,,,,Tarùt Fazàzna st. el-Maduia. st.
142,75,0,et-Teiàb st,locality,st,,,,19,0,,,,,et-Teiàb st.
142,75,0,ED-DuÈSA Fazàzna Ulàd Abd «)r R ah,locality,st,43,140,78,,1,,,,,"ED-DuÈSA Fazàzna st. Ulàd Abd «)r:R:ah,."
142,75,0,"Oens. 1931 (') ~.ZoM"" màn at",census_1931,,30,109,60,13,1,,,,,"Oens. 1931 (') :: ~.ZoM"" màn at."
142,75,0,l/ ez-Zueiàt . lO EL-GÒRDA Ulàd Ali st,locality,st,173,658,331,7,1,,,,,l/ ez-Zueiàt . st. lO EL-GÒRDA Ulàd Ali st.
142,75,0,Oens. 1931 (.) ed -Dahailia . st,census_1931,st,111,425,216,2,1,,,,,Oens. 1931 (.) ed -Dahailia . st.
142,75,0,Ulàd Abd Allah. st,locality,st,,,,4,0,,,,,Ulàd Abd Allah. st.
142,75,0,l el-Hasàuna st,locality,st,132,500,241,,1,,,,,l el-Hasàuna st.
142,75,0,eI-Gòrda Fazàzna 4J \ ALTRI OENSITI. st,locality,st,,158,90,6,1,,,,,eI-Gòrda Fazàzna st. 4J \ ALTRI OENSITI. st.
142,75,0,"ZELUÀZ, GASR EL-SOENENÀT",locality,,,,,243,0,,,,,"ZELUÀZ, GASR EL-SOENENÀT"
142,75,0,Oens. 1931 (O),census_1931,,,,,153,0,,,,,Oens. 1931 (O)
142,75,0,Mudiria di Draoh (U àài esc-Smàti orientale) st,locality,st,1959,7803,3918,147,1,,,,,Mudiria di Draoh (U àài esc-Smàti orientale) st.
142,75,0,l t~ !e~i~~ st,locality,st,,,,27,0,,,,,l :t~:!e~i~~ st.
142,75,0,"Zeluàz, Gasr el-Scene- el Ghèdia . . st",locality,st,,,,35,0,,,,,"Zeluàz, Gasr el-Scene- el:Ghèdia . . st."
142,75,0,nàt . . . . . . . Àllet es-Sud st,locality,st,,,,12,0,,,,,nàt . . . . . . . Àllet es-Sud st.
142,75,0,BRAOH. Ibnà Ben Meschin . st,locality,st,316,1236,640,6,1,,,,,BRAOH. Ibnà Ben Meschin . st.
142,75,0,Oens. 1931 (') 1. qu,census_1931,,346,,778,,0,,,,,Oens. 1931 (') 1. qu
142,75,0,ALTRI OENSITI. st,locality,st,,,,16,0,,,,,ALTRI OENSITI. st.
142,75,0,QUARTIERI ez-Zàvia GHIRA,quarter,st,85,339,176,178,1,,,,,QUARTIERI: ez-Zàvia st. GHIRA.
142,75,0,eI-Gasr . l,locality,st,68,272,143,,1,,,,,eI-Gasr . st. l
142,75,0,el-Afia Ghira st,locality,st,58,200,118,36,1,,,,,el-Afia st. Ghira st.
142,75,0,eI-MsàUa 3 Ghira .1 st,locality,st,39,135,69,71,1,,,,,eI-MsàUa st. 3 Ghira .1 st.
142,75,0,el-Magàrha l sn,locality,sn,,,,71,0,,,,,el-Magàrha l sn.
142,75,0,ALTRI OENSITI. st,locality,st,66,290,134,,1,,,,,ALTRI OENSITI. st.
142,75,0,I DÈBOEB,locality,,,,649,35,0,,,,,I DÈBOEB
142,75,0,EL-MAHARÙGA Oens. i931 .( 0)/,census_1931,,350,1308,,19,1,,,,,EL-MAHARÙGA Oens. i931 .( 0)/
142,75,0,Oens. 1931 ('),census_1931,,297,1234,654,,1,,,,,Oens. 1931 (')
142,75,0,"lO Gimaila. - Dèbdeb,. el-Magàrha . . . sn",locality,st,57,213,96,14,1,,,,,"st. lO Gimaila. st. - Dèbdeb,. el-Magàrha . . . sn."
142,75,0,Heinida UlàdFadl st,locality,st,55,184,85,11,1,,,,,Heinida st. UlàdFadl st.
142,75,0,Mahamda . st,locality,st,24,106,52,,1,,,,,Mahamda . st.
142,75,0,el-Fògha st,locality,st,19,78,39,,1,,,,,el-Fògha st.
142,75,0,el-Hmedàt ESO'OffiDA,locality,st,12,43,23,48,1,,,,,el-Hmedàt st. ESO'OffiDA
142,75,0,"_h"" W.B~.I el-Baràgla . . . . Oens. 1931(°)",census_1931,st,,,20,41,0,,,,,"_h"" W.B~.I el-Baràgla . . . . st. Oens. 1931(°)"
142,75,0,,locality,,11,35,,,1,,,,,
142,75,0,el-Magàrhael-Ghèria Ulàd Fadl st,locality,sn,7,27,12,36,1,,,,,el-Magàrhael-Ghèria sn. Ulàd Fadl st.
142,75,0,el-Gbarin. . - Esc'chida. l ez-Zlùca st,locality,st,6,22,13,12,1,,,,,el-Gbarin. . st. - Esc'chida. l ez-Zlùca st.
142,75,0,Ulàd Bu Sei st,locality,st,6,21,12,,1,,,,,Ulàd Bu Sei st.
142,75,0,ALTRI OENSITI. - BRAOH-TRIBù NOMADI I el-Magàrha n,locality,st,13,41,26,138,1,,,,,ALTRI OENSITI. st. - BRAOH-TRIBù NOMADI I el-Magàrha n.
142,75,1,ij,locality,,,,,,0,,,,,ij
142,75,1,,locality,,108,49,,,0,,,,,
142,75,1,,locality,,96,50,,,0,,,,,
142,75,1,,locality,,85,37,,,0,,,,,
142,75,1,,locality,,79,39,,,0,,,,,
142,75,1,,locality,,73,40,,,0,,,,,
142,75,1,,locality,,48,26,,,0,,,,,
142,75,1,,locality,,22,16,,,0,,,,,
142,75,1,,locality,,15,7,,,0,,,,,
142,75,1,,locality,,12,7,,,0,,,,,
142,75,1,,locality,,477,250,7,,0,,,,,
142,75,1,,locality,,323,170,,,0,,,,,
142,75,1,,locality,,272,139,2,,0,,,,,
142,75,1,,locality,,112,63,4,,0,,,,,
142,75,1,,locality,,32,19,,,0,,,,,
142,75,1,,locality,,25,12,,,0,,,,,
142,75,1,,locality,,13,6,,,0,,,,,
142,75,1,,locality,,23,11,1,,0,,,,,
142,75,1,,locality,,408,210,1,,0,,,,,
142,75,1,,locality,,441,238,,,0,,,,,
142,75,1,,locality,,144,75,,,0,,,,,
142,75,1,,locality,,51,22,,,0,,,,,
142,75,1,,locality,,48,27,,,0,,,,,
142,75,1,,locality,,39,20,,,0,,,,,
142,75,1,,locality,,34,13,,,0,,,,,
142,75,1,,locality,,21,14,,,0,,,,,
142,75,1,,locality,,20,8,,,0,,,,,
142,75,1,,locality,,51,31,,,0,,,,,
142,75,1,,locality,,1056,531,10,,0,,,,,
142,75,1,,locality,,610,314,,,0,,,,,
142,75,1,,locality,,586,294,7,,0,,,,,
142,75,1,,locality,,130,62,,,0,,,,,
142,75,1,,locality,,101,52,3,,0,,,,,
142,75,1,,locality,,65,34,,,0,,,,,
142,75,1,,locality,,26,13,,,0,,,,,
142,75,1,,locality,,26,12,,,0,,,,,
142,75,1,,locality,,122,64,,,0,,,,,
142,75,1,,locality,,631,315,,,0,,,,,
142,75,1,,locality,,436,212,,,0,,,,,
142,75,1,,locality,,212,97,,,0,,,,,
142,75,1,,locality,,84,40,,,0,,,,,
142,75,1,,locality,,80,37,,,0,,,,,
142,75,1,,locality,,78,41,,,0,,,,,
142,75,1,,locality,,52,28,,,0,,,,,
142,75,1,,locality,,37,23,,,0,,,,,
142,75,1,,locality,,19,11,,,0,,,,,
142,75,1,lO,locality,,19,,,,0,,,,,lO
142,75,1,lO,locality,,15,,,,0,,,,,lO
142,75,1,J8,locality,,35,,,,0,,,,,J8
142,75,1,,locality,,958,479,5,,0,,,,,
142,75,1,,locality,,699,352,,,0,,,,,
142,75,1,,locality,,572,278,3,,0,,,,,
142,75,1,,locality,,131,64,,,0,,,,,
142,75,1,123,locality,,,63,1,,1,,,,,123 .
142,75,1,,locality,,57,31,,,0,,,,,
142,75,1,,locality,,26,16,,,0,,,,,
142,75,1,,locality,,49,27,1,,0,,,,,
142,75,1,,locality,,816,391,5,,0,,,,,
142,75,1,,locality,,158,81,,,0,,,,,
142,75,1,,locality,,348,169,,,0,,,,,
142,75,1,,locality,,310,141,5,,0,,,,,
142,75,1,,locality,,146,74,2,,0,,,,,
142,75,1,/iO,locality,,98,,,,0,,,,,/iO
142,75,1,,locality,,48,28,,,0,,,,,
142,75,1,,locality,,50,25,2,,0,,,,,
142,75,1,,locality,,48,21,,,0,,,,,
142,75,1,,locality,,228,118,,,0,,,,,
142,75,1,,locality,,207,102,,,0,,,,,
142,75,1,,locality,,177,,,,0,,,,,
142,75,1,~gl,locality,,51,,,,0,,,,,~gl
142,75,1,,locality,,539,261,3,,0,,,,,
143,76,0,,locality,,,,,7,0,,,,,
143,76,0,Mudiria di Sèbha (Oasi di Sèbha),locality,,844,3596,1758,12,1,,,,,Mudiria di Sèbha (Oasi di Sèbha)
143,76,0,EL-GEDìD,locality,,346,1608,754,9,1,,,,,EL-GEDìD
143,76,0,Oens. 1931 (0),census_1931,,211,1217,498,,1,,,,,Oens. 1931 (0)
143,76,0,Abitato di el-Gedid. QUARTIERI er-Ras st,quarter,st,69,316,174,4,1,,,,,Abitato di el-Gedid. QUARTIERI: er-Ras st.
143,76,0,Gent Aissa st,locality,st,51,235,125,1,1,,,,,Gent Aissa st.
143,76,0,el-Gasr • st,locality,st,44,175,95,1,1,,,,,el-Gasr • st.
143,76,0,Decuch. st,locality,st,35,160,83,,1,,,,,Decuch. st.
143,76,0,Sciàra el-U ost. . 11 7,locality,st,41,,89,,0,,,,,Sciàra el-U ost. . st. 11;7
143,76,0,Sciàra es-Suenia . st,locality,st,32,132,68,,1,,,,,Sciàra es-Suenia . st.
143,76,0,Sciara el-GallaI st,locality,st,29,117,57,,1,,,,,Sciara el-GallaI st.
143,76,0,ALTRI CENSITI. st,quarter,st,7,188,5,,1,,,,,ALTRI CENSITI. st.
143,76,0,1 st,locality,st,13,13,,,1,,,,,.1 st.
143,76,0,Oasi di el-Gedid. el-Magàrha,locality,,25,115,58,,1,,,,,Oasi di el-Gedid. el-Magàrha
143,76,0,l EL-GÒRDA,locality,sn,173,690,361,,1,el- Gòrda,,,,l sn. EL-GÒRDA
143,76,0,Oens. 1931 (0),census_1931,,148,534,265,,1,,,,,Oens. 1931 (0)
143,76,0,QUARTIERI Sciàra er-Rues st,quarter,st,55,205,105,,1,,,,,QUARTIERI: Sciàra er-Rues st.
143,76,0,Bab el-Mhadi . st,locality,st,31,151,80,,1,,,,,Bab el-Mhadi . st.
143,76,0,Sciàra el-Uost • -,locality,st,34,140,72,,1,,,,,Sciàra el-Uost • st. -
143,76,0,Sciàra ez-Zcari st,locality,st,36,135,77,,1,,,,,Sciàra ez-Zcari st.
143,76,0,el-Gasr . st,locality,st,17,59,27,,1,,,,,el-Gasr . st.
143,76,0,HAGIÀRA Ragiàra I,locality,st,35,124,68,,1,,,,,HAGIÀRA Ragiàra st. I
143,76,0,Oens. 1931 (0),census_1931,,58,195,98,,1,,,,,Oens. 1931 (0)
143,76,0,TEMENHiNT,locality,,60,215,108,,1,Temenhìnt,sebha,Sabha,LY0319,TEMENHiNT
143,76,0,Oens. 1931 (*),census_1931,,51,182,83,,1,,,,,Oens. 1931 (*)
143,76,0,er-Ruascedia Temenhlnt j,locality,st,26,99,51,,1,,,,,er-Ruascedia st. Temenhlnt j
143,76,0,I ALTRI CENSITI. st,quarter,st,34,116,57,,1,,,,,I ALTRI CENSITI. st.
143,76,0,SÈMNU,locality,,100,429,209,2,1,Sèmnu,sebha,Sabha,LY0319,SÈMNU
143,76,0,Oens. 1931 (0),census_1931,,78,375,166,,1,,,,,Oens. 1931 (0)
143,76,0,st,locality,st,20,107,52,,1,,,,,st.
143,76,0,l el-Ghaddàma el-R uffacher. st,locality,st,16,75,41,,1,,,,,l el-Ghaddàma el-R uffacher. st.
143,76,0,el-Acasciàt st,locality,st,12,59,28,,1,,,,,el-Acasciàt st.
143,76,0,Sèmnu . . el-Hazazàt st,locality,st,15,47,22,,1,,,,,Sèmnu . . el-Hazazàt st.
143,76,0,el-Magàrha st,locality,st,8,37,17,,1,,,,,el-Magàrha st.
143,76,0,ALTRI CENSITI. st,quarter,st,29,104,49,,1,,,,,ALTRI CENSITI. st.
143,76,0,Ez-ZìGHEN,locality,,129,519,258,,1,ez- Zìghen,sebha,Sabha,LY0319,Ez-ZìGHEN.
143,76,0,Oens. 1931 (0),census_1931,,113,358,182,,1,,,,,Oens. 1931 (0)
143,76,0,ez-Zighen. st,locality,st,62,252,133,,1,,,,,ez-Zighen. st.
143,76,0,el-Magàrha • . . an. -,locality,,32,134,63,,1,,,,,el-Magàrha • . . an. -
143,76,0,l Uàdiesc-Scèrghi. st,locality,st,7,33,17,,1,,,,,l Uàdiesc-Scèrghi. st.
143,76,0,I~mg-· el-Fògha st,locality,st,9,27,11,,1,,,,,I~mg-· el-Fògha st.
143,76,0,Orfella st,locality,st,4,15,6,,1,,,,,Orfella st.
143,76,0,ALTRI CENSITI. st,quarter,st,15,58,28,,1,,,,,ALTRI CENSITI. st.
143,76,0,UMM EL-ABìD . I ALTRI CENSITI. st,quarter,st,1,11,,,1,Umm el-Abìd,sebha,Sabha,LY0319,UMM EL-ABìD . I ALTRI CENSITI. st.
143,76,0,SOTTOZONA MILITARE DI GAT,locality,,2387,9458,4984,13,1,,,,,SOTTOZONA MILITARE DI GAT
143,76,0,Mudiria di Gat (U àdi Tanezzù/t),locality,,757,3071,1559,1,1,,,,,Mudiria di Gat (U àdi Tanezzù/t)
143,76,0,GAT,locality,,255,1008,510,1,1,Gat,,,,GAT.
143,76,0,Oens. 1931 (0),census_1931,,129,962,433,,1,,,,,Oens. 1931 (0)
143,76,0,Attàra st,locality,st,147,543,298,,1,,,,,Attàra st.
143,76,0,Chel Talac • Il,locality,st,,43,25,,1,,,,,Chel Talac • st. Il
143,76,0,Chel Tamalgàt st,locality,st,8,42,26,,1,,,,,Chel Tamalgàt st.
143,76,0,Chel Hapsa . st,locality,st,8,37,23,,1,,,,,Chel Hapsa . st.
143,76,0,Gat Ait Ha=uda . . -,locality,st,9,33,19,,1,,,,,Gat Ait Ha=uda . . st. -
143,76,0,Chel Imangasàten. st,locality,st,3,17,11,,1,,,,,Chel Imangasàten. st.
143,76,0,Imaca=asa lO,locality,st,4,,6,,0,,,,,Imaca=asa st. lO
143,76,0,GADAMISINI. st,locality,st,12,33,13,,1,,,,,GADAMISINI. st.
143,76,0,ALTRI CENSITI. st,quarter,st,53,250,89,,1,,,,,ALTRI CENSITI. st.
143,76,0,GAT-NoMADI TUÀREGH,locality,,194,851,425,,1,,,,,GAT-NoMADI TUÀREGH
143,76,0,Oens. 1931 (0),census_1931,,102,406,202,,1,,,,,Oens. 1931 (0)
143,76,0,Chel Arrlchin . n,locality,n,63,243,125,,1,,,,,Chel Arrlchin . n.
143,76,0,"Mgargàsen Izzazze ""'"" • NomoAl h l giàten n",locality,n,40,194,96,,1,,,,,"Mgargàsen Izzazze ""'"" • NomoAl ...... h l giàten n."
143,76,0,Chel Ebàda. n,locality,n,33,169,86,,1,,,,,Chel Ebàda. n.
143,76,0,Mgargàsen Chel Ma - sach . . . n,locality,n,29,137,62,,1,,,,,Mgargàsen Chel Ma - sach . . . n.
143,76,0,Chel Tadràrt =1,locality,n,29,108,56,,1,,,,,Chel Tadràrt n. =1
143,76,1,,locality,,,,,,0,,,,,
143,76,1,EL-FÈUJ!lT -,locality,,32,124,68,,1,,,,,EL-FÈUJ!lT -
143,76,1,Oens. 1931 (0),census_1931,,35,136,78,,1,,,,,Oens. 1931 (0)
143,76,1,"el-Fèuet (Tan Ataràm,. 1 Attàra -",locality,st,13,62,38,,1,Tan Ataràm,gat,Ghat,LY0321,"el-Fèuet (Tan Ataràm,. 1 Attàra st. -"
143,76,1,Tan A/ella) l Chel Fèuet -,locality,st,19,62,30,,1,,,,,Tan A/ella) l Chel Fèuet st. -
143,76,1,"EL-BÀRCAT . ."" -",locality,,165,612,810,,0,el- Bàrcat,gat,Ghat,LY0321,"EL-BÀRCAT . ."" -"
143,76,1,Oens. 1931 ('),census_1931,,135,616,316,,1,,,,,Oens. 1931 (')
143,76,1,Attàra -,locality,st,112,406,207,,1,,,,,Attàra st. -
143,76,1,Chel Attàram . -,locality,st,47,180,94,,1,,,,,Chel Attàram . st. -
143,76,1,~ el-Bàrcat. . ~ Chel Emineg -,locality,st,4,16,6,,1,el- Bàrcat,gat,Ghat,LY0321,~ el-Bàrcat. . ~ Chel Emineg st. -
143,76,1,Qhel Arrichin . -,locality,st,2,10,3,,1,,,,,Qhel Arrichin . st. -
143,76,1,TUNÌN. -,locality,,57,188,99,,1,Tunìn,,,,TUNÌN. -
143,76,1,Oens. 1931 (0),census_1931,,30,151,78,,1,,,,,Oens. 1931 (0)
143,76,1,Attàra -,locality,st,31,100,45,,1,,,,,Attàra st. -
143,76,1,Igiauèn Chel el- Tunin . ~ Lansar . -,locality,st,19,64,41,,1,Tunìn,,,,Igiauèn Chel el- Tunin . ~ Lansar . st. -
143,76,1,Igiauèn esc-Sciòrfa -,locality,st,7,24,13,,1,,,,,Igiauèn esc-Sciòrfa: st. -
143,76,1,EL-AUENÀT (Sèrdeles) -,locality,,80,182,90,,1,Sèrdeles,gat,Ghat,LY0321,EL-AUENÀT (Sèrdeles) -
143,76,1,Oens. 1931 (') 1ZJ,census_1931,,28,,58,,0,,,,,Oens. 1931 (') 1ZJ
143,76,1,Auenàt. -,locality,st,29,170,90,,1,,,,,Auenàt. st. -
143,76,1,el-Auenàt. AL TRI CENSITI. - -,locality,st,1,12,,,1,,,,,el-Auenàt. AL TRI CENSITI. st. - -
143,76,1,EL-AUENÀT - TUÀREGH. Ifilàlen . -,locality,n,24,106,57,,1,,,,,EL-AUENÀT - TUÀREGH. Ifilàlen . n. -
143,76,1,Oens. 1931 (0),census_1931,,33,147,71,,1,,,,,Oens. 1931 (0)
143,76,1,Mudiria di Vàdi el-AgiàI,locality,,1630,6387,3325,,1,,,,,Mudiria di Vàdi el-AgiàI
143,76,1,UÀDI EL-AGIÀL EL-GÀRBI UBÀRI. -,locality,,95,423,215,,1,Uàdi el- Agiàl el-Gàrbi,uadi el agial,Wadi al Hayaa,LY0320,UÀDI EL-AGIÀL EL-GÀRBI: UBÀRI. -
143,76,1,Oens. 1931 (0),census_1931,,35,313,134,,1,,,,,Oens. 1931 (0)
143,76,1,Ubàri -,locality,st,51,222,127,,1,,,,,st. Ubàri -
143,76,1,Tsaui. -,locality,st,29,125,60,,1,,,,,Tsaui. st. -
143,76,1,el-Fgeg. -,locality,st,8,25,18,,1,,,,,el-Fgeg. st. -
143,76,1,1 Ubàri Uenzerich. lO -,locality,st,5,20,,,1,,,,,1 Ubàri Uenzerich. st. lO -
143,76,1,TRI OENSITI. - -,locality,st,2,31,,,1,,,,,TRI OENSITI. st. - -
143,76,1,UBÀRI - NOMADI TUÀREGH -,locality,,199,936,451,,1,,,,,UBÀRI - NOMADI TUÀREGH -
143,76,1,Oens. 1931 (0),census_1931,,116,782,403,,1,,,,,Oens. 1931 (0)
143,76,1,Tin Àlcum 21.6 -,locality,n,108,464,,,1,,,,,Tin Àlcum n. 21.6 -
143,76,1,= regh . . . . . . . Ubàri - Nomadi TUà-1 - Chel Imanga~àte~ n,locality,n,47,243,122,,1,,,,,= regh . . . . . . . Ubàri - Nomadi TUà-1 - Chel Imanga~àte~ : n.
143,76,1,Saccàna -,locality,n,44,229,113,,1,,,,,Saccàna n. -
143,76,1,~ I EL·RATiA (Hatl et Ubàri) -,locality,,61,262,143,,1,,,,,~ I EL·RATiA (Hatl..et Ubàri) -
143,76,1,Oens. 1931 (0),census_1931,,16,112,61,,1,,,,,Oens. 1931 (0)
143,76,1,el-Ghèser . -,locality,st,13,53,33,,1,,,,,el-Ghèser . st. -
143,76,1,- e!-Amamsa,locality,st,13,42,21,,1,,,,,st. - e!-Amamsa
143,76,1,el-Ratia (Hatìet UMri) ~ el-Abàbsa. -,locality,st,8,40,18,,1,,,,,el-Ratia (Hatìet UMri) ~ el-Abàbsa. st. -
143,76,1,el-Rag Soliman -,locality,st,8,37,17,,1,,,,,el-Rag Soliman st. -
143,76,1,Tin Àlcum -,locality,st,7,39,21,,1,,,,,Tin Àlcum st. -
143,76,1,? Sciuàscena s~. -,locality,,12,51,33,,1,,,,,? Sciuàscena s~. -
143,76,1,EL-GRÈFA -,locality,,190,700,365,,1,el- Grèfa,,,,EL-GRÈFA -
143,76,1,Oens. 1931 (0),census_1931,,65,541,280,,1,,,,,Oens. 1931 (0)
143,76,1,- Scech Abdàlla. st,locality,st,38,128,69,,1,,,,,- Scech Abdàlla. st.
143,76,1,Ganèima -,locality,st,28,107,50,,1,,,,,Ganèima st. -
143,76,1,Chegèra -,locality,st,29,107,62,,1,,,,,Chegèra st. -
143,76,1,Scianàgla. ~,locality,st,19,78,38,,1,,,,,Scianàgla. st. ~
143,76,1,Addad -,locality,st,13,55,31,,1,,,,,Addad st. -
143,76,1,Ben Sàlem -,locality,st,12,35,18,,1,,,,,Ben Sàlem st. -
143,76,1,el-Grèfa Etum -,locality,st,8,35,16,,1,,,,,el-Grèfa Etum st. -
143,76,1,Buderbàla -,locality,st,12,33,19,,1,,,,,Buderbàla st. -
143,76,1,esc-Sciòrfa -,locality,st,5,23,9,,1,,,,,esc-Sciòrfa st. -
143,76,1,I el-Fò!ha . -,locality,st,7,21,13,,1,,,,,I el-Fò!ha . st. -
143,76,1,Tin lcum -,locality,st,2,8,4,,1,,,,,Tin lcum st. -
143,76,1,Sciuàscena -,locality,st,17,70,36,,1,,,,,Sciuàscena st. -
143,76,1,GÈRMA (Garàma). -,locality,,36,144,78,,1,,,,,GÈRMA (Garàma). -
143,76,1,Oens. 1931 (0),census_1931,,14,118,68,,1,,,,,Oens. 1931 (0)
143,76,1,Dbagi -,locality,st,4,25,12,,1,,,,,Dbagi st. -
143,76,1,Ben Ismail -,locality,st,5,24,14,,1,,,,,Ben Ismail st. -
143,76,1,Ulàd Ghesem -,locality,st,6,23,13,,1,,,,,Ulàd Ghesem st. -
143,76,1,Gèrnia (GaTàma). A bdelmaghit -,locality,st,7,22,12,,1,,,,,Gèrnia (GaTàma). A bdelmaghit st. -
143,76,1,Encur -,locality,st,6,21,13,,1,,,,,Encur st. -
143,76,1,Tin Àlc~ -,locality,st,8,29,14,,1,,,,,Tin Àlc~ st. -
144,77,0,S,locality,,,,,7,0,,,,,S
144,77,0,TUÀsc,locality,,80,387,207,1,1,Tuàsc,uadi el agial,Wadi al Hayaa,LY0320,TUÀsc .•
144,77,0,Oens. 1931 ('),census_1931,,34,283,146,,1,,,,,Oens. 1931 (')
144,77,0,Ben Uèdi . lO,locality,st,7,30,,,1,,,,,Ben Uèdi . st. lO
144,77,0,Ghesèiel st,locality,st,4,27,14,,1,,,,,Ghesèiel st.
144,77,0,"er,Rogebàn lO",locality,st,4,20,,,1,,,,,"er,Rogebàn st. lO"
144,77,0,Tuàsc . ) _,locality,st,41,210,121,,1,Tuàsc,uadi el agial,Wadi al Hayaa,LY0320,Tuàsc . ) st. _
144,77,0,"Sciuàscena - ""ALTRI CENSITI",quarter,st,24,100,52,,1,,,,,"Sciuàscena st. - ""ALTRI CENSITI."
144,77,0,BRECH,locality,,84,321,178,1,1,Brech,uadi el agial,Wadi al Hayaa,LY0320,.BRECH.
144,77,0,Oens. 1931 (0),census_1931,,31,257,137,,1,,,,,Oens. 1931 (0)
144,77,0,el-Abàbsa. st,locality,st,31,115,66,1,1,,,,,el-Abàbsa. st.
144,77,0,Gatcùt . st,locality,st,14,51,27,,1,,,,,Gatcùt . st.
144,77,0,el-Fògha . st,locality,st,11,40,21,,1,,,,,el-Fògha . st.
144,77,0,l f el-Amàza. st,locality,st,7,31,16,,1,,,,,l f el-Amàza. st.
144,77,0,Brech Lesuèd. st,locality,st,8,26,11,,1,,,,,Brech Lesuèd. st.
144,77,0,Gibrin st,locality,st,5,20,12,,1,,,,,Gibrin st.
144,77,0,Bàrbar. st,locality,st,4,20,13,,1,,,,,Bàrbar. st.
144,77,0,"l, Cascetani . st",locality,st,4,18,12,,1,,,,,"l, Cascetani . st."
144,77,0,"TuiuA, EL·CRARÀIGR",locality,,46,177,95,,1,el- Charàigh,uadi el agial,Wadi al Hayaa,LY0320,"TuiuA, EL·CRARÀIGR"
144,77,0,Oens. i9 i1 '(0,census_1931,,16,128,75,,1,,,,,Oens. i9:i1 '(0;
144,77,0,el-Rag Abdàlla. st,locality,st,5,25,13,,1,,,,,el-Rag Abdàlla. st.
144,77,0,Sciaabina. lO,locality,st,4,20,,,1,,,,,Sciaabina. st. lO
144,77,0,Abdelbaset st,locality,st,7,18,11,,1,,,,,Abdelbaset st.
144,77,0,Sciuàscena lO,locality,st,,39,23,,1,,,,,Sciuàscena st. lO
144,77,0,ALTRI CENSITI. st,quarter,st,20,75,38,,1,,,,,ALTRI CENSITI. st.
144,77,0,GRÀGRA,locality,,84,335,182,1,1,Gràgra,,,,GRÀGRA
144,77,0,Oens. 1931 (0),census_1931,,32,256,135,,1,,,,,Oens. 1931 (0)
144,77,0,Cadùra . . st,locality,st,9,47,28,,1,,,,,Cadùra . . st.
144,77,0,~ Bengassà. st,locality,st,14,38,19,,1,,,,,~ Bengassà. st.
144,77,0,el-Ghèser . st,locality,st,8,28,17,,1,,,,,el-Ghèser . st.
144,77,0,Gràgra. Aggàr lO,locality,st,5,24,,,1,,,,,Gràgra. Aggàr st. lO
144,77,0,Mahàda. st,locality,st,6,23,11,,1,,,,,Mahàda. st.
144,77,0,{ Sciuàscena . 20,locality,st,,75,42,,1,,,,,{ Sciuàscena st. . 20
144,77,0,ALTRI CENSITI. st,quarter,st,22,100,55,,1,,,,,ALTRI CENSITI. st.
144,77,0,TECRERTìBA,locality,,66,230,123,,1,Techertìba,uadi el agial,Wadi al Hayaa,LY0320,TECRERTìBA
144,77,0,Oens. 1931 (0),census_1931,,25,166,93,,1,,,,,Oens. 1931 (0)
144,77,0,Amiri st,locality,st,6,30,14,,1,,,,,Amiri st.
144,77,0,Magidùb st,locality,st,7,29,13,,1,,,,,Magidùb st.
144,77,0,Ben Milàd st,locality,st,9,22,13,,1,,,,,Ben Milàd st.
144,77,0,Addad st,locality,st,9,21,11,,1,,,,,Addad st.
144,77,0,Baarin st,locality,st,5,20,13,,1,,,,,Baarin st.
144,77,0,Techertiba Becacheria st,locality,st,5,20,12,,1,Techertìba,uadi el agial,Wadi al Hayaa,LY0320,Techertiba Becacheria st.
144,77,0,Tin Àlcum lO,locality,st,4,22,,,1,,,,,Tin Àlcum st. lO
144,77,0,Sciuàscena st,locality,st,11,40,24,,1,,,,,Sciuàscena st.
144,77,0,ALTRI CENSITI. lO,quarter,st,,26,13,,1,,,,,ALTRI CENSITI. st. lO
144,77,0,ZONA DEI LAGHETTI MÀNDARA,locality,,32,109,60,,1,,,,,ZONA DEI LAGHETTI: MÀNDARA
144,77,0,Oens. 1931 (0),census_1931,,15,103,54,,1,,,,,Oens. 1931 (0)
144,77,0,Aiasha st,locality,st,14,66,36,,1,,,,,Aiasha st.
144,77,0,Màndara Becacaria . st,locality,st,18,43,1,,1,,,,,Màndara Becacaria . st.
144,77,0,TRUNA. Matàtra st,locality,st,,84,47,,1,,,,,TRUNA. Matàtra st.
144,77,0,1 5 - GABR ON,locality,,,196,91,,1,Gabr On,,,,:1 5 - GABR ON
144,77,0,Oens. 1931 (0),census_1931,,,77,45,,1,,,,,Oens. 1931 (0)
144,77,0,Matàtra st,locality,st,18,92,44,,1,,,,,Matàtra st.
144,77,0,Gabr On ) es-Sagàt st,locality,st,13,53,24,,1,,,,,Gabr On ) es-Sagàt st.
144,77,0,el-Auàsma st,locality,st,14,51,23,,1,,,,,el-Auàsma st.
144,77,0,UÀDI EL-AGIÀL ESC-SCÈRGRI EL·FGEG -,locality,,32,122,54,,1,,,,,UÀDI EL-AGIÀL ESC-SCÈRGRI : EL·FGEG -
144,77,0,-,locality,st,,71,34,,1,,,,,st. -
144,77,0,I el-Hag Said . el-Rag Ali st,locality,st,,30,14,,1,,,,,I el-Hag Said . el-Rag Ali st.
144,77,0,el-Fgeg. 2~1 el-Hag Sala. st,locality,st,,21,6,,1,,,,,el-Fgeg. 2~1 el-Hag Sala. st.
144,77,1,"-----II-----------~-----I""---------------- - - - - - -",locality,,314,,,,0,,,,,"-----II-----------~-----I""---------------- - - - - - -"
144,77,1,"EL·GHERÀIA, EL-RÈMl\IA, EI.-GSER",locality,,67,264,133,1,1,,,,,"EL·GHERÀIA, EL-RÈMl\IA, EI.-GSER"
144,77,1,Oens. 1931 (0),census_1931,,28,357,168,,1,,,,,Oens. 1931 (0)
144,77,1,"~ el-Ghe. ràia, el-Rèmma, l el-Fògha • st",locality,st,23,108,52,,1,,,,,"~ el-Ghe. ràia, el-Rèmma, l el-Fògha • st."
144,77,1,es-Suàlem. st,locality,st,21,77,35,1,1,,,,,es-Suàlem. st.
144,77,1,Alàbis . lO,locality,st,,33,18,,1,,,,,Alàbis . st. lO
144,77,1,el-Gser • . . . . . Bussalà. st,locality,st,4,19,11,,1,,,,,el-Gser • . . . . . Bussalà. st.
144,77,1,Magidùb . lO,locality,st,5,16,,,1,,,,,Magidùb . st. lO
144,77,1,Tin Àlcum n,locality,n,4,11,7,,1,,,,,Tin Àlcum n.
144,77,1,ER-RGHÈBA,locality,,146,571,295,5,1,er- Rghèba,uadi el agial,Wadi al Hayaa,LY0320,ER-RGHÈBA
144,77,1,Oens. i931 '(0),census_1931,,31,388,205,,1,,,,,Oens. i931 '(0)
144,77,1,er-Riàh. st,locality,st,33,126,67,,1,,,,,er-Riàh. st.
144,77,1,et-Tuàti st,locality,st,26,109,56,,1,,,,,et-Tuàti st.
144,77,1,Sòcna . . st,locality,st,28,106,52,1,1,,,,,Sòcna . . st ..
144,77,1,= er -Rghèba el.Hasàuna st,locality,st,14,54,33,,1,,,,,= er:-Rghèba el.Hasàuna st.
144,77,1,es-Suàlem. st,locality,st,15,47,27,3,1,,,,,es-Suàlem. st.
144,77,1,Mussalà . lO,locality,st,,43,20,,1,,,,,Mussalà . st. lO
144,77,1,el-Aràiba . st,locality,st,9,31,14,,1,,,,,el-Aràiba . st.
144,77,1,Sciuàscena st,locality,st,11,55,26,,1,,,,,Sciuàscena st.
144,77,1,ET·TANÀHMA,locality,,91,266,151,3,1,,,,,ET·TANÀHMA •
144,77,1,Oens. 1931 (0),census_1931,,34,207,120,,1,,,,,Oens. 1931 (0)
144,77,1,Sòcna st,locality,st,32,97,58,,1,,,,,Sòcna st.
144,77,1,el·Ghèser . st,locality,st,25,57,35,,1,,,,,el·Ghèser . st.
144,77,1,Uergi'Unma st,locality,st,13,36,21,,1,,,,,Uergi'Unma st.
144,77,1,el·Hasàuna st,locality,st,7,34,14,,1,,,,,el·Hasàuna st.
144,77,1,ALTRI CENSITI,quarter,,14,42,23,2,1,,,,,ALTRI CENSITI.
144,77,1,l BEND·BÈIA,locality,st,129,415,225,,1,Bend-Bèia,uadi el agial,Wadi al Hayaa,LY0320,st'l BEND·BÈIA
144,77,1,Oens. 1931 (0),census_1931,,29,298,157,,1,,,,,Oens. 1931 (0)
144,77,1,el-Manasir st,locality,st,47,154,86,,1,,,,,el-Manasir st.
144,77,1,Ron st,locality,st,17,69,36,,1,,,,,Ron : st.
144,77,1,Abaigia st,locality,st,15,42,19,,1,,,,,Abaigia •. st.
144,77,1,el·Guàida . lO,locality,st,,38,20,,1,,,,,el·Guàida . st. lO
144,77,1,Bend·Bèia et·Tahabu st,locality,st,11,36,19,,1,Bend-Bèia,uadi el agial,Wadi al Hayaa,LY0320,Bend·Bèia et·Tahabu st.
144,77,1,el·Ghèser . lO,locality,st,8,16,,,1,,,,,el·Ghèser . st. lO
144,77,1,Tin Àlcum st,locality,st,11,26,19,,1,,,,,Tin Àlcum st.
144,77,1,""" ALTRI CENSITI. lO",quarter,st,,34,16,,1,,,,,""" ALTRI CENSITI. st. lO"
144,77,1,CHLEF. EL·HÀMRA,locality,,79,280,148,,1,,,,,CHLEF. EL·HÀMRA
144,77,1,Oens. 1931 (0),census_1931,,37,292,156,,1,,,,,Oens. 1931 (0)
144,77,1,el·Arì.tiba . . st,locality,st,22,84,43,,1,,,,,el·Arì.tiba . . st.
144,77,1,Ben·Iàhmed. st,locality,st,15,52,28,,1,,,,,Ben·Iàhmed. st.
144,77,1,"= Chlef, Ulàd Salàin",locality,,14,52,25,,1,,,,,"= Chlef, Ulàd Salàin ."
144,77,1,el·Hàmra. Manàira . st,locality,st,13,41,20,,1,,,,,el·Hàmra. st. Manàira . st.
144,77,1,Tin Àlcum st,locality,st,15,51,32,,1,,,,,Tin Àlcum st.
144,77,1,EL-ÀBIAD,locality,,48,165,84,,1,el- Abiad,uadi el agial,Wadi al Hayaa,LY0320,EL-ÀBIAD
144,77,1,Oens. 1931 (0),census_1931,,13,124,60,,1,,,,,Oens. 1931 (0)
144,77,1,Abnai Zen st,locality,st,16,50,26,,1,,,,,Abnai Zen st.
144,77,1,= el-Àbiad Ben Milàd st·,locality,,14,50,26,,1,,,,,= el-Àbiad Ben Milàd st·
144,77,1,~ Ben Said • . st,locality,st,11,44,22,,1,,,,,. ~ Ben Said • . st.
144,77,1,Ben Fàcher. lO,locality,st,7,21,,,1,,,,,Ben Fàcher. st. lO
144,77,1,SOTTOZONA MILITARE DI MùRZUCH (b),locality,,2234,9357,5057,41,1,,,,,SOTTOZONA MILITARE DI MùRZUCH (b)
144,77,1,Mudiria di Uàdi i!ltba (cl,locality,,321,1384,717,9,1,,,,,Mudiria di Uàdi i!ltba (cl
144,77,1,UÀDI ÈTBA • Tin Àlcum sn,locality,sn,67,308,161,5,1,Uàdi Ètba,uadi etba,Wadi al Shatii,LY0318,UÀDI ÈTBA • Tin Àlcum sn.
144,77,1,TEsÀuA. Tesàua st,locality,st,97,404,211,,1,,,,,TEsÀuA. Tesàua: st.
144,77,1,AGGÀR Aggàr st,locality,st,73,284,149,,1,,,,,AGGÀR Aggàr st.
144,77,1,DUGIÀL. Dugiàl st,locality,st,61,290,153,4,1,,,,,DUGIÀL. Dugiàl st.
144,77,1,Umm el·Hammàm. st,locality,st,,78,43,,1,Umm el-Hammàm,uadi etba,Wadi al Shatii,LY0318,Umm el·Hammàm. st.
144,77,1,-I UMM EL·HAMMÀM,locality,,23,,,,0,Umm el-Hammàm,uadi etba,Wadi al Shatii,LY0318,-I UMM EL·HAMMÀM
145,78,0,,locality,,,,,7,0,,,,,
145,78,0,l Mudiria di MÙl'zuch lO,locality,,652,2752,1514,,1,,,,,l Mudiria di MÙl'zuch lO
145,78,0,lO,locality,,451,1842,1046,,1,,,,,lO
145,78,0,MÙRZUOH,locality,,,,607,,0,,,,,MÙRZUOH
145,78,0,Oms. 1931 (O),census_1931,,219,1223,,,1,,,,,Oms. 1931 (O)
145,78,0,st,locality,st,140,578,352,,1,,,,,"st,"
145,78,0,"Bahariàt 454, -",locality,st,104,,259,,0,,,,,"Bahariàt st. 454, -"
145,78,0,Ben Deluàh st,locality,st,60,284,158,2,1,,,,,Ben Deluàh: st.
145,78,0,Mùrzuch l Mùrzuch ed-Disa. -,locality,st,34,151,85,,1,Mùrzuch,murzuch,Murzuq,LY0322,Mùrzuch l Mùrzuch ed-Disa. st. -
145,78,0,ALTRI OENSITI. -,locality,st,113,375,192,,1,,,,,", ALTRI OENSITI. st. -"
145,78,0,"~'"" HEGHAGÈL .' Hag Hagèl -",locality,st,24,125,73,,1,,,,,"~'"" HEGHAGÈL .' Hag Hagèl st. -"
145,78,0,OtmB. B6,census_1931,,,69,33,,1,,,,,OtmB. B6
145,78,0,"1931 (*) "" '. "" "" DLEM Dlem. -",census_1931,,33,164,32,,1,,,,,", '1931 (*) "" '. "" "" DLEM Dlem. -"
145,78,0,Oens. i9à1'(O) lB9,census_1931,st,35,,67,,0,,,,,Oens. i9à1'(O) st. lB9
145,78,0,ZIzÀu Zizàu. -,locality,st,52,227,118,,1,,,,,ZIzÀu Zizàu. st. -
145,78,0,Oens. 1931 (0) B16,census_1931,,66,,113,,0,,,,,Oens. 1931 (0) B16
145,78,0,GAUÀT GÒDDUA '. -,locality,,92,394,195,,1,,,,,", GAUÀT; GÒDDUA '. -"
145,78,0,Oe'ns 1931 (*) 17B,census_1931,,107,376,,,1,,,,,Oe'ns: 1931 (*) 17B
145,78,0,Gauàt lO -,locality,st,,42,20,,1,,,,,'Gauàt st. lO -
145,78,0,"Gòddua. '. I Gauàt Gòddua .- , -",locality,st,82,352,175,,1,,,,,"Gòddua. '. I Gauàt Gòddua: .- , st. -"
145,78,0,""" "" , ,.' MudiiiIi di Trighen (eZ-Rd/rà)",locality,,453,1671,939,,1,,,,,",. "" "" , ,.' MudiiiIi di Trighen (eZ-Rd/rà)"
145,78,0,"TRÀGHEN ""~o",locality,,220,816,462,,1,Tràghen,traghen,Murzuq,LY0322,"TRÀGHEN ""~o"
145,78,0,Oe'ns 1931 (0) BB7,census_1931,,,812,436,,1,,,,,Oe'ns: 1931 (0) BB7
145,78,0,Tràghen st,locality,st,219,808,462,5,1,,,,,Tràghen st.
145,78,0,Tràghen l - AL~ OENSITI. -,locality,st,1,8,,,1,,,,,Tràghen l - AL~ OENSITI. st. -
145,78,0,ED-DìSA ed·Dlsa. st,locality,st,19,60,32,1,1,,,,,ED-DìSA ed·Dlsa. st.
145,78,0,Oens. 1931 (0) B8,census_1931,,16,60,,,1,,,,,Oens. 1931 (0) B8
145,78,0,EL·BEDÀN. . '. el-Bedàn st,locality,st,5,26,16,1,1,,,,,EL·BEDÀN. . '. el-Bedàn st.
145,78,0,Oe'1l8 1931 (0),census_1931,,7,29,17,,1,,,,,Oe'1l8: 1931 (0)
145,78,0,FòNGUL Fòngul • -,locality,,41,172,92,,1,Fòngul,traghen,Murzuq,LY0322,FòNGUL Fòngul • -
145,78,0,OtmB. i9à1'(O) 8,census_1931,st,44,149,,,1,,,,,OtmB. i9à1'(O) st. 8.
145,78,0,MEOHÀTEN Mechàten. -,locality,st,13,33,19,,1,,,,,MEOHÀTEN Mechàten. st. -
145,78,0,OtmB. 1931 (0),census_1931,,12,31,19,,1,,,,,OtmB. 1931 (0)
145,78,0,Ben Dlif -,locality,,13,39,21,,1,Ben Dlif,traghen,Murzuq,LY0322,", Ben Dlif -"
145,78,0,BEN DLIF OtmB. 1931 (0) aa,census_1931,st,11,,18,,0,,,,,BEN DLIF st. OtmB. 1931 (0) aa
145,78,0,EL-GLEB el-Gleb • -,locality,st,14,53,24,,1,,,,,EL-GLEB el-Gleb • st. -
145,78,0,OtmB. 1931 (0) BB,census_1931,,13,40,,,1,,,,,OtmB. 1931 (0) BB
145,78,0,MAÀFEN Maàfen. -,locality,st,12,53,32,,1,,,,,MAÀFEN Maàfen. st. -
145,78,0,OtmB. i9à1 ·(.) t,census_1931,,17,40,,,1,,,,,OtmB. i9à1;·(.) t.
145,78,0,"EZ·ZITÙNA ez-Zitùua. ,3D",locality,st,,111,66,1,1,ez- Zitùna,traghen,Murzuq,LY0322,"EZ·ZITÙNA ez-Zitùua. st. ,3D"
145,78,0,"OtmB. i9à1'(0) , il2 ""Q8 6B , . Màgua . , "" -",census_1931,st,27,99,57,,1,,,,,"OtmB. i9à1'(0) , il2 ""Q8 6B •. , . Màgua . , .. "" st. -"
145,78,0,MÀGUA. OtmB. 1931.(°) B8,census_1931,,,79,47,,1,,,,,MÀGUA. OtmB. 1931.(°) B8
145,78,0,"et-Tuila ,st",locality,st,39,137,80,1,1,,,,,"et-Tuila ,st."
145,78,0,ET·TuìLA. OtmB 1931 (0),census_1931,,48,181,75,,1,,,,,ET·TuìLA. OtmB: 1931 (0)
145,78,0,"I GIUBBA.R , Giubbàr -",locality,st,20,72,38,,1,,,,,"I GIUBBA.R , Giubbàr st. -"
145,78,0,Om . i9à1'(0),census_1931,,17,68,31,,1,,,,,Om;. i9à1'(0)
145,78,1,l G,locality,,,6,,,1,,,,,l G
145,78,1,Mudiria di Umm e1-ArAneb,locality,,524,,13,,0,,,,,Mudiria di Umm e1-ArAneb
145,78,1,"UMM ,EL-.ARÀNEB",locality,,141,,4,,0,,,,,"UMM ,EL-.ARÀNEB"
145,78,1,Oe'ns 1931 (O),census_1931,,135,,,,0,,,,,Oe'ns: 1931 (O)
145,78,1,8 U= el-Aràneb. st,locality,st,140,,4,,0,,,,,8 U= el-Aràneb. st.
145,78,1,l u= el-Aràneb • ALTRI OENSITI. - .-,locality,st,,8,,,1,,,,,l u= el-Aràneb • ALTRI OENSITI. st. - .-
145,78,1,,locality,,1,,,,0,,,,,
145,78,1,"Tuim Tttitti. ,st",locality,st,39,,3,,0,,,,,"Tuim Tttitti. ,st."
145,78,1,Oens 193J (O),census_1931,,86,,,,0,,,,,Oens: 193J (O)
145,78,1,HAMMÈRA. Hammèra. -,locality,st,41,,,,0,,,,,HAMMÈRA. Hammèra. st. -
145,78,1,OtmB. i9à1'(o),census_1931,,38,,,,0,,,,,OtmB. i9à1'(o)
145,78,1,EL-BDER el-Bder. st -,locality,,23,,,,0,,,,,EL-BDER el-Bder. st: -
145,78,1,OtmB 1931 (O) 4B,census_1931,,20,,,,0,,,,,OtmB: 1931 (O) 4B
145,78,1,MESEGuìN Meseguin • st,locality,st,45,,1,,0,Meseguìn,umm el araneb,Murzuq,LY0322,MESEGuìN Meseguin • st.
145,78,1,OtmB. 1931 (O) B07 llB,census_1931,,59,,,,0,,,,,OtmB. 1931 (O) B07 llB
145,78,1,ZUÌLA,locality,,116,,3,,0,,,,,ZUÌLA. ;
145,78,1,Oens. ifliI iO) 18B,census_1931,,103,,,,0,,,,,Oens. ifliI iO) 18B
145,78,1,Zuila. st,locality,st,115,,3,,0,,,,,Zuila. st.
145,78,1,ZuUa. l ALTRI OENSITI. - -,locality,st,1,,,,0,,,,,ZuUa. l ALTRI OENSITI. st. - -
145,78,1,9 TÈRBu Tèrbu st,locality,st,13,,1,,0,,,,,9 TÈRBu Tèrbu st.
145,78,1,0~n8. i9àj (O) B3,census_1931,,9,,,,0,,,,,0~n8. i9àj (O) B3
145,78,1,5 UMM EZ-ZUÈR. .' . U= ez-Zuèr. Il -,locality,st,,,,,0,Umm ez-Zuèr,umm el araneb,Murzuq,LY0322,5 UMM EZ-ZUÈR. .' . U= ez-Zuèr. st. Il -
145,78,1,OtmB. 1931'(0) BB,census_1931,,12,,,,0,,,,,OtmB. 1931'(0) BB
145,78,1,"MAGEDÙI, • . "" Magedùl ,st",locality,st,45,,1,,0,Magedùl,umm el araneb,Murzuq,LY0322,"MAGEDÙI, • . "" Magedùl ,st."
145,78,1,i9à1'(O) OtmB. 3B,census_1931,,,,,,0,,,,,i9à1'(O) OtmB. 3B
145,78,1,- TMÈSSA. Tmèssa. st,locality,st,50,,,,0,,,,,- TMÈSSA. Tmèssa. st.
145,78,1,OtmB. 1931 (0) BOI,census_1931,,56,,,,0,,,,,OtmB. 1931 (0) BOI
145,78,1,Mudiria di e1-GatrtJn (Uàdi Hècma) (b) -,locality,,284,,,,0,,,,,Mudiria di e1-GatrtJn (Uàdi Hècma) (b) -
145,78,1,EL-GATRÙN. -,locality,,142,,,,0,"el"" Gatrùn",,,,EL-GATRÙN. -
145,78,1,- qattàrna st,locality,st,103,,,,0,,,,,- qattàrna st.
145,78,1,el-Gatrùu • TÈBU. an. -,locality,,38,,,,0,,,,,el-Gatrùu • .. TÈBU. an. -
145,78,1,~ ALTRI OENSITI. - -,locality,st,1,,,,0,,,,,. ~ ALTRI OENSITI. st. - -
145,78,1,EL-BlOOHI • -,locality,,75,,,,0,,,,,EL-BlOOHI • -
145,78,1,- st,locality,st,56,,,,0,,,,,- st.
145,78,1,el-Bàcchi • l Fazàma lO -,locality,,,,,,0,,,,,el-Bàcchi • l Fazàma lO -
145,78,1,TÈBU. . 1 -,locality,st,9,,,,0,,,,,TÈBU. . 1 st . sn. -
145,78,1,"MEDRÙSA , -",locality,,17,,,,0,Medrùsa,el gatrun,Murzuq,LY0322,"MEDRÙSA , -"
145,78,1,""" "" Fazàzna lO -",locality,st,2,,,,0,,,,,",', "" "" Fazàzna st. lO -"
145,78,1,Medrùsa I - TÈBU. an,locality,,15,,,,0,Medrùsa,el gatrun,Murzuq,LY0322,Medrùsa I - TÈBU. an.
145,78,1,TEGÈRHI • -,locality,,50,,,,0,Tegèrhi,el gatrun,Murzuq,LY0322,TEGÈRHI • -
145,78,1,""" , "" - Fazàzna (c) 'st",locality,st,26,,,,0,,,,,""" , "" - Fazàzna (c) 'st."
145,78,1,"Tagèrhi TÈBu. an., -",locality,,23,,,,0,Tegèrhi,el gatrun,Murzuq,LY0322,"Tagèrhi •. TÈBu. an., -"
145,78,1,~ ALTRI CENSITI. - -,quarter,st,1,,,,0,,,,,. ~ ALTRI CENSITI. st. - -
146,79,0,l G,locality,,4,,6,7,0,,,,,l G
146,79,0,SOTTOZONA MILITARE DI BON (Gidf'l'a),locality,,1790,7121,3431,316,1,,,,,SOTTOZONA MILITARE DI BON (Gidf'l'a)
146,79,0,lIrIucliri& di Bon,locality,,1311,5227,2491,130,1,,,,,lIrIucliri& di Bon
146,79,0,TERRITORIO DI HON,subtotal,,550,2190,1009,,1,,,,,TERRITORIO DI HON
146,79,0,Oens. 1931 (0),census_1931,,619,8838,868,,1,,,,,Oens. 1931 (0)
146,79,0,Ron . QUARTIERI Bàhri esc-Scèrghi st,quarter,st,135,496,253,7,1,,,,,Ron . QUARTIERI: Bàhri esc-Scèrghi st.
146,79,0,Bàhri el-Gàrbi st,locality,st,82,292,143,,1,,,,,Bàhri el-Gàrbi st.
146,79,0,Ghibli esc-Scèrghi st,locality,st,90,286,140,,1,,,,,Ghibli esc-Scèrghi st.
146,79,0,Ghibli el-Gàrbi st,locality,st,102,372,182,8,1,,,,,Ghibli el-Gàrbi st.
146,79,0,el-Ghsir. st,locality,st,104,476,222,,1,,,,,el-Ghsir. st.
146,79,0,ISRAELITI • st,quarter,st,5,14,5,,1,,,,,ISRAELITI • st.
146,79,0,ALTRI OENSITI. st,locality,st,32,254,64,,1,,,,,ALTRI OENSITI. st.
146,79,0,TERRITORIO DI SÒCNA,subtotal,,321,1223,610,,1,,,,,TERRITORIO DI SÒCNA •
146,79,0,Oens. 1931 (0) ·883,census_1931,,257,,416,,0,,,,,Oens. 1931 (0) ·883
146,79,0,Scelàca (b) st,locality,st,73,260,137,3,1,,,,,Scelàca (b) st.
146,79,0,Sòcna Tiacert (b) st,locality,st,76,248,127,7,1,,,,,Sòcna Tiacert (b) st.
146,79,0,er-Riàh Àilet Bu Ras n,locality,n,32,143,69,1,1,,,,,er-Riàh: Àilet Bu Ras n.
146,79,0,Fergiàn • er-Riàh Malàmda . n,locality,n,22,87,44,3,1,,,,,Fergiàn • er-Riàh: Malàmda . n.
146,79,0,Àilet Iàmi n,locality,n,21,84,37,1,1,,,,,• Àilet Iàmi n.
146,79,0,el-Hammàm. • Suàuda. n,locality,n,74,312,152,8,1,,,,,el-Hammàm. • Suàuda. n.
146,79,0,M~hemdàt n,locality,n,23,89,44,2,1,,,,,• M~hemdàt n.
146,79,0,TERRITORIO DI U ADDÀN,subtotal,,440,1814,872,61,1,,,,,TERRITORIO DI U ADDÀN •
146,79,0,Oens. i931 '(0),census_1931,,243,1482,702,,1,,,,,Oens. i931 '(0)
146,79,0,st,locality,st,,,,12,0,,,,,st.
146,79,0,Bci'ir • Bcùr,locality,,99,349,168,,1,,,,,Bci'ir • Bcùr.
146,79,0,Ltefàt Ltef.àt st,locality,st,113,518,252,23,1,,,,,Ltefàt Ltef.àt st.
146,79,0,el-Hmedàt el-Hmedàt st,locality,st,99,483,234,12,1,el- Hmedàt,hon,Jufra,LY0317,el-Hmedàt el-Hmedàt st.
146,79,0,Bèni Bedr Bèni Bedr st,locality,st,123,444,209,14,1,Bèni Bedr,hon,Jufra,LY0317,Bèni Bedr Bèni Bedr st.
146,79,0,ALTRI OENSITI. st,locality,st,6,20,9,,1,,,,,ALTRI OENSITI. st.
146,79,0,Mudiri& di Zè11&,subtotal,,479,1894,,186,1,,,,,Mudiri& di Zè11&
146,79,0,,locality,,,,940,,0,,,,,
146,79,0,ZÈLLA (c),locality,,400,1579,786,,1,,,,,ZÈLLA (c)
146,79,0,o~ i931 '(0),census_1931,,488,8187,967,,1,,,,,o~: i931 '(0)
146,79,0,QUARTIERI E FRAZIONI RURALI st,quarter,st,105,401,207,37,1,,,,,QUARTIERI E FRAZIONI RURALI: st.
146,79,0,el-Ghàra an,locality,,7,28,16,6,1,,,,,el-Ghàra an.
146,79,0,st,locality,st,71,208,116,20,1,,,,,st.
146,79,0,"Gedèida ,lO",locality,sn,21,102,46,,1,,,,,"'Gedèida sn. ,lO"
146,79,0,I '51,locality,st,89,382,191,,1,,,,,I st. '51
146,79,0,el-Hiàm,locality,,2,4,1,2,1,,,,,el-Hiàm
146,79,0,25 l,locality,,61,,124,21,0,,,,,25:l
146,79,0,Telbsauè I~ sn,locality,sn,3,12,3,,1,,,,,Telbsauè :I~: sn.
146,79,0,st,locality,st,33,136,71,22,1,,,,,st.
146,79,0,Meduln • . sn,locality,sn,7,22,11,3,1,,,,,Meduln • . sn.
146,79,0,ALTRI OENSITI. -,locality,st,1,31,,,1,,,,,ALTRI OENSITI. st. -
146,79,0,EL-FÒGAHA,locality,,,,154,,0,el- Fògaha,zella,Jufra,LY0317,EL-FÒGAHA.
146,79,0,,locality,,79,315,,14,1,,,,,
146,79,0,Oe~ i931 '(0),census_1931,,80,320,164,,1,,,,,Oe~: i931 '(0)
146,79,0,j ez-Ziadin (d) st,locality,st,50,213,103,,1,,,,,.j ez-Ziadin (d) st.
146,79,0,el-Fògaha • Sciuàscena st,locality,st,19,67,34,,1,,,,,el-Fògaha • Sciuàscena st.
146,79,0,er-Riàh. Bn. lO,locality,,,35,17,,1,,,,,er-Riàh. Bn. lO
146,79,0,SOT'l'OZONA MILITARE DI EL-GIOF (Oùfra) 1.36& &.237,locality,,,,2736,182,0,,,,,SOT'l'OZONA MILITARE DI EL-GIOF (Oùfra) 1.36& &.237
146,79,0,OASI DI EL-GIÒF,locality,,727,2649,1466,124,1,,,,,OASI DI EL-GIÒF
146,79,0,,locality,,671,2806,1488,,1,,,,,
146,79,0,Acuàn st,locality,st,116,393,198,7,1,,,,,Acuàn st.
146,79,0,el Giòf ~ TRIBÙ EL-MAGllBRA st,locality,st,91,291,164,8,1,,,,,el:Giòf ~ TRIBÙ EL-MAGllBRA st.
146,79,0,"I ALTRI OENSITI., lO",locality,st,,73,43,,1,,,,,"I ALTRI OENSITI., st. lO"
146,79,1,l ~3 G,locality,,,,,,0,,,,,l ~3 G
146,79,1,Se(J'Ue OASI DI EL-GIòF TRIBÙ EL-AuÀGILA. st,locality,st,26,96,52,1,1,,,,,Se(J'Ue: OASI DI EL-GIòF TRIBÙ EL-AuÀGILA. st.
146,79,1,TRIBÙ EL-MAGÀRBA st,locality,st,6,23,13,,1,,,,,TRIBÙ EL-MAGÀRBA st.
146,79,1,44 Hàret Haffùn • MARABTIN ez-Zuèia Sdèidi . . st,locality,st,236,904,513,,1,Hàret Haffùn,el giof,Kufra,LY0107,44 Hàret Haffùn • MARABTIN : ez-Zuèia: Sdèidi . . st.
146,79,1,,locality,,,,,65,0,,,,,
146,79,1,el-Giululàt st,locality,st,3,7,3,,1,,,,,• el-Giululàt st.
146,79,1,SUDANESI • st,locality,st,30,108,53,1,1,,,,,SUDANESI • st.
146,79,1,~ Bùma MABABTlN ez-Zuèia (Sdèidi). lO,locality,st,58,193,110,,1,,,,,~ Bùma MABABTlN : ez-Zuèia (Sdèidi). st. lO
146,79,1,5 GMer Fài TÈBu. st,locality,st,27,100,60,,1,,,,,5 GMer Fài TÈBu. st.
146,79,1,,locality,,,,,5,0,,,,,
146,79,1,18 Hàret Bu Sciògh MARABTIN ez-Zuèia (Sdèidi). lO,locality,st,47,163,93,,1,Hàret Bu Sciògh,el giof,Kufra,LY0107,18 Hàret Bu Sciògh MARABTIN : ez-Zuèia (Sdèidi). st. lO
146,79,1,TRIBù EL-ABEIDÀT. st,locality,st,7,39,17,,1,,,,,TRIBù EL-ABEIDÀT. st.
146,79,1,"~ MARABTIN Bu Zò,hua ez-Zuèia (Sdèidi). st",locality,st,12,51,25,2,1,Bu Zàhua,el giof,Kufra,LY0107,". ~ MARABTIN: Bu Zò,hua ez-Zuèia (Sdèidi). st."
146,79,1,Mnèa I MARABTIN ez-Zuèia (Sdèidi). st·,locality,,58,208,122,,1,,,,,Mnèa.. I MARABTIN: ez-Zuèia (Sdèidi). st·
146,79,1,,locality,,,,,15,0,,,,,
146,79,1,TAZÈRBO,locality,,134,557,271,9,1,Tazèrbo,el giof,Kufra,LY0107,TAZÈRBO •.
146,79,1,Oens. 1931 (O,census_1931,,96,897,219,,1,,,,,Oens. 1931 (O;
146,79,1,TRIBÙ EL-AuAGHm Mtàua (el-Cuadich). 13,locality,st,7,37,,,1,,,,,TRIBÙ EL-AuAGHm: Mtàua (el-Cuadich). st. 13.
146,79,1,\ MABABTIN • • ~ ez-Zuèia Sdèidi • . st,locality,st,59,245,121,,1,,,,,\ MABABTIN: • • ~ ez-Zuèia: Sdèidi • . st.
146,79,1,Tazèrbo • el-Giululàt st,locality,st,31,131,67,7,1,,,,,Tazèrbo • el-Giululàt st.
146,79,1,SUDANES~ . 44,locality,st,24,88,,2,1,,,,,"SUDANES~ . st. 44 ,"
146,79,1,ALTRI CENSITI. st,quarter,st,13,56,26,,1,,,,,ALTRI CENSITI. st.
146,79,1,REBlÀNA,locality,,102,423,226,,1,,,,,REBlÀNA.
146,79,1,,locality,,,,,3,0,,,,,
146,79,1,,locality,,108,365,178,,1,,,,,
146,79,1,TRIBÙ EL-MAGIÀBRA st,locality,st,9,66,32,,1,,,,,TRIBÙ EL-MAGIÀBRA st.
146,79,1,\ MARABTIN 172 Rebiàna ·ez-Zuèla (Sdèidi). st,locality,st,38,194,104,3,1,,,,,\ MARABTIN : 172 Rebiàna ·ez-Zuèla (Sdèidi). st.
146,79,1,t TÈBu. st,locality,st,22,79,46,,1,,,,,t TÈBu. st.
146,79,1,SUDANESI. st,locality,st,33,84,44,,1,,,,,SUDANESI. st.
146,79,1,"BZÈMA • MABABTIN ez-Zuèia (Sdèidi) t I Oens. 1931 ("") s",census_1931,,18,78,39,1,1,,,,,"BZÈMA • MABABTIN: ez-Zuèia (Sdèidi).. t I Oens. 1931 ("") s."
146,79,1,,locality,,11,78,39,,1,,,,,
146,79,1,ET-TALLÀR,locality,,67,214,119,14,1,,,,,ET-TALLÀR •
146,79,1,Oens. i931 '(0,census_1931,,81,321,171,,1,,,,,Oens. i931 '(0;
146,79,1,~ MARABTIN et-TaJIàb . ez-Zuèia (Sdèidi). st,locality,st,47,173,97,9,1,,,,,~ MARABTIN: et-TaJIàb . ez-Zuèia (Sdèidi). st.
146,79,1,SUDANESI. st,locality,st,20,41,22,5,1,,,,,"SUDANESI. st,"
146,79,1,EL-HAUUÀRI,locality,,193,751,889,81,0,el- Hauuàri,el giof,Kufra,LY0107,EL-HAUUÀRI
146,79,1,Oens. i931 '(0 2Q9,census_1931,,,1081,681,,1,,,,,Oens. i931 '(0; 2Q9
146,79,1,MARABTIN ~ el-Hauuàri ez-Zu~ia(el-Giululàt) st,locality,st,158,667,354,34,1,el- Hauuàri,el giof,Kufra,LY0107,MARABTIN : ~ el-Hauuàri ez-Zu~ia(el-Giululàt) st.
146,79,1,SUDANESI E TÈBu. st,locality,st,35,84,35,3,1,,,,,SUDANESI E TÈBu. st.
146,79,1,EL-HAUEulRI MARABTIN ez-Zuèia (Sdèidi). . st,locality,st,53,199,117,2,1,,,,,EL-HAUEulRI MARABTIN: ez-Zuèia (Sdèidi). . st.
146,79,1,Oe'48. 1931 (0),census_1931,,66,249,149,,1,,,,,Oe'48. 1931 (0)
146,79,1,ET-TAG. ALTRI OENSITI. st,locality,st,41,258,57,,1,,,,,ET-TAG. ALTRI OENSITI. st.
146,79,1,EZ-ZÈRGHI MARABTIN ez-Zuèia (Sdèidi). st,locality,st,30,108,52,2,1,,,,,EZ-ZÈRGHI MARABTIN: ez-Zuèia (Sdèidi). st.
146,79,1,Oens. 1931 (0),census_1931,,45,200,102,,1,,,,,Oens. 1931 (0)
