area,religion,age,civil_status,sex,persons
Libia,complesso,0-4,all,MF,111550
Libia,complesso,0-4,all,M,56219
Libia,complesso,0-4,all,F,55331
Libia,complesso,0-4,celibi,MF,111550
Libia,complesso,0-4,celibi,M,56219
Libia,complesso,0-4,celibi,F,55331
Libia,complesso,0-4,coniugati,MF,0
Libia,complesso,0-4,coniugati,M,0
Libia,complesso,0-4,coniugati,F,0
Libia,complesso,0-4,vedovi,MF,0
Libia,complesso,0-4,vedovi,M,0
Libia,complesso,0-4,vedovi,F,0
Libia,complesso,0-4,divorziati,MF,0
Libia,complesso,0-4,divorziati,M,0
Libia,complesso,0-4,divorziati,F,0
Libia,complesso,0-4,ignoto,MF,0
Libia,complesso,0-4,ignoto,M,0
Libia,complesso,0-4,ignoto,F,0
Libia,complesso,5-9,all,MF,109388
Libia,complesso,5-9,all,M,58351
Libia,complesso,5-9,all,F,51037
Libia,complesso,5-9,celibi,MF,109388
Libia,complesso,5-9,celibi,M,58351
Libia,complesso,5-9,celibi,F,51037
Libia,complesso,5-9,coniugati,MF,0
Libia,complesso,5-9,coniugati,M,0
Libia,complesso,5-9,coniugati,F,0
Libia,complesso,5-9,vedovi,MF,0
Libia,complesso,5-9,vedovi,M,0
Libia,complesso,5-9,vedovi,F,0
Libia,complesso,5-9,divorziati,MF,0
Libia,complesso,5-9,divorziati,M,0
Libia,complesso,5-9,divorziati,F,0
Libia,complesso,5-9,ignoto,MF,0
Libia,complesso,5-9,ignoto,M,0
Libia,complesso,5-9,ignoto,F,0
Libia,complesso,10-14,all,MF,78666
Libia,complesso,10-14,all,M,45111
Libia,complesso,10-14,all,F,33555
Libia,complesso,10-14,celibi,MF,78398
Libia,complesso,10-14,celibi,M,45063
Libia,complesso,10-14,celibi,F,33335
Libia,complesso,10-14,coniugati,MF,250
Libia,complesso,10-14,coniugati,M,44
Libia,complesso,10-14,coniugati,F,206
Libia,complesso,10-14,vedovi,MF,6
Libia,complesso,10-14,vedovi,M,4
Libia,complesso,10-14,vedovi,F,2
Libia,complesso,10-14,divorziati,MF,11
Libia,complesso,10-14,divorziati,M,0
Libia,complesso,10-14,divorziati,F,11
Libia,complesso,10-14,ignoto,MF,1
Libia,complesso,10-14,ignoto,M,0
Libia,complesso,10-14,ignoto,F,1
Libia,complesso,15-19,all,MF,44384
Libia,complesso,15-19,all,M,23355
Libia,complesso,15-19,all,F,21029
Libia,complesso,15-19,celibi,MF,35447
Libia,complesso,15-19,celibi,M,22779
Libia,complesso,15-19,celibi,F,12668
Libia,complesso,15-19,coniugati,MF,8565
Libia,complesso,15-19,coniugati,M,540
Libia,complesso,15-19,coniugati,F,8025
Libia,complesso,15-19,vedovi,MF,115
Libia,complesso,15-19,vedovi,M,23
Libia,complesso,15-19,vedovi,F,92
Libia,complesso,15-19,divorziati,MF,256
Libia,complesso,15-19,divorziati,M,12
Libia,complesso,15-19,divorziati,F,244
Libia,complesso,15-19,ignoto,MF,1
Libia,complesso,15-19,ignoto,M,1
Libia,complesso,15-19,ignoto,F,0
Libia,complesso,20-24,all,MF,41085
Libia,complesso,20-24,all,M,19291
Libia,complesso,20-24,all,F,21794
Libia,complesso,20-24,celibi,MF,17048
Libia,complesso,20-24,celibi,M,14567
Libia,complesso,20-24,celibi,F,2481
Libia,complesso,20-24,coniugati,MF,23116
Libia,complesso,20-24,coniugati,M,4510
Libia,complesso,20-24,coniugati,F,18606
Libia,complesso,20-24,vedovi,MF,385
Libia,complesso,20-24,vedovi,M,103
Libia,complesso,20-24,vedovi,F,282
Libia,complesso,20-24,divorziati,MF,535
Libia,complesso,20-24,divorziati,M,111
Libia,complesso,20-24,divorziati,F,424
Libia,complesso,20-24,ignoto,MF,1
Libia,complesso,20-24,ignoto,M,0
Libia,complesso,20-24,ignoto,F,1
Libia,complesso,25-29,all,MF,52710
Libia,complesso,25-29,all,M,25926
Libia,complesso,25-29,all,F,26784
Libia,complesso,25-29,celibi,MF,12230
Libia,complesso,25-29,celibi,M,11251
Libia,complesso,25-29,celibi,F,979
Libia,complesso,25-29,coniugati,MF,38814
Libia,complesso,25-29,coniugati,M,13954
Libia,complesso,25-29,coniugati,F,24860
Libia,complesso,25-29,vedovi,MF,810
Libia,complesso,25-29,vedovi,M,375
Libia,complesso,25-29,vedovi,F,435
Libia,complesso,25-29,divorziati,MF,853
Libia,complesso,25-29,divorziati,M,344
Libia,complesso,25-29,divorziati,F,509
Libia,complesso,25-29,ignoto,MF,3
Libia,complesso,25-29,ignoto,M,2
Libia,complesso,25-29,ignoto,F,1
Libia,complesso,30-34,all,MF,56184
Libia,complesso,30-34,all,M,26366
Libia,complesso,30-34,all,F,29818
Libia,complesso,30-34,celibi,MF,5831
Libia,complesso,30-34,celibi,M,5300
Libia,complesso,30-34,celibi,F,531
Libia,complesso,30-34,coniugati,MF,48008
Libia,complesso,30-34,coniugati,M,20002
Libia,complesso,30-34,coniugati,F,28006
Libia,complesso,30-34,vedovi,MF,1381
Libia,complesso,30-34,vedovi,M,636
Libia,complesso,30-34,vedovi,F,745
Libia,complesso,30-34,divorziati,MF,960
Libia,complesso,30-34,divorziati,M,426
Libia,complesso,30-34,divorziati,F,534
Libia,complesso,30-34,ignoto,MF,4
Libia,complesso,30-34,ignoto,M,2
Libia,complesso,30-34,ignoto,F,2
Libia,complesso,35-39,all,MF,50094
Libia,complesso,35-39,all,M,26805
Libia,complesso,35-39,all,F,23289
Libia,complesso,35-39,celibi,MF,2746
Libia,complesso,35-39,celibi,M,2498
Libia,complesso,35-39,celibi,F,248
Libia,complesso,35-39,coniugati,MF,44681
Libia,complesso,35-39,coniugati,M,23055
Libia,complesso,35-39,coniugati,F,21626
Libia,complesso,35-39,vedovi,MF,1809
Libia,complesso,35-39,vedovi,M,815
Libia,complesso,35-39,vedovi,F,994
Libia,complesso,35-39,divorziati,MF,855
Libia,complesso,35-39,divorziati,M,436
Libia,complesso,35-39,divorziati,F,419
Libia,complesso,35-39,ignoto,MF,3
Libia,complesso,35-39,ignoto,M,1
Libia,complesso,35-39,ignoto,F,2
Libia,complesso,40-44,all,MF,48431
Libia,complesso,40-44,all,M,22611
Libia,complesso,40-44,all,F,25820
Libia,complesso,40-44,celibi,MF,1209
Libia,complesso,40-44,celibi,M,988
Libia,complesso,40-44,celibi,F,221
Libia,complesso,40-44,coniugati,MF,43340
Libia,complesso,40-44,coniugati,M,20333
Libia,complesso,40-44,coniugati,F,23007
Libia,complesso,40-44,vedovi,MF,3046
Libia,complesso,40-44,vedovi,M,931
Libia,complesso,40-44,vedovi,F,2115
Libia,complesso,40-44,divorziati,MF,836
Libia,complesso,40-44,divorziati,M,359
Libia,complesso,40-44,divorziati,F,477
Libia,complesso,40-44,ignoto,MF,0
Libia,complesso,40-44,ignoto,M,0
Libia,complesso,40-44,ignoto,F,0
Libia,complesso,45-49,all,MF,33600
Libia,complesso,45-49,all,M,18301
Libia,complesso,45-49,all,F,15299
Libia,complesso,45-49,celibi,MF,567
Libia,complesso,45-49,celibi,M,470
Libia,complesso,45-49,celibi,F,97
Libia,complesso,45-49,coniugati,MF,29609
Libia,complesso,45-49,coniugati,M,16870
Libia,complesso,45-49,coniugati,F,12739
Libia,complesso,45-49,vedovi,MF,2867
Libia,complesso,45-49,vedovi,M,727
Libia,complesso,45-49,vedovi,F,2140
Libia,complesso,45-49,divorziati,MF,557
Libia,complesso,45-49,divorziati,M,234
Libia,complesso,45-49,divorziati,F,323
Libia,complesso,45-49,ignoto,MF,0
Libia,complesso,45-49,ignoto,M,0
Libia,complesso,45-49,ignoto,F,0
Libia,complesso,50-54,all,MF,37809
Libia,complesso,50-54,all,M,19167
Libia,complesso,50-54,all,F,18642
Libia,complesso,50-54,celibi,MF,482
Libia,complesso,50-54,celibi,M,381
Libia,complesso,50-54,celibi,F,101
Libia,complesso,50-54,coniugati,MF,30925
Libia,complesso,50-54,coniugati,M,17603
Libia,complesso,50-54,coniugati,F,13322
Libia,complesso,50-54,vedovi,MF,5765
Libia,complesso,50-54,vedovi,M,916
Libia,complesso,50-54,vedovi,F,4849
Libia,complesso,50-54,divorziati,MF,631
Libia,complesso,50-54,divorziati,M,267
Libia,complesso,50-54,divorziati,F,364
Libia,complesso,50-54,ignoto,MF,6
Libia,complesso,50-54,ignoto,M,0
Libia,complesso,50-54,ignoto,F,6
Libia,complesso,55-59,all,MF,20510
Libia,complesso,55-59,all,M,12312
Libia,complesso,55-59,all,F,8198
Libia,complesso,55-59,celibi,MF,223
Libia,complesso,55-59,celibi,M,165
Libia,complesso,55-59,celibi,F,58
Libia,complesso,55-59,coniugati,MF,16319
Libia,complesso,55-59,coniugati,M,11392
Libia,complesso,55-59,coniugati,F,4927
Libia,complesso,55-59,vedovi,MF,3616
Libia,complesso,55-59,vedovi,M,620
Libia,complesso,55-59,vedovi,F,2996
Libia,complesso,55-59,divorziati,MF,349
Libia,complesso,55-59,divorziati,M,134
Libia,complesso,55-59,divorziati,F,215
Libia,complesso,55-59,ignoto,MF,3
Libia,complesso,55-59,ignoto,M,1
Libia,complesso,55-59,ignoto,F,2
Libia,complesso,60-64,all,MF,25176
Libia,complesso,60-64,all,M,13030
Libia,complesso,60-64,all,F,12146
Libia,complesso,60-64,celibi,MF,243
Libia,complesso,60-64,celibi,M,154
Libia,complesso,60-64,celibi,F,89
Libia,complesso,60-64,coniugati,MF,17205
Libia,complesso,60-64,coniugati,M,11915
Libia,complesso,60-64,coniugati,F,5290
Libia,complesso,60-64,vedovi,MF,7333
Libia,complesso,60-64,vedovi,M,817
Libia,complesso,60-64,vedovi,F,6516
Libia,complesso,60-64,divorziati,MF,392
Libia,complesso,60-64,divorziati,M,144
Libia,complesso,60-64,divorziati,F,248
Libia,complesso,60-64,ignoto,MF,3
Libia,complesso,60-64,ignoto,M,0
Libia,complesso,60-64,ignoto,F,3
Libia,complesso,65-69,all,MF,11645
Libia,complesso,65-69,all,M,6679
Libia,complesso,65-69,all,F,4966
Libia,complesso,65-69,celibi,MF,131
Libia,complesso,65-69,celibi,M,86
Libia,complesso,65-69,celibi,F,45
Libia,complesso,65-69,coniugati,MF,7697
Libia,complesso,65-69,coniugati,M,6031
Libia,complesso,65-69,coniugati,F,1666
Libia,complesso,65-69,vedovi,MF,3619
Libia,complesso,65-69,vedovi,M,464
Libia,complesso,65-69,vedovi,F,3155
Libia,complesso,65-69,divorziati,MF,197
Libia,complesso,65-69,divorziati,M,97
Libia,complesso,65-69,divorziati,F,100
Libia,complesso,65-69,ignoto,MF,1
Libia,complesso,65-69,ignoto,M,1
Libia,complesso,65-69,ignoto,F,0
Libia,complesso,70-79,all,MF,20273
Libia,complesso,70-79,all,M,10579
Libia,complesso,70-79,all,F,9694
Libia,complesso,70-79,celibi,MF,182
Libia,complesso,70-79,celibi,M,115
Libia,complesso,70-79,celibi,F,67
Libia,complesso,70-79,coniugati,MF,11184
Libia,complesso,70-79,coniugati,M,9169
Libia,complesso,70-79,coniugati,F,2015
Libia,complesso,70-79,vedovi,MF,8611
Libia,complesso,70-79,vedovi,M,1153
Libia,complesso,70-79,vedovi,F,7458
Libia,complesso,70-79,divorziati,MF,293
Libia,complesso,70-79,divorziati,M,142
Libia,complesso,70-79,divorziati,F,151
Libia,complesso,70-79,ignoto,MF,3
Libia,complesso,70-79,ignoto,M,0
Libia,complesso,70-79,ignoto,F,3
Libia,complesso,80-89,all,MF,7013
Libia,complesso,80-89,all,M,3567
Libia,complesso,80-89,all,F,3446
Libia,complesso,80-89,celibi,MF,76
Libia,complesso,80-89,celibi,M,42
Libia,complesso,80-89,celibi,F,34
Libia,complesso,80-89,coniugati,MF,3143
Libia,complesso,80-89,coniugati,M,2812
Libia,complesso,80-89,coniugati,F,331
Libia,complesso,80-89,vedovi,MF,3699
Libia,complesso,80-89,vedovi,M,651
Libia,complesso,80-89,vedovi,F,3048
Libia,complesso,80-89,divorziati,MF,91
Libia,complesso,80-89,divorziati,M,58
Libia,complesso,80-89,divorziati,F,33
Libia,complesso,80-89,ignoto,MF,4
Libia,complesso,80-89,ignoto,M,4
Libia,complesso,80-89,ignoto,F,0
Libia,complesso,90+,all,MF,1850
Libia,complesso,90+,all,M,1044
Libia,complesso,90+,all,F,806
Libia,complesso,90+,celibi,MF,21
Libia,complesso,90+,celibi,M,14
Libia,complesso,90+,celibi,F,7
Libia,complesso,90+,coniugati,MF,735
Libia,complesso,90+,coniugati,M,701
Libia,complesso,90+,coniugati,F,34
Libia,complesso,90+,vedovi,MF,1072
Libia,complesso,90+,vedovi,M,312
Libia,complesso,90+,vedovi,F,760
Libia,complesso,90+,divorziati,MF,21
Libia,complesso,90+,divorziati,M,16
Libia,complesso,90+,divorziati,F,5
Libia,complesso,90+,ignoto,MF,1
Libia,complesso,90+,ignoto,M,1
Libia,complesso,90+,ignoto,F,0
Libia,complesso,ignota,all,MF,483
Libia,complesso,ignota,all,M,234
Libia,complesso,ignota,all,F,249
Libia,complesso,ignota,celibi,MF,239
Libia,complesso,ignota,celibi,M,136
Libia,complesso,ignota,celibi,F,103
Libia,complesso,ignota,coniugati,MF,194
Libia,complesso,ignota,coniugati,M,87
Libia,complesso,ignota,coniugati,F,107
Libia,complesso,ignota,vedovi,MF,43
Libia,complesso,ignota,vedovi,M,9
Libia,complesso,ignota,vedovi,F,34
Libia,complesso,ignota,divorziati,MF,4
Libia,complesso,ignota,divorziati,M,0
Libia,complesso,ignota,divorziati,F,4
Libia,complesso,ignota,ignoto,MF,3
Libia,complesso,ignota,ignoto,M,2
Libia,complesso,ignota,ignoto,F,1
Libia,complesso,Totale,all,MF,750851
Libia,complesso,Totale,all,M,388948
Libia,complesso,Totale,all,F,361903
Libia,complesso,Totale,celibi,MF,376011
Libia,complesso,Totale,celibi,M,218579
Libia,complesso,Totale,celibi,F,157432
Libia,complesso,Totale,coniugati,MF,323785
Libia,complesso,Totale,coniugati,M,159018
Libia,complesso,Totale,coniugati,F,164767
Libia,complesso,Totale,vedovi,MF,44177
Libia,complesso,Totale,vedovi,M,8556
Libia,complesso,Totale,vedovi,F,35621
Libia,complesso,Totale,divorziati,MF,6841
Libia,complesso,Totale,divorziati,M,2780
Libia,complesso,Totale,divorziati,F,4061
Libia,complesso,Totale,ignoto,MF,37
Libia,complesso,Totale,ignoto,M,15
Libia,complesso,Totale,ignoto,F,22
Libia,mussulmani,0-4,all,MF,107513
Libia,mussulmani,0-4,all,M,54242
Libia,mussulmani,0-4,all,F,53271
Libia,mussulmani,0-4,celibi,MF,107513
Libia,mussulmani,0-4,celibi,M,54242
Libia,mussulmani,0-4,celibi,F,53271
Libia,mussulmani,0-4,coniugati,MF,0
Libia,mussulmani,0-4,coniugati,M,0
Libia,mussulmani,0-4,coniugati,F,0
Libia,mussulmani,0-4,vedovi,MF,0
Libia,mussulmani,0-4,vedovi,M,0
Libia,mussulmani,0-4,vedovi,F,0
Libia,mussulmani,0-4,divorziati,MF,0
Libia,mussulmani,0-4,divorziati,M,0
Libia,mussulmani,0-4,divorziati,F,0
Libia,mussulmani,0-4,ignoto,MF,0
Libia,mussulmani,0-4,ignoto,M,0
Libia,mussulmani,0-4,ignoto,F,0
Libia,mussulmani,5-9,all,MF,105369
Libia,mussulmani,5-9,all,M,56357
Libia,mussulmani,5-9,all,F,49012
Libia,mussulmani,5-9,celibi,MF,105369
Libia,mussulmani,5-9,celibi,M,56357
Libia,mussulmani,5-9,celibi,F,49012
Libia,mussulmani,5-9,coniugati,MF,0
Libia,mussulmani,5-9,coniugati,M,0
Libia,mussulmani,5-9,coniugati,F,0
Libia,mussulmani,5-9,vedovi,MF,0
Libia,mussulmani,5-9,vedovi,M,0
Libia,mussulmani,5-9,vedovi,F,0
Libia,mussulmani,5-9,divorziati,MF,0
Libia,mussulmani,5-9,divorziati,M,0
Libia,mussulmani,5-9,divorziati,F,0
Libia,mussulmani,5-9,ignoto,MF,0
Libia,mussulmani,5-9,ignoto,M,0
Libia,mussulmani,5-9,ignoto,F,0
Libia,mussulmani,10-14,all,MF,75104
Libia,mussulmani,10-14,all,M,43355
Libia,mussulmani,10-14,all,F,31749
Libia,mussulmani,10-14,celibi,MF,74840
Libia,mussulmani,10-14,celibi,M,43307
Libia,mussulmani,10-14,celibi,F,31533
Libia,mussulmani,10-14,coniugati,MF,246
Libia,mussulmani,10-14,coniugati,M,44
Libia,mussulmani,10-14,coniugati,F,202
Libia,mussulmani,10-14,vedovi,MF,6
Libia,mussulmani,10-14,vedovi,M,4
Libia,mussulmani,10-14,vedovi,F,2
Libia,mussulmani,10-14,divorziati,MF,11
Libia,mussulmani,10-14,divorziati,M,0
Libia,mussulmani,10-14,divorziati,F,11
Libia,mussulmani,10-14,ignoto,MF,1
Libia,mussulmani,10-14,ignoto,M,0
Libia,mussulmani,10-14,ignoto,F,1
Libia,mussulmani,15-19,all,MF,41573
Libia,mussulmani,15-19,all,M,21983
Libia,mussulmani,15-19,all,F,19590
Libia,mussulmani,15-19,celibi,MF,32880
Libia,mussulmani,15-19,celibi,M,21429
Libia,mussulmani,15-19,celibi,F,11451
Libia,mussulmani,15-19,coniugati,MF,8322
Libia,mussulmani,15-19,coniugati,M,518
Libia,mussulmani,15-19,coniugati,F,7804
Libia,mussulmani,15-19,vedovi,MF,115
Libia,mussulmani,15-19,vedovi,M,23
Libia,mussulmani,15-19,vedovi,F,92
Libia,mussulmani,15-19,divorziati,MF,255
Libia,mussulmani,15-19,divorziati,M,12
Libia,mussulmani,15-19,divorziati,F,243
Libia,mussulmani,15-19,ignoto,MF,1
Libia,mussulmani,15-19,ignoto,M,1
Libia,mussulmani,15-19,ignoto,F,0
Libia,mussulmani,20-24,all,MF,39088
Libia,mussulmani,20-24,all,M,18379
Libia,mussulmani,20-24,all,F,20709
Libia,mussulmani,20-24,celibi,MF,15947
Libia,mussulmani,20-24,celibi,M,13889
Libia,mussulmani,20-24,celibi,F,2058
Libia,mussulmani,20-24,coniugati,MF,22227
Libia,mussulmani,20-24,coniugati,M,4276
Libia,mussulmani,20-24,coniugati,F,17951
Libia,mussulmani,20-24,vedovi,MF,383
Libia,mussulmani,20-24,vedovi,M,103
Libia,mussulmani,20-24,vedovi,F,280
Libia,mussulmani,20-24,divorziati,MF,530
Libia,mussulmani,20-24,divorziati,M,111
Libia,mussulmani,20-24,divorziati,F,419
Libia,mussulmani,20-24,ignoto,MF,1
Libia,mussulmani,20-24,ignoto,M,0
Libia,mussulmani,20-24,ignoto,F,1
Libia,mussulmani,25-29,all,MF,50477
Libia,mussulmani,25-29,all,M,24815
Libia,mussulmani,25-29,all,F,25662
Libia,mussulmani,25-29,celibi,MF,11656
Libia,mussulmani,25-29,celibi,M,10817
Libia,mussulmani,25-29,celibi,F,839
Libia,mussulmani,25-29,coniugati,MF,37189
Libia,mussulmani,25-29,coniugati,M,13280
Libia,mussulmani,25-29,coniugati,F,23909
Libia,mussulmani,25-29,vedovi,MF,788
Libia,mussulmani,25-29,vedovi,M,372
Libia,mussulmani,25-29,vedovi,F,416
Libia,mussulmani,25-29,divorziati,MF,842
Libia,mussulmani,25-29,divorziati,M,344
Libia,mussulmani,25-29,divorziati,F,498
Libia,mussulmani,25-29,ignoto,MF,2
Libia,mussulmani,25-29,ignoto,M,2
Libia,mussulmani,25-29,ignoto,F,0
Libia,mussulmani,30-34,all,MF,54271
Libia,mussulmani,30-34,all,M,25432
Libia,mussulmani,30-34,all,F,28839
Libia,mussulmani,30-34,celibi,MF,5605
Libia,mussulmani,30-34,celibi,M,5133
Libia,mussulmani,30-34,celibi,F,472
Libia,mussulmani,30-34,coniugati,MF,46377
Libia,mussulmani,30-34,coniugati,M,19238
Libia,mussulmani,30-34,coniugati,F,27139
Libia,mussulmani,30-34,vedovi,MF,1336
Libia,mussulmani,30-34,vedovi,M,634
Libia,mussulmani,30-34,vedovi,F,702
Libia,mussulmani,30-34,divorziati,MF,949
Libia,mussulmani,30-34,divorziati,M,425
Libia,mussulmani,30-34,divorziati,F,524
Libia,mussulmani,30-34,ignoto,MF,4
Libia,mussulmani,30-34,ignoto,M,2
Libia,mussulmani,30-34,ignoto,F,2
Libia,mussulmani,35-39,all,MF,48359
Libia,mussulmani,35-39,all,M,25951
Libia,mussulmani,35-39,all,F,22408
Libia,mussulmani,35-39,celibi,MF,2646
Libia,mussulmani,35-39,celibi,M,2423
Libia,mussulmani,35-39,celibi,F,223
Libia,mussulmani,35-39,coniugati,MF,43169
Libia,mussulmani,35-39,coniugati,M,22288
Libia,mussulmani,35-39,coniugati,F,20881
Libia,mussulmani,35-39,vedovi,MF,1701
Libia,mussulmani,35-39,vedovi,M,805
Libia,mussulmani,35-39,vedovi,F,896
Libia,mussulmani,35-39,divorziati,MF,842
Libia,mussulmani,35-39,divorziati,M,434
Libia,mussulmani,35-39,divorziati,F,408
Libia,mussulmani,35-39,ignoto,MF,1
Libia,mussulmani,35-39,ignoto,M,1
Libia,mussulmani,35-39,ignoto,F,0
Libia,mussulmani,40-44,all,MF,46963
Libia,mussulmani,40-44,all,M,21880
Libia,mussulmani,40-44,all,F,25083
Libia,mussulmani,40-44,celibi,MF,1171
Libia,mussulmani,40-44,celibi,M,962
Libia,mussulmani,40-44,celibi,F,209
Libia,mussulmani,40-44,coniugati,MF,42044
Libia,mussulmani,40-44,coniugati,M,19646
Libia,mussulmani,40-44,coniugati,F,22398
Libia,mussulmani,40-44,vedovi,MF,2931
Libia,mussulmani,40-44,vedovi,M,915
Libia,mussulmani,40-44,vedovi,F,2016
Libia,mussulmani,40-44,divorziati,MF,817
Libia,mussulmani,40-44,divorziati,M,357
Libia,mussulmani,40-44,divorziati,F,460
Libia,mussulmani,40-44,ignoto,MF,0
Libia,mussulmani,40-44,ignoto,M,0
Libia,mussulmani,40-44,ignoto,F,0
Libia,mussulmani,45-49,all,MF,32357
Libia,mussulmani,45-49,all,M,17695
Libia,mussulmani,45-49,all,F,14662
Libia,mussulmani,45-49,celibi,MF,551
Libia,mussulmani,45-49,celibi,M,458
Libia,mussulmani,45-49,celibi,F,93
Libia,mussulmani,45-49,coniugati,MF,28576
Libia,mussulmani,45-49,coniugati,M,16298
Libia,mussulmani,45-49,coniugati,F,12278
Libia,mussulmani,45-49,vedovi,MF,2679
Libia,mussulmani,45-49,vedovi,M,707
Libia,mussulmani,45-49,vedovi,F,1972
Libia,mussulmani,45-49,divorziati,MF,551
Libia,mussulmani,45-49,divorziati,M,232
Libia,mussulmani,45-49,divorziati,F,319
Libia,mussulmani,45-49,ignoto,MF,0
Libia,mussulmani,45-49,ignoto,M,0
Libia,mussulmani,45-49,ignoto,F,0
Libia,mussulmani,50-54,all,MF,36895
Libia,mussulmani,50-54,all,M,18718
Libia,mussulmani,50-54,all,F,18177
Libia,mussulmani,50-54,celibi,MF,471
Libia,mussulmani,50-54,celibi,M,375
Libia,mussulmani,50-54,celibi,F,96
Libia,mussulmani,50-54,coniugati,MF,30208
Libia,mussulmani,50-54,coniugati,M,17175
Libia,mussulmani,50-54,coniugati,F,13033
Libia,mussulmani,50-54,vedovi,MF,5585
Libia,mussulmani,50-54,vedovi,M,904
Libia,mussulmani,50-54,vedovi,F,4681
Libia,mussulmani,50-54,divorziati,MF,625
Libia,mussulmani,50-54,divorziati,M,264
Libia,mussulmani,50-54,divorziati,F,361
Libia,mussulmani,50-54,ignoto,MF,6
Libia,mussulmani,50-54,ignoto,M,0
Libia,mussulmani,50-54,ignoto,F,6
Libia,mussulmani,55-59,all,MF,19715
Libia,mussulmani,55-59,all,M,11886
Libia,mussulmani,55-59,all,F,7829
Libia,mussulmani,55-59,celibi,MF,216
Libia,mussulmani,55-59,celibi,M,162
Libia,mussulmani,55-59,celibi,F,54
Libia,mussulmani,55-59,coniugati,MF,15717
Libia,mussulmani,55-59,coniugati,M,10995
Libia,mussulmani,55-59,coniugati,F,4722
Libia,mussulmani,55-59,vedovi,MF,3434
Libia,mussulmani,55-59,vedovi,M,594
Libia,mussulmani,55-59,vedovi,F,2840
Libia,mussulmani,55-59,divorziati,MF,345
Libia,mussulmani,55-59,divorziati,M,134
Libia,mussulmani,55-59,divorziati,F,211
Libia,mussulmani,55-59,ignoto,MF,3
Libia,mussulmani,55-59,ignoto,M,1
Libia,mussulmani,55-59,ignoto,F,2
Libia,mussulmani,60-64,all,MF,24652
Libia,mussulmani,60-64,all,M,12753
Libia,mussulmani,60-64,all,F,11899
Libia,mussulmani,60-64,celibi,MF,240
Libia,mussulmani,60-64,celibi,M,152
Libia,mussulmani,60-64,celibi,F,88
Libia,mussulmani,60-64,coniugati,MF,16836
Libia,mussulmani,60-64,coniugati,M,11650
Libia,mussulmani,60-64,coniugati,F,5186
Libia,mussulmani,60-64,vedovi,MF,7184
Libia,mussulmani,60-64,vedovi,M,807
Libia,mussulmani,60-64,vedovi,F,6377
Libia,mussulmani,60-64,divorziati,MF,389
Libia,mussulmani,60-64,divorziati,M,144
Libia,mussulmani,60-64,divorziati,F,245
Libia,mussulmani,60-64,ignoto,MF,3
Libia,mussulmani,60-64,ignoto,M,0
Libia,mussulmani,60-64,ignoto,F,3
Libia,mussulmani,65-69,all,MF,11203
Libia,mussulmani,65-69,all,M,6463
Libia,mussulmani,65-69,all,F,4740
Libia,mussulmani,65-69,celibi,MF,127
Libia,mussulmani,65-69,celibi,M,83
Libia,mussulmani,65-69,celibi,F,44
Libia,mussulmani,65-69,coniugati,MF,7431
Libia,mussulmani,65-69,coniugati,M,5836
Libia,mussulmani,65-69,coniugati,F,1595
Libia,mussulmani,65-69,vedovi,MF,3447
Libia,mussulmani,65-69,vedovi,M,446
Libia,mussulmani,65-69,vedovi,F,3001
Libia,mussulmani,65-69,divorziati,MF,197
Libia,mussulmani,65-69,divorziati,M,97
Libia,mussulmani,65-69,divorziati,F,100
Libia,mussulmani,65-69,ignoto,MF,1
Libia,mussulmani,65-69,ignoto,M,1
Libia,mussulmani,65-69,ignoto,F,0
Libia,mussulmani,70-79,all,MF,19828
Libia,mussulmani,70-79,all,M,10378
Libia,mussulmani,70-79,all,F,9450
Libia,mussulmani,70-79,celibi,MF,179
Libia,mussulmani,70-79,celibi,M,115
Libia,mussulmani,70-79,celibi,F,64
Libia,mussulmani,70-79,coniugati,MF,10973
Libia,mussulmani,70-79,coniugati,M,9004
Libia,mussulmani,70-79,coniugati,F,1969
Libia,mussulmani,70-79,vedovi,MF,8380
Libia,mussulmani,70-79,vedovi,M,1117
Libia,mussulmani,70-79,vedovi,F,7263
Libia,mussulmani,70-79,divorziati,MF,293
Libia,mussulmani,70-79,divorziati,M,142
Libia,mussulmani,70-79,divorziati,F,151
Libia,mussulmani,70-79,ignoto,MF,3
Libia,mussulmani,70-79,ignoto,M,0
Libia,mussulmani,70-79,ignoto,F,3
Libia,mussulmani,80-89,all,MF,6859
Libia,mussulmani,80-89,all,M,3506
Libia,mussulmani,80-89,all,F,3353
Libia,mussulmani,80-89,celibi,MF,74
Libia,mussulmani,80-89,celibi,M,41
Libia,mussulmani,80-89,celibi,F,33
Libia,mussulmani,80-89,coniugati,MF,3095
Libia,mussulmani,80-89,coniugati,M,2772
Libia,mussulmani,80-89,coniugati,F,323
Libia,mussulmani,80-89,vedovi,MF,3595
Libia,mussulmani,80-89,vedovi,M,631
Libia,mussulmani,80-89,vedovi,F,2964
Libia,mussulmani,80-89,divorziati,MF,91
Libia,mussulmani,80-89,divorziati,M,58
Libia,mussulmani,80-89,divorziati,F,33
Libia,mussulmani,80-89,ignoto,MF,4
Libia,mussulmani,80-89,ignoto,M,4
Libia,mussulmani,80-89,ignoto,F,0
Libia,mussulmani,90+,all,MF,1812
Libia,mussulmani,90+,all,M,1026
Libia,mussulmani,90+,all,F,786
Libia,mussulmani,90+,celibi,MF,21
Libia,mussulmani,90+,celibi,M,14
Libia,mussulmani,90+,celibi,F,7
Libia,mussulmani,90+,coniugati,MF,725
Libia,mussulmani,90+,coniugati,M,692
Libia,mussulmani,90+,coniugati,F,33
Libia,mussulmani,90+,vedovi,MF,1045
Libia,mussulmani,90+,vedovi,M,304
Libia,mussulmani,90+,vedovi,F,741
Libia,mussulmani,90+,divorziati,MF,21
Libia,mussulmani,90+,divorziati,M,16
Libia,mussulmani,90+,divorziati,F,5
Libia,mussulmani,90+,ignoto,MF,0
Libia,mussulmani,90+,ignoto,M,0
Libia,mussulmani,90+,ignoto,F,0
Libia,mussulmani,ignota,all,MF,441
Libia,mussulmani,ignota,all,M,212
Libia,mussulmani,ignota,all,F,229
Libia,mussulmani,ignota,celibi,MF,213
Libia,mussulmani,ignota,celibi,M,121
Libia,mussulmani,ignota,celibi,F,92
Libia,mussulmani,ignota,coniugati,MF,180
Libia,mussulmani,ignota,coniugati,M,80
Libia,mussulmani,ignota,coniugati,F,100
Libia,mussulmani,ignota,vedovi,MF,41
Libia,mussulmani,ignota,vedovi,M,9
Libia,mussulmani,ignota,vedovi,F,32
Libia,mussulmani,ignota,divorziati,MF,4
Libia,mussulmani,ignota,divorziati,M,0
Libia,mussulmani,ignota,divorziati,F,4
Libia,mussulmani,ignota,ignoto,MF,3
Libia,mussulmani,ignota,ignoto,M,2
Libia,mussulmani,ignota,ignoto,F,1
Libia,mussulmani,Totale,all,MF,722479
Libia,mussulmani,Totale,all,M,375031
Libia,mussulmani,Totale,all,F,347448
Libia,mussulmani,Totale,celibi,MF,359719
Libia,mussulmani,Totale,celibi,M,210080
Libia,mussulmani,Totale,celibi,F,149639
Libia,mussulmani,Totale,coniugati,MF,313315
Libia,mussulmani,Totale,coniugati,M,153792
Libia,mussulmani,Totale,coniugati,F,159523
Libia,mussulmani,Totale,vedovi,MF,42650
Libia,mussulmani,Totale,vedovi,M,8375
Libia,mussulmani,Totale,vedovi,F,34275
Libia,mussulmani,Totale,divorziati,MF,6762
Libia,mussulmani,Totale,divorziati,M,2770
Libia,mussulmani,Totale,divorziati,F,3992
Libia,mussulmani,Totale,ignoto,MF,33
Libia,mussulmani,Totale,ignoto,M,14
Libia,mussulmani,Totale,ignoto,F,19
Libia,ebrei,0-4,all,MF,4029
Libia,ebrei,0-4,all,M,1975
Libia,ebrei,0-4,all,F,2054
Libia,ebrei,0-4,celibi,MF,4029
Libia,ebrei,0-4,celibi,M,1975
Libia,ebrei,0-4,celibi,F,2054
Libia,ebrei,0-4,coniugati,MF,0
Libia,ebrei,0-4,coniugati,M,0
Libia,ebrei,0-4,coniugati,F,0
Libia,ebrei,0-4,vedovi,MF,0
Libia,ebrei,0-4,vedovi,M,0
Libia,ebrei,0-4,vedovi,F,0
Libia,ebrei,0-4,divorziati,MF,0
Libia,ebrei,0-4,divorziati,M,0
Libia,ebrei,0-4,divorziati,F,0
Libia,ebrei,0-4,ignoto,MF,0
Libia,ebrei,0-4,ignoto,M,0
Libia,ebrei,0-4,ignoto,F,0
Libia,ebrei,5-9,all,MF,4013
Libia,ebrei,5-9,all,M,1993
Libia,ebrei,5-9,all,F,2020
Libia,ebrei,5-9,celibi,MF,4013
Libia,ebrei,5-9,celibi,M,1993
Libia,ebrei,5-9,celibi,F,2020
Libia,ebrei,5-9,coniugati,MF,0
Libia,ebrei,5-9,coniugati,M,0
Libia,ebrei,5-9,coniugati,F,0
Libia,ebrei,5-9,vedovi,MF,0
Libia,ebrei,5-9,vedovi,M,0
Libia,ebrei,5-9,vedovi,F,0
Libia,ebrei,5-9,divorziati,MF,0
Libia,ebrei,5-9,divorziati,M,0
Libia,ebrei,5-9,divorziati,F,0
Libia,ebrei,5-9,ignoto,MF,0
Libia,ebrei,5-9,ignoto,M,0
Libia,ebrei,5-9,ignoto,F,0
Libia,ebrei,10-14,all,MF,3558
Libia,ebrei,10-14,all,M,1753
Libia,ebrei,10-14,all,F,1805
Libia,ebrei,10-14,celibi,MF,3554
Libia,ebrei,10-14,celibi,M,1753
Libia,ebrei,10-14,celibi,F,1801
Libia,ebrei,10-14,coniugati,MF,4
Libia,ebrei,10-14,coniugati,M,0
Libia,ebrei,10-14,coniugati,F,4
Libia,ebrei,10-14,vedovi,MF,0
Libia,ebrei,10-14,vedovi,M,0
Libia,ebrei,10-14,vedovi,F,0
Libia,ebrei,10-14,divorziati,MF,0
Libia,ebrei,10-14,divorziati,M,0
Libia,ebrei,10-14,divorziati,F,0
Libia,ebrei,10-14,ignoto,MF,0
Libia,ebrei,10-14,ignoto,M,0
Libia,ebrei,10-14,ignoto,F,0
Libia,ebrei,15-19,all,MF,2802
Libia,ebrei,15-19,all,M,1367
Libia,ebrei,15-19,all,F,1435
Libia,ebrei,15-19,celibi,MF,2559
Libia,ebrei,15-19,celibi,M,1345
Libia,ebrei,15-19,celibi,F,1214
Libia,ebrei,15-19,coniugati,MF,242
Libia,ebrei,15-19,coniugati,M,22
Libia,ebrei,15-19,coniugati,F,220
Libia,ebrei,15-19,vedovi,MF,0
Libia,ebrei,15-19,vedovi,M,0
Libia,ebrei,15-19,vedovi,F,0
Libia,ebrei,15-19,divorziati,MF,1
Libia,ebrei,15-19,divorziati,M,0
Libia,ebrei,15-19,divorziati,F,1
Libia,ebrei,15-19,ignoto,MF,0
Libia,ebrei,15-19,ignoto,M,0
Libia,ebrei,15-19,ignoto,F,0
Libia,ebrei,20-24,all,MF,1986
Libia,ebrei,20-24,all,M,909
Libia,ebrei,20-24,all,F,1077
Libia,ebrei,20-24,celibi,MF,1093
Libia,ebrei,20-24,celibi,M,676
Libia,ebrei,20-24,celibi,F,417
Libia,ebrei,20-24,coniugati,MF,886
Libia,ebrei,20-24,coniugati,M,233
Libia,ebrei,20-24,coniugati,F,653
Libia,ebrei,20-24,vedovi,MF,2
Libia,ebrei,20-24,vedovi,M,0
Libia,ebrei,20-24,vedovi,F,2
Libia,ebrei,20-24,divorziati,MF,5
Libia,ebrei,20-24,divorziati,M,0
Libia,ebrei,20-24,divorziati,F,5
Libia,ebrei,20-24,ignoto,MF,0
Libia,ebrei,20-24,ignoto,M,0
Libia,ebrei,20-24,ignoto,F,0
Libia,ebrei,25-29,all,MF,2225
Libia,ebrei,25-29,all,M,1107
Libia,ebrei,25-29,all,F,1118
Libia,ebrei,25-29,celibi,MF,571
Libia,ebrei,25-29,celibi,M,433
Libia,ebrei,25-29,celibi,F,138
Libia,ebrei,25-29,coniugati,MF,1620
Libia,ebrei,25-29,coniugati,M,671
Libia,ebrei,25-29,coniugati,F,949
Libia,ebrei,25-29,vedovi,MF,22
Libia,ebrei,25-29,vedovi,M,3
Libia,ebrei,25-29,vedovi,F,19
Libia,ebrei,25-29,divorziati,MF,11
Libia,ebrei,25-29,divorziati,M,0
Libia,ebrei,25-29,divorziati,F,11
Libia,ebrei,25-29,ignoto,MF,1
Libia,ebrei,25-29,ignoto,M,0
Libia,ebrei,25-29,ignoto,F,1
Libia,ebrei,30-34,all,MF,1908
Libia,ebrei,30-34,all,M,931
Libia,ebrei,30-34,all,F,977
Libia,ebrei,30-34,celibi,MF,225
Libia,ebrei,30-34,celibi,M,166
Libia,ebrei,30-34,celibi,F,59
Libia,ebrei,30-34,coniugati,MF,1627
Libia,ebrei,30-34,coniugati,M,762
Libia,ebrei,30-34,coniugati,F,865
Libia,ebrei,30-34,vedovi,MF,45
Libia,ebrei,30-34,vedovi,M,2
Libia,ebrei,30-34,vedovi,F,43
Libia,ebrei,30-34,divorziati,MF,11
Libia,ebrei,30-34,divorziati,M,1
Libia,ebrei,30-34,divorziati,F,10
Libia,ebrei,30-34,ignoto,MF,0
Libia,ebrei,30-34,ignoto,M,0
Libia,ebrei,30-34,ignoto,F,0
Libia,ebrei,35-39,all,MF,1729
Libia,ebrei,35-39,all,M,851
Libia,ebrei,35-39,all,F,878
Libia,ebrei,35-39,celibi,MF,96
Libia,ebrei,35-39,celibi,M,72
Libia,ebrei,35-39,celibi,F,24
Libia,ebrei,35-39,coniugati,MF,1510
Libia,ebrei,35-39,coniugati,M,767
Libia,ebrei,35-39,coniugati,F,743
Libia,ebrei,35-39,vedovi,MF,108
Libia,ebrei,35-39,vedovi,M,10
Libia,ebrei,35-39,vedovi,F,98
Libia,ebrei,35-39,divorziati,MF,13
Libia,ebrei,35-39,divorziati,M,2
Libia,ebrei,35-39,divorziati,F,11
Libia,ebrei,35-39,ignoto,MF,2
Libia,ebrei,35-39,ignoto,M,0
Libia,ebrei,35-39,ignoto,F,2
Libia,ebrei,40-44,all,MF,1462
Libia,ebrei,40-44,all,M,727
Libia,ebrei,40-44,all,F,735
Libia,ebrei,40-44,celibi,MF,36
Libia,ebrei,40-44,celibi,M,25
Libia,ebrei,40-44,celibi,F,11
Libia,ebrei,40-44,coniugati,MF,1293
Libia,ebrei,40-44,coniugati,M,685
Libia,ebrei,40-44,coniugati,F,608
Libia,ebrei,40-44,vedovi,MF,115
Libia,ebrei,40-44,vedovi,M,16
Libia,ebrei,40-44,vedovi,F,99
Libia,ebrei,40-44,divorziati,MF,18
Libia,ebrei,40-44,divorziati,M,1
Libia,ebrei,40-44,divorziati,F,17
Libia,ebrei,40-44,ignoto,MF,0
Libia,ebrei,40-44,ignoto,M,0
Libia,ebrei,40-44,ignoto,F,0
Libia,ebrei,45-49,all,MF,1241
Libia,ebrei,45-49,all,M,605
Libia,ebrei,45-49,all,F,636
Libia,ebrei,45-49,celibi,MF,16
Libia,ebrei,45-49,celibi,M,12
Libia,ebrei,45-49,celibi,F,4
Libia,ebrei,45-49,coniugati,MF,1031
Libia,ebrei,45-49,coniugati,M,571
Libia,ebrei,45-49,coniugati,F,460
Libia,ebrei,45-49,vedovi,MF,188
Libia,ebrei,45-49,vedovi,M,20
Libia,ebrei,45-49,vedovi,F,168
Libia,ebrei,45-49,divorziati,MF,6
Libia,ebrei,45-49,divorziati,M,2
Libia,ebrei,45-49,divorziati,F,4
Libia,ebrei,45-49,ignoto,MF,0
Libia,ebrei,45-49,ignoto,M,0
Libia,ebrei,45-49,ignoto,F,0
Libia,ebrei,50-54,all,MF,911
Libia,ebrei,50-54,all,M,447
Libia,ebrei,50-54,all,F,464
Libia,ebrei,50-54,celibi,MF,11
Libia,ebrei,50-54,celibi,M,6
Libia,ebrei,50-54,celibi,F,5
Libia,ebrei,50-54,coniugati,MF,714
Libia,ebrei,50-54,coniugati,M,426
Libia,ebrei,50-54,coniugati,F,288
Libia,ebrei,50-54,vedovi,MF,180
Libia,ebrei,50-54,vedovi,M,12
Libia,ebrei,50-54,vedovi,F,168
Libia,ebrei,50-54,divorziati,MF,6
Libia,ebrei,50-54,divorziati,M,3
Libia,ebrei,50-54,divorziati,F,3
Libia,ebrei,50-54,ignoto,MF,0
Libia,ebrei,50-54,ignoto,M,0
Libia,ebrei,50-54,ignoto,F,0
Libia,ebrei,55-59,all,MF,794
Libia,ebrei,55-59,all,M,426
Libia,ebrei,55-59,all,F,368
Libia,ebrei,55-59,celibi,MF,7
Libia,ebrei,55-59,celibi,M,3
Libia,ebrei,55-59,celibi,F,4
Libia,ebrei,55-59,coniugati,MF,601
Libia,ebrei,55-59,coniugati,M,397
Libia,ebrei,55-59,coniugati,F,204
Libia,ebrei,55-59,vedovi,MF,182
Libia,ebrei,55-59,vedovi,M,26
Libia,ebrei,55-59,vedovi,F,156
Libia,ebrei,55-59,divorziati,MF,4
Libia,ebrei,55-59,divorziati,M,0
Libia,ebrei,55-59,divorziati,F,4
Libia,ebrei,55-59,ignoto,MF,0
Libia,ebrei,55-59,ignoto,M,0
Libia,ebrei,55-59,ignoto,F,0
Libia,ebrei,60-64,all,MF,524
Libia,ebrei,60-64,all,M,277
Libia,ebrei,60-64,all,F,247
Libia,ebrei,60-64,celibi,MF,3
Libia,ebrei,60-64,celibi,M,2
Libia,ebrei,60-64,celibi,F,1
Libia,ebrei,60-64,coniugati,MF,369
Libia,ebrei,60-64,coniugati,M,265
Libia,ebrei,60-64,coniugati,F,104
Libia,ebrei,60-64,vedovi,MF,149
Libia,ebrei,60-64,vedovi,M,10
Libia,ebrei,60-64,vedovi,F,139
Libia,ebrei,60-64,divorziati,MF,3
Libia,ebrei,60-64,divorziati,M,0
Libia,ebrei,60-64,divorziati,F,3
Libia,ebrei,60-64,ignoto,MF,0
Libia,ebrei,60-64,ignoto,M,0
Libia,ebrei,60-64,ignoto,F,0
Libia,ebrei,65-69,all,MF,442
Libia,ebrei,65-69,all,M,216
Libia,ebrei,65-69,all,F,226
Libia,ebrei,65-69,celibi,MF,4
Libia,ebrei,65-69,celibi,M,3
Libia,ebrei,65-69,celibi,F,1
Libia,ebrei,65-69,coniugati,MF,266
Libia,ebrei,65-69,coniugati,M,195
Libia,ebrei,65-69,coniugati,F,71
Libia,ebrei,65-69,vedovi,MF,172
Libia,ebrei,65-69,vedovi,M,18
Libia,ebrei,65-69,vedovi,F,154
Libia,ebrei,65-69,divorziati,MF,0
Libia,ebrei,65-69,divorziati,M,0
Libia,ebrei,65-69,divorziati,F,0
Libia,ebrei,65-69,ignoto,MF,0
Libia,ebrei,65-69,ignoto,M,0
Libia,ebrei,65-69,ignoto,F,0
Libia,ebrei,70-79,all,MF,445
Libia,ebrei,70-79,all,M,201
Libia,ebrei,70-79,all,F,244
Libia,ebrei,70-79,celibi,MF,3
Libia,ebrei,70-79,celibi,M,0
Libia,ebrei,70-79,celibi,F,3
Libia,ebrei,70-79,coniugati,MF,211
Libia,ebrei,70-79,coniugati,M,165
Libia,ebrei,70-79,coniugati,F,46
Libia,ebrei,70-79,vedovi,MF,231
Libia,ebrei,70-79,vedovi,M,36
Libia,ebrei,70-79,vedovi,F,195
Libia,ebrei,70-79,divorziati,MF,0
Libia,ebrei,70-79,divorziati,M,0
Libia,ebrei,70-79,divorziati,F,0
Libia,ebrei,70-79,ignoto,MF,0
Libia,ebrei,70-79,ignoto,M,0
Libia,ebrei,70-79,ignoto,F,0
Libia,ebrei,80-89,all,MF,154
Libia,ebrei,80-89,all,M,61
Libia,ebrei,80-89,all,F,93
Libia,ebrei,80-89,celibi,MF,2
Libia,ebrei,80-89,celibi,M,1
Libia,ebrei,80-89,celibi,F,1
Libia,ebrei,80-89,coniugati,MF,48
Libia,ebrei,80-89,coniugati,M,40
Libia,ebrei,80-89,coniugati,F,8
Libia,ebrei,80-89,vedovi,MF,104
Libia,ebrei,80-89,vedovi,M,20
Libia,ebrei,80-89,vedovi,F,84
Libia,ebrei,80-89,divorziati,MF,0
Libia,ebrei,80-89,divorziati,M,0
Libia,ebrei,80-89,divorziati,F,0
Libia,ebrei,80-89,ignoto,MF,0
Libia,ebrei,80-89,ignoto,M,0
Libia,ebrei,80-89,ignoto,F,0
Libia,ebrei,90+,all,MF,38
Libia,ebrei,90+,all,M,18
Libia,ebrei,90+,all,F,20
Libia,ebrei,90+,celibi,MF,0
Libia,ebrei,90+,celibi,M,0
Libia,ebrei,90+,celibi,F,0
Libia,ebrei,90+,coniugati,MF,10
Libia,ebrei,90+,coniugati,M,9
Libia,ebrei,90+,coniugati,F,1
Libia,ebrei,90+,vedovi,MF,27
Libia,ebrei,90+,vedovi,M,8
Libia,ebrei,90+,vedovi,F,19
Libia,ebrei,90+,divorziati,MF,0
Libia,ebrei,90+,divorziati,M,0
Libia,ebrei,90+,divorziati,F,0
Libia,ebrei,90+,ignoto,MF,1
Libia,ebrei,90+,ignoto,M,1
Libia,ebrei,90+,ignoto,F,0
Libia,ebrei,ignota,all,MF,38
Libia,ebrei,ignota,all,M,19
Libia,ebrei,ignota,all,F,19
Libia,ebrei,ignota,celibi,MF,24
Libia,ebrei,ignota,celibi,M,13
Libia,ebrei,ignota,celibi,F,11
Libia,ebrei,ignota,coniugati,MF,12
Libia,ebrei,ignota,coniugati,M,6
Libia,ebrei,ignota,coniugati,F,6
Libia,ebrei,ignota,vedovi,MF,2
Libia,ebrei,ignota,vedovi,M,0
Libia,ebrei,ignota,vedovi,F,2
Libia,ebrei,ignota,divorziati,MF,0
Libia,ebrei,ignota,divorziati,M,0
Libia,ebrei,ignota,divorziati,F,0
Libia,ebrei,ignota,ignoto,MF,0
Libia,ebrei,ignota,ignoto,M,0
Libia,ebrei,ignota,ignoto,F,0
Libia,ebrei,Totale,all,MF,28299
Libia,ebrei,Totale,all,M,13883
Libia,ebrei,Totale,all,F,14416
Libia,ebrei,Totale,celibi,MF,16246
Libia,ebrei,Totale,celibi,M,8478
Libia,ebrei,Totale,celibi,F,7768
Libia,ebrei,Totale,coniugati,MF,10444
Libia,ebrei,Totale,coniugati,M,5214
Libia,ebrei,Totale,coniugati,F,5230
Libia,ebrei,Totale,vedovi,MF,1527
Libia,ebrei,Totale,vedovi,M,181
Libia,ebrei,Totale,vedovi,F,1346
Libia,ebrei,Totale,divorziati,MF,78
Libia,ebrei,Totale,divorziati,M,9
Libia,ebrei,Totale,divorziati,F,69
Libia,ebrei,Totale,ignoto,MF,4
Libia,ebrei,Totale,ignoto,M,1
Libia,ebrei,Totale,ignoto,F,3
Provincia di Tripoli,complesso,0-4,all,MF,54313
Provincia di Tripoli,complesso,0-4,all,M,27119
Provincia di Tripoli,complesso,0-4,all,F,27194
Provincia di Tripoli,complesso,0-4,celibi,MF,54313
Provincia di Tripoli,complesso,0-4,celibi,M,27119
Provincia di Tripoli,complesso,0-4,celibi,F,27194
Provincia di Tripoli,complesso,0-4,coniugati,MF,0
Provincia di Tripoli,complesso,0-4,coniugati,M,0
Provincia di Tripoli,complesso,0-4,coniugati,F,0
Provincia di Tripoli,complesso,0-4,vedovi,MF,0
Provincia di Tripoli,complesso,0-4,vedovi,M,0
Provincia di Tripoli,complesso,0-4,vedovi,F,0
Provincia di Tripoli,complesso,0-4,divorziati,MF,0
Provincia di Tripoli,complesso,0-4,divorziati,M,0
Provincia di Tripoli,complesso,0-4,divorziati,F,0
Provincia di Tripoli,complesso,0-4,ignoto,MF,0
Provincia di Tripoli,complesso,0-4,ignoto,M,0
Provincia di Tripoli,complesso,0-4,ignoto,F,0
Provincia di Tripoli,complesso,5-9,all,MF,56008
Provincia di Tripoli,complesso,5-9,all,M,29500
Provincia di Tripoli,complesso,5-9,all,F,26508
Provincia di Tripoli,complesso,5-9,celibi,MF,56008
Provincia di Tripoli,complesso,5-9,celibi,M,29500
Provincia di Tripoli,complesso,5-9,celibi,F,26508
Provincia di Tripoli,complesso,5-9,coniugati,MF,0
Provincia di Tripoli,complesso,5-9,coniugati,M,0
Provincia di Tripoli,complesso,5-9,coniugati,F,0
Provincia di Tripoli,complesso,5-9,vedovi,MF,0
Provincia di Tripoli,complesso,5-9,vedovi,M,0
Provincia di Tripoli,complesso,5-9,vedovi,F,0
Provincia di Tripoli,complesso,5-9,divorziati,MF,0
Provincia di Tripoli,complesso,5-9,divorziati,M,0
Provincia di Tripoli,complesso,5-9,divorziati,F,0
Provincia di Tripoli,complesso,5-9,ignoto,MF,0
Provincia di Tripoli,complesso,5-9,ignoto,M,0
Provincia di Tripoli,complesso,5-9,ignoto,F,0
Provincia di Tripoli,complesso,10-14,all,MF,38554
Provincia di Tripoli,complesso,10-14,all,M,21896
Provincia di Tripoli,complesso,10-14,all,F,16658
Provincia di Tripoli,complesso,10-14,celibi,MF,38410
Provincia di Tripoli,complesso,10-14,celibi,M,21875
Provincia di Tripoli,complesso,10-14,celibi,F,16535
Provincia di Tripoli,complesso,10-14,coniugati,MF,140
Provincia di Tripoli,complesso,10-14,coniugati,M,19
Provincia di Tripoli,complesso,10-14,coniugati,F,121
Provincia di Tripoli,complesso,10-14,vedovi,MF,2
Provincia di Tripoli,complesso,10-14,vedovi,M,2
Provincia di Tripoli,complesso,10-14,vedovi,F,0
Provincia di Tripoli,complesso,10-14,divorziati,MF,2
Provincia di Tripoli,complesso,10-14,divorziati,M,0
Provincia di Tripoli,complesso,10-14,divorziati,F,2
Provincia di Tripoli,complesso,10-14,ignoto,MF,0
Provincia di Tripoli,complesso,10-14,ignoto,M,0
Provincia di Tripoli,complesso,10-14,ignoto,F,0
Provincia di Tripoli,complesso,15-19,all,MF,20144
Provincia di Tripoli,complesso,15-19,all,M,10857
Provincia di Tripoli,complesso,15-19,all,F,9287
Provincia di Tripoli,complesso,15-19,celibi,MF,15871
Provincia di Tripoli,complesso,15-19,celibi,M,10534
Provincia di Tripoli,complesso,15-19,celibi,F,5337
Provincia di Tripoli,complesso,15-19,coniugati,MF,4143
Provincia di Tripoli,complesso,15-19,coniugati,M,303
Provincia di Tripoli,complesso,15-19,coniugati,F,3840
Provincia di Tripoli,complesso,15-19,vedovi,MF,62
Provincia di Tripoli,complesso,15-19,vedovi,M,15
Provincia di Tripoli,complesso,15-19,vedovi,F,47
Provincia di Tripoli,complesso,15-19,divorziati,MF,67
Provincia di Tripoli,complesso,15-19,divorziati,M,4
Provincia di Tripoli,complesso,15-19,divorziati,F,63
Provincia di Tripoli,complesso,15-19,ignoto,MF,1
Provincia di Tripoli,complesso,15-19,ignoto,M,1
Provincia di Tripoli,complesso,15-19,ignoto,F,0
Provincia di Tripoli,complesso,20-24,all,MF,18855
Provincia di Tripoli,complesso,20-24,all,M,8863
Provincia di Tripoli,complesso,20-24,all,F,9992
Provincia di Tripoli,complesso,20-24,celibi,MF,7333
Provincia di Tripoli,complesso,20-24,celibi,M,6485
Provincia di Tripoli,complesso,20-24,celibi,F,848
Provincia di Tripoli,complesso,20-24,coniugati,MF,11195
Provincia di Tripoli,complesso,20-24,coniugati,M,2284
Provincia di Tripoli,complesso,20-24,coniugati,F,8911
Provincia di Tripoli,complesso,20-24,vedovi,MF,203
Provincia di Tripoli,complesso,20-24,vedovi,M,59
Provincia di Tripoli,complesso,20-24,vedovi,F,144
Provincia di Tripoli,complesso,20-24,divorziati,MF,123
Provincia di Tripoli,complesso,20-24,divorziati,M,35
Provincia di Tripoli,complesso,20-24,divorziati,F,88
Provincia di Tripoli,complesso,20-24,ignoto,MF,1
Provincia di Tripoli,complesso,20-24,ignoto,M,0
Provincia di Tripoli,complesso,20-24,ignoto,F,1
Provincia di Tripoli,complesso,25-29,all,MF,23343
Provincia di Tripoli,complesso,25-29,all,M,11376
Provincia di Tripoli,complesso,25-29,all,F,11967
Provincia di Tripoli,complesso,25-29,celibi,MF,4693
Provincia di Tripoli,complesso,25-29,celibi,M,4363
Provincia di Tripoli,complesso,25-29,celibi,F,330
Provincia di Tripoli,complesso,25-29,coniugati,MF,18059
Provincia di Tripoli,complesso,25-29,coniugati,M,6710
Provincia di Tripoli,complesso,25-29,coniugati,F,11349
Provincia di Tripoli,complesso,25-29,vedovi,MF,410
Provincia di Tripoli,complesso,25-29,vedovi,M,225
Provincia di Tripoli,complesso,25-29,vedovi,F,185
Provincia di Tripoli,complesso,25-29,divorziati,MF,179
Provincia di Tripoli,complesso,25-29,divorziati,M,76
Provincia di Tripoli,complesso,25-29,divorziati,F,103
Provincia di Tripoli,complesso,25-29,ignoto,MF,2
Provincia di Tripoli,complesso,25-29,ignoto,M,2
Provincia di Tripoli,complesso,25-29,ignoto,F,0
Provincia di Tripoli,complesso,30-34,all,MF,24155
Provincia di Tripoli,complesso,30-34,all,M,11168
Provincia di Tripoli,complesso,30-34,all,F,12987
Provincia di Tripoli,complesso,30-34,celibi,MF,1756
Provincia di Tripoli,complesso,30-34,celibi,M,1604
Provincia di Tripoli,complesso,30-34,celibi,F,152
Provincia di Tripoli,complesso,30-34,coniugati,MF,21597
Provincia di Tripoli,complesso,30-34,coniugati,M,9115
Provincia di Tripoli,complesso,30-34,coniugati,F,12482
Provincia di Tripoli,complesso,30-34,vedovi,MF,593
Provincia di Tripoli,complesso,30-34,vedovi,M,331
Provincia di Tripoli,complesso,30-34,vedovi,F,262
Provincia di Tripoli,complesso,30-34,divorziati,MF,206
Provincia di Tripoli,complesso,30-34,divorziati,M,116
Provincia di Tripoli,complesso,30-34,divorziati,F,90
Provincia di Tripoli,complesso,30-34,ignoto,MF,3
Provincia di Tripoli,complesso,30-34,ignoto,M,2
Provincia di Tripoli,complesso,30-34,ignoto,F,1
Provincia di Tripoli,complesso,35-39,all,MF,22739
Provincia di Tripoli,complesso,35-39,all,M,12237
Provincia di Tripoli,complesso,35-39,all,F,10502
Provincia di Tripoli,complesso,35-39,celibi,MF,856
Provincia di Tripoli,complesso,35-39,celibi,M,776
Provincia di Tripoli,complesso,35-39,celibi,F,80
Provincia di Tripoli,complesso,35-39,coniugati,MF,20891
Provincia di Tripoli,complesso,35-39,coniugati,M,10937
Provincia di Tripoli,complesso,35-39,coniugati,F,9954
Provincia di Tripoli,complesso,35-39,vedovi,MF,804
Provincia di Tripoli,complesso,35-39,vedovi,M,425
Provincia di Tripoli,complesso,35-39,vedovi,F,379
Provincia di Tripoli,complesso,35-39,divorziati,MF,188
Provincia di Tripoli,complesso,35-39,divorziati,M,99
Provincia di Tripoli,complesso,35-39,divorziati,F,89
Provincia di Tripoli,complesso,35-39,ignoto,MF,0
Provincia di Tripoli,complesso,35-39,ignoto,M,0
Provincia di Tripoli,complesso,35-39,ignoto,F,0
Provincia di Tripoli,complesso,40-44,all,MF,21655
Provincia di Tripoli,complesso,40-44,all,M,10179
Provincia di Tripoli,complesso,40-44,all,F,11476
Provincia di Tripoli,complesso,40-44,celibi,MF,343
Provincia di Tripoli,complesso,40-44,celibi,M,290
Provincia di Tripoli,complesso,40-44,celibi,F,53
Provincia di Tripoli,complesso,40-44,coniugati,MF,20007
Provincia di Tripoli,complesso,40-44,coniugati,M,9419
Provincia di Tripoli,complesso,40-44,coniugati,F,10588
Provincia di Tripoli,complesso,40-44,vedovi,MF,1100
Provincia di Tripoli,complesso,40-44,vedovi,M,381
Provincia di Tripoli,complesso,40-44,vedovi,F,719
Provincia di Tripoli,complesso,40-44,divorziati,MF,205
Provincia di Tripoli,complesso,40-44,divorziati,M,89
Provincia di Tripoli,complesso,40-44,divorziati,F,116
Provincia di Tripoli,complesso,40-44,ignoto,MF,0
Provincia di Tripoli,complesso,40-44,ignoto,M,0
Provincia di Tripoli,complesso,40-44,ignoto,F,0
Provincia di Tripoli,complesso,45-49,all,MF,15418
Provincia di Tripoli,complesso,45-49,all,M,8533
Provincia di Tripoli,complesso,45-49,all,F,6885
Provincia di Tripoli,complesso,45-49,celibi,MF,208
Provincia di Tripoli,complesso,45-49,celibi,M,183
Provincia di Tripoli,complesso,45-49,celibi,F,25
Provincia di Tripoli,complesso,45-49,coniugati,MF,13893
Provincia di Tripoli,complesso,45-49,coniugati,M,7934
Provincia di Tripoli,complesso,45-49,coniugati,F,5959
Provincia di Tripoli,complesso,45-49,vedovi,MF,1145
Provincia di Tripoli,complesso,45-49,vedovi,M,335
Provincia di Tripoli,complesso,45-49,vedovi,F,810
Provincia di Tripoli,complesso,45-49,divorziati,MF,172
Provincia di Tripoli,complesso,45-49,divorziati,M,81
Provincia di Tripoli,complesso,45-49,divorziati,F,91
Provincia di Tripoli,complesso,45-49,ignoto,MF,0
Provincia di Tripoli,complesso,45-49,ignoto,M,0
Provincia di Tripoli,complesso,45-49,ignoto,F,0
Provincia di Tripoli,complesso,50-54,all,MF,16622
Provincia di Tripoli,complesso,50-54,all,M,8393
Provincia di Tripoli,complesso,50-54,all,F,8229
Provincia di Tripoli,complesso,50-54,celibi,MF,165
Provincia di Tripoli,complesso,50-54,celibi,M,136
Provincia di Tripoli,complesso,50-54,celibi,F,29
Provincia di Tripoli,complesso,50-54,coniugati,MF,14133
Provincia di Tripoli,complesso,50-54,coniugati,M,7821
Provincia di Tripoli,complesso,50-54,coniugati,F,6312
Provincia di Tripoli,complesso,50-54,vedovi,MF,2126
Provincia di Tripoli,complesso,50-54,vedovi,M,358
Provincia di Tripoli,complesso,50-54,vedovi,F,1768
Provincia di Tripoli,complesso,50-54,divorziati,MF,195
Provincia di Tripoli,complesso,50-54,divorziati,M,78
Provincia di Tripoli,complesso,50-54,divorziati,F,117
Provincia di Tripoli,complesso,50-54,ignoto,MF,3
Provincia di Tripoli,complesso,50-54,ignoto,M,0
Provincia di Tripoli,complesso,50-54,ignoto,F,3
Provincia di Tripoli,complesso,55-59,all,MF,9492
Provincia di Tripoli,complesso,55-59,all,M,5719
Provincia di Tripoli,complesso,55-59,all,F,3773
Provincia di Tripoli,complesso,55-59,celibi,MF,94
Provincia di Tripoli,complesso,55-59,celibi,M,67
Provincia di Tripoli,complesso,55-59,celibi,F,27
Provincia di Tripoli,complesso,55-59,coniugati,MF,7815
Provincia di Tripoli,complesso,55-59,coniugati,M,5340
Provincia di Tripoli,complesso,55-59,coniugati,F,2475
Provincia di Tripoli,complesso,55-59,vedovi,MF,1490
Provincia di Tripoli,complesso,55-59,vedovi,M,272
Provincia di Tripoli,complesso,55-59,vedovi,F,1218
Provincia di Tripoli,complesso,55-59,divorziati,MF,92
Provincia di Tripoli,complesso,55-59,divorziati,M,40
Provincia di Tripoli,complesso,55-59,divorziati,F,52
Provincia di Tripoli,complesso,55-59,ignoto,MF,1
Provincia di Tripoli,complesso,55-59,ignoto,M,0
Provincia di Tripoli,complesso,55-59,ignoto,F,1
Provincia di Tripoli,complesso,60-64,all,MF,11046
Provincia di Tripoli,complesso,60-64,all,M,5841
Provincia di Tripoli,complesso,60-64,all,F,5205
Provincia di Tripoli,complesso,60-64,celibi,MF,69
Provincia di Tripoli,complesso,60-64,celibi,M,47
Provincia di Tripoli,complesso,60-64,celibi,F,22
Provincia di Tripoli,complesso,60-64,coniugati,MF,8023
Provincia di Tripoli,complesso,60-64,coniugati,M,5412
Provincia di Tripoli,complesso,60-64,coniugati,F,2611
Provincia di Tripoli,complesso,60-64,vedovi,MF,2819
Provincia di Tripoli,complesso,60-64,vedovi,M,338
Provincia di Tripoli,complesso,60-64,vedovi,F,2481
Provincia di Tripoli,complesso,60-64,divorziati,MF,135
Provincia di Tripoli,complesso,60-64,divorziati,M,44
Provincia di Tripoli,complesso,60-64,divorziati,F,91
Provincia di Tripoli,complesso,60-64,ignoto,MF,0
Provincia di Tripoli,complesso,60-64,ignoto,M,0
Provincia di Tripoli,complesso,60-64,ignoto,F,0
Provincia di Tripoli,complesso,65-69,all,MF,5476
Provincia di Tripoli,complesso,65-69,all,M,3184
Provincia di Tripoli,complesso,65-69,all,F,2292
Provincia di Tripoli,complesso,65-69,celibi,MF,46
Provincia di Tripoli,complesso,65-69,celibi,M,33
Provincia di Tripoli,complesso,65-69,celibi,F,13
Provincia di Tripoli,complesso,65-69,coniugati,MF,3741
Provincia di Tripoli,complesso,65-69,coniugati,M,2904
Provincia di Tripoli,complesso,65-69,coniugati,F,837
Provincia di Tripoli,complesso,65-69,vedovi,MF,1610
Provincia di Tripoli,complesso,65-69,vedovi,M,211
Provincia di Tripoli,complesso,65-69,vedovi,F,1399
Provincia di Tripoli,complesso,65-69,divorziati,MF,78
Provincia di Tripoli,complesso,65-69,divorziati,M,35
Provincia di Tripoli,complesso,65-69,divorziati,F,43
Provincia di Tripoli,complesso,65-69,ignoto,MF,1
Provincia di Tripoli,complesso,65-69,ignoto,M,1
Provincia di Tripoli,complesso,65-69,ignoto,F,0
Provincia di Tripoli,complesso,70-79,all,MF,9435
Provincia di Tripoli,complesso,70-79,all,M,4979
Provincia di Tripoli,complesso,70-79,all,F,4456
Provincia di Tripoli,complesso,70-79,celibi,MF,72
Provincia di Tripoli,complesso,70-79,celibi,M,47
Provincia di Tripoli,complesso,70-79,celibi,F,25
Provincia di Tripoli,complesso,70-79,coniugati,MF,5322
Provincia di Tripoli,complesso,70-79,coniugati,M,4339
Provincia di Tripoli,complesso,70-79,coniugati,F,983
Provincia di Tripoli,complesso,70-79,vedovi,MF,3930
Provincia di Tripoli,complesso,70-79,vedovi,M,543
Provincia di Tripoli,complesso,70-79,vedovi,F,3387
Provincia di Tripoli,complesso,70-79,divorziati,MF,109
Provincia di Tripoli,complesso,70-79,divorziati,M,50
Provincia di Tripoli,complesso,70-79,divorziati,F,59
Provincia di Tripoli,complesso,70-79,ignoto,MF,2
Provincia di Tripoli,complesso,70-79,ignoto,M,0
Provincia di Tripoli,complesso,70-79,ignoto,F,2
Provincia di Tripoli,complesso,80-89,all,MF,3381
Provincia di Tripoli,complesso,80-89,all,M,1768
Provincia di Tripoli,complesso,80-89,all,F,1613
Provincia di Tripoli,complesso,80-89,celibi,MF,33
Provincia di Tripoli,complesso,80-89,celibi,M,15
Provincia di Tripoli,complesso,80-89,celibi,F,18
Provincia di Tripoli,complesso,80-89,coniugati,MF,1553
Provincia di Tripoli,complesso,80-89,coniugati,M,1381
Provincia di Tripoli,complesso,80-89,coniugati,F,172
Provincia di Tripoli,complesso,80-89,vedovi,MF,1760
Provincia di Tripoli,complesso,80-89,vedovi,M,352
Provincia di Tripoli,complesso,80-89,vedovi,F,1408
Provincia di Tripoli,complesso,80-89,divorziati,MF,34
Provincia di Tripoli,complesso,80-89,divorziati,M,19
Provincia di Tripoli,complesso,80-89,divorziati,F,15
Provincia di Tripoli,complesso,80-89,ignoto,MF,1
Provincia di Tripoli,complesso,80-89,ignoto,M,1
Provincia di Tripoli,complesso,80-89,ignoto,F,0
Provincia di Tripoli,complesso,90+,all,MF,916
Provincia di Tripoli,complesso,90+,all,M,540
Provincia di Tripoli,complesso,90+,all,F,376
Provincia di Tripoli,complesso,90+,celibi,MF,11
Provincia di Tripoli,complesso,90+,celibi,M,8
Provincia di Tripoli,complesso,90+,celibi,F,3
Provincia di Tripoli,complesso,90+,coniugati,MF,370
Provincia di Tripoli,complesso,90+,coniugati,M,353
Provincia di Tripoli,complesso,90+,coniugati,F,17
Provincia di Tripoli,complesso,90+,vedovi,MF,524
Provincia di Tripoli,complesso,90+,vedovi,M,172
Provincia di Tripoli,complesso,90+,vedovi,F,352
Provincia di Tripoli,complesso,90+,divorziati,MF,10
Provincia di Tripoli,complesso,90+,divorziati,M,6
Provincia di Tripoli,complesso,90+,divorziati,F,4
Provincia di Tripoli,complesso,90+,ignoto,MF,1
Provincia di Tripoli,complesso,90+,ignoto,M,1
Provincia di Tripoli,complesso,90+,ignoto,F,0
Provincia di Tripoli,complesso,ignota,all,MF,222
Provincia di Tripoli,complesso,ignota,all,M,113
Provincia di Tripoli,complesso,ignota,all,F,109
Provincia di Tripoli,complesso,ignota,celibi,MF,116
Provincia di Tripoli,complesso,ignota,celibi,M,68
Provincia di Tripoli,complesso,ignota,celibi,F,48
Provincia di Tripoli,complesso,ignota,coniugati,MF,80
Provincia di Tripoli,complesso,ignota,coniugati,M,38
Provincia di Tripoli,complesso,ignota,coniugati,F,42
Provincia di Tripoli,complesso,ignota,vedovi,MF,22
Provincia di Tripoli,complesso,ignota,vedovi,M,5
Provincia di Tripoli,complesso,ignota,vedovi,F,17
Provincia di Tripoli,complesso,ignota,divorziati,MF,1
Provincia di Tripoli,complesso,ignota,divorziati,M,0
Provincia di Tripoli,complesso,ignota,divorziati,F,1
Provincia di Tripoli,complesso,ignota,ignoto,MF,3
Provincia di Tripoli,complesso,ignota,ignoto,M,2
Provincia di Tripoli,complesso,ignota,ignoto,F,1
Provincia di Tripoli,complesso,Totale,all,MF,351774
Provincia di Tripoli,complesso,Totale,all,M,182265
Provincia di Tripoli,complesso,Totale,all,F,169509
Provincia di Tripoli,complesso,Totale,celibi,MF,180397
Provincia di Tripoli,complesso,Totale,celibi,M,103150
Provincia di Tripoli,complesso,Totale,celibi,F,77247
Provincia di Tripoli,complesso,Totale,coniugati,MF,150962
Provincia di Tripoli,complesso,Totale,coniugati,M,74309
Provincia di Tripoli,complesso,Totale,coniugati,F,76653
Provincia di Tripoli,complesso,Totale,vedovi,MF,18600
Provincia di Tripoli,complesso,Totale,vedovi,M,4024
Provincia di Tripoli,complesso,Totale,vedovi,F,14576
Provincia di Tripoli,complesso,Totale,divorziati,MF,1796
Provincia di Tripoli,complesso,Totale,divorziati,M,772
Provincia di Tripoli,complesso,Totale,divorziati,F,1024
Provincia di Tripoli,complesso,Totale,ignoto,MF,19
Provincia di Tripoli,complesso,Totale,ignoto,M,10
Provincia di Tripoli,complesso,Totale,ignoto,F,9
di cui municipio di Tripoli,complesso,0-4,all,MF,9175
di cui municipio di Tripoli,complesso,0-4,all,M,4497
di cui municipio di Tripoli,complesso,0-4,all,F,4678
di cui municipio di Tripoli,complesso,0-4,celibi,MF,9175
di cui municipio di Tripoli,complesso,0-4,celibi,M,4497
di cui municipio di Tripoli,complesso,0-4,celibi,F,4678
di cui municipio di Tripoli,complesso,0-4,coniugati,MF,0
di cui municipio di Tripoli,complesso,0-4,coniugati,M,0
di cui municipio di Tripoli,complesso,0-4,coniugati,F,0
di cui municipio di Tripoli,complesso,0-4,vedovi,MF,0
di cui municipio di Tripoli,complesso,0-4,vedovi,M,0
di cui municipio di Tripoli,complesso,0-4,vedovi,F,0
di cui municipio di Tripoli,complesso,0-4,divorziati,MF,0
di cui municipio di Tripoli,complesso,0-4,divorziati,M,0
di cui municipio di Tripoli,complesso,0-4,divorziati,F,0
di cui municipio di Tripoli,complesso,0-4,ignoto,MF,0
di cui municipio di Tripoli,complesso,0-4,ignoto,M,0
di cui municipio di Tripoli,complesso,0-4,ignoto,F,0
di cui municipio di Tripoli,complesso,5-9,all,MF,8997
di cui municipio di Tripoli,complesso,5-9,all,M,4561
di cui municipio di Tripoli,complesso,5-9,all,F,4436
di cui municipio di Tripoli,complesso,5-9,celibi,MF,8997
di cui municipio di Tripoli,complesso,5-9,celibi,M,4561
di cui municipio di Tripoli,complesso,5-9,celibi,F,4436
di cui municipio di Tripoli,complesso,5-9,coniugati,MF,0
di cui municipio di Tripoli,complesso,5-9,coniugati,M,0
di cui municipio di Tripoli,complesso,5-9,coniugati,F,0
di cui municipio di Tripoli,complesso,5-9,vedovi,MF,0
di cui municipio di Tripoli,complesso,5-9,vedovi,M,0
di cui municipio di Tripoli,complesso,5-9,vedovi,F,0
di cui municipio di Tripoli,complesso,5-9,divorziati,MF,0
di cui municipio di Tripoli,complesso,5-9,divorziati,M,0
di cui municipio di Tripoli,complesso,5-9,divorziati,F,0
di cui municipio di Tripoli,complesso,5-9,ignoto,MF,0
di cui municipio di Tripoli,complesso,5-9,ignoto,M,0
di cui municipio di Tripoli,complesso,5-9,ignoto,F,0
di cui municipio di Tripoli,complesso,10-14,all,MF,7491
di cui municipio di Tripoli,complesso,10-14,all,M,3993
di cui municipio di Tripoli,complesso,10-14,all,F,3498
di cui municipio di Tripoli,complesso,10-14,celibi,MF,7455
di cui municipio di Tripoli,complesso,10-14,celibi,M,3989
di cui municipio di Tripoli,complesso,10-14,celibi,F,3466
di cui municipio di Tripoli,complesso,10-14,coniugati,MF,35
di cui municipio di Tripoli,complesso,10-14,coniugati,M,4
di cui municipio di Tripoli,complesso,10-14,coniugati,F,31
di cui municipio di Tripoli,complesso,10-14,vedovi,MF,0
di cui municipio di Tripoli,complesso,10-14,vedovi,M,0
di cui municipio di Tripoli,complesso,10-14,vedovi,F,0
di cui municipio di Tripoli,complesso,10-14,divorziati,MF,1
di cui municipio di Tripoli,complesso,10-14,divorziati,M,0
di cui municipio di Tripoli,complesso,10-14,divorziati,F,1
di cui municipio di Tripoli,complesso,10-14,ignoto,MF,0
di cui municipio di Tripoli,complesso,10-14,ignoto,M,0
di cui municipio di Tripoli,complesso,10-14,ignoto,F,0
di cui municipio di Tripoli,complesso,15-19,all,MF,5118
di cui municipio di Tripoli,complesso,15-19,all,M,2514
di cui municipio di Tripoli,complesso,15-19,all,F,2604
di cui municipio di Tripoli,complesso,15-19,celibi,MF,4195
di cui municipio di Tripoli,complesso,15-19,celibi,M,2456
di cui municipio di Tripoli,complesso,15-19,celibi,F,1739
di cui municipio di Tripoli,complesso,15-19,coniugati,MF,884
di cui municipio di Tripoli,complesso,15-19,coniugati,M,54
di cui municipio di Tripoli,complesso,15-19,coniugati,F,830
di cui municipio di Tripoli,complesso,15-19,vedovi,MF,4
di cui municipio di Tripoli,complesso,15-19,vedovi,M,1
di cui municipio di Tripoli,complesso,15-19,vedovi,F,3
di cui municipio di Tripoli,complesso,15-19,divorziati,MF,35
di cui municipio di Tripoli,complesso,15-19,divorziati,M,3
di cui municipio di Tripoli,complesso,15-19,divorziati,F,32
di cui municipio di Tripoli,complesso,15-19,ignoto,MF,0
di cui municipio di Tripoli,complesso,15-19,ignoto,M,0
di cui municipio di Tripoli,complesso,15-19,ignoto,F,0
di cui municipio di Tripoli,complesso,20-24,all,MF,4088
di cui municipio di Tripoli,complesso,20-24,all,M,1905
di cui municipio di Tripoli,complesso,20-24,all,F,2183
di cui municipio di Tripoli,complesso,20-24,celibi,MF,1800
di cui municipio di Tripoli,complesso,20-24,celibi,M,1357
di cui municipio di Tripoli,complesso,20-24,celibi,F,443
di cui municipio di Tripoli,complesso,20-24,coniugati,MF,2205
di cui municipio di Tripoli,complesso,20-24,coniugati,M,525
di cui municipio di Tripoli,complesso,20-24,coniugati,F,1680
di cui municipio di Tripoli,complesso,20-24,vedovi,MF,24
di cui municipio di Tripoli,complesso,20-24,vedovi,M,6
di cui municipio di Tripoli,complesso,20-24,vedovi,F,18
di cui municipio di Tripoli,complesso,20-24,divorziati,MF,58
di cui municipio di Tripoli,complesso,20-24,divorziati,M,17
di cui municipio di Tripoli,complesso,20-24,divorziati,F,41
di cui municipio di Tripoli,complesso,20-24,ignoto,MF,1
di cui municipio di Tripoli,complesso,20-24,ignoto,M,0
di cui municipio di Tripoli,complesso,20-24,ignoto,F,1
di cui municipio di Tripoli,complesso,25-29,all,MF,4408
di cui municipio di Tripoli,complesso,25-29,all,M,2078
di cui municipio di Tripoli,complesso,25-29,all,F,2330
di cui municipio di Tripoli,complesso,25-29,celibi,MF,965
di cui municipio di Tripoli,complesso,25-29,celibi,M,792
di cui municipio di Tripoli,complesso,25-29,celibi,F,173
di cui municipio di Tripoli,complesso,25-29,coniugati,MF,3309
di cui municipio di Tripoli,complesso,25-29,coniugati,M,1243
di cui municipio di Tripoli,complesso,25-29,coniugati,F,2066
di cui municipio di Tripoli,complesso,25-29,vedovi,MF,46
di cui municipio di Tripoli,complesso,25-29,vedovi,M,13
di cui municipio di Tripoli,complesso,25-29,vedovi,F,33
di cui municipio di Tripoli,complesso,25-29,divorziati,MF,88
di cui municipio di Tripoli,complesso,25-29,divorziati,M,30
di cui municipio di Tripoli,complesso,25-29,divorziati,F,58
di cui municipio di Tripoli,complesso,25-29,ignoto,MF,0
di cui municipio di Tripoli,complesso,25-29,ignoto,M,0
di cui municipio di Tripoli,complesso,25-29,ignoto,F,0
di cui municipio di Tripoli,complesso,30-34,all,MF,4630
di cui municipio di Tripoli,complesso,30-34,all,M,2210
di cui municipio di Tripoli,complesso,30-34,all,F,2420
di cui municipio di Tripoli,complesso,30-34,celibi,MF,428
di cui municipio di Tripoli,complesso,30-34,celibi,M,359
di cui municipio di Tripoli,complesso,30-34,celibi,F,69
di cui municipio di Tripoli,complesso,30-34,coniugati,MF,3999
di cui municipio di Tripoli,complesso,30-34,coniugati,M,1784
di cui municipio di Tripoli,complesso,30-34,coniugati,F,2215
di cui municipio di Tripoli,complesso,30-34,vedovi,MF,99
di cui municipio di Tripoli,complesso,30-34,vedovi,M,20
di cui municipio di Tripoli,complesso,30-34,vedovi,F,79
di cui municipio di Tripoli,complesso,30-34,divorziati,MF,102
di cui municipio di Tripoli,complesso,30-34,divorziati,M,46
di cui municipio di Tripoli,complesso,30-34,divorziati,F,56
di cui municipio di Tripoli,complesso,30-34,ignoto,MF,2
di cui municipio di Tripoli,complesso,30-34,ignoto,M,1
di cui municipio di Tripoli,complesso,30-34,ignoto,F,1
di cui municipio di Tripoli,complesso,35-39,all,MF,4226
di cui municipio di Tripoli,complesso,35-39,all,M,2239
di cui municipio di Tripoli,complesso,35-39,all,F,1987
di cui municipio di Tripoli,complesso,35-39,celibi,MF,254
di cui municipio di Tripoli,complesso,35-39,celibi,M,223
di cui municipio di Tripoli,complesso,35-39,celibi,F,31
di cui municipio di Tripoli,complesso,35-39,coniugati,MF,3715
di cui municipio di Tripoli,complesso,35-39,coniugati,M,1943
di cui municipio di Tripoli,complesso,35-39,coniugati,F,1772
di cui municipio di Tripoli,complesso,35-39,vedovi,MF,159
di cui municipio di Tripoli,complesso,35-39,vedovi,M,31
di cui municipio di Tripoli,complesso,35-39,vedovi,F,128
di cui municipio di Tripoli,complesso,35-39,divorziati,MF,98
di cui municipio di Tripoli,complesso,35-39,divorziati,M,42
di cui municipio di Tripoli,complesso,35-39,divorziati,F,56
di cui municipio di Tripoli,complesso,35-39,ignoto,MF,0
di cui municipio di Tripoli,complesso,35-39,ignoto,M,0
di cui municipio di Tripoli,complesso,35-39,ignoto,F,0
di cui municipio di Tripoli,complesso,40-44,all,MF,4097
di cui municipio di Tripoli,complesso,40-44,all,M,2033
di cui municipio di Tripoli,complesso,40-44,all,F,2064
di cui municipio di Tripoli,complesso,40-44,celibi,MF,118
di cui municipio di Tripoli,complesso,40-44,celibi,M,103
di cui municipio di Tripoli,complesso,40-44,celibi,F,15
di cui municipio di Tripoli,complesso,40-44,coniugati,MF,3612
di cui municipio di Tripoli,complesso,40-44,coniugati,M,1843
di cui municipio di Tripoli,complesso,40-44,coniugati,F,1769
di cui municipio di Tripoli,complesso,40-44,vedovi,MF,248
di cui municipio di Tripoli,complesso,40-44,vedovi,M,39
di cui municipio di Tripoli,complesso,40-44,vedovi,F,209
di cui municipio di Tripoli,complesso,40-44,divorziati,MF,119
di cui municipio di Tripoli,complesso,40-44,divorziati,M,48
di cui municipio di Tripoli,complesso,40-44,divorziati,F,71
di cui municipio di Tripoli,complesso,40-44,ignoto,MF,0
di cui municipio di Tripoli,complesso,40-44,ignoto,M,0
di cui municipio di Tripoli,complesso,40-44,ignoto,F,0
di cui municipio di Tripoli,complesso,45-49,all,MF,2793
di cui municipio di Tripoli,complesso,45-49,all,M,1514
di cui municipio di Tripoli,complesso,45-49,all,F,1279
di cui municipio di Tripoli,complesso,45-49,celibi,MF,73
di cui municipio di Tripoli,complesso,45-49,celibi,M,64
di cui municipio di Tripoli,complesso,45-49,celibi,F,9
di cui municipio di Tripoli,complesso,45-49,coniugati,MF,2340
di cui municipio di Tripoli,complesso,45-49,coniugati,M,1369
di cui municipio di Tripoli,complesso,45-49,coniugati,F,971
di cui municipio di Tripoli,complesso,45-49,vedovi,MF,286
di cui municipio di Tripoli,complesso,45-49,vedovi,M,41
di cui municipio di Tripoli,complesso,45-49,vedovi,F,245
di cui municipio di Tripoli,complesso,45-49,divorziati,MF,94
di cui municipio di Tripoli,complesso,45-49,divorziati,M,40
di cui municipio di Tripoli,complesso,45-49,divorziati,F,54
di cui municipio di Tripoli,complesso,45-49,ignoto,MF,0
di cui municipio di Tripoli,complesso,45-49,ignoto,M,0
di cui municipio di Tripoli,complesso,45-49,ignoto,F,0
di cui municipio di Tripoli,complesso,50-54,all,MF,3017
di cui municipio di Tripoli,complesso,50-54,all,M,1565
di cui municipio di Tripoli,complesso,50-54,all,F,1452
di cui municipio di Tripoli,complesso,50-54,celibi,MF,52
di cui municipio di Tripoli,complesso,50-54,celibi,M,47
di cui municipio di Tripoli,complesso,50-54,celibi,F,5
di cui municipio di Tripoli,complesso,50-54,coniugati,MF,2373
di cui municipio di Tripoli,complesso,50-54,coniugati,M,1435
di cui municipio di Tripoli,complesso,50-54,coniugati,F,938
di cui municipio di Tripoli,complesso,50-54,vedovi,MF,487
di cui municipio di Tripoli,complesso,50-54,vedovi,M,49
di cui municipio di Tripoli,complesso,50-54,vedovi,F,438
di cui municipio di Tripoli,complesso,50-54,divorziati,MF,104
di cui municipio di Tripoli,complesso,50-54,divorziati,M,34
di cui municipio di Tripoli,complesso,50-54,divorziati,F,70
di cui municipio di Tripoli,complesso,50-54,ignoto,MF,1
di cui municipio di Tripoli,complesso,50-54,ignoto,M,0
di cui municipio di Tripoli,complesso,50-54,ignoto,F,1
di cui municipio di Tripoli,complesso,55-59,all,MF,1654
di cui municipio di Tripoli,complesso,55-59,all,M,931
di cui municipio di Tripoli,complesso,55-59,all,F,723
di cui municipio di Tripoli,complesso,55-59,celibi,MF,38
di cui municipio di Tripoli,complesso,55-59,celibi,M,26
di cui municipio di Tripoli,complesso,55-59,celibi,F,12
di cui municipio di Tripoli,complesso,55-59,coniugati,MF,1239
di cui municipio di Tripoli,complesso,55-59,coniugati,M,842
di cui municipio di Tripoli,complesso,55-59,coniugati,F,397
di cui municipio di Tripoli,complesso,55-59,vedovi,MF,324
di cui municipio di Tripoli,complesso,55-59,vedovi,M,42
di cui municipio di Tripoli,complesso,55-59,vedovi,F,282
di cui municipio di Tripoli,complesso,55-59,divorziati,MF,52
di cui municipio di Tripoli,complesso,55-59,divorziati,M,21
di cui municipio di Tripoli,complesso,55-59,divorziati,F,31
di cui municipio di Tripoli,complesso,55-59,ignoto,MF,1
di cui municipio di Tripoli,complesso,55-59,ignoto,M,0
di cui municipio di Tripoli,complesso,55-59,ignoto,F,1
di cui municipio di Tripoli,complesso,60-64,all,MF,1864
di cui municipio di Tripoli,complesso,60-64,all,M,1004
di cui municipio di Tripoli,complesso,60-64,all,F,860
di cui municipio di Tripoli,complesso,60-64,celibi,MF,22
di cui municipio di Tripoli,complesso,60-64,celibi,M,19
di cui municipio di Tripoli,complesso,60-64,celibi,F,3
di cui municipio di Tripoli,complesso,60-64,coniugati,MF,1274
di cui municipio di Tripoli,complesso,60-64,coniugati,M,916
di cui municipio di Tripoli,complesso,60-64,coniugati,F,358
di cui municipio di Tripoli,complesso,60-64,vedovi,MF,494
di cui municipio di Tripoli,complesso,60-64,vedovi,M,44
di cui municipio di Tripoli,complesso,60-64,vedovi,F,450
di cui municipio di Tripoli,complesso,60-64,divorziati,MF,74
di cui municipio di Tripoli,complesso,60-64,divorziati,M,25
di cui municipio di Tripoli,complesso,60-64,divorziati,F,49
di cui municipio di Tripoli,complesso,60-64,ignoto,MF,0
di cui municipio di Tripoli,complesso,60-64,ignoto,M,0
di cui municipio di Tripoli,complesso,60-64,ignoto,F,0
di cui municipio di Tripoli,complesso,65-69,all,MF,1040
di cui municipio di Tripoli,complesso,65-69,all,M,570
di cui municipio di Tripoli,complesso,65-69,all,F,470
di cui municipio di Tripoli,complesso,65-69,celibi,MF,15
di cui municipio di Tripoli,complesso,65-69,celibi,M,11
di cui municipio di Tripoli,complesso,65-69,celibi,F,4
di cui municipio di Tripoli,complesso,65-69,coniugati,MF,623
di cui municipio di Tripoli,complesso,65-69,coniugati,M,500
di cui municipio di Tripoli,complesso,65-69,coniugati,F,123
di cui municipio di Tripoli,complesso,65-69,vedovi,MF,359
di cui municipio di Tripoli,complesso,65-69,vedovi,M,38
di cui municipio di Tripoli,complesso,65-69,vedovi,F,321
di cui municipio di Tripoli,complesso,65-69,divorziati,MF,42
di cui municipio di Tripoli,complesso,65-69,divorziati,M,20
di cui municipio di Tripoli,complesso,65-69,divorziati,F,22
di cui municipio di Tripoli,complesso,65-69,ignoto,MF,1
di cui municipio di Tripoli,complesso,65-69,ignoto,M,1
di cui municipio di Tripoli,complesso,65-69,ignoto,F,0
di cui municipio di Tripoli,complesso,70-79,all,MF,1544
di cui municipio di Tripoli,complesso,70-79,all,M,782
di cui municipio di Tripoli,complesso,70-79,all,F,762
di cui municipio di Tripoli,complesso,70-79,celibi,MF,12
di cui municipio di Tripoli,complesso,70-79,celibi,M,10
di cui municipio di Tripoli,complesso,70-79,celibi,F,2
di cui municipio di Tripoli,complesso,70-79,coniugati,MF,799
di cui municipio di Tripoli,complesso,70-79,coniugati,M,645
di cui municipio di Tripoli,complesso,70-79,coniugati,F,154
di cui municipio di Tripoli,complesso,70-79,vedovi,MF,689
di cui municipio di Tripoli,complesso,70-79,vedovi,M,109
di cui municipio di Tripoli,complesso,70-79,vedovi,F,580
di cui municipio di Tripoli,complesso,70-79,divorziati,MF,44
di cui municipio di Tripoli,complesso,70-79,divorziati,M,18
di cui municipio di Tripoli,complesso,70-79,divorziati,F,26
di cui municipio di Tripoli,complesso,70-79,ignoto,MF,0
di cui municipio di Tripoli,complesso,70-79,ignoto,M,0
di cui municipio di Tripoli,complesso,70-79,ignoto,F,0
di cui municipio di Tripoli,complesso,80-89,all,MF,533
di cui municipio di Tripoli,complesso,80-89,all,M,232
di cui municipio di Tripoli,complesso,80-89,all,F,301
di cui municipio di Tripoli,complesso,80-89,celibi,MF,6
di cui municipio di Tripoli,complesso,80-89,celibi,M,4
di cui municipio di Tripoli,complesso,80-89,celibi,F,2
di cui municipio di Tripoli,complesso,80-89,coniugati,MF,193
di cui municipio di Tripoli,complesso,80-89,coniugati,M,159
di cui municipio di Tripoli,complesso,80-89,coniugati,F,34
di cui municipio di Tripoli,complesso,80-89,vedovi,MF,315
di cui municipio di Tripoli,complesso,80-89,vedovi,M,58
di cui municipio di Tripoli,complesso,80-89,vedovi,F,257
di cui municipio di Tripoli,complesso,80-89,divorziati,MF,18
di cui municipio di Tripoli,complesso,80-89,divorziati,M,10
di cui municipio di Tripoli,complesso,80-89,divorziati,F,8
di cui municipio di Tripoli,complesso,80-89,ignoto,MF,1
di cui municipio di Tripoli,complesso,80-89,ignoto,M,1
di cui municipio di Tripoli,complesso,80-89,ignoto,F,0
di cui municipio di Tripoli,complesso,90+,all,MF,167
di cui municipio di Tripoli,complesso,90+,all,M,71
di cui municipio di Tripoli,complesso,90+,all,F,96
di cui municipio di Tripoli,complesso,90+,celibi,MF,1
di cui municipio di Tripoli,complesso,90+,celibi,M,0
di cui municipio di Tripoli,complesso,90+,celibi,F,1
di cui municipio di Tripoli,complesso,90+,coniugati,MF,44
di cui municipio di Tripoli,complesso,90+,coniugati,M,42
di cui municipio di Tripoli,complesso,90+,coniugati,F,2
di cui municipio di Tripoli,complesso,90+,vedovi,MF,118
di cui municipio di Tripoli,complesso,90+,vedovi,M,27
di cui municipio di Tripoli,complesso,90+,vedovi,F,91
di cui municipio di Tripoli,complesso,90+,divorziati,MF,3
di cui municipio di Tripoli,complesso,90+,divorziati,M,1
di cui municipio di Tripoli,complesso,90+,divorziati,F,2
di cui municipio di Tripoli,complesso,90+,ignoto,MF,1
di cui municipio di Tripoli,complesso,90+,ignoto,M,1
di cui municipio di Tripoli,complesso,90+,ignoto,F,0
di cui municipio di Tripoli,complesso,ignota,all,MF,114
di cui municipio di Tripoli,complesso,ignota,all,M,56
di cui municipio di Tripoli,complesso,ignota,all,F,58
di cui municipio di Tripoli,complesso,ignota,celibi,MF,65
di cui municipio di Tripoli,complesso,ignota,celibi,M,35
di cui municipio di Tripoli,complesso,ignota,celibi,F,30
di cui municipio di Tripoli,complesso,ignota,coniugati,MF,40
di cui municipio di Tripoli,complesso,ignota,coniugati,M,19
di cui municipio di Tripoli,complesso,ignota,coniugati,F,21
di cui municipio di Tripoli,complesso,ignota,vedovi,MF,9
di cui municipio di Tripoli,complesso,ignota,vedovi,M,2
di cui municipio di Tripoli,complesso,ignota,vedovi,F,7
di cui municipio di Tripoli,complesso,ignota,divorziati,MF,0
di cui municipio di Tripoli,complesso,ignota,divorziati,M,0
di cui municipio di Tripoli,complesso,ignota,divorziati,F,0
di cui municipio di Tripoli,complesso,ignota,ignoto,MF,0
di cui municipio di Tripoli,complesso,ignota,ignoto,M,0
di cui municipio di Tripoli,complesso,ignota,ignoto,F,0
di cui municipio di Tripoli,complesso,Totale,all,MF,64956
di cui municipio di Tripoli,complesso,Totale,all,M,32755
di cui municipio di Tripoli,complesso,Totale,all,F,32201
di cui municipio di Tripoli,complesso,Totale,celibi,MF,33671
di cui municipio di Tripoli,complesso,Totale,celibi,M,18553
di cui municipio di Tripoli,complesso,Totale,celibi,F,15118
di cui municipio di Tripoli,complesso,Totale,coniugati,MF,26684
di cui municipio di Tripoli,complesso,Totale,coniugati,M,13323
di cui municipio di Tripoli,complesso,Totale,coniugati,F,13361
di cui municipio di Tripoli,complesso,Totale,vedovi,MF,3661
di cui municipio di Tripoli,complesso,Totale,vedovi,M,520
di cui municipio di Tripoli,complesso,Totale,vedovi,F,3141
di cui municipio di Tripoli,complesso,Totale,divorziati,MF,932
di cui municipio di Tripoli,complesso,Totale,divorziati,M,355
di cui municipio di Tripoli,complesso,Totale,divorziati,F,577
di cui municipio di Tripoli,complesso,Totale,ignoto,MF,8
di cui municipio di Tripoli,complesso,Totale,ignoto,M,4
di cui municipio di Tripoli,complesso,Totale,ignoto,F,4
Provincia di Tripoli,mussulmani,0-4,all,MF,51362
Provincia di Tripoli,mussulmani,0-4,all,M,25638
Provincia di Tripoli,mussulmani,0-4,all,F,25724
Provincia di Tripoli,mussulmani,0-4,celibi,MF,51362
Provincia di Tripoli,mussulmani,0-4,celibi,M,25638
Provincia di Tripoli,mussulmani,0-4,celibi,F,25724
Provincia di Tripoli,mussulmani,0-4,coniugati,MF,0
Provincia di Tripoli,mussulmani,0-4,coniugati,M,0
Provincia di Tripoli,mussulmani,0-4,coniugati,F,0
Provincia di Tripoli,mussulmani,0-4,vedovi,MF,0
Provincia di Tripoli,mussulmani,0-4,vedovi,M,0
Provincia di Tripoli,mussulmani,0-4,vedovi,F,0
Provincia di Tripoli,mussulmani,0-4,divorziati,MF,0
Provincia di Tripoli,mussulmani,0-4,divorziati,M,0
Provincia di Tripoli,mussulmani,0-4,divorziati,F,0
Provincia di Tripoli,mussulmani,0-4,ignoto,MF,0
Provincia di Tripoli,mussulmani,0-4,ignoto,M,0
Provincia di Tripoli,mussulmani,0-4,ignoto,F,0
Provincia di Tripoli,mussulmani,5-9,all,MF,53080
Provincia di Tripoli,mussulmani,5-9,all,M,28041
Provincia di Tripoli,mussulmani,5-9,all,F,25039
Provincia di Tripoli,mussulmani,5-9,celibi,MF,53080
Provincia di Tripoli,mussulmani,5-9,celibi,M,28041
Provincia di Tripoli,mussulmani,5-9,celibi,F,25039
Provincia di Tripoli,mussulmani,5-9,coniugati,MF,0
Provincia di Tripoli,mussulmani,5-9,coniugati,M,0
Provincia di Tripoli,mussulmani,5-9,coniugati,F,0
Provincia di Tripoli,mussulmani,5-9,vedovi,MF,0
Provincia di Tripoli,mussulmani,5-9,vedovi,M,0
Provincia di Tripoli,mussulmani,5-9,vedovi,F,0
Provincia di Tripoli,mussulmani,5-9,divorziati,MF,0
Provincia di Tripoli,mussulmani,5-9,divorziati,M,0
Provincia di Tripoli,mussulmani,5-9,divorziati,F,0
Provincia di Tripoli,mussulmani,5-9,ignoto,MF,0
Provincia di Tripoli,mussulmani,5-9,ignoto,M,0
Provincia di Tripoli,mussulmani,5-9,ignoto,F,0
Provincia di Tripoli,mussulmani,10-14,all,MF,35871
Provincia di Tripoli,mussulmani,10-14,all,M,20577
Provincia di Tripoli,mussulmani,10-14,all,F,15294
Provincia di Tripoli,mussulmani,10-14,celibi,MF,35730
Provincia di Tripoli,mussulmani,10-14,celibi,M,20556
Provincia di Tripoli,mussulmani,10-14,celibi,F,15174
Provincia di Tripoli,mussulmani,10-14,coniugati,MF,137
Provincia di Tripoli,mussulmani,10-14,coniugati,M,19
Provincia di Tripoli,mussulmani,10-14,coniugati,F,118
Provincia di Tripoli,mussulmani,10-14,vedovi,MF,2
Provincia di Tripoli,mussulmani,10-14,vedovi,M,2
Provincia di Tripoli,mussulmani,10-14,vedovi,F,0
Provincia di Tripoli,mussulmani,10-14,divorziati,MF,2
Provincia di Tripoli,mussulmani,10-14,divorziati,M,0
Provincia di Tripoli,mussulmani,10-14,divorziati,F,2
Provincia di Tripoli,mussulmani,10-14,ignoto,MF,0
Provincia di Tripoli,mussulmani,10-14,ignoto,M,0
Provincia di Tripoli,mussulmani,10-14,ignoto,F,0
Provincia di Tripoli,mussulmani,15-19,all,MF,18020
Provincia di Tripoli,mussulmani,15-19,all,M,9815
Provincia di Tripoli,mussulmani,15-19,all,F,8205
Provincia di Tripoli,mussulmani,15-19,celibi,MF,13914
Provincia di Tripoli,mussulmani,15-19,celibi,M,9509
Provincia di Tripoli,mussulmani,15-19,celibi,F,4405
Provincia di Tripoli,mussulmani,15-19,coniugati,MF,3977
Provincia di Tripoli,mussulmani,15-19,coniugati,M,286
Provincia di Tripoli,mussulmani,15-19,coniugati,F,3691
Provincia di Tripoli,mussulmani,15-19,vedovi,MF,62
Provincia di Tripoli,mussulmani,15-19,vedovi,M,15
Provincia di Tripoli,mussulmani,15-19,vedovi,F,47
Provincia di Tripoli,mussulmani,15-19,divorziati,MF,66
Provincia di Tripoli,mussulmani,15-19,divorziati,M,4
Provincia di Tripoli,mussulmani,15-19,divorziati,F,62
Provincia di Tripoli,mussulmani,15-19,ignoto,MF,1
Provincia di Tripoli,mussulmani,15-19,ignoto,M,1
Provincia di Tripoli,mussulmani,15-19,ignoto,F,0
Provincia di Tripoli,mussulmani,20-24,all,MF,17387
Provincia di Tripoli,mussulmani,20-24,all,M,8199
Provincia di Tripoli,mussulmani,20-24,all,F,9188
Provincia di Tripoli,mussulmani,20-24,celibi,MF,6508
Provincia di Tripoli,mussulmani,20-24,celibi,M,5976
Provincia di Tripoli,mussulmani,20-24,celibi,F,532
Provincia di Tripoli,mussulmani,20-24,coniugati,MF,10556
Provincia di Tripoli,mussulmani,20-24,coniugati,M,2129
Provincia di Tripoli,mussulmani,20-24,coniugati,F,8427
Provincia di Tripoli,mussulmani,20-24,vedovi,MF,201
Provincia di Tripoli,mussulmani,20-24,vedovi,M,59
Provincia di Tripoli,mussulmani,20-24,vedovi,F,142
Provincia di Tripoli,mussulmani,20-24,divorziati,MF,121
Provincia di Tripoli,mussulmani,20-24,divorziati,M,35
Provincia di Tripoli,mussulmani,20-24,divorziati,F,86
Provincia di Tripoli,mussulmani,20-24,ignoto,MF,1
Provincia di Tripoli,mussulmani,20-24,ignoto,M,0
Provincia di Tripoli,mussulmani,20-24,ignoto,F,1
Provincia di Tripoli,mussulmani,25-29,all,MF,21722
Provincia di Tripoli,mussulmani,25-29,all,M,10578
Provincia di Tripoli,mussulmani,25-29,all,F,11144
Provincia di Tripoli,mussulmani,25-29,celibi,MF,4278
Provincia di Tripoli,mussulmani,25-29,celibi,M,4051
Provincia di Tripoli,mussulmani,25-29,celibi,F,227
Provincia di Tripoli,mussulmani,25-29,coniugati,MF,16874
Provincia di Tripoli,mussulmani,25-29,coniugati,M,6227
Provincia di Tripoli,mussulmani,25-29,coniugati,F,10647
Provincia di Tripoli,mussulmani,25-29,vedovi,MF,397
Provincia di Tripoli,mussulmani,25-29,vedovi,M,222
Provincia di Tripoli,mussulmani,25-29,vedovi,F,175
Provincia di Tripoli,mussulmani,25-29,divorziati,MF,171
Provincia di Tripoli,mussulmani,25-29,divorziati,M,76
Provincia di Tripoli,mussulmani,25-29,divorziati,F,95
Provincia di Tripoli,mussulmani,25-29,ignoto,MF,2
Provincia di Tripoli,mussulmani,25-29,ignoto,M,2
Provincia di Tripoli,mussulmani,25-29,ignoto,F,0
Provincia di Tripoli,mussulmani,30-34,all,MF,22711
Provincia di Tripoli,mussulmani,30-34,all,M,10462
Provincia di Tripoli,mussulmani,30-34,all,F,12249
Provincia di Tripoli,mussulmani,30-34,celibi,MF,1593
Provincia di Tripoli,mussulmani,30-34,celibi,M,1481
Provincia di Tripoli,mussulmani,30-34,celibi,F,112
Provincia di Tripoli,mussulmani,30-34,coniugati,MF,20360
Provincia di Tripoli,mussulmani,30-34,coniugati,M,8534
Provincia di Tripoli,mussulmani,30-34,coniugati,F,11826
Provincia di Tripoli,mussulmani,30-34,vedovi,MF,558
Provincia di Tripoli,mussulmani,30-34,vedovi,M,330
Provincia di Tripoli,mussulmani,30-34,vedovi,F,228
Provincia di Tripoli,mussulmani,30-34,divorziati,MF,197
Provincia di Tripoli,mussulmani,30-34,divorziati,M,115
Provincia di Tripoli,mussulmani,30-34,divorziati,F,82
Provincia di Tripoli,mussulmani,30-34,ignoto,MF,3
Provincia di Tripoli,mussulmani,30-34,ignoto,M,2
Provincia di Tripoli,mussulmani,30-34,ignoto,F,1
Provincia di Tripoli,mussulmani,35-39,all,MF,21440
Provincia di Tripoli,mussulmani,35-39,all,M,11586
Provincia di Tripoli,mussulmani,35-39,all,F,9854
Provincia di Tripoli,mussulmani,35-39,celibi,MF,791
Provincia di Tripoli,mussulmani,35-39,celibi,M,724
Provincia di Tripoli,mussulmani,35-39,celibi,F,67
Provincia di Tripoli,mussulmani,35-39,coniugati,MF,19744
Provincia di Tripoli,mussulmani,35-39,coniugati,M,10347
Provincia di Tripoli,mussulmani,35-39,coniugati,F,9397
Provincia di Tripoli,mussulmani,35-39,vedovi,MF,727
Provincia di Tripoli,mussulmani,35-39,vedovi,M,417
Provincia di Tripoli,mussulmani,35-39,vedovi,F,310
Provincia di Tripoli,mussulmani,35-39,divorziati,MF,178
Provincia di Tripoli,mussulmani,35-39,divorziati,M,98
Provincia di Tripoli,mussulmani,35-39,divorziati,F,80
Provincia di Tripoli,mussulmani,35-39,ignoto,MF,0
Provincia di Tripoli,mussulmani,35-39,ignoto,M,0
Provincia di Tripoli,mussulmani,35-39,ignoto,F,0
Provincia di Tripoli,mussulmani,40-44,all,MF,20606
Provincia di Tripoli,mussulmani,40-44,all,M,9663
Provincia di Tripoli,mussulmani,40-44,all,F,10943
Provincia di Tripoli,mussulmani,40-44,celibi,MF,319
Provincia di Tripoli,mussulmani,40-44,celibi,M,270
Provincia di Tripoli,mussulmani,40-44,celibi,F,49
Provincia di Tripoli,mussulmani,40-44,coniugati,MF,19079
Provincia di Tripoli,mussulmani,40-44,coniugati,M,8936
Provincia di Tripoli,mussulmani,40-44,coniugati,F,10143
Provincia di Tripoli,mussulmani,40-44,vedovi,MF,1014
Provincia di Tripoli,mussulmani,40-44,vedovi,M,368
Provincia di Tripoli,mussulmani,40-44,vedovi,F,646
Provincia di Tripoli,mussulmani,40-44,divorziati,MF,194
Provincia di Tripoli,mussulmani,40-44,divorziati,M,89
Provincia di Tripoli,mussulmani,40-44,divorziati,F,105
Provincia di Tripoli,mussulmani,40-44,ignoto,MF,0
Provincia di Tripoli,mussulmani,40-44,ignoto,M,0
Provincia di Tripoli,mussulmani,40-44,ignoto,F,0
Provincia di Tripoli,mussulmani,45-49,all,MF,14437
Provincia di Tripoli,mussulmani,45-49,all,M,8065
Provincia di Tripoli,mussulmani,45-49,all,F,6372
Provincia di Tripoli,mussulmani,45-49,celibi,MF,196
Provincia di Tripoli,mussulmani,45-49,celibi,M,172
Provincia di Tripoli,mussulmani,45-49,celibi,F,24
Provincia di Tripoli,mussulmani,45-49,coniugati,MF,13079
Provincia di Tripoli,mussulmani,45-49,coniugati,M,7495
Provincia di Tripoli,mussulmani,45-49,coniugati,F,5584
Provincia di Tripoli,mussulmani,45-49,vedovi,MF,994
Provincia di Tripoli,mussulmani,45-49,vedovi,M,318
Provincia di Tripoli,mussulmani,45-49,vedovi,F,676
Provincia di Tripoli,mussulmani,45-49,divorziati,MF,168
Provincia di Tripoli,mussulmani,45-49,divorziati,M,80
Provincia di Tripoli,mussulmani,45-49,divorziati,F,88
Provincia di Tripoli,mussulmani,45-49,ignoto,MF,0
Provincia di Tripoli,mussulmani,45-49,ignoto,M,0
Provincia di Tripoli,mussulmani,45-49,ignoto,F,0
Provincia di Tripoli,mussulmani,50-54,all,MF,15974
Provincia di Tripoli,mussulmani,50-54,all,M,8068
Provincia di Tripoli,mussulmani,50-54,all,F,7906
Provincia di Tripoli,mussulmani,50-54,celibi,MF,161
Provincia di Tripoli,mussulmani,50-54,celibi,M,133
Provincia di Tripoli,mussulmani,50-54,celibi,F,28
Provincia di Tripoli,mussulmani,50-54,coniugati,MF,13619
Provincia di Tripoli,mussulmani,50-54,coniugati,M,7511
Provincia di Tripoli,mussulmani,50-54,coniugati,F,6108
Provincia di Tripoli,mussulmani,50-54,vedovi,MF,1999
Provincia di Tripoli,mussulmani,50-54,vedovi,M,348
Provincia di Tripoli,mussulmani,50-54,vedovi,F,1651
Provincia di Tripoli,mussulmani,50-54,divorziati,MF,192
Provincia di Tripoli,mussulmani,50-54,divorziati,M,76
Provincia di Tripoli,mussulmani,50-54,divorziati,F,116
Provincia di Tripoli,mussulmani,50-54,ignoto,MF,3
Provincia di Tripoli,mussulmani,50-54,ignoto,M,0
Provincia di Tripoli,mussulmani,50-54,ignoto,F,3
Provincia di Tripoli,mussulmani,55-59,all,MF,8863
Provincia di Tripoli,mussulmani,55-59,all,M,5375
Provincia di Tripoli,mussulmani,55-59,all,F,3488
Provincia di Tripoli,mussulmani,55-59,celibi,MF,88
Provincia di Tripoli,mussulmani,55-59,celibi,M,64
Provincia di Tripoli,mussulmani,55-59,celibi,F,24
Provincia di Tripoli,mussulmani,55-59,coniugati,MF,7340
Provincia di Tripoli,mussulmani,55-59,coniugati,M,5020
Provincia di Tripoli,mussulmani,55-59,coniugati,F,2320
Provincia di Tripoli,mussulmani,55-59,vedovi,MF,1342
Provincia di Tripoli,mussulmani,55-59,vedovi,M,251
Provincia di Tripoli,mussulmani,55-59,vedovi,F,1091
Provincia di Tripoli,mussulmani,55-59,divorziati,MF,92
Provincia di Tripoli,mussulmani,55-59,divorziati,M,40
Provincia di Tripoli,mussulmani,55-59,divorziati,F,52
Provincia di Tripoli,mussulmani,55-59,ignoto,MF,1
Provincia di Tripoli,mussulmani,55-59,ignoto,M,0
Provincia di Tripoli,mussulmani,55-59,ignoto,F,1
Provincia di Tripoli,mussulmani,60-64,all,MF,10667
Provincia di Tripoli,mussulmani,60-64,all,M,5631
Provincia di Tripoli,mussulmani,60-64,all,F,5036
Provincia di Tripoli,mussulmani,60-64,celibi,MF,66
Provincia di Tripoli,mussulmani,60-64,celibi,M,45
Provincia di Tripoli,mussulmani,60-64,celibi,F,21
Provincia di Tripoli,mussulmani,60-64,coniugati,MF,7748
Provincia di Tripoli,mussulmani,60-64,coniugati,M,5212
Provincia di Tripoli,mussulmani,60-64,coniugati,F,2536
Provincia di Tripoli,mussulmani,60-64,vedovi,MF,2721
Provincia di Tripoli,mussulmani,60-64,vedovi,M,330
Provincia di Tripoli,mussulmani,60-64,vedovi,F,2391
Provincia di Tripoli,mussulmani,60-64,divorziati,MF,132
Provincia di Tripoli,mussulmani,60-64,divorziati,M,44
Provincia di Tripoli,mussulmani,60-64,divorziati,F,88
Provincia di Tripoli,mussulmani,60-64,ignoto,MF,0
Provincia di Tripoli,mussulmani,60-64,ignoto,M,0
Provincia di Tripoli,mussulmani,60-64,ignoto,F,0
Provincia di Tripoli,mussulmani,65-69,all,MF,5130
Provincia di Tripoli,mussulmani,65-69,all,M,3010
Provincia di Tripoli,mussulmani,65-69,all,F,2120
Provincia di Tripoli,mussulmani,65-69,celibi,MF,43
Provincia di Tripoli,mussulmani,65-69,celibi,M,30
Provincia di Tripoli,mussulmani,65-69,celibi,F,13
Provincia di Tripoli,mussulmani,65-69,coniugati,MF,3536
Provincia di Tripoli,mussulmani,65-69,coniugati,M,2749
Provincia di Tripoli,mussulmani,65-69,coniugati,F,787
Provincia di Tripoli,mussulmani,65-69,vedovi,MF,1472
Provincia di Tripoli,mussulmani,65-69,vedovi,M,195
Provincia di Tripoli,mussulmani,65-69,vedovi,F,1277
Provincia di Tripoli,mussulmani,65-69,divorziati,MF,78
Provincia di Tripoli,mussulmani,65-69,divorziati,M,35
Provincia di Tripoli,mussulmani,65-69,divorziati,F,43
Provincia di Tripoli,mussulmani,65-69,ignoto,MF,1
Provincia di Tripoli,mussulmani,65-69,ignoto,M,1
Provincia di Tripoli,mussulmani,65-69,ignoto,F,0
Provincia di Tripoli,mussulmani,70-79,all,MF,9111
Provincia di Tripoli,mussulmani,70-79,all,M,4827
Provincia di Tripoli,mussulmani,70-79,all,F,4284
Provincia di Tripoli,mussulmani,70-79,celibi,MF,72
Provincia di Tripoli,mussulmani,70-79,celibi,M,47
Provincia di Tripoli,mussulmani,70-79,celibi,F,25
Provincia di Tripoli,mussulmani,70-79,coniugati,MF,5167
Provincia di Tripoli,mussulmani,70-79,coniugati,M,4217
Provincia di Tripoli,mussulmani,70-79,coniugati,F,950
Provincia di Tripoli,mussulmani,70-79,vedovi,MF,3761
Provincia di Tripoli,mussulmani,70-79,vedovi,M,513
Provincia di Tripoli,mussulmani,70-79,vedovi,F,3248
Provincia di Tripoli,mussulmani,70-79,divorziati,MF,109
Provincia di Tripoli,mussulmani,70-79,divorziati,M,50
Provincia di Tripoli,mussulmani,70-79,divorziati,F,59
Provincia di Tripoli,mussulmani,70-79,ignoto,MF,2
Provincia di Tripoli,mussulmani,70-79,ignoto,M,0
Provincia di Tripoli,mussulmani,70-79,ignoto,F,2
Provincia di Tripoli,mussulmani,80-89,all,MF,3275
Provincia di Tripoli,mussulmani,80-89,all,M,1727
Provincia di Tripoli,mussulmani,80-89,all,F,1548
Provincia di Tripoli,mussulmani,80-89,celibi,MF,31
Provincia di Tripoli,mussulmani,80-89,celibi,M,14
Provincia di Tripoli,mussulmani,80-89,celibi,F,17
Provincia di Tripoli,mussulmani,80-89,coniugati,MF,1522
Provincia di Tripoli,mussulmani,80-89,coniugati,M,1356
Provincia di Tripoli,mussulmani,80-89,coniugati,F,166
Provincia di Tripoli,mussulmani,80-89,vedovi,MF,1687
Provincia di Tripoli,mussulmani,80-89,vedovi,M,337
Provincia di Tripoli,mussulmani,80-89,vedovi,F,1350
Provincia di Tripoli,mussulmani,80-89,divorziati,MF,34
Provincia di Tripoli,mussulmani,80-89,divorziati,M,19
Provincia di Tripoli,mussulmani,80-89,divorziati,F,15
Provincia di Tripoli,mussulmani,80-89,ignoto,MF,1
Provincia di Tripoli,mussulmani,80-89,ignoto,M,1
Provincia di Tripoli,mussulmani,80-89,ignoto,F,0
Provincia di Tripoli,mussulmani,90+,all,MF,892
Provincia di Tripoli,mussulmani,90+,all,M,529
Provincia di Tripoli,mussulmani,90+,all,F,363
Provincia di Tripoli,mussulmani,90+,celibi,MF,11
Provincia di Tripoli,mussulmani,90+,celibi,M,8
Provincia di Tripoli,mussulmani,90+,celibi,F,3
Provincia di Tripoli,mussulmani,90+,coniugati,MF,366
Provincia di Tripoli,mussulmani,90+,coniugati,M,349
Provincia di Tripoli,mussulmani,90+,coniugati,F,17
Provincia di Tripoli,mussulmani,90+,vedovi,MF,505
Provincia di Tripoli,mussulmani,90+,vedovi,M,166
Provincia di Tripoli,mussulmani,90+,vedovi,F,339
Provincia di Tripoli,mussulmani,90+,divorziati,MF,10
Provincia di Tripoli,mussulmani,90+,divorziati,M,6
Provincia di Tripoli,mussulmani,90+,divorziati,F,4
Provincia di Tripoli,mussulmani,90+,ignoto,MF,0
Provincia di Tripoli,mussulmani,90+,ignoto,M,0
Provincia di Tripoli,mussulmani,90+,ignoto,F,0
Provincia di Tripoli,mussulmani,ignota,all,MF,196
Provincia di Tripoli,mussulmani,ignota,all,M,98
Provincia di Tripoli,mussulmani,ignota,all,F,98
Provincia di Tripoli,mussulmani,ignota,celibi,MF,99
Provincia di Tripoli,mussulmani,ignota,celibi,M,57
Provincia di Tripoli,mussulmani,ignota,celibi,F,42
Provincia di Tripoli,mussulmani,ignota,coniugati,MF,72
Provincia di Tripoli,mussulmani,ignota,coniugati,M,34
Provincia di Tripoli,mussulmani,ignota,coniugati,F,38
Provincia di Tripoli,mussulmani,ignota,vedovi,MF,21
Provincia di Tripoli,mussulmani,ignota,vedovi,M,5
Provincia di Tripoli,mussulmani,ignota,vedovi,F,16
Provincia di Tripoli,mussulmani,ignota,divorziati,MF,1
Provincia di Tripoli,mussulmani,ignota,divorziati,M,0
Provincia di Tripoli,mussulmani,ignota,divorziati,F,1
Provincia di Tripoli,mussulmani,ignota,ignoto,MF,3
Provincia di Tripoli,mussulmani,ignota,ignoto,M,2
Provincia di Tripoli,mussulmani,ignota,ignoto,F,1
Provincia di Tripoli,mussulmani,Totale,all,MF,330744
Provincia di Tripoli,mussulmani,Totale,all,M,171889
Provincia di Tripoli,mussulmani,Totale,all,F,158855
Provincia di Tripoli,mussulmani,Totale,celibi,MF,168342
Provincia di Tripoli,mussulmani,Totale,celibi,M,96816
Provincia di Tripoli,mussulmani,Totale,celibi,F,71526
Provincia di Tripoli,mussulmani,Totale,coniugati,MF,143176
Provincia di Tripoli,mussulmani,Totale,coniugati,M,70421
Provincia di Tripoli,mussulmani,Totale,coniugati,F,72755
Provincia di Tripoli,mussulmani,Totale,vedovi,MF,17463
Provincia di Tripoli,mussulmani,Totale,vedovi,M,3876
Provincia di Tripoli,mussulmani,Totale,vedovi,F,13587
Provincia di Tripoli,mussulmani,Totale,divorziati,MF,1745
Provincia di Tripoli,mussulmani,Totale,divorziati,M,767
Provincia di Tripoli,mussulmani,Totale,divorziati,F,978
Provincia di Tripoli,mussulmani,Totale,ignoto,MF,18
Provincia di Tripoli,mussulmani,Totale,ignoto,M,9
Provincia di Tripoli,mussulmani,Totale,ignoto,F,9
Provincia di Tripoli,ebrei,0-4,all,MF,2950
Provincia di Tripoli,ebrei,0-4,all,M,1481
Provincia di Tripoli,ebrei,0-4,all,F,1469
Provincia di Tripoli,ebrei,0-4,celibi,MF,2950
Provincia di Tripoli,ebrei,0-4,celibi,M,1481
Provincia di Tripoli,ebrei,0-4,celibi,F,1469
Provincia di Tripoli,ebrei,0-4,coniugati,MF,0
Provincia di Tripoli,ebrei,0-4,coniugati,M,0
Provincia di Tripoli,ebrei,0-4,coniugati,F,0
Provincia di Tripoli,ebrei,0-4,vedovi,MF,0
Provincia di Tripoli,ebrei,0-4,vedovi,M,0
Provincia di Tripoli,ebrei,0-4,vedovi,F,0
Provincia di Tripoli,ebrei,0-4,divorziati,MF,0
Provincia di Tripoli,ebrei,0-4,divorziati,M,0
Provincia di Tripoli,ebrei,0-4,divorziati,F,0
Provincia di Tripoli,ebrei,0-4,ignoto,MF,0
Provincia di Tripoli,ebrei,0-4,ignoto,M,0
Provincia di Tripoli,ebrei,0-4,ignoto,F,0
Provincia di Tripoli,ebrei,5-9,all,MF,2924
Provincia di Tripoli,ebrei,5-9,all,M,1458
Provincia di Tripoli,ebrei,5-9,all,F,1466
Provincia di Tripoli,ebrei,5-9,celibi,MF,2924
Provincia di Tripoli,ebrei,5-9,celibi,M,1458
Provincia di Tripoli,ebrei,5-9,celibi,F,1466
Provincia di Tripoli,ebrei,5-9,coniugati,MF,0
Provincia di Tripoli,ebrei,5-9,coniugati,M,0
Provincia di Tripoli,ebrei,5-9,coniugati,F,0
Provincia di Tripoli,ebrei,5-9,vedovi,MF,0
Provincia di Tripoli,ebrei,5-9,vedovi,M,0
Provincia di Tripoli,ebrei,5-9,vedovi,F,0
Provincia di Tripoli,ebrei,5-9,divorziati,MF,0
Provincia di Tripoli,ebrei,5-9,divorziati,M,0
Provincia di Tripoli,ebrei,5-9,divorziati,F,0
Provincia di Tripoli,ebrei,5-9,ignoto,MF,0
Provincia di Tripoli,ebrei,5-9,ignoto,M,0
Provincia di Tripoli,ebrei,5-9,ignoto,F,0
Provincia di Tripoli,ebrei,10-14,all,MF,2681
Provincia di Tripoli,ebrei,10-14,all,M,1318
Provincia di Tripoli,ebrei,10-14,all,F,1363
Provincia di Tripoli,ebrei,10-14,celibi,MF,2678
Provincia di Tripoli,ebrei,10-14,celibi,M,1318
Provincia di Tripoli,ebrei,10-14,celibi,F,1360
Provincia di Tripoli,ebrei,10-14,coniugati,MF,3
Provincia di Tripoli,ebrei,10-14,coniugati,M,0
Provincia di Tripoli,ebrei,10-14,coniugati,F,3
Provincia di Tripoli,ebrei,10-14,vedovi,MF,0
Provincia di Tripoli,ebrei,10-14,vedovi,M,0
Provincia di Tripoli,ebrei,10-14,vedovi,F,0
Provincia di Tripoli,ebrei,10-14,divorziati,MF,0
Provincia di Tripoli,ebrei,10-14,divorziati,M,0
Provincia di Tripoli,ebrei,10-14,divorziati,F,0
Provincia di Tripoli,ebrei,10-14,ignoto,MF,0
Provincia di Tripoli,ebrei,10-14,ignoto,M,0
Provincia di Tripoli,ebrei,10-14,ignoto,F,0
Provincia di Tripoli,ebrei,15-19,all,MF,2118
Provincia di Tripoli,ebrei,15-19,all,M,1040
Provincia di Tripoli,ebrei,15-19,all,F,1078
Provincia di Tripoli,ebrei,15-19,celibi,MF,1952
Provincia di Tripoli,ebrei,15-19,celibi,M,1023
Provincia di Tripoli,ebrei,15-19,celibi,F,929
Provincia di Tripoli,ebrei,15-19,coniugati,MF,165
Provincia di Tripoli,ebrei,15-19,coniugati,M,17
Provincia di Tripoli,ebrei,15-19,coniugati,F,148
Provincia di Tripoli,ebrei,15-19,vedovi,MF,0
Provincia di Tripoli,ebrei,15-19,vedovi,M,0
Provincia di Tripoli,ebrei,15-19,vedovi,F,0
Provincia di Tripoli,ebrei,15-19,divorziati,MF,1
Provincia di Tripoli,ebrei,15-19,divorziati,M,0
Provincia di Tripoli,ebrei,15-19,divorziati,F,1
Provincia di Tripoli,ebrei,15-19,ignoto,MF,0
Provincia di Tripoli,ebrei,15-19,ignoto,M,0
Provincia di Tripoli,ebrei,15-19,ignoto,F,0
Provincia di Tripoli,ebrei,20-24,all,MF,1464
Provincia di Tripoli,ebrei,20-24,all,M,663
Provincia di Tripoli,ebrei,20-24,all,F,801
Provincia di Tripoli,ebrei,20-24,celibi,MF,821
Provincia di Tripoli,ebrei,20-24,celibi,M,508
Provincia di Tripoli,ebrei,20-24,celibi,F,313
Provincia di Tripoli,ebrei,20-24,coniugati,MF,639
Provincia di Tripoli,ebrei,20-24,coniugati,M,155
Provincia di Tripoli,ebrei,20-24,coniugati,F,484
Provincia di Tripoli,ebrei,20-24,vedovi,MF,2
Provincia di Tripoli,ebrei,20-24,vedovi,M,0
Provincia di Tripoli,ebrei,20-24,vedovi,F,2
Provincia di Tripoli,ebrei,20-24,divorziati,MF,2
Provincia di Tripoli,ebrei,20-24,divorziati,M,0
Provincia di Tripoli,ebrei,20-24,divorziati,F,2
Provincia di Tripoli,ebrei,20-24,ignoto,MF,0
Provincia di Tripoli,ebrei,20-24,ignoto,M,0
Provincia di Tripoli,ebrei,20-24,ignoto,F,0
Provincia di Tripoli,ebrei,25-29,all,MF,1620
Provincia di Tripoli,ebrei,25-29,all,M,797
Provincia di Tripoli,ebrei,25-29,all,F,823
Provincia di Tripoli,ebrei,25-29,celibi,MF,415
Provincia di Tripoli,ebrei,25-29,celibi,M,312
Provincia di Tripoli,ebrei,25-29,celibi,F,103
Provincia di Tripoli,ebrei,25-29,coniugati,MF,1184
Provincia di Tripoli,ebrei,25-29,coniugati,M,482
Provincia di Tripoli,ebrei,25-29,coniugati,F,702
Provincia di Tripoli,ebrei,25-29,vedovi,MF,13
Provincia di Tripoli,ebrei,25-29,vedovi,M,3
Provincia di Tripoli,ebrei,25-29,vedovi,F,10
Provincia di Tripoli,ebrei,25-29,divorziati,MF,8
Provincia di Tripoli,ebrei,25-29,divorziati,M,0
Provincia di Tripoli,ebrei,25-29,divorziati,F,8
Provincia di Tripoli,ebrei,25-29,ignoto,MF,0
Provincia di Tripoli,ebrei,25-29,ignoto,M,0
Provincia di Tripoli,ebrei,25-29,ignoto,F,0
Provincia di Tripoli,ebrei,30-34,all,MF,1443
Provincia di Tripoli,ebrei,30-34,all,M,706
Provincia di Tripoli,ebrei,30-34,all,F,737
Provincia di Tripoli,ebrei,30-34,celibi,MF,163
Provincia di Tripoli,ebrei,30-34,celibi,M,123
Provincia di Tripoli,ebrei,30-34,celibi,F,40
Provincia di Tripoli,ebrei,30-34,coniugati,MF,1236
Provincia di Tripoli,ebrei,30-34,coniugati,M,581
Provincia di Tripoli,ebrei,30-34,coniugati,F,655
Provincia di Tripoli,ebrei,30-34,vedovi,MF,35
Provincia di Tripoli,ebrei,30-34,vedovi,M,1
Provincia di Tripoli,ebrei,30-34,vedovi,F,34
Provincia di Tripoli,ebrei,30-34,divorziati,MF,9
Provincia di Tripoli,ebrei,30-34,divorziati,M,1
Provincia di Tripoli,ebrei,30-34,divorziati,F,8
Provincia di Tripoli,ebrei,30-34,ignoto,MF,0
Provincia di Tripoli,ebrei,30-34,ignoto,M,0
Provincia di Tripoli,ebrei,30-34,ignoto,F,0
Provincia di Tripoli,ebrei,35-39,all,MF,1298
Provincia di Tripoli,ebrei,35-39,all,M,651
Provincia di Tripoli,ebrei,35-39,all,F,647
Provincia di Tripoli,ebrei,35-39,celibi,MF,65
Provincia di Tripoli,ebrei,35-39,celibi,M,52
Provincia di Tripoli,ebrei,35-39,celibi,F,13
Provincia di Tripoli,ebrei,35-39,coniugati,MF,1146
Provincia di Tripoli,ebrei,35-39,coniugati,M,590
Provincia di Tripoli,ebrei,35-39,coniugati,F,556
Provincia di Tripoli,ebrei,35-39,vedovi,MF,77
Provincia di Tripoli,ebrei,35-39,vedovi,M,8
Provincia di Tripoli,ebrei,35-39,vedovi,F,69
Provincia di Tripoli,ebrei,35-39,divorziati,MF,10
Provincia di Tripoli,ebrei,35-39,divorziati,M,1
Provincia di Tripoli,ebrei,35-39,divorziati,F,9
Provincia di Tripoli,ebrei,35-39,ignoto,MF,0
Provincia di Tripoli,ebrei,35-39,ignoto,M,0
Provincia di Tripoli,ebrei,35-39,ignoto,F,0
Provincia di Tripoli,ebrei,40-44,all,MF,1048
Provincia di Tripoli,ebrei,40-44,all,M,516
Provincia di Tripoli,ebrei,40-44,all,F,532
Provincia di Tripoli,ebrei,40-44,celibi,MF,24
Provincia di Tripoli,ebrei,40-44,celibi,M,20
Provincia di Tripoli,ebrei,40-44,celibi,F,4
Provincia di Tripoli,ebrei,40-44,coniugati,MF,927
Provincia di Tripoli,ebrei,40-44,coniugati,M,483
Provincia di Tripoli,ebrei,40-44,coniugati,F,444
Provincia di Tripoli,ebrei,40-44,vedovi,MF,86
Provincia di Tripoli,ebrei,40-44,vedovi,M,13
Provincia di Tripoli,ebrei,40-44,vedovi,F,73
Provincia di Tripoli,ebrei,40-44,divorziati,MF,11
Provincia di Tripoli,ebrei,40-44,divorziati,M,0
Provincia di Tripoli,ebrei,40-44,divorziati,F,11
Provincia di Tripoli,ebrei,40-44,ignoto,MF,0
Provincia di Tripoli,ebrei,40-44,ignoto,M,0
Provincia di Tripoli,ebrei,40-44,ignoto,F,0
Provincia di Tripoli,ebrei,45-49,all,MF,979
Provincia di Tripoli,ebrei,45-49,all,M,467
Provincia di Tripoli,ebrei,45-49,all,F,512
Provincia di Tripoli,ebrei,45-49,celibi,MF,12
Provincia di Tripoli,ebrei,45-49,celibi,M,11
Provincia di Tripoli,ebrei,45-49,celibi,F,1
Provincia di Tripoli,ebrei,45-49,coniugati,MF,812
Provincia di Tripoli,ebrei,45-49,coniugati,M,438
Provincia di Tripoli,ebrei,45-49,coniugati,F,374
Provincia di Tripoli,ebrei,45-49,vedovi,MF,151
Provincia di Tripoli,ebrei,45-49,vedovi,M,17
Provincia di Tripoli,ebrei,45-49,vedovi,F,134
Provincia di Tripoli,ebrei,45-49,divorziati,MF,4
Provincia di Tripoli,ebrei,45-49,divorziati,M,1
Provincia di Tripoli,ebrei,45-49,divorziati,F,3
Provincia di Tripoli,ebrei,45-49,ignoto,MF,0
Provincia di Tripoli,ebrei,45-49,ignoto,M,0
Provincia di Tripoli,ebrei,45-49,ignoto,F,0
Provincia di Tripoli,ebrei,50-54,all,MF,646
Provincia di Tripoli,ebrei,50-54,all,M,324
Provincia di Tripoli,ebrei,50-54,all,F,322
Provincia di Tripoli,ebrei,50-54,celibi,MF,4
Provincia di Tripoli,ebrei,50-54,celibi,M,3
Provincia di Tripoli,ebrei,50-54,celibi,F,1
Provincia di Tripoli,ebrei,50-54,coniugati,MF,512
Provincia di Tripoli,ebrei,50-54,coniugati,M,309
Provincia di Tripoli,ebrei,50-54,coniugati,F,203
Provincia di Tripoli,ebrei,50-54,vedovi,MF,127
Provincia di Tripoli,ebrei,50-54,vedovi,M,10
Provincia di Tripoli,ebrei,50-54,vedovi,F,117
Provincia di Tripoli,ebrei,50-54,divorziati,MF,3
Provincia di Tripoli,ebrei,50-54,divorziati,M,2
Provincia di Tripoli,ebrei,50-54,divorziati,F,1
Provincia di Tripoli,ebrei,50-54,ignoto,MF,0
Provincia di Tripoli,ebrei,50-54,ignoto,M,0
Provincia di Tripoli,ebrei,50-54,ignoto,F,0
Provincia di Tripoli,ebrei,55-59,all,MF,629
Provincia di Tripoli,ebrei,55-59,all,M,344
Provincia di Tripoli,ebrei,55-59,all,F,285
Provincia di Tripoli,ebrei,55-59,celibi,MF,6
Provincia di Tripoli,ebrei,55-59,celibi,M,3
Provincia di Tripoli,ebrei,55-59,celibi,F,3
Provincia di Tripoli,ebrei,55-59,coniugati,MF,475
Provincia di Tripoli,ebrei,55-59,coniugati,M,320
Provincia di Tripoli,ebrei,55-59,coniugati,F,155
Provincia di Tripoli,ebrei,55-59,vedovi,MF,148
Provincia di Tripoli,ebrei,55-59,vedovi,M,21
Provincia di Tripoli,ebrei,55-59,vedovi,F,127
Provincia di Tripoli,ebrei,55-59,divorziati,MF,0
Provincia di Tripoli,ebrei,55-59,divorziati,M,0
Provincia di Tripoli,ebrei,55-59,divorziati,F,0
Provincia di Tripoli,ebrei,55-59,ignoto,MF,0
Provincia di Tripoli,ebrei,55-59,ignoto,M,0
Provincia di Tripoli,ebrei,55-59,ignoto,F,0
Provincia di Tripoli,ebrei,60-64,all,MF,379
Provincia di Tripoli,ebrei,60-64,all,M,210
Provincia di Tripoli,ebrei,60-64,all,F,169
Provincia di Tripoli,ebrei,60-64,celibi,MF,3
Provincia di Tripoli,ebrei,60-64,celibi,M,2
Provincia di Tripoli,ebrei,60-64,celibi,F,1
Provincia di Tripoli,ebrei,60-64,coniugati,MF,275
Provincia di Tripoli,ebrei,60-64,coniugati,M,200
Provincia di Tripoli,ebrei,60-64,coniugati,F,75
Provincia di Tripoli,ebrei,60-64,vedovi,MF,98
Provincia di Tripoli,ebrei,60-64,vedovi,M,8
Provincia di Tripoli,ebrei,60-64,vedovi,F,90
Provincia di Tripoli,ebrei,60-64,divorziati,MF,3
Provincia di Tripoli,ebrei,60-64,divorziati,M,0
Provincia di Tripoli,ebrei,60-64,divorziati,F,3
Provincia di Tripoli,ebrei,60-64,ignoto,MF,0
Provincia di Tripoli,ebrei,60-64,ignoto,M,0
Provincia di Tripoli,ebrei,60-64,ignoto,F,0
Provincia di Tripoli,ebrei,65-69,all,MF,346
Provincia di Tripoli,ebrei,65-69,all,M,174
Provincia di Tripoli,ebrei,65-69,all,F,172
Provincia di Tripoli,ebrei,65-69,celibi,MF,3
Provincia di Tripoli,ebrei,65-69,celibi,M,3
Provincia di Tripoli,ebrei,65-69,celibi,F,0
Provincia di Tripoli,ebrei,65-69,coniugati,MF,205
Provincia di Tripoli,ebrei,65-69,coniugati,M,155
Provincia di Tripoli,ebrei,65-69,coniugati,F,50
Provincia di Tripoli,ebrei,65-69,vedovi,MF,138
Provincia di Tripoli,ebrei,65-69,vedovi,M,16
Provincia di Tripoli,ebrei,65-69,vedovi,F,122
Provincia di Tripoli,ebrei,65-69,divorziati,MF,0
Provincia di Tripoli,ebrei,65-69,divorziati,M,0
Provincia di Tripoli,ebrei,65-69,divorziati,F,0
Provincia di Tripoli,ebrei,65-69,ignoto,MF,0
Provincia di Tripoli,ebrei,65-69,ignoto,M,0
Provincia di Tripoli,ebrei,65-69,ignoto,F,0
Provincia di Tripoli,ebrei,70-79,all,MF,324
Provincia di Tripoli,ebrei,70-79,all,M,152
Provincia di Tripoli,ebrei,70-79,all,F,172
Provincia di Tripoli,ebrei,70-79,celibi,MF,0
Provincia di Tripoli,ebrei,70-79,celibi,M,0
Provincia di Tripoli,ebrei,70-79,celibi,F,0
Provincia di Tripoli,ebrei,70-79,coniugati,MF,155
Provincia di Tripoli,ebrei,70-79,coniugati,M,122
Provincia di Tripoli,ebrei,70-79,coniugati,F,33
Provincia di Tripoli,ebrei,70-79,vedovi,MF,169
Provincia di Tripoli,ebrei,70-79,vedovi,M,30
Provincia di Tripoli,ebrei,70-79,vedovi,F,139
Provincia di Tripoli,ebrei,70-79,divorziati,MF,0
Provincia di Tripoli,ebrei,70-79,divorziati,M,0
Provincia di Tripoli,ebrei,70-79,divorziati,F,0
Provincia di Tripoli,ebrei,70-79,ignoto,MF,0
Provincia di Tripoli,ebrei,70-79,ignoto,M,0
Provincia di Tripoli,ebrei,70-79,ignoto,F,0
Provincia di Tripoli,ebrei,80-89,all,MF,106
Provincia di Tripoli,ebrei,80-89,all,M,41
Provincia di Tripoli,ebrei,80-89,all,F,65
Provincia di Tripoli,ebrei,80-89,celibi,MF,2
Provincia di Tripoli,ebrei,80-89,celibi,M,1
Provincia di Tripoli,ebrei,80-89,celibi,F,1
Provincia di Tripoli,ebrei,80-89,coniugati,MF,31
Provincia di Tripoli,ebrei,80-89,coniugati,M,25
Provincia di Tripoli,ebrei,80-89,coniugati,F,6
Provincia di Tripoli,ebrei,80-89,vedovi,MF,73
Provincia di Tripoli,ebrei,80-89,vedovi,M,15
Provincia di Tripoli,ebrei,80-89,vedovi,F,58
Provincia di Tripoli,ebrei,80-89,divorziati,MF,0
Provincia di Tripoli,ebrei,80-89,divorziati,M,0
Provincia di Tripoli,ebrei,80-89,divorziati,F,0
Provincia di Tripoli,ebrei,80-89,ignoto,MF,0
Provincia di Tripoli,ebrei,80-89,ignoto,M,0
Provincia di Tripoli,ebrei,80-89,ignoto,F,0
Provincia di Tripoli,ebrei,90+,all,MF,24
Provincia di Tripoli,ebrei,90+,all,M,11
Provincia di Tripoli,ebrei,90+,all,F,13
Provincia di Tripoli,ebrei,90+,celibi,MF,0
Provincia di Tripoli,ebrei,90+,celibi,M,0
Provincia di Tripoli,ebrei,90+,celibi,F,0
Provincia di Tripoli,ebrei,90+,coniugati,MF,4
Provincia di Tripoli,ebrei,90+,coniugati,M,4
Provincia di Tripoli,ebrei,90+,coniugati,F,0
Provincia di Tripoli,ebrei,90+,vedovi,MF,19
Provincia di Tripoli,ebrei,90+,vedovi,M,6
Provincia di Tripoli,ebrei,90+,vedovi,F,13
Provincia di Tripoli,ebrei,90+,divorziati,MF,0
Provincia di Tripoli,ebrei,90+,divorziati,M,0
Provincia di Tripoli,ebrei,90+,divorziati,F,0
Provincia di Tripoli,ebrei,90+,ignoto,MF,1
Provincia di Tripoli,ebrei,90+,ignoto,M,1
Provincia di Tripoli,ebrei,90+,ignoto,F,0
Provincia di Tripoli,ebrei,ignota,all,MF,26
Provincia di Tripoli,ebrei,ignota,all,M,15
Provincia di Tripoli,ebrei,ignota,all,F,11
Provincia di Tripoli,ebrei,ignota,celibi,MF,17
Provincia di Tripoli,ebrei,ignota,celibi,M,11
Provincia di Tripoli,ebrei,ignota,celibi,F,6
Provincia di Tripoli,ebrei,ignota,coniugati,MF,8
Provincia di Tripoli,ebrei,ignota,coniugati,M,4
Provincia di Tripoli,ebrei,ignota,coniugati,F,4
Provincia di Tripoli,ebrei,ignota,vedovi,MF,1
Provincia di Tripoli,ebrei,ignota,vedovi,M,0
Provincia di Tripoli,ebrei,ignota,vedovi,F,1
Provincia di Tripoli,ebrei,ignota,divorziati,MF,0
Provincia di Tripoli,ebrei,ignota,divorziati,M,0
Provincia di Tripoli,ebrei,ignota,divorziati,F,0
Provincia di Tripoli,ebrei,ignota,ignoto,MF,0
Provincia di Tripoli,ebrei,ignota,ignoto,M,0
Provincia di Tripoli,ebrei,ignota,ignoto,F,0
Provincia di Tripoli,ebrei,Totale,all,MF,21005
Provincia di Tripoli,ebrei,Totale,all,M,10368
Provincia di Tripoli,ebrei,Totale,all,F,10637
Provincia di Tripoli,ebrei,Totale,celibi,MF,12039
Provincia di Tripoli,ebrei,Totale,celibi,M,6329
Provincia di Tripoli,ebrei,Totale,celibi,F,5710
Provincia di Tripoli,ebrei,Totale,coniugati,MF,7777
Provincia di Tripoli,ebrei,Totale,coniugati,M,3885
Provincia di Tripoli,ebrei,Totale,coniugati,F,3892
Provincia di Tripoli,ebrei,Totale,vedovi,MF,1137
Provincia di Tripoli,ebrei,Totale,vedovi,M,148
Provincia di Tripoli,ebrei,Totale,vedovi,F,989
Provincia di Tripoli,ebrei,Totale,divorziati,MF,51
Provincia di Tripoli,ebrei,Totale,divorziati,M,5
Provincia di Tripoli,ebrei,Totale,divorziati,F,46
Provincia di Tripoli,ebrei,Totale,ignoto,MF,1
Provincia di Tripoli,ebrei,Totale,ignoto,M,1
Provincia di Tripoli,ebrei,Totale,ignoto,F,0
Provincia di Misurata,complesso,0-4,all,MF,32776
Provincia di Misurata,complesso,0-4,all,M,16792
Provincia di Misurata,complesso,0-4,all,F,15984
Provincia di Misurata,complesso,0-4,celibi,MF,32776
Provincia di Misurata,complesso,0-4,celibi,M,16792
Provincia di Misurata,complesso,0-4,celibi,F,15984
Provincia di Misurata,complesso,0-4,coniugati,MF,0
Provincia di Misurata,complesso,0-4,coniugati,M,0
Provincia di Misurata,complesso,0-4,coniugati,F,0
Provincia di Misurata,complesso,0-4,vedovi,MF,0
Provincia di Misurata,complesso,0-4,vedovi,M,0
Provincia di Misurata,complesso,0-4,vedovi,F,0
Provincia di Misurata,complesso,0-4,divorziati,MF,0
Provincia di Misurata,complesso,0-4,divorziati,M,0
Provincia di Misurata,complesso,0-4,divorziati,F,0
Provincia di Misurata,complesso,0-4,ignoto,MF,0
Provincia di Misurata,complesso,0-4,ignoto,M,0
Provincia di Misurata,complesso,0-4,ignoto,F,0
Provincia di Misurata,complesso,5-9,all,MF,31093
Provincia di Misurata,complesso,5-9,all,M,17064
Provincia di Misurata,complesso,5-9,all,F,14029
Provincia di Misurata,complesso,5-9,celibi,MF,31093
Provincia di Misurata,complesso,5-9,celibi,M,17064
Provincia di Misurata,complesso,5-9,celibi,F,14029
Provincia di Misurata,complesso,5-9,coniugati,MF,0
Provincia di Misurata,complesso,5-9,coniugati,M,0
Provincia di Misurata,complesso,5-9,coniugati,F,0
Provincia di Misurata,complesso,5-9,vedovi,MF,0
Provincia di Misurata,complesso,5-9,vedovi,M,0
Provincia di Misurata,complesso,5-9,vedovi,F,0
Provincia di Misurata,complesso,5-9,divorziati,MF,0
Provincia di Misurata,complesso,5-9,divorziati,M,0
Provincia di Misurata,complesso,5-9,divorziati,F,0
Provincia di Misurata,complesso,5-9,ignoto,MF,0
Provincia di Misurata,complesso,5-9,ignoto,M,0
Provincia di Misurata,complesso,5-9,ignoto,F,0
Provincia di Misurata,complesso,10-14,all,MF,20828
Provincia di Misurata,complesso,10-14,all,M,12306
Provincia di Misurata,complesso,10-14,all,F,8522
Provincia di Misurata,complesso,10-14,celibi,MF,20779
Provincia di Misurata,complesso,10-14,celibi,M,12288
Provincia di Misurata,complesso,10-14,celibi,F,8491
Provincia di Misurata,complesso,10-14,coniugati,MF,46
Provincia di Misurata,complesso,10-14,coniugati,M,17
Provincia di Misurata,complesso,10-14,coniugati,F,29
Provincia di Misurata,complesso,10-14,vedovi,MF,2
Provincia di Misurata,complesso,10-14,vedovi,M,1
Provincia di Misurata,complesso,10-14,vedovi,F,1
Provincia di Misurata,complesso,10-14,divorziati,MF,1
Provincia di Misurata,complesso,10-14,divorziati,M,0
Provincia di Misurata,complesso,10-14,divorziati,F,1
Provincia di Misurata,complesso,10-14,ignoto,MF,0
Provincia di Misurata,complesso,10-14,ignoto,M,0
Provincia di Misurata,complesso,10-14,ignoto,F,0
Provincia di Misurata,complesso,15-19,all,MF,12172
Provincia di Misurata,complesso,15-19,all,M,6450
Provincia di Misurata,complesso,15-19,all,F,5722
Provincia di Misurata,complesso,15-19,celibi,MF,9919
Provincia di Misurata,complesso,15-19,celibi,M,6283
Provincia di Misurata,complesso,15-19,celibi,F,3636
Provincia di Misurata,complesso,15-19,coniugati,MF,2216
Provincia di Misurata,complesso,15-19,coniugati,M,160
Provincia di Misurata,complesso,15-19,coniugati,F,2056
Provincia di Misurata,complesso,15-19,vedovi,MF,16
Provincia di Misurata,complesso,15-19,vedovi,M,6
Provincia di Misurata,complesso,15-19,vedovi,F,10
Provincia di Misurata,complesso,15-19,divorziati,MF,21
Provincia di Misurata,complesso,15-19,divorziati,M,1
Provincia di Misurata,complesso,15-19,divorziati,F,20
Provincia di Misurata,complesso,15-19,ignoto,MF,0
Provincia di Misurata,complesso,15-19,ignoto,M,0
Provincia di Misurata,complesso,15-19,ignoto,F,0
Provincia di Misurata,complesso,20-24,all,MF,11217
Provincia di Misurata,complesso,20-24,all,M,5126
Provincia di Misurata,complesso,20-24,all,F,6091
Provincia di Misurata,complesso,20-24,celibi,MF,4383
Provincia di Misurata,complesso,20-24,celibi,M,3810
Provincia di Misurata,complesso,20-24,celibi,F,573
Provincia di Misurata,complesso,20-24,coniugati,MF,6688
Provincia di Misurata,complesso,20-24,coniugati,M,1278
Provincia di Misurata,complesso,20-24,coniugati,F,5410
Provincia di Misurata,complesso,20-24,vedovi,MF,59
Provincia di Misurata,complesso,20-24,vedovi,M,18
Provincia di Misurata,complesso,20-24,vedovi,F,41
Provincia di Misurata,complesso,20-24,divorziati,MF,87
Provincia di Misurata,complesso,20-24,divorziati,M,20
Provincia di Misurata,complesso,20-24,divorziati,F,67
Provincia di Misurata,complesso,20-24,ignoto,MF,0
Provincia di Misurata,complesso,20-24,ignoto,M,0
Provincia di Misurata,complesso,20-24,ignoto,F,0
Provincia di Misurata,complesso,25-29,all,MF,14042
Provincia di Misurata,complesso,25-29,all,M,6854
Provincia di Misurata,complesso,25-29,all,F,7188
Provincia di Misurata,complesso,25-29,celibi,MF,3196
Provincia di Misurata,complesso,25-29,celibi,M,3019
Provincia di Misurata,complesso,25-29,celibi,F,177
Provincia di Misurata,complesso,25-29,coniugati,MF,10585
Provincia di Misurata,complesso,25-29,coniugati,M,3682
Provincia di Misurata,complesso,25-29,coniugati,F,6903
Provincia di Misurata,complesso,25-29,vedovi,MF,121
Provincia di Misurata,complesso,25-29,vedovi,M,72
Provincia di Misurata,complesso,25-29,vedovi,F,49
Provincia di Misurata,complesso,25-29,divorziati,MF,139
Provincia di Misurata,complesso,25-29,divorziati,M,81
Provincia di Misurata,complesso,25-29,divorziati,F,58
Provincia di Misurata,complesso,25-29,ignoto,MF,1
Provincia di Misurata,complesso,25-29,ignoto,M,0
Provincia di Misurata,complesso,25-29,ignoto,F,1
Provincia di Misurata,complesso,30-34,all,MF,15641
Provincia di Misurata,complesso,30-34,all,M,7228
Provincia di Misurata,complesso,30-34,all,F,8413
Provincia di Misurata,complesso,30-34,celibi,MF,1652
Provincia di Misurata,complesso,30-34,celibi,M,1506
Provincia di Misurata,complesso,30-34,celibi,F,146
Provincia di Misurata,complesso,30-34,coniugati,MF,13587
Provincia di Misurata,complesso,30-34,coniugati,M,5531
Provincia di Misurata,complesso,30-34,coniugati,F,8056
Provincia di Misurata,complesso,30-34,vedovi,MF,256
Provincia di Misurata,complesso,30-34,vedovi,M,117
Provincia di Misurata,complesso,30-34,vedovi,F,139
Provincia di Misurata,complesso,30-34,divorziati,MF,145
Provincia di Misurata,complesso,30-34,divorziati,M,74
Provincia di Misurata,complesso,30-34,divorziati,F,71
Provincia di Misurata,complesso,30-34,ignoto,MF,1
Provincia di Misurata,complesso,30-34,ignoto,M,0
Provincia di Misurata,complesso,30-34,ignoto,F,1
Provincia di Misurata,complesso,35-39,all,MF,13785
Provincia di Misurata,complesso,35-39,all,M,7336
Provincia di Misurata,complesso,35-39,all,F,6449
Provincia di Misurata,complesso,35-39,celibi,MF,717
Provincia di Misurata,complesso,35-39,celibi,M,661
Provincia di Misurata,complesso,35-39,celibi,F,56
Provincia di Misurata,complesso,35-39,coniugati,MF,12561
Provincia di Misurata,complesso,35-39,coniugati,M,6436
Provincia di Misurata,complesso,35-39,coniugati,F,6125
Provincia di Misurata,complesso,35-39,vedovi,MF,355
Provincia di Misurata,complesso,35-39,vedovi,M,151
Provincia di Misurata,complesso,35-39,vedovi,F,204
Provincia di Misurata,complesso,35-39,divorziati,MF,149
Provincia di Misurata,complesso,35-39,divorziati,M,87
Provincia di Misurata,complesso,35-39,divorziati,F,62
Provincia di Misurata,complesso,35-39,ignoto,MF,3
Provincia di Misurata,complesso,35-39,ignoto,M,1
Provincia di Misurata,complesso,35-39,ignoto,F,2
Provincia di Misurata,complesso,40-44,all,MF,14316
Provincia di Misurata,complesso,40-44,all,M,6689
Provincia di Misurata,complesso,40-44,all,F,7627
Provincia di Misurata,complesso,40-44,celibi,MF,335
Provincia di Misurata,complesso,40-44,celibi,M,278
Provincia di Misurata,complesso,40-44,celibi,F,57
Provincia di Misurata,complesso,40-44,coniugati,MF,13130
Provincia di Misurata,complesso,40-44,coniugati,M,6144
Provincia di Misurata,complesso,40-44,coniugati,F,6986
Provincia di Misurata,complesso,40-44,vedovi,MF,703
Provincia di Misurata,complesso,40-44,vedovi,M,192
Provincia di Misurata,complesso,40-44,vedovi,F,511
Provincia di Misurata,complesso,40-44,divorziati,MF,148
Provincia di Misurata,complesso,40-44,divorziati,M,75
Provincia di Misurata,complesso,40-44,divorziati,F,73
Provincia di Misurata,complesso,40-44,ignoto,MF,0
Provincia di Misurata,complesso,40-44,ignoto,M,0
Provincia di Misurata,complesso,40-44,ignoto,F,0
Provincia di Misurata,complesso,45-49,all,MF,9862
Provincia di Misurata,complesso,45-49,all,M,5371
Provincia di Misurata,complesso,45-49,all,F,4491
Provincia di Misurata,complesso,45-49,celibi,MF,127
Provincia di Misurata,complesso,45-49,celibi,M,101
Provincia di Misurata,complesso,45-49,celibi,F,26
Provincia di Misurata,complesso,45-49,coniugati,MF,9005
Provincia di Misurata,complesso,45-49,coniugati,M,5073
Provincia di Misurata,complesso,45-49,coniugati,F,3932
Provincia di Misurata,complesso,45-49,vedovi,MF,654
Provincia di Misurata,complesso,45-49,vedovi,M,161
Provincia di Misurata,complesso,45-49,vedovi,F,493
Provincia di Misurata,complesso,45-49,divorziati,MF,76
Provincia di Misurata,complesso,45-49,divorziati,M,36
Provincia di Misurata,complesso,45-49,divorziati,F,40
Provincia di Misurata,complesso,45-49,ignoto,MF,0
Provincia di Misurata,complesso,45-49,ignoto,M,0
Provincia di Misurata,complesso,45-49,ignoto,F,0
Provincia di Misurata,complesso,50-54,all,MF,11253
Provincia di Misurata,complesso,50-54,all,M,5646
Provincia di Misurata,complesso,50-54,all,F,5607
Provincia di Misurata,complesso,50-54,celibi,MF,95
Provincia di Misurata,complesso,50-54,celibi,M,73
Provincia di Misurata,complesso,50-54,celibi,F,22
Provincia di Misurata,complesso,50-54,coniugati,MF,9596
Provincia di Misurata,complesso,50-54,coniugati,M,5338
Provincia di Misurata,complesso,50-54,coniugati,F,4258
Provincia di Misurata,complesso,50-54,vedovi,MF,1466
Provincia di Misurata,complesso,50-54,vedovi,M,178
Provincia di Misurata,complesso,50-54,vedovi,F,1288
Provincia di Misurata,complesso,50-54,divorziati,MF,96
Provincia di Misurata,complesso,50-54,divorziati,M,57
Provincia di Misurata,complesso,50-54,divorziati,F,39
Provincia di Misurata,complesso,50-54,ignoto,MF,0
Provincia di Misurata,complesso,50-54,ignoto,M,0
Provincia di Misurata,complesso,50-54,ignoto,F,0
Provincia di Misurata,complesso,55-59,all,MF,5940
Provincia di Misurata,complesso,55-59,all,M,3503
Provincia di Misurata,complesso,55-59,all,F,2437
Provincia di Misurata,complesso,55-59,celibi,MF,34
Provincia di Misurata,complesso,55-59,celibi,M,24
Provincia di Misurata,complesso,55-59,celibi,F,10
Provincia di Misurata,complesso,55-59,coniugati,MF,4928
Provincia di Misurata,complesso,55-59,coniugati,M,3346
Provincia di Misurata,complesso,55-59,coniugati,F,1582
Provincia di Misurata,complesso,55-59,vedovi,MF,926
Provincia di Misurata,complesso,55-59,vedovi,M,114
Provincia di Misurata,complesso,55-59,vedovi,F,812
Provincia di Misurata,complesso,55-59,divorziati,MF,51
Provincia di Misurata,complesso,55-59,divorziati,M,19
Provincia di Misurata,complesso,55-59,divorziati,F,32
Provincia di Misurata,complesso,55-59,ignoto,MF,1
Provincia di Misurata,complesso,55-59,ignoto,M,0
Provincia di Misurata,complesso,55-59,ignoto,F,1
Provincia di Misurata,complesso,60-64,all,MF,7729
Provincia di Misurata,complesso,60-64,all,M,3925
Provincia di Misurata,complesso,60-64,all,F,3804
Provincia di Misurata,complesso,60-64,celibi,MF,52
Provincia di Misurata,complesso,60-64,celibi,M,31
Provincia di Misurata,complesso,60-64,celibi,F,21
Provincia di Misurata,complesso,60-64,coniugati,MF,5511
Provincia di Misurata,complesso,60-64,coniugati,M,3698
Provincia di Misurata,complesso,60-64,coniugati,F,1813
Provincia di Misurata,complesso,60-64,vedovi,MF,2110
Provincia di Misurata,complesso,60-64,vedovi,M,170
Provincia di Misurata,complesso,60-64,vedovi,F,1940
Provincia di Misurata,complesso,60-64,divorziati,MF,54
Provincia di Misurata,complesso,60-64,divorziati,M,26
Provincia di Misurata,complesso,60-64,divorziati,F,28
Provincia di Misurata,complesso,60-64,ignoto,MF,2
Provincia di Misurata,complesso,60-64,ignoto,M,0
Provincia di Misurata,complesso,60-64,ignoto,F,2
Provincia di Misurata,complesso,65-69,all,MF,3478
Provincia di Misurata,complesso,65-69,all,M,1962
Provincia di Misurata,complesso,65-69,all,F,1516
Provincia di Misurata,complesso,65-69,celibi,MF,23
Provincia di Misurata,complesso,65-69,celibi,M,13
Provincia di Misurata,complesso,65-69,celibi,F,10
Provincia di Misurata,complesso,65-69,coniugati,MF,2427
Provincia di Misurata,complesso,65-69,coniugati,M,1834
Provincia di Misurata,complesso,65-69,coniugati,F,593
Provincia di Misurata,complesso,65-69,vedovi,MF,1004
Provincia di Misurata,complesso,65-69,vedovi,M,103
Provincia di Misurata,complesso,65-69,vedovi,F,901
Provincia di Misurata,complesso,65-69,divorziati,MF,24
Provincia di Misurata,complesso,65-69,divorziati,M,12
Provincia di Misurata,complesso,65-69,divorziati,F,12
Provincia di Misurata,complesso,65-69,ignoto,MF,0
Provincia di Misurata,complesso,65-69,ignoto,M,0
Provincia di Misurata,complesso,65-69,ignoto,F,0
Provincia di Misurata,complesso,70-79,all,MF,6396
Provincia di Misurata,complesso,70-79,all,M,3395
Provincia di Misurata,complesso,70-79,all,F,3001
Provincia di Misurata,complesso,70-79,celibi,MF,24
Provincia di Misurata,complesso,70-79,celibi,M,16
Provincia di Misurata,complesso,70-79,celibi,F,8
Provincia di Misurata,complesso,70-79,coniugati,MF,3784
Provincia di Misurata,complesso,70-79,coniugati,M,3079
Provincia di Misurata,complesso,70-79,coniugati,F,705
Provincia di Misurata,complesso,70-79,vedovi,MF,2556
Provincia di Misurata,complesso,70-79,vedovi,M,281
Provincia di Misurata,complesso,70-79,vedovi,F,2275
Provincia di Misurata,complesso,70-79,divorziati,MF,32
Provincia di Misurata,complesso,70-79,divorziati,M,19
Provincia di Misurata,complesso,70-79,divorziati,F,13
Provincia di Misurata,complesso,70-79,ignoto,MF,0
Provincia di Misurata,complesso,70-79,ignoto,M,0
Provincia di Misurata,complesso,70-79,ignoto,F,0
Provincia di Misurata,complesso,80-89,all,MF,2245
Provincia di Misurata,complesso,80-89,all,M,1171
Provincia di Misurata,complesso,80-89,all,F,1074
Provincia di Misurata,complesso,80-89,celibi,MF,14
Provincia di Misurata,complesso,80-89,celibi,M,8
Provincia di Misurata,complesso,80-89,celibi,F,6
Provincia di Misurata,complesso,80-89,coniugati,MF,1088
Provincia di Misurata,complesso,80-89,coniugati,M,979
Provincia di Misurata,complesso,80-89,coniugati,F,109
Provincia di Misurata,complesso,80-89,vedovi,MF,1127
Provincia di Misurata,complesso,80-89,vedovi,M,172
Provincia di Misurata,complesso,80-89,vedovi,F,955
Provincia di Misurata,complesso,80-89,divorziati,MF,15
Provincia di Misurata,complesso,80-89,divorziati,M,11
Provincia di Misurata,complesso,80-89,divorziati,F,4
Provincia di Misurata,complesso,80-89,ignoto,MF,1
Provincia di Misurata,complesso,80-89,ignoto,M,1
Provincia di Misurata,complesso,80-89,ignoto,F,0
Provincia di Misurata,complesso,90+,all,MF,557
Provincia di Misurata,complesso,90+,all,M,338
Provincia di Misurata,complesso,90+,all,F,219
Provincia di Misurata,complesso,90+,celibi,MF,1
Provincia di Misurata,complesso,90+,celibi,M,1
Provincia di Misurata,complesso,90+,celibi,F,0
Provincia di Misurata,complesso,90+,coniugati,MF,273
Provincia di Misurata,complesso,90+,coniugati,M,261
Provincia di Misurata,complesso,90+,coniugati,F,12
Provincia di Misurata,complesso,90+,vedovi,MF,279
Provincia di Misurata,complesso,90+,vedovi,M,72
Provincia di Misurata,complesso,90+,vedovi,F,207
Provincia di Misurata,complesso,90+,divorziati,MF,4
Provincia di Misurata,complesso,90+,divorziati,M,4
Provincia di Misurata,complesso,90+,divorziati,F,0
Provincia di Misurata,complesso,90+,ignoto,MF,0
Provincia di Misurata,complesso,90+,ignoto,M,0
Provincia di Misurata,complesso,90+,ignoto,F,0
Provincia di Misurata,complesso,ignota,all,MF,156
Provincia di Misurata,complesso,ignota,all,M,74
Provincia di Misurata,complesso,ignota,all,F,82
Provincia di Misurata,complesso,ignota,celibi,MF,71
Provincia di Misurata,complesso,ignota,celibi,M,40
Provincia di Misurata,complesso,ignota,celibi,F,31
Provincia di Misurata,complesso,ignota,coniugati,MF,74
Provincia di Misurata,complesso,ignota,coniugati,M,32
Provincia di Misurata,complesso,ignota,coniugati,F,42
Provincia di Misurata,complesso,ignota,vedovi,MF,9
Provincia di Misurata,complesso,ignota,vedovi,M,2
Provincia di Misurata,complesso,ignota,vedovi,F,7
Provincia di Misurata,complesso,ignota,divorziati,MF,2
Provincia di Misurata,complesso,ignota,divorziati,M,0
Provincia di Misurata,complesso,ignota,divorziati,F,2
Provincia di Misurata,complesso,ignota,ignoto,MF,0
Provincia di Misurata,complesso,ignota,ignoto,M,0
Provincia di Misurata,complesso,ignota,ignoto,F,0
Provincia di Misurata,complesso,Totale,all,MF,213486
Provincia di Misurata,complesso,Totale,all,M,111230
Provincia di Misurata,complesso,Totale,all,F,102256
Provincia di Misurata,complesso,Totale,celibi,MF,105291
Provincia di Misurata,complesso,Totale,celibi,M,62008
Provincia di Misurata,complesso,Totale,celibi,F,43283
Provincia di Misurata,complesso,Totale,coniugati,MF,95499
Provincia di Misurata,complesso,Totale,coniugati,M,46888
Provincia di Misurata,complesso,Totale,coniugati,F,48611
Provincia di Misurata,complesso,Totale,vedovi,MF,11643
Provincia di Misurata,complesso,Totale,vedovi,M,1810
Provincia di Misurata,complesso,Totale,vedovi,F,9833
Provincia di Misurata,complesso,Totale,divorziati,MF,1044
Provincia di Misurata,complesso,Totale,divorziati,M,522
Provincia di Misurata,complesso,Totale,divorziati,F,522
Provincia di Misurata,complesso,Totale,ignoto,MF,9
Provincia di Misurata,complesso,Totale,ignoto,M,2
Provincia di Misurata,complesso,Totale,ignoto,F,7
di cui municipio di Misurata,complesso,0-4,all,MF,7483
di cui municipio di Misurata,complesso,0-4,all,M,3798
di cui municipio di Misurata,complesso,0-4,all,F,3685
di cui municipio di Misurata,complesso,0-4,celibi,MF,7483
di cui municipio di Misurata,complesso,0-4,celibi,M,3798
di cui municipio di Misurata,complesso,0-4,celibi,F,3685
di cui municipio di Misurata,complesso,0-4,coniugati,MF,0
di cui municipio di Misurata,complesso,0-4,coniugati,M,0
di cui municipio di Misurata,complesso,0-4,coniugati,F,0
di cui municipio di Misurata,complesso,0-4,vedovi,MF,0
di cui municipio di Misurata,complesso,0-4,vedovi,M,0
di cui municipio di Misurata,complesso,0-4,vedovi,F,0
di cui municipio di Misurata,complesso,0-4,divorziati,MF,0
di cui municipio di Misurata,complesso,0-4,divorziati,M,0
di cui municipio di Misurata,complesso,0-4,divorziati,F,0
di cui municipio di Misurata,complesso,0-4,ignoto,MF,0
di cui municipio di Misurata,complesso,0-4,ignoto,M,0
di cui municipio di Misurata,complesso,0-4,ignoto,F,0
di cui municipio di Misurata,complesso,5-9,all,MF,7385
di cui municipio di Misurata,complesso,5-9,all,M,3961
di cui municipio di Misurata,complesso,5-9,all,F,3424
di cui municipio di Misurata,complesso,5-9,celibi,MF,7385
di cui municipio di Misurata,complesso,5-9,celibi,M,3961
di cui municipio di Misurata,complesso,5-9,celibi,F,3424
di cui municipio di Misurata,complesso,5-9,coniugati,MF,0
di cui municipio di Misurata,complesso,5-9,coniugati,M,0
di cui municipio di Misurata,complesso,5-9,coniugati,F,0
di cui municipio di Misurata,complesso,5-9,vedovi,MF,0
di cui municipio di Misurata,complesso,5-9,vedovi,M,0
di cui municipio di Misurata,complesso,5-9,vedovi,F,0
di cui municipio di Misurata,complesso,5-9,divorziati,MF,0
di cui municipio di Misurata,complesso,5-9,divorziati,M,0
di cui municipio di Misurata,complesso,5-9,divorziati,F,0
di cui municipio di Misurata,complesso,5-9,ignoto,MF,0
di cui municipio di Misurata,complesso,5-9,ignoto,M,0
di cui municipio di Misurata,complesso,5-9,ignoto,F,0
di cui municipio di Misurata,complesso,10-14,all,MF,5606
di cui municipio di Misurata,complesso,10-14,all,M,3166
di cui municipio di Misurata,complesso,10-14,all,F,2440
di cui municipio di Misurata,complesso,10-14,celibi,MF,5596
di cui municipio di Misurata,complesso,10-14,celibi,M,3164
di cui municipio di Misurata,complesso,10-14,celibi,F,2432
di cui municipio di Misurata,complesso,10-14,coniugati,MF,10
di cui municipio di Misurata,complesso,10-14,coniugati,M,2
di cui municipio di Misurata,complesso,10-14,coniugati,F,8
di cui municipio di Misurata,complesso,10-14,vedovi,MF,0
di cui municipio di Misurata,complesso,10-14,vedovi,M,0
di cui municipio di Misurata,complesso,10-14,vedovi,F,0
di cui municipio di Misurata,complesso,10-14,divorziati,MF,0
di cui municipio di Misurata,complesso,10-14,divorziati,M,0
di cui municipio di Misurata,complesso,10-14,divorziati,F,0
di cui municipio di Misurata,complesso,10-14,ignoto,MF,0
di cui municipio di Misurata,complesso,10-14,ignoto,M,0
di cui municipio di Misurata,complesso,10-14,ignoto,F,0
di cui municipio di Misurata,complesso,15-19,all,MF,2926
di cui municipio di Misurata,complesso,15-19,all,M,1571
di cui municipio di Misurata,complesso,15-19,all,F,1355
di cui municipio di Misurata,complesso,15-19,celibi,MF,2586
di cui municipio di Misurata,complesso,15-19,celibi,M,1551
di cui municipio di Misurata,complesso,15-19,celibi,F,1035
di cui municipio di Misurata,complesso,15-19,coniugati,MF,334
di cui municipio di Misurata,complesso,15-19,coniugati,M,19
di cui municipio di Misurata,complesso,15-19,coniugati,F,315
di cui municipio di Misurata,complesso,15-19,vedovi,MF,2
di cui municipio di Misurata,complesso,15-19,vedovi,M,0
di cui municipio di Misurata,complesso,15-19,vedovi,F,2
di cui municipio di Misurata,complesso,15-19,divorziati,MF,4
di cui municipio di Misurata,complesso,15-19,divorziati,M,1
di cui municipio di Misurata,complesso,15-19,divorziati,F,3
di cui municipio di Misurata,complesso,15-19,ignoto,MF,0
di cui municipio di Misurata,complesso,15-19,ignoto,M,0
di cui municipio di Misurata,complesso,15-19,ignoto,F,0
di cui municipio di Misurata,complesso,20-24,all,MF,2471
di cui municipio di Misurata,complesso,20-24,all,M,1182
di cui municipio di Misurata,complesso,20-24,all,F,1289
di cui municipio di Misurata,complesso,20-24,celibi,MF,1070
di cui municipio di Misurata,complesso,20-24,celibi,M,876
di cui municipio di Misurata,complesso,20-24,celibi,F,194
di cui municipio di Misurata,complesso,20-24,coniugati,MF,1372
di cui municipio di Misurata,complesso,20-24,coniugati,M,303
di cui municipio di Misurata,complesso,20-24,coniugati,F,1069
di cui municipio di Misurata,complesso,20-24,vedovi,MF,2
di cui municipio di Misurata,complesso,20-24,vedovi,M,0
di cui municipio di Misurata,complesso,20-24,vedovi,F,2
di cui municipio di Misurata,complesso,20-24,divorziati,MF,27
di cui municipio di Misurata,complesso,20-24,divorziati,M,3
di cui municipio di Misurata,complesso,20-24,divorziati,F,24
di cui municipio di Misurata,complesso,20-24,ignoto,MF,0
di cui municipio di Misurata,complesso,20-24,ignoto,M,0
di cui municipio di Misurata,complesso,20-24,ignoto,F,0
di cui municipio di Misurata,complesso,25-29,all,MF,3122
di cui municipio di Misurata,complesso,25-29,all,M,1516
di cui municipio di Misurata,complesso,25-29,all,F,1606
di cui municipio di Misurata,complesso,25-29,celibi,MF,686
di cui municipio di Misurata,complesso,25-29,celibi,M,643
di cui municipio di Misurata,complesso,25-29,celibi,F,43
di cui municipio di Misurata,complesso,25-29,coniugati,MF,2349
di cui municipio di Misurata,complesso,25-29,coniugati,M,826
di cui municipio di Misurata,complesso,25-29,coniugati,F,1523
di cui municipio di Misurata,complesso,25-29,vedovi,MF,22
di cui municipio di Misurata,complesso,25-29,vedovi,M,12
di cui municipio di Misurata,complesso,25-29,vedovi,F,10
di cui municipio di Misurata,complesso,25-29,divorziati,MF,65
di cui municipio di Misurata,complesso,25-29,divorziati,M,35
di cui municipio di Misurata,complesso,25-29,divorziati,F,30
di cui municipio di Misurata,complesso,25-29,ignoto,MF,0
di cui municipio di Misurata,complesso,25-29,ignoto,M,0
di cui municipio di Misurata,complesso,25-29,ignoto,F,0
di cui municipio di Misurata,complesso,30-34,all,MF,3468
di cui municipio di Misurata,complesso,30-34,all,M,1644
di cui municipio di Misurata,complesso,30-34,all,F,1824
di cui municipio di Misurata,complesso,30-34,celibi,MF,397
di cui municipio di Misurata,complesso,30-34,celibi,M,356
di cui municipio di Misurata,complesso,30-34,celibi,F,41
di cui municipio di Misurata,complesso,30-34,coniugati,MF,2988
di cui municipio di Misurata,complesso,30-34,coniugati,M,1258
di cui municipio di Misurata,complesso,30-34,coniugati,F,1730
di cui municipio di Misurata,complesso,30-34,vedovi,MF,40
di cui municipio di Misurata,complesso,30-34,vedovi,M,13
di cui municipio di Misurata,complesso,30-34,vedovi,F,27
di cui municipio di Misurata,complesso,30-34,divorziati,MF,42
di cui municipio di Misurata,complesso,30-34,divorziati,M,17
di cui municipio di Misurata,complesso,30-34,divorziati,F,25
di cui municipio di Misurata,complesso,30-34,ignoto,MF,1
di cui municipio di Misurata,complesso,30-34,ignoto,M,0
di cui municipio di Misurata,complesso,30-34,ignoto,F,1
di cui municipio di Misurata,complesso,35-39,all,MF,3191
di cui municipio di Misurata,complesso,35-39,all,M,1587
di cui municipio di Misurata,complesso,35-39,all,F,1604
di cui municipio di Misurata,complesso,35-39,celibi,MF,165
di cui municipio di Misurata,complesso,35-39,celibi,M,147
di cui municipio di Misurata,complesso,35-39,celibi,F,18
di cui municipio di Misurata,complesso,35-39,coniugati,MF,2904
di cui municipio di Misurata,complesso,35-39,coniugati,M,1409
di cui municipio di Misurata,complesso,35-39,coniugati,F,1495
di cui municipio di Misurata,complesso,35-39,vedovi,MF,71
di cui municipio di Misurata,complesso,35-39,vedovi,M,14
di cui municipio di Misurata,complesso,35-39,vedovi,F,57
di cui municipio di Misurata,complesso,35-39,divorziati,MF,50
di cui municipio di Misurata,complesso,35-39,divorziati,M,16
di cui municipio di Misurata,complesso,35-39,divorziati,F,34
di cui municipio di Misurata,complesso,35-39,ignoto,MF,1
di cui municipio di Misurata,complesso,35-39,ignoto,M,1
di cui municipio di Misurata,complesso,35-39,ignoto,F,0
di cui municipio di Misurata,complesso,40-44,all,MF,2981
di cui municipio di Misurata,complesso,40-44,all,M,1450
di cui municipio di Misurata,complesso,40-44,all,F,1531
di cui municipio di Misurata,complesso,40-44,celibi,MF,70
di cui municipio di Misurata,complesso,40-44,celibi,M,54
di cui municipio di Misurata,complesso,40-44,celibi,F,16
di cui municipio di Misurata,complesso,40-44,coniugati,MF,2711
di cui municipio di Misurata,complesso,40-44,coniugati,M,1354
di cui municipio di Misurata,complesso,40-44,coniugati,F,1357
di cui municipio di Misurata,complesso,40-44,vedovi,MF,150
di cui municipio di Misurata,complesso,40-44,vedovi,M,24
di cui municipio di Misurata,complesso,40-44,vedovi,F,126
di cui municipio di Misurata,complesso,40-44,divorziati,MF,50
di cui municipio di Misurata,complesso,40-44,divorziati,M,18
di cui municipio di Misurata,complesso,40-44,divorziati,F,32
di cui municipio di Misurata,complesso,40-44,ignoto,MF,0
di cui municipio di Misurata,complesso,40-44,ignoto,M,0
di cui municipio di Misurata,complesso,40-44,ignoto,F,0
di cui municipio di Misurata,complesso,45-49,all,MF,2374
di cui municipio di Misurata,complesso,45-49,all,M,1158
di cui municipio di Misurata,complesso,45-49,all,F,1216
di cui municipio di Misurata,complesso,45-49,celibi,MF,31
di cui municipio di Misurata,complesso,45-49,celibi,M,22
di cui municipio di Misurata,complesso,45-49,celibi,F,9
di cui municipio di Misurata,complesso,45-49,coniugati,MF,2145
di cui municipio di Misurata,complesso,45-49,coniugati,M,1113
di cui municipio di Misurata,complesso,45-49,coniugati,F,1032
di cui municipio di Misurata,complesso,45-49,vedovi,MF,174
di cui municipio di Misurata,complesso,45-49,vedovi,M,18
di cui municipio di Misurata,complesso,45-49,vedovi,F,156
di cui municipio di Misurata,complesso,45-49,divorziati,MF,24
di cui municipio di Misurata,complesso,45-49,divorziati,M,5
di cui municipio di Misurata,complesso,45-49,divorziati,F,19
di cui municipio di Misurata,complesso,45-49,ignoto,MF,0
di cui municipio di Misurata,complesso,45-49,ignoto,M,0
di cui municipio di Misurata,complesso,45-49,ignoto,F,0
di cui municipio di Misurata,complesso,50-54,all,MF,2423
di cui municipio di Misurata,complesso,50-54,all,M,1125
di cui municipio di Misurata,complesso,50-54,all,F,1298
di cui municipio di Misurata,complesso,50-54,celibi,MF,18
di cui municipio di Misurata,complesso,50-54,celibi,M,13
di cui municipio di Misurata,complesso,50-54,celibi,F,5
di cui municipio di Misurata,complesso,50-54,coniugati,MF,2015
di cui municipio di Misurata,complesso,50-54,coniugati,M,1081
di cui municipio di Misurata,complesso,50-54,coniugati,F,934
di cui municipio di Misurata,complesso,50-54,vedovi,MF,358
di cui municipio di Misurata,complesso,50-54,vedovi,M,21
di cui municipio di Misurata,complesso,50-54,vedovi,F,337
di cui municipio di Misurata,complesso,50-54,divorziati,MF,32
di cui municipio di Misurata,complesso,50-54,divorziati,M,10
di cui municipio di Misurata,complesso,50-54,divorziati,F,22
di cui municipio di Misurata,complesso,50-54,ignoto,MF,0
di cui municipio di Misurata,complesso,50-54,ignoto,M,0
di cui municipio di Misurata,complesso,50-54,ignoto,F,0
di cui municipio di Misurata,complesso,55-59,all,MF,1480
di cui municipio di Misurata,complesso,55-59,all,M,790
di cui municipio di Misurata,complesso,55-59,all,F,690
di cui municipio di Misurata,complesso,55-59,celibi,MF,9
di cui municipio di Misurata,complesso,55-59,celibi,M,6
di cui municipio di Misurata,complesso,55-59,celibi,F,3
di cui municipio di Misurata,complesso,55-59,coniugati,MF,1216
di cui municipio di Misurata,complesso,55-59,coniugati,M,761
di cui municipio di Misurata,complesso,55-59,coniugati,F,455
di cui municipio di Misurata,complesso,55-59,vedovi,MF,243
di cui municipio di Misurata,complesso,55-59,vedovi,M,21
di cui municipio di Misurata,complesso,55-59,vedovi,F,222
di cui municipio di Misurata,complesso,55-59,divorziati,MF,12
di cui municipio di Misurata,complesso,55-59,divorziati,M,2
di cui municipio di Misurata,complesso,55-59,divorziati,F,10
di cui municipio di Misurata,complesso,55-59,ignoto,MF,0
di cui municipio di Misurata,complesso,55-59,ignoto,M,0
di cui municipio di Misurata,complesso,55-59,ignoto,F,0
di cui municipio di Misurata,complesso,60-64,all,MF,1670
di cui municipio di Misurata,complesso,60-64,all,M,833
di cui municipio di Misurata,complesso,60-64,all,F,837
di cui municipio di Misurata,complesso,60-64,celibi,MF,15
di cui municipio di Misurata,complesso,60-64,celibi,M,9
di cui municipio di Misurata,complesso,60-64,celibi,F,6
di cui municipio di Misurata,complesso,60-64,coniugati,MF,1187
di cui municipio di Misurata,complesso,60-64,coniugati,M,793
di cui municipio di Misurata,complesso,60-64,coniugati,F,394
di cui municipio di Misurata,complesso,60-64,vedovi,MF,457
di cui municipio di Misurata,complesso,60-64,vedovi,M,26
di cui municipio di Misurata,complesso,60-64,vedovi,F,431
di cui municipio di Misurata,complesso,60-64,divorziati,MF,10
di cui municipio di Misurata,complesso,60-64,divorziati,M,5
di cui municipio di Misurata,complesso,60-64,divorziati,F,5
di cui municipio di Misurata,complesso,60-64,ignoto,MF,1
di cui municipio di Misurata,complesso,60-64,ignoto,M,0
di cui municipio di Misurata,complesso,60-64,ignoto,F,1
di cui municipio di Misurata,complesso,65-69,all,MF,876
di cui municipio di Misurata,complesso,65-69,all,M,436
di cui municipio di Misurata,complesso,65-69,all,F,440
di cui municipio di Misurata,complesso,65-69,celibi,MF,8
di cui municipio di Misurata,complesso,65-69,celibi,M,4
di cui municipio di Misurata,complesso,65-69,celibi,F,4
di cui municipio di Misurata,complesso,65-69,coniugati,MF,602
di cui municipio di Misurata,complesso,65-69,coniugati,M,412
di cui municipio di Misurata,complesso,65-69,coniugati,F,190
di cui municipio di Misurata,complesso,65-69,vedovi,MF,258
di cui municipio di Misurata,complesso,65-69,vedovi,M,17
di cui municipio di Misurata,complesso,65-69,vedovi,F,241
di cui municipio di Misurata,complesso,65-69,divorziati,MF,8
di cui municipio di Misurata,complesso,65-69,divorziati,M,3
di cui municipio di Misurata,complesso,65-69,divorziati,F,5
di cui municipio di Misurata,complesso,65-69,ignoto,MF,0
di cui municipio di Misurata,complesso,65-69,ignoto,M,0
di cui municipio di Misurata,complesso,65-69,ignoto,F,0
di cui municipio di Misurata,complesso,70-79,all,MF,1385
di cui municipio di Misurata,complesso,70-79,all,M,737
di cui municipio di Misurata,complesso,70-79,all,F,648
di cui municipio di Misurata,complesso,70-79,celibi,MF,6
di cui municipio di Misurata,complesso,70-79,celibi,M,3
di cui municipio di Misurata,complesso,70-79,celibi,F,3
di cui municipio di Misurata,complesso,70-79,coniugati,MF,857
di cui municipio di Misurata,complesso,70-79,coniugati,M,686
di cui municipio di Misurata,complesso,70-79,coniugati,F,171
di cui municipio di Misurata,complesso,70-79,vedovi,MF,518
di cui municipio di Misurata,complesso,70-79,vedovi,M,46
di cui municipio di Misurata,complesso,70-79,vedovi,F,472
di cui municipio di Misurata,complesso,70-79,divorziati,MF,4
di cui municipio di Misurata,complesso,70-79,divorziati,M,2
di cui municipio di Misurata,complesso,70-79,divorziati,F,2
di cui municipio di Misurata,complesso,70-79,ignoto,MF,0
di cui municipio di Misurata,complesso,70-79,ignoto,M,0
di cui municipio di Misurata,complesso,70-79,ignoto,F,0
di cui municipio di Misurata,complesso,80-89,all,MF,503
di cui municipio di Misurata,complesso,80-89,all,M,272
di cui municipio di Misurata,complesso,80-89,all,F,231
di cui municipio di Misurata,complesso,80-89,celibi,MF,5
di cui municipio di Misurata,complesso,80-89,celibi,M,3
di cui municipio di Misurata,complesso,80-89,celibi,F,2
di cui municipio di Misurata,complesso,80-89,coniugati,MF,257
di cui municipio di Misurata,complesso,80-89,coniugati,M,234
di cui municipio di Misurata,complesso,80-89,coniugati,F,23
di cui municipio di Misurata,complesso,80-89,vedovi,MF,239
di cui municipio di Misurata,complesso,80-89,vedovi,M,33
di cui municipio di Misurata,complesso,80-89,vedovi,F,206
di cui municipio di Misurata,complesso,80-89,divorziati,MF,1
di cui municipio di Misurata,complesso,80-89,divorziati,M,1
di cui municipio di Misurata,complesso,80-89,divorziati,F,0
di cui municipio di Misurata,complesso,80-89,ignoto,MF,1
di cui municipio di Misurata,complesso,80-89,ignoto,M,1
di cui municipio di Misurata,complesso,80-89,ignoto,F,0
di cui municipio di Misurata,complesso,90+,all,MF,126
di cui municipio di Misurata,complesso,90+,all,M,65
di cui municipio di Misurata,complesso,90+,all,F,61
di cui municipio di Misurata,complesso,90+,celibi,MF,0
di cui municipio di Misurata,complesso,90+,celibi,M,0
di cui municipio di Misurata,complesso,90+,celibi,F,0
di cui municipio di Misurata,complesso,90+,coniugati,MF,54
di cui municipio di Misurata,complesso,90+,coniugati,M,51
di cui municipio di Misurata,complesso,90+,coniugati,F,3
di cui municipio di Misurata,complesso,90+,vedovi,MF,70
di cui municipio di Misurata,complesso,90+,vedovi,M,12
di cui municipio di Misurata,complesso,90+,vedovi,F,58
di cui municipio di Misurata,complesso,90+,divorziati,MF,2
di cui municipio di Misurata,complesso,90+,divorziati,M,2
di cui municipio di Misurata,complesso,90+,divorziati,F,0
di cui municipio di Misurata,complesso,90+,ignoto,MF,0
di cui municipio di Misurata,complesso,90+,ignoto,M,0
di cui municipio di Misurata,complesso,90+,ignoto,F,0
di cui municipio di Misurata,complesso,ignota,all,MF,37
di cui municipio di Misurata,complesso,ignota,all,M,19
di cui municipio di Misurata,complesso,ignota,all,F,18
di cui municipio di Misurata,complesso,ignota,celibi,MF,17
di cui municipio di Misurata,complesso,ignota,celibi,M,10
di cui municipio di Misurata,complesso,ignota,celibi,F,7
di cui municipio di Misurata,complesso,ignota,coniugati,MF,17
di cui municipio di Misurata,complesso,ignota,coniugati,M,7
di cui municipio di Misurata,complesso,ignota,coniugati,F,10
di cui municipio di Misurata,complesso,ignota,vedovi,MF,3
di cui municipio di Misurata,complesso,ignota,vedovi,M,2
di cui municipio di Misurata,complesso,ignota,vedovi,F,1
di cui municipio di Misurata,complesso,ignota,divorziati,MF,0
di cui municipio di Misurata,complesso,ignota,divorziati,M,0
di cui municipio di Misurata,complesso,ignota,divorziati,F,0
di cui municipio di Misurata,complesso,ignota,ignoto,MF,0
di cui municipio di Misurata,complesso,ignota,ignoto,M,0
di cui municipio di Misurata,complesso,ignota,ignoto,F,0
di cui municipio di Misurata,complesso,Totale,all,MF,49507
di cui municipio di Misurata,complesso,Totale,all,M,25310
di cui municipio di Misurata,complesso,Totale,all,F,24197
di cui municipio di Misurata,complesso,Totale,celibi,MF,25547
di cui municipio di Misurata,complesso,Totale,celibi,M,14620
di cui municipio di Misurata,complesso,Totale,celibi,F,10927
di cui municipio di Misurata,complesso,Totale,coniugati,MF,21018
di cui municipio di Misurata,complesso,Totale,coniugati,M,10309
di cui municipio di Misurata,complesso,Totale,coniugati,F,10709
di cui municipio di Misurata,complesso,Totale,vedovi,MF,2607
di cui municipio di Misurata,complesso,Totale,vedovi,M,259
di cui municipio di Misurata,complesso,Totale,vedovi,F,2348
di cui municipio di Misurata,complesso,Totale,divorziati,MF,331
di cui municipio di Misurata,complesso,Totale,divorziati,M,120
di cui municipio di Misurata,complesso,Totale,divorziati,F,211
di cui municipio di Misurata,complesso,Totale,ignoto,MF,4
di cui municipio di Misurata,complesso,Totale,ignoto,M,2
di cui municipio di Misurata,complesso,Totale,ignoto,F,2
Provincia di Misurata,mussulmani,0-4,all,MF,32296
Provincia di Misurata,mussulmani,0-4,all,M,16562
Provincia di Misurata,mussulmani,0-4,all,F,15734
Provincia di Misurata,mussulmani,0-4,celibi,MF,32296
Provincia di Misurata,mussulmani,0-4,celibi,M,16562
Provincia di Misurata,mussulmani,0-4,celibi,F,15734
Provincia di Misurata,mussulmani,0-4,coniugati,MF,0
Provincia di Misurata,mussulmani,0-4,coniugati,M,0
Provincia di Misurata,mussulmani,0-4,coniugati,F,0
Provincia di Misurata,mussulmani,0-4,vedovi,MF,0
Provincia di Misurata,mussulmani,0-4,vedovi,M,0
Provincia di Misurata,mussulmani,0-4,vedovi,F,0
Provincia di Misurata,mussulmani,0-4,divorziati,MF,0
Provincia di Misurata,mussulmani,0-4,divorziati,M,0
Provincia di Misurata,mussulmani,0-4,divorziati,F,0
Provincia di Misurata,mussulmani,0-4,ignoto,MF,0
Provincia di Misurata,mussulmani,0-4,ignoto,M,0
Provincia di Misurata,mussulmani,0-4,ignoto,F,0
Provincia di Misurata,mussulmani,5-9,all,MF,30610
Provincia di Misurata,mussulmani,5-9,all,M,16832
Provincia di Misurata,mussulmani,5-9,all,F,13778
Provincia di Misurata,mussulmani,5-9,celibi,MF,30610
Provincia di Misurata,mussulmani,5-9,celibi,M,16832
Provincia di Misurata,mussulmani,5-9,celibi,F,13778
Provincia di Misurata,mussulmani,5-9,coniugati,MF,0
Provincia di Misurata,mussulmani,5-9,coniugati,M,0
Provincia di Misurata,mussulmani,5-9,coniugati,F,0
Provincia di Misurata,mussulmani,5-9,vedovi,MF,0
Provincia di Misurata,mussulmani,5-9,vedovi,M,0
Provincia di Misurata,mussulmani,5-9,vedovi,F,0
Provincia di Misurata,mussulmani,5-9,divorziati,MF,0
Provincia di Misurata,mussulmani,5-9,divorziati,M,0
Provincia di Misurata,mussulmani,5-9,divorziati,F,0
Provincia di Misurata,mussulmani,5-9,ignoto,MF,0
Provincia di Misurata,mussulmani,5-9,ignoto,M,0
Provincia di Misurata,mussulmani,5-9,ignoto,F,0
Provincia di Misurata,mussulmani,10-14,all,MF,20445
Provincia di Misurata,mussulmani,10-14,all,M,12112
Provincia di Misurata,mussulmani,10-14,all,F,8333
Provincia di Misurata,mussulmani,10-14,celibi,MF,20397
Provincia di Misurata,mussulmani,10-14,celibi,M,12094
Provincia di Misurata,mussulmani,10-14,celibi,F,8303
Provincia di Misurata,mussulmani,10-14,coniugati,MF,45
Provincia di Misurata,mussulmani,10-14,coniugati,M,17
Provincia di Misurata,mussulmani,10-14,coniugati,F,28
Provincia di Misurata,mussulmani,10-14,vedovi,MF,2
Provincia di Misurata,mussulmani,10-14,vedovi,M,1
Provincia di Misurata,mussulmani,10-14,vedovi,F,1
Provincia di Misurata,mussulmani,10-14,divorziati,MF,1
Provincia di Misurata,mussulmani,10-14,divorziati,M,0
Provincia di Misurata,mussulmani,10-14,divorziati,F,1
Provincia di Misurata,mussulmani,10-14,ignoto,MF,0
Provincia di Misurata,mussulmani,10-14,ignoto,M,0
Provincia di Misurata,mussulmani,10-14,ignoto,F,0
Provincia di Misurata,mussulmani,15-19,all,MF,11904
Provincia di Misurata,mussulmani,15-19,all,M,6308
Provincia di Misurata,mussulmani,15-19,all,F,5596
Provincia di Misurata,mussulmani,15-19,celibi,MF,9691
Provincia di Misurata,mussulmani,15-19,celibi,M,6144
Provincia di Misurata,mussulmani,15-19,celibi,F,3547
Provincia di Misurata,mussulmani,15-19,coniugati,MF,2176
Provincia di Misurata,mussulmani,15-19,coniugati,M,157
Provincia di Misurata,mussulmani,15-19,coniugati,F,2019
Provincia di Misurata,mussulmani,15-19,vedovi,MF,16
Provincia di Misurata,mussulmani,15-19,vedovi,M,6
Provincia di Misurata,mussulmani,15-19,vedovi,F,10
Provincia di Misurata,mussulmani,15-19,divorziati,MF,21
Provincia di Misurata,mussulmani,15-19,divorziati,M,1
Provincia di Misurata,mussulmani,15-19,divorziati,F,20
Provincia di Misurata,mussulmani,15-19,ignoto,MF,0
Provincia di Misurata,mussulmani,15-19,ignoto,M,0
Provincia di Misurata,mussulmani,15-19,ignoto,F,0
Provincia di Misurata,mussulmani,20-24,all,MF,11023
Provincia di Misurata,mussulmani,20-24,all,M,5035
Provincia di Misurata,mussulmani,20-24,all,F,5988
Provincia di Misurata,mussulmani,20-24,celibi,MF,4310
Provincia di Misurata,mussulmani,20-24,celibi,M,3765
Provincia di Misurata,mussulmani,20-24,celibi,F,545
Provincia di Misurata,mussulmani,20-24,coniugati,MF,6568
Provincia di Misurata,mussulmani,20-24,coniugati,M,1232
Provincia di Misurata,mussulmani,20-24,coniugati,F,5336
Provincia di Misurata,mussulmani,20-24,vedovi,MF,59
Provincia di Misurata,mussulmani,20-24,vedovi,M,18
Provincia di Misurata,mussulmani,20-24,vedovi,F,41
Provincia di Misurata,mussulmani,20-24,divorziati,MF,86
Provincia di Misurata,mussulmani,20-24,divorziati,M,20
Provincia di Misurata,mussulmani,20-24,divorziati,F,66
Provincia di Misurata,mussulmani,20-24,ignoto,MF,0
Provincia di Misurata,mussulmani,20-24,ignoto,M,0
Provincia di Misurata,mussulmani,20-24,ignoto,F,0
Provincia di Misurata,mussulmani,25-29,all,MF,13831
Provincia di Misurata,mussulmani,25-29,all,M,6747
Provincia di Misurata,mussulmani,25-29,all,F,7084
Provincia di Misurata,mussulmani,25-29,celibi,MF,3163
Provincia di Misurata,mussulmani,25-29,celibi,M,2991
Provincia di Misurata,mussulmani,25-29,celibi,F,172
Provincia di Misurata,mussulmani,25-29,coniugati,MF,10411
Provincia di Misurata,mussulmani,25-29,coniugati,M,3603
Provincia di Misurata,mussulmani,25-29,coniugati,F,6808
Provincia di Misurata,mussulmani,25-29,vedovi,MF,119
Provincia di Misurata,mussulmani,25-29,vedovi,M,72
Provincia di Misurata,mussulmani,25-29,vedovi,F,47
Provincia di Misurata,mussulmani,25-29,divorziati,MF,138
Provincia di Misurata,mussulmani,25-29,divorziati,M,81
Provincia di Misurata,mussulmani,25-29,divorziati,F,57
Provincia di Misurata,mussulmani,25-29,ignoto,MF,0
Provincia di Misurata,mussulmani,25-29,ignoto,M,0
Provincia di Misurata,mussulmani,25-29,ignoto,F,0
Provincia di Misurata,mussulmani,30-34,all,MF,15456
Provincia di Misurata,mussulmani,30-34,all,M,7148
Provincia di Misurata,mussulmani,30-34,all,F,8308
Provincia di Misurata,mussulmani,30-34,celibi,MF,1638
Provincia di Misurata,mussulmani,30-34,celibi,M,1500
Provincia di Misurata,mussulmani,30-34,celibi,F,138
Provincia di Misurata,mussulmani,30-34,coniugati,MF,13421
Provincia di Misurata,mussulmani,30-34,coniugati,M,5457
Provincia di Misurata,mussulmani,30-34,coniugati,F,7964
Provincia di Misurata,mussulmani,30-34,vedovi,MF,252
Provincia di Misurata,mussulmani,30-34,vedovi,M,117
Provincia di Misurata,mussulmani,30-34,vedovi,F,135
Provincia di Misurata,mussulmani,30-34,divorziati,MF,144
Provincia di Misurata,mussulmani,30-34,divorziati,M,74
Provincia di Misurata,mussulmani,30-34,divorziati,F,70
Provincia di Misurata,mussulmani,30-34,ignoto,MF,1
Provincia di Misurata,mussulmani,30-34,ignoto,M,0
Provincia di Misurata,mussulmani,30-34,ignoto,F,1
Provincia di Misurata,mussulmani,35-39,all,MF,13609
Provincia di Misurata,mussulmani,35-39,all,M,7266
Provincia di Misurata,mussulmani,35-39,all,F,6343
Provincia di Misurata,mussulmani,35-39,celibi,MF,711
Provincia di Misurata,mussulmani,35-39,celibi,M,660
Provincia di Misurata,mussulmani,35-39,celibi,F,51
Provincia di Misurata,mussulmani,35-39,coniugati,MF,12405
Provincia di Misurata,mussulmani,35-39,coniugati,M,6368
Provincia di Misurata,mussulmani,35-39,coniugati,F,6037
Provincia di Misurata,mussulmani,35-39,vedovi,MF,343
Provincia di Misurata,mussulmani,35-39,vedovi,M,150
Provincia di Misurata,mussulmani,35-39,vedovi,F,193
Provincia di Misurata,mussulmani,35-39,divorziati,MF,149
Provincia di Misurata,mussulmani,35-39,divorziati,M,87
Provincia di Misurata,mussulmani,35-39,divorziati,F,62
Provincia di Misurata,mussulmani,35-39,ignoto,MF,1
Provincia di Misurata,mussulmani,35-39,ignoto,M,1
Provincia di Misurata,mussulmani,35-39,ignoto,F,0
Provincia di Misurata,mussulmani,40-44,all,MF,14121
Provincia di Misurata,mussulmani,40-44,all,M,6596
Provincia di Misurata,mussulmani,40-44,all,F,7525
Provincia di Misurata,mussulmani,40-44,celibi,MF,331
Provincia di Misurata,mussulmani,40-44,celibi,M,278
Provincia di Misurata,mussulmani,40-44,celibi,F,53
Provincia di Misurata,mussulmani,40-44,coniugati,MF,12954
Provincia di Misurata,mussulmani,40-44,coniugati,M,6053
Provincia di Misurata,mussulmani,40-44,coniugati,F,6901
Provincia di Misurata,mussulmani,40-44,vedovi,MF,691
Provincia di Misurata,mussulmani,40-44,vedovi,M,191
Provincia di Misurata,mussulmani,40-44,vedovi,F,500
Provincia di Misurata,mussulmani,40-44,divorziati,MF,145
Provincia di Misurata,mussulmani,40-44,divorziati,M,74
Provincia di Misurata,mussulmani,40-44,divorziati,F,71
Provincia di Misurata,mussulmani,40-44,ignoto,MF,0
Provincia di Misurata,mussulmani,40-44,ignoto,M,0
Provincia di Misurata,mussulmani,40-44,ignoto,F,0
Provincia di Misurata,mussulmani,45-49,all,MF,9732
Provincia di Misurata,mussulmani,45-49,all,M,5298
Provincia di Misurata,mussulmani,45-49,all,F,4434
Provincia di Misurata,mussulmani,45-49,celibi,MF,126
Provincia di Misurata,mussulmani,45-49,celibi,M,101
Provincia di Misurata,mussulmani,45-49,celibi,F,25
Provincia di Misurata,mussulmani,45-49,coniugati,MF,8891
Provincia di Misurata,mussulmani,45-49,coniugati,M,5000
Provincia di Misurata,mussulmani,45-49,coniugati,F,3891
Provincia di Misurata,mussulmani,45-49,vedovi,MF,639
Provincia di Misurata,mussulmani,45-49,vedovi,M,161
Provincia di Misurata,mussulmani,45-49,vedovi,F,478
Provincia di Misurata,mussulmani,45-49,divorziati,MF,76
Provincia di Misurata,mussulmani,45-49,divorziati,M,36
Provincia di Misurata,mussulmani,45-49,divorziati,F,40
Provincia di Misurata,mussulmani,45-49,ignoto,MF,0
Provincia di Misurata,mussulmani,45-49,ignoto,M,0
Provincia di Misurata,mussulmani,45-49,ignoto,F,0
Provincia di Misurata,mussulmani,50-54,all,MF,11138
Provincia di Misurata,mussulmani,50-54,all,M,5595
Provincia di Misurata,mussulmani,50-54,all,F,5543
Provincia di Misurata,mussulmani,50-54,celibi,MF,93
Provincia di Misurata,mussulmani,50-54,celibi,M,73
Provincia di Misurata,mussulmani,50-54,celibi,F,20
Provincia di Misurata,mussulmani,50-54,coniugati,MF,9506
Provincia di Misurata,mussulmani,50-54,coniugati,M,5288
Provincia di Misurata,mussulmani,50-54,coniugati,F,4218
Provincia di Misurata,mussulmani,50-54,vedovi,MF,1445
Provincia di Misurata,mussulmani,50-54,vedovi,M,178
Provincia di Misurata,mussulmani,50-54,vedovi,F,1267
Provincia di Misurata,mussulmani,50-54,divorziati,MF,94
Provincia di Misurata,mussulmani,50-54,divorziati,M,56
Provincia di Misurata,mussulmani,50-54,divorziati,F,38
Provincia di Misurata,mussulmani,50-54,ignoto,MF,0
Provincia di Misurata,mussulmani,50-54,ignoto,M,0
Provincia di Misurata,mussulmani,50-54,ignoto,F,0
Provincia di Misurata,mussulmani,55-59,all,MF,5875
Provincia di Misurata,mussulmani,55-59,all,M,3472
Provincia di Misurata,mussulmani,55-59,all,F,2403
Provincia di Misurata,mussulmani,55-59,celibi,MF,34
Provincia di Misurata,mussulmani,55-59,celibi,M,24
Provincia di Misurata,mussulmani,55-59,celibi,F,10
Provincia di Misurata,mussulmani,55-59,coniugati,MF,4877
Provincia di Misurata,mussulmani,55-59,coniugati,M,3317
Provincia di Misurata,mussulmani,55-59,coniugati,F,1560
Provincia di Misurata,mussulmani,55-59,vedovi,MF,914
Provincia di Misurata,mussulmani,55-59,vedovi,M,112
Provincia di Misurata,mussulmani,55-59,vedovi,F,802
Provincia di Misurata,mussulmani,55-59,divorziati,MF,49
Provincia di Misurata,mussulmani,55-59,divorziati,M,19
Provincia di Misurata,mussulmani,55-59,divorziati,F,30
Provincia di Misurata,mussulmani,55-59,ignoto,MF,1
Provincia di Misurata,mussulmani,55-59,ignoto,M,0
Provincia di Misurata,mussulmani,55-59,ignoto,F,1
Provincia di Misurata,mussulmani,60-64,all,MF,7650
Provincia di Misurata,mussulmani,60-64,all,M,3890
Provincia di Misurata,mussulmani,60-64,all,F,3760
Provincia di Misurata,mussulmani,60-64,celibi,MF,52
Provincia di Misurata,mussulmani,60-64,celibi,M,31
Provincia di Misurata,mussulmani,60-64,celibi,F,21
Provincia di Misurata,mussulmani,60-64,coniugati,MF,5461
Provincia di Misurata,mussulmani,60-64,coniugati,M,3664
Provincia di Misurata,mussulmani,60-64,coniugati,F,1797
Provincia di Misurata,mussulmani,60-64,vedovi,MF,2081
Provincia di Misurata,mussulmani,60-64,vedovi,M,169
Provincia di Misurata,mussulmani,60-64,vedovi,F,1912
Provincia di Misurata,mussulmani,60-64,divorziati,MF,54
Provincia di Misurata,mussulmani,60-64,divorziati,M,26
Provincia di Misurata,mussulmani,60-64,divorziati,F,28
Provincia di Misurata,mussulmani,60-64,ignoto,MF,2
Provincia di Misurata,mussulmani,60-64,ignoto,M,0
Provincia di Misurata,mussulmani,60-64,ignoto,F,2
Provincia di Misurata,mussulmani,65-69,all,MF,3442
Provincia di Misurata,mussulmani,65-69,all,M,1944
Provincia di Misurata,mussulmani,65-69,all,F,1498
Provincia di Misurata,mussulmani,65-69,celibi,MF,23
Provincia di Misurata,mussulmani,65-69,celibi,M,13
Provincia di Misurata,mussulmani,65-69,celibi,F,10
Provincia di Misurata,mussulmani,65-69,coniugati,MF,2403
Provincia di Misurata,mussulmani,65-69,coniugati,M,1816
Provincia di Misurata,mussulmani,65-69,coniugati,F,587
Provincia di Misurata,mussulmani,65-69,vedovi,MF,992
Provincia di Misurata,mussulmani,65-69,vedovi,M,103
Provincia di Misurata,mussulmani,65-69,vedovi,F,889
Provincia di Misurata,mussulmani,65-69,divorziati,MF,24
Provincia di Misurata,mussulmani,65-69,divorziati,M,12
Provincia di Misurata,mussulmani,65-69,divorziati,F,12
Provincia di Misurata,mussulmani,65-69,ignoto,MF,0
Provincia di Misurata,mussulmani,65-69,ignoto,M,0
Provincia di Misurata,mussulmani,65-69,ignoto,F,0
Provincia di Misurata,mussulmani,70-79,all,MF,6330
Provincia di Misurata,mussulmani,70-79,all,M,3371
Provincia di Misurata,mussulmani,70-79,all,F,2959
Provincia di Misurata,mussulmani,70-79,celibi,MF,22
Provincia di Misurata,mussulmani,70-79,celibi,M,16
Provincia di Misurata,mussulmani,70-79,celibi,F,6
Provincia di Misurata,mussulmani,70-79,coniugati,MF,3755
Provincia di Misurata,mussulmani,70-79,coniugati,M,3058
Provincia di Misurata,mussulmani,70-79,coniugati,F,697
Provincia di Misurata,mussulmani,70-79,vedovi,MF,2521
Provincia di Misurata,mussulmani,70-79,vedovi,M,278
Provincia di Misurata,mussulmani,70-79,vedovi,F,2243
Provincia di Misurata,mussulmani,70-79,divorziati,MF,32
Provincia di Misurata,mussulmani,70-79,divorziati,M,19
Provincia di Misurata,mussulmani,70-79,divorziati,F,13
Provincia di Misurata,mussulmani,70-79,ignoto,MF,0
Provincia di Misurata,mussulmani,70-79,ignoto,M,0
Provincia di Misurata,mussulmani,70-79,ignoto,F,0
Provincia di Misurata,mussulmani,80-89,all,MF,2223
Provincia di Misurata,mussulmani,80-89,all,M,1159
Provincia di Misurata,mussulmani,80-89,all,F,1064
Provincia di Misurata,mussulmani,80-89,celibi,MF,14
Provincia di Misurata,mussulmani,80-89,celibi,M,8
Provincia di Misurata,mussulmani,80-89,celibi,F,6
Provincia di Misurata,mussulmani,80-89,coniugati,MF,1079
Provincia di Misurata,mussulmani,80-89,coniugati,M,970
Provincia di Misurata,mussulmani,80-89,coniugati,F,109
Provincia di Misurata,mussulmani,80-89,vedovi,MF,1114
Provincia di Misurata,mussulmani,80-89,vedovi,M,169
Provincia di Misurata,mussulmani,80-89,vedovi,F,945
Provincia di Misurata,mussulmani,80-89,divorziati,MF,15
Provincia di Misurata,mussulmani,80-89,divorziati,M,11
Provincia di Misurata,mussulmani,80-89,divorziati,F,4
Provincia di Misurata,mussulmani,80-89,ignoto,MF,1
Provincia di Misurata,mussulmani,80-89,ignoto,M,1
Provincia di Misurata,mussulmani,80-89,ignoto,F,0
Provincia di Misurata,mussulmani,90+,all,MF,552
Provincia di Misurata,mussulmani,90+,all,M,336
Provincia di Misurata,mussulmani,90+,all,F,216
Provincia di Misurata,mussulmani,90+,celibi,MF,1
Provincia di Misurata,mussulmani,90+,celibi,M,1
Provincia di Misurata,mussulmani,90+,celibi,F,0
Provincia di Misurata,mussulmani,90+,coniugati,MF,272
Provincia di Misurata,mussulmani,90+,coniugati,M,261
Provincia di Misurata,mussulmani,90+,coniugati,F,11
Provincia di Misurata,mussulmani,90+,vedovi,MF,275
Provincia di Misurata,mussulmani,90+,vedovi,M,70
Provincia di Misurata,mussulmani,90+,vedovi,F,205
Provincia di Misurata,mussulmani,90+,divorziati,MF,4
Provincia di Misurata,mussulmani,90+,divorziati,M,4
Provincia di Misurata,mussulmani,90+,divorziati,F,0
Provincia di Misurata,mussulmani,90+,ignoto,MF,0
Provincia di Misurata,mussulmani,90+,ignoto,M,0
Provincia di Misurata,mussulmani,90+,ignoto,F,0
Provincia di Misurata,mussulmani,ignota,all,MF,146
Provincia di Misurata,mussulmani,ignota,all,M,69
Provincia di Misurata,mussulmani,ignota,all,F,77
Provincia di Misurata,mussulmani,ignota,celibi,MF,65
Provincia di Misurata,mussulmani,ignota,celibi,M,37
Provincia di Misurata,mussulmani,ignota,celibi,F,28
Provincia di Misurata,mussulmani,ignota,coniugati,MF,70
Provincia di Misurata,mussulmani,ignota,coniugati,M,30
Provincia di Misurata,mussulmani,ignota,coniugati,F,40
Provincia di Misurata,mussulmani,ignota,vedovi,MF,9
Provincia di Misurata,mussulmani,ignota,vedovi,M,2
Provincia di Misurata,mussulmani,ignota,vedovi,F,7
Provincia di Misurata,mussulmani,ignota,divorziati,MF,2
Provincia di Misurata,mussulmani,ignota,divorziati,M,0
Provincia di Misurata,mussulmani,ignota,divorziati,F,2
Provincia di Misurata,mussulmani,ignota,ignoto,MF,0
Provincia di Misurata,mussulmani,ignota,ignoto,M,0
Provincia di Misurata,mussulmani,ignota,ignoto,F,0
Provincia di Misurata,mussulmani,Totale,all,MF,210383
Provincia di Misurata,mussulmani,Totale,all,M,109740
Provincia di Misurata,mussulmani,Totale,all,F,100643
Provincia di Misurata,mussulmani,Totale,celibi,MF,103577
Provincia di Misurata,mussulmani,Totale,celibi,M,61130
Provincia di Misurata,mussulmani,Totale,celibi,F,42447
Provincia di Misurata,mussulmani,Totale,coniugati,MF,94294
Provincia di Misurata,mussulmani,Totale,coniugati,M,46291
Provincia di Misurata,mussulmani,Totale,coniugati,F,48003
Provincia di Misurata,mussulmani,Totale,vedovi,MF,11472
Provincia di Misurata,mussulmani,Totale,vedovi,M,1797
Provincia di Misurata,mussulmani,Totale,vedovi,F,9675
Provincia di Misurata,mussulmani,Totale,divorziati,MF,1034
Provincia di Misurata,mussulmani,Totale,divorziati,M,520
Provincia di Misurata,mussulmani,Totale,divorziati,F,514
Provincia di Misurata,mussulmani,Totale,ignoto,MF,6
Provincia di Misurata,mussulmani,Totale,ignoto,M,2
Provincia di Misurata,mussulmani,Totale,ignoto,F,4
Provincia di Misurata,ebrei,0-4,all,MF,480
Provincia di Misurata,ebrei,0-4,all,M,230
Provincia di Misurata,ebrei,0-4,all,F,250
Provincia di Misurata,ebrei,0-4,celibi,MF,480
Provincia di Misurata,ebrei,0-4,celibi,M,230
Provincia di Misurata,ebrei,0-4,celibi,F,250
Provincia di Misurata,ebrei,0-4,coniugati,MF,0
Provincia di Misurata,ebrei,0-4,coniugati,M,0
Provincia di Misurata,ebrei,0-4,coniugati,F,0
Provincia di Misurata,ebrei,0-4,vedovi,MF,0
Provincia di Misurata,ebrei,0-4,vedovi,M,0
Provincia di Misurata,ebrei,0-4,vedovi,F,0
Provincia di Misurata,ebrei,0-4,divorziati,MF,0
Provincia di Misurata,ebrei,0-4,divorziati,M,0
Provincia di Misurata,ebrei,0-4,divorziati,F,0
Provincia di Misurata,ebrei,0-4,ignoto,MF,0
Provincia di Misurata,ebrei,0-4,ignoto,M,0
Provincia di Misurata,ebrei,0-4,ignoto,F,0
Provincia di Misurata,ebrei,5-9,all,MF,483
Provincia di Misurata,ebrei,5-9,all,M,232
Provincia di Misurata,ebrei,5-9,all,F,251
Provincia di Misurata,ebrei,5-9,celibi,MF,483
Provincia di Misurata,ebrei,5-9,celibi,M,232
Provincia di Misurata,ebrei,5-9,celibi,F,251
Provincia di Misurata,ebrei,5-9,coniugati,MF,0
Provincia di Misurata,ebrei,5-9,coniugati,M,0
Provincia di Misurata,ebrei,5-9,coniugati,F,0
Provincia di Misurata,ebrei,5-9,vedovi,MF,0
Provincia di Misurata,ebrei,5-9,vedovi,M,0
Provincia di Misurata,ebrei,5-9,vedovi,F,0
Provincia di Misurata,ebrei,5-9,divorziati,MF,0
Provincia di Misurata,ebrei,5-9,divorziati,M,0
Provincia di Misurata,ebrei,5-9,divorziati,F,0
Provincia di Misurata,ebrei,5-9,ignoto,MF,0
Provincia di Misurata,ebrei,5-9,ignoto,M,0
Provincia di Misurata,ebrei,5-9,ignoto,F,0
Provincia di Misurata,ebrei,10-14,all,MF,383
Provincia di Misurata,ebrei,10-14,all,M,194
Provincia di Misurata,ebrei,10-14,all,F,189
Provincia di Misurata,ebrei,10-14,celibi,MF,382
Provincia di Misurata,ebrei,10-14,celibi,M,194
Provincia di Misurata,ebrei,10-14,celibi,F,188
Provincia di Misurata,ebrei,10-14,coniugati,MF,1
Provincia di Misurata,ebrei,10-14,coniugati,M,0
Provincia di Misurata,ebrei,10-14,coniugati,F,1
Provincia di Misurata,ebrei,10-14,vedovi,MF,0
Provincia di Misurata,ebrei,10-14,vedovi,M,0
Provincia di Misurata,ebrei,10-14,vedovi,F,0
Provincia di Misurata,ebrei,10-14,divorziati,MF,0
Provincia di Misurata,ebrei,10-14,divorziati,M,0
Provincia di Misurata,ebrei,10-14,divorziati,F,0
Provincia di Misurata,ebrei,10-14,ignoto,MF,0
Provincia di Misurata,ebrei,10-14,ignoto,M,0
Provincia di Misurata,ebrei,10-14,ignoto,F,0
Provincia di Misurata,ebrei,15-19,all,MF,266
Provincia di Misurata,ebrei,15-19,all,M,140
Provincia di Misurata,ebrei,15-19,all,F,126
Provincia di Misurata,ebrei,15-19,celibi,MF,226
Provincia di Misurata,ebrei,15-19,celibi,M,137
Provincia di Misurata,ebrei,15-19,celibi,F,89
Provincia di Misurata,ebrei,15-19,coniugati,MF,40
Provincia di Misurata,ebrei,15-19,coniugati,M,3
Provincia di Misurata,ebrei,15-19,coniugati,F,37
Provincia di Misurata,ebrei,15-19,vedovi,MF,0
Provincia di Misurata,ebrei,15-19,vedovi,M,0
Provincia di Misurata,ebrei,15-19,vedovi,F,0
Provincia di Misurata,ebrei,15-19,divorziati,MF,0
Provincia di Misurata,ebrei,15-19,divorziati,M,0
Provincia di Misurata,ebrei,15-19,divorziati,F,0
Provincia di Misurata,ebrei,15-19,ignoto,MF,0
Provincia di Misurata,ebrei,15-19,ignoto,M,0
Provincia di Misurata,ebrei,15-19,ignoto,F,0
Provincia di Misurata,ebrei,20-24,all,MF,193
Provincia di Misurata,ebrei,20-24,all,M,91
Provincia di Misurata,ebrei,20-24,all,F,102
Provincia di Misurata,ebrei,20-24,celibi,MF,73
Provincia di Misurata,ebrei,20-24,celibi,M,45
Provincia di Misurata,ebrei,20-24,celibi,F,28
Provincia di Misurata,ebrei,20-24,coniugati,MF,119
Provincia di Misurata,ebrei,20-24,coniugati,M,46
Provincia di Misurata,ebrei,20-24,coniugati,F,73
Provincia di Misurata,ebrei,20-24,vedovi,MF,0
Provincia di Misurata,ebrei,20-24,vedovi,M,0
Provincia di Misurata,ebrei,20-24,vedovi,F,0
Provincia di Misurata,ebrei,20-24,divorziati,MF,1
Provincia di Misurata,ebrei,20-24,divorziati,M,0
Provincia di Misurata,ebrei,20-24,divorziati,F,1
Provincia di Misurata,ebrei,20-24,ignoto,MF,0
Provincia di Misurata,ebrei,20-24,ignoto,M,0
Provincia di Misurata,ebrei,20-24,ignoto,F,0
Provincia di Misurata,ebrei,25-29,all,MF,211
Provincia di Misurata,ebrei,25-29,all,M,107
Provincia di Misurata,ebrei,25-29,all,F,104
Provincia di Misurata,ebrei,25-29,celibi,MF,33
Provincia di Misurata,ebrei,25-29,celibi,M,28
Provincia di Misurata,ebrei,25-29,celibi,F,5
Provincia di Misurata,ebrei,25-29,coniugati,MF,174
Provincia di Misurata,ebrei,25-29,coniugati,M,79
Provincia di Misurata,ebrei,25-29,coniugati,F,95
Provincia di Misurata,ebrei,25-29,vedovi,MF,2
Provincia di Misurata,ebrei,25-29,vedovi,M,0
Provincia di Misurata,ebrei,25-29,vedovi,F,2
Provincia di Misurata,ebrei,25-29,divorziati,MF,1
Provincia di Misurata,ebrei,25-29,divorziati,M,0
Provincia di Misurata,ebrei,25-29,divorziati,F,1
Provincia di Misurata,ebrei,25-29,ignoto,MF,1
Provincia di Misurata,ebrei,25-29,ignoto,M,0
Provincia di Misurata,ebrei,25-29,ignoto,F,1
Provincia di Misurata,ebrei,30-34,all,MF,184
Provincia di Misurata,ebrei,30-34,all,M,79
Provincia di Misurata,ebrei,30-34,all,F,105
Provincia di Misurata,ebrei,30-34,celibi,MF,14
Provincia di Misurata,ebrei,30-34,celibi,M,6
Provincia di Misurata,ebrei,30-34,celibi,F,8
Provincia di Misurata,ebrei,30-34,coniugati,MF,165
Provincia di Misurata,ebrei,30-34,coniugati,M,73
Provincia di Misurata,ebrei,30-34,coniugati,F,92
Provincia di Misurata,ebrei,30-34,vedovi,MF,4
Provincia di Misurata,ebrei,30-34,vedovi,M,0
Provincia di Misurata,ebrei,30-34,vedovi,F,4
Provincia di Misurata,ebrei,30-34,divorziati,MF,1
Provincia di Misurata,ebrei,30-34,divorziati,M,0
Provincia di Misurata,ebrei,30-34,divorziati,F,1
Provincia di Misurata,ebrei,30-34,ignoto,MF,0
Provincia di Misurata,ebrei,30-34,ignoto,M,0
Provincia di Misurata,ebrei,30-34,ignoto,F,0
Provincia di Misurata,ebrei,35-39,all,MF,176
Provincia di Misurata,ebrei,35-39,all,M,70
Provincia di Misurata,ebrei,35-39,all,F,106
Provincia di Misurata,ebrei,35-39,celibi,MF,6
Provincia di Misurata,ebrei,35-39,celibi,M,1
Provincia di Misurata,ebrei,35-39,celibi,F,5
Provincia di Misurata,ebrei,35-39,coniugati,MF,156
Provincia di Misurata,ebrei,35-39,coniugati,M,68
Provincia di Misurata,ebrei,35-39,coniugati,F,88
Provincia di Misurata,ebrei,35-39,vedovi,MF,12
Provincia di Misurata,ebrei,35-39,vedovi,M,1
Provincia di Misurata,ebrei,35-39,vedovi,F,11
Provincia di Misurata,ebrei,35-39,divorziati,MF,0
Provincia di Misurata,ebrei,35-39,divorziati,M,0
Provincia di Misurata,ebrei,35-39,divorziati,F,0
Provincia di Misurata,ebrei,35-39,ignoto,MF,2
Provincia di Misurata,ebrei,35-39,ignoto,M,0
Provincia di Misurata,ebrei,35-39,ignoto,F,2
Provincia di Misurata,ebrei,40-44,all,MF,194
Provincia di Misurata,ebrei,40-44,all,M,92
Provincia di Misurata,ebrei,40-44,all,F,102
Provincia di Misurata,ebrei,40-44,celibi,MF,4
Provincia di Misurata,ebrei,40-44,celibi,M,0
Provincia di Misurata,ebrei,40-44,celibi,F,4
Provincia di Misurata,ebrei,40-44,coniugati,MF,176
Provincia di Misurata,ebrei,40-44,coniugati,M,91
Provincia di Misurata,ebrei,40-44,coniugati,F,85
Provincia di Misurata,ebrei,40-44,vedovi,MF,12
Provincia di Misurata,ebrei,40-44,vedovi,M,1
Provincia di Misurata,ebrei,40-44,vedovi,F,11
Provincia di Misurata,ebrei,40-44,divorziati,MF,2
Provincia di Misurata,ebrei,40-44,divorziati,M,0
Provincia di Misurata,ebrei,40-44,divorziati,F,2
Provincia di Misurata,ebrei,40-44,ignoto,MF,0
Provincia di Misurata,ebrei,40-44,ignoto,M,0
Provincia di Misurata,ebrei,40-44,ignoto,F,0
Provincia di Misurata,ebrei,45-49,all,MF,130
Provincia di Misurata,ebrei,45-49,all,M,73
Provincia di Misurata,ebrei,45-49,all,F,57
Provincia di Misurata,ebrei,45-49,celibi,MF,1
Provincia di Misurata,ebrei,45-49,celibi,M,0
Provincia di Misurata,ebrei,45-49,celibi,F,1
Provincia di Misurata,ebrei,45-49,coniugati,MF,114
Provincia di Misurata,ebrei,45-49,coniugati,M,73
Provincia di Misurata,ebrei,45-49,coniugati,F,41
Provincia di Misurata,ebrei,45-49,vedovi,MF,15
Provincia di Misurata,ebrei,45-49,vedovi,M,0
Provincia di Misurata,ebrei,45-49,vedovi,F,15
Provincia di Misurata,ebrei,45-49,divorziati,MF,0
Provincia di Misurata,ebrei,45-49,divorziati,M,0
Provincia di Misurata,ebrei,45-49,divorziati,F,0
Provincia di Misurata,ebrei,45-49,ignoto,MF,0
Provincia di Misurata,ebrei,45-49,ignoto,M,0
Provincia di Misurata,ebrei,45-49,ignoto,F,0
Provincia di Misurata,ebrei,50-54,all,MF,115
Provincia di Misurata,ebrei,50-54,all,M,51
Provincia di Misurata,ebrei,50-54,all,F,64
Provincia di Misurata,ebrei,50-54,celibi,MF,2
Provincia di Misurata,ebrei,50-54,celibi,M,0
Provincia di Misurata,ebrei,50-54,celibi,F,2
Provincia di Misurata,ebrei,50-54,coniugati,MF,90
Provincia di Misurata,ebrei,50-54,coniugati,M,50
Provincia di Misurata,ebrei,50-54,coniugati,F,40
Provincia di Misurata,ebrei,50-54,vedovi,MF,21
Provincia di Misurata,ebrei,50-54,vedovi,M,0
Provincia di Misurata,ebrei,50-54,vedovi,F,21
Provincia di Misurata,ebrei,50-54,divorziati,MF,2
Provincia di Misurata,ebrei,50-54,divorziati,M,1
Provincia di Misurata,ebrei,50-54,divorziati,F,1
Provincia di Misurata,ebrei,50-54,ignoto,MF,0
Provincia di Misurata,ebrei,50-54,ignoto,M,0
Provincia di Misurata,ebrei,50-54,ignoto,F,0
Provincia di Misurata,ebrei,55-59,all,MF,64
Provincia di Misurata,ebrei,55-59,all,M,31
Provincia di Misurata,ebrei,55-59,all,F,33
Provincia di Misurata,ebrei,55-59,celibi,MF,0
Provincia di Misurata,ebrei,55-59,celibi,M,0
Provincia di Misurata,ebrei,55-59,celibi,F,0
Provincia di Misurata,ebrei,55-59,coniugati,MF,50
Provincia di Misurata,ebrei,55-59,coniugati,M,29
Provincia di Misurata,ebrei,55-59,coniugati,F,21
Provincia di Misurata,ebrei,55-59,vedovi,MF,12
Provincia di Misurata,ebrei,55-59,vedovi,M,2
Provincia di Misurata,ebrei,55-59,vedovi,F,10
Provincia di Misurata,ebrei,55-59,divorziati,MF,2
Provincia di Misurata,ebrei,55-59,divorziati,M,0
Provincia di Misurata,ebrei,55-59,divorziati,F,2
Provincia di Misurata,ebrei,55-59,ignoto,MF,0
Provincia di Misurata,ebrei,55-59,ignoto,M,0
Provincia di Misurata,ebrei,55-59,ignoto,F,0
Provincia di Misurata,ebrei,60-64,all,MF,79
Provincia di Misurata,ebrei,60-64,all,M,35
Provincia di Misurata,ebrei,60-64,all,F,44
Provincia di Misurata,ebrei,60-64,celibi,MF,0
Provincia di Misurata,ebrei,60-64,celibi,M,0
Provincia di Misurata,ebrei,60-64,celibi,F,0
Provincia di Misurata,ebrei,60-64,coniugati,MF,50
Provincia di Misurata,ebrei,60-64,coniugati,M,34
Provincia di Misurata,ebrei,60-64,coniugati,F,16
Provincia di Misurata,ebrei,60-64,vedovi,MF,29
Provincia di Misurata,ebrei,60-64,vedovi,M,1
Provincia di Misurata,ebrei,60-64,vedovi,F,28
Provincia di Misurata,ebrei,60-64,divorziati,MF,0
Provincia di Misurata,ebrei,60-64,divorziati,M,0
Provincia di Misurata,ebrei,60-64,divorziati,F,0
Provincia di Misurata,ebrei,60-64,ignoto,MF,0
Provincia di Misurata,ebrei,60-64,ignoto,M,0
Provincia di Misurata,ebrei,60-64,ignoto,F,0
Provincia di Misurata,ebrei,65-69,all,MF,36
Provincia di Misurata,ebrei,65-69,all,M,18
Provincia di Misurata,ebrei,65-69,all,F,18
Provincia di Misurata,ebrei,65-69,celibi,MF,0
Provincia di Misurata,ebrei,65-69,celibi,M,0
Provincia di Misurata,ebrei,65-69,celibi,F,0
Provincia di Misurata,ebrei,65-69,coniugati,MF,24
Provincia di Misurata,ebrei,65-69,coniugati,M,18
Provincia di Misurata,ebrei,65-69,coniugati,F,6
Provincia di Misurata,ebrei,65-69,vedovi,MF,12
Provincia di Misurata,ebrei,65-69,vedovi,M,0
Provincia di Misurata,ebrei,65-69,vedovi,F,12
Provincia di Misurata,ebrei,65-69,divorziati,MF,0
Provincia di Misurata,ebrei,65-69,divorziati,M,0
Provincia di Misurata,ebrei,65-69,divorziati,F,0
Provincia di Misurata,ebrei,65-69,ignoto,MF,0
Provincia di Misurata,ebrei,65-69,ignoto,M,0
Provincia di Misurata,ebrei,65-69,ignoto,F,0
Provincia di Misurata,ebrei,70-79,all,MF,66
Provincia di Misurata,ebrei,70-79,all,M,24
Provincia di Misurata,ebrei,70-79,all,F,42
Provincia di Misurata,ebrei,70-79,celibi,MF,2
Provincia di Misurata,ebrei,70-79,celibi,M,0
Provincia di Misurata,ebrei,70-79,celibi,F,2
Provincia di Misurata,ebrei,70-79,coniugati,MF,29
Provincia di Misurata,ebrei,70-79,coniugati,M,21
Provincia di Misurata,ebrei,70-79,coniugati,F,8
Provincia di Misurata,ebrei,70-79,vedovi,MF,35
Provincia di Misurata,ebrei,70-79,vedovi,M,3
Provincia di Misurata,ebrei,70-79,vedovi,F,32
Provincia di Misurata,ebrei,70-79,divorziati,MF,0
Provincia di Misurata,ebrei,70-79,divorziati,M,0
Provincia di Misurata,ebrei,70-79,divorziati,F,0
Provincia di Misurata,ebrei,70-79,ignoto,MF,0
Provincia di Misurata,ebrei,70-79,ignoto,M,0
Provincia di Misurata,ebrei,70-79,ignoto,F,0
Provincia di Misurata,ebrei,80-89,all,MF,22
Provincia di Misurata,ebrei,80-89,all,M,12
Provincia di Misurata,ebrei,80-89,all,F,10
Provincia di Misurata,ebrei,80-89,celibi,MF,0
Provincia di Misurata,ebrei,80-89,celibi,M,0
Provincia di Misurata,ebrei,80-89,celibi,F,0
Provincia di Misurata,ebrei,80-89,coniugati,MF,9
Provincia di Misurata,ebrei,80-89,coniugati,M,9
Provincia di Misurata,ebrei,80-89,coniugati,F,0
Provincia di Misurata,ebrei,80-89,vedovi,MF,13
Provincia di Misurata,ebrei,80-89,vedovi,M,3
Provincia di Misurata,ebrei,80-89,vedovi,F,10
Provincia di Misurata,ebrei,80-89,divorziati,MF,0
Provincia di Misurata,ebrei,80-89,divorziati,M,0
Provincia di Misurata,ebrei,80-89,divorziati,F,0
Provincia di Misurata,ebrei,80-89,ignoto,MF,0
Provincia di Misurata,ebrei,80-89,ignoto,M,0
Provincia di Misurata,ebrei,80-89,ignoto,F,0
Provincia di Misurata,ebrei,90+,all,MF,5
Provincia di Misurata,ebrei,90+,all,M,2
Provincia di Misurata,ebrei,90+,all,F,3
Provincia di Misurata,ebrei,90+,celibi,MF,0
Provincia di Misurata,ebrei,90+,celibi,M,0
Provincia di Misurata,ebrei,90+,celibi,F,0
Provincia di Misurata,ebrei,90+,coniugati,MF,1
Provincia di Misurata,ebrei,90+,coniugati,M,0
Provincia di Misurata,ebrei,90+,coniugati,F,1
Provincia di Misurata,ebrei,90+,vedovi,MF,4
Provincia di Misurata,ebrei,90+,vedovi,M,2
Provincia di Misurata,ebrei,90+,vedovi,F,2
Provincia di Misurata,ebrei,90+,divorziati,MF,0
Provincia di Misurata,ebrei,90+,divorziati,M,0
Provincia di Misurata,ebrei,90+,divorziati,F,0
Provincia di Misurata,ebrei,90+,ignoto,MF,0
Provincia di Misurata,ebrei,90+,ignoto,M,0
Provincia di Misurata,ebrei,90+,ignoto,F,0
Provincia di Misurata,ebrei,ignota,all,MF,9
Provincia di Misurata,ebrei,ignota,all,M,4
Provincia di Misurata,ebrei,ignota,all,F,5
Provincia di Misurata,ebrei,ignota,celibi,MF,5
Provincia di Misurata,ebrei,ignota,celibi,M,2
Provincia di Misurata,ebrei,ignota,celibi,F,3
Provincia di Misurata,ebrei,ignota,coniugati,MF,4
Provincia di Misurata,ebrei,ignota,coniugati,M,2
Provincia di Misurata,ebrei,ignota,coniugati,F,2
Provincia di Misurata,ebrei,ignota,vedovi,MF,0
Provincia di Misurata,ebrei,ignota,vedovi,M,0
Provincia di Misurata,ebrei,ignota,vedovi,F,0
Provincia di Misurata,ebrei,ignota,divorziati,MF,0
Provincia di Misurata,ebrei,ignota,divorziati,M,0
Provincia di Misurata,ebrei,ignota,divorziati,F,0
Provincia di Misurata,ebrei,ignota,ignoto,MF,0
Provincia di Misurata,ebrei,ignota,ignoto,M,0
Provincia di Misurata,ebrei,ignota,ignoto,F,0
Provincia di Misurata,ebrei,Totale,all,MF,3096
Provincia di Misurata,ebrei,Totale,all,M,1485
Provincia di Misurata,ebrei,Totale,all,F,1611
Provincia di Misurata,ebrei,Totale,celibi,MF,1711
Provincia di Misurata,ebrei,Totale,celibi,M,875
Provincia di Misurata,ebrei,Totale,celibi,F,836
Provincia di Misurata,ebrei,Totale,coniugati,MF,1202
Provincia di Misurata,ebrei,Totale,coniugati,M,596
Provincia di Misurata,ebrei,Totale,coniugati,F,606
Provincia di Misurata,ebrei,Totale,vedovi,MF,171
Provincia di Misurata,ebrei,Totale,vedovi,M,13
Provincia di Misurata,ebrei,Totale,vedovi,F,158
Provincia di Misurata,ebrei,Totale,divorziati,MF,9
Provincia di Misurata,ebrei,Totale,divorziati,M,1
Provincia di Misurata,ebrei,Totale,divorziati,F,8
Provincia di Misurata,ebrei,Totale,ignoto,MF,3
Provincia di Misurata,ebrei,Totale,ignoto,M,0
Provincia di Misurata,ebrei,Totale,ignoto,F,3
Provincia di Bengasi,complesso,0-4,all,MF,11967
Provincia di Bengasi,complesso,0-4,all,M,6094
Provincia di Bengasi,complesso,0-4,all,F,5873
Provincia di Bengasi,complesso,0-4,celibi,MF,11967
Provincia di Bengasi,complesso,0-4,celibi,M,6094
Provincia di Bengasi,complesso,0-4,celibi,F,5873
Provincia di Bengasi,complesso,0-4,coniugati,MF,0
Provincia di Bengasi,complesso,0-4,coniugati,M,0
Provincia di Bengasi,complesso,0-4,coniugati,F,0
Provincia di Bengasi,complesso,0-4,vedovi,MF,0
Provincia di Bengasi,complesso,0-4,vedovi,M,0
Provincia di Bengasi,complesso,0-4,vedovi,F,0
Provincia di Bengasi,complesso,0-4,divorziati,MF,0
Provincia di Bengasi,complesso,0-4,divorziati,M,0
Provincia di Bengasi,complesso,0-4,divorziati,F,0
Provincia di Bengasi,complesso,0-4,ignoto,MF,0
Provincia di Bengasi,complesso,0-4,ignoto,M,0
Provincia di Bengasi,complesso,0-4,ignoto,F,0
Provincia di Bengasi,complesso,5-9,all,MF,10934
Provincia di Bengasi,complesso,5-9,all,M,5832
Provincia di Bengasi,complesso,5-9,all,F,5102
Provincia di Bengasi,complesso,5-9,celibi,MF,10934
Provincia di Bengasi,complesso,5-9,celibi,M,5832
Provincia di Bengasi,complesso,5-9,celibi,F,5102
Provincia di Bengasi,complesso,5-9,coniugati,MF,0
Provincia di Bengasi,complesso,5-9,coniugati,M,0
Provincia di Bengasi,complesso,5-9,coniugati,F,0
Provincia di Bengasi,complesso,5-9,vedovi,MF,0
Provincia di Bengasi,complesso,5-9,vedovi,M,0
Provincia di Bengasi,complesso,5-9,vedovi,F,0
Provincia di Bengasi,complesso,5-9,divorziati,MF,0
Provincia di Bengasi,complesso,5-9,divorziati,M,0
Provincia di Bengasi,complesso,5-9,divorziati,F,0
Provincia di Bengasi,complesso,5-9,ignoto,MF,0
Provincia di Bengasi,complesso,5-9,ignoto,M,0
Provincia di Bengasi,complesso,5-9,ignoto,F,0
Provincia di Bengasi,complesso,10-14,all,MF,9964
Provincia di Bengasi,complesso,10-14,all,M,5490
Provincia di Bengasi,complesso,10-14,all,F,4474
Provincia di Bengasi,complesso,10-14,celibi,MF,9933
Provincia di Bengasi,complesso,10-14,celibi,M,5483
Provincia di Bengasi,complesso,10-14,celibi,F,4450
Provincia di Bengasi,complesso,10-14,coniugati,MF,25
Provincia di Bengasi,complesso,10-14,coniugati,M,6
Provincia di Bengasi,complesso,10-14,coniugati,F,19
Provincia di Bengasi,complesso,10-14,vedovi,MF,2
Provincia di Bengasi,complesso,10-14,vedovi,M,1
Provincia di Bengasi,complesso,10-14,vedovi,F,1
Provincia di Bengasi,complesso,10-14,divorziati,MF,3
Provincia di Bengasi,complesso,10-14,divorziati,M,0
Provincia di Bengasi,complesso,10-14,divorziati,F,3
Provincia di Bengasi,complesso,10-14,ignoto,MF,1
Provincia di Bengasi,complesso,10-14,ignoto,M,0
Provincia di Bengasi,complesso,10-14,ignoto,F,1
Provincia di Bengasi,complesso,15-19,all,MF,6143
Provincia di Bengasi,complesso,15-19,all,M,2981
Provincia di Bengasi,complesso,15-19,all,F,3162
Provincia di Bengasi,complesso,15-19,celibi,MF,4909
Provincia di Bengasi,complesso,15-19,celibi,M,2927
Provincia di Bengasi,complesso,15-19,celibi,F,1982
Provincia di Bengasi,complesso,15-19,coniugati,MF,1115
Provincia di Bengasi,complesso,15-19,coniugati,M,48
Provincia di Bengasi,complesso,15-19,coniugati,F,1067
Provincia di Bengasi,complesso,15-19,vedovi,MF,19
Provincia di Bengasi,complesso,15-19,vedovi,M,0
Provincia di Bengasi,complesso,15-19,vedovi,F,19
Provincia di Bengasi,complesso,15-19,divorziati,MF,100
Provincia di Bengasi,complesso,15-19,divorziati,M,6
Provincia di Bengasi,complesso,15-19,divorziati,F,94
Provincia di Bengasi,complesso,15-19,ignoto,MF,0
Provincia di Bengasi,complesso,15-19,ignoto,M,0
Provincia di Bengasi,complesso,15-19,ignoto,F,0
Provincia di Bengasi,complesso,20-24,all,MF,5405
Provincia di Bengasi,complesso,20-24,all,M,2608
Provincia di Bengasi,complesso,20-24,all,F,2797
Provincia di Bengasi,complesso,20-24,celibi,MF,2654
Provincia di Bengasi,complesso,20-24,celibi,M,2106
Provincia di Bengasi,complesso,20-24,celibi,F,548
Provincia di Bengasi,complesso,20-24,coniugati,MF,2536
Provincia di Bengasi,complesso,20-24,coniugati,M,454
Provincia di Bengasi,complesso,20-24,coniugati,F,2082
Provincia di Bengasi,complesso,20-24,vedovi,MF,54
Provincia di Bengasi,complesso,20-24,vedovi,M,17
Provincia di Bengasi,complesso,20-24,vedovi,F,37
Provincia di Bengasi,complesso,20-24,divorziati,MF,161
Provincia di Bengasi,complesso,20-24,divorziati,M,31
Provincia di Bengasi,complesso,20-24,divorziati,F,130
Provincia di Bengasi,complesso,20-24,ignoto,MF,0
Provincia di Bengasi,complesso,20-24,ignoto,M,0
Provincia di Bengasi,complesso,20-24,ignoto,F,0
Provincia di Bengasi,complesso,25-29,all,MF,7975
Provincia di Bengasi,complesso,25-29,all,M,4159
Provincia di Bengasi,complesso,25-29,all,F,3816
Provincia di Bengasi,complesso,25-29,celibi,MF,2441
Provincia di Bengasi,complesso,25-29,celibi,M,2196
Provincia di Bengasi,complesso,25-29,celibi,F,245
Provincia di Bengasi,complesso,25-29,coniugati,MF,5137
Provincia di Bengasi,complesso,25-29,coniugati,M,1817
Provincia di Bengasi,complesso,25-29,coniugati,F,3320
Provincia di Bengasi,complesso,25-29,vedovi,MF,157
Provincia di Bengasi,complesso,25-29,vedovi,M,51
Provincia di Bengasi,complesso,25-29,vedovi,F,106
Provincia di Bengasi,complesso,25-29,divorziati,MF,240
Provincia di Bengasi,complesso,25-29,divorziati,M,95
Provincia di Bengasi,complesso,25-29,divorziati,F,145
Provincia di Bengasi,complesso,25-29,ignoto,MF,0
Provincia di Bengasi,complesso,25-29,ignoto,M,0
Provincia di Bengasi,complesso,25-29,ignoto,F,0
Provincia di Bengasi,complesso,30-34,all,MF,8699
Provincia di Bengasi,complesso,30-34,all,M,4415
Provincia di Bengasi,complesso,30-34,all,F,4284
Provincia di Bengasi,complesso,30-34,celibi,MF,1448
Provincia di Bengasi,complesso,30-34,celibi,M,1347
Provincia di Bengasi,complesso,30-34,celibi,F,101
Provincia di Bengasi,complesso,30-34,coniugati,MF,6699
Provincia di Bengasi,complesso,30-34,coniugati,M,2812
Provincia di Bengasi,complesso,30-34,coniugati,F,3887
Provincia di Bengasi,complesso,30-34,vedovi,MF,245
Provincia di Bengasi,complesso,30-34,vedovi,M,113
Provincia di Bengasi,complesso,30-34,vedovi,F,132
Provincia di Bengasi,complesso,30-34,divorziati,MF,307
Provincia di Bengasi,complesso,30-34,divorziati,M,143
Provincia di Bengasi,complesso,30-34,divorziati,F,164
Provincia di Bengasi,complesso,30-34,ignoto,MF,0
Provincia di Bengasi,complesso,30-34,ignoto,M,0
Provincia di Bengasi,complesso,30-34,ignoto,F,0
Provincia di Bengasi,complesso,35-39,all,MF,7191
Provincia di Bengasi,complesso,35-39,all,M,3830
Provincia di Bengasi,complesso,35-39,all,F,3361
Provincia di Bengasi,complesso,35-39,celibi,MF,707
Provincia di Bengasi,complesso,35-39,celibi,M,657
Provincia di Bengasi,complesso,35-39,celibi,F,50
Provincia di Bengasi,complesso,35-39,coniugati,MF,5905
Provincia di Bengasi,complesso,35-39,coniugati,M,2895
Provincia di Bengasi,complesso,35-39,coniugati,F,3010
Provincia di Bengasi,complesso,35-39,vedovi,MF,288
Provincia di Bengasi,complesso,35-39,vedovi,M,131
Provincia di Bengasi,complesso,35-39,vedovi,F,157
Provincia di Bengasi,complesso,35-39,divorziati,MF,291
Provincia di Bengasi,complesso,35-39,divorziati,M,147
Provincia di Bengasi,complesso,35-39,divorziati,F,144
Provincia di Bengasi,complesso,35-39,ignoto,MF,0
Provincia di Bengasi,complesso,35-39,ignoto,M,0
Provincia di Bengasi,complesso,35-39,ignoto,F,0
Provincia di Bengasi,complesso,40-44,all,MF,6726
Provincia di Bengasi,complesso,40-44,all,M,3151
Provincia di Bengasi,complesso,40-44,all,F,3575
Provincia di Bengasi,complesso,40-44,celibi,MF,286
Provincia di Bengasi,complesso,40-44,celibi,M,245
Provincia di Bengasi,complesso,40-44,celibi,F,41
Provincia di Bengasi,complesso,40-44,coniugati,MF,5621
Provincia di Bengasi,complesso,40-44,coniugati,M,2583
Provincia di Bengasi,complesso,40-44,coniugati,F,3038
Provincia di Bengasi,complesso,40-44,vedovi,MF,575
Provincia di Bengasi,complesso,40-44,vedovi,M,220
Provincia di Bengasi,complesso,40-44,vedovi,F,355
Provincia di Bengasi,complesso,40-44,divorziati,MF,244
Provincia di Bengasi,complesso,40-44,divorziati,M,103
Provincia di Bengasi,complesso,40-44,divorziati,F,141
Provincia di Bengasi,complesso,40-44,ignoto,MF,0
Provincia di Bengasi,complesso,40-44,ignoto,M,0
Provincia di Bengasi,complesso,40-44,ignoto,F,0
Provincia di Bengasi,complesso,45-49,all,MF,4301
Provincia di Bengasi,complesso,45-49,all,M,2292
Provincia di Bengasi,complesso,45-49,all,F,2009
Provincia di Bengasi,complesso,45-49,celibi,MF,130
Provincia di Bengasi,complesso,45-49,celibi,M,111
Provincia di Bengasi,complesso,45-49,celibi,F,19
Provincia di Bengasi,complesso,45-49,coniugati,MF,3522
Provincia di Bengasi,complesso,45-49,coniugati,M,1986
Provincia di Bengasi,complesso,45-49,coniugati,F,1536
Provincia di Bengasi,complesso,45-49,vedovi,MF,505
Provincia di Bengasi,complesso,45-49,vedovi,M,135
Provincia di Bengasi,complesso,45-49,vedovi,F,370
Provincia di Bengasi,complesso,45-49,divorziati,MF,144
Provincia di Bengasi,complesso,45-49,divorziati,M,60
Provincia di Bengasi,complesso,45-49,divorziati,F,84
Provincia di Bengasi,complesso,45-49,ignoto,MF,0
Provincia di Bengasi,complesso,45-49,ignoto,M,0
Provincia di Bengasi,complesso,45-49,ignoto,F,0
Provincia di Bengasi,complesso,50-54,all,MF,5396
Provincia di Bengasi,complesso,50-54,all,M,2858
Provincia di Bengasi,complesso,50-54,all,F,2538
Provincia di Bengasi,complesso,50-54,celibi,MF,116
Provincia di Bengasi,complesso,50-54,celibi,M,104
Provincia di Bengasi,complesso,50-54,celibi,F,12
Provincia di Bengasi,complesso,50-54,coniugati,MF,4047
Provincia di Bengasi,complesso,50-54,coniugati,M,2479
Provincia di Bengasi,complesso,50-54,coniugati,F,1568
Provincia di Bengasi,complesso,50-54,vedovi,MF,1055
Provincia di Bengasi,complesso,50-54,vedovi,M,209
Provincia di Bengasi,complesso,50-54,vedovi,F,846
Provincia di Bengasi,complesso,50-54,divorziati,MF,176
Provincia di Bengasi,complesso,50-54,divorziati,M,66
Provincia di Bengasi,complesso,50-54,divorziati,F,110
Provincia di Bengasi,complesso,50-54,ignoto,MF,2
Provincia di Bengasi,complesso,50-54,ignoto,M,0
Provincia di Bengasi,complesso,50-54,ignoto,F,2
Provincia di Bengasi,complesso,55-59,all,MF,2813
Provincia di Bengasi,complesso,55-59,all,M,1754
Provincia di Bengasi,complesso,55-59,all,F,1059
Provincia di Bengasi,complesso,55-59,celibi,MF,49
Provincia di Bengasi,complesso,55-59,celibi,M,43
Provincia di Bengasi,complesso,55-59,celibi,F,6
Provincia di Bengasi,complesso,55-59,coniugati,MF,2034
Provincia di Bengasi,complesso,55-59,coniugati,M,1514
Provincia di Bengasi,complesso,55-59,coniugati,F,520
Provincia di Bengasi,complesso,55-59,vedovi,MF,592
Provincia di Bengasi,complesso,55-59,vedovi,M,144
Provincia di Bengasi,complesso,55-59,vedovi,F,448
Provincia di Bengasi,complesso,55-59,divorziati,MF,137
Provincia di Bengasi,complesso,55-59,divorziati,M,52
Provincia di Bengasi,complesso,55-59,divorziati,F,85
Provincia di Bengasi,complesso,55-59,ignoto,MF,1
Provincia di Bengasi,complesso,55-59,ignoto,M,1
Provincia di Bengasi,complesso,55-59,ignoto,F,0
Provincia di Bengasi,complesso,60-64,all,MF,3427
Provincia di Bengasi,complesso,60-64,all,M,1867
Provincia di Bengasi,complesso,60-64,all,F,1560
Provincia di Bengasi,complesso,60-64,celibi,MF,56
Provincia di Bengasi,complesso,60-64,celibi,M,38
Provincia di Bengasi,complesso,60-64,celibi,F,18
Provincia di Bengasi,complesso,60-64,coniugati,MF,2103
Provincia di Bengasi,complesso,60-64,coniugati,M,1603
Provincia di Bengasi,complesso,60-64,coniugati,F,500
Provincia di Bengasi,complesso,60-64,vedovi,MF,1156
Provincia di Bengasi,complesso,60-64,vedovi,M,179
Provincia di Bengasi,complesso,60-64,vedovi,F,977
Provincia di Bengasi,complesso,60-64,divorziati,MF,112
Provincia di Bengasi,complesso,60-64,divorziati,M,47
Provincia di Bengasi,complesso,60-64,divorziati,F,65
Provincia di Bengasi,complesso,60-64,ignoto,MF,0
Provincia di Bengasi,complesso,60-64,ignoto,M,0
Provincia di Bengasi,complesso,60-64,ignoto,F,0
Provincia di Bengasi,complesso,65-69,all,MF,1515
Provincia di Bengasi,complesso,65-69,all,M,908
Provincia di Bengasi,complesso,65-69,all,F,607
Provincia di Bengasi,complesso,65-69,celibi,MF,30
Provincia di Bengasi,complesso,65-69,celibi,M,21
Provincia di Bengasi,complesso,65-69,celibi,F,9
Provincia di Bengasi,complesso,65-69,coniugati,MF,901
Provincia di Bengasi,complesso,65-69,coniugati,M,759
Provincia di Bengasi,complesso,65-69,coniugati,F,142
Provincia di Bengasi,complesso,65-69,vedovi,MF,523
Provincia di Bengasi,complesso,65-69,vedovi,M,95
Provincia di Bengasi,complesso,65-69,vedovi,F,428
Provincia di Bengasi,complesso,65-69,divorziati,MF,61
Provincia di Bengasi,complesso,65-69,divorziati,M,33
Provincia di Bengasi,complesso,65-69,divorziati,F,28
Provincia di Bengasi,complesso,65-69,ignoto,MF,0
Provincia di Bengasi,complesso,65-69,ignoto,M,0
Provincia di Bengasi,complesso,65-69,ignoto,F,0
Provincia di Bengasi,complesso,70-79,all,MF,2535
Provincia di Bengasi,complesso,70-79,all,M,1305
Provincia di Bengasi,complesso,70-79,all,F,1230
Provincia di Bengasi,complesso,70-79,celibi,MF,53
Provincia di Bengasi,complesso,70-79,celibi,M,35
Provincia di Bengasi,complesso,70-79,celibi,F,18
Provincia di Bengasi,complesso,70-79,coniugati,MF,1255
Provincia di Bengasi,complesso,70-79,coniugati,M,1031
Provincia di Bengasi,complesso,70-79,coniugati,F,224
Provincia di Bengasi,complesso,70-79,vedovi,MF,1136
Provincia di Bengasi,complesso,70-79,vedovi,M,191
Provincia di Bengasi,complesso,70-79,vedovi,F,945
Provincia di Bengasi,complesso,70-79,divorziati,MF,91
Provincia di Bengasi,complesso,70-79,divorziati,M,48
Provincia di Bengasi,complesso,70-79,divorziati,F,43
Provincia di Bengasi,complesso,70-79,ignoto,MF,0
Provincia di Bengasi,complesso,70-79,ignoto,M,0
Provincia di Bengasi,complesso,70-79,ignoto,F,0
Provincia di Bengasi,complesso,80-89,all,MF,915
Provincia di Bengasi,complesso,80-89,all,M,405
Provincia di Bengasi,complesso,80-89,all,F,510
Provincia di Bengasi,complesso,80-89,celibi,MF,16
Provincia di Bengasi,complesso,80-89,celibi,M,9
Provincia di Bengasi,complesso,80-89,celibi,F,7
Provincia di Bengasi,complesso,80-89,coniugati,MF,330
Provincia di Bengasi,complesso,80-89,coniugati,M,292
Provincia di Bengasi,complesso,80-89,coniugati,F,38
Provincia di Bengasi,complesso,80-89,vedovi,MF,543
Provincia di Bengasi,complesso,80-89,vedovi,M,87
Provincia di Bengasi,complesso,80-89,vedovi,F,456
Provincia di Bengasi,complesso,80-89,divorziati,MF,25
Provincia di Bengasi,complesso,80-89,divorziati,M,16
Provincia di Bengasi,complesso,80-89,divorziati,F,9
Provincia di Bengasi,complesso,80-89,ignoto,MF,1
Provincia di Bengasi,complesso,80-89,ignoto,M,1
Provincia di Bengasi,complesso,80-89,ignoto,F,0
Provincia di Bengasi,complesso,90+,all,MF,252
Provincia di Bengasi,complesso,90+,all,M,103
Provincia di Bengasi,complesso,90+,all,F,149
Provincia di Bengasi,complesso,90+,celibi,MF,8
Provincia di Bengasi,complesso,90+,celibi,M,4
Provincia di Bengasi,complesso,90+,celibi,F,4
Provincia di Bengasi,complesso,90+,coniugati,MF,53
Provincia di Bengasi,complesso,90+,coniugati,M,50
Provincia di Bengasi,complesso,90+,coniugati,F,3
Provincia di Bengasi,complesso,90+,vedovi,MF,185
Provincia di Bengasi,complesso,90+,vedovi,M,44
Provincia di Bengasi,complesso,90+,vedovi,F,141
Provincia di Bengasi,complesso,90+,divorziati,MF,6
Provincia di Bengasi,complesso,90+,divorziati,M,5
Provincia di Bengasi,complesso,90+,divorziati,F,1
Provincia di Bengasi,complesso,90+,ignoto,MF,0
Provincia di Bengasi,complesso,90+,ignoto,M,0
Provincia di Bengasi,complesso,90+,ignoto,F,0
Provincia di Bengasi,complesso,ignota,all,MF,35
Provincia di Bengasi,complesso,ignota,all,M,12
Provincia di Bengasi,complesso,ignota,all,F,23
Provincia di Bengasi,complesso,ignota,celibi,MF,15
Provincia di Bengasi,complesso,ignota,celibi,M,6
Provincia di Bengasi,complesso,ignota,celibi,F,9
Provincia di Bengasi,complesso,ignota,coniugati,MF,12
Provincia di Bengasi,complesso,ignota,coniugati,M,5
Provincia di Bengasi,complesso,ignota,coniugati,F,7
Provincia di Bengasi,complesso,ignota,vedovi,MF,8
Provincia di Bengasi,complesso,ignota,vedovi,M,1
Provincia di Bengasi,complesso,ignota,vedovi,F,7
Provincia di Bengasi,complesso,ignota,divorziati,MF,0
Provincia di Bengasi,complesso,ignota,divorziati,M,0
Provincia di Bengasi,complesso,ignota,divorziati,F,0
Provincia di Bengasi,complesso,ignota,ignoto,MF,0
Provincia di Bengasi,complesso,ignota,ignoto,M,0
Provincia di Bengasi,complesso,ignota,ignoto,F,0
Provincia di Bengasi,complesso,Totale,all,MF,96193
Provincia di Bengasi,complesso,Totale,all,M,50064
Provincia di Bengasi,complesso,Totale,all,F,46129
Provincia di Bengasi,complesso,Totale,celibi,MF,45752
Provincia di Bengasi,complesso,Totale,celibi,M,27258
Provincia di Bengasi,complesso,Totale,celibi,F,18494
Provincia di Bengasi,complesso,Totale,coniugati,MF,41295
Provincia di Bengasi,complesso,Totale,coniugati,M,20334
Provincia di Bengasi,complesso,Totale,coniugati,F,20961
Provincia di Bengasi,complesso,Totale,vedovi,MF,7043
Provincia di Bengasi,complesso,Totale,vedovi,M,1618
Provincia di Bengasi,complesso,Totale,vedovi,F,5425
Provincia di Bengasi,complesso,Totale,divorziati,MF,2098
Provincia di Bengasi,complesso,Totale,divorziati,M,852
Provincia di Bengasi,complesso,Totale,divorziati,F,1246
Provincia di Bengasi,complesso,Totale,ignoto,MF,5
Provincia di Bengasi,complesso,Totale,ignoto,M,2
Provincia di Bengasi,complesso,Totale,ignoto,F,3
di cui municipio di Bengasi,complesso,0-4,all,MF,5639
di cui municipio di Bengasi,complesso,0-4,all,M,2847
di cui municipio di Bengasi,complesso,0-4,all,F,2792
di cui municipio di Bengasi,complesso,0-4,celibi,MF,5639
di cui municipio di Bengasi,complesso,0-4,celibi,M,2847
di cui municipio di Bengasi,complesso,0-4,celibi,F,2792
di cui municipio di Bengasi,complesso,0-4,coniugati,MF,0
di cui municipio di Bengasi,complesso,0-4,coniugati,M,0
di cui municipio di Bengasi,complesso,0-4,coniugati,F,0
di cui municipio di Bengasi,complesso,0-4,vedovi,MF,0
di cui municipio di Bengasi,complesso,0-4,vedovi,M,0
di cui municipio di Bengasi,complesso,0-4,vedovi,F,0
di cui municipio di Bengasi,complesso,0-4,divorziati,MF,0
di cui municipio di Bengasi,complesso,0-4,divorziati,M,0
di cui municipio di Bengasi,complesso,0-4,divorziati,F,0
di cui municipio di Bengasi,complesso,0-4,ignoto,MF,0
di cui municipio di Bengasi,complesso,0-4,ignoto,M,0
di cui municipio di Bengasi,complesso,0-4,ignoto,F,0
di cui municipio di Bengasi,complesso,5-9,all,MF,5526
di cui municipio di Bengasi,complesso,5-9,all,M,2862
di cui municipio di Bengasi,complesso,5-9,all,F,2664
di cui municipio di Bengasi,complesso,5-9,celibi,MF,5526
di cui municipio di Bengasi,complesso,5-9,celibi,M,2862
di cui municipio di Bengasi,complesso,5-9,celibi,F,2664
di cui municipio di Bengasi,complesso,5-9,coniugati,MF,0
di cui municipio di Bengasi,complesso,5-9,coniugati,M,0
di cui municipio di Bengasi,complesso,5-9,coniugati,F,0
di cui municipio di Bengasi,complesso,5-9,vedovi,MF,0
di cui municipio di Bengasi,complesso,5-9,vedovi,M,0
di cui municipio di Bengasi,complesso,5-9,vedovi,F,0
di cui municipio di Bengasi,complesso,5-9,divorziati,MF,0
di cui municipio di Bengasi,complesso,5-9,divorziati,M,0
di cui municipio di Bengasi,complesso,5-9,divorziati,F,0
di cui municipio di Bengasi,complesso,5-9,ignoto,MF,0
di cui municipio di Bengasi,complesso,5-9,ignoto,M,0
di cui municipio di Bengasi,complesso,5-9,ignoto,F,0
di cui municipio di Bengasi,complesso,10-14,all,MF,4497
di cui municipio di Bengasi,complesso,10-14,all,M,2435
di cui municipio di Bengasi,complesso,10-14,all,F,2062
di cui municipio di Bengasi,complesso,10-14,celibi,MF,4484
di cui municipio di Bengasi,complesso,10-14,celibi,M,2432
di cui municipio di Bengasi,complesso,10-14,celibi,F,2052
di cui municipio di Bengasi,complesso,10-14,coniugati,MF,12
di cui municipio di Bengasi,complesso,10-14,coniugati,M,3
di cui municipio di Bengasi,complesso,10-14,coniugati,F,9
di cui municipio di Bengasi,complesso,10-14,vedovi,MF,0
di cui municipio di Bengasi,complesso,10-14,vedovi,M,0
di cui municipio di Bengasi,complesso,10-14,vedovi,F,0
di cui municipio di Bengasi,complesso,10-14,divorziati,MF,1
di cui municipio di Bengasi,complesso,10-14,divorziati,M,0
di cui municipio di Bengasi,complesso,10-14,divorziati,F,1
di cui municipio di Bengasi,complesso,10-14,ignoto,MF,0
di cui municipio di Bengasi,complesso,10-14,ignoto,M,0
di cui municipio di Bengasi,complesso,10-14,ignoto,F,0
di cui municipio di Bengasi,complesso,15-19,all,MF,2797
di cui municipio di Bengasi,complesso,15-19,all,M,1306
di cui municipio di Bengasi,complesso,15-19,all,F,1491
di cui municipio di Bengasi,complesso,15-19,celibi,MF,2122
di cui municipio di Bengasi,complesso,15-19,celibi,M,1279
di cui municipio di Bengasi,complesso,15-19,celibi,F,843
di cui municipio di Bengasi,complesso,15-19,coniugati,MF,618
di cui municipio di Bengasi,complesso,15-19,coniugati,M,24
di cui municipio di Bengasi,complesso,15-19,coniugati,F,594
di cui municipio di Bengasi,complesso,15-19,vedovi,MF,6
di cui municipio di Bengasi,complesso,15-19,vedovi,M,0
di cui municipio di Bengasi,complesso,15-19,vedovi,F,6
di cui municipio di Bengasi,complesso,15-19,divorziati,MF,51
di cui municipio di Bengasi,complesso,15-19,divorziati,M,3
di cui municipio di Bengasi,complesso,15-19,divorziati,F,48
di cui municipio di Bengasi,complesso,15-19,ignoto,MF,0
di cui municipio di Bengasi,complesso,15-19,ignoto,M,0
di cui municipio di Bengasi,complesso,15-19,ignoto,F,0
di cui municipio di Bengasi,complesso,20-24,all,MF,2323
di cui municipio di Bengasi,complesso,20-24,all,M,1011
di cui municipio di Bengasi,complesso,20-24,all,F,1312
di cui municipio di Bengasi,complesso,20-24,celibi,MF,1014
di cui municipio di Bengasi,complesso,20-24,celibi,M,770
di cui municipio di Bengasi,complesso,20-24,celibi,F,244
di cui municipio di Bengasi,complesso,20-24,coniugati,MF,1207
di cui municipio di Bengasi,complesso,20-24,coniugati,M,214
di cui municipio di Bengasi,complesso,20-24,coniugati,F,993
di cui municipio di Bengasi,complesso,20-24,vedovi,MF,23
di cui municipio di Bengasi,complesso,20-24,vedovi,M,5
di cui municipio di Bengasi,complesso,20-24,vedovi,F,18
di cui municipio di Bengasi,complesso,20-24,divorziati,MF,79
di cui municipio di Bengasi,complesso,20-24,divorziati,M,22
di cui municipio di Bengasi,complesso,20-24,divorziati,F,57
di cui municipio di Bengasi,complesso,20-24,ignoto,MF,0
di cui municipio di Bengasi,complesso,20-24,ignoto,M,0
di cui municipio di Bengasi,complesso,20-24,ignoto,F,0
di cui municipio di Bengasi,complesso,25-29,all,MF,3526
di cui municipio di Bengasi,complesso,25-29,all,M,1659
di cui municipio di Bengasi,complesso,25-29,all,F,1867
di cui municipio di Bengasi,complesso,25-29,celibi,MF,843
di cui municipio di Bengasi,complesso,25-29,celibi,M,731
di cui municipio di Bengasi,complesso,25-29,celibi,F,112
di cui municipio di Bengasi,complesso,25-29,coniugati,MF,2490
di cui municipio di Bengasi,complesso,25-29,coniugati,M,854
di cui municipio di Bengasi,complesso,25-29,coniugati,F,1636
di cui municipio di Bengasi,complesso,25-29,vedovi,MF,56
di cui municipio di Bengasi,complesso,25-29,vedovi,M,13
di cui municipio di Bengasi,complesso,25-29,vedovi,F,43
di cui municipio di Bengasi,complesso,25-29,divorziati,MF,137
di cui municipio di Bengasi,complesso,25-29,divorziati,M,61
di cui municipio di Bengasi,complesso,25-29,divorziati,F,76
di cui municipio di Bengasi,complesso,25-29,ignoto,MF,0
di cui municipio di Bengasi,complesso,25-29,ignoto,M,0
di cui municipio di Bengasi,complesso,25-29,ignoto,F,0
di cui municipio di Bengasi,complesso,30-34,all,MF,3687
di cui municipio di Bengasi,complesso,30-34,all,M,1802
di cui municipio di Bengasi,complesso,30-34,all,F,1885
di cui municipio di Bengasi,complesso,30-34,celibi,MF,471
di cui municipio di Bengasi,complesso,30-34,celibi,M,433
di cui municipio di Bengasi,complesso,30-34,celibi,F,38
di cui municipio di Bengasi,complesso,30-34,coniugati,MF,2956
di cui municipio di Bengasi,complesso,30-34,coniugati,M,1264
di cui municipio di Bengasi,complesso,30-34,coniugati,F,1692
di cui municipio di Bengasi,complesso,30-34,vedovi,MF,89
di cui municipio di Bengasi,complesso,30-34,vedovi,M,27
di cui municipio di Bengasi,complesso,30-34,vedovi,F,62
di cui municipio di Bengasi,complesso,30-34,divorziati,MF,171
di cui municipio di Bengasi,complesso,30-34,divorziati,M,78
di cui municipio di Bengasi,complesso,30-34,divorziati,F,93
di cui municipio di Bengasi,complesso,30-34,ignoto,MF,0
di cui municipio di Bengasi,complesso,30-34,ignoto,M,0
di cui municipio di Bengasi,complesso,30-34,ignoto,F,0
di cui municipio di Bengasi,complesso,35-39,all,MF,3126
di cui municipio di Bengasi,complesso,35-39,all,M,1653
di cui municipio di Bengasi,complesso,35-39,all,F,1473
di cui municipio di Bengasi,complesso,35-39,celibi,MF,234
di cui municipio di Bengasi,complesso,35-39,celibi,M,209
di cui municipio di Bengasi,complesso,35-39,celibi,F,25
di cui municipio di Bengasi,complesso,35-39,coniugati,MF,2643
di cui municipio di Bengasi,complesso,35-39,coniugati,M,1357
di cui municipio di Bengasi,complesso,35-39,coniugati,F,1286
di cui municipio di Bengasi,complesso,35-39,vedovi,MF,97
di cui municipio di Bengasi,complesso,35-39,vedovi,M,23
di cui municipio di Bengasi,complesso,35-39,vedovi,F,74
di cui municipio di Bengasi,complesso,35-39,divorziati,MF,152
di cui municipio di Bengasi,complesso,35-39,divorziati,M,64
di cui municipio di Bengasi,complesso,35-39,divorziati,F,88
di cui municipio di Bengasi,complesso,35-39,ignoto,MF,0
di cui municipio di Bengasi,complesso,35-39,ignoto,M,0
di cui municipio di Bengasi,complesso,35-39,ignoto,F,0
di cui municipio di Bengasi,complesso,40-44,all,MF,2713
di cui municipio di Bengasi,complesso,40-44,all,M,1289
di cui municipio di Bengasi,complesso,40-44,all,F,1424
di cui municipio di Bengasi,complesso,40-44,celibi,MF,114
di cui municipio di Bengasi,complesso,40-44,celibi,M,94
di cui municipio di Bengasi,complesso,40-44,celibi,F,20
di cui municipio di Bengasi,complesso,40-44,coniugati,MF,2290
di cui municipio di Bengasi,complesso,40-44,coniugati,M,1117
di cui municipio di Bengasi,complesso,40-44,coniugati,F,1173
di cui municipio di Bengasi,complesso,40-44,vedovi,MF,173
di cui municipio di Bengasi,complesso,40-44,vedovi,M,29
di cui municipio di Bengasi,complesso,40-44,vedovi,F,144
di cui municipio di Bengasi,complesso,40-44,divorziati,MF,136
di cui municipio di Bengasi,complesso,40-44,divorziati,M,49
di cui municipio di Bengasi,complesso,40-44,divorziati,F,87
di cui municipio di Bengasi,complesso,40-44,ignoto,MF,0
di cui municipio di Bengasi,complesso,40-44,ignoto,M,0
di cui municipio di Bengasi,complesso,40-44,ignoto,F,0
di cui municipio di Bengasi,complesso,45-49,all,MF,1846
di cui municipio di Bengasi,complesso,45-49,all,M,978
di cui municipio di Bengasi,complesso,45-49,all,F,868
di cui municipio di Bengasi,complesso,45-49,celibi,MF,59
di cui municipio di Bengasi,complesso,45-49,celibi,M,46
di cui municipio di Bengasi,complesso,45-49,celibi,F,13
di cui municipio di Bengasi,complesso,45-49,coniugati,MF,1509
di cui municipio di Bengasi,complesso,45-49,coniugati,M,870
di cui municipio di Bengasi,complesso,45-49,coniugati,F,639
di cui municipio di Bengasi,complesso,45-49,vedovi,MF,189
di cui municipio di Bengasi,complesso,45-49,vedovi,M,28
di cui municipio di Bengasi,complesso,45-49,vedovi,F,161
di cui municipio di Bengasi,complesso,45-49,divorziati,MF,89
di cui municipio di Bengasi,complesso,45-49,divorziati,M,34
di cui municipio di Bengasi,complesso,45-49,divorziati,F,55
di cui municipio di Bengasi,complesso,45-49,ignoto,MF,0
di cui municipio di Bengasi,complesso,45-49,ignoto,M,0
di cui municipio di Bengasi,complesso,45-49,ignoto,F,0
di cui municipio di Bengasi,complesso,50-54,all,MF,2207
di cui municipio di Bengasi,complesso,50-54,all,M,1178
di cui municipio di Bengasi,complesso,50-54,all,F,1029
di cui municipio di Bengasi,complesso,50-54,celibi,MF,59
di cui municipio di Bengasi,complesso,50-54,celibi,M,48
di cui municipio di Bengasi,complesso,50-54,celibi,F,11
di cui municipio di Bengasi,complesso,50-54,coniugati,MF,1669
di cui municipio di Bengasi,complesso,50-54,coniugati,M,1042
di cui municipio di Bengasi,complesso,50-54,coniugati,F,627
di cui municipio di Bengasi,complesso,50-54,vedovi,MF,358
di cui municipio di Bengasi,complesso,50-54,vedovi,M,45
di cui municipio di Bengasi,complesso,50-54,vedovi,F,313
di cui municipio di Bengasi,complesso,50-54,divorziati,MF,121
di cui municipio di Bengasi,complesso,50-54,divorziati,M,43
di cui municipio di Bengasi,complesso,50-54,divorziati,F,78
di cui municipio di Bengasi,complesso,50-54,ignoto,MF,0
di cui municipio di Bengasi,complesso,50-54,ignoto,M,0
di cui municipio di Bengasi,complesso,50-54,ignoto,F,0
di cui municipio di Bengasi,complesso,55-59,all,MF,1346
di cui municipio di Bengasi,complesso,55-59,all,M,831
di cui municipio di Bengasi,complesso,55-59,all,F,515
di cui municipio di Bengasi,complesso,55-59,celibi,MF,30
di cui municipio di Bengasi,complesso,55-59,celibi,M,24
di cui municipio di Bengasi,complesso,55-59,celibi,F,6
di cui municipio di Bengasi,complesso,55-59,coniugati,MF,980
di cui municipio di Bengasi,complesso,55-59,coniugati,M,733
di cui municipio di Bengasi,complesso,55-59,coniugati,F,247
di cui municipio di Bengasi,complesso,55-59,vedovi,MF,237
di cui municipio di Bengasi,complesso,55-59,vedovi,M,44
di cui municipio di Bengasi,complesso,55-59,vedovi,F,193
di cui municipio di Bengasi,complesso,55-59,divorziati,MF,99
di cui municipio di Bengasi,complesso,55-59,divorziati,M,30
di cui municipio di Bengasi,complesso,55-59,divorziati,F,69
di cui municipio di Bengasi,complesso,55-59,ignoto,MF,0
di cui municipio di Bengasi,complesso,55-59,ignoto,M,0
di cui municipio di Bengasi,complesso,55-59,ignoto,F,0
di cui municipio di Bengasi,complesso,60-64,all,MF,1310
di cui municipio di Bengasi,complesso,60-64,all,M,675
di cui municipio di Bengasi,complesso,60-64,all,F,635
di cui municipio di Bengasi,complesso,60-64,celibi,MF,30
di cui municipio di Bengasi,complesso,60-64,celibi,M,16
di cui municipio di Bengasi,complesso,60-64,celibi,F,14
di cui municipio di Bengasi,complesso,60-64,coniugati,MF,783
di cui municipio di Bengasi,complesso,60-64,coniugati,M,592
di cui municipio di Bengasi,complesso,60-64,coniugati,F,191
di cui municipio di Bengasi,complesso,60-64,vedovi,MF,429
di cui municipio di Bengasi,complesso,60-64,vedovi,M,43
di cui municipio di Bengasi,complesso,60-64,vedovi,F,386
di cui municipio di Bengasi,complesso,60-64,divorziati,MF,68
di cui municipio di Bengasi,complesso,60-64,divorziati,M,24
di cui municipio di Bengasi,complesso,60-64,divorziati,F,44
di cui municipio di Bengasi,complesso,60-64,ignoto,MF,0
di cui municipio di Bengasi,complesso,60-64,ignoto,M,0
di cui municipio di Bengasi,complesso,60-64,ignoto,F,0
di cui municipio di Bengasi,complesso,65-69,all,MF,720
di cui municipio di Bengasi,complesso,65-69,all,M,407
di cui municipio di Bengasi,complesso,65-69,all,F,313
di cui municipio di Bengasi,complesso,65-69,celibi,MF,16
di cui municipio di Bengasi,complesso,65-69,celibi,M,8
di cui municipio di Bengasi,complesso,65-69,celibi,F,8
di cui municipio di Bengasi,complesso,65-69,coniugati,MF,408
di cui municipio di Bengasi,complesso,65-69,coniugati,M,337
di cui municipio di Bengasi,complesso,65-69,coniugati,F,71
di cui municipio di Bengasi,complesso,65-69,vedovi,MF,245
di cui municipio di Bengasi,complesso,65-69,vedovi,M,35
di cui municipio di Bengasi,complesso,65-69,vedovi,F,210
di cui municipio di Bengasi,complesso,65-69,divorziati,MF,51
di cui municipio di Bengasi,complesso,65-69,divorziati,M,27
di cui municipio di Bengasi,complesso,65-69,divorziati,F,24
di cui municipio di Bengasi,complesso,65-69,ignoto,MF,0
di cui municipio di Bengasi,complesso,65-69,ignoto,M,0
di cui municipio di Bengasi,complesso,65-69,ignoto,F,0
di cui municipio di Bengasi,complesso,70-79,all,MF,1122
di cui municipio di Bengasi,complesso,70-79,all,M,576
di cui municipio di Bengasi,complesso,70-79,all,F,546
di cui municipio di Bengasi,complesso,70-79,celibi,MF,34
di cui municipio di Bengasi,complesso,70-79,celibi,M,21
di cui municipio di Bengasi,complesso,70-79,celibi,F,13
di cui municipio di Bengasi,complesso,70-79,coniugati,MF,565
di cui municipio di Bengasi,complesso,70-79,coniugati,M,451
di cui municipio di Bengasi,complesso,70-79,coniugati,F,114
di cui municipio di Bengasi,complesso,70-79,vedovi,MF,452
di cui municipio di Bengasi,complesso,70-79,vedovi,M,71
di cui municipio di Bengasi,complesso,70-79,vedovi,F,381
di cui municipio di Bengasi,complesso,70-79,divorziati,MF,71
di cui municipio di Bengasi,complesso,70-79,divorziati,M,33
di cui municipio di Bengasi,complesso,70-79,divorziati,F,38
di cui municipio di Bengasi,complesso,70-79,ignoto,MF,0
di cui municipio di Bengasi,complesso,70-79,ignoto,M,0
di cui municipio di Bengasi,complesso,70-79,ignoto,F,0
di cui municipio di Bengasi,complesso,80-89,all,MF,430
di cui municipio di Bengasi,complesso,80-89,all,M,188
di cui municipio di Bengasi,complesso,80-89,all,F,242
di cui municipio di Bengasi,complesso,80-89,celibi,MF,12
di cui municipio di Bengasi,complesso,80-89,celibi,M,5
di cui municipio di Bengasi,complesso,80-89,celibi,F,7
di cui municipio di Bengasi,complesso,80-89,coniugati,MF,146
di cui municipio di Bengasi,complesso,80-89,coniugati,M,129
di cui municipio di Bengasi,complesso,80-89,coniugati,F,17
di cui municipio di Bengasi,complesso,80-89,vedovi,MF,248
di cui municipio di Bengasi,complesso,80-89,vedovi,M,39
di cui municipio di Bengasi,complesso,80-89,vedovi,F,209
di cui municipio di Bengasi,complesso,80-89,divorziati,MF,23
di cui municipio di Bengasi,complesso,80-89,divorziati,M,14
di cui municipio di Bengasi,complesso,80-89,divorziati,F,9
di cui municipio di Bengasi,complesso,80-89,ignoto,MF,1
di cui municipio di Bengasi,complesso,80-89,ignoto,M,1
di cui municipio di Bengasi,complesso,80-89,ignoto,F,0
di cui municipio di Bengasi,complesso,90+,all,MF,140
di cui municipio di Bengasi,complesso,90+,all,M,49
di cui municipio di Bengasi,complesso,90+,all,F,91
di cui municipio di Bengasi,complesso,90+,celibi,MF,5
di cui municipio di Bengasi,complesso,90+,celibi,M,1
di cui municipio di Bengasi,complesso,90+,celibi,F,4
di cui municipio di Bengasi,complesso,90+,coniugati,MF,22
di cui municipio di Bengasi,complesso,90+,coniugati,M,22
di cui municipio di Bengasi,complesso,90+,coniugati,F,0
di cui municipio di Bengasi,complesso,90+,vedovi,MF,107
di cui municipio di Bengasi,complesso,90+,vedovi,M,21
di cui municipio di Bengasi,complesso,90+,vedovi,F,86
di cui municipio di Bengasi,complesso,90+,divorziati,MF,6
di cui municipio di Bengasi,complesso,90+,divorziati,M,5
di cui municipio di Bengasi,complesso,90+,divorziati,F,1
di cui municipio di Bengasi,complesso,90+,ignoto,MF,0
di cui municipio di Bengasi,complesso,90+,ignoto,M,0
di cui municipio di Bengasi,complesso,90+,ignoto,F,0
di cui municipio di Bengasi,complesso,ignota,all,MF,18
di cui municipio di Bengasi,complesso,ignota,all,M,5
di cui municipio di Bengasi,complesso,ignota,all,F,13
di cui municipio di Bengasi,complesso,ignota,celibi,MF,10
di cui municipio di Bengasi,complesso,ignota,celibi,M,3
di cui municipio di Bengasi,complesso,ignota,celibi,F,7
di cui municipio di Bengasi,complesso,ignota,coniugati,MF,3
di cui municipio di Bengasi,complesso,ignota,coniugati,M,2
di cui municipio di Bengasi,complesso,ignota,coniugati,F,1
di cui municipio di Bengasi,complesso,ignota,vedovi,MF,5
di cui municipio di Bengasi,complesso,ignota,vedovi,M,0
di cui municipio di Bengasi,complesso,ignota,vedovi,F,5
di cui municipio di Bengasi,complesso,ignota,divorziati,MF,0
di cui municipio di Bengasi,complesso,ignota,divorziati,M,0
di cui municipio di Bengasi,complesso,ignota,divorziati,F,0
di cui municipio di Bengasi,complesso,ignota,ignoto,MF,0
di cui municipio di Bengasi,complesso,ignota,ignoto,M,0
di cui municipio di Bengasi,complesso,ignota,ignoto,F,0
di cui municipio di Bengasi,complesso,Totale,all,MF,42973
di cui municipio di Bengasi,complesso,Totale,all,M,21751
di cui municipio di Bengasi,complesso,Totale,all,F,21222
di cui municipio di Bengasi,complesso,Totale,celibi,MF,20702
di cui municipio di Bengasi,complesso,Totale,celibi,M,11829
di cui municipio di Bengasi,complesso,Totale,celibi,F,8873
di cui municipio di Bengasi,complesso,Totale,coniugati,MF,18301
di cui municipio di Bengasi,complesso,Totale,coniugati,M,9011
di cui municipio di Bengasi,complesso,Totale,coniugati,F,9290
di cui municipio di Bengasi,complesso,Totale,vedovi,MF,2714
di cui municipio di Bengasi,complesso,Totale,vedovi,M,423
di cui municipio di Bengasi,complesso,Totale,vedovi,F,2291
di cui municipio di Bengasi,complesso,Totale,divorziati,MF,1255
di cui municipio di Bengasi,complesso,Totale,divorziati,M,487
di cui municipio di Bengasi,complesso,Totale,divorziati,F,768
di cui municipio di Bengasi,complesso,Totale,ignoto,MF,1
di cui municipio di Bengasi,complesso,Totale,ignoto,M,1
di cui municipio di Bengasi,complesso,Totale,ignoto,F,0
Provincia di Bengasi,mussulmani,0-4,all,MF,11474
Provincia di Bengasi,mussulmani,0-4,all,M,5876
Provincia di Bengasi,mussulmani,0-4,all,F,5598
Provincia di Bengasi,mussulmani,0-4,celibi,MF,11474
Provincia di Bengasi,mussulmani,0-4,celibi,M,5876
Provincia di Bengasi,mussulmani,0-4,celibi,F,5598
Provincia di Bengasi,mussulmani,0-4,coniugati,MF,0
Provincia di Bengasi,mussulmani,0-4,coniugati,M,0
Provincia di Bengasi,mussulmani,0-4,coniugati,F,0
Provincia di Bengasi,mussulmani,0-4,vedovi,MF,0
Provincia di Bengasi,mussulmani,0-4,vedovi,M,0
Provincia di Bengasi,mussulmani,0-4,vedovi,F,0
Provincia di Bengasi,mussulmani,0-4,divorziati,MF,0
Provincia di Bengasi,mussulmani,0-4,divorziati,M,0
Provincia di Bengasi,mussulmani,0-4,divorziati,F,0
Provincia di Bengasi,mussulmani,0-4,ignoto,MF,0
Provincia di Bengasi,mussulmani,0-4,ignoto,M,0
Provincia di Bengasi,mussulmani,0-4,ignoto,F,0
Provincia di Bengasi,mussulmani,5-9,all,MF,10440
Provincia di Bengasi,mussulmani,5-9,all,M,5581
Provincia di Bengasi,mussulmani,5-9,all,F,4859
Provincia di Bengasi,mussulmani,5-9,celibi,MF,10440
Provincia di Bengasi,mussulmani,5-9,celibi,M,5581
Provincia di Bengasi,mussulmani,5-9,celibi,F,4859
Provincia di Bengasi,mussulmani,5-9,coniugati,MF,0
Provincia di Bengasi,mussulmani,5-9,coniugati,M,0
Provincia di Bengasi,mussulmani,5-9,coniugati,F,0
Provincia di Bengasi,mussulmani,5-9,vedovi,MF,0
Provincia di Bengasi,mussulmani,5-9,vedovi,M,0
Provincia di Bengasi,mussulmani,5-9,vedovi,F,0
Provincia di Bengasi,mussulmani,5-9,divorziati,MF,0
Provincia di Bengasi,mussulmani,5-9,divorziati,M,0
Provincia di Bengasi,mussulmani,5-9,divorziati,F,0
Provincia di Bengasi,mussulmani,5-9,ignoto,MF,0
Provincia di Bengasi,mussulmani,5-9,ignoto,M,0
Provincia di Bengasi,mussulmani,5-9,ignoto,F,0
Provincia di Bengasi,mussulmani,10-14,all,MF,9546
Provincia di Bengasi,mussulmani,10-14,all,M,5293
Provincia di Bengasi,mussulmani,10-14,all,F,4253
Provincia di Bengasi,mussulmani,10-14,celibi,MF,9515
Provincia di Bengasi,mussulmani,10-14,celibi,M,5286
Provincia di Bengasi,mussulmani,10-14,celibi,F,4229
Provincia di Bengasi,mussulmani,10-14,coniugati,MF,25
Provincia di Bengasi,mussulmani,10-14,coniugati,M,6
Provincia di Bengasi,mussulmani,10-14,coniugati,F,19
Provincia di Bengasi,mussulmani,10-14,vedovi,MF,2
Provincia di Bengasi,mussulmani,10-14,vedovi,M,1
Provincia di Bengasi,mussulmani,10-14,vedovi,F,1
Provincia di Bengasi,mussulmani,10-14,divorziati,MF,3
Provincia di Bengasi,mussulmani,10-14,divorziati,M,0
Provincia di Bengasi,mussulmani,10-14,divorziati,F,3
Provincia di Bengasi,mussulmani,10-14,ignoto,MF,1
Provincia di Bengasi,mussulmani,10-14,ignoto,M,0
Provincia di Bengasi,mussulmani,10-14,ignoto,F,1
Provincia di Bengasi,mussulmani,15-19,all,MF,5781
Provincia di Bengasi,mussulmani,15-19,all,M,2820
Provincia di Bengasi,mussulmani,15-19,all,F,2961
Provincia di Bengasi,mussulmani,15-19,celibi,MF,4578
Provincia di Bengasi,mussulmani,15-19,celibi,M,2767
Provincia di Bengasi,mussulmani,15-19,celibi,F,1811
Provincia di Bengasi,mussulmani,15-19,coniugati,MF,1084
Provincia di Bengasi,mussulmani,15-19,coniugati,M,47
Provincia di Bengasi,mussulmani,15-19,coniugati,F,1037
Provincia di Bengasi,mussulmani,15-19,vedovi,MF,19
Provincia di Bengasi,mussulmani,15-19,vedovi,M,0
Provincia di Bengasi,mussulmani,15-19,vedovi,F,19
Provincia di Bengasi,mussulmani,15-19,divorziati,MF,100
Provincia di Bengasi,mussulmani,15-19,divorziati,M,6
Provincia di Bengasi,mussulmani,15-19,divorziati,F,94
Provincia di Bengasi,mussulmani,15-19,ignoto,MF,0
Provincia di Bengasi,mussulmani,15-19,ignoto,M,0
Provincia di Bengasi,mussulmani,15-19,ignoto,F,0
Provincia di Bengasi,mussulmani,20-24,all,MF,5120
Provincia di Bengasi,mussulmani,20-24,all,M,2476
Provincia di Bengasi,mussulmani,20-24,all,F,2644
Provincia di Bengasi,mussulmani,20-24,celibi,MF,2481
Provincia di Bengasi,mussulmani,20-24,celibi,M,2003
Provincia di Bengasi,mussulmani,20-24,celibi,F,478
Provincia di Bengasi,mussulmani,20-24,coniugati,MF,2426
Provincia di Bengasi,mussulmani,20-24,coniugati,M,425
Provincia di Bengasi,mussulmani,20-24,coniugati,F,2001
Provincia di Bengasi,mussulmani,20-24,vedovi,MF,54
Provincia di Bengasi,mussulmani,20-24,vedovi,M,17
Provincia di Bengasi,mussulmani,20-24,vedovi,F,37
Provincia di Bengasi,mussulmani,20-24,divorziati,MF,159
Provincia di Bengasi,mussulmani,20-24,divorziati,M,31
Provincia di Bengasi,mussulmani,20-24,divorziati,F,128
Provincia di Bengasi,mussulmani,20-24,ignoto,MF,0
Provincia di Bengasi,mussulmani,20-24,ignoto,M,0
Provincia di Bengasi,mussulmani,20-24,ignoto,F,0
Provincia di Bengasi,mussulmani,25-29,all,MF,7645
Provincia di Bengasi,mussulmani,25-29,all,M,3995
Provincia di Bengasi,mussulmani,25-29,all,F,3650
Provincia di Bengasi,mussulmani,25-29,celibi,MF,2343
Provincia di Bengasi,mussulmani,25-29,celibi,M,2127
Provincia di Bengasi,mussulmani,25-29,celibi,F,216
Provincia di Bengasi,mussulmani,25-29,coniugati,MF,4913
Provincia di Bengasi,mussulmani,25-29,coniugati,M,1722
Provincia di Bengasi,mussulmani,25-29,coniugati,F,3191
Provincia di Bengasi,mussulmani,25-29,vedovi,MF,150
Provincia di Bengasi,mussulmani,25-29,vedovi,M,51
Provincia di Bengasi,mussulmani,25-29,vedovi,F,99
Provincia di Bengasi,mussulmani,25-29,divorziati,MF,239
Provincia di Bengasi,mussulmani,25-29,divorziati,M,95
Provincia di Bengasi,mussulmani,25-29,divorziati,F,144
Provincia di Bengasi,mussulmani,25-29,ignoto,MF,0
Provincia di Bengasi,mussulmani,25-29,ignoto,M,0
Provincia di Bengasi,mussulmani,25-29,ignoto,F,0
Provincia di Bengasi,mussulmani,30-34,all,MF,8477
Provincia di Bengasi,mussulmani,30-34,all,M,4299
Provincia di Bengasi,mussulmani,30-34,all,F,4178
Provincia di Bengasi,mussulmani,30-34,celibi,MF,1411
Provincia di Bengasi,mussulmani,30-34,celibi,M,1317
Provincia di Bengasi,mussulmani,30-34,celibi,F,94
Provincia di Bengasi,mussulmani,30-34,coniugati,MF,6521
Provincia di Bengasi,mussulmani,30-34,coniugati,M,2727
Provincia di Bengasi,mussulmani,30-34,coniugati,F,3794
Provincia di Bengasi,mussulmani,30-34,vedovi,MF,239
Provincia di Bengasi,mussulmani,30-34,vedovi,M,112
Provincia di Bengasi,mussulmani,30-34,vedovi,F,127
Provincia di Bengasi,mussulmani,30-34,divorziati,MF,306
Provincia di Bengasi,mussulmani,30-34,divorziati,M,143
Provincia di Bengasi,mussulmani,30-34,divorziati,F,163
Provincia di Bengasi,mussulmani,30-34,ignoto,MF,0
Provincia di Bengasi,mussulmani,30-34,ignoto,M,0
Provincia di Bengasi,mussulmani,30-34,ignoto,F,0
Provincia di Bengasi,mussulmani,35-39,all,MF,6983
Provincia di Bengasi,mussulmani,35-39,all,M,3727
Provincia di Bengasi,mussulmani,35-39,all,F,3256
Provincia di Bengasi,mussulmani,35-39,celibi,MF,688
Provincia di Bengasi,mussulmani,35-39,celibi,M,643
Provincia di Bengasi,mussulmani,35-39,celibi,F,45
Provincia di Bengasi,mussulmani,35-39,coniugati,MF,5736
Provincia di Bengasi,mussulmani,35-39,coniugati,M,2808
Provincia di Bengasi,mussulmani,35-39,coniugati,F,2928
Provincia di Bengasi,mussulmani,35-39,vedovi,MF,271
Provincia di Bengasi,mussulmani,35-39,vedovi,M,130
Provincia di Bengasi,mussulmani,35-39,vedovi,F,141
Provincia di Bengasi,mussulmani,35-39,divorziati,MF,288
Provincia di Bengasi,mussulmani,35-39,divorziati,M,146
Provincia di Bengasi,mussulmani,35-39,divorziati,F,142
Provincia di Bengasi,mussulmani,35-39,ignoto,MF,0
Provincia di Bengasi,mussulmani,35-39,ignoto,M,0
Provincia di Bengasi,mussulmani,35-39,ignoto,F,0
Provincia di Bengasi,mussulmani,40-44,all,MF,6538
Provincia di Bengasi,mussulmani,40-44,all,M,3050
Provincia di Bengasi,mussulmani,40-44,all,F,3488
Provincia di Bengasi,mussulmani,40-44,celibi,MF,278
Provincia di Bengasi,mussulmani,40-44,celibi,M,240
Provincia di Bengasi,mussulmani,40-44,celibi,F,38
Provincia di Bengasi,mussulmani,40-44,coniugati,MF,5461
Provincia di Bengasi,mussulmani,40-44,coniugati,M,2490
Provincia di Bengasi,mussulmani,40-44,coniugati,F,2971
Provincia di Bengasi,mussulmani,40-44,vedovi,MF,560
Provincia di Bengasi,mussulmani,40-44,vedovi,M,218
Provincia di Bengasi,mussulmani,40-44,vedovi,F,342
Provincia di Bengasi,mussulmani,40-44,divorziati,MF,239
Provincia di Bengasi,mussulmani,40-44,divorziati,M,102
Provincia di Bengasi,mussulmani,40-44,divorziati,F,137
Provincia di Bengasi,mussulmani,40-44,ignoto,MF,0
Provincia di Bengasi,mussulmani,40-44,ignoto,M,0
Provincia di Bengasi,mussulmani,40-44,ignoto,F,0
Provincia di Bengasi,mussulmani,45-49,all,MF,4193
Provincia di Bengasi,mussulmani,45-49,all,M,2239
Provincia di Bengasi,mussulmani,45-49,all,F,1954
Provincia di Bengasi,mussulmani,45-49,celibi,MF,128
Provincia di Bengasi,mussulmani,45-49,celibi,M,110
Provincia di Bengasi,mussulmani,45-49,celibi,F,18
Provincia di Bengasi,mussulmani,45-49,coniugati,MF,3438
Provincia di Bengasi,mussulmani,45-49,coniugati,M,1938
Provincia di Bengasi,mussulmani,45-49,coniugati,F,1500
Provincia di Bengasi,mussulmani,45-49,vedovi,MF,485
Provincia di Bengasi,mussulmani,45-49,vedovi,M,132
Provincia di Bengasi,mussulmani,45-49,vedovi,F,353
Provincia di Bengasi,mussulmani,45-49,divorziati,MF,142
Provincia di Bengasi,mussulmani,45-49,divorziati,M,59
Provincia di Bengasi,mussulmani,45-49,divorziati,F,83
Provincia di Bengasi,mussulmani,45-49,ignoto,MF,0
Provincia di Bengasi,mussulmani,45-49,ignoto,M,0
Provincia di Bengasi,mussulmani,45-49,ignoto,F,0
Provincia di Bengasi,mussulmani,50-54,all,MF,5270
Provincia di Bengasi,mussulmani,50-54,all,M,2800
Provincia di Bengasi,mussulmani,50-54,all,F,2470
Provincia di Bengasi,mussulmani,50-54,celibi,MF,112
Provincia di Bengasi,mussulmani,50-54,celibi,M,101
Provincia di Bengasi,mussulmani,50-54,celibi,F,11
Provincia di Bengasi,mussulmani,50-54,coniugati,MF,3957
Provincia di Bengasi,mussulmani,50-54,coniugati,M,2426
Provincia di Bengasi,mussulmani,50-54,coniugati,F,1531
Provincia di Bengasi,mussulmani,50-54,vedovi,MF,1024
Provincia di Bengasi,mussulmani,50-54,vedovi,M,207
Provincia di Bengasi,mussulmani,50-54,vedovi,F,817
Provincia di Bengasi,mussulmani,50-54,divorziati,MF,175
Provincia di Bengasi,mussulmani,50-54,divorziati,M,66
Provincia di Bengasi,mussulmani,50-54,divorziati,F,109
Provincia di Bengasi,mussulmani,50-54,ignoto,MF,2
Provincia di Bengasi,mussulmani,50-54,ignoto,M,0
Provincia di Bengasi,mussulmani,50-54,ignoto,F,2
Provincia di Bengasi,mussulmani,55-59,all,MF,2721
Provincia di Bengasi,mussulmani,55-59,all,M,1708
Provincia di Bengasi,mussulmani,55-59,all,F,1013
Provincia di Bengasi,mussulmani,55-59,celibi,MF,48
Provincia di Bengasi,mussulmani,55-59,celibi,M,43
Provincia di Bengasi,mussulmani,55-59,celibi,F,5
Provincia di Bengasi,mussulmani,55-59,coniugati,MF,1966
Provincia di Bengasi,mussulmani,55-59,coniugati,M,1471
Provincia di Bengasi,mussulmani,55-59,coniugati,F,495
Provincia di Bengasi,mussulmani,55-59,vedovi,MF,571
Provincia di Bengasi,mussulmani,55-59,vedovi,M,141
Provincia di Bengasi,mussulmani,55-59,vedovi,F,430
Provincia di Bengasi,mussulmani,55-59,divorziati,MF,135
Provincia di Bengasi,mussulmani,55-59,divorziati,M,52
Provincia di Bengasi,mussulmani,55-59,divorziati,F,83
Provincia di Bengasi,mussulmani,55-59,ignoto,MF,1
Provincia di Bengasi,mussulmani,55-59,ignoto,M,1
Provincia di Bengasi,mussulmani,55-59,ignoto,F,0
Provincia di Bengasi,mussulmani,60-64,all,MF,3372
Provincia di Bengasi,mussulmani,60-64,all,M,1840
Provincia di Bengasi,mussulmani,60-64,all,F,1532
Provincia di Bengasi,mussulmani,60-64,celibi,MF,56
Provincia di Bengasi,mussulmani,60-64,celibi,M,38
Provincia di Bengasi,mussulmani,60-64,celibi,F,18
Provincia di Bengasi,mussulmani,60-64,coniugati,MF,2067
Provincia di Bengasi,mussulmani,60-64,coniugati,M,1577
Provincia di Bengasi,mussulmani,60-64,coniugati,F,490
Provincia di Bengasi,mussulmani,60-64,vedovi,MF,1137
Provincia di Bengasi,mussulmani,60-64,vedovi,M,178
Provincia di Bengasi,mussulmani,60-64,vedovi,F,959
Provincia di Bengasi,mussulmani,60-64,divorziati,MF,112
Provincia di Bengasi,mussulmani,60-64,divorziati,M,47
Provincia di Bengasi,mussulmani,60-64,divorziati,F,65
Provincia di Bengasi,mussulmani,60-64,ignoto,MF,0
Provincia di Bengasi,mussulmani,60-64,ignoto,M,0
Provincia di Bengasi,mussulmani,60-64,ignoto,F,0
Provincia di Bengasi,mussulmani,65-69,all,MF,1463
Provincia di Bengasi,mussulmani,65-69,all,M,884
Provincia di Bengasi,mussulmani,65-69,all,F,579
Provincia di Bengasi,mussulmani,65-69,celibi,MF,29
Provincia di Bengasi,mussulmani,65-69,celibi,M,21
Provincia di Bengasi,mussulmani,65-69,celibi,F,8
Provincia di Bengasi,mussulmani,65-69,coniugati,MF,869
Provincia di Bengasi,mussulmani,65-69,coniugati,M,737
Provincia di Bengasi,mussulmani,65-69,coniugati,F,132
Provincia di Bengasi,mussulmani,65-69,vedovi,MF,504
Provincia di Bengasi,mussulmani,65-69,vedovi,M,93
Provincia di Bengasi,mussulmani,65-69,vedovi,F,411
Provincia di Bengasi,mussulmani,65-69,divorziati,MF,61
Provincia di Bengasi,mussulmani,65-69,divorziati,M,33
Provincia di Bengasi,mussulmani,65-69,divorziati,F,28
Provincia di Bengasi,mussulmani,65-69,ignoto,MF,0
Provincia di Bengasi,mussulmani,65-69,ignoto,M,0
Provincia di Bengasi,mussulmani,65-69,ignoto,F,0
Provincia di Bengasi,mussulmani,70-79,all,MF,2495
Provincia di Bengasi,mussulmani,70-79,all,M,1286
Provincia di Bengasi,mussulmani,70-79,all,F,1209
Provincia di Bengasi,mussulmani,70-79,celibi,MF,52
Provincia di Bengasi,mussulmani,70-79,celibi,M,35
Provincia di Bengasi,mussulmani,70-79,celibi,F,17
Provincia di Bengasi,mussulmani,70-79,coniugati,MF,1235
Provincia di Bengasi,mussulmani,70-79,coniugati,M,1015
Provincia di Bengasi,mussulmani,70-79,coniugati,F,220
Provincia di Bengasi,mussulmani,70-79,vedovi,MF,1117
Provincia di Bengasi,mussulmani,70-79,vedovi,M,188
Provincia di Bengasi,mussulmani,70-79,vedovi,F,929
Provincia di Bengasi,mussulmani,70-79,divorziati,MF,91
Provincia di Bengasi,mussulmani,70-79,divorziati,M,48
Provincia di Bengasi,mussulmani,70-79,divorziati,F,43
Provincia di Bengasi,mussulmani,70-79,ignoto,MF,0
Provincia di Bengasi,mussulmani,70-79,ignoto,M,0
Provincia di Bengasi,mussulmani,70-79,ignoto,F,0
Provincia di Bengasi,mussulmani,80-89,all,MF,896
Provincia di Bengasi,mussulmani,80-89,all,M,401
Provincia di Bengasi,mussulmani,80-89,all,F,495
Provincia di Bengasi,mussulmani,80-89,celibi,MF,16
Provincia di Bengasi,mussulmani,80-89,celibi,M,9
Provincia di Bengasi,mussulmani,80-89,celibi,F,7
Provincia di Bengasi,mussulmani,80-89,coniugati,MF,325
Provincia di Bengasi,mussulmani,80-89,coniugati,M,289
Provincia di Bengasi,mussulmani,80-89,coniugati,F,36
Provincia di Bengasi,mussulmani,80-89,vedovi,MF,529
Provincia di Bengasi,mussulmani,80-89,vedovi,M,86
Provincia di Bengasi,mussulmani,80-89,vedovi,F,443
Provincia di Bengasi,mussulmani,80-89,divorziati,MF,25
Provincia di Bengasi,mussulmani,80-89,divorziati,M,16
Provincia di Bengasi,mussulmani,80-89,divorziati,F,9
Provincia di Bengasi,mussulmani,80-89,ignoto,MF,1
Provincia di Bengasi,mussulmani,80-89,ignoto,M,1
Provincia di Bengasi,mussulmani,80-89,ignoto,F,0
Provincia di Bengasi,mussulmani,90+,all,MF,245
Provincia di Bengasi,mussulmani,90+,all,M,100
Provincia di Bengasi,mussulmani,90+,all,F,145
Provincia di Bengasi,mussulmani,90+,celibi,MF,8
Provincia di Bengasi,mussulmani,90+,celibi,M,4
Provincia di Bengasi,mussulmani,90+,celibi,F,4
Provincia di Bengasi,mussulmani,90+,coniugati,MF,50
Provincia di Bengasi,mussulmani,90+,coniugati,M,47
Provincia di Bengasi,mussulmani,90+,coniugati,F,3
Provincia di Bengasi,mussulmani,90+,vedovi,MF,181
Provincia di Bengasi,mussulmani,90+,vedovi,M,44
Provincia di Bengasi,mussulmani,90+,vedovi,F,137
Provincia di Bengasi,mussulmani,90+,divorziati,MF,6
Provincia di Bengasi,mussulmani,90+,divorziati,M,5
Provincia di Bengasi,mussulmani,90+,divorziati,F,1
Provincia di Bengasi,mussulmani,90+,ignoto,MF,0
Provincia di Bengasi,mussulmani,90+,ignoto,M,0
Provincia di Bengasi,mussulmani,90+,ignoto,F,0
Provincia di Bengasi,mussulmani,ignota,all,MF,29
Provincia di Bengasi,mussulmani,ignota,all,M,10
Provincia di Bengasi,mussulmani,ignota,all,F,19
Provincia di Bengasi,mussulmani,ignota,celibi,MF,12
Provincia di Bengasi,mussulmani,ignota,celibi,M,5
Provincia di Bengasi,mussulmani,ignota,celibi,F,7
Provincia di Bengasi,mussulmani,ignota,coniugati,MF,10
Provincia di Bengasi,mussulmani,ignota,coniugati,M,4
Provincia di Bengasi,mussulmani,ignota,coniugati,F,6
Provincia di Bengasi,mussulmani,ignota,vedovi,MF,7
Provincia di Bengasi,mussulmani,ignota,vedovi,M,1
Provincia di Bengasi,mussulmani,ignota,vedovi,F,6
Provincia di Bengasi,mussulmani,ignota,divorziati,MF,0
Provincia di Bengasi,mussulmani,ignota,divorziati,M,0
Provincia di Bengasi,mussulmani,ignota,divorziati,F,0
Provincia di Bengasi,mussulmani,ignota,ignoto,MF,0
Provincia di Bengasi,mussulmani,ignota,ignoto,M,0
Provincia di Bengasi,mussulmani,ignota,ignoto,F,0
Provincia di Bengasi,mussulmani,Totale,all,MF,92688
Provincia di Bengasi,mussulmani,Totale,all,M,48385
Provincia di Bengasi,mussulmani,Totale,all,F,44303
Provincia di Bengasi,mussulmani,Totale,celibi,MF,43669
Provincia di Bengasi,mussulmani,Totale,celibi,M,26206
Provincia di Bengasi,mussulmani,Totale,celibi,F,17463
Provincia di Bengasi,mussulmani,Totale,coniugati,MF,40083
Provincia di Bengasi,mussulmani,Totale,coniugati,M,19729
Provincia di Bengasi,mussulmani,Totale,coniugati,F,20354
Provincia di Bengasi,mussulmani,Totale,vedovi,MF,6850
Provincia di Bengasi,mussulmani,Totale,vedovi,M,1599
Provincia di Bengasi,mussulmani,Totale,vedovi,F,5251
Provincia di Bengasi,mussulmani,Totale,divorziati,MF,2081
Provincia di Bengasi,mussulmani,Totale,divorziati,M,849
Provincia di Bengasi,mussulmani,Totale,divorziati,F,1232
Provincia di Bengasi,mussulmani,Totale,ignoto,MF,5
Provincia di Bengasi,mussulmani,Totale,ignoto,M,2
Provincia di Bengasi,mussulmani,Totale,ignoto,F,3
Provincia di Bengasi,ebrei,0-4,all,MF,486
Provincia di Bengasi,ebrei,0-4,all,M,216
Provincia di Bengasi,ebrei,0-4,all,F,270
Provincia di Bengasi,ebrei,0-4,celibi,MF,486
Provincia di Bengasi,ebrei,0-4,celibi,M,216
Provincia di Bengasi,ebrei,0-4,celibi,F,270
Provincia di Bengasi,ebrei,0-4,coniugati,MF,0
Provincia di Bengasi,ebrei,0-4,coniugati,M,0
Provincia di Bengasi,ebrei,0-4,coniugati,F,0
Provincia di Bengasi,ebrei,0-4,vedovi,MF,0
Provincia di Bengasi,ebrei,0-4,vedovi,M,0
Provincia di Bengasi,ebrei,0-4,vedovi,F,0
Provincia di Bengasi,ebrei,0-4,divorziati,MF,0
Provincia di Bengasi,ebrei,0-4,divorziati,M,0
Provincia di Bengasi,ebrei,0-4,divorziati,F,0
Provincia di Bengasi,ebrei,0-4,ignoto,MF,0
Provincia di Bengasi,ebrei,0-4,ignoto,M,0
Provincia di Bengasi,ebrei,0-4,ignoto,F,0
Provincia di Bengasi,ebrei,5-9,all,MF,492
Provincia di Bengasi,ebrei,5-9,all,M,251
Provincia di Bengasi,ebrei,5-9,all,F,241
Provincia di Bengasi,ebrei,5-9,celibi,MF,492
Provincia di Bengasi,ebrei,5-9,celibi,M,251
Provincia di Bengasi,ebrei,5-9,celibi,F,241
Provincia di Bengasi,ebrei,5-9,coniugati,MF,0
Provincia di Bengasi,ebrei,5-9,coniugati,M,0
Provincia di Bengasi,ebrei,5-9,coniugati,F,0
Provincia di Bengasi,ebrei,5-9,vedovi,MF,0
Provincia di Bengasi,ebrei,5-9,vedovi,M,0
Provincia di Bengasi,ebrei,5-9,vedovi,F,0
Provincia di Bengasi,ebrei,5-9,divorziati,MF,0
Provincia di Bengasi,ebrei,5-9,divorziati,M,0
Provincia di Bengasi,ebrei,5-9,divorziati,F,0
Provincia di Bengasi,ebrei,5-9,ignoto,MF,0
Provincia di Bengasi,ebrei,5-9,ignoto,M,0
Provincia di Bengasi,ebrei,5-9,ignoto,F,0
Provincia di Bengasi,ebrei,10-14,all,MF,416
Provincia di Bengasi,ebrei,10-14,all,M,195
Provincia di Bengasi,ebrei,10-14,all,F,221
Provincia di Bengasi,ebrei,10-14,celibi,MF,416
Provincia di Bengasi,ebrei,10-14,celibi,M,195
Provincia di Bengasi,ebrei,10-14,celibi,F,221
Provincia di Bengasi,ebrei,10-14,coniugati,MF,0
Provincia di Bengasi,ebrei,10-14,coniugati,M,0
Provincia di Bengasi,ebrei,10-14,coniugati,F,0
Provincia di Bengasi,ebrei,10-14,vedovi,MF,0
Provincia di Bengasi,ebrei,10-14,vedovi,M,0
Provincia di Bengasi,ebrei,10-14,vedovi,F,0
Provincia di Bengasi,ebrei,10-14,divorziati,MF,0
Provincia di Bengasi,ebrei,10-14,divorziati,M,0
Provincia di Bengasi,ebrei,10-14,divorziati,F,0
Provincia di Bengasi,ebrei,10-14,ignoto,MF,0
Provincia di Bengasi,ebrei,10-14,ignoto,M,0
Provincia di Bengasi,ebrei,10-14,ignoto,F,0
Provincia di Bengasi,ebrei,15-19,all,MF,361
Provincia di Bengasi,ebrei,15-19,all,M,160
Provincia di Bengasi,ebrei,15-19,all,F,201
Provincia di Bengasi,ebrei,15-19,celibi,MF,330
Provincia di Bengasi,ebrei,15-19,celibi,M,159
Provincia di Bengasi,ebrei,15-19,celibi,F,171
Provincia di Bengasi,ebrei,15-19,coniugati,MF,31
Provincia di Bengasi,ebrei,15-19,coniugati,M,1
Provincia di Bengasi,ebrei,15-19,coniugati,F,30
Provincia di Bengasi,ebrei,15-19,vedovi,MF,0
Provincia di Bengasi,ebrei,15-19,vedovi,M,0
Provincia di Bengasi,ebrei,15-19,vedovi,F,0
Provincia di Bengasi,ebrei,15-19,divorziati,MF,0
Provincia di Bengasi,ebrei,15-19,divorziati,M,0
Provincia di Bengasi,ebrei,15-19,divorziati,F,0
Provincia di Bengasi,ebrei,15-19,ignoto,MF,0
Provincia di Bengasi,ebrei,15-19,ignoto,M,0
Provincia di Bengasi,ebrei,15-19,ignoto,F,0
Provincia di Bengasi,ebrei,20-24,all,MF,279
Provincia di Bengasi,ebrei,20-24,all,M,130
Provincia di Bengasi,ebrei,20-24,all,F,149
Provincia di Bengasi,ebrei,20-24,celibi,MF,169
Provincia di Bengasi,ebrei,20-24,celibi,M,102
Provincia di Bengasi,ebrei,20-24,celibi,F,67
Provincia di Bengasi,ebrei,20-24,coniugati,MF,108
Provincia di Bengasi,ebrei,20-24,coniugati,M,28
Provincia di Bengasi,ebrei,20-24,coniugati,F,80
Provincia di Bengasi,ebrei,20-24,vedovi,MF,0
Provincia di Bengasi,ebrei,20-24,vedovi,M,0
Provincia di Bengasi,ebrei,20-24,vedovi,F,0
Provincia di Bengasi,ebrei,20-24,divorziati,MF,2
Provincia di Bengasi,ebrei,20-24,divorziati,M,0
Provincia di Bengasi,ebrei,20-24,divorziati,F,2
Provincia di Bengasi,ebrei,20-24,ignoto,MF,0
Provincia di Bengasi,ebrei,20-24,ignoto,M,0
Provincia di Bengasi,ebrei,20-24,ignoto,F,0
Provincia di Bengasi,ebrei,25-29,all,MF,323
Provincia di Bengasi,ebrei,25-29,all,M,161
Provincia di Bengasi,ebrei,25-29,all,F,162
Provincia di Bengasi,ebrei,25-29,celibi,MF,95
Provincia di Bengasi,ebrei,25-29,celibi,M,68
Provincia di Bengasi,ebrei,25-29,celibi,F,27
Provincia di Bengasi,ebrei,25-29,coniugati,MF,220
Provincia di Bengasi,ebrei,25-29,coniugati,M,93
Provincia di Bengasi,ebrei,25-29,coniugati,F,127
Provincia di Bengasi,ebrei,25-29,vedovi,MF,7
Provincia di Bengasi,ebrei,25-29,vedovi,M,0
Provincia di Bengasi,ebrei,25-29,vedovi,F,7
Provincia di Bengasi,ebrei,25-29,divorziati,MF,1
Provincia di Bengasi,ebrei,25-29,divorziati,M,0
Provincia di Bengasi,ebrei,25-29,divorziati,F,1
Provincia di Bengasi,ebrei,25-29,ignoto,MF,0
Provincia di Bengasi,ebrei,25-29,ignoto,M,0
Provincia di Bengasi,ebrei,25-29,ignoto,F,0
Provincia di Bengasi,ebrei,30-34,all,MF,219
Provincia di Bengasi,ebrei,30-34,all,M,114
Provincia di Bengasi,ebrei,30-34,all,F,105
Provincia di Bengasi,ebrei,30-34,celibi,MF,36
Provincia di Bengasi,ebrei,30-34,celibi,M,29
Provincia di Bengasi,ebrei,30-34,celibi,F,7
Provincia di Bengasi,ebrei,30-34,coniugati,MF,176
Provincia di Bengasi,ebrei,30-34,coniugati,M,84
Provincia di Bengasi,ebrei,30-34,coniugati,F,92
Provincia di Bengasi,ebrei,30-34,vedovi,MF,6
Provincia di Bengasi,ebrei,30-34,vedovi,M,1
Provincia di Bengasi,ebrei,30-34,vedovi,F,5
Provincia di Bengasi,ebrei,30-34,divorziati,MF,1
Provincia di Bengasi,ebrei,30-34,divorziati,M,0
Provincia di Bengasi,ebrei,30-34,divorziati,F,1
Provincia di Bengasi,ebrei,30-34,ignoto,MF,0
Provincia di Bengasi,ebrei,30-34,ignoto,M,0
Provincia di Bengasi,ebrei,30-34,ignoto,F,0
Provincia di Bengasi,ebrei,35-39,all,MF,206
Provincia di Bengasi,ebrei,35-39,all,M,103
Provincia di Bengasi,ebrei,35-39,all,F,103
Provincia di Bengasi,ebrei,35-39,celibi,MF,18
Provincia di Bengasi,ebrei,35-39,celibi,M,14
Provincia di Bengasi,ebrei,35-39,celibi,F,4
Provincia di Bengasi,ebrei,35-39,coniugati,MF,168
Provincia di Bengasi,ebrei,35-39,coniugati,M,87
Provincia di Bengasi,ebrei,35-39,coniugati,F,81
Provincia di Bengasi,ebrei,35-39,vedovi,MF,17
Provincia di Bengasi,ebrei,35-39,vedovi,M,1
Provincia di Bengasi,ebrei,35-39,vedovi,F,16
Provincia di Bengasi,ebrei,35-39,divorziati,MF,3
Provincia di Bengasi,ebrei,35-39,divorziati,M,1
Provincia di Bengasi,ebrei,35-39,divorziati,F,2
Provincia di Bengasi,ebrei,35-39,ignoto,MF,0
Provincia di Bengasi,ebrei,35-39,ignoto,M,0
Provincia di Bengasi,ebrei,35-39,ignoto,F,0
Provincia di Bengasi,ebrei,40-44,all,MF,185
Provincia di Bengasi,ebrei,40-44,all,M,99
Provincia di Bengasi,ebrei,40-44,all,F,86
Provincia di Bengasi,ebrei,40-44,celibi,MF,7
Provincia di Bengasi,ebrei,40-44,celibi,M,5
Provincia di Bengasi,ebrei,40-44,celibi,F,2
Provincia di Bengasi,ebrei,40-44,coniugati,MF,158
Provincia di Bengasi,ebrei,40-44,coniugati,M,91
Provincia di Bengasi,ebrei,40-44,coniugati,F,67
Provincia di Bengasi,ebrei,40-44,vedovi,MF,15
Provincia di Bengasi,ebrei,40-44,vedovi,M,2
Provincia di Bengasi,ebrei,40-44,vedovi,F,13
Provincia di Bengasi,ebrei,40-44,divorziati,MF,5
Provincia di Bengasi,ebrei,40-44,divorziati,M,1
Provincia di Bengasi,ebrei,40-44,divorziati,F,4
Provincia di Bengasi,ebrei,40-44,ignoto,MF,0
Provincia di Bengasi,ebrei,40-44,ignoto,M,0
Provincia di Bengasi,ebrei,40-44,ignoto,F,0
Provincia di Bengasi,ebrei,45-49,all,MF,108
Provincia di Bengasi,ebrei,45-49,all,M,53
Provincia di Bengasi,ebrei,45-49,all,F,55
Provincia di Bengasi,ebrei,45-49,celibi,MF,2
Provincia di Bengasi,ebrei,45-49,celibi,M,1
Provincia di Bengasi,ebrei,45-49,celibi,F,1
Provincia di Bengasi,ebrei,45-49,coniugati,MF,84
Provincia di Bengasi,ebrei,45-49,coniugati,M,48
Provincia di Bengasi,ebrei,45-49,coniugati,F,36
Provincia di Bengasi,ebrei,45-49,vedovi,MF,20
Provincia di Bengasi,ebrei,45-49,vedovi,M,3
Provincia di Bengasi,ebrei,45-49,vedovi,F,17
Provincia di Bengasi,ebrei,45-49,divorziati,MF,2
Provincia di Bengasi,ebrei,45-49,divorziati,M,1
Provincia di Bengasi,ebrei,45-49,divorziati,F,1
Provincia di Bengasi,ebrei,45-49,ignoto,MF,0
Provincia di Bengasi,ebrei,45-49,ignoto,M,0
Provincia di Bengasi,ebrei,45-49,ignoto,F,0
Provincia di Bengasi,ebrei,50-54,all,MF,125
Provincia di Bengasi,ebrei,50-54,all,M,57
Provincia di Bengasi,ebrei,50-54,all,F,68
Provincia di Bengasi,ebrei,50-54,celibi,MF,4
Provincia di Bengasi,ebrei,50-54,celibi,M,3
Provincia di Bengasi,ebrei,50-54,celibi,F,1
Provincia di Bengasi,ebrei,50-54,coniugati,MF,89
Provincia di Bengasi,ebrei,50-54,coniugati,M,52
Provincia di Bengasi,ebrei,50-54,coniugati,F,37
Provincia di Bengasi,ebrei,50-54,vedovi,MF,31
Provincia di Bengasi,ebrei,50-54,vedovi,M,2
Provincia di Bengasi,ebrei,50-54,vedovi,F,29
Provincia di Bengasi,ebrei,50-54,divorziati,MF,1
Provincia di Bengasi,ebrei,50-54,divorziati,M,0
Provincia di Bengasi,ebrei,50-54,divorziati,F,1
Provincia di Bengasi,ebrei,50-54,ignoto,MF,0
Provincia di Bengasi,ebrei,50-54,ignoto,M,0
Provincia di Bengasi,ebrei,50-54,ignoto,F,0
Provincia di Bengasi,ebrei,55-59,all,MF,92
Provincia di Bengasi,ebrei,55-59,all,M,46
Provincia di Bengasi,ebrei,55-59,all,F,46
Provincia di Bengasi,ebrei,55-59,celibi,MF,1
Provincia di Bengasi,ebrei,55-59,celibi,M,0
Provincia di Bengasi,ebrei,55-59,celibi,F,1
Provincia di Bengasi,ebrei,55-59,coniugati,MF,68
Provincia di Bengasi,ebrei,55-59,coniugati,M,43
Provincia di Bengasi,ebrei,55-59,coniugati,F,25
Provincia di Bengasi,ebrei,55-59,vedovi,MF,21
Provincia di Bengasi,ebrei,55-59,vedovi,M,3
Provincia di Bengasi,ebrei,55-59,vedovi,F,18
Provincia di Bengasi,ebrei,55-59,divorziati,MF,2
Provincia di Bengasi,ebrei,55-59,divorziati,M,0
Provincia di Bengasi,ebrei,55-59,divorziati,F,2
Provincia di Bengasi,ebrei,55-59,ignoto,MF,0
Provincia di Bengasi,ebrei,55-59,ignoto,M,0
Provincia di Bengasi,ebrei,55-59,ignoto,F,0
Provincia di Bengasi,ebrei,60-64,all,MF,55
Provincia di Bengasi,ebrei,60-64,all,M,27
Provincia di Bengasi,ebrei,60-64,all,F,28
Provincia di Bengasi,ebrei,60-64,celibi,MF,0
Provincia di Bengasi,ebrei,60-64,celibi,M,0
Provincia di Bengasi,ebrei,60-64,celibi,F,0
Provincia di Bengasi,ebrei,60-64,coniugati,MF,36
Provincia di Bengasi,ebrei,60-64,coniugati,M,26
Provincia di Bengasi,ebrei,60-64,coniugati,F,10
Provincia di Bengasi,ebrei,60-64,vedovi,MF,19
Provincia di Bengasi,ebrei,60-64,vedovi,M,1
Provincia di Bengasi,ebrei,60-64,vedovi,F,18
Provincia di Bengasi,ebrei,60-64,divorziati,MF,0
Provincia di Bengasi,ebrei,60-64,divorziati,M,0
Provincia di Bengasi,ebrei,60-64,divorziati,F,0
Provincia di Bengasi,ebrei,60-64,ignoto,MF,0
Provincia di Bengasi,ebrei,60-64,ignoto,M,0
Provincia di Bengasi,ebrei,60-64,ignoto,F,0
Provincia di Bengasi,ebrei,65-69,all,MF,52
Provincia di Bengasi,ebrei,65-69,all,M,24
Provincia di Bengasi,ebrei,65-69,all,F,28
Provincia di Bengasi,ebrei,65-69,celibi,MF,1
Provincia di Bengasi,ebrei,65-69,celibi,M,0
Provincia di Bengasi,ebrei,65-69,celibi,F,1
Provincia di Bengasi,ebrei,65-69,coniugati,MF,32
Provincia di Bengasi,ebrei,65-69,coniugati,M,22
Provincia di Bengasi,ebrei,65-69,coniugati,F,10
Provincia di Bengasi,ebrei,65-69,vedovi,MF,19
Provincia di Bengasi,ebrei,65-69,vedovi,M,2
Provincia di Bengasi,ebrei,65-69,vedovi,F,17
Provincia di Bengasi,ebrei,65-69,divorziati,MF,0
Provincia di Bengasi,ebrei,65-69,divorziati,M,0
Provincia di Bengasi,ebrei,65-69,divorziati,F,0
Provincia di Bengasi,ebrei,65-69,ignoto,MF,0
Provincia di Bengasi,ebrei,65-69,ignoto,M,0
Provincia di Bengasi,ebrei,65-69,ignoto,F,0
Provincia di Bengasi,ebrei,70-79,all,MF,40
Provincia di Bengasi,ebrei,70-79,all,M,19
Provincia di Bengasi,ebrei,70-79,all,F,21
Provincia di Bengasi,ebrei,70-79,celibi,MF,1
Provincia di Bengasi,ebrei,70-79,celibi,M,0
Provincia di Bengasi,ebrei,70-79,celibi,F,1
Provincia di Bengasi,ebrei,70-79,coniugati,MF,20
Provincia di Bengasi,ebrei,70-79,coniugati,M,16
Provincia di Bengasi,ebrei,70-79,coniugati,F,4
Provincia di Bengasi,ebrei,70-79,vedovi,MF,19
Provincia di Bengasi,ebrei,70-79,vedovi,M,3
Provincia di Bengasi,ebrei,70-79,vedovi,F,16
Provincia di Bengasi,ebrei,70-79,divorziati,MF,0
Provincia di Bengasi,ebrei,70-79,divorziati,M,0
Provincia di Bengasi,ebrei,70-79,divorziati,F,0
Provincia di Bengasi,ebrei,70-79,ignoto,MF,0
Provincia di Bengasi,ebrei,70-79,ignoto,M,0
Provincia di Bengasi,ebrei,70-79,ignoto,F,0
Provincia di Bengasi,ebrei,80-89,all,MF,19
Provincia di Bengasi,ebrei,80-89,all,M,4
Provincia di Bengasi,ebrei,80-89,all,F,15
Provincia di Bengasi,ebrei,80-89,celibi,MF,0
Provincia di Bengasi,ebrei,80-89,celibi,M,0
Provincia di Bengasi,ebrei,80-89,celibi,F,0
Provincia di Bengasi,ebrei,80-89,coniugati,MF,5
Provincia di Bengasi,ebrei,80-89,coniugati,M,3
Provincia di Bengasi,ebrei,80-89,coniugati,F,2
Provincia di Bengasi,ebrei,80-89,vedovi,MF,14
Provincia di Bengasi,ebrei,80-89,vedovi,M,1
Provincia di Bengasi,ebrei,80-89,vedovi,F,13
Provincia di Bengasi,ebrei,80-89,divorziati,MF,0
Provincia di Bengasi,ebrei,80-89,divorziati,M,0
Provincia di Bengasi,ebrei,80-89,divorziati,F,0
Provincia di Bengasi,ebrei,80-89,ignoto,MF,0
Provincia di Bengasi,ebrei,80-89,ignoto,M,0
Provincia di Bengasi,ebrei,80-89,ignoto,F,0
Provincia di Bengasi,ebrei,90+,all,MF,7
Provincia di Bengasi,ebrei,90+,all,M,3
Provincia di Bengasi,ebrei,90+,all,F,4
Provincia di Bengasi,ebrei,90+,celibi,MF,0
Provincia di Bengasi,ebrei,90+,celibi,M,0
Provincia di Bengasi,ebrei,90+,celibi,F,0
Provincia di Bengasi,ebrei,90+,coniugati,MF,3
Provincia di Bengasi,ebrei,90+,coniugati,M,3
Provincia di Bengasi,ebrei,90+,coniugati,F,0
Provincia di Bengasi,ebrei,90+,vedovi,MF,4
Provincia di Bengasi,ebrei,90+,vedovi,M,0
Provincia di Bengasi,ebrei,90+,vedovi,F,4
Provincia di Bengasi,ebrei,90+,divorziati,MF,0
Provincia di Bengasi,ebrei,90+,divorziati,M,0
Provincia di Bengasi,ebrei,90+,divorziati,F,0
Provincia di Bengasi,ebrei,90+,ignoto,MF,0
Provincia di Bengasi,ebrei,90+,ignoto,M,0
Provincia di Bengasi,ebrei,90+,ignoto,F,0
Provincia di Bengasi,ebrei,ignota,all,MF,3
Provincia di Bengasi,ebrei,ignota,all,M,0
Provincia di Bengasi,ebrei,ignota,all,F,3
Provincia di Bengasi,ebrei,ignota,celibi,MF,2
Provincia di Bengasi,ebrei,ignota,celibi,M,0
Provincia di Bengasi,ebrei,ignota,celibi,F,2
Provincia di Bengasi,ebrei,ignota,coniugati,MF,0
Provincia di Bengasi,ebrei,ignota,coniugati,M,0
Provincia di Bengasi,ebrei,ignota,coniugati,F,0
Provincia di Bengasi,ebrei,ignota,vedovi,MF,1
Provincia di Bengasi,ebrei,ignota,vedovi,M,0
Provincia di Bengasi,ebrei,ignota,vedovi,F,1
Provincia di Bengasi,ebrei,ignota,divorziati,MF,0
Provincia di Bengasi,ebrei,ignota,divorziati,M,0
Provincia di Bengasi,ebrei,ignota,divorziati,F,0
Provincia di Bengasi,ebrei,ignota,ignoto,MF,0
Provincia di Bengasi,ebrei,ignota,ignoto,M,0
Provincia di Bengasi,ebrei,ignota,ignoto,F,0
Provincia di Bengasi,ebrei,Totale,all,MF,3468
Provincia di Bengasi,ebrei,Totale,all,M,1662
Provincia di Bengasi,ebrei,Totale,all,F,1806
Provincia di Bengasi,ebrei,Totale,celibi,MF,2060
Provincia di Bengasi,ebrei,Totale,celibi,M,1043
Provincia di Bengasi,ebrei,Totale,celibi,F,1017
Provincia di Bengasi,ebrei,Totale,coniugati,MF,1198
Provincia di Bengasi,ebrei,Totale,coniugati,M,597
Provincia di Bengasi,ebrei,Totale,coniugati,F,601
Provincia di Bengasi,ebrei,Totale,vedovi,MF,193
Provincia di Bengasi,ebrei,Totale,vedovi,M,19
Provincia di Bengasi,ebrei,Totale,vedovi,F,174
Provincia di Bengasi,ebrei,Totale,divorziati,MF,17
Provincia di Bengasi,ebrei,Totale,divorziati,M,3
Provincia di Bengasi,ebrei,Totale,divorziati,F,14
Provincia di Bengasi,ebrei,Totale,ignoto,MF,0
Provincia di Bengasi,ebrei,Totale,ignoto,M,0
Provincia di Bengasi,ebrei,Totale,ignoto,F,0
Provincia di Derna,complesso,0-4,all,MF,4991
Provincia di Derna,complesso,0-4,all,M,2536
Provincia di Derna,complesso,0-4,all,F,2455
Provincia di Derna,complesso,0-4,celibi,MF,4991
Provincia di Derna,complesso,0-4,celibi,M,2536
Provincia di Derna,complesso,0-4,celibi,F,2455
Provincia di Derna,complesso,0-4,coniugati,MF,0
Provincia di Derna,complesso,0-4,coniugati,M,0
Provincia di Derna,complesso,0-4,coniugati,F,0
Provincia di Derna,complesso,0-4,vedovi,MF,0
Provincia di Derna,complesso,0-4,vedovi,M,0
Provincia di Derna,complesso,0-4,vedovi,F,0
Provincia di Derna,complesso,0-4,divorziati,MF,0
Provincia di Derna,complesso,0-4,divorziati,M,0
Provincia di Derna,complesso,0-4,divorziati,F,0
Provincia di Derna,complesso,0-4,ignoto,MF,0
Provincia di Derna,complesso,0-4,ignoto,M,0
Provincia di Derna,complesso,0-4,ignoto,F,0
Provincia di Derna,complesso,5-9,all,MF,4625
Provincia di Derna,complesso,5-9,all,M,2429
Provincia di Derna,complesso,5-9,all,F,2196
Provincia di Derna,complesso,5-9,celibi,MF,4625
Provincia di Derna,complesso,5-9,celibi,M,2429
Provincia di Derna,complesso,5-9,celibi,F,2196
Provincia di Derna,complesso,5-9,coniugati,MF,0
Provincia di Derna,complesso,5-9,coniugati,M,0
Provincia di Derna,complesso,5-9,coniugati,F,0
Provincia di Derna,complesso,5-9,vedovi,MF,0
Provincia di Derna,complesso,5-9,vedovi,M,0
Provincia di Derna,complesso,5-9,vedovi,F,0
Provincia di Derna,complesso,5-9,divorziati,MF,0
Provincia di Derna,complesso,5-9,divorziati,M,0
Provincia di Derna,complesso,5-9,divorziati,F,0
Provincia di Derna,complesso,5-9,ignoto,MF,0
Provincia di Derna,complesso,5-9,ignoto,M,0
Provincia di Derna,complesso,5-9,ignoto,F,0
Provincia di Derna,complesso,10-14,all,MF,4617
Provincia di Derna,complesso,10-14,all,M,2665
Provincia di Derna,complesso,10-14,all,F,1952
Provincia di Derna,complesso,10-14,celibi,MF,4615
Provincia di Derna,complesso,10-14,celibi,M,2665
Provincia di Derna,complesso,10-14,celibi,F,1950
Provincia di Derna,complesso,10-14,coniugati,MF,2
Provincia di Derna,complesso,10-14,coniugati,M,0
Provincia di Derna,complesso,10-14,coniugati,F,2
Provincia di Derna,complesso,10-14,vedovi,MF,0
Provincia di Derna,complesso,10-14,vedovi,M,0
Provincia di Derna,complesso,10-14,vedovi,F,0
Provincia di Derna,complesso,10-14,divorziati,MF,0
Provincia di Derna,complesso,10-14,divorziati,M,0
Provincia di Derna,complesso,10-14,divorziati,F,0
Provincia di Derna,complesso,10-14,ignoto,MF,0
Provincia di Derna,complesso,10-14,ignoto,M,0
Provincia di Derna,complesso,10-14,ignoto,F,0
Provincia di Derna,complesso,15-19,all,MF,2790
Provincia di Derna,complesso,15-19,all,M,1451
Provincia di Derna,complesso,15-19,all,F,1339
Provincia di Derna,complesso,15-19,celibi,MF,2377
Provincia di Derna,complesso,15-19,celibi,M,1443
Provincia di Derna,complesso,15-19,celibi,F,934
Provincia di Derna,complesso,15-19,coniugati,MF,379
Provincia di Derna,complesso,15-19,coniugati,M,8
Provincia di Derna,complesso,15-19,coniugati,F,371
Provincia di Derna,complesso,15-19,vedovi,MF,5
Provincia di Derna,complesso,15-19,vedovi,M,0
Provincia di Derna,complesso,15-19,vedovi,F,5
Provincia di Derna,complesso,15-19,divorziati,MF,29
Provincia di Derna,complesso,15-19,divorziati,M,0
Provincia di Derna,complesso,15-19,divorziati,F,29
Provincia di Derna,complesso,15-19,ignoto,MF,0
Provincia di Derna,complesso,15-19,ignoto,M,0
Provincia di Derna,complesso,15-19,ignoto,F,0
Provincia di Derna,complesso,20-24,all,MF,2282
Provincia di Derna,complesso,20-24,all,M,1160
Provincia di Derna,complesso,20-24,all,F,1122
Provincia di Derna,complesso,20-24,celibi,MF,1194
Provincia di Derna,complesso,20-24,celibi,M,993
Provincia di Derna,complesso,20-24,celibi,F,201
Provincia di Derna,complesso,20-24,coniugati,MF,1003
Provincia di Derna,complesso,20-24,coniugati,M,158
Provincia di Derna,complesso,20-24,coniugati,F,845
Provincia di Derna,complesso,20-24,vedovi,MF,16
Provincia di Derna,complesso,20-24,vedovi,M,1
Provincia di Derna,complesso,20-24,vedovi,F,15
Provincia di Derna,complesso,20-24,divorziati,MF,69
Provincia di Derna,complesso,20-24,divorziati,M,8
Provincia di Derna,complesso,20-24,divorziati,F,61
Provincia di Derna,complesso,20-24,ignoto,MF,0
Provincia di Derna,complesso,20-24,ignoto,M,0
Provincia di Derna,complesso,20-24,ignoto,F,0
Provincia di Derna,complesso,25-29,all,MF,3850
Provincia di Derna,complesso,25-29,all,M,1987
Provincia di Derna,complesso,25-29,all,F,1863
Provincia di Derna,complesso,25-29,celibi,MF,1171
Provincia di Derna,complesso,25-29,celibi,M,1084
Provincia di Derna,complesso,25-29,celibi,F,87
Provincia di Derna,complesso,25-29,coniugati,MF,2492
Provincia di Derna,complesso,25-29,coniugati,M,834
Provincia di Derna,complesso,25-29,coniugati,F,1658
Provincia di Derna,complesso,25-29,vedovi,MF,45
Provincia di Derna,complesso,25-29,vedovi,M,16
Provincia di Derna,complesso,25-29,vedovi,F,29
Provincia di Derna,complesso,25-29,divorziati,MF,142
Provincia di Derna,complesso,25-29,divorziati,M,53
Provincia di Derna,complesso,25-29,divorziati,F,89
Provincia di Derna,complesso,25-29,ignoto,MF,0
Provincia di Derna,complesso,25-29,ignoto,M,0
Provincia di Derna,complesso,25-29,ignoto,F,0
Provincia di Derna,complesso,30-34,all,MF,3855
Provincia di Derna,complesso,30-34,all,M,1944
Provincia di Derna,complesso,30-34,all,F,1911
Provincia di Derna,complesso,30-34,celibi,MF,600
Provincia di Derna,complesso,30-34,celibi,M,570
Provincia di Derna,complesso,30-34,celibi,F,30
Provincia di Derna,complesso,30-34,coniugati,MF,2984
Provincia di Derna,complesso,30-34,coniugati,M,1261
Provincia di Derna,complesso,30-34,coniugati,F,1723
Provincia di Derna,complesso,30-34,vedovi,MF,111
Provincia di Derna,complesso,30-34,vedovi,M,44
Provincia di Derna,complesso,30-34,vedovi,F,67
Provincia di Derna,complesso,30-34,divorziati,MF,160
Provincia di Derna,complesso,30-34,divorziati,M,69
Provincia di Derna,complesso,30-34,divorziati,F,91
Provincia di Derna,complesso,30-34,ignoto,MF,0
Provincia di Derna,complesso,30-34,ignoto,M,0
Provincia di Derna,complesso,30-34,ignoto,F,0
Provincia di Derna,complesso,35-39,all,MF,3434
Provincia di Derna,complesso,35-39,all,M,1949
Provincia di Derna,complesso,35-39,all,F,1485
Provincia di Derna,complesso,35-39,celibi,MF,287
Provincia di Derna,complesso,35-39,celibi,M,277
Provincia di Derna,complesso,35-39,celibi,F,10
Provincia di Derna,complesso,35-39,coniugati,MF,2845
Provincia di Derna,complesso,35-39,coniugati,M,1515
Provincia di Derna,complesso,35-39,coniugati,F,1330
Provincia di Derna,complesso,35-39,vedovi,MF,167
Provincia di Derna,complesso,35-39,vedovi,M,76
Provincia di Derna,complesso,35-39,vedovi,F,91
Provincia di Derna,complesso,35-39,divorziati,MF,135
Provincia di Derna,complesso,35-39,divorziati,M,81
Provincia di Derna,complesso,35-39,divorziati,F,54
Provincia di Derna,complesso,35-39,ignoto,MF,0
Provincia di Derna,complesso,35-39,ignoto,M,0
Provincia di Derna,complesso,35-39,ignoto,F,0
Provincia di Derna,complesso,40-44,all,MF,2672
Provincia di Derna,complesso,40-44,all,M,1301
Provincia di Derna,complesso,40-44,all,F,1371
Provincia di Derna,complesso,40-44,celibi,MF,104
Provincia di Derna,complesso,40-44,celibi,M,89
Provincia di Derna,complesso,40-44,celibi,F,15
Provincia di Derna,complesso,40-44,coniugati,MF,2180
Provincia di Derna,complesso,40-44,coniugati,M,1038
Provincia di Derna,complesso,40-44,coniugati,F,1142
Provincia di Derna,complesso,40-44,vedovi,MF,273
Provincia di Derna,complesso,40-44,vedovi,M,103
Provincia di Derna,complesso,40-44,vedovi,F,170
Provincia di Derna,complesso,40-44,divorziati,MF,115
Provincia di Derna,complesso,40-44,divorziati,M,71
Provincia di Derna,complesso,40-44,divorziati,F,44
Provincia di Derna,complesso,40-44,ignoto,MF,0
Provincia di Derna,complesso,40-44,ignoto,M,0
Provincia di Derna,complesso,40-44,ignoto,F,0
Provincia di Derna,complesso,45-49,all,MF,1912
Provincia di Derna,complesso,45-49,all,M,1017
Provincia di Derna,complesso,45-49,all,F,895
Provincia di Derna,complesso,45-49,celibi,MF,44
Provincia di Derna,complesso,45-49,celibi,M,42
Provincia di Derna,complesso,45-49,celibi,F,2
Provincia di Derna,complesso,45-49,coniugati,MF,1545
Provincia di Derna,complesso,45-49,coniugati,M,866
Provincia di Derna,complesso,45-49,coniugati,F,679
Provincia di Derna,complesso,45-49,vedovi,MF,247
Provincia di Derna,complesso,45-49,vedovi,M,70
Provincia di Derna,complesso,45-49,vedovi,F,177
Provincia di Derna,complesso,45-49,divorziati,MF,76
Provincia di Derna,complesso,45-49,divorziati,M,39
Provincia di Derna,complesso,45-49,divorziati,F,37
Provincia di Derna,complesso,45-49,ignoto,MF,0
Provincia di Derna,complesso,45-49,ignoto,M,0
Provincia di Derna,complesso,45-49,ignoto,F,0
Provincia di Derna,complesso,50-54,all,MF,2140
Provincia di Derna,complesso,50-54,all,M,1179
Provincia di Derna,complesso,50-54,all,F,961
Provincia di Derna,complesso,50-54,celibi,MF,33
Provincia di Derna,complesso,50-54,celibi,M,28
Provincia di Derna,complesso,50-54,celibi,F,5
Provincia di Derna,complesso,50-54,coniugati,MF,1514
Provincia di Derna,complesso,50-54,coniugati,M,966
Provincia di Derna,complesso,50-54,coniugati,F,548
Provincia di Derna,complesso,50-54,vedovi,MF,517
Provincia di Derna,complesso,50-54,vedovi,M,136
Provincia di Derna,complesso,50-54,vedovi,F,381
Provincia di Derna,complesso,50-54,divorziati,MF,76
Provincia di Derna,complesso,50-54,divorziati,M,49
Provincia di Derna,complesso,50-54,divorziati,F,27
Provincia di Derna,complesso,50-54,ignoto,MF,0
Provincia di Derna,complesso,50-54,ignoto,M,0
Provincia di Derna,complesso,50-54,ignoto,F,0
Provincia di Derna,complesso,55-59,all,MF,1072
Provincia di Derna,complesso,55-59,all,M,661
Provincia di Derna,complesso,55-59,all,F,411
Provincia di Derna,complesso,55-59,celibi,MF,14
Provincia di Derna,complesso,55-59,celibi,M,13
Provincia di Derna,complesso,55-59,celibi,F,1
Provincia di Derna,complesso,55-59,coniugati,MF,748
Provincia di Derna,complesso,55-59,coniugati,M,573
Provincia di Derna,complesso,55-59,coniugati,F,175
Provincia di Derna,complesso,55-59,vedovi,MF,275
Provincia di Derna,complesso,55-59,vedovi,M,59
Provincia di Derna,complesso,55-59,vedovi,F,216
Provincia di Derna,complesso,55-59,divorziati,MF,35
Provincia di Derna,complesso,55-59,divorziati,M,16
Provincia di Derna,complesso,55-59,divorziati,F,19
Provincia di Derna,complesso,55-59,ignoto,MF,0
Provincia di Derna,complesso,55-59,ignoto,M,0
Provincia di Derna,complesso,55-59,ignoto,F,0
Provincia di Derna,complesso,60-64,all,MF,1253
Provincia di Derna,complesso,60-64,all,M,646
Provincia di Derna,complesso,60-64,all,F,607
Provincia di Derna,complesso,60-64,celibi,MF,10
Provincia di Derna,complesso,60-64,celibi,M,9
Provincia di Derna,complesso,60-64,celibi,F,1
Provincia di Derna,complesso,60-64,coniugati,MF,686
Provincia di Derna,complesso,60-64,coniugati,M,534
Provincia di Derna,complesso,60-64,coniugati,F,152
Provincia di Derna,complesso,60-64,vedovi,MF,521
Provincia di Derna,complesso,60-64,vedovi,M,89
Provincia di Derna,complesso,60-64,vedovi,F,432
Provincia di Derna,complesso,60-64,divorziati,MF,36
Provincia di Derna,complesso,60-64,divorziati,M,14
Provincia di Derna,complesso,60-64,divorziati,F,22
Provincia di Derna,complesso,60-64,ignoto,MF,0
Provincia di Derna,complesso,60-64,ignoto,M,0
Provincia di Derna,complesso,60-64,ignoto,F,0
Provincia di Derna,complesso,65-69,all,MF,622
Provincia di Derna,complesso,65-69,all,M,342
Provincia di Derna,complesso,65-69,all,F,280
Provincia di Derna,complesso,65-69,celibi,MF,10
Provincia di Derna,complesso,65-69,celibi,M,9
Provincia di Derna,complesso,65-69,celibi,F,1
Provincia di Derna,complesso,65-69,coniugati,MF,320
Provincia di Derna,complesso,65-69,coniugati,M,276
Provincia di Derna,complesso,65-69,coniugati,F,44
Provincia di Derna,complesso,65-69,vedovi,MF,277
Provincia di Derna,complesso,65-69,vedovi,M,44
Provincia di Derna,complesso,65-69,vedovi,F,233
Provincia di Derna,complesso,65-69,divorziati,MF,15
Provincia di Derna,complesso,65-69,divorziati,M,13
Provincia di Derna,complesso,65-69,divorziati,F,2
Provincia di Derna,complesso,65-69,ignoto,MF,0
Provincia di Derna,complesso,65-69,ignoto,M,0
Provincia di Derna,complesso,65-69,ignoto,F,0
Provincia di Derna,complesso,70-79,all,MF,864
Provincia di Derna,complesso,70-79,all,M,458
Provincia di Derna,complesso,70-79,all,F,406
Provincia di Derna,complesso,70-79,celibi,MF,3
Provincia di Derna,complesso,70-79,celibi,M,3
Provincia di Derna,complesso,70-79,celibi,F,0
Provincia di Derna,complesso,70-79,coniugati,MF,380
Provincia di Derna,complesso,70-79,coniugati,M,341
Provincia di Derna,complesso,70-79,coniugati,F,39
Provincia di Derna,complesso,70-79,vedovi,MF,463
Provincia di Derna,complesso,70-79,vedovi,M,100
Provincia di Derna,complesso,70-79,vedovi,F,363
Provincia di Derna,complesso,70-79,divorziati,MF,18
Provincia di Derna,complesso,70-79,divorziati,M,14
Provincia di Derna,complesso,70-79,divorziati,F,4
Provincia di Derna,complesso,70-79,ignoto,MF,0
Provincia di Derna,complesso,70-79,ignoto,M,0
Provincia di Derna,complesso,70-79,ignoto,F,0
Provincia di Derna,complesso,80-89,all,MF,176
Provincia di Derna,complesso,80-89,all,M,83
Provincia di Derna,complesso,80-89,all,F,93
Provincia di Derna,complesso,80-89,celibi,MF,0
Provincia di Derna,complesso,80-89,celibi,M,0
Provincia di Derna,complesso,80-89,celibi,F,0
Provincia di Derna,complesso,80-89,coniugati,MF,58
Provincia di Derna,complesso,80-89,coniugati,M,52
Provincia di Derna,complesso,80-89,coniugati,F,6
Provincia di Derna,complesso,80-89,vedovi,MF,110
Provincia di Derna,complesso,80-89,vedovi,M,24
Provincia di Derna,complesso,80-89,vedovi,F,86
Provincia di Derna,complesso,80-89,divorziati,MF,7
Provincia di Derna,complesso,80-89,divorziati,M,6
Provincia di Derna,complesso,80-89,divorziati,F,1
Provincia di Derna,complesso,80-89,ignoto,MF,1
Provincia di Derna,complesso,80-89,ignoto,M,1
Provincia di Derna,complesso,80-89,ignoto,F,0
Provincia di Derna,complesso,90+,all,MF,74
Provincia di Derna,complesso,90+,all,M,35
Provincia di Derna,complesso,90+,all,F,39
Provincia di Derna,complesso,90+,celibi,MF,0
Provincia di Derna,complesso,90+,celibi,M,0
Provincia di Derna,complesso,90+,celibi,F,0
Provincia di Derna,complesso,90+,coniugati,MF,17
Provincia di Derna,complesso,90+,coniugati,M,16
Provincia di Derna,complesso,90+,coniugati,F,1
Provincia di Derna,complesso,90+,vedovi,MF,56
Provincia di Derna,complesso,90+,vedovi,M,18
Provincia di Derna,complesso,90+,vedovi,F,38
Provincia di Derna,complesso,90+,divorziati,MF,1
Provincia di Derna,complesso,90+,divorziati,M,1
Provincia di Derna,complesso,90+,divorziati,F,0
Provincia di Derna,complesso,90+,ignoto,MF,0
Provincia di Derna,complesso,90+,ignoto,M,0
Provincia di Derna,complesso,90+,ignoto,F,0
Provincia di Derna,complesso,ignota,all,MF,4
Provincia di Derna,complesso,ignota,all,M,1
Provincia di Derna,complesso,ignota,all,F,3
Provincia di Derna,complesso,ignota,celibi,MF,1
Provincia di Derna,complesso,ignota,celibi,M,0
Provincia di Derna,complesso,ignota,celibi,F,1
Provincia di Derna,complesso,ignota,coniugati,MF,2
Provincia di Derna,complesso,ignota,coniugati,M,1
Provincia di Derna,complesso,ignota,coniugati,F,1
Provincia di Derna,complesso,ignota,vedovi,MF,1
Provincia di Derna,complesso,ignota,vedovi,M,0
Provincia di Derna,complesso,ignota,vedovi,F,1
Provincia di Derna,complesso,ignota,divorziati,MF,0
Provincia di Derna,complesso,ignota,divorziati,M,0
Provincia di Derna,complesso,ignota,divorziati,F,0
Provincia di Derna,complesso,ignota,ignoto,MF,0
Provincia di Derna,complesso,ignota,ignoto,M,0
Provincia di Derna,complesso,ignota,ignoto,F,0
Provincia di Derna,complesso,Totale,all,MF,41233
Provincia di Derna,complesso,Totale,all,M,21844
Provincia di Derna,complesso,Totale,all,F,19389
Provincia di Derna,complesso,Totale,celibi,MF,20079
Provincia di Derna,complesso,Totale,celibi,M,12190
Provincia di Derna,complesso,Totale,celibi,F,7889
Provincia di Derna,complesso,Totale,coniugati,MF,17155
Provincia di Derna,complesso,Totale,coniugati,M,8439
Provincia di Derna,complesso,Totale,coniugati,F,8716
Provincia di Derna,complesso,Totale,vedovi,MF,3084
Provincia di Derna,complesso,Totale,vedovi,M,780
Provincia di Derna,complesso,Totale,vedovi,F,2304
Provincia di Derna,complesso,Totale,divorziati,MF,914
Provincia di Derna,complesso,Totale,divorziati,M,434
Provincia di Derna,complesso,Totale,divorziati,F,480
Provincia di Derna,complesso,Totale,ignoto,MF,1
Provincia di Derna,complesso,Totale,ignoto,M,1
Provincia di Derna,complesso,Totale,ignoto,F,0
di cui municipio di Derna,complesso,0-4,all,MF,1802
di cui municipio di Derna,complesso,0-4,all,M,940
di cui municipio di Derna,complesso,0-4,all,F,862
di cui municipio di Derna,complesso,0-4,celibi,MF,1802
di cui municipio di Derna,complesso,0-4,celibi,M,940
di cui municipio di Derna,complesso,0-4,celibi,F,862
di cui municipio di Derna,complesso,0-4,coniugati,MF,0
di cui municipio di Derna,complesso,0-4,coniugati,M,0
di cui municipio di Derna,complesso,0-4,coniugati,F,0
di cui municipio di Derna,complesso,0-4,vedovi,MF,0
di cui municipio di Derna,complesso,0-4,vedovi,M,0
di cui municipio di Derna,complesso,0-4,vedovi,F,0
di cui municipio di Derna,complesso,0-4,divorziati,MF,0
di cui municipio di Derna,complesso,0-4,divorziati,M,0
di cui municipio di Derna,complesso,0-4,divorziati,F,0
di cui municipio di Derna,complesso,0-4,ignoto,MF,0
di cui municipio di Derna,complesso,0-4,ignoto,M,0
di cui municipio di Derna,complesso,0-4,ignoto,F,0
di cui municipio di Derna,complesso,5-9,all,MF,1767
di cui municipio di Derna,complesso,5-9,all,M,935
di cui municipio di Derna,complesso,5-9,all,F,832
di cui municipio di Derna,complesso,5-9,celibi,MF,1767
di cui municipio di Derna,complesso,5-9,celibi,M,935
di cui municipio di Derna,complesso,5-9,celibi,F,832
di cui municipio di Derna,complesso,5-9,coniugati,MF,0
di cui municipio di Derna,complesso,5-9,coniugati,M,0
di cui municipio di Derna,complesso,5-9,coniugati,F,0
di cui municipio di Derna,complesso,5-9,vedovi,MF,0
di cui municipio di Derna,complesso,5-9,vedovi,M,0
di cui municipio di Derna,complesso,5-9,vedovi,F,0
di cui municipio di Derna,complesso,5-9,divorziati,MF,0
di cui municipio di Derna,complesso,5-9,divorziati,M,0
di cui municipio di Derna,complesso,5-9,divorziati,F,0
di cui municipio di Derna,complesso,5-9,ignoto,MF,0
di cui municipio di Derna,complesso,5-9,ignoto,M,0
di cui municipio di Derna,complesso,5-9,ignoto,F,0
di cui municipio di Derna,complesso,10-14,all,MF,1799
di cui municipio di Derna,complesso,10-14,all,M,1043
di cui municipio di Derna,complesso,10-14,all,F,756
di cui municipio di Derna,complesso,10-14,celibi,MF,1798
di cui municipio di Derna,complesso,10-14,celibi,M,1043
di cui municipio di Derna,complesso,10-14,celibi,F,755
di cui municipio di Derna,complesso,10-14,coniugati,MF,1
di cui municipio di Derna,complesso,10-14,coniugati,M,0
di cui municipio di Derna,complesso,10-14,coniugati,F,1
di cui municipio di Derna,complesso,10-14,vedovi,MF,0
di cui municipio di Derna,complesso,10-14,vedovi,M,0
di cui municipio di Derna,complesso,10-14,vedovi,F,0
di cui municipio di Derna,complesso,10-14,divorziati,MF,0
di cui municipio di Derna,complesso,10-14,divorziati,M,0
di cui municipio di Derna,complesso,10-14,divorziati,F,0
di cui municipio di Derna,complesso,10-14,ignoto,MF,0
di cui municipio di Derna,complesso,10-14,ignoto,M,0
di cui municipio di Derna,complesso,10-14,ignoto,F,0
di cui municipio di Derna,complesso,15-19,all,MF,1022
di cui municipio di Derna,complesso,15-19,all,M,523
di cui municipio di Derna,complesso,15-19,all,F,499
di cui municipio di Derna,complesso,15-19,celibi,MF,877
di cui municipio di Derna,complesso,15-19,celibi,M,518
di cui municipio di Derna,complesso,15-19,celibi,F,359
di cui municipio di Derna,complesso,15-19,coniugati,MF,131
di cui municipio di Derna,complesso,15-19,coniugati,M,5
di cui municipio di Derna,complesso,15-19,coniugati,F,126
di cui municipio di Derna,complesso,15-19,vedovi,MF,1
di cui municipio di Derna,complesso,15-19,vedovi,M,0
di cui municipio di Derna,complesso,15-19,vedovi,F,1
di cui municipio di Derna,complesso,15-19,divorziati,MF,13
di cui municipio di Derna,complesso,15-19,divorziati,M,0
di cui municipio di Derna,complesso,15-19,divorziati,F,13
di cui municipio di Derna,complesso,15-19,ignoto,MF,0
di cui municipio di Derna,complesso,15-19,ignoto,M,0
di cui municipio di Derna,complesso,15-19,ignoto,F,0
di cui municipio di Derna,complesso,20-24,all,MF,798
di cui municipio di Derna,complesso,20-24,all,M,399
di cui municipio di Derna,complesso,20-24,all,F,399
di cui municipio di Derna,complesso,20-24,celibi,MF,414
di cui municipio di Derna,complesso,20-24,celibi,M,342
di cui municipio di Derna,complesso,20-24,celibi,F,72
di cui municipio di Derna,complesso,20-24,coniugati,MF,348
di cui municipio di Derna,complesso,20-24,coniugati,M,54
di cui municipio di Derna,complesso,20-24,coniugati,F,294
di cui municipio di Derna,complesso,20-24,vedovi,MF,6
di cui municipio di Derna,complesso,20-24,vedovi,M,0
di cui municipio di Derna,complesso,20-24,vedovi,F,6
di cui municipio di Derna,complesso,20-24,divorziati,MF,30
di cui municipio di Derna,complesso,20-24,divorziati,M,3
di cui municipio di Derna,complesso,20-24,divorziati,F,27
di cui municipio di Derna,complesso,20-24,ignoto,MF,0
di cui municipio di Derna,complesso,20-24,ignoto,M,0
di cui municipio di Derna,complesso,20-24,ignoto,F,0
di cui municipio di Derna,complesso,25-29,all,MF,1422
di cui municipio di Derna,complesso,25-29,all,M,704
di cui municipio di Derna,complesso,25-29,all,F,718
di cui municipio di Derna,complesso,25-29,celibi,MF,436
di cui municipio di Derna,complesso,25-29,celibi,M,391
di cui municipio di Derna,complesso,25-29,celibi,F,45
di cui municipio di Derna,complesso,25-29,coniugati,MF,920
di cui municipio di Derna,complesso,25-29,coniugati,M,291
di cui municipio di Derna,complesso,25-29,coniugati,F,629
di cui municipio di Derna,complesso,25-29,vedovi,MF,17
di cui municipio di Derna,complesso,25-29,vedovi,M,5
di cui municipio di Derna,complesso,25-29,vedovi,F,12
di cui municipio di Derna,complesso,25-29,divorziati,MF,49
di cui municipio di Derna,complesso,25-29,divorziati,M,17
di cui municipio di Derna,complesso,25-29,divorziati,F,32
di cui municipio di Derna,complesso,25-29,ignoto,MF,0
di cui municipio di Derna,complesso,25-29,ignoto,M,0
di cui municipio di Derna,complesso,25-29,ignoto,F,0
di cui municipio di Derna,complesso,30-34,all,MF,1348
di cui municipio di Derna,complesso,30-34,all,M,661
di cui municipio di Derna,complesso,30-34,all,F,687
di cui municipio di Derna,complesso,30-34,celibi,MF,188
di cui municipio di Derna,complesso,30-34,celibi,M,177
di cui municipio di Derna,complesso,30-34,celibi,F,11
di cui municipio di Derna,complesso,30-34,coniugati,MF,1049
di cui municipio di Derna,complesso,30-34,coniugati,M,435
di cui municipio di Derna,complesso,30-34,coniugati,F,614
di cui municipio di Derna,complesso,30-34,vedovi,MF,61
di cui municipio di Derna,complesso,30-34,vedovi,M,26
di cui municipio di Derna,complesso,30-34,vedovi,F,35
di cui municipio di Derna,complesso,30-34,divorziati,MF,50
di cui municipio di Derna,complesso,30-34,divorziati,M,23
di cui municipio di Derna,complesso,30-34,divorziati,F,27
di cui municipio di Derna,complesso,30-34,ignoto,MF,0
di cui municipio di Derna,complesso,30-34,ignoto,M,0
di cui municipio di Derna,complesso,30-34,ignoto,F,0
di cui municipio di Derna,complesso,35-39,all,MF,1210
di cui municipio di Derna,complesso,35-39,all,M,699
di cui municipio di Derna,complesso,35-39,all,F,511
di cui municipio di Derna,complesso,35-39,celibi,MF,83
di cui municipio di Derna,complesso,35-39,celibi,M,76
di cui municipio di Derna,complesso,35-39,celibi,F,7
di cui municipio di Derna,complesso,35-39,coniugati,MF,1012
di cui municipio di Derna,complesso,35-39,coniugati,M,561
di cui municipio di Derna,complesso,35-39,coniugati,F,451
di cui municipio di Derna,complesso,35-39,vedovi,MF,71
di cui municipio di Derna,complesso,35-39,vedovi,M,38
di cui municipio di Derna,complesso,35-39,vedovi,F,33
di cui municipio di Derna,complesso,35-39,divorziati,MF,44
di cui municipio di Derna,complesso,35-39,divorziati,M,24
di cui municipio di Derna,complesso,35-39,divorziati,F,20
di cui municipio di Derna,complesso,35-39,ignoto,MF,0
di cui municipio di Derna,complesso,35-39,ignoto,M,0
di cui municipio di Derna,complesso,35-39,ignoto,F,0
di cui municipio di Derna,complesso,40-44,all,MF,930
di cui municipio di Derna,complesso,40-44,all,M,441
di cui municipio di Derna,complesso,40-44,all,F,489
di cui municipio di Derna,complesso,40-44,celibi,MF,21
di cui municipio di Derna,complesso,40-44,celibi,M,17
di cui municipio di Derna,complesso,40-44,celibi,F,4
di cui municipio di Derna,complesso,40-44,coniugati,MF,770
di cui municipio di Derna,complesso,40-44,coniugati,M,361
di cui municipio di Derna,complesso,40-44,coniugati,F,409
di cui municipio di Derna,complesso,40-44,vedovi,MF,99
di cui municipio di Derna,complesso,40-44,vedovi,M,35
di cui municipio di Derna,complesso,40-44,vedovi,F,64
di cui municipio di Derna,complesso,40-44,divorziati,MF,40
di cui municipio di Derna,complesso,40-44,divorziati,M,28
di cui municipio di Derna,complesso,40-44,divorziati,F,12
di cui municipio di Derna,complesso,40-44,ignoto,MF,0
di cui municipio di Derna,complesso,40-44,ignoto,M,0
di cui municipio di Derna,complesso,40-44,ignoto,F,0
di cui municipio di Derna,complesso,45-49,all,MF,627
di cui municipio di Derna,complesso,45-49,all,M,330
di cui municipio di Derna,complesso,45-49,all,F,297
di cui municipio di Derna,complesso,45-49,celibi,MF,5
di cui municipio di Derna,complesso,45-49,celibi,M,5
di cui municipio di Derna,complesso,45-49,celibi,F,0
di cui municipio di Derna,complesso,45-49,coniugati,MF,514
di cui municipio di Derna,complesso,45-49,coniugati,M,286
di cui municipio di Derna,complesso,45-49,coniugati,F,228
di cui municipio di Derna,complesso,45-49,vedovi,MF,81
di cui municipio di Derna,complesso,45-49,vedovi,M,24
di cui municipio di Derna,complesso,45-49,vedovi,F,57
di cui municipio di Derna,complesso,45-49,divorziati,MF,27
di cui municipio di Derna,complesso,45-49,divorziati,M,15
di cui municipio di Derna,complesso,45-49,divorziati,F,12
di cui municipio di Derna,complesso,45-49,ignoto,MF,0
di cui municipio di Derna,complesso,45-49,ignoto,M,0
di cui municipio di Derna,complesso,45-49,ignoto,F,0
di cui municipio di Derna,complesso,50-54,all,MF,879
di cui municipio di Derna,complesso,50-54,all,M,467
di cui municipio di Derna,complesso,50-54,all,F,412
di cui municipio di Derna,complesso,50-54,celibi,MF,8
di cui municipio di Derna,complesso,50-54,celibi,M,4
di cui municipio di Derna,complesso,50-54,celibi,F,4
di cui municipio di Derna,complesso,50-54,coniugati,MF,628
di cui municipio di Derna,complesso,50-54,coniugati,M,386
di cui municipio di Derna,complesso,50-54,coniugati,F,242
di cui municipio di Derna,complesso,50-54,vedovi,MF,210
di cui municipio di Derna,complesso,50-54,vedovi,M,56
di cui municipio di Derna,complesso,50-54,vedovi,F,154
di cui municipio di Derna,complesso,50-54,divorziati,MF,33
di cui municipio di Derna,complesso,50-54,divorziati,M,21
di cui municipio di Derna,complesso,50-54,divorziati,F,12
di cui municipio di Derna,complesso,50-54,ignoto,MF,0
di cui municipio di Derna,complesso,50-54,ignoto,M,0
di cui municipio di Derna,complesso,50-54,ignoto,F,0
di cui municipio di Derna,complesso,55-59,all,MF,365
di cui municipio di Derna,complesso,55-59,all,M,227
di cui municipio di Derna,complesso,55-59,all,F,138
di cui municipio di Derna,complesso,55-59,celibi,MF,2
di cui municipio di Derna,complesso,55-59,celibi,M,2
di cui municipio di Derna,complesso,55-59,celibi,F,0
di cui municipio di Derna,complesso,55-59,coniugati,MF,254
di cui municipio di Derna,complesso,55-59,coniugati,M,202
di cui municipio di Derna,complesso,55-59,coniugati,F,52
di cui municipio di Derna,complesso,55-59,vedovi,MF,96
di cui municipio di Derna,complesso,55-59,vedovi,M,20
di cui municipio di Derna,complesso,55-59,vedovi,F,76
di cui municipio di Derna,complesso,55-59,divorziati,MF,13
di cui municipio di Derna,complesso,55-59,divorziati,M,3
di cui municipio di Derna,complesso,55-59,divorziati,F,10
di cui municipio di Derna,complesso,55-59,ignoto,MF,0
di cui municipio di Derna,complesso,55-59,ignoto,M,0
di cui municipio di Derna,complesso,55-59,ignoto,F,0
di cui municipio di Derna,complesso,60-64,all,MF,534
di cui municipio di Derna,complesso,60-64,all,M,240
di cui municipio di Derna,complesso,60-64,all,F,294
di cui municipio di Derna,complesso,60-64,celibi,MF,3
di cui municipio di Derna,complesso,60-64,celibi,M,2
di cui municipio di Derna,complesso,60-64,celibi,F,1
di cui municipio di Derna,complesso,60-64,coniugati,MF,283
di cui municipio di Derna,complesso,60-64,coniugati,M,200
di cui municipio di Derna,complesso,60-64,coniugati,F,83
di cui municipio di Derna,complesso,60-64,vedovi,MF,225
di cui municipio di Derna,complesso,60-64,vedovi,M,30
di cui municipio di Derna,complesso,60-64,vedovi,F,195
di cui municipio di Derna,complesso,60-64,divorziati,MF,23
di cui municipio di Derna,complesso,60-64,divorziati,M,8
di cui municipio di Derna,complesso,60-64,divorziati,F,15
di cui municipio di Derna,complesso,60-64,ignoto,MF,0
di cui municipio di Derna,complesso,60-64,ignoto,M,0
di cui municipio di Derna,complesso,60-64,ignoto,F,0
di cui municipio di Derna,complesso,65-69,all,MF,207
di cui municipio di Derna,complesso,65-69,all,M,108
di cui municipio di Derna,complesso,65-69,all,F,99
di cui municipio di Derna,complesso,65-69,celibi,MF,2
di cui municipio di Derna,complesso,65-69,celibi,M,2
di cui municipio di Derna,complesso,65-69,celibi,F,0
di cui municipio di Derna,complesso,65-69,coniugati,MF,115
di cui municipio di Derna,complesso,65-69,coniugati,M,96
di cui municipio di Derna,complesso,65-69,coniugati,F,19
di cui municipio di Derna,complesso,65-69,vedovi,MF,84
di cui municipio di Derna,complesso,65-69,vedovi,M,4
di cui municipio di Derna,complesso,65-69,vedovi,F,80
di cui municipio di Derna,complesso,65-69,divorziati,MF,6
di cui municipio di Derna,complesso,65-69,divorziati,M,6
di cui municipio di Derna,complesso,65-69,divorziati,F,0
di cui municipio di Derna,complesso,65-69,ignoto,MF,0
di cui municipio di Derna,complesso,65-69,ignoto,M,0
di cui municipio di Derna,complesso,65-69,ignoto,F,0
di cui municipio di Derna,complesso,70-79,all,MF,321
di cui municipio di Derna,complesso,70-79,all,M,172
di cui municipio di Derna,complesso,70-79,all,F,149
di cui municipio di Derna,complesso,70-79,celibi,MF,0
di cui municipio di Derna,complesso,70-79,celibi,M,0
di cui municipio di Derna,complesso,70-79,celibi,F,0
di cui municipio di Derna,complesso,70-79,coniugati,MF,158
di cui municipio di Derna,complesso,70-79,coniugati,M,142
di cui municipio di Derna,complesso,70-79,coniugati,F,16
di cui municipio di Derna,complesso,70-79,vedovi,MF,150
di cui municipio di Derna,complesso,70-79,vedovi,M,18
di cui municipio di Derna,complesso,70-79,vedovi,F,132
di cui municipio di Derna,complesso,70-79,divorziati,MF,13
di cui municipio di Derna,complesso,70-79,divorziati,M,12
di cui municipio di Derna,complesso,70-79,divorziati,F,1
di cui municipio di Derna,complesso,70-79,ignoto,MF,0
di cui municipio di Derna,complesso,70-79,ignoto,M,0
di cui municipio di Derna,complesso,70-79,ignoto,F,0
di cui municipio di Derna,complesso,80-89,all,MF,87
di cui municipio di Derna,complesso,80-89,all,M,40
di cui municipio di Derna,complesso,80-89,all,F,47
di cui municipio di Derna,complesso,80-89,celibi,MF,0
di cui municipio di Derna,complesso,80-89,celibi,M,0
di cui municipio di Derna,complesso,80-89,celibi,F,0
di cui municipio di Derna,complesso,80-89,coniugati,MF,32
di cui municipio di Derna,complesso,80-89,coniugati,M,29
di cui municipio di Derna,complesso,80-89,coniugati,F,3
di cui municipio di Derna,complesso,80-89,vedovi,MF,50
di cui municipio di Derna,complesso,80-89,vedovi,M,6
di cui municipio di Derna,complesso,80-89,vedovi,F,44
di cui municipio di Derna,complesso,80-89,divorziati,MF,5
di cui municipio di Derna,complesso,80-89,divorziati,M,5
di cui municipio di Derna,complesso,80-89,divorziati,F,0
di cui municipio di Derna,complesso,80-89,ignoto,MF,0
di cui municipio di Derna,complesso,80-89,ignoto,M,0
di cui municipio di Derna,complesso,80-89,ignoto,F,0
di cui municipio di Derna,complesso,90+,all,MF,43
di cui municipio di Derna,complesso,90+,all,M,20
di cui municipio di Derna,complesso,90+,all,F,23
di cui municipio di Derna,complesso,90+,celibi,MF,0
di cui municipio di Derna,complesso,90+,celibi,M,0
di cui municipio di Derna,complesso,90+,celibi,F,0
di cui municipio di Derna,complesso,90+,coniugati,MF,9
di cui municipio di Derna,complesso,90+,coniugati,M,9
di cui municipio di Derna,complesso,90+,coniugati,F,0
di cui municipio di Derna,complesso,90+,vedovi,MF,33
di cui municipio di Derna,complesso,90+,vedovi,M,10
di cui municipio di Derna,complesso,90+,vedovi,F,23
di cui municipio di Derna,complesso,90+,divorziati,MF,1
di cui municipio di Derna,complesso,90+,divorziati,M,1
di cui municipio di Derna,complesso,90+,divorziati,F,0
di cui municipio di Derna,complesso,90+,ignoto,MF,0
di cui municipio di Derna,complesso,90+,ignoto,M,0
di cui municipio di Derna,complesso,90+,ignoto,F,0
di cui municipio di Derna,complesso,ignota,all,MF,1
di cui municipio di Derna,complesso,ignota,all,M,0
di cui municipio di Derna,complesso,ignota,all,F,1
di cui municipio di Derna,complesso,ignota,celibi,MF,0
di cui municipio di Derna,complesso,ignota,celibi,M,0
di cui municipio di Derna,complesso,ignota,celibi,F,0
di cui municipio di Derna,complesso,ignota,coniugati,MF,0
di cui municipio di Derna,complesso,ignota,coniugati,M,0
di cui municipio di Derna,complesso,ignota,coniugati,F,0
di cui municipio di Derna,complesso,ignota,vedovi,MF,1
di cui municipio di Derna,complesso,ignota,vedovi,M,0
di cui municipio di Derna,complesso,ignota,vedovi,F,1
di cui municipio di Derna,complesso,ignota,divorziati,MF,0
di cui municipio di Derna,complesso,ignota,divorziati,M,0
di cui municipio di Derna,complesso,ignota,divorziati,F,0
di cui municipio di Derna,complesso,ignota,ignoto,MF,0
di cui municipio di Derna,complesso,ignota,ignoto,M,0
di cui municipio di Derna,complesso,ignota,ignoto,F,0
di cui municipio di Derna,complesso,Totale,all,MF,15162
di cui municipio di Derna,complesso,Totale,all,M,7949
di cui municipio di Derna,complesso,Totale,all,F,7213
di cui municipio di Derna,complesso,Totale,celibi,MF,7406
di cui municipio di Derna,complesso,Totale,celibi,M,4454
di cui municipio di Derna,complesso,Totale,celibi,F,2952
di cui municipio di Derna,complesso,Totale,coniugati,MF,6224
di cui municipio di Derna,complesso,Totale,coniugati,M,3057
di cui municipio di Derna,complesso,Totale,coniugati,F,3167
di cui municipio di Derna,complesso,Totale,vedovi,MF,1185
di cui municipio di Derna,complesso,Totale,vedovi,M,272
di cui municipio di Derna,complesso,Totale,vedovi,F,913
di cui municipio di Derna,complesso,Totale,divorziati,MF,347
di cui municipio di Derna,complesso,Totale,divorziati,M,166
di cui municipio di Derna,complesso,Totale,divorziati,F,181
di cui municipio di Derna,complesso,Totale,ignoto,MF,0
di cui municipio di Derna,complesso,Totale,ignoto,M,0
di cui municipio di Derna,complesso,Totale,ignoto,F,0
Provincia di Derna,mussulmani,0-4,all,MF,4878
Provincia di Derna,mussulmani,0-4,all,M,2488
Provincia di Derna,mussulmani,0-4,all,F,2390
Provincia di Derna,mussulmani,0-4,celibi,MF,4878
Provincia di Derna,mussulmani,0-4,celibi,M,2488
Provincia di Derna,mussulmani,0-4,celibi,F,2390
Provincia di Derna,mussulmani,0-4,coniugati,MF,0
Provincia di Derna,mussulmani,0-4,coniugati,M,0
Provincia di Derna,mussulmani,0-4,coniugati,F,0
Provincia di Derna,mussulmani,0-4,vedovi,MF,0
Provincia di Derna,mussulmani,0-4,vedovi,M,0
Provincia di Derna,mussulmani,0-4,vedovi,F,0
Provincia di Derna,mussulmani,0-4,divorziati,MF,0
Provincia di Derna,mussulmani,0-4,divorziati,M,0
Provincia di Derna,mussulmani,0-4,divorziati,F,0
Provincia di Derna,mussulmani,0-4,ignoto,MF,0
Provincia di Derna,mussulmani,0-4,ignoto,M,0
Provincia di Derna,mussulmani,0-4,ignoto,F,0
Provincia di Derna,mussulmani,5-9,all,MF,4512
Provincia di Derna,mussulmani,5-9,all,M,2377
Provincia di Derna,mussulmani,5-9,all,F,2135
Provincia di Derna,mussulmani,5-9,celibi,MF,4512
Provincia di Derna,mussulmani,5-9,celibi,M,2377
Provincia di Derna,mussulmani,5-9,celibi,F,2135
Provincia di Derna,mussulmani,5-9,coniugati,MF,0
Provincia di Derna,mussulmani,5-9,coniugati,M,0
Provincia di Derna,mussulmani,5-9,coniugati,F,0
Provincia di Derna,mussulmani,5-9,vedovi,MF,0
Provincia di Derna,mussulmani,5-9,vedovi,M,0
Provincia di Derna,mussulmani,5-9,vedovi,F,0
Provincia di Derna,mussulmani,5-9,divorziati,MF,0
Provincia di Derna,mussulmani,5-9,divorziati,M,0
Provincia di Derna,mussulmani,5-9,divorziati,F,0
Provincia di Derna,mussulmani,5-9,ignoto,MF,0
Provincia di Derna,mussulmani,5-9,ignoto,M,0
Provincia di Derna,mussulmani,5-9,ignoto,F,0
Provincia di Derna,mussulmani,10-14,all,MF,4543
Provincia di Derna,mussulmani,10-14,all,M,2622
Provincia di Derna,mussulmani,10-14,all,F,1921
Provincia di Derna,mussulmani,10-14,celibi,MF,4541
Provincia di Derna,mussulmani,10-14,celibi,M,2622
Provincia di Derna,mussulmani,10-14,celibi,F,1919
Provincia di Derna,mussulmani,10-14,coniugati,MF,2
Provincia di Derna,mussulmani,10-14,coniugati,M,0
Provincia di Derna,mussulmani,10-14,coniugati,F,2
Provincia di Derna,mussulmani,10-14,vedovi,MF,0
Provincia di Derna,mussulmani,10-14,vedovi,M,0
Provincia di Derna,mussulmani,10-14,vedovi,F,0
Provincia di Derna,mussulmani,10-14,divorziati,MF,0
Provincia di Derna,mussulmani,10-14,divorziati,M,0
Provincia di Derna,mussulmani,10-14,divorziati,F,0
Provincia di Derna,mussulmani,10-14,ignoto,MF,0
Provincia di Derna,mussulmani,10-14,ignoto,M,0
Provincia di Derna,mussulmani,10-14,ignoto,F,0
Provincia di Derna,mussulmani,15-19,all,MF,2735
Provincia di Derna,mussulmani,15-19,all,M,1426
Provincia di Derna,mussulmani,15-19,all,F,1309
Provincia di Derna,mussulmani,15-19,celibi,MF,2328
Provincia di Derna,mussulmani,15-19,celibi,M,1419
Provincia di Derna,mussulmani,15-19,celibi,F,909
Provincia di Derna,mussulmani,15-19,coniugati,MF,373
Provincia di Derna,mussulmani,15-19,coniugati,M,7
Provincia di Derna,mussulmani,15-19,coniugati,F,366
Provincia di Derna,mussulmani,15-19,vedovi,MF,5
Provincia di Derna,mussulmani,15-19,vedovi,M,0
Provincia di Derna,mussulmani,15-19,vedovi,F,5
Provincia di Derna,mussulmani,15-19,divorziati,MF,29
Provincia di Derna,mussulmani,15-19,divorziati,M,0
Provincia di Derna,mussulmani,15-19,divorziati,F,29
Provincia di Derna,mussulmani,15-19,ignoto,MF,0
Provincia di Derna,mussulmani,15-19,ignoto,M,0
Provincia di Derna,mussulmani,15-19,ignoto,F,0
Provincia di Derna,mussulmani,20-24,all,MF,2232
Provincia di Derna,mussulmani,20-24,all,M,1135
Provincia di Derna,mussulmani,20-24,all,F,1097
Provincia di Derna,mussulmani,20-24,celibi,MF,1164
Provincia di Derna,mussulmani,20-24,celibi,M,972
Provincia di Derna,mussulmani,20-24,celibi,F,192
Provincia di Derna,mussulmani,20-24,coniugati,MF,983
Provincia di Derna,mussulmani,20-24,coniugati,M,154
Provincia di Derna,mussulmani,20-24,coniugati,F,829
Provincia di Derna,mussulmani,20-24,vedovi,MF,16
Provincia di Derna,mussulmani,20-24,vedovi,M,1
Provincia di Derna,mussulmani,20-24,vedovi,F,15
Provincia di Derna,mussulmani,20-24,divorziati,MF,69
Provincia di Derna,mussulmani,20-24,divorziati,M,8
Provincia di Derna,mussulmani,20-24,divorziati,F,61
Provincia di Derna,mussulmani,20-24,ignoto,MF,0
Provincia di Derna,mussulmani,20-24,ignoto,M,0
Provincia di Derna,mussulmani,20-24,ignoto,F,0
Provincia di Derna,mussulmani,25-29,all,MF,3781
Provincia di Derna,mussulmani,25-29,all,M,1947
Provincia di Derna,mussulmani,25-29,all,F,1834
Provincia di Derna,mussulmani,25-29,celibi,MF,1143
Provincia di Derna,mussulmani,25-29,celibi,M,1059
Provincia di Derna,mussulmani,25-29,celibi,F,84
Provincia di Derna,mussulmani,25-29,coniugati,MF,2452
Provincia di Derna,mussulmani,25-29,coniugati,M,819
Provincia di Derna,mussulmani,25-29,coniugati,F,1633
Provincia di Derna,mussulmani,25-29,vedovi,MF,45
Provincia di Derna,mussulmani,25-29,vedovi,M,16
Provincia di Derna,mussulmani,25-29,vedovi,F,29
Provincia di Derna,mussulmani,25-29,divorziati,MF,141
Provincia di Derna,mussulmani,25-29,divorziati,M,53
Provincia di Derna,mussulmani,25-29,divorziati,F,88
Provincia di Derna,mussulmani,25-29,ignoto,MF,0
Provincia di Derna,mussulmani,25-29,ignoto,M,0
Provincia di Derna,mussulmani,25-29,ignoto,F,0
Provincia di Derna,mussulmani,30-34,all,MF,3794
Provincia di Derna,mussulmani,30-34,all,M,1912
Provincia di Derna,mussulmani,30-34,all,F,1882
Provincia di Derna,mussulmani,30-34,celibi,MF,588
Provincia di Derna,mussulmani,30-34,celibi,M,562
Provincia di Derna,mussulmani,30-34,celibi,F,26
Provincia di Derna,mussulmani,30-34,coniugati,MF,2935
Provincia di Derna,mussulmani,30-34,coniugati,M,1237
Provincia di Derna,mussulmani,30-34,coniugati,F,1698
Provincia di Derna,mussulmani,30-34,vedovi,MF,111
Provincia di Derna,mussulmani,30-34,vedovi,M,44
Provincia di Derna,mussulmani,30-34,vedovi,F,67
Provincia di Derna,mussulmani,30-34,divorziati,MF,160
Provincia di Derna,mussulmani,30-34,divorziati,M,69
Provincia di Derna,mussulmani,30-34,divorziati,F,91
Provincia di Derna,mussulmani,30-34,ignoto,MF,0
Provincia di Derna,mussulmani,30-34,ignoto,M,0
Provincia di Derna,mussulmani,30-34,ignoto,F,0
Provincia di Derna,mussulmani,35-39,all,MF,3384
Provincia di Derna,mussulmani,35-39,all,M,1920
Provincia di Derna,mussulmani,35-39,all,F,1464
Provincia di Derna,mussulmani,35-39,celibi,MF,277
Provincia di Derna,mussulmani,35-39,celibi,M,269
Provincia di Derna,mussulmani,35-39,celibi,F,8
Provincia di Derna,mussulmani,35-39,coniugati,MF,2807
Provincia di Derna,mussulmani,35-39,coniugati,M,1494
Provincia di Derna,mussulmani,35-39,coniugati,F,1313
Provincia di Derna,mussulmani,35-39,vedovi,MF,165
Provincia di Derna,mussulmani,35-39,vedovi,M,76
Provincia di Derna,mussulmani,35-39,vedovi,F,89
Provincia di Derna,mussulmani,35-39,divorziati,MF,135
Provincia di Derna,mussulmani,35-39,divorziati,M,81
Provincia di Derna,mussulmani,35-39,divorziati,F,54
Provincia di Derna,mussulmani,35-39,ignoto,MF,0
Provincia di Derna,mussulmani,35-39,ignoto,M,0
Provincia di Derna,mussulmani,35-39,ignoto,F,0
Provincia di Derna,mussulmani,40-44,all,MF,2636
Provincia di Derna,mussulmani,40-44,all,M,1280
Provincia di Derna,mussulmani,40-44,all,F,1356
Provincia di Derna,mussulmani,40-44,celibi,MF,102
Provincia di Derna,mussulmani,40-44,celibi,M,88
Provincia di Derna,mussulmani,40-44,celibi,F,14
Provincia di Derna,mussulmani,40-44,coniugati,MF,2148
Provincia di Derna,mussulmani,40-44,coniugati,M,1018
Provincia di Derna,mussulmani,40-44,coniugati,F,1130
Provincia di Derna,mussulmani,40-44,vedovi,MF,271
Provincia di Derna,mussulmani,40-44,vedovi,M,103
Provincia di Derna,mussulmani,40-44,vedovi,F,168
Provincia di Derna,mussulmani,40-44,divorziati,MF,115
Provincia di Derna,mussulmani,40-44,divorziati,M,71
Provincia di Derna,mussulmani,40-44,divorziati,F,44
Provincia di Derna,mussulmani,40-44,ignoto,MF,0
Provincia di Derna,mussulmani,40-44,ignoto,M,0
Provincia di Derna,mussulmani,40-44,ignoto,F,0
Provincia di Derna,mussulmani,45-49,all,MF,1890
Provincia di Derna,mussulmani,45-49,all,M,1006
Provincia di Derna,mussulmani,45-49,all,F,884
Provincia di Derna,mussulmani,45-49,celibi,MF,43
Provincia di Derna,mussulmani,45-49,celibi,M,42
Provincia di Derna,mussulmani,45-49,celibi,F,1
Provincia di Derna,mussulmani,45-49,coniugati,MF,1526
Provincia di Derna,mussulmani,45-49,coniugati,M,855
Provincia di Derna,mussulmani,45-49,coniugati,F,671
Provincia di Derna,mussulmani,45-49,vedovi,MF,245
Provincia di Derna,mussulmani,45-49,vedovi,M,70
Provincia di Derna,mussulmani,45-49,vedovi,F,175
Provincia di Derna,mussulmani,45-49,divorziati,MF,76
Provincia di Derna,mussulmani,45-49,divorziati,M,39
Provincia di Derna,mussulmani,45-49,divorziati,F,37
Provincia di Derna,mussulmani,45-49,ignoto,MF,0
Provincia di Derna,mussulmani,45-49,ignoto,M,0
Provincia di Derna,mussulmani,45-49,ignoto,F,0
Provincia di Derna,mussulmani,50-54,all,MF,2117
Provincia di Derna,mussulmani,50-54,all,M,1166
Provincia di Derna,mussulmani,50-54,all,F,951
Provincia di Derna,mussulmani,50-54,celibi,MF,32
Provincia di Derna,mussulmani,50-54,celibi,M,28
Provincia di Derna,mussulmani,50-54,celibi,F,4
Provincia di Derna,mussulmani,50-54,coniugati,MF,1493
Provincia di Derna,mussulmani,50-54,coniugati,M,953
Provincia di Derna,mussulmani,50-54,coniugati,F,540
Provincia di Derna,mussulmani,50-54,vedovi,MF,516
Provincia di Derna,mussulmani,50-54,vedovi,M,136
Provincia di Derna,mussulmani,50-54,vedovi,F,380
Provincia di Derna,mussulmani,50-54,divorziati,MF,76
Provincia di Derna,mussulmani,50-54,divorziati,M,49
Provincia di Derna,mussulmani,50-54,divorziati,F,27
Provincia di Derna,mussulmani,50-54,ignoto,MF,0
Provincia di Derna,mussulmani,50-54,ignoto,M,0
Provincia di Derna,mussulmani,50-54,ignoto,F,0
Provincia di Derna,mussulmani,55-59,all,MF,1063
Provincia di Derna,mussulmani,55-59,all,M,656
Provincia di Derna,mussulmani,55-59,all,F,407
Provincia di Derna,mussulmani,55-59,celibi,MF,14
Provincia di Derna,mussulmani,55-59,celibi,M,13
Provincia di Derna,mussulmani,55-59,celibi,F,1
Provincia di Derna,mussulmani,55-59,coniugati,MF,740
Provincia di Derna,mussulmani,55-59,coniugati,M,568
Provincia di Derna,mussulmani,55-59,coniugati,F,172
Provincia di Derna,mussulmani,55-59,vedovi,MF,274
Provincia di Derna,mussulmani,55-59,vedovi,M,59
Provincia di Derna,mussulmani,55-59,vedovi,F,215
Provincia di Derna,mussulmani,55-59,divorziati,MF,35
Provincia di Derna,mussulmani,55-59,divorziati,M,16
Provincia di Derna,mussulmani,55-59,divorziati,F,19
Provincia di Derna,mussulmani,55-59,ignoto,MF,0
Provincia di Derna,mussulmani,55-59,ignoto,M,0
Provincia di Derna,mussulmani,55-59,ignoto,F,0
Provincia di Derna,mussulmani,60-64,all,MF,1242
Provincia di Derna,mussulmani,60-64,all,M,641
Provincia di Derna,mussulmani,60-64,all,F,601
Provincia di Derna,mussulmani,60-64,celibi,MF,10
Provincia di Derna,mussulmani,60-64,celibi,M,9
Provincia di Derna,mussulmani,60-64,celibi,F,1
Provincia di Derna,mussulmani,60-64,coniugati,MF,678
Provincia di Derna,mussulmani,60-64,coniugati,M,529
Provincia di Derna,mussulmani,60-64,coniugati,F,149
Provincia di Derna,mussulmani,60-64,vedovi,MF,518
Provincia di Derna,mussulmani,60-64,vedovi,M,89
Provincia di Derna,mussulmani,60-64,vedovi,F,429
Provincia di Derna,mussulmani,60-64,divorziati,MF,36
Provincia di Derna,mussulmani,60-64,divorziati,M,14
Provincia di Derna,mussulmani,60-64,divorziati,F,22
Provincia di Derna,mussulmani,60-64,ignoto,MF,0
Provincia di Derna,mussulmani,60-64,ignoto,M,0
Provincia di Derna,mussulmani,60-64,ignoto,F,0
Provincia di Derna,mussulmani,65-69,all,MF,614
Provincia di Derna,mussulmani,65-69,all,M,342
Provincia di Derna,mussulmani,65-69,all,F,272
Provincia di Derna,mussulmani,65-69,celibi,MF,10
Provincia di Derna,mussulmani,65-69,celibi,M,9
Provincia di Derna,mussulmani,65-69,celibi,F,1
Provincia di Derna,mussulmani,65-69,coniugati,MF,315
Provincia di Derna,mussulmani,65-69,coniugati,M,276
Provincia di Derna,mussulmani,65-69,coniugati,F,39
Provincia di Derna,mussulmani,65-69,vedovi,MF,274
Provincia di Derna,mussulmani,65-69,vedovi,M,44
Provincia di Derna,mussulmani,65-69,vedovi,F,230
Provincia di Derna,mussulmani,65-69,divorziati,MF,15
Provincia di Derna,mussulmani,65-69,divorziati,M,13
Provincia di Derna,mussulmani,65-69,divorziati,F,2
Provincia di Derna,mussulmani,65-69,ignoto,MF,0
Provincia di Derna,mussulmani,65-69,ignoto,M,0
Provincia di Derna,mussulmani,65-69,ignoto,F,0
Provincia di Derna,mussulmani,70-79,all,MF,849
Provincia di Derna,mussulmani,70-79,all,M,452
Provincia di Derna,mussulmani,70-79,all,F,397
Provincia di Derna,mussulmani,70-79,celibi,MF,3
Provincia di Derna,mussulmani,70-79,celibi,M,3
Provincia di Derna,mussulmani,70-79,celibi,F,0
Provincia di Derna,mussulmani,70-79,coniugati,MF,373
Provincia di Derna,mussulmani,70-79,coniugati,M,335
Provincia di Derna,mussulmani,70-79,coniugati,F,38
Provincia di Derna,mussulmani,70-79,vedovi,MF,455
Provincia di Derna,mussulmani,70-79,vedovi,M,100
Provincia di Derna,mussulmani,70-79,vedovi,F,355
Provincia di Derna,mussulmani,70-79,divorziati,MF,18
Provincia di Derna,mussulmani,70-79,divorziati,M,14
Provincia di Derna,mussulmani,70-79,divorziati,F,4
Provincia di Derna,mussulmani,70-79,ignoto,MF,0
Provincia di Derna,mussulmani,70-79,ignoto,M,0
Provincia di Derna,mussulmani,70-79,ignoto,F,0
Provincia di Derna,mussulmani,80-89,all,MF,169
Provincia di Derna,mussulmani,80-89,all,M,79
Provincia di Derna,mussulmani,80-89,all,F,90
Provincia di Derna,mussulmani,80-89,celibi,MF,0
Provincia di Derna,mussulmani,80-89,celibi,M,0
Provincia di Derna,mussulmani,80-89,celibi,F,0
Provincia di Derna,mussulmani,80-89,coniugati,MF,55
Provincia di Derna,mussulmani,80-89,coniugati,M,49
Provincia di Derna,mussulmani,80-89,coniugati,F,6
Provincia di Derna,mussulmani,80-89,vedovi,MF,106
Provincia di Derna,mussulmani,80-89,vedovi,M,23
Provincia di Derna,mussulmani,80-89,vedovi,F,83
Provincia di Derna,mussulmani,80-89,divorziati,MF,7
Provincia di Derna,mussulmani,80-89,divorziati,M,6
Provincia di Derna,mussulmani,80-89,divorziati,F,1
Provincia di Derna,mussulmani,80-89,ignoto,MF,1
Provincia di Derna,mussulmani,80-89,ignoto,M,1
Provincia di Derna,mussulmani,80-89,ignoto,F,0
Provincia di Derna,mussulmani,90+,all,MF,72
Provincia di Derna,mussulmani,90+,all,M,33
Provincia di Derna,mussulmani,90+,all,F,39
Provincia di Derna,mussulmani,90+,celibi,MF,0
Provincia di Derna,mussulmani,90+,celibi,M,0
Provincia di Derna,mussulmani,90+,celibi,F,0
Provincia di Derna,mussulmani,90+,coniugati,MF,15
Provincia di Derna,mussulmani,90+,coniugati,M,14
Provincia di Derna,mussulmani,90+,coniugati,F,1
Provincia di Derna,mussulmani,90+,vedovi,MF,56
Provincia di Derna,mussulmani,90+,vedovi,M,18
Provincia di Derna,mussulmani,90+,vedovi,F,38
Provincia di Derna,mussulmani,90+,divorziati,MF,1
Provincia di Derna,mussulmani,90+,divorziati,M,1
Provincia di Derna,mussulmani,90+,divorziati,F,0
Provincia di Derna,mussulmani,90+,ignoto,MF,0
Provincia di Derna,mussulmani,90+,ignoto,M,0
Provincia di Derna,mussulmani,90+,ignoto,F,0
Provincia di Derna,mussulmani,ignota,all,MF,4
Provincia di Derna,mussulmani,ignota,all,M,1
Provincia di Derna,mussulmani,ignota,all,F,3
Provincia di Derna,mussulmani,ignota,celibi,MF,1
Provincia di Derna,mussulmani,ignota,celibi,M,0
Provincia di Derna,mussulmani,ignota,celibi,F,1
Provincia di Derna,mussulmani,ignota,coniugati,MF,2
Provincia di Derna,mussulmani,ignota,coniugati,M,1
Provincia di Derna,mussulmani,ignota,coniugati,F,1
Provincia di Derna,mussulmani,ignota,vedovi,MF,1
Provincia di Derna,mussulmani,ignota,vedovi,M,0
Provincia di Derna,mussulmani,ignota,vedovi,F,1
Provincia di Derna,mussulmani,ignota,divorziati,MF,0
Provincia di Derna,mussulmani,ignota,divorziati,M,0
Provincia di Derna,mussulmani,ignota,divorziati,F,0
Provincia di Derna,mussulmani,ignota,ignoto,MF,0
Provincia di Derna,mussulmani,ignota,ignoto,M,0
Provincia di Derna,mussulmani,ignota,ignoto,F,0
Provincia di Derna,mussulmani,Totale,all,MF,40515
Provincia di Derna,mussulmani,Totale,all,M,21483
Provincia di Derna,mussulmani,Totale,all,F,19032
Provincia di Derna,mussulmani,Totale,celibi,MF,19646
Provincia di Derna,mussulmani,Totale,celibi,M,11960
Provincia di Derna,mussulmani,Totale,celibi,F,7686
Provincia di Derna,mussulmani,Totale,coniugati,MF,16897
Provincia di Derna,mussulmani,Totale,coniugati,M,8309
Provincia di Derna,mussulmani,Totale,coniugati,F,8588
Provincia di Derna,mussulmani,Totale,vedovi,MF,3058
Provincia di Derna,mussulmani,Totale,vedovi,M,779
Provincia di Derna,mussulmani,Totale,vedovi,F,2279
Provincia di Derna,mussulmani,Totale,divorziati,MF,913
Provincia di Derna,mussulmani,Totale,divorziati,M,434
Provincia di Derna,mussulmani,Totale,divorziati,F,479
Provincia di Derna,mussulmani,Totale,ignoto,MF,1
Provincia di Derna,mussulmani,Totale,ignoto,M,1
Provincia di Derna,mussulmani,Totale,ignoto,F,0
Provincia di Derna,ebrei,0-4,all,MF,113
Provincia di Derna,ebrei,0-4,all,M,48
Provincia di Derna,ebrei,0-4,all,F,65
Provincia di Derna,ebrei,0-4,celibi,MF,113
Provincia di Derna,ebrei,0-4,celibi,M,48
Provincia di Derna,ebrei,0-4,celibi,F,65
Provincia di Derna,ebrei,0-4,coniugati,MF,0
Provincia di Derna,ebrei,0-4,coniugati,M,0
Provincia di Derna,ebrei,0-4,coniugati,F,0
Provincia di Derna,ebrei,0-4,vedovi,MF,0
Provincia di Derna,ebrei,0-4,vedovi,M,0
Provincia di Derna,ebrei,0-4,vedovi,F,0
Provincia di Derna,ebrei,0-4,divorziati,MF,0
Provincia di Derna,ebrei,0-4,divorziati,M,0
Provincia di Derna,ebrei,0-4,divorziati,F,0
Provincia di Derna,ebrei,0-4,ignoto,MF,0
Provincia di Derna,ebrei,0-4,ignoto,M,0
Provincia di Derna,ebrei,0-4,ignoto,F,0
Provincia di Derna,ebrei,5-9,all,MF,113
Provincia di Derna,ebrei,5-9,all,M,52
Provincia di Derna,ebrei,5-9,all,F,61
Provincia di Derna,ebrei,5-9,celibi,MF,113
Provincia di Derna,ebrei,5-9,celibi,M,52
Provincia di Derna,ebrei,5-9,celibi,F,61
Provincia di Derna,ebrei,5-9,coniugati,MF,0
Provincia di Derna,ebrei,5-9,coniugati,M,0
Provincia di Derna,ebrei,5-9,coniugati,F,0
Provincia di Derna,ebrei,5-9,vedovi,MF,0
Provincia di Derna,ebrei,5-9,vedovi,M,0
Provincia di Derna,ebrei,5-9,vedovi,F,0
Provincia di Derna,ebrei,5-9,divorziati,MF,0
Provincia di Derna,ebrei,5-9,divorziati,M,0
Provincia di Derna,ebrei,5-9,divorziati,F,0
Provincia di Derna,ebrei,5-9,ignoto,MF,0
Provincia di Derna,ebrei,5-9,ignoto,M,0
Provincia di Derna,ebrei,5-9,ignoto,F,0
Provincia di Derna,ebrei,10-14,all,MF,74
Provincia di Derna,ebrei,10-14,all,M,43
Provincia di Derna,ebrei,10-14,all,F,31
Provincia di Derna,ebrei,10-14,celibi,MF,74
Provincia di Derna,ebrei,10-14,celibi,M,43
Provincia di Derna,ebrei,10-14,celibi,F,31
Provincia di Derna,ebrei,10-14,coniugati,MF,0
Provincia di Derna,ebrei,10-14,coniugati,M,0
Provincia di Derna,ebrei,10-14,coniugati,F,0
Provincia di Derna,ebrei,10-14,vedovi,MF,0
Provincia di Derna,ebrei,10-14,vedovi,M,0
Provincia di Derna,ebrei,10-14,vedovi,F,0
Provincia di Derna,ebrei,10-14,divorziati,MF,0
Provincia di Derna,ebrei,10-14,divorziati,M,0
Provincia di Derna,ebrei,10-14,divorziati,F,0
Provincia di Derna,ebrei,10-14,ignoto,MF,0
Provincia di Derna,ebrei,10-14,ignoto,M,0
Provincia di Derna,ebrei,10-14,ignoto,F,0
Provincia di Derna,ebrei,15-19,all,MF,55
Provincia di Derna,ebrei,15-19,all,M,25
Provincia di Derna,ebrei,15-19,all,F,30
Provincia di Derna,ebrei,15-19,celibi,MF,49
Provincia di Derna,ebrei,15-19,celibi,M,24
Provincia di Derna,ebrei,15-19,celibi,F,25
Provincia di Derna,ebrei,15-19,coniugati,MF,6
Provincia di Derna,ebrei,15-19,coniugati,M,1
Provincia di Derna,ebrei,15-19,coniugati,F,5
Provincia di Derna,ebrei,15-19,vedovi,MF,0
Provincia di Derna,ebrei,15-19,vedovi,M,0
Provincia di Derna,ebrei,15-19,vedovi,F,0
Provincia di Derna,ebrei,15-19,divorziati,MF,0
Provincia di Derna,ebrei,15-19,divorziati,M,0
Provincia di Derna,ebrei,15-19,divorziati,F,0
Provincia di Derna,ebrei,15-19,ignoto,MF,0
Provincia di Derna,ebrei,15-19,ignoto,M,0
Provincia di Derna,ebrei,15-19,ignoto,F,0
Provincia di Derna,ebrei,20-24,all,MF,50
Provincia di Derna,ebrei,20-24,all,M,25
Provincia di Derna,ebrei,20-24,all,F,25
Provincia di Derna,ebrei,20-24,celibi,MF,30
Provincia di Derna,ebrei,20-24,celibi,M,21
Provincia di Derna,ebrei,20-24,celibi,F,9
Provincia di Derna,ebrei,20-24,coniugati,MF,20
Provincia di Derna,ebrei,20-24,coniugati,M,4
Provincia di Derna,ebrei,20-24,coniugati,F,16
Provincia di Derna,ebrei,20-24,vedovi,MF,0
Provincia di Derna,ebrei,20-24,vedovi,M,0
Provincia di Derna,ebrei,20-24,vedovi,F,0
Provincia di Derna,ebrei,20-24,divorziati,MF,0
Provincia di Derna,ebrei,20-24,divorziati,M,0
Provincia di Derna,ebrei,20-24,divorziati,F,0
Provincia di Derna,ebrei,20-24,ignoto,MF,0
Provincia di Derna,ebrei,20-24,ignoto,M,0
Provincia di Derna,ebrei,20-24,ignoto,F,0
Provincia di Derna,ebrei,25-29,all,MF,69
Provincia di Derna,ebrei,25-29,all,M,40
Provincia di Derna,ebrei,25-29,all,F,29
Provincia di Derna,ebrei,25-29,celibi,MF,28
Provincia di Derna,ebrei,25-29,celibi,M,25
Provincia di Derna,ebrei,25-29,celibi,F,3
Provincia di Derna,ebrei,25-29,coniugati,MF,40
Provincia di Derna,ebrei,25-29,coniugati,M,15
Provincia di Derna,ebrei,25-29,coniugati,F,25
Provincia di Derna,ebrei,25-29,vedovi,MF,0
Provincia di Derna,ebrei,25-29,vedovi,M,0
Provincia di Derna,ebrei,25-29,vedovi,F,0
Provincia di Derna,ebrei,25-29,divorziati,MF,1
Provincia di Derna,ebrei,25-29,divorziati,M,0
Provincia di Derna,ebrei,25-29,divorziati,F,1
Provincia di Derna,ebrei,25-29,ignoto,MF,0
Provincia di Derna,ebrei,25-29,ignoto,M,0
Provincia di Derna,ebrei,25-29,ignoto,F,0
Provincia di Derna,ebrei,30-34,all,MF,61
Provincia di Derna,ebrei,30-34,all,M,32
Provincia di Derna,ebrei,30-34,all,F,29
Provincia di Derna,ebrei,30-34,celibi,MF,12
Provincia di Derna,ebrei,30-34,celibi,M,8
Provincia di Derna,ebrei,30-34,celibi,F,4
Provincia di Derna,ebrei,30-34,coniugati,MF,49
Provincia di Derna,ebrei,30-34,coniugati,M,24
Provincia di Derna,ebrei,30-34,coniugati,F,25
Provincia di Derna,ebrei,30-34,vedovi,MF,0
Provincia di Derna,ebrei,30-34,vedovi,M,0
Provincia di Derna,ebrei,30-34,vedovi,F,0
Provincia di Derna,ebrei,30-34,divorziati,MF,0
Provincia di Derna,ebrei,30-34,divorziati,M,0
Provincia di Derna,ebrei,30-34,divorziati,F,0
Provincia di Derna,ebrei,30-34,ignoto,MF,0
Provincia di Derna,ebrei,30-34,ignoto,M,0
Provincia di Derna,ebrei,30-34,ignoto,F,0
Provincia di Derna,ebrei,35-39,all,MF,47
Provincia di Derna,ebrei,35-39,all,M,26
Provincia di Derna,ebrei,35-39,all,F,21
Provincia di Derna,ebrei,35-39,celibi,MF,7
Provincia di Derna,ebrei,35-39,celibi,M,5
Provincia di Derna,ebrei,35-39,celibi,F,2
Provincia di Derna,ebrei,35-39,coniugati,MF,38
Provincia di Derna,ebrei,35-39,coniugati,M,21
Provincia di Derna,ebrei,35-39,coniugati,F,17
Provincia di Derna,ebrei,35-39,vedovi,MF,2
Provincia di Derna,ebrei,35-39,vedovi,M,0
Provincia di Derna,ebrei,35-39,vedovi,F,2
Provincia di Derna,ebrei,35-39,divorziati,MF,0
Provincia di Derna,ebrei,35-39,divorziati,M,0
Provincia di Derna,ebrei,35-39,divorziati,F,0
Provincia di Derna,ebrei,35-39,ignoto,MF,0
Provincia di Derna,ebrei,35-39,ignoto,M,0
Provincia di Derna,ebrei,35-39,ignoto,F,0
Provincia di Derna,ebrei,40-44,all,MF,35
Provincia di Derna,ebrei,40-44,all,M,20
Provincia di Derna,ebrei,40-44,all,F,15
Provincia di Derna,ebrei,40-44,celibi,MF,1
Provincia di Derna,ebrei,40-44,celibi,M,0
Provincia di Derna,ebrei,40-44,celibi,F,1
Provincia di Derna,ebrei,40-44,coniugati,MF,32
Provincia di Derna,ebrei,40-44,coniugati,M,20
Provincia di Derna,ebrei,40-44,coniugati,F,12
Provincia di Derna,ebrei,40-44,vedovi,MF,2
Provincia di Derna,ebrei,40-44,vedovi,M,0
Provincia di Derna,ebrei,40-44,vedovi,F,2
Provincia di Derna,ebrei,40-44,divorziati,MF,0
Provincia di Derna,ebrei,40-44,divorziati,M,0
Provincia di Derna,ebrei,40-44,divorziati,F,0
Provincia di Derna,ebrei,40-44,ignoto,MF,0
Provincia di Derna,ebrei,40-44,ignoto,M,0
Provincia di Derna,ebrei,40-44,ignoto,F,0
Provincia di Derna,ebrei,45-49,all,MF,22
Provincia di Derna,ebrei,45-49,all,M,11
Provincia di Derna,ebrei,45-49,all,F,11
Provincia di Derna,ebrei,45-49,celibi,MF,1
Provincia di Derna,ebrei,45-49,celibi,M,0
Provincia di Derna,ebrei,45-49,celibi,F,1
Provincia di Derna,ebrei,45-49,coniugati,MF,19
Provincia di Derna,ebrei,45-49,coniugati,M,11
Provincia di Derna,ebrei,45-49,coniugati,F,8
Provincia di Derna,ebrei,45-49,vedovi,MF,2
Provincia di Derna,ebrei,45-49,vedovi,M,0
Provincia di Derna,ebrei,45-49,vedovi,F,2
Provincia di Derna,ebrei,45-49,divorziati,MF,0
Provincia di Derna,ebrei,45-49,divorziati,M,0
Provincia di Derna,ebrei,45-49,divorziati,F,0
Provincia di Derna,ebrei,45-49,ignoto,MF,0
Provincia di Derna,ebrei,45-49,ignoto,M,0
Provincia di Derna,ebrei,45-49,ignoto,F,0
Provincia di Derna,ebrei,50-54,all,MF,23
Provincia di Derna,ebrei,50-54,all,M,13
Provincia di Derna,ebrei,50-54,all,F,10
Provincia di Derna,ebrei,50-54,celibi,MF,1
Provincia di Derna,ebrei,50-54,celibi,M,0
Provincia di Derna,ebrei,50-54,celibi,F,1
Provincia di Derna,ebrei,50-54,coniugati,MF,21
Provincia di Derna,ebrei,50-54,coniugati,M,13
Provincia di Derna,ebrei,50-54,coniugati,F,8
Provincia di Derna,ebrei,50-54,vedovi,MF,1
Provincia di Derna,ebrei,50-54,vedovi,M,0
Provincia di Derna,ebrei,50-54,vedovi,F,1
Provincia di Derna,ebrei,50-54,divorziati,MF,0
Provincia di Derna,ebrei,50-54,divorziati,M,0
Provincia di Derna,ebrei,50-54,divorziati,F,0
Provincia di Derna,ebrei,50-54,ignoto,MF,0
Provincia di Derna,ebrei,50-54,ignoto,M,0
Provincia di Derna,ebrei,50-54,ignoto,F,0
Provincia di Derna,ebrei,55-59,all,MF,9
Provincia di Derna,ebrei,55-59,all,M,5
Provincia di Derna,ebrei,55-59,all,F,4
Provincia di Derna,ebrei,55-59,celibi,MF,0
Provincia di Derna,ebrei,55-59,celibi,M,0
Provincia di Derna,ebrei,55-59,celibi,F,0
Provincia di Derna,ebrei,55-59,coniugati,MF,8
Provincia di Derna,ebrei,55-59,coniugati,M,5
Provincia di Derna,ebrei,55-59,coniugati,F,3
Provincia di Derna,ebrei,55-59,vedovi,MF,1
Provincia di Derna,ebrei,55-59,vedovi,M,0
Provincia di Derna,ebrei,55-59,vedovi,F,1
Provincia di Derna,ebrei,55-59,divorziati,MF,0
Provincia di Derna,ebrei,55-59,divorziati,M,0
Provincia di Derna,ebrei,55-59,divorziati,F,0
Provincia di Derna,ebrei,55-59,ignoto,MF,0
Provincia di Derna,ebrei,55-59,ignoto,M,0
Provincia di Derna,ebrei,55-59,ignoto,F,0
Provincia di Derna,ebrei,60-64,all,MF,11
Provincia di Derna,ebrei,60-64,all,M,5
Provincia di Derna,ebrei,60-64,all,F,6
Provincia di Derna,ebrei,60-64,celibi,MF,0
Provincia di Derna,ebrei,60-64,celibi,M,0
Provincia di Derna,ebrei,60-64,celibi,F,0
Provincia di Derna,ebrei,60-64,coniugati,MF,8
Provincia di Derna,ebrei,60-64,coniugati,M,5
Provincia di Derna,ebrei,60-64,coniugati,F,3
Provincia di Derna,ebrei,60-64,vedovi,MF,3
Provincia di Derna,ebrei,60-64,vedovi,M,0
Provincia di Derna,ebrei,60-64,vedovi,F,3
Provincia di Derna,ebrei,60-64,divorziati,MF,0
Provincia di Derna,ebrei,60-64,divorziati,M,0
Provincia di Derna,ebrei,60-64,divorziati,F,0
Provincia di Derna,ebrei,60-64,ignoto,MF,0
Provincia di Derna,ebrei,60-64,ignoto,M,0
Provincia di Derna,ebrei,60-64,ignoto,F,0
Provincia di Derna,ebrei,65-69,all,MF,8
Provincia di Derna,ebrei,65-69,all,M,0
Provincia di Derna,ebrei,65-69,all,F,8
Provincia di Derna,ebrei,65-69,celibi,MF,0
Provincia di Derna,ebrei,65-69,celibi,M,0
Provincia di Derna,ebrei,65-69,celibi,F,0
Provincia di Derna,ebrei,65-69,coniugati,MF,5
Provincia di Derna,ebrei,65-69,coniugati,M,0
Provincia di Derna,ebrei,65-69,coniugati,F,5
Provincia di Derna,ebrei,65-69,vedovi,MF,3
Provincia di Derna,ebrei,65-69,vedovi,M,0
Provincia di Derna,ebrei,65-69,vedovi,F,3
Provincia di Derna,ebrei,65-69,divorziati,MF,0
Provincia di Derna,ebrei,65-69,divorziati,M,0
Provincia di Derna,ebrei,65-69,divorziati,F,0
Provincia di Derna,ebrei,65-69,ignoto,MF,0
Provincia di Derna,ebrei,65-69,ignoto,M,0
Provincia di Derna,ebrei,65-69,ignoto,F,0
Provincia di Derna,ebrei,70-79,all,MF,15
Provincia di Derna,ebrei,70-79,all,M,6
Provincia di Derna,ebrei,70-79,all,F,9
Provincia di Derna,ebrei,70-79,celibi,MF,0
Provincia di Derna,ebrei,70-79,celibi,M,0
Provincia di Derna,ebrei,70-79,celibi,F,0
Provincia di Derna,ebrei,70-79,coniugati,MF,7
Provincia di Derna,ebrei,70-79,coniugati,M,6
Provincia di Derna,ebrei,70-79,coniugati,F,1
Provincia di Derna,ebrei,70-79,vedovi,MF,8
Provincia di Derna,ebrei,70-79,vedovi,M,0
Provincia di Derna,ebrei,70-79,vedovi,F,8
Provincia di Derna,ebrei,70-79,divorziati,MF,0
Provincia di Derna,ebrei,70-79,divorziati,M,0
Provincia di Derna,ebrei,70-79,divorziati,F,0
Provincia di Derna,ebrei,70-79,ignoto,MF,0
Provincia di Derna,ebrei,70-79,ignoto,M,0
Provincia di Derna,ebrei,70-79,ignoto,F,0
Provincia di Derna,ebrei,80-89,all,MF,7
Provincia di Derna,ebrei,80-89,all,M,4
Provincia di Derna,ebrei,80-89,all,F,3
Provincia di Derna,ebrei,80-89,celibi,MF,0
Provincia di Derna,ebrei,80-89,celibi,M,0
Provincia di Derna,ebrei,80-89,celibi,F,0
Provincia di Derna,ebrei,80-89,coniugati,MF,3
Provincia di Derna,ebrei,80-89,coniugati,M,3
Provincia di Derna,ebrei,80-89,coniugati,F,0
Provincia di Derna,ebrei,80-89,vedovi,MF,4
Provincia di Derna,ebrei,80-89,vedovi,M,1
Provincia di Derna,ebrei,80-89,vedovi,F,3
Provincia di Derna,ebrei,80-89,divorziati,MF,0
Provincia di Derna,ebrei,80-89,divorziati,M,0
Provincia di Derna,ebrei,80-89,divorziati,F,0
Provincia di Derna,ebrei,80-89,ignoto,MF,0
Provincia di Derna,ebrei,80-89,ignoto,M,0
Provincia di Derna,ebrei,80-89,ignoto,F,0
Provincia di Derna,ebrei,90+,all,MF,2
Provincia di Derna,ebrei,90+,all,M,2
Provincia di Derna,ebrei,90+,all,F,0
Provincia di Derna,ebrei,90+,celibi,MF,0
Provincia di Derna,ebrei,90+,celibi,M,0
Provincia di Derna,ebrei,90+,celibi,F,0
Provincia di Derna,ebrei,90+,coniugati,MF,2
Provincia di Derna,ebrei,90+,coniugati,M,2
Provincia di Derna,ebrei,90+,coniugati,F,0
Provincia di Derna,ebrei,90+,vedovi,MF,0
Provincia di Derna,ebrei,90+,vedovi,M,0
Provincia di Derna,ebrei,90+,vedovi,F,0
Provincia di Derna,ebrei,90+,divorziati,MF,0
Provincia di Derna,ebrei,90+,divorziati,M,0
Provincia di Derna,ebrei,90+,divorziati,F,0
Provincia di Derna,ebrei,90+,ignoto,MF,0
Provincia di Derna,ebrei,90+,ignoto,M,0
Provincia di Derna,ebrei,90+,ignoto,F,0
Provincia di Derna,ebrei,ignota,all,MF,0
Provincia di Derna,ebrei,ignota,all,M,0
Provincia di Derna,ebrei,ignota,all,F,0
Provincia di Derna,ebrei,ignota,celibi,MF,0
Provincia di Derna,ebrei,ignota,celibi,M,0
Provincia di Derna,ebrei,ignota,celibi,F,0
Provincia di Derna,ebrei,ignota,coniugati,MF,0
Provincia di Derna,ebrei,ignota,coniugati,M,0
Provincia di Derna,ebrei,ignota,coniugati,F,0
Provincia di Derna,ebrei,ignota,vedovi,MF,0
Provincia di Derna,ebrei,ignota,vedovi,M,0
Provincia di Derna,ebrei,ignota,vedovi,F,0
Provincia di Derna,ebrei,ignota,divorziati,MF,0
Provincia di Derna,ebrei,ignota,divorziati,M,0
Provincia di Derna,ebrei,ignota,divorziati,F,0
Provincia di Derna,ebrei,ignota,ignoto,MF,0
Provincia di Derna,ebrei,ignota,ignoto,M,0
Provincia di Derna,ebrei,ignota,ignoto,F,0
Provincia di Derna,ebrei,Totale,all,MF,714
Provincia di Derna,ebrei,Totale,all,M,357
Provincia di Derna,ebrei,Totale,all,F,357
Provincia di Derna,ebrei,Totale,celibi,MF,429
Provincia di Derna,ebrei,Totale,celibi,M,226
Provincia di Derna,ebrei,Totale,celibi,F,203
Provincia di Derna,ebrei,Totale,coniugati,MF,258
Provincia di Derna,ebrei,Totale,coniugati,M,130
Provincia di Derna,ebrei,Totale,coniugati,F,128
Provincia di Derna,ebrei,Totale,vedovi,MF,26
Provincia di Derna,ebrei,Totale,vedovi,M,1
Provincia di Derna,ebrei,Totale,vedovi,F,25
Provincia di Derna,ebrei,Totale,divorziati,MF,1
Provincia di Derna,ebrei,Totale,divorziati,M,0
Provincia di Derna,ebrei,Totale,divorziati,F,1
Provincia di Derna,ebrei,Totale,ignoto,MF,0
Provincia di Derna,ebrei,Totale,ignoto,M,0
Provincia di Derna,ebrei,Totale,ignoto,F,0
Territorio Militare del Sud,complesso,0-4,all,MF,7503
Territorio Militare del Sud,complesso,0-4,all,M,3678
Territorio Militare del Sud,complesso,0-4,all,F,3825
Territorio Militare del Sud,complesso,0-4,celibi,MF,7503
Territorio Militare del Sud,complesso,0-4,celibi,M,3678
Territorio Militare del Sud,complesso,0-4,celibi,F,3825
Territorio Militare del Sud,complesso,0-4,coniugati,MF,0
Territorio Militare del Sud,complesso,0-4,coniugati,M,0
Territorio Militare del Sud,complesso,0-4,coniugati,F,0
Territorio Militare del Sud,complesso,0-4,vedovi,MF,0
Territorio Militare del Sud,complesso,0-4,vedovi,M,0
Territorio Militare del Sud,complesso,0-4,vedovi,F,0
Territorio Militare del Sud,complesso,0-4,divorziati,MF,0
Territorio Militare del Sud,complesso,0-4,divorziati,M,0
Territorio Militare del Sud,complesso,0-4,divorziati,F,0
Territorio Militare del Sud,complesso,0-4,ignoto,MF,0
Territorio Militare del Sud,complesso,0-4,ignoto,M,0
Territorio Militare del Sud,complesso,0-4,ignoto,F,0
Territorio Militare del Sud,complesso,5-9,all,MF,6728
Territorio Militare del Sud,complesso,5-9,all,M,3526
Territorio Militare del Sud,complesso,5-9,all,F,3202
Territorio Militare del Sud,complesso,5-9,celibi,MF,6728
Territorio Militare del Sud,complesso,5-9,celibi,M,3526
Territorio Militare del Sud,complesso,5-9,celibi,F,3202
Territorio Militare del Sud,complesso,5-9,coniugati,MF,0
Territorio Militare del Sud,complesso,5-9,coniugati,M,0
Territorio Militare del Sud,complesso,5-9,coniugati,F,0
Territorio Militare del Sud,complesso,5-9,vedovi,MF,0
Territorio Militare del Sud,complesso,5-9,vedovi,M,0
Territorio Militare del Sud,complesso,5-9,vedovi,F,0
Territorio Militare del Sud,complesso,5-9,divorziati,MF,0
Territorio Militare del Sud,complesso,5-9,divorziati,M,0
Territorio Militare del Sud,complesso,5-9,divorziati,F,0
Territorio Militare del Sud,complesso,5-9,ignoto,MF,0
Territorio Militare del Sud,complesso,5-9,ignoto,M,0
Territorio Militare del Sud,complesso,5-9,ignoto,F,0
Territorio Militare del Sud,complesso,10-14,all,MF,4703
Territorio Militare del Sud,complesso,10-14,all,M,2754
Territorio Militare del Sud,complesso,10-14,all,F,1949
Territorio Militare del Sud,complesso,10-14,celibi,MF,4661
Territorio Militare del Sud,complesso,10-14,celibi,M,2752
Territorio Militare del Sud,complesso,10-14,celibi,F,1909
Territorio Militare del Sud,complesso,10-14,coniugati,MF,37
Territorio Militare del Sud,complesso,10-14,coniugati,M,2
Territorio Militare del Sud,complesso,10-14,coniugati,F,35
Territorio Militare del Sud,complesso,10-14,vedovi,MF,0
Territorio Militare del Sud,complesso,10-14,vedovi,M,0
Territorio Militare del Sud,complesso,10-14,vedovi,F,0
Territorio Militare del Sud,complesso,10-14,divorziati,MF,5
Territorio Militare del Sud,complesso,10-14,divorziati,M,0
Territorio Militare del Sud,complesso,10-14,divorziati,F,5
Territorio Militare del Sud,complesso,10-14,ignoto,MF,0
Territorio Militare del Sud,complesso,10-14,ignoto,M,0
Territorio Militare del Sud,complesso,10-14,ignoto,F,0
Territorio Militare del Sud,complesso,15-19,all,MF,3135
Territorio Militare del Sud,complesso,15-19,all,M,1616
Territorio Militare del Sud,complesso,15-19,all,F,1519
Territorio Militare del Sud,complesso,15-19,celibi,MF,2371
Territorio Militare del Sud,complesso,15-19,celibi,M,1592
Territorio Militare del Sud,complesso,15-19,celibi,F,779
Territorio Militare del Sud,complesso,15-19,coniugati,MF,712
Territorio Militare del Sud,complesso,15-19,coniugati,M,21
Territorio Militare del Sud,complesso,15-19,coniugati,F,691
Territorio Militare del Sud,complesso,15-19,vedovi,MF,13
Territorio Militare del Sud,complesso,15-19,vedovi,M,2
Territorio Militare del Sud,complesso,15-19,vedovi,F,11
Territorio Militare del Sud,complesso,15-19,divorziati,MF,39
Territorio Militare del Sud,complesso,15-19,divorziati,M,1
Territorio Militare del Sud,complesso,15-19,divorziati,F,38
Territorio Militare del Sud,complesso,15-19,ignoto,MF,0
Territorio Militare del Sud,complesso,15-19,ignoto,M,0
Territorio Militare del Sud,complesso,15-19,ignoto,F,0
Territorio Militare del Sud,complesso,20-24,all,MF,3326
Territorio Militare del Sud,complesso,20-24,all,M,1534
Territorio Militare del Sud,complesso,20-24,all,F,1792
Territorio Militare del Sud,complesso,20-24,celibi,MF,1484
Territorio Militare del Sud,complesso,20-24,celibi,M,1173
Territorio Militare del Sud,complesso,20-24,celibi,F,311
Territorio Militare del Sud,complesso,20-24,coniugati,MF,1694
Territorio Militare del Sud,complesso,20-24,coniugati,M,336
Territorio Militare del Sud,complesso,20-24,coniugati,F,1358
Territorio Militare del Sud,complesso,20-24,vedovi,MF,53
Territorio Militare del Sud,complesso,20-24,vedovi,M,8
Territorio Militare del Sud,complesso,20-24,vedovi,F,45
Territorio Militare del Sud,complesso,20-24,divorziati,MF,95
Territorio Militare del Sud,complesso,20-24,divorziati,M,17
Territorio Militare del Sud,complesso,20-24,divorziati,F,78
Territorio Militare del Sud,complesso,20-24,ignoto,MF,0
Territorio Militare del Sud,complesso,20-24,ignoto,M,0
Territorio Militare del Sud,complesso,20-24,ignoto,F,0
Territorio Militare del Sud,complesso,25-29,all,MF,3500
Territorio Militare del Sud,complesso,25-29,all,M,1550
Territorio Militare del Sud,complesso,25-29,all,F,1950
Territorio Militare del Sud,complesso,25-29,celibi,MF,729
Territorio Militare del Sud,complesso,25-29,celibi,M,589
Territorio Militare del Sud,complesso,25-29,celibi,F,140
Territorio Militare del Sud,complesso,25-29,coniugati,MF,2541
Territorio Militare del Sud,complesso,25-29,coniugati,M,911
Territorio Militare del Sud,complesso,25-29,coniugati,F,1630
Territorio Militare del Sud,complesso,25-29,vedovi,MF,77
Territorio Militare del Sud,complesso,25-29,vedovi,M,11
Territorio Militare del Sud,complesso,25-29,vedovi,F,66
Territorio Militare del Sud,complesso,25-29,divorziati,MF,153
Territorio Militare del Sud,complesso,25-29,divorziati,M,39
Territorio Militare del Sud,complesso,25-29,divorziati,F,114
Territorio Militare del Sud,complesso,25-29,ignoto,MF,0
Territorio Militare del Sud,complesso,25-29,ignoto,M,0
Territorio Militare del Sud,complesso,25-29,ignoto,F,0
Territorio Militare del Sud,complesso,30-34,all,MF,3834
Territorio Militare del Sud,complesso,30-34,all,M,1611
Territorio Militare del Sud,complesso,30-34,all,F,2223
Territorio Militare del Sud,complesso,30-34,celibi,MF,375
Territorio Militare del Sud,complesso,30-34,celibi,M,273
Territorio Militare del Sud,complesso,30-34,celibi,F,102
Territorio Militare del Sud,complesso,30-34,coniugati,MF,3141
Territorio Militare del Sud,complesso,30-34,coniugati,M,1283
Territorio Militare del Sud,complesso,30-34,coniugati,F,1858
Territorio Militare del Sud,complesso,30-34,vedovi,MF,176
Territorio Militare del Sud,complesso,30-34,vedovi,M,31
Territorio Militare del Sud,complesso,30-34,vedovi,F,145
Territorio Militare del Sud,complesso,30-34,divorziati,MF,142
Territorio Militare del Sud,complesso,30-34,divorziati,M,24
Territorio Militare del Sud,complesso,30-34,divorziati,F,118
Territorio Militare del Sud,complesso,30-34,ignoto,MF,0
Territorio Militare del Sud,complesso,30-34,ignoto,M,0
Territorio Militare del Sud,complesso,30-34,ignoto,F,0
Territorio Militare del Sud,complesso,35-39,all,MF,2945
Territorio Militare del Sud,complesso,35-39,all,M,1453
Territorio Militare del Sud,complesso,35-39,all,F,1492
Territorio Militare del Sud,complesso,35-39,celibi,MF,179
Territorio Militare del Sud,complesso,35-39,celibi,M,127
Territorio Militare del Sud,complesso,35-39,celibi,F,52
Territorio Militare del Sud,complesso,35-39,coniugati,MF,2479
Territorio Militare del Sud,complesso,35-39,coniugati,M,1272
Territorio Militare del Sud,complesso,35-39,coniugati,F,1207
Territorio Militare del Sud,complesso,35-39,vedovi,MF,195
Territorio Militare del Sud,complesso,35-39,vedovi,M,32
Territorio Militare del Sud,complesso,35-39,vedovi,F,163
Territorio Militare del Sud,complesso,35-39,divorziati,MF,92
Territorio Militare del Sud,complesso,35-39,divorziati,M,22
Territorio Militare del Sud,complesso,35-39,divorziati,F,70
Territorio Militare del Sud,complesso,35-39,ignoto,MF,0
Territorio Militare del Sud,complesso,35-39,ignoto,M,0
Territorio Militare del Sud,complesso,35-39,ignoto,F,0
Territorio Militare del Sud,complesso,40-44,all,MF,3062
Territorio Militare del Sud,complesso,40-44,all,M,1291
Territorio Militare del Sud,complesso,40-44,all,F,1771
Territorio Militare del Sud,complesso,40-44,celibi,MF,141
Territorio Militare del Sud,complesso,40-44,celibi,M,86
Territorio Militare del Sud,complesso,40-44,celibi,F,55
Territorio Militare del Sud,complesso,40-44,coniugati,MF,2402
Territorio Militare del Sud,complesso,40-44,coniugati,M,1149
Territorio Militare del Sud,complesso,40-44,coniugati,F,1253
Territorio Militare del Sud,complesso,40-44,vedovi,MF,395
Territorio Militare del Sud,complesso,40-44,vedovi,M,35
Territorio Militare del Sud,complesso,40-44,vedovi,F,360
Territorio Militare del Sud,complesso,40-44,divorziati,MF,124
Territorio Militare del Sud,complesso,40-44,divorziati,M,21
Territorio Militare del Sud,complesso,40-44,divorziati,F,103
Territorio Militare del Sud,complesso,40-44,ignoto,MF,0
Territorio Militare del Sud,complesso,40-44,ignoto,M,0
Territorio Militare del Sud,complesso,40-44,ignoto,F,0
Territorio Militare del Sud,complesso,45-49,all,MF,2107
Territorio Militare del Sud,complesso,45-49,all,M,1088
Territorio Militare del Sud,complesso,45-49,all,F,1019
Territorio Militare del Sud,complesso,45-49,celibi,MF,58
Territorio Militare del Sud,complesso,45-49,celibi,M,33
Territorio Militare del Sud,complesso,45-49,celibi,F,25
Territorio Militare del Sud,complesso,45-49,coniugati,MF,1644
Territorio Militare del Sud,complesso,45-49,coniugati,M,1011
Territorio Militare del Sud,complesso,45-49,coniugati,F,633
Territorio Militare del Sud,complesso,45-49,vedovi,MF,316
Territorio Militare del Sud,complesso,45-49,vedovi,M,26
Territorio Militare del Sud,complesso,45-49,vedovi,F,290
Territorio Militare del Sud,complesso,45-49,divorziati,MF,89
Territorio Militare del Sud,complesso,45-49,divorziati,M,18
Territorio Militare del Sud,complesso,45-49,divorziati,F,71
Territorio Militare del Sud,complesso,45-49,ignoto,MF,0
Territorio Militare del Sud,complesso,45-49,ignoto,M,0
Territorio Militare del Sud,complesso,45-49,ignoto,F,0
Territorio Militare del Sud,complesso,50-54,all,MF,2398
Territorio Militare del Sud,complesso,50-54,all,M,1091
Territorio Militare del Sud,complesso,50-54,all,F,1307
Territorio Militare del Sud,complesso,50-54,celibi,MF,73
Territorio Militare del Sud,complesso,50-54,celibi,M,40
Territorio Militare del Sud,complesso,50-54,celibi,F,33
Territorio Militare del Sud,complesso,50-54,coniugati,MF,1635
Territorio Militare del Sud,complesso,50-54,coniugati,M,999
Territorio Militare del Sud,complesso,50-54,coniugati,F,636
Territorio Militare del Sud,complesso,50-54,vedovi,MF,601
Territorio Militare del Sud,complesso,50-54,vedovi,M,35
Territorio Militare del Sud,complesso,50-54,vedovi,F,566
Territorio Militare del Sud,complesso,50-54,divorziati,MF,88
Territorio Militare del Sud,complesso,50-54,divorziati,M,17
Territorio Militare del Sud,complesso,50-54,divorziati,F,71
Territorio Militare del Sud,complesso,50-54,ignoto,MF,1
Territorio Militare del Sud,complesso,50-54,ignoto,M,0
Territorio Militare del Sud,complesso,50-54,ignoto,F,1
Territorio Militare del Sud,complesso,55-59,all,MF,1193
Territorio Militare del Sud,complesso,55-59,all,M,675
Territorio Militare del Sud,complesso,55-59,all,F,518
Territorio Militare del Sud,complesso,55-59,celibi,MF,32
Territorio Militare del Sud,complesso,55-59,celibi,M,18
Territorio Militare del Sud,complesso,55-59,celibi,F,14
Territorio Militare del Sud,complesso,55-59,coniugati,MF,794
Territorio Militare del Sud,complesso,55-59,coniugati,M,619
Territorio Militare del Sud,complesso,55-59,coniugati,F,175
Territorio Militare del Sud,complesso,55-59,vedovi,MF,333
Territorio Militare del Sud,complesso,55-59,vedovi,M,31
Territorio Militare del Sud,complesso,55-59,vedovi,F,302
Territorio Militare del Sud,complesso,55-59,divorziati,MF,34
Territorio Militare del Sud,complesso,55-59,divorziati,M,7
Territorio Militare del Sud,complesso,55-59,divorziati,F,27
Territorio Militare del Sud,complesso,55-59,ignoto,MF,0
Territorio Militare del Sud,complesso,55-59,ignoto,M,0
Territorio Militare del Sud,complesso,55-59,ignoto,F,0
Territorio Militare del Sud,complesso,60-64,all,MF,1721
Territorio Militare del Sud,complesso,60-64,all,M,751
Territorio Militare del Sud,complesso,60-64,all,F,970
Territorio Militare del Sud,complesso,60-64,celibi,MF,56
Territorio Militare del Sud,complesso,60-64,celibi,M,29
Territorio Militare del Sud,complesso,60-64,celibi,F,27
Territorio Militare del Sud,complesso,60-64,coniugati,MF,882
Territorio Militare del Sud,complesso,60-64,coniugati,M,668
Territorio Militare del Sud,complesso,60-64,coniugati,F,214
Territorio Militare del Sud,complesso,60-64,vedovi,MF,727
Territorio Militare del Sud,complesso,60-64,vedovi,M,41
Territorio Militare del Sud,complesso,60-64,vedovi,F,686
Territorio Militare del Sud,complesso,60-64,divorziati,MF,55
Territorio Militare del Sud,complesso,60-64,divorziati,M,13
Territorio Militare del Sud,complesso,60-64,divorziati,F,42
Territorio Militare del Sud,complesso,60-64,ignoto,MF,1
Territorio Militare del Sud,complesso,60-64,ignoto,M,0
Territorio Militare del Sud,complesso,60-64,ignoto,F,1
Territorio Militare del Sud,complesso,65-69,all,MF,554
Territorio Militare del Sud,complesso,65-69,all,M,283
Territorio Militare del Sud,complesso,65-69,all,F,271
Territorio Militare del Sud,complesso,65-69,celibi,MF,22
Territorio Militare del Sud,complesso,65-69,celibi,M,10
Territorio Militare del Sud,complesso,65-69,celibi,F,12
Territorio Militare del Sud,complesso,65-69,coniugati,MF,308
Territorio Militare del Sud,complesso,65-69,coniugati,M,258
Territorio Militare del Sud,complesso,65-69,coniugati,F,50
Territorio Militare del Sud,complesso,65-69,vedovi,MF,205
Territorio Militare del Sud,complesso,65-69,vedovi,M,11
Territorio Militare del Sud,complesso,65-69,vedovi,F,194
Territorio Militare del Sud,complesso,65-69,divorziati,MF,19
Territorio Militare del Sud,complesso,65-69,divorziati,M,4
Territorio Militare del Sud,complesso,65-69,divorziati,F,15
Territorio Militare del Sud,complesso,65-69,ignoto,MF,0
Territorio Militare del Sud,complesso,65-69,ignoto,M,0
Territorio Militare del Sud,complesso,65-69,ignoto,F,0
Territorio Militare del Sud,complesso,70-79,all,MF,1043
Territorio Militare del Sud,complesso,70-79,all,M,442
Territorio Militare del Sud,complesso,70-79,all,F,601
Territorio Militare del Sud,complesso,70-79,celibi,MF,30
Territorio Militare del Sud,complesso,70-79,celibi,M,14
Territorio Militare del Sud,complesso,70-79,celibi,F,16
Territorio Militare del Sud,complesso,70-79,coniugati,MF,443
Territorio Militare del Sud,complesso,70-79,coniugati,M,379
Territorio Militare del Sud,complesso,70-79,coniugati,F,64
Territorio Militare del Sud,complesso,70-79,vedovi,MF,526
Territorio Militare del Sud,complesso,70-79,vedovi,M,38
Territorio Militare del Sud,complesso,70-79,vedovi,F,488
Territorio Militare del Sud,complesso,70-79,divorziati,MF,43
Territorio Militare del Sud,complesso,70-79,divorziati,M,11
Territorio Militare del Sud,complesso,70-79,divorziati,F,32
Territorio Militare del Sud,complesso,70-79,ignoto,MF,1
Territorio Militare del Sud,complesso,70-79,ignoto,M,0
Territorio Militare del Sud,complesso,70-79,ignoto,F,1
Territorio Militare del Sud,complesso,80-89,all,MF,296
Territorio Militare del Sud,complesso,80-89,all,M,140
Territorio Militare del Sud,complesso,80-89,all,F,156
Territorio Militare del Sud,complesso,80-89,celibi,MF,13
Territorio Militare del Sud,complesso,80-89,celibi,M,10
Territorio Militare del Sud,complesso,80-89,celibi,F,3
Territorio Militare del Sud,complesso,80-89,coniugati,MF,114
Territorio Militare del Sud,complesso,80-89,coniugati,M,108
Territorio Militare del Sud,complesso,80-89,coniugati,F,6
Territorio Militare del Sud,complesso,80-89,vedovi,MF,159
Territorio Militare del Sud,complesso,80-89,vedovi,M,16
Territorio Militare del Sud,complesso,80-89,vedovi,F,143
Territorio Militare del Sud,complesso,80-89,divorziati,MF,10
Territorio Militare del Sud,complesso,80-89,divorziati,M,6
Territorio Militare del Sud,complesso,80-89,divorziati,F,4
Territorio Militare del Sud,complesso,80-89,ignoto,MF,0
Territorio Militare del Sud,complesso,80-89,ignoto,M,0
Territorio Militare del Sud,complesso,80-89,ignoto,F,0
Territorio Militare del Sud,complesso,90+,all,MF,51
Territorio Militare del Sud,complesso,90+,all,M,28
Territorio Militare del Sud,complesso,90+,all,F,23
Territorio Militare del Sud,complesso,90+,celibi,MF,1
Territorio Militare del Sud,complesso,90+,celibi,M,1
Territorio Militare del Sud,complesso,90+,celibi,F,0
Territorio Militare del Sud,complesso,90+,coniugati,MF,22
Territorio Militare del Sud,complesso,90+,coniugati,M,21
Territorio Militare del Sud,complesso,90+,coniugati,F,1
Territorio Militare del Sud,complesso,90+,vedovi,MF,28
Territorio Militare del Sud,complesso,90+,vedovi,M,6
Territorio Militare del Sud,complesso,90+,vedovi,F,22
Territorio Militare del Sud,complesso,90+,divorziati,MF,0
Territorio Militare del Sud,complesso,90+,divorziati,M,0
Territorio Militare del Sud,complesso,90+,divorziati,F,0
Territorio Militare del Sud,complesso,90+,ignoto,MF,0
Territorio Militare del Sud,complesso,90+,ignoto,M,0
Territorio Militare del Sud,complesso,90+,ignoto,F,0
Territorio Militare del Sud,complesso,ignota,all,MF,66
Territorio Militare del Sud,complesso,ignota,all,M,34
Territorio Militare del Sud,complesso,ignota,all,F,32
Territorio Militare del Sud,complesso,ignota,celibi,MF,36
Territorio Militare del Sud,complesso,ignota,celibi,M,22
Territorio Militare del Sud,complesso,ignota,celibi,F,14
Territorio Militare del Sud,complesso,ignota,coniugati,MF,26
Territorio Militare del Sud,complesso,ignota,coniugati,M,11
Territorio Militare del Sud,complesso,ignota,coniugati,F,15
Territorio Militare del Sud,complesso,ignota,vedovi,MF,3
Territorio Militare del Sud,complesso,ignota,vedovi,M,1
Territorio Militare del Sud,complesso,ignota,vedovi,F,2
Territorio Militare del Sud,complesso,ignota,divorziati,MF,1
Territorio Militare del Sud,complesso,ignota,divorziati,M,0
Territorio Militare del Sud,complesso,ignota,divorziati,F,1
Territorio Militare del Sud,complesso,ignota,ignoto,MF,0
Territorio Militare del Sud,complesso,ignota,ignoto,M,0
Territorio Militare del Sud,complesso,ignota,ignoto,F,0
Territorio Militare del Sud,complesso,Totale,all,MF,48165
Territorio Militare del Sud,complesso,Totale,all,M,23545
Territorio Militare del Sud,complesso,Totale,all,F,24620
Territorio Militare del Sud,complesso,Totale,celibi,MF,24492
Territorio Militare del Sud,complesso,Totale,celibi,M,13973
Territorio Militare del Sud,complesso,Totale,celibi,F,10519
Territorio Militare del Sud,complesso,Totale,coniugati,MF,18874
Territorio Militare del Sud,complesso,Totale,coniugati,M,9048
Territorio Militare del Sud,complesso,Totale,coniugati,F,9826
Territorio Militare del Sud,complesso,Totale,vedovi,MF,3807
Territorio Militare del Sud,complesso,Totale,vedovi,M,324
Territorio Militare del Sud,complesso,Totale,vedovi,F,3483
Territorio Militare del Sud,complesso,Totale,divorziati,MF,989
Territorio Militare del Sud,complesso,Totale,divorziati,M,200
Territorio Militare del Sud,complesso,Totale,divorziati,F,789
Territorio Militare del Sud,complesso,Totale,ignoto,MF,3
Territorio Militare del Sud,complesso,Totale,ignoto,M,0
Territorio Militare del Sud,complesso,Totale,ignoto,F,3
Territorio Militare del Sud,mussulmani,0-4,all,MF,7503
Territorio Militare del Sud,mussulmani,0-4,all,M,3678
Territorio Militare del Sud,mussulmani,0-4,all,F,3825
Territorio Militare del Sud,mussulmani,0-4,celibi,MF,7503
Territorio Militare del Sud,mussulmani,0-4,celibi,M,3678
Territorio Militare del Sud,mussulmani,0-4,celibi,F,3825
Territorio Militare del Sud,mussulmani,0-4,coniugati,MF,0
Territorio Militare del Sud,mussulmani,0-4,coniugati,M,0
Territorio Militare del Sud,mussulmani,0-4,coniugati,F,0
Territorio Militare del Sud,mussulmani,0-4,vedovi,MF,0
Territorio Militare del Sud,mussulmani,0-4,vedovi,M,0
Territorio Militare del Sud,mussulmani,0-4,vedovi,F,0
Territorio Militare del Sud,mussulmani,0-4,divorziati,MF,0
Territorio Militare del Sud,mussulmani,0-4,divorziati,M,0
Territorio Militare del Sud,mussulmani,0-4,divorziati,F,0
Territorio Militare del Sud,mussulmani,0-4,ignoto,MF,0
Territorio Militare del Sud,mussulmani,0-4,ignoto,M,0
Territorio Militare del Sud,mussulmani,0-4,ignoto,F,0
Territorio Militare del Sud,mussulmani,5-9,all,MF,6727
Territorio Militare del Sud,mussulmani,5-9,all,M,3526
Territorio Militare del Sud,mussulmani,5-9,all,F,3201
Territorio Militare del Sud,mussulmani,5-9,celibi,MF,6727
Territorio Militare del Sud,mussulmani,5-9,celibi,M,3526
Territorio Militare del Sud,mussulmani,5-9,celibi,F,3201
Territorio Militare del Sud,mussulmani,5-9,coniugati,MF,0
Territorio Militare del Sud,mussulmani,5-9,coniugati,M,0
Territorio Militare del Sud,mussulmani,5-9,coniugati,F,0
Territorio Militare del Sud,mussulmani,5-9,vedovi,MF,0
Territorio Militare del Sud,mussulmani,5-9,vedovi,M,0
Territorio Militare del Sud,mussulmani,5-9,vedovi,F,0
Territorio Militare del Sud,mussulmani,5-9,divorziati,MF,0
Territorio Militare del Sud,mussulmani,5-9,divorziati,M,0
Territorio Militare del Sud,mussulmani,5-9,divorziati,F,0
Territorio Militare del Sud,mussulmani,5-9,ignoto,MF,0
Territorio Militare del Sud,mussulmani,5-9,ignoto,M,0
Territorio Militare del Sud,mussulmani,5-9,ignoto,F,0
Territorio Militare del Sud,mussulmani,10-14,all,MF,4699
Territorio Militare del Sud,mussulmani,10-14,all,M,2751
Territorio Militare del Sud,mussulmani,10-14,all,F,1948
Territorio Militare del Sud,mussulmani,10-14,celibi,MF,4657
Territorio Militare del Sud,mussulmani,10-14,celibi,M,2749
Territorio Militare del Sud,mussulmani,10-14,celibi,F,1908
Territorio Militare del Sud,mussulmani,10-14,coniugati,MF,37
Territorio Militare del Sud,mussulmani,10-14,coniugati,M,2
Territorio Militare del Sud,mussulmani,10-14,coniugati,F,35
Territorio Militare del Sud,mussulmani,10-14,vedovi,MF,0
Territorio Militare del Sud,mussulmani,10-14,vedovi,M,0
Territorio Militare del Sud,mussulmani,10-14,vedovi,F,0
Territorio Militare del Sud,mussulmani,10-14,divorziati,MF,5
Territorio Militare del Sud,mussulmani,10-14,divorziati,M,0
Territorio Militare del Sud,mussulmani,10-14,divorziati,F,5
Territorio Militare del Sud,mussulmani,10-14,ignoto,MF,0
Territorio Militare del Sud,mussulmani,10-14,ignoto,M,0
Territorio Militare del Sud,mussulmani,10-14,ignoto,F,0
Territorio Militare del Sud,mussulmani,15-19,all,MF,3133
Territorio Militare del Sud,mussulmani,15-19,all,M,1614
Territorio Militare del Sud,mussulmani,15-19,all,F,1519
Territorio Militare del Sud,mussulmani,15-19,celibi,MF,2369
Territorio Militare del Sud,mussulmani,15-19,celibi,M,1590
Territorio Militare del Sud,mussulmani,15-19,celibi,F,779
Territorio Militare del Sud,mussulmani,15-19,coniugati,MF,712
Territorio Militare del Sud,mussulmani,15-19,coniugati,M,21
Territorio Militare del Sud,mussulmani,15-19,coniugati,F,691
Territorio Militare del Sud,mussulmani,15-19,vedovi,MF,13
Territorio Militare del Sud,mussulmani,15-19,vedovi,M,2
Territorio Militare del Sud,mussulmani,15-19,vedovi,F,11
Territorio Militare del Sud,mussulmani,15-19,divorziati,MF,39
Territorio Militare del Sud,mussulmani,15-19,divorziati,M,1
Territorio Militare del Sud,mussulmani,15-19,divorziati,F,38
Territorio Militare del Sud,mussulmani,15-19,ignoto,MF,0
Territorio Militare del Sud,mussulmani,15-19,ignoto,M,0
Territorio Militare del Sud,mussulmani,15-19,ignoto,F,0
Territorio Militare del Sud,mussulmani,20-24,all,MF,3326
Territorio Militare del Sud,mussulmani,20-24,all,M,1534
Territorio Militare del Sud,mussulmani,20-24,all,F,1792
Territorio Militare del Sud,mussulmani,20-24,celibi,MF,1484
Territorio Militare del Sud,mussulmani,20-24,celibi,M,1173
Territorio Militare del Sud,mussulmani,20-24,celibi,F,311
Territorio Militare del Sud,mussulmani,20-24,coniugati,MF,1694
Territorio Militare del Sud,mussulmani,20-24,coniugati,M,336
Territorio Militare del Sud,mussulmani,20-24,coniugati,F,1358
Territorio Militare del Sud,mussulmani,20-24,vedovi,MF,53
Territorio Militare del Sud,mussulmani,20-24,vedovi,M,8
Territorio Militare del Sud,mussulmani,20-24,vedovi,F,45
Territorio Militare del Sud,mussulmani,20-24,divorziati,MF,95
Territorio Militare del Sud,mussulmani,20-24,divorziati,M,17
Territorio Militare del Sud,mussulmani,20-24,divorziati,F,78
Territorio Militare del Sud,mussulmani,20-24,ignoto,MF,0
Territorio Militare del Sud,mussulmani,20-24,ignoto,M,0
Territorio Militare del Sud,mussulmani,20-24,ignoto,F,0
Territorio Militare del Sud,mussulmani,25-29,all,MF,3498
Territorio Militare del Sud,mussulmani,25-29,all,M,1548
Territorio Militare del Sud,mussulmani,25-29,all,F,1950
Territorio Militare del Sud,mussulmani,25-29,celibi,MF,729
Territorio Militare del Sud,mussulmani,25-29,celibi,M,589
Territorio Militare del Sud,mussulmani,25-29,celibi,F,140
Territorio Militare del Sud,mussulmani,25-29,coniugati,MF,2539
Territorio Militare del Sud,mussulmani,25-29,coniugati,M,909
Territorio Militare del Sud,mussulmani,25-29,coniugati,F,1630
Territorio Militare del Sud,mussulmani,25-29,vedovi,MF,77
Territorio Militare del Sud,mussulmani,25-29,vedovi,M,11
Territorio Militare del Sud,mussulmani,25-29,vedovi,F,66
Territorio Militare del Sud,mussulmani,25-29,divorziati,MF,153
Territorio Militare del Sud,mussulmani,25-29,divorziati,M,39
Territorio Militare del Sud,mussulmani,25-29,divorziati,F,114
Territorio Militare del Sud,mussulmani,25-29,ignoto,MF,0
Territorio Militare del Sud,mussulmani,25-29,ignoto,M,0
Territorio Militare del Sud,mussulmani,25-29,ignoto,F,0
Territorio Militare del Sud,mussulmani,30-34,all,MF,3833
Territorio Militare del Sud,mussulmani,30-34,all,M,1611
Territorio Militare del Sud,mussulmani,30-34,all,F,2222
Territorio Militare del Sud,mussulmani,30-34,celibi,MF,375
Territorio Militare del Sud,mussulmani,30-34,celibi,M,273
Territorio Militare del Sud,mussulmani,30-34,celibi,F,102
Territorio Militare del Sud,mussulmani,30-34,coniugati,MF,3140
Territorio Militare del Sud,mussulmani,30-34,coniugati,M,1283
Territorio Militare del Sud,mussulmani,30-34,coniugati,F,1857
Territorio Militare del Sud,mussulmani,30-34,vedovi,MF,176
Territorio Militare del Sud,mussulmani,30-34,vedovi,M,31
Territorio Militare del Sud,mussulmani,30-34,vedovi,F,145
Territorio Militare del Sud,mussulmani,30-34,divorziati,MF,142
Territorio Militare del Sud,mussulmani,30-34,divorziati,M,24
Territorio Militare del Sud,mussulmani,30-34,divorziati,F,118
Territorio Militare del Sud,mussulmani,30-34,ignoto,MF,0
Territorio Militare del Sud,mussulmani,30-34,ignoto,M,0
Territorio Militare del Sud,mussulmani,30-34,ignoto,F,0
Territorio Militare del Sud,mussulmani,35-39,all,MF,2943
Territorio Militare del Sud,mussulmani,35-39,all,M,1452
Territorio Militare del Sud,mussulmani,35-39,all,F,1491
Territorio Militare del Sud,mussulmani,35-39,celibi,MF,179
Territorio Militare del Sud,mussulmani,35-39,celibi,M,127
Territorio Militare del Sud,mussulmani,35-39,celibi,F,52
Territorio Militare del Sud,mussulmani,35-39,coniugati,MF,2477
Territorio Militare del Sud,mussulmani,35-39,coniugati,M,1271
Territorio Militare del Sud,mussulmani,35-39,coniugati,F,1206
Territorio Militare del Sud,mussulmani,35-39,vedovi,MF,195
Territorio Militare del Sud,mussulmani,35-39,vedovi,M,32
Territorio Militare del Sud,mussulmani,35-39,vedovi,F,163
Territorio Militare del Sud,mussulmani,35-39,divorziati,MF,92
Territorio Militare del Sud,mussulmani,35-39,divorziati,M,22
Territorio Militare del Sud,mussulmani,35-39,divorziati,F,70
Territorio Militare del Sud,mussulmani,35-39,ignoto,MF,0
Territorio Militare del Sud,mussulmani,35-39,ignoto,M,0
Territorio Militare del Sud,mussulmani,35-39,ignoto,F,0
Territorio Militare del Sud,mussulmani,40-44,all,MF,3062
Territorio Militare del Sud,mussulmani,40-44,all,M,1291
Territorio Militare del Sud,mussulmani,40-44,all,F,1771
Territorio Militare del Sud,mussulmani,40-44,celibi,MF,141
Territorio Militare del Sud,mussulmani,40-44,celibi,M,86
Territorio Militare del Sud,mussulmani,40-44,celibi,F,55
Territorio Militare del Sud,mussulmani,40-44,coniugati,MF,2402
Territorio Militare del Sud,mussulmani,40-44,coniugati,M,1149
Territorio Militare del Sud,mussulmani,40-44,coniugati,F,1253
Territorio Militare del Sud,mussulmani,40-44,vedovi,MF,395
Territorio Militare del Sud,mussulmani,40-44,vedovi,M,35
Territorio Militare del Sud,mussulmani,40-44,vedovi,F,360
Territorio Militare del Sud,mussulmani,40-44,divorziati,MF,124
Territorio Militare del Sud,mussulmani,40-44,divorziati,M,21
Territorio Militare del Sud,mussulmani,40-44,divorziati,F,103
Territorio Militare del Sud,mussulmani,40-44,ignoto,MF,0
Territorio Militare del Sud,mussulmani,40-44,ignoto,M,0
Territorio Militare del Sud,mussulmani,40-44,ignoto,F,0
Territorio Militare del Sud,mussulmani,45-49,all,MF,2105
Territorio Militare del Sud,mussulmani,45-49,all,M,1087
Territorio Militare del Sud,mussulmani,45-49,all,F,1018
Territorio Militare del Sud,mussulmani,45-49,celibi,MF,58
Territorio Militare del Sud,mussulmani,45-49,celibi,M,33
Territorio Militare del Sud,mussulmani,45-49,celibi,F,25
Territorio Militare del Sud,mussulmani,45-49,coniugati,MF,1642
Territorio Militare del Sud,mussulmani,45-49,coniugati,M,1010
Territorio Militare del Sud,mussulmani,45-49,coniugati,F,632
Territorio Militare del Sud,mussulmani,45-49,vedovi,MF,316
Territorio Militare del Sud,mussulmani,45-49,vedovi,M,26
Territorio Militare del Sud,mussulmani,45-49,vedovi,F,290
Territorio Militare del Sud,mussulmani,45-49,divorziati,MF,89
Territorio Militare del Sud,mussulmani,45-49,divorziati,M,18
Territorio Militare del Sud,mussulmani,45-49,divorziati,F,71
Territorio Militare del Sud,mussulmani,45-49,ignoto,MF,0
Territorio Militare del Sud,mussulmani,45-49,ignoto,M,0
Territorio Militare del Sud,mussulmani,45-49,ignoto,F,0
Territorio Militare del Sud,mussulmani,50-54,all,MF,2396
Territorio Militare del Sud,mussulmani,50-54,all,M,1089
Territorio Militare del Sud,mussulmani,50-54,all,F,1307
Territorio Militare del Sud,mussulmani,50-54,celibi,MF,73
Territorio Militare del Sud,mussulmani,50-54,celibi,M,40
Territorio Militare del Sud,mussulmani,50-54,celibi,F,33
Territorio Militare del Sud,mussulmani,50-54,coniugati,MF,1633
Territorio Militare del Sud,mussulmani,50-54,coniugati,M,997
Territorio Militare del Sud,mussulmani,50-54,coniugati,F,636
Territorio Militare del Sud,mussulmani,50-54,vedovi,MF,601
Territorio Militare del Sud,mussulmani,50-54,vedovi,M,35
Territorio Militare del Sud,mussulmani,50-54,vedovi,F,566
Territorio Militare del Sud,mussulmani,50-54,divorziati,MF,88
Territorio Militare del Sud,mussulmani,50-54,divorziati,M,17
Territorio Militare del Sud,mussulmani,50-54,divorziati,F,71
Territorio Militare del Sud,mussulmani,50-54,ignoto,MF,1
Territorio Militare del Sud,mussulmani,50-54,ignoto,M,0
Territorio Militare del Sud,mussulmani,50-54,ignoto,F,1
Territorio Militare del Sud,mussulmani,55-59,all,MF,1193
Territorio Militare del Sud,mussulmani,55-59,all,M,675
Territorio Militare del Sud,mussulmani,55-59,all,F,518
Territorio Militare del Sud,mussulmani,55-59,celibi,MF,32
Territorio Militare del Sud,mussulmani,55-59,celibi,M,18
Territorio Militare del Sud,mussulmani,55-59,celibi,F,14
Territorio Militare del Sud,mussulmani,55-59,coniugati,MF,794
Territorio Militare del Sud,mussulmani,55-59,coniugati,M,619
Territorio Militare del Sud,mussulmani,55-59,coniugati,F,175
Territorio Militare del Sud,mussulmani,55-59,vedovi,MF,333
Territorio Militare del Sud,mussulmani,55-59,vedovi,M,31
Territorio Militare del Sud,mussulmani,55-59,vedovi,F,302
Territorio Militare del Sud,mussulmani,55-59,divorziati,MF,34
Territorio Militare del Sud,mussulmani,55-59,divorziati,M,7
Territorio Militare del Sud,mussulmani,55-59,divorziati,F,27
Territorio Militare del Sud,mussulmani,55-59,ignoto,MF,0
Territorio Militare del Sud,mussulmani,55-59,ignoto,M,0
Territorio Militare del Sud,mussulmani,55-59,ignoto,F,0
Territorio Militare del Sud,mussulmani,60-64,all,MF,1721
Territorio Militare del Sud,mussulmani,60-64,all,M,751
Territorio Militare del Sud,mussulmani,60-64,all,F,970
Territorio Militare del Sud,mussulmani,60-64,celibi,MF,56
Territorio Militare del Sud,mussulmani,60-64,celibi,M,29
Territorio Militare del Sud,mussulmani,60-64,celibi,F,27
Territorio Militare del Sud,mussulmani,60-64,coniugati,MF,882
Territorio Militare del Sud,mussulmani,60-64,coniugati,M,668
Territorio Militare del Sud,mussulmani,60-64,coniugati,F,214
Territorio Militare del Sud,mussulmani,60-64,vedovi,MF,727
Territorio Militare del Sud,mussulmani,60-64,vedovi,M,41
Territorio Militare del Sud,mussulmani,60-64,vedovi,F,686
Territorio Militare del Sud,mussulmani,60-64,divorziati,MF,55
Territorio Militare del Sud,mussulmani,60-64,divorziati,M,13
Territorio Militare del Sud,mussulmani,60-64,divorziati,F,42
Territorio Militare del Sud,mussulmani,60-64,ignoto,MF,1
Territorio Militare del Sud,mussulmani,60-64,ignoto,M,0
Territorio Militare del Sud,mussulmani,60-64,ignoto,F,1
Territorio Militare del Sud,mussulmani,65-69,all,MF,554
Territorio Militare del Sud,mussulmani,65-69,all,M,283
Territorio Militare del Sud,mussulmani,65-69,all,F,271
Territorio Militare del Sud,mussulmani,65-69,celibi,MF,22
Territorio Militare del Sud,mussulmani,65-69,celibi,M,10
Territorio Militare del Sud,mussulmani,65-69,celibi,F,12
Territorio Militare del Sud,mussulmani,65-69,coniugati,MF,308
Territorio Militare del Sud,mussulmani,65-69,coniugati,M,258
Territorio Militare del Sud,mussulmani,65-69,coniugati,F,50
Territorio Militare del Sud,mussulmani,65-69,vedovi,MF,205
Territorio Militare del Sud,mussulmani,65-69,vedovi,M,11
Territorio Militare del Sud,mussulmani,65-69,vedovi,F,194
Territorio Militare del Sud,mussulmani,65-69,divorziati,MF,19
Territorio Militare del Sud,mussulmani,65-69,divorziati,M,4
Territorio Militare del Sud,mussulmani,65-69,divorziati,F,15
Territorio Militare del Sud,mussulmani,65-69,ignoto,MF,0
Territorio Militare del Sud,mussulmani,65-69,ignoto,M,0
Territorio Militare del Sud,mussulmani,65-69,ignoto,F,0
Territorio Militare del Sud,mussulmani,70-79,all,MF,1043
Territorio Militare del Sud,mussulmani,70-79,all,M,442
Territorio Militare del Sud,mussulmani,70-79,all,F,601
Territorio Militare del Sud,mussulmani,70-79,celibi,MF,30
Territorio Militare del Sud,mussulmani,70-79,celibi,M,14
Territorio Militare del Sud,mussulmani,70-79,celibi,F,16
Territorio Militare del Sud,mussulmani,70-79,coniugati,MF,443
Territorio Militare del Sud,mussulmani,70-79,coniugati,M,379
Territorio Militare del Sud,mussulmani,70-79,coniugati,F,64
Territorio Militare del Sud,mussulmani,70-79,vedovi,MF,526
Territorio Militare del Sud,mussulmani,70-79,vedovi,M,38
Territorio Militare del Sud,mussulmani,70-79,vedovi,F,488
Territorio Militare del Sud,mussulmani,70-79,divorziati,MF,43
Territorio Militare del Sud,mussulmani,70-79,divorziati,M,11
Territorio Militare del Sud,mussulmani,70-79,divorziati,F,32
Territorio Militare del Sud,mussulmani,70-79,ignoto,MF,1
Territorio Militare del Sud,mussulmani,70-79,ignoto,M,0
Territorio Militare del Sud,mussulmani,70-79,ignoto,F,1
Territorio Militare del Sud,mussulmani,80-89,all,MF,296
Territorio Militare del Sud,mussulmani,80-89,all,M,140
Territorio Militare del Sud,mussulmani,80-89,all,F,156
Territorio Militare del Sud,mussulmani,80-89,celibi,MF,13
Territorio Militare del Sud,mussulmani,80-89,celibi,M,10
Territorio Militare del Sud,mussulmani,80-89,celibi,F,3
Territorio Militare del Sud,mussulmani,80-89,coniugati,MF,114
Territorio Militare del Sud,mussulmani,80-89,coniugati,M,108
Territorio Militare del Sud,mussulmani,80-89,coniugati,F,6
Territorio Militare del Sud,mussulmani,80-89,vedovi,MF,159
Territorio Militare del Sud,mussulmani,80-89,vedovi,M,16
Territorio Militare del Sud,mussulmani,80-89,vedovi,F,143
Territorio Militare del Sud,mussulmani,80-89,divorziati,MF,10
Territorio Militare del Sud,mussulmani,80-89,divorziati,M,6
Territorio Militare del Sud,mussulmani,80-89,divorziati,F,4
Territorio Militare del Sud,mussulmani,80-89,ignoto,MF,0
Territorio Militare del Sud,mussulmani,80-89,ignoto,M,0
Territorio Militare del Sud,mussulmani,80-89,ignoto,F,0
Territorio Militare del Sud,mussulmani,90+,all,MF,51
Territorio Militare del Sud,mussulmani,90+,all,M,28
Territorio Militare del Sud,mussulmani,90+,all,F,23
Territorio Militare del Sud,mussulmani,90+,celibi,MF,1
Territorio Militare del Sud,mussulmani,90+,celibi,M,1
Territorio Militare del Sud,mussulmani,90+,celibi,F,0
Territorio Militare del Sud,mussulmani,90+,coniugati,MF,22
Territorio Militare del Sud,mussulmani,90+,coniugati,M,21
Territorio Militare del Sud,mussulmani,90+,coniugati,F,1
Territorio Militare del Sud,mussulmani,90+,vedovi,MF,28
Territorio Militare del Sud,mussulmani,90+,vedovi,M,6
Territorio Militare del Sud,mussulmani,90+,vedovi,F,22
Territorio Militare del Sud,mussulmani,90+,divorziati,MF,0
Territorio Militare del Sud,mussulmani,90+,divorziati,M,0
Territorio Militare del Sud,mussulmani,90+,divorziati,F,0
Territorio Militare del Sud,mussulmani,90+,ignoto,MF,0
Territorio Militare del Sud,mussulmani,90+,ignoto,M,0
Territorio Militare del Sud,mussulmani,90+,ignoto,F,0
Territorio Militare del Sud,mussulmani,ignota,all,MF,66
Territorio Militare del Sud,mussulmani,ignota,all,M,34
Territorio Militare del Sud,mussulmani,ignota,all,F,32
Territorio Militare del Sud,mussulmani,ignota,celibi,MF,36
Territorio Militare del Sud,mussulmani,ignota,celibi,M,22
Territorio Militare del Sud,mussulmani,ignota,celibi,F,14
Territorio Militare del Sud,mussulmani,ignota,coniugati,MF,26
Territorio Militare del Sud,mussulmani,ignota,coniugati,M,11
Territorio Militare del Sud,mussulmani,ignota,coniugati,F,15
Territorio Militare del Sud,mussulmani,ignota,vedovi,MF,3
Territorio Militare del Sud,mussulmani,ignota,vedovi,M,1
Territorio Militare del Sud,mussulmani,ignota,vedovi,F,2
Territorio Militare del Sud,mussulmani,ignota,divorziati,MF,1
Territorio Militare del Sud,mussulmani,ignota,divorziati,M,0
Territorio Militare del Sud,mussulmani,ignota,divorziati,F,1
Territorio Militare del Sud,mussulmani,ignota,ignoto,MF,0
Territorio Militare del Sud,mussulmani,ignota,ignoto,M,0
Territorio Militare del Sud,mussulmani,ignota,ignoto,F,0
Territorio Militare del Sud,mussulmani,Totale,all,MF,48149
Territorio Militare del Sud,mussulmani,Totale,all,M,23534
Territorio Militare del Sud,mussulmani,Totale,all,F,24615
Territorio Militare del Sud,mussulmani,Totale,celibi,MF,24485
Territorio Militare del Sud,mussulmani,Totale,celibi,M,13968
Territorio Militare del Sud,mussulmani,Totale,celibi,F,10517
Territorio Militare del Sud,mussulmani,Totale,coniugati,MF,18865
Territorio Militare del Sud,mussulmani,Totale,coniugati,M,9042
Territorio Militare del Sud,mussulmani,Totale,coniugati,F,9823
Territorio Militare del Sud,mussulmani,Totale,vedovi,MF,3807
Territorio Militare del Sud,mussulmani,Totale,vedovi,M,324
Territorio Militare del Sud,mussulmani,Totale,vedovi,F,3483
Territorio Militare del Sud,mussulmani,Totale,divorziati,MF,989
Territorio Militare del Sud,mussulmani,Totale,divorziati,M,200
Territorio Militare del Sud,mussulmani,Totale,divorziati,F,789
Territorio Militare del Sud,mussulmani,Totale,ignoto,MF,3
Territorio Militare del Sud,mussulmani,Totale,ignoto,M,0
Territorio Militare del Sud,mussulmani,Totale,ignoto,F,3
