seq,kind,scope,section,number,code,profession,position,measure,sex,persons
1,profession,agri,Professioni agricole,1,9.0.0,Conduttori in proprio,,persons,MF,149
1,profession,agri,Professioni agricole,1,9.0.0,Conduttori in proprio,,persons,M,135
1,profession,agri,Professioni agricole,1,9.0.0,Conduttori in proprio,,persons,F,14
2,profession,agri,Professioni agricole,2,6.0.1,Conduttori in proprio coltivatori,,persons,MF,441
2,profession,agri,Professioni agricole,2,6.0.1,Conduttori in proprio coltivatori,,persons,M,396
2,profession,agri,Professioni agricole,2,6.0.1,Conduttori in proprio coltivatori,,persons,F,45
3,profession,agri,Professioni agricole,3,9.1.1,Usufruttuari coltivatori,,persons,MF,4
3,profession,agri,Professioni agricole,3,9.1.1,Usufruttuari coltivatori,,persons,M,4
3,profession,agri,Professioni agricole,3,9.1.1,Usufruttuari coltivatori,,persons,F,0
4,profession,agri,Professioni agricole,4,9.2.1,Enfiteuti coltivatori,,persons,MF,15
4,profession,agri,Professioni agricole,4,9.2.1,Enfiteuti coltivatori,,persons,M,10
4,profession,agri,Professioni agricole,4,9.2.1,Enfiteuti coltivatori,,persons,F,5
5,profession,agri,Professioni agricole,5,9.3.0,Affittuari,,persons,MF,17
5,profession,agri,Professioni agricole,5,9.3.0,Affittuari,,persons,M,14
5,profession,agri,Professioni agricole,5,9.3.0,Affittuari,,persons,F,3
6,profession,agri,Professioni agricole,6,5.3.2,Affittuari coltivatori,,persons,MF,737
6,profession,agri,Professioni agricole,6,5.3.2,Affittuari coltivatori,,persons,M,439
6,profession,agri,Professioni agricole,6,5.3.2,Affittuari coltivatori,,persons,F,298
7,profession,agri,Professioni agricole,7,9.4.0,Conduttori a piu titoli,,persons,MF,5
7,profession,agri,Professioni agricole,7,9.4.0,Conduttori a piu titoli,,persons,M,4
7,profession,agri,Professioni agricole,7,9.4.0,Conduttori a piu titoli,,persons,F,1
8,profession,agri,Professioni agricole,8,9.4.1,Conduttori in proprio ed affittuari coltivatori,,persons,MF,25
8,profession,agri,Professioni agricole,8,9.4.1,Conduttori in proprio ed affittuari coltivatori,,persons,M,23
8,profession,agri,Professioni agricole,8,9.4.1,Conduttori in proprio ed affittuari coltivatori,,persons,F,2
9,profession,agri,Professioni agricole,9,9.4.2,Conduttori in proprio ed enfiteuti coltivatori,,persons,MF,22
9,profession,agri,Professioni agricole,9,9.4.2,Conduttori in proprio ed enfiteuti coltivatori,,persons,M,21
9,profession,agri,Professioni agricole,9,9.4.2,Conduttori in proprio ed enfiteuti coltivatori,,persons,F,1
10,profession,agri,Professioni agricole,10,9.4.4,Affittuari coltivatori e coloni parziari,,persons,MF,3
10,profession,agri,Professioni agricole,10,9.4.4,Affittuari coltivatori e coloni parziari,,persons,M,2
10,profession,agri,Professioni agricole,10,9.4.4,Affittuari coltivatori e coloni parziari,,persons,F,1
11,profession,agri,Professioni agricole,11,9.4.5,Altri conduttori a piu titoli coltivatori,,persons,MF,12
11,profession,agri,Professioni agricole,11,9.4.5,Altri conduttori a piu titoli coltivatori,,persons,M,7
11,profession,agri,Professioni agricole,11,9.4.5,Altri conduttori a piu titoli coltivatori,,persons,F,5
12,profession,agri,Professioni agricole,12,7.5.0,Coloni parziari,,persons,MF,1368
12,profession,agri,Professioni agricole,12,7.5.0,Coloni parziari,,persons,M,1243
12,profession,agri,Professioni agricole,12,7.5.0,Coloni parziari,,persons,F,125
13,profession,agri,Professioni agricole,13,9.6.3,Conduttori e lavoratori a contratto annuo,,persons,MF,80
13,profession,agri,Professioni agricole,13,9.6.3,Conduttori e lavoratori a contratto annuo,,persons,M,76
13,profession,agri,Professioni agricole,13,9.6.3,Conduttori e lavoratori a contratto annuo,,persons,F,4
14,profession,agri,Professioni agricole,14,9.6.4,Conduttori e compartecipanti,,persons,MF,32
14,profession,agri,Professioni agricole,14,9.6.4,Conduttori e compartecipanti,,persons,M,31
14,profession,agri,Professioni agricole,14,9.6.4,Conduttori e compartecipanti,,persons,F,1
15,profession,agri,Professioni agricole,15,9.7.2,"Dirigenti di aziende agricole, forestali e zootecniche",,persons,MF,39
15,profession,agri,Professioni agricole,15,9.7.2,"Dirigenti di aziende agricole, forestali e zootecniche",,persons,M,39
15,profession,agri,Professioni agricole,15,9.7.2,"Dirigenti di aziende agricole, forestali e zootecniche",,persons,F,0
16,profession,agri,Professioni agricole,16,9.7.1,"Agenti fattori, sorveglianti agricoli e simili",,persons,MF,57
16,profession,agri,Professioni agricole,16,9.7.1,"Agenti fattori, sorveglianti agricoli e simili",,persons,M,57
16,profession,agri,Professioni agricole,16,9.7.1,"Agenti fattori, sorveglianti agricoli e simili",,persons,F,0
17,profession,agri,Professioni agricole,17,9.7.0,Compartecipanti,,persons,MF,299
17,profession,agri,Professioni agricole,17,9.7.0,Compartecipanti,,persons,M,275
17,profession,agri,Professioni agricole,17,9.7.0,Compartecipanti,,persons,F,24
18,profession,agri,Professioni agricole,18,9.8.2,Addetti alla lavorazione del latte a contratto annuo,,persons,MF,3
18,profession,agri,Professioni agricole,18,9.8.2,Addetti alla lavorazione del latte a contratto annuo,,persons,M,3
18,profession,agri,Professioni agricole,18,9.8.2,Addetti alla lavorazione del latte a contratto annuo,,persons,F,0
19,profession,agri,Professioni agricole,19,9.8.4,Addetti alla cura di ovini e caprini a contratto annuo,,persons,MF,7
19,profession,agri,Professioni agricole,19,9.8.4,Addetti alla cura di ovini e caprini a contratto annuo,,persons,M,7
19,profession,agri,Professioni agricole,19,9.8.4,Addetti alla cura di ovini e caprini a contratto annuo,,persons,F,0
20,profession,agri,Professioni agricole,20,9.8.5,Addetti all'uso del bestiame da lavoro a contratto annuo,,persons,MF,8
20,profession,agri,Professioni agricole,20,9.8.5,Addetti all'uso del bestiame da lavoro a contratto annuo,,persons,M,6
20,profession,agri,Professioni agricole,20,9.8.5,Addetti all'uso del bestiame da lavoro a contratto annuo,,persons,F,2
21,profession,agri,Professioni agricole,21,9.8.6,Floricoltori a contratto annuo,,persons,MF,5
21,profession,agri,Professioni agricole,21,9.8.6,Floricoltori a contratto annuo,,persons,M,5
21,profession,agri,Professioni agricole,21,9.8.6,Floricoltori a contratto annuo,,persons,F,0
22,profession,agri,Professioni agricole,22,9.8.7,Ortolani a contratto annuo,,persons,MF,2
22,profession,agri,Professioni agricole,22,9.8.7,Ortolani a contratto annuo,,persons,M,2
22,profession,agri,Professioni agricole,22,9.8.7,Ortolani a contratto annuo,,persons,F,0
23,profession,agri,Professioni agricole,23,9.8.8,Altri lavoratori qualificati a contratto annuo,,persons,MF,19
23,profession,agri,Professioni agricole,23,9.8.8,Altri lavoratori qualificati a contratto annuo,,persons,M,17
23,profession,agri,Professioni agricole,23,9.8.8,Altri lavoratori qualificati a contratto annuo,,persons,F,2
24,profession,agri,Professioni agricole,24,9.9.2,Addetti alla lavorazione del latte a giornata,,persons,MF,1
24,profession,agri,Professioni agricole,24,9.9.2,Addetti alla lavorazione del latte a giornata,,persons,M,1
24,profession,agri,Professioni agricole,24,9.9.2,Addetti alla lavorazione del latte a giornata,,persons,F,0
25,profession,agri,Professioni agricole,25,9.9.4,Addetti alla cura di ovini e caprini a giornata,,persons,MF,4
25,profession,agri,Professioni agricole,25,9.9.4,Addetti alla cura di ovini e caprini a giornata,,persons,M,4
25,profession,agri,Professioni agricole,25,9.9.4,Addetti alla cura di ovini e caprini a giornata,,persons,F,0
26,profession,agri,Professioni agricole,26,9.9.6,Floricoltori a giornata,,persons,MF,20
26,profession,agri,Professioni agricole,26,9.9.6,Floricoltori a giornata,,persons,M,20
26,profession,agri,Professioni agricole,26,9.9.6,Floricoltori a giornata,,persons,F,0
27,profession,agri,Professioni agricole,27,9.9.7,Ortolani a giornata,,persons,MF,3
27,profession,agri,Professioni agricole,27,9.9.7,Ortolani a giornata,,persons,M,3
27,profession,agri,Professioni agricole,27,9.9.7,Ortolani a giornata,,persons,F,0
28,profession,agri,Professioni agricole,28,9.9.8,Altri lavoratori qualificati a giornata,,persons,MF,17
28,profession,agri,Professioni agricole,28,9.9.8,Altri lavoratori qualificati a giornata,,persons,M,17
28,profession,agri,Professioni agricole,28,9.9.8,Altri lavoratori qualificati a giornata,,persons,F,0
29,profession,agri,Professioni agricole,29,9.8.9,Lavoratori non qualificati a contratto annuo,,persons,MF,82
29,profession,agri,Professioni agricole,29,9.8.9,Lavoratori non qualificati a contratto annuo,,persons,M,73
29,profession,agri,Professioni agricole,29,9.8.9,Lavoratori non qualificati a contratto annuo,,persons,F,9
30,profession,agri,Professioni agricole,30,9.8.0,Braccianti fissi a contratto annuo,,persons,MF,166
30,profession,agri,Professioni agricole,30,9.8.0,Braccianti fissi a contratto annuo,,persons,M,158
30,profession,agri,Professioni agricole,30,9.8.0,Braccianti fissi a contratto annuo,,persons,F,8
31,profession,agri,Professioni agricole,31,8.9.9,Lavoratori non qualificati a giornata,,persons,MF,238
31,profession,agri,Professioni agricole,31,8.9.9,Lavoratori non qualificati a giornata,,persons,M,236
31,profession,agri,Professioni agricole,31,8.9.9,Lavoratori non qualificati a giornata,,persons,F,2
32,total,agri,,,,Totale professioni agricole,,persons,MF,3880
32,total,agri,,,,Totale professioni agricole,,persons,M,3328
32,total,agri,,,,Totale professioni agricole,,persons,F,552
33,total,agri,,,,Totale professioni agricole,A,persons,MF,171
33,total,agri,,,,Totale professioni agricole,A,persons,M,153
33,total,agri,,,,Totale professioni agricole,A,persons,F,18
34,total,agri,,,,Totale professioni agricole,C,persons,MF,2739
34,total,agri,,,,Totale professioni agricole,C,persons,M,2252
34,total,agri,,,,Totale professioni agricole,C,persons,F,487
35,total,agri,,,,Totale professioni agricole,E,persons,MF,39
35,total,agri,,,,Totale professioni agricole,E,persons,M,39
35,total,agri,,,,Totale professioni agricole,E,persons,F,0
36,total,agri,,,,Totale professioni agricole,F,persons,MF,57
36,total,agri,,,,Totale professioni agricole,F,persons,M,57
36,total,agri,,,,Totale professioni agricole,F,persons,F,0
37,total,agri,,,,Totale professioni agricole,H,persons,MF,874
37,total,agri,,,,Totale professioni agricole,H,persons,M,827
37,total,agri,,,,Totale professioni agricole,H,persons,F,47
38,profession,nonagri,Professioni delle miniere e cave e della lavorazione della pietra,32,0.6.7,Cavatori,,persons,MF,100
38,profession,nonagri,Professioni delle miniere e cave e della lavorazione della pietra,32,0.6.7,Cavatori,,persons,M,100
38,profession,nonagri,Professioni delle miniere e cave e della lavorazione della pietra,32,0.6.7,Cavatori,,persons,F,0
39,profession,nonagri,Professioni delle miniere e cave e della lavorazione della pietra,32,0.6.7,Cavatori,H,persons,MF,100
39,profession,nonagri,Professioni delle miniere e cave e della lavorazione della pietra,32,0.6.7,Cavatori,H,persons,M,100
39,profession,nonagri,Professioni delle miniere e cave e della lavorazione della pietra,32,0.6.7,Cavatori,H,persons,F,0
40,profession,nonagri,Professioni delle miniere e cave e della lavorazione della pietra,33,1.3.9,Frantumatori di pietre da costruzione,,persons,MF,54
40,profession,nonagri,Professioni delle miniere e cave e della lavorazione della pietra,33,1.3.9,Frantumatori di pietre da costruzione,,persons,M,54
40,profession,nonagri,Professioni delle miniere e cave e della lavorazione della pietra,33,1.3.9,Frantumatori di pietre da costruzione,,persons,F,0
41,profession,nonagri,Professioni delle miniere e cave e della lavorazione della pietra,33,1.3.9,Frantumatori di pietre da costruzione,H,persons,MF,54
41,profession,nonagri,Professioni delle miniere e cave e della lavorazione della pietra,33,1.3.9,Frantumatori di pietre da costruzione,H,persons,M,54
41,profession,nonagri,Professioni delle miniere e cave e della lavorazione della pietra,33,1.3.9,Frantumatori di pietre da costruzione,H,persons,F,0
42,profession,nonagri,Professioni delle miniere e cave e della lavorazione della pietra,34,2.1.6,"Minatori, picconieri e perforatori",,persons,MF,123
42,profession,nonagri,Professioni delle miniere e cave e della lavorazione della pietra,34,2.1.6,"Minatori, picconieri e perforatori",,persons,M,123
42,profession,nonagri,Professioni delle miniere e cave e della lavorazione della pietra,34,2.1.6,"Minatori, picconieri e perforatori",,persons,F,0
43,profession,nonagri,Professioni delle miniere e cave e della lavorazione della pietra,34,2.1.6,"Minatori, picconieri e perforatori",H,persons,MF,123
43,profession,nonagri,Professioni delle miniere e cave e della lavorazione della pietra,34,2.1.6,"Minatori, picconieri e perforatori",H,persons,M,123
43,profession,nonagri,Professioni delle miniere e cave e della lavorazione della pietra,34,2.1.6,"Minatori, picconieri e perforatori",H,persons,F,0
44,profession,nonagri,Professioni delle miniere e cave e della lavorazione della pietra,35,2.2.0,Modellatori di marmi e pietre,,persons,MF,35
44,profession,nonagri,Professioni delle miniere e cave e della lavorazione della pietra,35,2.2.0,Modellatori di marmi e pietre,,persons,M,35
44,profession,nonagri,Professioni delle miniere e cave e della lavorazione della pietra,35,2.2.0,Modellatori di marmi e pietre,,persons,F,0
45,profession,nonagri,Professioni delle miniere e cave e della lavorazione della pietra,35,2.2.0,Modellatori di marmi e pietre,B,persons,MF,3
45,profession,nonagri,Professioni delle miniere e cave e della lavorazione della pietra,35,2.2.0,Modellatori di marmi e pietre,B,persons,M,3
45,profession,nonagri,Professioni delle miniere e cave e della lavorazione della pietra,35,2.2.0,Modellatori di marmi e pietre,B,persons,F,0
46,profession,nonagri,Professioni delle miniere e cave e della lavorazione della pietra,35,2.2.0,Modellatori di marmi e pietre,C,persons,MF,3
46,profession,nonagri,Professioni delle miniere e cave e della lavorazione della pietra,35,2.2.0,Modellatori di marmi e pietre,C,persons,M,3
46,profession,nonagri,Professioni delle miniere e cave e della lavorazione della pietra,35,2.2.0,Modellatori di marmi e pietre,C,persons,F,0
47,profession,nonagri,Professioni delle miniere e cave e della lavorazione della pietra,35,2.2.0,Modellatori di marmi e pietre,H,persons,MF,29
47,profession,nonagri,Professioni delle miniere e cave e della lavorazione della pietra,35,2.2.0,Modellatori di marmi e pietre,H,persons,M,29
47,profession,nonagri,Professioni delle miniere e cave e della lavorazione della pietra,35,2.2.0,Modellatori di marmi e pietre,H,persons,F,0
48,profession,nonagri,Professioni delle miniere e cave e della lavorazione della pietra,36,2.2.5,Mosaicisti,,persons,MF,5
48,profession,nonagri,Professioni delle miniere e cave e della lavorazione della pietra,36,2.2.5,Mosaicisti,,persons,M,5
48,profession,nonagri,Professioni delle miniere e cave e della lavorazione della pietra,36,2.2.5,Mosaicisti,,persons,F,0
49,profession,nonagri,Professioni delle miniere e cave e della lavorazione della pietra,36,2.2.5,Mosaicisti,H,persons,MF,5
49,profession,nonagri,Professioni delle miniere e cave e della lavorazione della pietra,36,2.2.5,Mosaicisti,H,persons,M,5
49,profession,nonagri,Professioni delle miniere e cave e della lavorazione della pietra,36,2.2.5,Mosaicisti,H,persons,F,0
50,profession,nonagri,Professioni delle miniere e cave e della lavorazione della pietra,37,2.9.9,Scalpellini,,persons,MF,66
50,profession,nonagri,Professioni delle miniere e cave e della lavorazione della pietra,37,2.9.9,Scalpellini,,persons,M,66
50,profession,nonagri,Professioni delle miniere e cave e della lavorazione della pietra,37,2.9.9,Scalpellini,,persons,F,0
51,profession,nonagri,Professioni delle miniere e cave e della lavorazione della pietra,37,2.9.9,Scalpellini,H,persons,MF,66
51,profession,nonagri,Professioni delle miniere e cave e della lavorazione della pietra,37,2.9.9,Scalpellini,H,persons,M,66
51,profession,nonagri,Professioni delle miniere e cave e della lavorazione della pietra,37,2.9.9,Scalpellini,H,persons,F,0
52,profession,nonagri,Professioni delle miniere e cave e della lavorazione della pietra,38,3.1.4,"Squadratori, segatori, tagliatori di pietre",,persons,MF,12
52,profession,nonagri,Professioni delle miniere e cave e della lavorazione della pietra,38,3.1.4,"Squadratori, segatori, tagliatori di pietre",,persons,M,12
52,profession,nonagri,Professioni delle miniere e cave e della lavorazione della pietra,38,3.1.4,"Squadratori, segatori, tagliatori di pietre",,persons,F,0
53,profession,nonagri,Professioni delle miniere e cave e della lavorazione della pietra,38,3.1.4,"Squadratori, segatori, tagliatori di pietre",H,persons,MF,12
53,profession,nonagri,Professioni delle miniere e cave e della lavorazione della pietra,38,3.1.4,"Squadratori, segatori, tagliatori di pietre",H,persons,M,12
53,profession,nonagri,Professioni delle miniere e cave e della lavorazione della pietra,38,3.1.4,"Squadratori, segatori, tagliatori di pietre",H,persons,F,0
54,profession,nonagri,Professioni delle miniere e cave e della lavorazione della pietra,39,3.3.9,Tornitori in pietra,,persons,MF,1
54,profession,nonagri,Professioni delle miniere e cave e della lavorazione della pietra,39,3.3.9,Tornitori in pietra,,persons,M,1
54,profession,nonagri,Professioni delle miniere e cave e della lavorazione della pietra,39,3.3.9,Tornitori in pietra,,persons,F,0
55,profession,nonagri,Professioni delle miniere e cave e della lavorazione della pietra,39,3.3.9,Tornitori in pietra,H,persons,MF,1
55,profession,nonagri,Professioni delle miniere e cave e della lavorazione della pietra,39,3.3.9,Tornitori in pietra,H,persons,M,1
55,profession,nonagri,Professioni delle miniere e cave e della lavorazione della pietra,39,3.3.9,Tornitori in pietra,H,persons,F,0
56,profession,nonagri,Professioni edili e lavori stradali,40,0.1.3,Architetti,,persons,MF,7
56,profession,nonagri,Professioni edili e lavori stradali,40,0.1.3,Architetti,,persons,M,7
56,profession,nonagri,Professioni edili e lavori stradali,40,0.1.3,Architetti,,persons,F,0
57,profession,nonagri,Professioni edili e lavori stradali,40,0.1.3,Architetti,D,persons,MF,2
57,profession,nonagri,Professioni edili e lavori stradali,40,0.1.3,Architetti,D,persons,M,2
57,profession,nonagri,Professioni edili e lavori stradali,40,0.1.3,Architetti,D,persons,F,0
58,profession,nonagri,Professioni edili e lavori stradali,40,0.1.3,Architetti,F,persons,MF,5
58,profession,nonagri,Professioni edili e lavori stradali,40,0.1.3,Architetti,F,persons,M,5
58,profession,nonagri,Professioni edili e lavori stradali,40,0.1.3,Architetti,F,persons,F,0
59,profession,nonagri,Professioni edili e lavori stradali,41,0.2.0,"Asfaltisti e bitumatori stradali, selciatori, lastricatori",,persons,MF,5
59,profession,nonagri,Professioni edili e lavori stradali,41,0.2.0,"Asfaltisti e bitumatori stradali, selciatori, lastricatori",,persons,M,5
59,profession,nonagri,Professioni edili e lavori stradali,41,0.2.0,"Asfaltisti e bitumatori stradali, selciatori, lastricatori",,persons,F,0
60,profession,nonagri,Professioni edili e lavori stradali,41,0.2.0,"Asfaltisti e bitumatori stradali, selciatori, lastricatori",H,persons,MF,5
60,profession,nonagri,Professioni edili e lavori stradali,41,0.2.0,"Asfaltisti e bitumatori stradali, selciatori, lastricatori",H,persons,M,5
60,profession,nonagri,Professioni edili e lavori stradali,41,0.2.0,"Asfaltisti e bitumatori stradali, selciatori, lastricatori",H,persons,F,0
61,profession,nonagri,Professioni edili e lavori stradali,42,0.2.1,Asfaltisti per edifici,,persons,MF,3
61,profession,nonagri,Professioni edili e lavori stradali,42,0.2.1,Asfaltisti per edifici,,persons,M,3
61,profession,nonagri,Professioni edili e lavori stradali,42,0.2.1,Asfaltisti per edifici,,persons,F,0
62,profession,nonagri,Professioni edili e lavori stradali,42,0.2.1,Asfaltisti per edifici,H,persons,MF,3
62,profession,nonagri,Professioni edili e lavori stradali,42,0.2.1,Asfaltisti per edifici,H,persons,M,3
62,profession,nonagri,Professioni edili e lavori stradali,42,0.2.1,Asfaltisti per edifici,H,persons,F,0
63,profession,nonagri,Professioni edili e lavori stradali,43,0.5.0,Assistenti edili,,persons,MF,218
63,profession,nonagri,Professioni edili e lavori stradali,43,0.5.0,Assistenti edili,,persons,M,218
63,profession,nonagri,Professioni edili e lavori stradali,43,0.5.0,Assistenti edili,,persons,F,0
64,profession,nonagri,Professioni edili e lavori stradali,43,0.5.0,Assistenti edili,F,persons,MF,218
64,profession,nonagri,Professioni edili e lavori stradali,43,0.5.0,Assistenti edili,F,persons,M,218
64,profession,nonagri,Professioni edili e lavori stradali,43,0.5.0,Assistenti edili,F,persons,F,0
65,profession,nonagri,Professioni edili e lavori stradali,44,0.9.9,Decoratori edili,,persons,MF,213
65,profession,nonagri,Professioni edili e lavori stradali,44,0.9.9,Decoratori edili,,persons,M,211
65,profession,nonagri,Professioni edili e lavori stradali,44,0.9.9,Decoratori edili,,persons,F,2
66,profession,nonagri,Professioni edili e lavori stradali,44,0.9.9,Decoratori edili,B,persons,MF,10
66,profession,nonagri,Professioni edili e lavori stradali,44,0.9.9,Decoratori edili,B,persons,M,9
66,profession,nonagri,Professioni edili e lavori stradali,44,0.9.9,Decoratori edili,B,persons,F,1
67,profession,nonagri,Professioni edili e lavori stradali,44,0.9.9,Decoratori edili,C,persons,MF,19
67,profession,nonagri,Professioni edili e lavori stradali,44,0.9.9,Decoratori edili,C,persons,M,19
67,profession,nonagri,Professioni edili e lavori stradali,44,0.9.9,Decoratori edili,C,persons,F,0
68,profession,nonagri,Professioni edili e lavori stradali,44,0.9.9,Decoratori edili,H,persons,MF,184
68,profession,nonagri,Professioni edili e lavori stradali,44,0.9.9,Decoratori edili,H,persons,M,183
68,profession,nonagri,Professioni edili e lavori stradali,44,0.9.9,Decoratori edili,H,persons,F,1
69,profession,nonagri,Professioni edili e lavori stradali,45,1.1.5,"Draghisti, arganisti, verricellisti, gruisti",,persons,MF,1
69,profession,nonagri,Professioni edili e lavori stradali,45,1.1.5,"Draghisti, arganisti, verricellisti, gruisti",,persons,M,1
69,profession,nonagri,Professioni edili e lavori stradali,45,1.1.5,"Draghisti, arganisti, verricellisti, gruisti",,persons,F,0
70,profession,nonagri,Professioni edili e lavori stradali,45,1.1.5,"Draghisti, arganisti, verricellisti, gruisti",H,persons,MF,1
70,profession,nonagri,Professioni edili e lavori stradali,45,1.1.5,"Draghisti, arganisti, verricellisti, gruisti",H,persons,M,1
70,profession,nonagri,Professioni edili e lavori stradali,45,1.1.5,"Draghisti, arganisti, verricellisti, gruisti",H,persons,F,0
71,profession,nonagri,Professioni edili e lavori stradali,46,2.0.5,Manovali edili,,persons,MF,205
71,profession,nonagri,Professioni edili e lavori stradali,46,2.0.5,Manovali edili,,persons,M,205
71,profession,nonagri,Professioni edili e lavori stradali,46,2.0.5,Manovali edili,,persons,F,0
72,profession,nonagri,Professioni edili e lavori stradali,46,2.0.5,Manovali edili,H,persons,MF,205
72,profession,nonagri,Professioni edili e lavori stradali,46,2.0.5,Manovali edili,H,persons,M,205
72,profession,nonagri,Professioni edili e lavori stradali,46,2.0.5,Manovali edili,H,persons,F,0
73,profession,nonagri,Professioni edili e lavori stradali,47,0.12.0,"Muratori, cementisti, stuccatori",,persons,MF,1578
73,profession,nonagri,Professioni edili e lavori stradali,47,0.12.0,"Muratori, cementisti, stuccatori",,persons,M,1571
73,profession,nonagri,Professioni edili e lavori stradali,47,0.12.0,"Muratori, cementisti, stuccatori",,persons,F,7
74,profession,nonagri,Professioni edili e lavori stradali,47,0.12.0,"Muratori, cementisti, stuccatori",B,persons,MF,3
74,profession,nonagri,Professioni edili e lavori stradali,47,0.12.0,"Muratori, cementisti, stuccatori",B,persons,M,3
74,profession,nonagri,Professioni edili e lavori stradali,47,0.12.0,"Muratori, cementisti, stuccatori",B,persons,F,0
75,profession,nonagri,Professioni edili e lavori stradali,47,0.12.0,"Muratori, cementisti, stuccatori",C,persons,MF,15
75,profession,nonagri,Professioni edili e lavori stradali,47,0.12.0,"Muratori, cementisti, stuccatori",C,persons,M,15
75,profession,nonagri,Professioni edili e lavori stradali,47,0.12.0,"Muratori, cementisti, stuccatori",C,persons,F,0
76,profession,nonagri,Professioni edili e lavori stradali,47,0.12.0,"Muratori, cementisti, stuccatori",H,persons,MF,1560
76,profession,nonagri,Professioni edili e lavori stradali,47,0.12.0,"Muratori, cementisti, stuccatori",H,persons,M,1553
76,profession,nonagri,Professioni edili e lavori stradali,47,0.12.0,"Muratori, cementisti, stuccatori",H,persons,F,7
77,profession,nonagri,Professioni edili e lavori stradali,48,3.1.8,Sterratori,,persons,MF,32
77,profession,nonagri,Professioni edili e lavori stradali,48,3.1.8,Sterratori,,persons,M,32
77,profession,nonagri,Professioni edili e lavori stradali,48,3.1.8,Sterratori,,persons,F,0
78,profession,nonagri,Professioni edili e lavori stradali,48,3.1.8,Sterratori,H,persons,MF,32
78,profession,nonagri,Professioni edili e lavori stradali,48,3.1.8,Sterratori,H,persons,M,32
78,profession,nonagri,Professioni edili e lavori stradali,48,3.1.8,Sterratori,H,persons,F,0
79,profession,nonagri,"Professioni dell'industria del vetro, dei laterizi e delle ceramiche",49,0.6.8,Ceramisti e terracottai,,persons,MF,4
79,profession,nonagri,"Professioni dell'industria del vetro, dei laterizi e delle ceramiche",49,0.6.8,Ceramisti e terracottai,,persons,M,4
79,profession,nonagri,"Professioni dell'industria del vetro, dei laterizi e delle ceramiche",49,0.6.8,Ceramisti e terracottai,,persons,F,0
80,profession,nonagri,"Professioni dell'industria del vetro, dei laterizi e delle ceramiche",49,0.6.8,Ceramisti e terracottai,C,persons,MF,1
80,profession,nonagri,"Professioni dell'industria del vetro, dei laterizi e delle ceramiche",49,0.6.8,Ceramisti e terracottai,C,persons,M,1
80,profession,nonagri,"Professioni dell'industria del vetro, dei laterizi e delle ceramiche",49,0.6.8,Ceramisti e terracottai,C,persons,F,0
81,profession,nonagri,"Professioni dell'industria del vetro, dei laterizi e delle ceramiche",49,0.6.8,Ceramisti e terracottai,H,persons,MF,3
81,profession,nonagri,"Professioni dell'industria del vetro, dei laterizi e delle ceramiche",49,0.6.8,Ceramisti e terracottai,H,persons,M,3
81,profession,nonagri,"Professioni dell'industria del vetro, dei laterizi e delle ceramiche",49,0.6.8,Ceramisti e terracottai,H,persons,F,0
82,profession,nonagri,"Professioni dell'industria del vetro, dei laterizi e delle ceramiche",50,1.3.4,Fornaciai,,persons,MF,7
82,profession,nonagri,"Professioni dell'industria del vetro, dei laterizi e delle ceramiche",50,1.3.4,Fornaciai,,persons,M,7
82,profession,nonagri,"Professioni dell'industria del vetro, dei laterizi e delle ceramiche",50,1.3.4,Fornaciai,,persons,F,0
83,profession,nonagri,"Professioni dell'industria del vetro, dei laterizi e delle ceramiche",50,1.3.4,Fornaciai,H,persons,MF,7
83,profession,nonagri,"Professioni dell'industria del vetro, dei laterizi e delle ceramiche",50,1.3.4,Fornaciai,H,persons,M,7
83,profession,nonagri,"Professioni dell'industria del vetro, dei laterizi e delle ceramiche",50,1.3.4,Fornaciai,H,persons,F,0
84,profession,nonagri,"Professioni dell'industria del vetro, dei laterizi e delle ceramiche",51,2.2.1,"Modellatori, formatori e gettatori di cemento, gesso, gres",,persons,MF,11
84,profession,nonagri,"Professioni dell'industria del vetro, dei laterizi e delle ceramiche",51,2.2.1,"Modellatori, formatori e gettatori di cemento, gesso, gres",,persons,M,11
84,profession,nonagri,"Professioni dell'industria del vetro, dei laterizi e delle ceramiche",51,2.2.1,"Modellatori, formatori e gettatori di cemento, gesso, gres",,persons,F,0
85,profession,nonagri,"Professioni dell'industria del vetro, dei laterizi e delle ceramiche",51,2.2.1,"Modellatori, formatori e gettatori di cemento, gesso, gres",B,persons,MF,1
85,profession,nonagri,"Professioni dell'industria del vetro, dei laterizi e delle ceramiche",51,2.2.1,"Modellatori, formatori e gettatori di cemento, gesso, gres",B,persons,M,1
85,profession,nonagri,"Professioni dell'industria del vetro, dei laterizi e delle ceramiche",51,2.2.1,"Modellatori, formatori e gettatori di cemento, gesso, gres",B,persons,F,0
86,profession,nonagri,"Professioni dell'industria del vetro, dei laterizi e delle ceramiche",51,2.2.1,"Modellatori, formatori e gettatori di cemento, gesso, gres",H,persons,MF,10
86,profession,nonagri,"Professioni dell'industria del vetro, dei laterizi e delle ceramiche",51,2.2.1,"Modellatori, formatori e gettatori di cemento, gesso, gres",H,persons,M,10
86,profession,nonagri,"Professioni dell'industria del vetro, dei laterizi e delle ceramiche",51,2.2.1,"Modellatori, formatori e gettatori di cemento, gesso, gres",H,persons,F,0
87,profession,nonagri,"Professioni dell'industria del vetro, dei laterizi e delle ceramiche",52,3.5.4,Vetrai,,persons,MF,3
87,profession,nonagri,"Professioni dell'industria del vetro, dei laterizi e delle ceramiche",52,3.5.4,Vetrai,,persons,M,3
87,profession,nonagri,"Professioni dell'industria del vetro, dei laterizi e delle ceramiche",52,3.5.4,Vetrai,,persons,F,0
88,profession,nonagri,"Professioni dell'industria del vetro, dei laterizi e delle ceramiche",52,3.5.4,Vetrai,H,persons,MF,3
88,profession,nonagri,"Professioni dell'industria del vetro, dei laterizi e delle ceramiche",52,3.5.4,Vetrai,H,persons,M,3
88,profession,nonagri,"Professioni dell'industria del vetro, dei laterizi e delle ceramiche",52,3.5.4,Vetrai,H,persons,F,0
89,profession,nonagri,"Professioni delle installazioni impianti acqua, luce, calore",53,3.1.5,"Stagnini, idraulici, gasisti",,persons,MF,123
89,profession,nonagri,"Professioni delle installazioni impianti acqua, luce, calore",53,3.1.5,"Stagnini, idraulici, gasisti",,persons,M,123
89,profession,nonagri,"Professioni delle installazioni impianti acqua, luce, calore",53,3.1.5,"Stagnini, idraulici, gasisti",,persons,F,0
90,profession,nonagri,"Professioni delle installazioni impianti acqua, luce, calore",53,3.1.5,"Stagnini, idraulici, gasisti",B,persons,MF,4
90,profession,nonagri,"Professioni delle installazioni impianti acqua, luce, calore",53,3.1.5,"Stagnini, idraulici, gasisti",B,persons,M,4
90,profession,nonagri,"Professioni delle installazioni impianti acqua, luce, calore",53,3.1.5,"Stagnini, idraulici, gasisti",B,persons,F,0
91,profession,nonagri,"Professioni delle installazioni impianti acqua, luce, calore",53,3.1.5,"Stagnini, idraulici, gasisti",C,persons,MF,23
91,profession,nonagri,"Professioni delle installazioni impianti acqua, luce, calore",53,3.1.5,"Stagnini, idraulici, gasisti",C,persons,M,23
91,profession,nonagri,"Professioni delle installazioni impianti acqua, luce, calore",53,3.1.5,"Stagnini, idraulici, gasisti",C,persons,F,0
92,profession,nonagri,"Professioni delle installazioni impianti acqua, luce, calore",53,3.1.5,"Stagnini, idraulici, gasisti",H,persons,MF,96
92,profession,nonagri,"Professioni delle installazioni impianti acqua, luce, calore",53,3.1.5,"Stagnini, idraulici, gasisti",H,persons,M,96
92,profession,nonagri,"Professioni delle installazioni impianti acqua, luce, calore",53,3.1.5,"Stagnini, idraulici, gasisti",H,persons,F,0
93,profession,nonagri,"Professioni delle installazioni impianti acqua, luce, calore",54,3.4.2,Tubisti,,persons,MF,4
93,profession,nonagri,"Professioni delle installazioni impianti acqua, luce, calore",54,3.4.2,Tubisti,,persons,M,4
93,profession,nonagri,"Professioni delle installazioni impianti acqua, luce, calore",54,3.4.2,Tubisti,,persons,F,0
94,profession,nonagri,"Professioni delle installazioni impianti acqua, luce, calore",54,3.4.2,Tubisti,H,persons,MF,4
94,profession,nonagri,"Professioni delle installazioni impianti acqua, luce, calore",54,3.4.2,Tubisti,H,persons,M,4
94,profession,nonagri,"Professioni delle installazioni impianti acqua, luce, calore",54,3.4.2,Tubisti,H,persons,F,0
95,profession,nonagri,Professioni delle industrie metallurgiche,55,1.2.1,"Fabbri ferrai, forgiatori, fucinatori",,persons,MF,337
95,profession,nonagri,Professioni delle industrie metallurgiche,55,1.2.1,"Fabbri ferrai, forgiatori, fucinatori",,persons,M,337
95,profession,nonagri,Professioni delle industrie metallurgiche,55,1.2.1,"Fabbri ferrai, forgiatori, fucinatori",,persons,F,0
96,profession,nonagri,Professioni delle industrie metallurgiche,55,1.2.1,"Fabbri ferrai, forgiatori, fucinatori",B,persons,MF,18
96,profession,nonagri,Professioni delle industrie metallurgiche,55,1.2.1,"Fabbri ferrai, forgiatori, fucinatori",B,persons,M,18
96,profession,nonagri,Professioni delle industrie metallurgiche,55,1.2.1,"Fabbri ferrai, forgiatori, fucinatori",B,persons,F,0
97,profession,nonagri,Professioni delle industrie metallurgiche,55,1.2.1,"Fabbri ferrai, forgiatori, fucinatori",C,persons,MF,40
97,profession,nonagri,Professioni delle industrie metallurgiche,55,1.2.1,"Fabbri ferrai, forgiatori, fucinatori",C,persons,M,40
97,profession,nonagri,Professioni delle industrie metallurgiche,55,1.2.1,"Fabbri ferrai, forgiatori, fucinatori",C,persons,F,0
98,profession,nonagri,Professioni delle industrie metallurgiche,55,1.2.1,"Fabbri ferrai, forgiatori, fucinatori",H,persons,MF,279
98,profession,nonagri,Professioni delle industrie metallurgiche,55,1.2.1,"Fabbri ferrai, forgiatori, fucinatori",H,persons,M,279
98,profession,nonagri,Professioni delle industrie metallurgiche,55,1.2.1,"Fabbri ferrai, forgiatori, fucinatori",H,persons,F,0
99,profession,nonagri,Professioni delle industrie metallurgiche,56,1.3.3,Fonditori,,persons,MF,41
99,profession,nonagri,Professioni delle industrie metallurgiche,56,1.3.3,Fonditori,,persons,M,41
99,profession,nonagri,Professioni delle industrie metallurgiche,56,1.3.3,Fonditori,,persons,F,0
100,profession,nonagri,Professioni delle industrie metallurgiche,56,1.3.3,Fonditori,C,persons,MF,1
100,profession,nonagri,Professioni delle industrie metallurgiche,56,1.3.3,Fonditori,C,persons,M,1
100,profession,nonagri,Professioni delle industrie metallurgiche,56,1.3.3,Fonditori,C,persons,F,0
101,profession,nonagri,Professioni delle industrie metallurgiche,56,1.3.3,Fonditori,H,persons,MF,40
101,profession,nonagri,Professioni delle industrie metallurgiche,56,1.3.3,Fonditori,H,persons,M,40
101,profession,nonagri,Professioni delle industrie metallurgiche,56,1.3.3,Fonditori,H,persons,F,0
102,profession,nonagri,Professioni delle industrie metallurgiche,57,1.4.1,Fuochisti,,persons,MF,13
102,profession,nonagri,Professioni delle industrie metallurgiche,57,1.4.1,Fuochisti,,persons,M,13
102,profession,nonagri,Professioni delle industrie metallurgiche,57,1.4.1,Fuochisti,,persons,F,0
103,profession,nonagri,Professioni delle industrie metallurgiche,57,1.4.1,Fuochisti,H,persons,MF,13
103,profession,nonagri,Professioni delle industrie metallurgiche,57,1.4.1,Fuochisti,H,persons,M,13
103,profession,nonagri,Professioni delle industrie metallurgiche,57,1.4.1,Fuochisti,H,persons,F,0
104,profession,nonagri,Professioni delle industrie metallurgiche,58,2.4.0,Orefici,,persons,MF,8
104,profession,nonagri,Professioni delle industrie metallurgiche,58,2.4.0,Orefici,,persons,M,8
104,profession,nonagri,Professioni delle industrie metallurgiche,58,2.4.0,Orefici,,persons,F,0
105,profession,nonagri,Professioni delle industrie metallurgiche,58,2.4.0,Orefici,C,persons,MF,7
105,profession,nonagri,Professioni delle industrie metallurgiche,58,2.4.0,Orefici,C,persons,M,7
105,profession,nonagri,Professioni delle industrie metallurgiche,58,2.4.0,Orefici,C,persons,F,0
106,profession,nonagri,Professioni delle industrie metallurgiche,58,2.4.0,Orefici,H,persons,MF,1
106,profession,nonagri,Professioni delle industrie metallurgiche,58,2.4.0,Orefici,H,persons,M,1
106,profession,nonagri,Professioni delle industrie metallurgiche,58,2.4.0,Orefici,H,persons,F,0
107,profession,nonagri,Professioni delle industrie metallurgiche,59,2.8.6,"Ramai, ottonai",,persons,MF,7
107,profession,nonagri,Professioni delle industrie metallurgiche,59,2.8.6,"Ramai, ottonai",,persons,M,7
107,profession,nonagri,Professioni delle industrie metallurgiche,59,2.8.6,"Ramai, ottonai",,persons,F,0
108,profession,nonagri,Professioni delle industrie metallurgiche,59,2.8.6,"Ramai, ottonai",B,persons,MF,3
108,profession,nonagri,Professioni delle industrie metallurgiche,59,2.8.6,"Ramai, ottonai",B,persons,M,3
108,profession,nonagri,Professioni delle industrie metallurgiche,59,2.8.6,"Ramai, ottonai",B,persons,F,0
109,profession,nonagri,Professioni delle industrie metallurgiche,59,2.8.6,"Ramai, ottonai",C,persons,MF,2
109,profession,nonagri,Professioni delle industrie metallurgiche,59,2.8.6,"Ramai, ottonai",C,persons,M,2
109,profession,nonagri,Professioni delle industrie metallurgiche,59,2.8.6,"Ramai, ottonai",C,persons,F,0
110,profession,nonagri,Professioni delle industrie metallurgiche,59,2.8.6,"Ramai, ottonai",H,persons,MF,2
110,profession,nonagri,Professioni delle industrie metallurgiche,59,2.8.6,"Ramai, ottonai",H,persons,M,2
110,profession,nonagri,Professioni delle industrie metallurgiche,59,2.8.6,"Ramai, ottonai",H,persons,F,0
111,profession,nonagri,Professioni delle industrie metallurgiche,60,2.9.5,Saldatori e tagliatori di metalli,,persons,MF,14
111,profession,nonagri,Professioni delle industrie metallurgiche,60,2.9.5,Saldatori e tagliatori di metalli,,persons,M,14
111,profession,nonagri,Professioni delle industrie metallurgiche,60,2.9.5,Saldatori e tagliatori di metalli,,persons,F,0
112,profession,nonagri,Professioni delle industrie metallurgiche,60,2.9.5,Saldatori e tagliatori di metalli,B,persons,MF,2
112,profession,nonagri,Professioni delle industrie metallurgiche,60,2.9.5,Saldatori e tagliatori di metalli,B,persons,M,2
112,profession,nonagri,Professioni delle industrie metallurgiche,60,2.9.5,Saldatori e tagliatori di metalli,B,persons,F,0
113,profession,nonagri,Professioni delle industrie metallurgiche,60,2.9.5,Saldatori e tagliatori di metalli,C,persons,MF,1
113,profession,nonagri,Professioni delle industrie metallurgiche,60,2.9.5,Saldatori e tagliatori di metalli,C,persons,M,1
113,profession,nonagri,Professioni delle industrie metallurgiche,60,2.9.5,Saldatori e tagliatori di metalli,C,persons,F,0
114,profession,nonagri,Professioni delle industrie metallurgiche,60,2.9.5,Saldatori e tagliatori di metalli,H,persons,MF,11
114,profession,nonagri,Professioni delle industrie metallurgiche,60,2.9.5,Saldatori e tagliatori di metalli,H,persons,M,11
114,profession,nonagri,Professioni delle industrie metallurgiche,60,2.9.5,Saldatori e tagliatori di metalli,H,persons,F,0
115,profession,nonagri,Professioni delle industrie metallurgiche,61,3.4.1,"Tranciatori, sbavatori, pressatori",,persons,MF,1
115,profession,nonagri,Professioni delle industrie metallurgiche,61,3.4.1,"Tranciatori, sbavatori, pressatori",,persons,M,1
115,profession,nonagri,Professioni delle industrie metallurgiche,61,3.4.1,"Tranciatori, sbavatori, pressatori",,persons,F,0
116,profession,nonagri,Professioni delle industrie metallurgiche,61,3.4.1,"Tranciatori, sbavatori, pressatori",H,persons,MF,1
116,profession,nonagri,Professioni delle industrie metallurgiche,61,3.4.1,"Tranciatori, sbavatori, pressatori",H,persons,M,1
116,profession,nonagri,Professioni delle industrie metallurgiche,61,3.4.1,"Tranciatori, sbavatori, pressatori",H,persons,F,0
117,profession,nonagri,Professioni delle industrie meccaniche,62,0.0.6,"Alesatori, fresatori e tornitori di metalli",,persons,MF,94
117,profession,nonagri,Professioni delle industrie meccaniche,62,0.0.6,"Alesatori, fresatori e tornitori di metalli",,persons,M,94
117,profession,nonagri,Professioni delle industrie meccaniche,62,0.0.6,"Alesatori, fresatori e tornitori di metalli",,persons,F,0
118,profession,nonagri,Professioni delle industrie meccaniche,62,0.0.6,"Alesatori, fresatori e tornitori di metalli",C,persons,MF,2
118,profession,nonagri,Professioni delle industrie meccaniche,62,0.0.6,"Alesatori, fresatori e tornitori di metalli",C,persons,M,2
118,profession,nonagri,Professioni delle industrie meccaniche,62,0.0.6,"Alesatori, fresatori e tornitori di metalli",C,persons,F,0
119,profession,nonagri,Professioni delle industrie meccaniche,62,0.0.6,"Alesatori, fresatori e tornitori di metalli",H,persons,MF,92
119,profession,nonagri,Professioni delle industrie meccaniche,62,0.0.6,"Alesatori, fresatori e tornitori di metalli",H,persons,M,92
119,profession,nonagri,Professioni delle industrie meccaniche,62,0.0.6,"Alesatori, fresatori e tornitori di metalli",H,persons,F,0
120,profession,nonagri,Professioni delle industrie meccaniche,63,0.3.3,"Battiferro, battirame",,persons,MF,9
120,profession,nonagri,Professioni delle industrie meccaniche,63,0.3.3,"Battiferro, battirame",,persons,M,9
120,profession,nonagri,Professioni delle industrie meccaniche,63,0.3.3,"Battiferro, battirame",,persons,F,0
121,profession,nonagri,Professioni delle industrie meccaniche,63,0.3.3,"Battiferro, battirame",B,persons,MF,1
121,profession,nonagri,Professioni delle industrie meccaniche,63,0.3.3,"Battiferro, battirame",B,persons,M,1
121,profession,nonagri,Professioni delle industrie meccaniche,63,0.3.3,"Battiferro, battirame",B,persons,F,0
122,profession,nonagri,Professioni delle industrie meccaniche,63,0.3.3,"Battiferro, battirame",H,persons,MF,8
122,profession,nonagri,Professioni delle industrie meccaniche,63,0.3.3,"Battiferro, battirame",H,persons,M,8
122,profession,nonagri,Professioni delle industrie meccaniche,63,0.3.3,"Battiferro, battirame",H,persons,F,0
123,profession,nonagri,Professioni delle industrie meccaniche,64,0.7.9,"Coltellinai, arrotini, specialisti di tempera",,persons,MF,7
123,profession,nonagri,Professioni delle industrie meccaniche,64,0.7.9,"Coltellinai, arrotini, specialisti di tempera",,persons,M,7
123,profession,nonagri,Professioni delle industrie meccaniche,64,0.7.9,"Coltellinai, arrotini, specialisti di tempera",,persons,F,0
124,profession,nonagri,Professioni delle industrie meccaniche,64,0.7.9,"Coltellinai, arrotini, specialisti di tempera",C,persons,MF,6
124,profession,nonagri,Professioni delle industrie meccaniche,64,0.7.9,"Coltellinai, arrotini, specialisti di tempera",C,persons,M,6
124,profession,nonagri,Professioni delle industrie meccaniche,64,0.7.9,"Coltellinai, arrotini, specialisti di tempera",C,persons,F,0
125,profession,nonagri,Professioni delle industrie meccaniche,64,0.7.9,"Coltellinai, arrotini, specialisti di tempera",H,persons,MF,1
125,profession,nonagri,Professioni delle industrie meccaniche,64,0.7.9,"Coltellinai, arrotini, specialisti di tempera",H,persons,M,1
125,profession,nonagri,Professioni delle industrie meccaniche,64,0.7.9,"Coltellinai, arrotini, specialisti di tempera",H,persons,F,0
126,profession,nonagri,Professioni delle industrie meccaniche,65,1.7.0,Incisori in metallo,,persons,MF,7
126,profession,nonagri,Professioni delle industrie meccaniche,65,1.7.0,Incisori in metallo,,persons,M,7
126,profession,nonagri,Professioni delle industrie meccaniche,65,1.7.0,Incisori in metallo,,persons,F,0
127,profession,nonagri,Professioni delle industrie meccaniche,65,1.7.0,Incisori in metallo,C,persons,MF,3
127,profession,nonagri,Professioni delle industrie meccaniche,65,1.7.0,Incisori in metallo,C,persons,M,3
127,profession,nonagri,Professioni delle industrie meccaniche,65,1.7.0,Incisori in metallo,C,persons,F,0
128,profession,nonagri,Professioni delle industrie meccaniche,65,1.7.0,Incisori in metallo,H,persons,MF,4
128,profession,nonagri,Professioni delle industrie meccaniche,65,1.7.0,Incisori in metallo,H,persons,M,4
128,profession,nonagri,Professioni delle industrie meccaniche,65,1.7.0,Incisori in metallo,H,persons,F,0
129,profession,nonagri,Professioni delle industrie meccaniche,66,1.9.8,Macchinisti e motoristi,,persons,MF,82
129,profession,nonagri,Professioni delle industrie meccaniche,66,1.9.8,Macchinisti e motoristi,,persons,M,82
129,profession,nonagri,Professioni delle industrie meccaniche,66,1.9.8,Macchinisti e motoristi,,persons,F,0
130,profession,nonagri,Professioni delle industrie meccaniche,66,1.9.8,Macchinisti e motoristi,H,persons,MF,82
130,profession,nonagri,Professioni delle industrie meccaniche,66,1.9.8,Macchinisti e motoristi,H,persons,M,82
130,profession,nonagri,Professioni delle industrie meccaniche,66,1.9.8,Macchinisti e motoristi,H,persons,F,0
131,profession,nonagri,Professioni delle industrie meccaniche,67,2.1.0,Meccanici,,persons,MF,1039
131,profession,nonagri,Professioni delle industrie meccaniche,67,2.1.0,Meccanici,,persons,M,1038
131,profession,nonagri,Professioni delle industrie meccaniche,67,2.1.0,Meccanici,,persons,F,1
132,profession,nonagri,Professioni delle industrie meccaniche,67,2.1.0,Meccanici,B,persons,MF,14
132,profession,nonagri,Professioni delle industrie meccaniche,67,2.1.0,Meccanici,B,persons,M,14
132,profession,nonagri,Professioni delle industrie meccaniche,67,2.1.0,Meccanici,B,persons,F,0
133,profession,nonagri,Professioni delle industrie meccaniche,67,2.1.0,Meccanici,C,persons,MF,25
133,profession,nonagri,Professioni delle industrie meccaniche,67,2.1.0,Meccanici,C,persons,M,25
133,profession,nonagri,Professioni delle industrie meccaniche,67,2.1.0,Meccanici,C,persons,F,0
134,profession,nonagri,Professioni delle industrie meccaniche,67,2.1.0,Meccanici,H,persons,MF,1000
134,profession,nonagri,Professioni delle industrie meccaniche,67,2.1.0,Meccanici,H,persons,M,999
134,profession,nonagri,Professioni delle industrie meccaniche,67,2.1.0,Meccanici,H,persons,F,1
135,profession,nonagri,Professioni delle industrie meccaniche,68,2.1.1,Meccanici di precisione ed orologiai,,persons,MF,40
135,profession,nonagri,Professioni delle industrie meccaniche,68,2.1.1,Meccanici di precisione ed orologiai,,persons,M,40
135,profession,nonagri,Professioni delle industrie meccaniche,68,2.1.1,Meccanici di precisione ed orologiai,,persons,F,0
136,profession,nonagri,Professioni delle industrie meccaniche,68,2.1.1,Meccanici di precisione ed orologiai,B,persons,MF,2
136,profession,nonagri,Professioni delle industrie meccaniche,68,2.1.1,Meccanici di precisione ed orologiai,B,persons,M,2
136,profession,nonagri,Professioni delle industrie meccaniche,68,2.1.1,Meccanici di precisione ed orologiai,B,persons,F,0
137,profession,nonagri,Professioni delle industrie meccaniche,68,2.1.1,Meccanici di precisione ed orologiai,C,persons,MF,18
137,profession,nonagri,Professioni delle industrie meccaniche,68,2.1.1,Meccanici di precisione ed orologiai,C,persons,M,18
137,profession,nonagri,Professioni delle industrie meccaniche,68,2.1.1,Meccanici di precisione ed orologiai,C,persons,F,0
138,profession,nonagri,Professioni delle industrie meccaniche,68,2.1.1,Meccanici di precisione ed orologiai,H,persons,MF,20
138,profession,nonagri,Professioni delle industrie meccaniche,68,2.1.1,Meccanici di precisione ed orologiai,H,persons,M,20
138,profession,nonagri,Professioni delle industrie meccaniche,68,2.1.1,Meccanici di precisione ed orologiai,H,persons,F,0
139,profession,nonagri,Professioni delle industrie meccaniche,69,3.4.6,"Utensilisti, trapanisti, sbozzatori",,persons,MF,30
139,profession,nonagri,Professioni delle industrie meccaniche,69,3.4.6,"Utensilisti, trapanisti, sbozzatori",,persons,M,30
139,profession,nonagri,Professioni delle industrie meccaniche,69,3.4.6,"Utensilisti, trapanisti, sbozzatori",,persons,F,0
140,profession,nonagri,Professioni delle industrie meccaniche,69,3.4.6,"Utensilisti, trapanisti, sbozzatori",C,persons,MF,5
140,profession,nonagri,Professioni delle industrie meccaniche,69,3.4.6,"Utensilisti, trapanisti, sbozzatori",C,persons,M,5
140,profession,nonagri,Professioni delle industrie meccaniche,69,3.4.6,"Utensilisti, trapanisti, sbozzatori",C,persons,F,0
141,profession,nonagri,Professioni delle industrie meccaniche,69,3.4.6,"Utensilisti, trapanisti, sbozzatori",H,persons,MF,25
141,profession,nonagri,Professioni delle industrie meccaniche,69,3.4.6,"Utensilisti, trapanisti, sbozzatori",H,persons,M,25
141,profession,nonagri,Professioni delle industrie meccaniche,69,3.4.6,"Utensilisti, trapanisti, sbozzatori",H,persons,F,0
142,profession,nonagri,Professioni delle industrie meccaniche,70,3.5.2,Verniciatori e smaltatori di metalli,,persons,MF,19
142,profession,nonagri,Professioni delle industrie meccaniche,70,3.5.2,Verniciatori e smaltatori di metalli,,persons,M,19
142,profession,nonagri,Professioni delle industrie meccaniche,70,3.5.2,Verniciatori e smaltatori di metalli,,persons,F,0
143,profession,nonagri,Professioni delle industrie meccaniche,70,3.5.2,Verniciatori e smaltatori di metalli,B,persons,MF,2
143,profession,nonagri,Professioni delle industrie meccaniche,70,3.5.2,Verniciatori e smaltatori di metalli,B,persons,M,2
143,profession,nonagri,Professioni delle industrie meccaniche,70,3.5.2,Verniciatori e smaltatori di metalli,B,persons,F,0
144,profession,nonagri,Professioni delle industrie meccaniche,70,3.5.2,Verniciatori e smaltatori di metalli,C,persons,MF,1
144,profession,nonagri,Professioni delle industrie meccaniche,70,3.5.2,Verniciatori e smaltatori di metalli,C,persons,M,1
144,profession,nonagri,Professioni delle industrie meccaniche,70,3.5.2,Verniciatori e smaltatori di metalli,C,persons,F,0
145,profession,nonagri,Professioni delle industrie meccaniche,70,3.5.2,Verniciatori e smaltatori di metalli,H,persons,MF,16
145,profession,nonagri,Professioni delle industrie meccaniche,70,3.5.2,Verniciatori e smaltatori di metalli,H,persons,M,16
145,profession,nonagri,Professioni delle industrie meccaniche,70,3.5.2,Verniciatori e smaltatori di metalli,H,persons,F,0
146,profession,nonagri,Professioni delle industrie elettriche,71,0.4.9,Capi di centrali elettriche e cabinisti,,persons,MF,3
146,profession,nonagri,Professioni delle industrie elettriche,71,0.4.9,Capi di centrali elettriche e cabinisti,,persons,M,3
146,profession,nonagri,Professioni delle industrie elettriche,71,0.4.9,Capi di centrali elettriche e cabinisti,,persons,F,0
147,profession,nonagri,Professioni delle industrie elettriche,71,0.4.9,Capi di centrali elettriche e cabinisti,F,persons,MF,1
147,profession,nonagri,Professioni delle industrie elettriche,71,0.4.9,Capi di centrali elettriche e cabinisti,F,persons,M,1
147,profession,nonagri,Professioni delle industrie elettriche,71,0.4.9,Capi di centrali elettriche e cabinisti,F,persons,F,0
148,profession,nonagri,Professioni delle industrie elettriche,71,0.4.9,Capi di centrali elettriche e cabinisti,H,persons,MF,2
148,profession,nonagri,Professioni delle industrie elettriche,71,0.4.9,Capi di centrali elettriche e cabinisti,H,persons,M,2
148,profession,nonagri,Professioni delle industrie elettriche,71,0.4.9,Capi di centrali elettriche e cabinisti,H,persons,F,0
149,profession,nonagri,Professioni delle industrie elettriche,72,1.1.7,Elettricisti,,persons,MF,138
149,profession,nonagri,Professioni delle industrie elettriche,72,1.1.7,Elettricisti,,persons,M,138
149,profession,nonagri,Professioni delle industrie elettriche,72,1.1.7,Elettricisti,,persons,F,0
150,profession,nonagri,Professioni delle industrie elettriche,72,1.1.7,Elettricisti,B,persons,MF,1
150,profession,nonagri,Professioni delle industrie elettriche,72,1.1.7,Elettricisti,B,persons,M,1
150,profession,nonagri,Professioni delle industrie elettriche,72,1.1.7,Elettricisti,B,persons,F,0
151,profession,nonagri,Professioni delle industrie elettriche,72,1.1.7,Elettricisti,C,persons,MF,5
151,profession,nonagri,Professioni delle industrie elettriche,72,1.1.7,Elettricisti,C,persons,M,5
151,profession,nonagri,Professioni delle industrie elettriche,72,1.1.7,Elettricisti,C,persons,F,0
152,profession,nonagri,Professioni delle industrie elettriche,72,1.1.7,Elettricisti,H,persons,MF,132
152,profession,nonagri,Professioni delle industrie elettriche,72,1.1.7,Elettricisti,H,persons,M,132
152,profession,nonagri,Professioni delle industrie elettriche,72,1.1.7,Elettricisti,H,persons,F,0
153,profession,nonagri,Professioni delle industrie elettriche,73,1.1.8,Elettrotecnici e montatori elettricisti,,persons,MF,74
153,profession,nonagri,Professioni delle industrie elettriche,73,1.1.8,Elettrotecnici e montatori elettricisti,,persons,M,74
153,profession,nonagri,Professioni delle industrie elettriche,73,1.1.8,Elettrotecnici e montatori elettricisti,,persons,F,0
154,profession,nonagri,Professioni delle industrie elettriche,73,1.1.8,Elettrotecnici e montatori elettricisti,C,persons,MF,2
154,profession,nonagri,Professioni delle industrie elettriche,73,1.1.8,Elettrotecnici e montatori elettricisti,C,persons,M,2
154,profession,nonagri,Professioni delle industrie elettriche,73,1.1.8,Elettrotecnici e montatori elettricisti,C,persons,F,0
155,profession,nonagri,Professioni delle industrie elettriche,73,1.1.8,Elettrotecnici e montatori elettricisti,E,persons,MF,2
155,profession,nonagri,Professioni delle industrie elettriche,73,1.1.8,Elettrotecnici e montatori elettricisti,E,persons,M,2
155,profession,nonagri,Professioni delle industrie elettriche,73,1.1.8,Elettrotecnici e montatori elettricisti,E,persons,F,0
156,profession,nonagri,Professioni delle industrie elettriche,73,1.1.8,Elettrotecnici e montatori elettricisti,F,persons,MF,6
156,profession,nonagri,Professioni delle industrie elettriche,73,1.1.8,Elettrotecnici e montatori elettricisti,F,persons,M,6
156,profession,nonagri,Professioni delle industrie elettriche,73,1.1.8,Elettrotecnici e montatori elettricisti,F,persons,F,0
157,profession,nonagri,Professioni delle industrie elettriche,73,1.1.8,Elettrotecnici e montatori elettricisti,H,persons,MF,64
157,profession,nonagri,Professioni delle industrie elettriche,73,1.1.8,Elettrotecnici e montatori elettricisti,H,persons,M,64
157,profession,nonagri,Professioni delle industrie elettriche,73,1.1.8,Elettrotecnici e montatori elettricisti,H,persons,F,0
158,profession,nonagri,Professioni delle industrie elettriche,74,1.4.3,Galvanoplastieri,,persons,MF,6
158,profession,nonagri,Professioni delle industrie elettriche,74,1.4.3,Galvanoplastieri,,persons,M,6
158,profession,nonagri,Professioni delle industrie elettriche,74,1.4.3,Galvanoplastieri,,persons,F,0
159,profession,nonagri,Professioni delle industrie elettriche,74,1.4.3,Galvanoplastieri,C,persons,MF,2
159,profession,nonagri,Professioni delle industrie elettriche,74,1.4.3,Galvanoplastieri,C,persons,M,2
159,profession,nonagri,Professioni delle industrie elettriche,74,1.4.3,Galvanoplastieri,C,persons,F,0
160,profession,nonagri,Professioni delle industrie elettriche,74,1.4.3,Galvanoplastieri,H,persons,MF,4
160,profession,nonagri,Professioni delle industrie elettriche,74,1.4.3,Galvanoplastieri,H,persons,M,4
160,profession,nonagri,Professioni delle industrie elettriche,74,1.4.3,Galvanoplastieri,H,persons,F,0
161,profession,nonagri,Professioni delle industrie elettriche,75,2.8.3,"Radiotecnici, tecnici del suono",,persons,MF,5
161,profession,nonagri,Professioni delle industrie elettriche,75,2.8.3,"Radiotecnici, tecnici del suono",,persons,M,5
161,profession,nonagri,Professioni delle industrie elettriche,75,2.8.3,"Radiotecnici, tecnici del suono",,persons,F,0
162,profession,nonagri,Professioni delle industrie elettriche,75,2.8.3,"Radiotecnici, tecnici del suono",F,persons,MF,2
162,profession,nonagri,Professioni delle industrie elettriche,75,2.8.3,"Radiotecnici, tecnici del suono",F,persons,M,2
162,profession,nonagri,Professioni delle industrie elettriche,75,2.8.3,"Radiotecnici, tecnici del suono",F,persons,F,0
163,profession,nonagri,Professioni delle industrie elettriche,75,2.8.3,"Radiotecnici, tecnici del suono",H,persons,MF,3
163,profession,nonagri,Professioni delle industrie elettriche,75,2.8.3,"Radiotecnici, tecnici del suono",H,persons,M,3
163,profession,nonagri,Professioni delle industrie elettriche,75,2.8.3,"Radiotecnici, tecnici del suono",H,persons,F,0
164,profession,nonagri,Professioni delle industrie chimiche,76,0.7.5,Chimici,,persons,MF,15
164,profession,nonagri,Professioni delle industrie chimiche,76,0.7.5,Chimici,,persons,M,14
164,profession,nonagri,Professioni delle industrie chimiche,76,0.7.5,Chimici,,persons,F,1
165,profession,nonagri,Professioni delle industrie chimiche,76,0.7.5,Chimici,D,persons,MF,2
165,profession,nonagri,Professioni delle industrie chimiche,76,0.7.5,Chimici,D,persons,M,1
165,profession,nonagri,Professioni delle industrie chimiche,76,0.7.5,Chimici,D,persons,F,1
166,profession,nonagri,Professioni delle industrie chimiche,76,0.7.5,Chimici,F,persons,MF,13
166,profession,nonagri,Professioni delle industrie chimiche,76,0.7.5,Chimici,F,persons,M,13
166,profession,nonagri,Professioni delle industrie chimiche,76,0.7.5,Chimici,F,persons,F,0
167,profession,nonagri,Professioni delle industrie chimiche,77,0.8.4,Condizionatori e confezionatori del tabacco,,persons,MF,159
167,profession,nonagri,Professioni delle industrie chimiche,77,0.8.4,Condizionatori e confezionatori del tabacco,,persons,M,2
167,profession,nonagri,Professioni delle industrie chimiche,77,0.8.4,Condizionatori e confezionatori del tabacco,,persons,F,157
168,profession,nonagri,Professioni delle industrie chimiche,77,0.8.4,Condizionatori e confezionatori del tabacco,H,persons,MF,159
168,profession,nonagri,Professioni delle industrie chimiche,77,0.8.4,Condizionatori e confezionatori del tabacco,H,persons,M,2
168,profession,nonagri,Professioni delle industrie chimiche,77,0.8.4,Condizionatori e confezionatori del tabacco,H,persons,F,157
169,profession,nonagri,Professioni delle industrie chimiche,78,1.1.0,"Distillatori, filtratori",,persons,MF,2
169,profession,nonagri,Professioni delle industrie chimiche,78,1.1.0,"Distillatori, filtratori",,persons,M,2
169,profession,nonagri,Professioni delle industrie chimiche,78,1.1.0,"Distillatori, filtratori",,persons,F,0
170,profession,nonagri,Professioni delle industrie chimiche,78,1.1.0,"Distillatori, filtratori",H,persons,MF,2
170,profession,nonagri,Professioni delle industrie chimiche,78,1.1.0,"Distillatori, filtratori",H,persons,M,2
170,profession,nonagri,Professioni delle industrie chimiche,78,1.1.0,"Distillatori, filtratori",H,persons,F,0
171,profession,nonagri,Professioni delle industrie chimiche,79,1.2.5,Farmacisti,,persons,MF,10
171,profession,nonagri,Professioni delle industrie chimiche,79,1.2.5,Farmacisti,,persons,M,10
171,profession,nonagri,Professioni delle industrie chimiche,79,1.2.5,Farmacisti,,persons,F,0
172,profession,nonagri,Professioni delle industrie chimiche,79,1.2.5,Farmacisti,F,persons,MF,10
172,profession,nonagri,Professioni delle industrie chimiche,79,1.2.5,Farmacisti,F,persons,M,10
172,profession,nonagri,Professioni delle industrie chimiche,79,1.2.5,Farmacisti,F,persons,F,0
173,profession,nonagri,Professioni delle industrie chimiche,80,2.7.5,"Preparatori, centrifugatori",,persons,MF,1
173,profession,nonagri,Professioni delle industrie chimiche,80,2.7.5,"Preparatori, centrifugatori",,persons,M,0
173,profession,nonagri,Professioni delle industrie chimiche,80,2.7.5,"Preparatori, centrifugatori",,persons,F,1
174,profession,nonagri,Professioni delle industrie chimiche,80,2.7.5,"Preparatori, centrifugatori",H,persons,MF,1
174,profession,nonagri,Professioni delle industrie chimiche,80,2.7.5,"Preparatori, centrifugatori",H,persons,M,0
174,profession,nonagri,Professioni delle industrie chimiche,80,2.7.5,"Preparatori, centrifugatori",H,persons,F,1
175,profession,nonagri,Professioni delle industrie chimiche,81,2.9.7,Saponieri e candelai,,persons,MF,11
175,profession,nonagri,Professioni delle industrie chimiche,81,2.9.7,Saponieri e candelai,,persons,M,1
175,profession,nonagri,Professioni delle industrie chimiche,81,2.9.7,Saponieri e candelai,,persons,F,10
176,profession,nonagri,Professioni delle industrie chimiche,81,2.9.7,Saponieri e candelai,H,persons,MF,11
176,profession,nonagri,Professioni delle industrie chimiche,81,2.9.7,Saponieri e candelai,H,persons,M,1
176,profession,nonagri,Professioni delle industrie chimiche,81,2.9.7,Saponieri e candelai,H,persons,F,10
177,profession,nonagri,Professioni delle industrie chimiche,82,3.5.9,Vulcanizzatori e altri lavoranti della gomma,,persons,MF,5
177,profession,nonagri,Professioni delle industrie chimiche,82,3.5.9,Vulcanizzatori e altri lavoranti della gomma,,persons,M,5
177,profession,nonagri,Professioni delle industrie chimiche,82,3.5.9,Vulcanizzatori e altri lavoranti della gomma,,persons,F,0
178,profession,nonagri,Professioni delle industrie chimiche,82,3.5.9,Vulcanizzatori e altri lavoranti della gomma,H,persons,MF,5
178,profession,nonagri,Professioni delle industrie chimiche,82,3.5.9,Vulcanizzatori e altri lavoranti della gomma,H,persons,M,5
178,profession,nonagri,Professioni delle industrie chimiche,82,3.5.9,Vulcanizzatori e altri lavoranti della gomma,H,persons,F,0
179,profession,nonagri,Professioni delle industrie del legno e delle materie affini,83,0.3.9,"Bottai, barilai",,persons,MF,6
179,profession,nonagri,Professioni delle industrie del legno e delle materie affini,83,0.3.9,"Bottai, barilai",,persons,M,6
179,profession,nonagri,Professioni delle industrie del legno e delle materie affini,83,0.3.9,"Bottai, barilai",,persons,F,0
180,profession,nonagri,Professioni delle industrie del legno e delle materie affini,83,0.3.9,"Bottai, barilai",H,persons,MF,6
180,profession,nonagri,Professioni delle industrie del legno e delle materie affini,83,0.3.9,"Bottai, barilai",H,persons,M,6
180,profession,nonagri,Professioni delle industrie del legno e delle materie affini,83,0.3.9,"Bottai, barilai",H,persons,F,0
181,profession,nonagri,Professioni delle industrie del legno e delle materie affini,84,0.6.0,Carpentieri,,persons,MF,174
181,profession,nonagri,Professioni delle industrie del legno e delle materie affini,84,0.6.0,Carpentieri,,persons,M,174
181,profession,nonagri,Professioni delle industrie del legno e delle materie affini,84,0.6.0,Carpentieri,,persons,F,0
182,profession,nonagri,Professioni delle industrie del legno e delle materie affini,84,0.6.0,Carpentieri,B,persons,MF,2
182,profession,nonagri,Professioni delle industrie del legno e delle materie affini,84,0.6.0,Carpentieri,B,persons,M,2
182,profession,nonagri,Professioni delle industrie del legno e delle materie affini,84,0.6.0,Carpentieri,B,persons,F,0
183,profession,nonagri,Professioni delle industrie del legno e delle materie affini,84,0.6.0,Carpentieri,C,persons,MF,6
183,profession,nonagri,Professioni delle industrie del legno e delle materie affini,84,0.6.0,Carpentieri,C,persons,M,6
183,profession,nonagri,Professioni delle industrie del legno e delle materie affini,84,0.6.0,Carpentieri,C,persons,F,0
184,profession,nonagri,Professioni delle industrie del legno e delle materie affini,84,0.6.0,Carpentieri,H,persons,MF,166
184,profession,nonagri,Professioni delle industrie del legno e delle materie affini,84,0.6.0,Carpentieri,H,persons,M,166
184,profession,nonagri,Professioni delle industrie del legno e delle materie affini,84,0.6.0,Carpentieri,H,persons,F,0
185,profession,nonagri,Professioni delle industrie del legno e delle materie affini,85,0.6.1,Carpentieri navali,,persons,MF,29
185,profession,nonagri,Professioni delle industrie del legno e delle materie affini,85,0.6.1,Carpentieri navali,,persons,M,29
185,profession,nonagri,Professioni delle industrie del legno e delle materie affini,85,0.6.1,Carpentieri navali,,persons,F,0
186,profession,nonagri,Professioni delle industrie del legno e delle materie affini,85,0.6.1,Carpentieri navali,C,persons,MF,1
186,profession,nonagri,Professioni delle industrie del legno e delle materie affini,85,0.6.1,Carpentieri navali,C,persons,M,1
186,profession,nonagri,Professioni delle industrie del legno e delle materie affini,85,0.6.1,Carpentieri navali,C,persons,F,0
187,profession,nonagri,Professioni delle industrie del legno e delle materie affini,85,0.6.1,Carpentieri navali,H,persons,MF,28
187,profession,nonagri,Professioni delle industrie del legno e delle materie affini,85,0.6.1,Carpentieri navali,H,persons,M,28
187,profession,nonagri,Professioni delle industrie del legno e delle materie affini,85,0.6.1,Carpentieri navali,H,persons,F,0
188,profession,nonagri,Professioni delle industrie del legno e delle materie affini,86,0.6.2,Carradori,,persons,MF,48
188,profession,nonagri,Professioni delle industrie del legno e delle materie affini,86,0.6.2,Carradori,,persons,M,48
188,profession,nonagri,Professioni delle industrie del legno e delle materie affini,86,0.6.2,Carradori,,persons,F,0
189,profession,nonagri,Professioni delle industrie del legno e delle materie affini,86,0.6.2,Carradori,B,persons,MF,2
189,profession,nonagri,Professioni delle industrie del legno e delle materie affini,86,0.6.2,Carradori,B,persons,M,2
189,profession,nonagri,Professioni delle industrie del legno e delle materie affini,86,0.6.2,Carradori,B,persons,F,0
190,profession,nonagri,Professioni delle industrie del legno e delle materie affini,86,0.6.2,Carradori,C,persons,MF,18
190,profession,nonagri,Professioni delle industrie del legno e delle materie affini,86,0.6.2,Carradori,C,persons,M,18
190,profession,nonagri,Professioni delle industrie del legno e delle materie affini,86,0.6.2,Carradori,C,persons,F,0
191,profession,nonagri,Professioni delle industrie del legno e delle materie affini,86,0.6.2,Carradori,H,persons,MF,28
191,profession,nonagri,Professioni delle industrie del legno e delle materie affini,86,0.6.2,Carradori,H,persons,M,28
191,profession,nonagri,Professioni delle industrie del legno e delle materie affini,86,0.6.2,Carradori,H,persons,F,0
192,profession,nonagri,Professioni delle industrie del legno e delle materie affini,87,1.2.3,Falegnami ed ebanisti,,persons,MF,621
192,profession,nonagri,Professioni delle industrie del legno e delle materie affini,87,1.2.3,Falegnami ed ebanisti,,persons,M,621
192,profession,nonagri,Professioni delle industrie del legno e delle materie affini,87,1.2.3,Falegnami ed ebanisti,,persons,F,0
193,profession,nonagri,Professioni delle industrie del legno e delle materie affini,87,1.2.3,Falegnami ed ebanisti,B,persons,MF,34
193,profession,nonagri,Professioni delle industrie del legno e delle materie affini,87,1.2.3,Falegnami ed ebanisti,B,persons,M,34
193,profession,nonagri,Professioni delle industrie del legno e delle materie affini,87,1.2.3,Falegnami ed ebanisti,B,persons,F,0
194,profession,nonagri,Professioni delle industrie del legno e delle materie affini,87,1.2.3,Falegnami ed ebanisti,C,persons,MF,113
194,profession,nonagri,Professioni delle industrie del legno e delle materie affini,87,1.2.3,Falegnami ed ebanisti,C,persons,M,113
194,profession,nonagri,Professioni delle industrie del legno e delle materie affini,87,1.2.3,Falegnami ed ebanisti,C,persons,F,0
195,profession,nonagri,Professioni delle industrie del legno e delle materie affini,87,1.2.3,Falegnami ed ebanisti,H,persons,MF,474
195,profession,nonagri,Professioni delle industrie del legno e delle materie affini,87,1.2.3,Falegnami ed ebanisti,H,persons,M,474
195,profession,nonagri,Professioni delle industrie del legno e delle materie affini,87,1.2.3,Falegnami ed ebanisti,H,persons,F,0
196,profession,nonagri,Professioni delle industrie del legno e delle materie affini,88,1.8.0,"Intagliatori, incisori, intarsiatori in legno",,persons,MF,5
196,profession,nonagri,Professioni delle industrie del legno e delle materie affini,88,1.8.0,"Intagliatori, incisori, intarsiatori in legno",,persons,M,5
196,profession,nonagri,Professioni delle industrie del legno e delle materie affini,88,1.8.0,"Intagliatori, incisori, intarsiatori in legno",,persons,F,0
197,profession,nonagri,Professioni delle industrie del legno e delle materie affini,88,1.8.0,"Intagliatori, incisori, intarsiatori in legno",B,persons,MF,1
197,profession,nonagri,Professioni delle industrie del legno e delle materie affini,88,1.8.0,"Intagliatori, incisori, intarsiatori in legno",B,persons,M,1
197,profession,nonagri,Professioni delle industrie del legno e delle materie affini,88,1.8.0,"Intagliatori, incisori, intarsiatori in legno",B,persons,F,0
198,profession,nonagri,Professioni delle industrie del legno e delle materie affini,88,1.8.0,"Intagliatori, incisori, intarsiatori in legno",C,persons,MF,2
198,profession,nonagri,Professioni delle industrie del legno e delle materie affini,88,1.8.0,"Intagliatori, incisori, intarsiatori in legno",C,persons,M,2
198,profession,nonagri,Professioni delle industrie del legno e delle materie affini,88,1.8.0,"Intagliatori, incisori, intarsiatori in legno",C,persons,F,0
199,profession,nonagri,Professioni delle industrie del legno e delle materie affini,88,1.8.0,"Intagliatori, incisori, intarsiatori in legno",H,persons,MF,2
199,profession,nonagri,Professioni delle industrie del legno e delle materie affini,88,1.8.0,"Intagliatori, incisori, intarsiatori in legno",H,persons,M,2
199,profession,nonagri,Professioni delle industrie del legno e delle materie affini,88,1.8.0,"Intagliatori, incisori, intarsiatori in legno",H,persons,F,0
200,profession,nonagri,Professioni delle industrie del legno e delle materie affini,89,1.9.4,Liutai,,persons,MF,2
200,profession,nonagri,Professioni delle industrie del legno e delle materie affini,89,1.9.4,Liutai,,persons,M,2
200,profession,nonagri,Professioni delle industrie del legno e delle materie affini,89,1.9.4,Liutai,,persons,F,0
201,profession,nonagri,Professioni delle industrie del legno e delle materie affini,89,1.9.4,Liutai,C,persons,MF,1
201,profession,nonagri,Professioni delle industrie del legno e delle materie affini,89,1.9.4,Liutai,C,persons,M,1
201,profession,nonagri,Professioni delle industrie del legno e delle materie affini,89,1.9.4,Liutai,C,persons,F,0
202,profession,nonagri,Professioni delle industrie del legno e delle materie affini,89,1.9.4,Liutai,H,persons,MF,1
202,profession,nonagri,Professioni delle industrie del legno e delle materie affini,89,1.9.4,Liutai,H,persons,M,1
202,profession,nonagri,Professioni delle industrie del legno e delle materie affini,89,1.9.4,Liutai,H,persons,F,0
203,profession,nonagri,Professioni delle industrie del legno e delle materie affini,90,2.1.8,"Mobilieri in canne, giunchi, vimini",,persons,MF,1
203,profession,nonagri,Professioni delle industrie del legno e delle materie affini,90,2.1.8,"Mobilieri in canne, giunchi, vimini",,persons,M,1
203,profession,nonagri,Professioni delle industrie del legno e delle materie affini,90,2.1.8,"Mobilieri in canne, giunchi, vimini",,persons,F,0
204,profession,nonagri,Professioni delle industrie del legno e delle materie affini,90,2.1.8,"Mobilieri in canne, giunchi, vimini",C,persons,MF,1
204,profession,nonagri,Professioni delle industrie del legno e delle materie affini,90,2.1.8,"Mobilieri in canne, giunchi, vimini",C,persons,M,1
204,profession,nonagri,Professioni delle industrie del legno e delle materie affini,90,2.1.8,"Mobilieri in canne, giunchi, vimini",C,persons,F,0
205,profession,nonagri,Professioni delle industrie del legno e delle materie affini,91,2.1.9,Mobilieri in legno,,persons,MF,165
205,profession,nonagri,Professioni delle industrie del legno e delle materie affini,91,2.1.9,Mobilieri in legno,,persons,M,165
205,profession,nonagri,Professioni delle industrie del legno e delle materie affini,91,2.1.9,Mobilieri in legno,,persons,F,0
206,profession,nonagri,Professioni delle industrie del legno e delle materie affini,91,2.1.9,Mobilieri in legno,B,persons,MF,16
206,profession,nonagri,Professioni delle industrie del legno e delle materie affini,91,2.1.9,Mobilieri in legno,B,persons,M,16
206,profession,nonagri,Professioni delle industrie del legno e delle materie affini,91,2.1.9,Mobilieri in legno,B,persons,F,0
207,profession,nonagri,Professioni delle industrie del legno e delle materie affini,91,2.1.9,Mobilieri in legno,C,persons,MF,11
207,profession,nonagri,Professioni delle industrie del legno e delle materie affini,91,2.1.9,Mobilieri in legno,C,persons,M,11
207,profession,nonagri,Professioni delle industrie del legno e delle materie affini,91,2.1.9,Mobilieri in legno,C,persons,F,0
208,profession,nonagri,Professioni delle industrie del legno e delle materie affini,91,2.1.9,Mobilieri in legno,H,persons,MF,138
208,profession,nonagri,Professioni delle industrie del legno e delle materie affini,91,2.1.9,Mobilieri in legno,H,persons,M,138
208,profession,nonagri,Professioni delle industrie del legno e delle materie affini,91,2.1.9,Mobilieri in legno,H,persons,F,0
209,profession,nonagri,Professioni delle industrie del legno e delle materie affini,92,3.0.2,Sediai,,persons,MF,9
209,profession,nonagri,Professioni delle industrie del legno e delle materie affini,92,3.0.2,Sediai,,persons,M,9
209,profession,nonagri,Professioni delle industrie del legno e delle materie affini,92,3.0.2,Sediai,,persons,F,0
210,profession,nonagri,Professioni delle industrie del legno e delle materie affini,92,3.0.2,Sediai,B,persons,MF,3
210,profession,nonagri,Professioni delle industrie del legno e delle materie affini,92,3.0.2,Sediai,B,persons,M,3
210,profession,nonagri,Professioni delle industrie del legno e delle materie affini,92,3.0.2,Sediai,B,persons,F,0
211,profession,nonagri,Professioni delle industrie del legno e delle materie affini,92,3.0.2,Sediai,C,persons,MF,4
211,profession,nonagri,Professioni delle industrie del legno e delle materie affini,92,3.0.2,Sediai,C,persons,M,4
211,profession,nonagri,Professioni delle industrie del legno e delle materie affini,92,3.0.2,Sediai,C,persons,F,0
212,profession,nonagri,Professioni delle industrie del legno e delle materie affini,92,3.0.2,Sediai,H,persons,MF,2
212,profession,nonagri,Professioni delle industrie del legno e delle materie affini,92,3.0.2,Sediai,H,persons,M,2
212,profession,nonagri,Professioni delle industrie del legno e delle materie affini,92,3.0.2,Sediai,H,persons,F,0
213,profession,nonagri,Professioni delle industrie del legno e delle materie affini,93,3.0.3,Segatori e piallatori a macchina del legname,,persons,MF,6
213,profession,nonagri,Professioni delle industrie del legno e delle materie affini,93,3.0.3,Segatori e piallatori a macchina del legname,,persons,M,6
213,profession,nonagri,Professioni delle industrie del legno e delle materie affini,93,3.0.3,Segatori e piallatori a macchina del legname,,persons,F,0
214,profession,nonagri,Professioni delle industrie del legno e delle materie affini,93,3.0.3,Segatori e piallatori a macchina del legname,C,persons,MF,1
214,profession,nonagri,Professioni delle industrie del legno e delle materie affini,93,3.0.3,Segatori e piallatori a macchina del legname,C,persons,M,1
214,profession,nonagri,Professioni delle industrie del legno e delle materie affini,93,3.0.3,Segatori e piallatori a macchina del legname,C,persons,F,0
215,profession,nonagri,Professioni delle industrie del legno e delle materie affini,93,3.0.3,Segatori e piallatori a macchina del legname,H,persons,MF,5
215,profession,nonagri,Professioni delle industrie del legno e delle materie affini,93,3.0.3,Segatori e piallatori a macchina del legname,H,persons,M,5
215,profession,nonagri,Professioni delle industrie del legno e delle materie affini,93,3.0.3,Segatori e piallatori a macchina del legname,H,persons,F,0
216,profession,nonagri,Professioni delle industrie del legno e delle materie affini,94,3.2.5,Sugherai,,persons,MF,3
216,profession,nonagri,Professioni delle industrie del legno e delle materie affini,94,3.2.5,Sugherai,,persons,M,3
216,profession,nonagri,Professioni delle industrie del legno e delle materie affini,94,3.2.5,Sugherai,,persons,F,0
217,profession,nonagri,Professioni delle industrie del legno e delle materie affini,94,3.2.5,Sugherai,B,persons,MF,3
217,profession,nonagri,Professioni delle industrie del legno e delle materie affini,94,3.2.5,Sugherai,B,persons,M,3
217,profession,nonagri,Professioni delle industrie del legno e delle materie affini,94,3.2.5,Sugherai,B,persons,F,0
218,profession,nonagri,Professioni delle industrie del legno e delle materie affini,95,3.3.8,Tornitori in legno,,persons,MF,8
218,profession,nonagri,Professioni delle industrie del legno e delle materie affini,95,3.3.8,Tornitori in legno,,persons,M,8
218,profession,nonagri,Professioni delle industrie del legno e delle materie affini,95,3.3.8,Tornitori in legno,,persons,F,0
219,profession,nonagri,Professioni delle industrie del legno e delle materie affini,95,3.3.8,Tornitori in legno,C,persons,MF,4
219,profession,nonagri,Professioni delle industrie del legno e delle materie affini,95,3.3.8,Tornitori in legno,C,persons,M,4
219,profession,nonagri,Professioni delle industrie del legno e delle materie affini,95,3.3.8,Tornitori in legno,C,persons,F,0
220,profession,nonagri,Professioni delle industrie del legno e delle materie affini,95,3.3.8,Tornitori in legno,H,persons,MF,4
220,profession,nonagri,Professioni delle industrie del legno e delle materie affini,95,3.3.8,Tornitori in legno,H,persons,M,4
220,profession,nonagri,Professioni delle industrie del legno e delle materie affini,95,3.3.8,Tornitori in legno,H,persons,F,0
221,profession,nonagri,Professioni delle industrie tessili,96,3.1.3,"Spolatori, orditori",,persons,MF,1
221,profession,nonagri,Professioni delle industrie tessili,96,3.1.3,"Spolatori, orditori",,persons,M,1
221,profession,nonagri,Professioni delle industrie tessili,96,3.1.3,"Spolatori, orditori",,persons,F,0
222,profession,nonagri,Professioni delle industrie tessili,96,3.1.3,"Spolatori, orditori",H,persons,MF,1
222,profession,nonagri,Professioni delle industrie tessili,96,3.1.3,"Spolatori, orditori",H,persons,M,1
222,profession,nonagri,Professioni delle industrie tessili,96,3.1.3,"Spolatori, orditori",H,persons,F,0
223,profession,nonagri,Professioni delle industrie tessili,97,3.3.2,Tessitori,,persons,MF,42
223,profession,nonagri,Professioni delle industrie tessili,97,3.3.2,Tessitori,,persons,M,5
223,profession,nonagri,Professioni delle industrie tessili,97,3.3.2,Tessitori,,persons,F,37
224,profession,nonagri,Professioni delle industrie tessili,97,3.3.2,Tessitori,C,persons,MF,6
224,profession,nonagri,Professioni delle industrie tessili,97,3.3.2,Tessitori,C,persons,M,2
224,profession,nonagri,Professioni delle industrie tessili,97,3.3.2,Tessitori,C,persons,F,4
225,profession,nonagri,Professioni delle industrie tessili,97,3.3.2,Tessitori,H,persons,MF,36
225,profession,nonagri,Professioni delle industrie tessili,97,3.3.2,Tessitori,H,persons,M,3
225,profession,nonagri,Professioni delle industrie tessili,97,3.3.2,Tessitori,H,persons,F,33
226,profession,nonagri,"Professioni delle industrie della tintoria, candeggio, smacchiatoria, lavanderia",98,1.8.7,"Lavandai, bucatai",,persons,MF,46
226,profession,nonagri,"Professioni delle industrie della tintoria, candeggio, smacchiatoria, lavanderia",98,1.8.7,"Lavandai, bucatai",,persons,M,7
226,profession,nonagri,"Professioni delle industrie della tintoria, candeggio, smacchiatoria, lavanderia",98,1.8.7,"Lavandai, bucatai",,persons,F,39
227,profession,nonagri,"Professioni delle industrie della tintoria, candeggio, smacchiatoria, lavanderia",98,1.8.7,"Lavandai, bucatai",B,persons,MF,11
227,profession,nonagri,"Professioni delle industrie della tintoria, candeggio, smacchiatoria, lavanderia",98,1.8.7,"Lavandai, bucatai",B,persons,M,5
227,profession,nonagri,"Professioni delle industrie della tintoria, candeggio, smacchiatoria, lavanderia",98,1.8.7,"Lavandai, bucatai",B,persons,F,6
228,profession,nonagri,"Professioni delle industrie della tintoria, candeggio, smacchiatoria, lavanderia",98,1.8.7,"Lavandai, bucatai",C,persons,MF,23
228,profession,nonagri,"Professioni delle industrie della tintoria, candeggio, smacchiatoria, lavanderia",98,1.8.7,"Lavandai, bucatai",C,persons,M,1
228,profession,nonagri,"Professioni delle industrie della tintoria, candeggio, smacchiatoria, lavanderia",98,1.8.7,"Lavandai, bucatai",C,persons,F,22
229,profession,nonagri,"Professioni delle industrie della tintoria, candeggio, smacchiatoria, lavanderia",98,1.8.7,"Lavandai, bucatai",H,persons,MF,11
229,profession,nonagri,"Professioni delle industrie della tintoria, candeggio, smacchiatoria, lavanderia",98,1.8.7,"Lavandai, bucatai",H,persons,M,1
229,profession,nonagri,"Professioni delle industrie della tintoria, candeggio, smacchiatoria, lavanderia",98,1.8.7,"Lavandai, bucatai",H,persons,F,10
230,profession,nonagri,"Professioni delle industrie della tintoria, candeggio, smacchiatoria, lavanderia",98,1.8.7,"Lavandai, bucatai",I,persons,MF,1
230,profession,nonagri,"Professioni delle industrie della tintoria, candeggio, smacchiatoria, lavanderia",98,1.8.7,"Lavandai, bucatai",I,persons,M,0
230,profession,nonagri,"Professioni delle industrie della tintoria, candeggio, smacchiatoria, lavanderia",98,1.8.7,"Lavandai, bucatai",I,persons,F,1
231,profession,nonagri,"Professioni delle industrie della tintoria, candeggio, smacchiatoria, lavanderia",99,3.2.0,Stiratrici,,persons,MF,43
231,profession,nonagri,"Professioni delle industrie della tintoria, candeggio, smacchiatoria, lavanderia",99,3.2.0,Stiratrici,,persons,M,2
231,profession,nonagri,"Professioni delle industrie della tintoria, candeggio, smacchiatoria, lavanderia",99,3.2.0,Stiratrici,,persons,F,41
232,profession,nonagri,"Professioni delle industrie della tintoria, candeggio, smacchiatoria, lavanderia",99,3.2.0,Stiratrici,B,persons,MF,2
232,profession,nonagri,"Professioni delle industrie della tintoria, candeggio, smacchiatoria, lavanderia",99,3.2.0,Stiratrici,B,persons,M,0
232,profession,nonagri,"Professioni delle industrie della tintoria, candeggio, smacchiatoria, lavanderia",99,3.2.0,Stiratrici,B,persons,F,2
233,profession,nonagri,"Professioni delle industrie della tintoria, candeggio, smacchiatoria, lavanderia",99,3.2.0,Stiratrici,C,persons,MF,14
233,profession,nonagri,"Professioni delle industrie della tintoria, candeggio, smacchiatoria, lavanderia",99,3.2.0,Stiratrici,C,persons,M,1
233,profession,nonagri,"Professioni delle industrie della tintoria, candeggio, smacchiatoria, lavanderia",99,3.2.0,Stiratrici,C,persons,F,13
234,profession,nonagri,"Professioni delle industrie della tintoria, candeggio, smacchiatoria, lavanderia",99,3.2.0,Stiratrici,H,persons,MF,25
234,profession,nonagri,"Professioni delle industrie della tintoria, candeggio, smacchiatoria, lavanderia",99,3.2.0,Stiratrici,H,persons,M,1
234,profession,nonagri,"Professioni delle industrie della tintoria, candeggio, smacchiatoria, lavanderia",99,3.2.0,Stiratrici,H,persons,F,24
235,profession,nonagri,"Professioni delle industrie della tintoria, candeggio, smacchiatoria, lavanderia",99,3.2.0,Stiratrici,I,persons,MF,2
235,profession,nonagri,"Professioni delle industrie della tintoria, candeggio, smacchiatoria, lavanderia",99,3.2.0,Stiratrici,I,persons,M,0
235,profession,nonagri,"Professioni delle industrie della tintoria, candeggio, smacchiatoria, lavanderia",99,3.2.0,Stiratrici,I,persons,F,2
236,profession,nonagri,"Professioni delle industrie della tintoria, candeggio, smacchiatoria, lavanderia",100,3.3.3,"Tintori di abiti, smacchiatori",,persons,MF,3
236,profession,nonagri,"Professioni delle industrie della tintoria, candeggio, smacchiatoria, lavanderia",100,3.3.3,"Tintori di abiti, smacchiatori",,persons,M,2
236,profession,nonagri,"Professioni delle industrie della tintoria, candeggio, smacchiatoria, lavanderia",100,3.3.3,"Tintori di abiti, smacchiatori",,persons,F,1
237,profession,nonagri,"Professioni delle industrie della tintoria, candeggio, smacchiatoria, lavanderia",100,3.3.3,"Tintori di abiti, smacchiatori",H,persons,MF,3
237,profession,nonagri,"Professioni delle industrie della tintoria, candeggio, smacchiatoria, lavanderia",100,3.3.3,"Tintori di abiti, smacchiatori",H,persons,M,2
237,profession,nonagri,"Professioni delle industrie della tintoria, candeggio, smacchiatoria, lavanderia",100,3.3.3,"Tintori di abiti, smacchiatori",H,persons,F,1
238,profession,nonagri,"Professioni delle industrie della tintoria, candeggio, smacchiatoria, lavanderia",101,3.5.1,"Verniciatori e doratori di legno, paglia e affini",,persons,MF,12
238,profession,nonagri,"Professioni delle industrie della tintoria, candeggio, smacchiatoria, lavanderia",101,3.5.1,"Verniciatori e doratori di legno, paglia e affini",,persons,M,12
238,profession,nonagri,"Professioni delle industrie della tintoria, candeggio, smacchiatoria, lavanderia",101,3.5.1,"Verniciatori e doratori di legno, paglia e affini",,persons,F,0
239,profession,nonagri,"Professioni delle industrie della tintoria, candeggio, smacchiatoria, lavanderia",101,3.5.1,"Verniciatori e doratori di legno, paglia e affini",C,persons,MF,3
239,profession,nonagri,"Professioni delle industrie della tintoria, candeggio, smacchiatoria, lavanderia",101,3.5.1,"Verniciatori e doratori di legno, paglia e affini",C,persons,M,3
239,profession,nonagri,"Professioni delle industrie della tintoria, candeggio, smacchiatoria, lavanderia",101,3.5.1,"Verniciatori e doratori di legno, paglia e affini",C,persons,F,0
240,profession,nonagri,"Professioni delle industrie della tintoria, candeggio, smacchiatoria, lavanderia",101,3.5.1,"Verniciatori e doratori di legno, paglia e affini",H,persons,MF,9
240,profession,nonagri,"Professioni delle industrie della tintoria, candeggio, smacchiatoria, lavanderia",101,3.5.1,"Verniciatori e doratori di legno, paglia e affini",H,persons,M,9
240,profession,nonagri,"Professioni delle industrie della tintoria, candeggio, smacchiatoria, lavanderia",101,3.5.1,"Verniciatori e doratori di legno, paglia e affini",H,persons,F,0
241,profession,nonagri,"Professioni dell'industria del vestiario, abbigliamento e arredamento",102,0.5.6,Cappellai e berrettai,,persons,MF,7
241,profession,nonagri,"Professioni dell'industria del vestiario, abbigliamento e arredamento",102,0.5.6,Cappellai e berrettai,,persons,M,5
241,profession,nonagri,"Professioni dell'industria del vestiario, abbigliamento e arredamento",102,0.5.6,Cappellai e berrettai,,persons,F,2
242,profession,nonagri,"Professioni dell'industria del vestiario, abbigliamento e arredamento",102,0.5.6,Cappellai e berrettai,B,persons,MF,4
242,profession,nonagri,"Professioni dell'industria del vestiario, abbigliamento e arredamento",102,0.5.6,Cappellai e berrettai,B,persons,M,3
242,profession,nonagri,"Professioni dell'industria del vestiario, abbigliamento e arredamento",102,0.5.6,Cappellai e berrettai,B,persons,F,1
243,profession,nonagri,"Professioni dell'industria del vestiario, abbigliamento e arredamento",102,0.5.6,Cappellai e berrettai,C,persons,MF,2
243,profession,nonagri,"Professioni dell'industria del vestiario, abbigliamento e arredamento",102,0.5.6,Cappellai e berrettai,C,persons,M,1
243,profession,nonagri,"Professioni dell'industria del vestiario, abbigliamento e arredamento",102,0.5.6,Cappellai e berrettai,C,persons,F,1
244,profession,nonagri,"Professioni dell'industria del vestiario, abbigliamento e arredamento",102,0.5.6,Cappellai e berrettai,H,persons,MF,1
244,profession,nonagri,"Professioni dell'industria del vestiario, abbigliamento e arredamento",102,0.5.6,Cappellai e berrettai,H,persons,M,1
244,profession,nonagri,"Professioni dell'industria del vestiario, abbigliamento e arredamento",102,0.5.6,Cappellai e berrettai,H,persons,F,0
245,profession,nonagri,"Professioni dell'industria del vestiario, abbigliamento e arredamento",103,0.9.2,Cucitrici in bianco,,persons,MF,18
245,profession,nonagri,"Professioni dell'industria del vestiario, abbigliamento e arredamento",103,0.9.2,Cucitrici in bianco,,persons,M,0
245,profession,nonagri,"Professioni dell'industria del vestiario, abbigliamento e arredamento",103,0.9.2,Cucitrici in bianco,,persons,F,18
246,profession,nonagri,"Professioni dell'industria del vestiario, abbigliamento e arredamento",103,0.9.2,Cucitrici in bianco,C,persons,MF,1
246,profession,nonagri,"Professioni dell'industria del vestiario, abbigliamento e arredamento",103,0.9.2,Cucitrici in bianco,C,persons,M,0
246,profession,nonagri,"Professioni dell'industria del vestiario, abbigliamento e arredamento",103,0.9.2,Cucitrici in bianco,C,persons,F,1
247,profession,nonagri,"Professioni dell'industria del vestiario, abbigliamento e arredamento",103,0.9.2,Cucitrici in bianco,H,persons,MF,13
247,profession,nonagri,"Professioni dell'industria del vestiario, abbigliamento e arredamento",103,0.9.2,Cucitrici in bianco,H,persons,M,0
247,profession,nonagri,"Professioni dell'industria del vestiario, abbigliamento e arredamento",103,0.9.2,Cucitrici in bianco,H,persons,F,13
248,profession,nonagri,"Professioni dell'industria del vestiario, abbigliamento e arredamento",103,0.9.2,Cucitrici in bianco,I,persons,MF,4
248,profession,nonagri,"Professioni dell'industria del vestiario, abbigliamento e arredamento",103,0.9.2,Cucitrici in bianco,I,persons,M,0
248,profession,nonagri,"Professioni dell'industria del vestiario, abbigliamento e arredamento",103,0.9.2,Cucitrici in bianco,I,persons,F,4
249,profession,nonagri,"Professioni dell'industria del vestiario, abbigliamento e arredamento",104,2.0.4,"Magliai, calzettai, guantai",,persons,MF,15
249,profession,nonagri,"Professioni dell'industria del vestiario, abbigliamento e arredamento",104,2.0.4,"Magliai, calzettai, guantai",,persons,M,0
249,profession,nonagri,"Professioni dell'industria del vestiario, abbigliamento e arredamento",104,2.0.4,"Magliai, calzettai, guantai",,persons,F,15
250,profession,nonagri,"Professioni dell'industria del vestiario, abbigliamento e arredamento",104,2.0.4,"Magliai, calzettai, guantai",B,persons,MF,1
250,profession,nonagri,"Professioni dell'industria del vestiario, abbigliamento e arredamento",104,2.0.4,"Magliai, calzettai, guantai",B,persons,M,0
250,profession,nonagri,"Professioni dell'industria del vestiario, abbigliamento e arredamento",104,2.0.4,"Magliai, calzettai, guantai",B,persons,F,1
251,profession,nonagri,"Professioni dell'industria del vestiario, abbigliamento e arredamento",104,2.0.4,"Magliai, calzettai, guantai",C,persons,MF,6
251,profession,nonagri,"Professioni dell'industria del vestiario, abbigliamento e arredamento",104,2.0.4,"Magliai, calzettai, guantai",C,persons,M,0
251,profession,nonagri,"Professioni dell'industria del vestiario, abbigliamento e arredamento",104,2.0.4,"Magliai, calzettai, guantai",C,persons,F,6
252,profession,nonagri,"Professioni dell'industria del vestiario, abbigliamento e arredamento",104,2.0.4,"Magliai, calzettai, guantai",H,persons,MF,8
252,profession,nonagri,"Professioni dell'industria del vestiario, abbigliamento e arredamento",104,2.0.4,"Magliai, calzettai, guantai",H,persons,M,0
252,profession,nonagri,"Professioni dell'industria del vestiario, abbigliamento e arredamento",104,2.0.4,"Magliai, calzettai, guantai",H,persons,F,8
253,profession,nonagri,"Professioni dell'industria del vestiario, abbigliamento e arredamento",105,2.2.3,Modiste,,persons,MF,31
253,profession,nonagri,"Professioni dell'industria del vestiario, abbigliamento e arredamento",105,2.2.3,Modiste,,persons,M,2
253,profession,nonagri,"Professioni dell'industria del vestiario, abbigliamento e arredamento",105,2.2.3,Modiste,,persons,F,29
254,profession,nonagri,"Professioni dell'industria del vestiario, abbigliamento e arredamento",105,2.2.3,Modiste,B,persons,MF,7
254,profession,nonagri,"Professioni dell'industria del vestiario, abbigliamento e arredamento",105,2.2.3,Modiste,B,persons,M,2
254,profession,nonagri,"Professioni dell'industria del vestiario, abbigliamento e arredamento",105,2.2.3,Modiste,B,persons,F,5
255,profession,nonagri,"Professioni dell'industria del vestiario, abbigliamento e arredamento",105,2.2.3,Modiste,C,persons,MF,4
255,profession,nonagri,"Professioni dell'industria del vestiario, abbigliamento e arredamento",105,2.2.3,Modiste,C,persons,M,0
255,profession,nonagri,"Professioni dell'industria del vestiario, abbigliamento e arredamento",105,2.2.3,Modiste,C,persons,F,4
256,profession,nonagri,"Professioni dell'industria del vestiario, abbigliamento e arredamento",105,2.2.3,Modiste,H,persons,MF,19
256,profession,nonagri,"Professioni dell'industria del vestiario, abbigliamento e arredamento",105,2.2.3,Modiste,H,persons,M,0
256,profession,nonagri,"Professioni dell'industria del vestiario, abbigliamento e arredamento",105,2.2.3,Modiste,H,persons,F,19
257,profession,nonagri,"Professioni dell'industria del vestiario, abbigliamento e arredamento",105,2.2.3,Modiste,I,persons,MF,1
257,profession,nonagri,"Professioni dell'industria del vestiario, abbigliamento e arredamento",105,2.2.3,Modiste,I,persons,M,0
257,profession,nonagri,"Professioni dell'industria del vestiario, abbigliamento e arredamento",105,2.2.3,Modiste,I,persons,F,1
258,profession,nonagri,"Professioni dell'industria del vestiario, abbigliamento e arredamento",106,2.4.3,"Pantalonaie, gilettaie",,persons,MF,18
258,profession,nonagri,"Professioni dell'industria del vestiario, abbigliamento e arredamento",106,2.4.3,"Pantalonaie, gilettaie",,persons,M,0
258,profession,nonagri,"Professioni dell'industria del vestiario, abbigliamento e arredamento",106,2.4.3,"Pantalonaie, gilettaie",,persons,F,18
259,profession,nonagri,"Professioni dell'industria del vestiario, abbigliamento e arredamento",106,2.4.3,"Pantalonaie, gilettaie",H,persons,MF,14
259,profession,nonagri,"Professioni dell'industria del vestiario, abbigliamento e arredamento",106,2.4.3,"Pantalonaie, gilettaie",H,persons,M,0
259,profession,nonagri,"Professioni dell'industria del vestiario, abbigliamento e arredamento",106,2.4.3,"Pantalonaie, gilettaie",H,persons,F,14
260,profession,nonagri,"Professioni dell'industria del vestiario, abbigliamento e arredamento",106,2.4.3,"Pantalonaie, gilettaie",I,persons,MF,4
260,profession,nonagri,"Professioni dell'industria del vestiario, abbigliamento e arredamento",106,2.4.3,"Pantalonaie, gilettaie",I,persons,M,0
260,profession,nonagri,"Professioni dell'industria del vestiario, abbigliamento e arredamento",106,2.4.3,"Pantalonaie, gilettaie",I,persons,F,4
261,profession,nonagri,"Professioni dell'industria del vestiario, abbigliamento e arredamento",107,2.9.0,"Ricamatrici, rammendatrici e pieghettatrici",,persons,MF,26
261,profession,nonagri,"Professioni dell'industria del vestiario, abbigliamento e arredamento",107,2.9.0,"Ricamatrici, rammendatrici e pieghettatrici",,persons,M,0
261,profession,nonagri,"Professioni dell'industria del vestiario, abbigliamento e arredamento",107,2.9.0,"Ricamatrici, rammendatrici e pieghettatrici",,persons,F,26
262,profession,nonagri,"Professioni dell'industria del vestiario, abbigliamento e arredamento",107,2.9.0,"Ricamatrici, rammendatrici e pieghettatrici",C,persons,MF,6
262,profession,nonagri,"Professioni dell'industria del vestiario, abbigliamento e arredamento",107,2.9.0,"Ricamatrici, rammendatrici e pieghettatrici",C,persons,M,0
262,profession,nonagri,"Professioni dell'industria del vestiario, abbigliamento e arredamento",107,2.9.0,"Ricamatrici, rammendatrici e pieghettatrici",C,persons,F,6
263,profession,nonagri,"Professioni dell'industria del vestiario, abbigliamento e arredamento",107,2.9.0,"Ricamatrici, rammendatrici e pieghettatrici",H,persons,MF,11
263,profession,nonagri,"Professioni dell'industria del vestiario, abbigliamento e arredamento",107,2.9.0,"Ricamatrici, rammendatrici e pieghettatrici",H,persons,M,0
263,profession,nonagri,"Professioni dell'industria del vestiario, abbigliamento e arredamento",107,2.9.0,"Ricamatrici, rammendatrici e pieghettatrici",H,persons,F,11
264,profession,nonagri,"Professioni dell'industria del vestiario, abbigliamento e arredamento",107,2.9.0,"Ricamatrici, rammendatrici e pieghettatrici",I,persons,MF,9
264,profession,nonagri,"Professioni dell'industria del vestiario, abbigliamento e arredamento",107,2.9.0,"Ricamatrici, rammendatrici e pieghettatrici",I,persons,M,0
264,profession,nonagri,"Professioni dell'industria del vestiario, abbigliamento e arredamento",107,2.9.0,"Ricamatrici, rammendatrici e pieghettatrici",I,persons,F,9
265,profession,nonagri,"Professioni dell'industria del vestiario, abbigliamento e arredamento",108,0.11.0,Sarti e tagliatori,,persons,MF,535
265,profession,nonagri,"Professioni dell'industria del vestiario, abbigliamento e arredamento",108,0.11.0,Sarti e tagliatori,,persons,M,186
265,profession,nonagri,"Professioni dell'industria del vestiario, abbigliamento e arredamento",108,0.11.0,Sarti e tagliatori,,persons,F,349
266,profession,nonagri,"Professioni dell'industria del vestiario, abbigliamento e arredamento",108,0.11.0,Sarti e tagliatori,B,persons,MF,57
266,profession,nonagri,"Professioni dell'industria del vestiario, abbigliamento e arredamento",108,0.11.0,Sarti e tagliatori,B,persons,M,36
266,profession,nonagri,"Professioni dell'industria del vestiario, abbigliamento e arredamento",108,0.11.0,Sarti e tagliatori,B,persons,F,21
267,profession,nonagri,"Professioni dell'industria del vestiario, abbigliamento e arredamento",108,0.11.0,Sarti e tagliatori,C,persons,MF,177
267,profession,nonagri,"Professioni dell'industria del vestiario, abbigliamento e arredamento",108,0.11.0,Sarti e tagliatori,C,persons,M,60
267,profession,nonagri,"Professioni dell'industria del vestiario, abbigliamento e arredamento",108,0.11.0,Sarti e tagliatori,C,persons,F,117
268,profession,nonagri,"Professioni dell'industria del vestiario, abbigliamento e arredamento",108,0.11.0,Sarti e tagliatori,H,persons,MF,276
268,profession,nonagri,"Professioni dell'industria del vestiario, abbigliamento e arredamento",108,0.11.0,Sarti e tagliatori,H,persons,M,88
268,profession,nonagri,"Professioni dell'industria del vestiario, abbigliamento e arredamento",108,0.11.0,Sarti e tagliatori,H,persons,F,188
269,profession,nonagri,"Professioni dell'industria del vestiario, abbigliamento e arredamento",108,0.11.0,Sarti e tagliatori,I,persons,MF,25
269,profession,nonagri,"Professioni dell'industria del vestiario, abbigliamento e arredamento",108,0.11.0,Sarti e tagliatori,I,persons,M,2
269,profession,nonagri,"Professioni dell'industria del vestiario, abbigliamento e arredamento",108,0.11.0,Sarti e tagliatori,I,persons,F,23
270,profession,nonagri,"Professioni dell'industria del vestiario, abbigliamento e arredamento",109,3.2.8,Tappezzieri in cuoio,,persons,MF,10
270,profession,nonagri,"Professioni dell'industria del vestiario, abbigliamento e arredamento",109,3.2.8,Tappezzieri in cuoio,,persons,M,9
270,profession,nonagri,"Professioni dell'industria del vestiario, abbigliamento e arredamento",109,3.2.8,Tappezzieri in cuoio,,persons,F,1
271,profession,nonagri,"Professioni dell'industria del vestiario, abbigliamento e arredamento",109,3.2.8,Tappezzieri in cuoio,C,persons,MF,1
271,profession,nonagri,"Professioni dell'industria del vestiario, abbigliamento e arredamento",109,3.2.8,Tappezzieri in cuoio,C,persons,M,1
271,profession,nonagri,"Professioni dell'industria del vestiario, abbigliamento e arredamento",109,3.2.8,Tappezzieri in cuoio,C,persons,F,0
272,profession,nonagri,"Professioni dell'industria del vestiario, abbigliamento e arredamento",109,3.2.8,Tappezzieri in cuoio,H,persons,MF,9
272,profession,nonagri,"Professioni dell'industria del vestiario, abbigliamento e arredamento",109,3.2.8,Tappezzieri in cuoio,H,persons,M,8
272,profession,nonagri,"Professioni dell'industria del vestiario, abbigliamento e arredamento",109,3.2.8,Tappezzieri in cuoio,H,persons,F,1
273,profession,nonagri,"Professioni dell'industria del vestiario, abbigliamento e arredamento",110,3.2.9,Tappezzieri in stoffa e materassai,,persons,MF,19
273,profession,nonagri,"Professioni dell'industria del vestiario, abbigliamento e arredamento",110,3.2.9,Tappezzieri in stoffa e materassai,,persons,M,17
273,profession,nonagri,"Professioni dell'industria del vestiario, abbigliamento e arredamento",110,3.2.9,Tappezzieri in stoffa e materassai,,persons,F,2
274,profession,nonagri,"Professioni dell'industria del vestiario, abbigliamento e arredamento",110,3.2.9,Tappezzieri in stoffa e materassai,B,persons,MF,2
274,profession,nonagri,"Professioni dell'industria del vestiario, abbigliamento e arredamento",110,3.2.9,Tappezzieri in stoffa e materassai,B,persons,M,1
274,profession,nonagri,"Professioni dell'industria del vestiario, abbigliamento e arredamento",110,3.2.9,Tappezzieri in stoffa e materassai,B,persons,F,1
275,profession,nonagri,"Professioni dell'industria del vestiario, abbigliamento e arredamento",110,3.2.9,Tappezzieri in stoffa e materassai,C,persons,MF,2
275,profession,nonagri,"Professioni dell'industria del vestiario, abbigliamento e arredamento",110,3.2.9,Tappezzieri in stoffa e materassai,C,persons,M,2
275,profession,nonagri,"Professioni dell'industria del vestiario, abbigliamento e arredamento",110,3.2.9,Tappezzieri in stoffa e materassai,C,persons,F,0
276,profession,nonagri,"Professioni dell'industria del vestiario, abbigliamento e arredamento",110,3.2.9,Tappezzieri in stoffa e materassai,H,persons,MF,14
276,profession,nonagri,"Professioni dell'industria del vestiario, abbigliamento e arredamento",110,3.2.9,Tappezzieri in stoffa e materassai,H,persons,M,13
276,profession,nonagri,"Professioni dell'industria del vestiario, abbigliamento e arredamento",110,3.2.9,Tappezzieri in stoffa e materassai,H,persons,F,1
277,profession,nonagri,"Professioni dell'industria del vestiario, abbigliamento e arredamento",110,3.2.9,Tappezzieri in stoffa e materassai,I,persons,MF,1
277,profession,nonagri,"Professioni dell'industria del vestiario, abbigliamento e arredamento",110,3.2.9,Tappezzieri in stoffa e materassai,I,persons,M,1
277,profession,nonagri,"Professioni dell'industria del vestiario, abbigliamento e arredamento",110,3.2.9,Tappezzieri in stoffa e materassai,I,persons,F,0
278,profession,nonagri,Professioni delle industrie che utilizzano spoglie animali,111,0.4.0,"Bottonieri, corallai, pettinai, spazzolai",,persons,MF,2
278,profession,nonagri,Professioni delle industrie che utilizzano spoglie animali,111,0.4.0,"Bottonieri, corallai, pettinai, spazzolai",,persons,M,2
278,profession,nonagri,Professioni delle industrie che utilizzano spoglie animali,111,0.4.0,"Bottonieri, corallai, pettinai, spazzolai",,persons,F,0
279,profession,nonagri,Professioni delle industrie che utilizzano spoglie animali,111,0.4.0,"Bottonieri, corallai, pettinai, spazzolai",H,persons,MF,2
279,profession,nonagri,Professioni delle industrie che utilizzano spoglie animali,111,0.4.0,"Bottonieri, corallai, pettinai, spazzolai",H,persons,M,2
279,profession,nonagri,Professioni delle industrie che utilizzano spoglie animali,111,0.4.0,"Bottonieri, corallai, pettinai, spazzolai",H,persons,F,0
280,profession,nonagri,Professioni delle industrie che utilizzano spoglie animali,112,0.4.3,Calzolai,,persons,MF,289
280,profession,nonagri,Professioni delle industrie che utilizzano spoglie animali,112,0.4.3,Calzolai,,persons,M,281
280,profession,nonagri,Professioni delle industrie che utilizzano spoglie animali,112,0.4.3,Calzolai,,persons,F,8
281,profession,nonagri,Professioni delle industrie che utilizzano spoglie animali,112,0.4.3,Calzolai,B,persons,MF,13
281,profession,nonagri,Professioni delle industrie che utilizzano spoglie animali,112,0.4.3,Calzolai,B,persons,M,13
281,profession,nonagri,Professioni delle industrie che utilizzano spoglie animali,112,0.4.3,Calzolai,B,persons,F,0
282,profession,nonagri,Professioni delle industrie che utilizzano spoglie animali,112,0.4.3,Calzolai,C,persons,MF,113
282,profession,nonagri,Professioni delle industrie che utilizzano spoglie animali,112,0.4.3,Calzolai,C,persons,M,113
282,profession,nonagri,Professioni delle industrie che utilizzano spoglie animali,112,0.4.3,Calzolai,C,persons,F,0
283,profession,nonagri,Professioni delle industrie che utilizzano spoglie animali,112,0.4.3,Calzolai,H,persons,MF,160
283,profession,nonagri,Professioni delle industrie che utilizzano spoglie animali,112,0.4.3,Calzolai,H,persons,M,153
283,profession,nonagri,Professioni delle industrie che utilizzano spoglie animali,112,0.4.3,Calzolai,H,persons,F,7
284,profession,nonagri,Professioni delle industrie che utilizzano spoglie animali,112,0.4.3,Calzolai,I,persons,MF,3
284,profession,nonagri,Professioni delle industrie che utilizzano spoglie animali,112,0.4.3,Calzolai,I,persons,M,2
284,profession,nonagri,Professioni delle industrie che utilizzano spoglie animali,112,0.4.3,Calzolai,I,persons,F,1
285,profession,nonagri,Professioni delle industrie che utilizzano spoglie animali,113,0.8.3,Conciatori e imbalsamatori,,persons,MF,17
285,profession,nonagri,Professioni delle industrie che utilizzano spoglie animali,113,0.8.3,Conciatori e imbalsamatori,,persons,M,17
285,profession,nonagri,Professioni delle industrie che utilizzano spoglie animali,113,0.8.3,Conciatori e imbalsamatori,,persons,F,0
286,profession,nonagri,Professioni delle industrie che utilizzano spoglie animali,113,0.8.3,Conciatori e imbalsamatori,B,persons,MF,1
286,profession,nonagri,Professioni delle industrie che utilizzano spoglie animali,113,0.8.3,Conciatori e imbalsamatori,B,persons,M,1
286,profession,nonagri,Professioni delle industrie che utilizzano spoglie animali,113,0.8.3,Conciatori e imbalsamatori,B,persons,F,0
287,profession,nonagri,Professioni delle industrie che utilizzano spoglie animali,113,0.8.3,Conciatori e imbalsamatori,C,persons,MF,1
287,profession,nonagri,Professioni delle industrie che utilizzano spoglie animali,113,0.8.3,Conciatori e imbalsamatori,C,persons,M,1
287,profession,nonagri,Professioni delle industrie che utilizzano spoglie animali,113,0.8.3,Conciatori e imbalsamatori,C,persons,F,0
288,profession,nonagri,Professioni delle industrie che utilizzano spoglie animali,113,0.8.3,Conciatori e imbalsamatori,H,persons,MF,14
288,profession,nonagri,Professioni delle industrie che utilizzano spoglie animali,113,0.8.3,Conciatori e imbalsamatori,H,persons,M,14
288,profession,nonagri,Professioni delle industrie che utilizzano spoglie animali,113,0.8.3,Conciatori e imbalsamatori,H,persons,F,0
289,profession,nonagri,Professioni delle industrie che utilizzano spoglie animali,113,0.8.3,Conciatori e imbalsamatori,I,persons,MF,1
289,profession,nonagri,Professioni delle industrie che utilizzano spoglie animali,113,0.8.3,Conciatori e imbalsamatori,I,persons,M,1
289,profession,nonagri,Professioni delle industrie che utilizzano spoglie animali,113,0.8.3,Conciatori e imbalsamatori,I,persons,F,0
290,profession,nonagri,Professioni delle industrie che utilizzano spoglie animali,114,2.4.9,Pellettieri,,persons,MF,3
290,profession,nonagri,Professioni delle industrie che utilizzano spoglie animali,114,2.4.9,Pellettieri,,persons,M,3
290,profession,nonagri,Professioni delle industrie che utilizzano spoglie animali,114,2.4.9,Pellettieri,,persons,F,0
291,profession,nonagri,Professioni delle industrie che utilizzano spoglie animali,114,2.4.9,Pellettieri,B,persons,MF,2
291,profession,nonagri,Professioni delle industrie che utilizzano spoglie animali,114,2.4.9,Pellettieri,B,persons,M,2
291,profession,nonagri,Professioni delle industrie che utilizzano spoglie animali,114,2.4.9,Pellettieri,B,persons,F,0
292,profession,nonagri,Professioni delle industrie che utilizzano spoglie animali,114,2.4.9,Pellettieri,H,persons,MF,1
292,profession,nonagri,Professioni delle industrie che utilizzano spoglie animali,114,2.4.9,Pellettieri,H,persons,M,1
292,profession,nonagri,Professioni delle industrie che utilizzano spoglie animali,114,2.4.9,Pellettieri,H,persons,F,0
293,profession,nonagri,Professioni delle industrie che utilizzano spoglie animali,115,3.0.4,Sellai,,persons,MF,61
293,profession,nonagri,Professioni delle industrie che utilizzano spoglie animali,115,3.0.4,Sellai,,persons,M,60
293,profession,nonagri,Professioni delle industrie che utilizzano spoglie animali,115,3.0.4,Sellai,,persons,F,1
294,profession,nonagri,Professioni delle industrie che utilizzano spoglie animali,115,3.0.4,Sellai,B,persons,MF,5
294,profession,nonagri,Professioni delle industrie che utilizzano spoglie animali,115,3.0.4,Sellai,B,persons,M,4
294,profession,nonagri,Professioni delle industrie che utilizzano spoglie animali,115,3.0.4,Sellai,B,persons,F,1
295,profession,nonagri,Professioni delle industrie che utilizzano spoglie animali,115,3.0.4,Sellai,C,persons,MF,1
295,profession,nonagri,Professioni delle industrie che utilizzano spoglie animali,115,3.0.4,Sellai,C,persons,M,1
295,profession,nonagri,Professioni delle industrie che utilizzano spoglie animali,115,3.0.4,Sellai,C,persons,F,0
296,profession,nonagri,Professioni delle industrie che utilizzano spoglie animali,115,3.0.4,Sellai,H,persons,MF,54
296,profession,nonagri,Professioni delle industrie che utilizzano spoglie animali,115,3.0.4,Sellai,H,persons,M,54
296,profession,nonagri,Professioni delle industrie che utilizzano spoglie animali,115,3.0.4,Sellai,H,persons,F,0
297,profession,nonagri,Professioni delle industrie che utilizzano spoglie animali,115,3.0.4,Sellai,I,persons,MF,1
297,profession,nonagri,Professioni delle industrie che utilizzano spoglie animali,115,3.0.4,Sellai,I,persons,M,1
297,profession,nonagri,Professioni delle industrie che utilizzano spoglie animali,115,3.0.4,Sellai,I,persons,F,0
298,profession,nonagri,"Professioni delle industrie della carta, grafiche ed editoriali",116,0.6.3,"Cartai, cartonai, filogranisti",,persons,MF,5
298,profession,nonagri,"Professioni delle industrie della carta, grafiche ed editoriali",116,0.6.3,"Cartai, cartonai, filogranisti",,persons,M,3
298,profession,nonagri,"Professioni delle industrie della carta, grafiche ed editoriali",116,0.6.3,"Cartai, cartonai, filogranisti",,persons,F,2
299,profession,nonagri,"Professioni delle industrie della carta, grafiche ed editoriali",116,0.6.3,"Cartai, cartonai, filogranisti",H,persons,MF,5
299,profession,nonagri,"Professioni delle industrie della carta, grafiche ed editoriali",116,0.6.3,"Cartai, cartonai, filogranisti",H,persons,M,3
299,profession,nonagri,"Professioni delle industrie della carta, grafiche ed editoriali",116,0.6.3,"Cartai, cartonai, filogranisti",H,persons,F,2
300,profession,nonagri,"Professioni delle industrie della carta, grafiche ed editoriali",117,1.0.5,Direttori di aziende editoriali,,persons,MF,1
300,profession,nonagri,"Professioni delle industrie della carta, grafiche ed editoriali",117,1.0.5,Direttori di aziende editoriali,,persons,M,1
300,profession,nonagri,"Professioni delle industrie della carta, grafiche ed editoriali",117,1.0.5,Direttori di aziende editoriali,,persons,F,0
301,profession,nonagri,"Professioni delle industrie della carta, grafiche ed editoriali",117,1.0.5,Direttori di aziende editoriali,E,persons,MF,1
301,profession,nonagri,"Professioni delle industrie della carta, grafiche ed editoriali",117,1.0.5,Direttori di aziende editoriali,E,persons,M,1
301,profession,nonagri,"Professioni delle industrie della carta, grafiche ed editoriali",117,1.0.5,Direttori di aziende editoriali,E,persons,F,0
302,profession,nonagri,"Professioni delle industrie della carta, grafiche ed editoriali",118,1.0.8,"Disegnatori, tracciatori e calligrafi",,persons,MF,51
302,profession,nonagri,"Professioni delle industrie della carta, grafiche ed editoriali",118,1.0.8,"Disegnatori, tracciatori e calligrafi",,persons,M,51
302,profession,nonagri,"Professioni delle industrie della carta, grafiche ed editoriali",118,1.0.8,"Disegnatori, tracciatori e calligrafi",,persons,F,0
303,profession,nonagri,"Professioni delle industrie della carta, grafiche ed editoriali",118,1.0.8,"Disegnatori, tracciatori e calligrafi",D,persons,MF,2
303,profession,nonagri,"Professioni delle industrie della carta, grafiche ed editoriali",118,1.0.8,"Disegnatori, tracciatori e calligrafi",D,persons,M,2
303,profession,nonagri,"Professioni delle industrie della carta, grafiche ed editoriali",118,1.0.8,"Disegnatori, tracciatori e calligrafi",D,persons,F,0
304,profession,nonagri,"Professioni delle industrie della carta, grafiche ed editoriali",118,1.0.8,"Disegnatori, tracciatori e calligrafi",F,persons,MF,48
304,profession,nonagri,"Professioni delle industrie della carta, grafiche ed editoriali",118,1.0.8,"Disegnatori, tracciatori e calligrafi",F,persons,M,48
304,profession,nonagri,"Professioni delle industrie della carta, grafiche ed editoriali",118,1.0.8,"Disegnatori, tracciatori e calligrafi",F,persons,F,0
305,profession,nonagri,"Professioni delle industrie della carta, grafiche ed editoriali",118,1.0.8,"Disegnatori, tracciatori e calligrafi",H,persons,MF,1
305,profession,nonagri,"Professioni delle industrie della carta, grafiche ed editoriali",118,1.0.8,"Disegnatori, tracciatori e calligrafi",H,persons,M,1
305,profession,nonagri,"Professioni delle industrie della carta, grafiche ed editoriali",118,1.0.8,"Disegnatori, tracciatori e calligrafi",H,persons,F,0
306,profession,nonagri,"Professioni delle industrie della carta, grafiche ed editoriali",119,1.3.7,Fotografi,,persons,MF,39
306,profession,nonagri,"Professioni delle industrie della carta, grafiche ed editoriali",119,1.3.7,Fotografi,,persons,M,32
306,profession,nonagri,"Professioni delle industrie della carta, grafiche ed editoriali",119,1.3.7,Fotografi,,persons,F,7
307,profession,nonagri,"Professioni delle industrie della carta, grafiche ed editoriali",119,1.3.7,Fotografi,B,persons,MF,3
307,profession,nonagri,"Professioni delle industrie della carta, grafiche ed editoriali",119,1.3.7,Fotografi,B,persons,M,3
307,profession,nonagri,"Professioni delle industrie della carta, grafiche ed editoriali",119,1.3.7,Fotografi,B,persons,F,0
308,profession,nonagri,"Professioni delle industrie della carta, grafiche ed editoriali",119,1.3.7,Fotografi,C,persons,MF,16
308,profession,nonagri,"Professioni delle industrie della carta, grafiche ed editoriali",119,1.3.7,Fotografi,C,persons,M,14
308,profession,nonagri,"Professioni delle industrie della carta, grafiche ed editoriali",119,1.3.7,Fotografi,C,persons,F,2
309,profession,nonagri,"Professioni delle industrie della carta, grafiche ed editoriali",119,1.3.7,Fotografi,F,persons,MF,3
309,profession,nonagri,"Professioni delle industrie della carta, grafiche ed editoriali",119,1.3.7,Fotografi,F,persons,M,1
309,profession,nonagri,"Professioni delle industrie della carta, grafiche ed editoriali",119,1.3.7,Fotografi,F,persons,F,2
310,profession,nonagri,"Professioni delle industrie della carta, grafiche ed editoriali",119,1.3.7,Fotografi,H,persons,MF,17
310,profession,nonagri,"Professioni delle industrie della carta, grafiche ed editoriali",119,1.3.7,Fotografi,H,persons,M,14
310,profession,nonagri,"Professioni delle industrie della carta, grafiche ed editoriali",119,1.3.7,Fotografi,H,persons,F,3
311,profession,nonagri,"Professioni delle industrie della carta, grafiche ed editoriali",120,1.4.9,Giornalisti,,persons,MF,6
311,profession,nonagri,"Professioni delle industrie della carta, grafiche ed editoriali",120,1.4.9,Giornalisti,,persons,M,5
311,profession,nonagri,"Professioni delle industrie della carta, grafiche ed editoriali",120,1.4.9,Giornalisti,,persons,F,1
312,profession,nonagri,"Professioni delle industrie della carta, grafiche ed editoriali",120,1.4.9,Giornalisti,D,persons,MF,1
312,profession,nonagri,"Professioni delle industrie della carta, grafiche ed editoriali",120,1.4.9,Giornalisti,D,persons,M,1
312,profession,nonagri,"Professioni delle industrie della carta, grafiche ed editoriali",120,1.4.9,Giornalisti,D,persons,F,0
313,profession,nonagri,"Professioni delle industrie della carta, grafiche ed editoriali",120,1.4.9,Giornalisti,F,persons,MF,5
313,profession,nonagri,"Professioni delle industrie della carta, grafiche ed editoriali",120,1.4.9,Giornalisti,F,persons,M,4
313,profession,nonagri,"Professioni delle industrie della carta, grafiche ed editoriali",120,1.4.9,Giornalisti,F,persons,F,1
314,profession,nonagri,"Professioni delle industrie della carta, grafiche ed editoriali",121,1.8.9,Legatori e confezionatori di oggetti in carta e cartone,,persons,MF,13
314,profession,nonagri,"Professioni delle industrie della carta, grafiche ed editoriali",121,1.8.9,Legatori e confezionatori di oggetti in carta e cartone,,persons,M,12
314,profession,nonagri,"Professioni delle industrie della carta, grafiche ed editoriali",121,1.8.9,Legatori e confezionatori di oggetti in carta e cartone,,persons,F,1
315,profession,nonagri,"Professioni delle industrie della carta, grafiche ed editoriali",121,1.8.9,Legatori e confezionatori di oggetti in carta e cartone,B,persons,MF,2
315,profession,nonagri,"Professioni delle industrie della carta, grafiche ed editoriali",121,1.8.9,Legatori e confezionatori di oggetti in carta e cartone,B,persons,M,2
315,profession,nonagri,"Professioni delle industrie della carta, grafiche ed editoriali",121,1.8.9,Legatori e confezionatori di oggetti in carta e cartone,B,persons,F,0
316,profession,nonagri,"Professioni delle industrie della carta, grafiche ed editoriali",121,1.8.9,Legatori e confezionatori di oggetti in carta e cartone,C,persons,MF,1
316,profession,nonagri,"Professioni delle industrie della carta, grafiche ed editoriali",121,1.8.9,Legatori e confezionatori di oggetti in carta e cartone,C,persons,M,1
316,profession,nonagri,"Professioni delle industrie della carta, grafiche ed editoriali",121,1.8.9,Legatori e confezionatori di oggetti in carta e cartone,C,persons,F,0
317,profession,nonagri,"Professioni delle industrie della carta, grafiche ed editoriali",121,1.8.9,Legatori e confezionatori di oggetti in carta e cartone,H,persons,MF,10
317,profession,nonagri,"Professioni delle industrie della carta, grafiche ed editoriali",121,1.8.9,Legatori e confezionatori di oggetti in carta e cartone,H,persons,M,9
317,profession,nonagri,"Professioni delle industrie della carta, grafiche ed editoriali",121,1.8.9,Legatori e confezionatori di oggetti in carta e cartone,H,persons,F,1
318,profession,nonagri,"Professioni delle industrie della carta, grafiche ed editoriali",122,1.9.2,Linotipisti ed altri compositori tipografi a macchina,,persons,MF,83
318,profession,nonagri,"Professioni delle industrie della carta, grafiche ed editoriali",122,1.9.2,Linotipisti ed altri compositori tipografi a macchina,,persons,M,83
318,profession,nonagri,"Professioni delle industrie della carta, grafiche ed editoriali",122,1.9.2,Linotipisti ed altri compositori tipografi a macchina,,persons,F,0
319,profession,nonagri,"Professioni delle industrie della carta, grafiche ed editoriali",122,1.9.2,Linotipisti ed altri compositori tipografi a macchina,C,persons,MF,1
319,profession,nonagri,"Professioni delle industrie della carta, grafiche ed editoriali",122,1.9.2,Linotipisti ed altri compositori tipografi a macchina,C,persons,M,1
319,profession,nonagri,"Professioni delle industrie della carta, grafiche ed editoriali",122,1.9.2,Linotipisti ed altri compositori tipografi a macchina,C,persons,F,0
320,profession,nonagri,"Professioni delle industrie della carta, grafiche ed editoriali",122,1.9.2,Linotipisti ed altri compositori tipografi a macchina,H,persons,MF,82
320,profession,nonagri,"Professioni delle industrie della carta, grafiche ed editoriali",122,1.9.2,Linotipisti ed altri compositori tipografi a macchina,H,persons,M,82
320,profession,nonagri,"Professioni delle industrie della carta, grafiche ed editoriali",122,1.9.2,Linotipisti ed altri compositori tipografi a macchina,H,persons,F,0
321,profession,nonagri,"Professioni delle industrie della carta, grafiche ed editoriali",123,3.3.6,Tipografi,,persons,MF,16
321,profession,nonagri,"Professioni delle industrie della carta, grafiche ed editoriali",123,3.3.6,Tipografi,,persons,M,15
321,profession,nonagri,"Professioni delle industrie della carta, grafiche ed editoriali",123,3.3.6,Tipografi,,persons,F,1
322,profession,nonagri,"Professioni delle industrie della carta, grafiche ed editoriali",123,3.3.6,Tipografi,B,persons,MF,1
322,profession,nonagri,"Professioni delle industrie della carta, grafiche ed editoriali",123,3.3.6,Tipografi,B,persons,M,1
322,profession,nonagri,"Professioni delle industrie della carta, grafiche ed editoriali",123,3.3.6,Tipografi,B,persons,F,0
323,profession,nonagri,"Professioni delle industrie della carta, grafiche ed editoriali",123,3.3.6,Tipografi,H,persons,MF,15
323,profession,nonagri,"Professioni delle industrie della carta, grafiche ed editoriali",123,3.3.6,Tipografi,H,persons,M,14
323,profession,nonagri,"Professioni delle industrie della carta, grafiche ed editoriali",123,3.3.6,Tipografi,H,persons,F,1
324,profession,nonagri,Professioni delle industrie alimentari,124,0.3.8,Biscottieri e pasticcieri,,persons,MF,22
324,profession,nonagri,Professioni delle industrie alimentari,124,0.3.8,Biscottieri e pasticcieri,,persons,M,18
324,profession,nonagri,Professioni delle industrie alimentari,124,0.3.8,Biscottieri e pasticcieri,,persons,F,4
325,profession,nonagri,Professioni delle industrie alimentari,124,0.3.8,Biscottieri e pasticcieri,H,persons,MF,22
325,profession,nonagri,Professioni delle industrie alimentari,124,0.3.8,Biscottieri e pasticcieri,H,persons,M,18
325,profession,nonagri,Professioni delle industrie alimentari,124,0.3.8,Biscottieri e pasticcieri,H,persons,F,4
326,profession,nonagri,Professioni delle industrie alimentari,125,0.5.7,"Caramellisti, cioccolatai, confettieri",,persons,MF,7
326,profession,nonagri,Professioni delle industrie alimentari,125,0.5.7,"Caramellisti, cioccolatai, confettieri",,persons,M,7
326,profession,nonagri,Professioni delle industrie alimentari,125,0.5.7,"Caramellisti, cioccolatai, confettieri",,persons,F,0
327,profession,nonagri,Professioni delle industrie alimentari,125,0.5.7,"Caramellisti, cioccolatai, confettieri",H,persons,MF,7
327,profession,nonagri,Professioni delle industrie alimentari,125,0.5.7,"Caramellisti, cioccolatai, confettieri",H,persons,M,7
327,profession,nonagri,Professioni delle industrie alimentari,125,0.5.7,"Caramellisti, cioccolatai, confettieri",H,persons,F,0
328,profession,nonagri,Professioni delle industrie alimentari,126,0.6.4,Casari,,persons,MF,1
328,profession,nonagri,Professioni delle industrie alimentari,126,0.6.4,Casari,,persons,M,1
328,profession,nonagri,Professioni delle industrie alimentari,126,0.6.4,Casari,,persons,F,0
329,profession,nonagri,Professioni delle industrie alimentari,126,0.6.4,Casari,H,persons,MF,1
329,profession,nonagri,Professioni delle industrie alimentari,126,0.6.4,Casari,H,persons,M,1
329,profession,nonagri,Professioni delle industrie alimentari,126,0.6.4,Casari,H,persons,F,0
330,profession,nonagri,Professioni delle industrie alimentari,127,0.7.0,"Cernitori di cereali, legumi, foraggi, verdure",,persons,MF,1
330,profession,nonagri,Professioni delle industrie alimentari,127,0.7.0,"Cernitori di cereali, legumi, foraggi, verdure",,persons,M,0
330,profession,nonagri,Professioni delle industrie alimentari,127,0.7.0,"Cernitori di cereali, legumi, foraggi, verdure",,persons,F,1
331,profession,nonagri,Professioni delle industrie alimentari,127,0.7.0,"Cernitori di cereali, legumi, foraggi, verdure",H,persons,MF,1
331,profession,nonagri,Professioni delle industrie alimentari,127,0.7.0,"Cernitori di cereali, legumi, foraggi, verdure",H,persons,M,0
331,profession,nonagri,Professioni delle industrie alimentari,127,0.7.0,"Cernitori di cereali, legumi, foraggi, verdure",H,persons,F,1
332,profession,nonagri,Professioni delle industrie alimentari,128,0.9.4,"Cuocitori, confezionatori di conserve e altri prodotti alimentari",,persons,MF,53
332,profession,nonagri,Professioni delle industrie alimentari,128,0.9.4,"Cuocitori, confezionatori di conserve e altri prodotti alimentari",,persons,M,53
332,profession,nonagri,Professioni delle industrie alimentari,128,0.9.4,"Cuocitori, confezionatori di conserve e altri prodotti alimentari",,persons,F,0
333,profession,nonagri,Professioni delle industrie alimentari,128,0.9.4,"Cuocitori, confezionatori di conserve e altri prodotti alimentari",B,persons,MF,1
333,profession,nonagri,Professioni delle industrie alimentari,128,0.9.4,"Cuocitori, confezionatori di conserve e altri prodotti alimentari",B,persons,M,1
333,profession,nonagri,Professioni delle industrie alimentari,128,0.9.4,"Cuocitori, confezionatori di conserve e altri prodotti alimentari",B,persons,F,0
334,profession,nonagri,Professioni delle industrie alimentari,128,0.9.4,"Cuocitori, confezionatori di conserve e altri prodotti alimentari",C,persons,MF,5
334,profession,nonagri,Professioni delle industrie alimentari,128,0.9.4,"Cuocitori, confezionatori di conserve e altri prodotti alimentari",C,persons,M,5
334,profession,nonagri,Professioni delle industrie alimentari,128,0.9.4,"Cuocitori, confezionatori di conserve e altri prodotti alimentari",C,persons,F,0
335,profession,nonagri,Professioni delle industrie alimentari,128,0.9.4,"Cuocitori, confezionatori di conserve e altri prodotti alimentari",H,persons,MF,47
335,profession,nonagri,Professioni delle industrie alimentari,128,0.9.4,"Cuocitori, confezionatori di conserve e altri prodotti alimentari",H,persons,M,47
335,profession,nonagri,Professioni delle industrie alimentari,128,0.9.4,"Cuocitori, confezionatori di conserve e altri prodotti alimentari",H,persons,F,0
336,profession,nonagri,Professioni delle industrie alimentari,130,1.1.9,"Enotecnici, condizionatori di vini, alcool",,persons,MF,6
336,profession,nonagri,Professioni delle industrie alimentari,130,1.1.9,"Enotecnici, condizionatori di vini, alcool",,persons,M,6
336,profession,nonagri,Professioni delle industrie alimentari,130,1.1.9,"Enotecnici, condizionatori di vini, alcool",,persons,F,0
337,profession,nonagri,Professioni delle industrie alimentari,130,1.1.9,"Enotecnici, condizionatori di vini, alcool",D,persons,MF,1
337,profession,nonagri,Professioni delle industrie alimentari,130,1.1.9,"Enotecnici, condizionatori di vini, alcool",D,persons,M,1
337,profession,nonagri,Professioni delle industrie alimentari,130,1.1.9,"Enotecnici, condizionatori di vini, alcool",D,persons,F,0
338,profession,nonagri,Professioni delle industrie alimentari,130,1.1.9,"Enotecnici, condizionatori di vini, alcool",E,persons,MF,2
338,profession,nonagri,Professioni delle industrie alimentari,130,1.1.9,"Enotecnici, condizionatori di vini, alcool",E,persons,M,2
338,profession,nonagri,Professioni delle industrie alimentari,130,1.1.9,"Enotecnici, condizionatori di vini, alcool",E,persons,F,0
339,profession,nonagri,Professioni delle industrie alimentari,130,1.1.9,"Enotecnici, condizionatori di vini, alcool",H,persons,MF,3
339,profession,nonagri,Professioni delle industrie alimentari,130,1.1.9,"Enotecnici, condizionatori di vini, alcool",H,persons,M,3
339,profession,nonagri,Professioni delle industrie alimentari,130,1.1.9,"Enotecnici, condizionatori di vini, alcool",H,persons,F,0
340,profession,nonagri,Professioni delle industrie alimentari,131,1.3.8,"Frantoiai, oliai",,persons,MF,1
340,profession,nonagri,Professioni delle industrie alimentari,131,1.3.8,"Frantoiai, oliai",,persons,M,1
340,profession,nonagri,Professioni delle industrie alimentari,131,1.3.8,"Frantoiai, oliai",,persons,F,0
341,profession,nonagri,Professioni delle industrie alimentari,131,1.3.8,"Frantoiai, oliai",H,persons,MF,1
341,profession,nonagri,Professioni delle industrie alimentari,131,1.3.8,"Frantoiai, oliai",H,persons,M,1
341,profession,nonagri,Professioni delle industrie alimentari,131,1.3.8,"Frantoiai, oliai",H,persons,F,0
342,profession,nonagri,Professioni delle industrie alimentari,132,1.7.4,"Insaccatori, salatori, affumicatori di carni",,persons,MF,1
342,profession,nonagri,Professioni delle industrie alimentari,132,1.7.4,"Insaccatori, salatori, affumicatori di carni",,persons,M,1
342,profession,nonagri,Professioni delle industrie alimentari,132,1.7.4,"Insaccatori, salatori, affumicatori di carni",,persons,F,0
343,profession,nonagri,Professioni delle industrie alimentari,132,1.7.4,"Insaccatori, salatori, affumicatori di carni",H,persons,MF,1
343,profession,nonagri,Professioni delle industrie alimentari,132,1.7.4,"Insaccatori, salatori, affumicatori di carni",H,persons,M,1
343,profession,nonagri,Professioni delle industrie alimentari,132,1.7.4,"Insaccatori, salatori, affumicatori di carni",H,persons,F,0
344,profession,nonagri,Professioni delle industrie alimentari,133,1.9.9,Macellai (macellazione animali),,persons,MF,1
344,profession,nonagri,Professioni delle industrie alimentari,133,1.9.9,Macellai (macellazione animali),,persons,M,1
344,profession,nonagri,Professioni delle industrie alimentari,133,1.9.9,Macellai (macellazione animali),,persons,F,0
345,profession,nonagri,Professioni delle industrie alimentari,133,1.9.9,Macellai (macellazione animali),H,persons,MF,1
345,profession,nonagri,Professioni delle industrie alimentari,133,1.9.9,Macellai (macellazione animali),H,persons,M,1
345,profession,nonagri,Professioni delle industrie alimentari,133,1.9.9,Macellai (macellazione animali),H,persons,F,0
346,profession,nonagri,Professioni delle industrie alimentari,134,2.2.9,Mugnai,,persons,MF,5
346,profession,nonagri,Professioni delle industrie alimentari,134,2.2.9,Mugnai,,persons,M,5
346,profession,nonagri,Professioni delle industrie alimentari,134,2.2.9,Mugnai,,persons,F,0
347,profession,nonagri,Professioni delle industrie alimentari,134,2.2.9,Mugnai,C,persons,MF,3
347,profession,nonagri,Professioni delle industrie alimentari,134,2.2.9,Mugnai,C,persons,M,3
347,profession,nonagri,Professioni delle industrie alimentari,134,2.2.9,Mugnai,C,persons,F,0
348,profession,nonagri,Professioni delle industrie alimentari,134,2.2.9,Mugnai,H,persons,MF,2
348,profession,nonagri,Professioni delle industrie alimentari,134,2.2.9,Mugnai,H,persons,M,2
348,profession,nonagri,Professioni delle industrie alimentari,134,2.2.9,Mugnai,H,persons,F,0
349,profession,nonagri,Professioni delle industrie alimentari,135,2.4.7,Pastai,,persons,MF,25
349,profession,nonagri,Professioni delle industrie alimentari,135,2.4.7,Pastai,,persons,M,25
349,profession,nonagri,Professioni delle industrie alimentari,135,2.4.7,Pastai,,persons,F,0
350,profession,nonagri,Professioni delle industrie alimentari,135,2.4.7,Pastai,H,persons,MF,25
350,profession,nonagri,Professioni delle industrie alimentari,135,2.4.7,Pastai,H,persons,M,25
350,profession,nonagri,Professioni delle industrie alimentari,135,2.4.7,Pastai,H,persons,F,0
351,profession,nonagri,"Professioni delle industrie dello spettacolo, sport",136,0.0.1,Accordatori di strumenti musicali,,persons,MF,3
351,profession,nonagri,"Professioni delle industrie dello spettacolo, sport",136,0.0.1,Accordatori di strumenti musicali,,persons,M,3
351,profession,nonagri,"Professioni delle industrie dello spettacolo, sport",136,0.0.1,Accordatori di strumenti musicali,,persons,F,0
352,profession,nonagri,"Professioni delle industrie dello spettacolo, sport",136,0.0.1,Accordatori di strumenti musicali,C,persons,MF,1
352,profession,nonagri,"Professioni delle industrie dello spettacolo, sport",136,0.0.1,Accordatori di strumenti musicali,C,persons,M,1
352,profession,nonagri,"Professioni delle industrie dello spettacolo, sport",136,0.0.1,Accordatori di strumenti musicali,C,persons,F,0
353,profession,nonagri,"Professioni delle industrie dello spettacolo, sport",136,0.0.1,Accordatori di strumenti musicali,H,persons,MF,2
353,profession,nonagri,"Professioni delle industrie dello spettacolo, sport",136,0.0.1,Accordatori di strumenti musicali,H,persons,M,2
353,profession,nonagri,"Professioni delle industrie dello spettacolo, sport",136,0.0.1,Accordatori di strumenti musicali,H,persons,F,0
354,profession,nonagri,"Professioni delle industrie dello spettacolo, sport",137,0.1.7,Artisti drammatici,,persons,MF,2
354,profession,nonagri,"Professioni delle industrie dello spettacolo, sport",137,0.1.7,Artisti drammatici,,persons,M,2
354,profession,nonagri,"Professioni delle industrie dello spettacolo, sport",137,0.1.7,Artisti drammatici,,persons,F,0
355,profession,nonagri,"Professioni delle industrie dello spettacolo, sport",137,0.1.7,Artisti drammatici,D,persons,MF,1
355,profession,nonagri,"Professioni delle industrie dello spettacolo, sport",137,0.1.7,Artisti drammatici,D,persons,M,1
355,profession,nonagri,"Professioni delle industrie dello spettacolo, sport",137,0.1.7,Artisti drammatici,D,persons,F,0
356,profession,nonagri,"Professioni delle industrie dello spettacolo, sport",137,0.1.7,Artisti drammatici,F,persons,MF,1
356,profession,nonagri,"Professioni delle industrie dello spettacolo, sport",137,0.1.7,Artisti drammatici,F,persons,M,1
356,profession,nonagri,"Professioni delle industrie dello spettacolo, sport",137,0.1.7,Artisti drammatici,F,persons,F,0
357,profession,nonagri,"Professioni delle industrie dello spettacolo, sport",138,0.2.4,"Atleti, calciatori, corridori",,persons,MF,2
357,profession,nonagri,"Professioni delle industrie dello spettacolo, sport",138,0.2.4,"Atleti, calciatori, corridori",,persons,M,2
357,profession,nonagri,"Professioni delle industrie dello spettacolo, sport",138,0.2.4,"Atleti, calciatori, corridori",,persons,F,0
358,profession,nonagri,"Professioni delle industrie dello spettacolo, sport",138,0.2.4,"Atleti, calciatori, corridori",D,persons,MF,2
358,profession,nonagri,"Professioni delle industrie dello spettacolo, sport",138,0.2.4,"Atleti, calciatori, corridori",D,persons,M,2
358,profession,nonagri,"Professioni delle industrie dello spettacolo, sport",138,0.2.4,"Atleti, calciatori, corridori",D,persons,F,0
359,profession,nonagri,"Professioni delle industrie dello spettacolo, sport",139,0.6.5,Cassieri e bigliettai di pubblici locali,,persons,MF,18
359,profession,nonagri,"Professioni delle industrie dello spettacolo, sport",139,0.6.5,Cassieri e bigliettai di pubblici locali,,persons,M,10
359,profession,nonagri,"Professioni delle industrie dello spettacolo, sport",139,0.6.5,Cassieri e bigliettai di pubblici locali,,persons,F,8
360,profession,nonagri,"Professioni delle industrie dello spettacolo, sport",139,0.6.5,Cassieri e bigliettai di pubblici locali,F,persons,MF,18
360,profession,nonagri,"Professioni delle industrie dello spettacolo, sport",139,0.6.5,Cassieri e bigliettai di pubblici locali,F,persons,M,10
360,profession,nonagri,"Professioni delle industrie dello spettacolo, sport",139,0.6.5,Cassieri e bigliettai di pubblici locali,F,persons,F,8
361,profession,nonagri,"Professioni delle industrie dello spettacolo, sport",140,1.9.7,Macchinisti ed attrezzisti teatrali,,persons,MF,5
361,profession,nonagri,"Professioni delle industrie dello spettacolo, sport",140,1.9.7,Macchinisti ed attrezzisti teatrali,,persons,M,5
361,profession,nonagri,"Professioni delle industrie dello spettacolo, sport",140,1.9.7,Macchinisti ed attrezzisti teatrali,,persons,F,0
362,profession,nonagri,"Professioni delle industrie dello spettacolo, sport",140,1.9.7,Macchinisti ed attrezzisti teatrali,H,persons,MF,5
362,profession,nonagri,"Professioni delle industrie dello spettacolo, sport",140,1.9.7,Macchinisti ed attrezzisti teatrali,H,persons,M,5
362,profession,nonagri,"Professioni delle industrie dello spettacolo, sport",140,1.9.7,Macchinisti ed attrezzisti teatrali,H,persons,F,0
363,profession,nonagri,"Professioni delle industrie dello spettacolo, sport",141,2.0.9,Maschere ed inservienti di pubblici locali,,persons,MF,6
363,profession,nonagri,"Professioni delle industrie dello spettacolo, sport",141,2.0.9,Maschere ed inservienti di pubblici locali,,persons,M,5
363,profession,nonagri,"Professioni delle industrie dello spettacolo, sport",141,2.0.9,Maschere ed inservienti di pubblici locali,,persons,F,1
364,profession,nonagri,"Professioni delle industrie dello spettacolo, sport",141,2.0.9,Maschere ed inservienti di pubblici locali,G,persons,MF,6
364,profession,nonagri,"Professioni delle industrie dello spettacolo, sport",141,2.0.9,Maschere ed inservienti di pubblici locali,G,persons,M,5
364,profession,nonagri,"Professioni delle industrie dello spettacolo, sport",141,2.0.9,Maschere ed inservienti di pubblici locali,G,persons,F,1
365,profession,nonagri,"Professioni delle industrie dello spettacolo, sport",142,2.3.9,Operatori cinematografici,,persons,MF,12
365,profession,nonagri,"Professioni delle industrie dello spettacolo, sport",142,2.3.9,Operatori cinematografici,,persons,M,12
365,profession,nonagri,"Professioni delle industrie dello spettacolo, sport",142,2.3.9,Operatori cinematografici,,persons,F,0
366,profession,nonagri,"Professioni delle industrie dello spettacolo, sport",142,2.3.9,Operatori cinematografici,H,persons,MF,12
366,profession,nonagri,"Professioni delle industrie dello spettacolo, sport",142,2.3.9,Operatori cinematografici,H,persons,M,12
366,profession,nonagri,"Professioni delle industrie dello spettacolo, sport",142,2.3.9,Operatori cinematografici,H,persons,F,0
367,profession,nonagri,"Professioni delle industrie dello spettacolo, sport",143,2.8.8,"Registi, direttori di scena, coreografi",,persons,MF,2
367,profession,nonagri,"Professioni delle industrie dello spettacolo, sport",143,2.8.8,"Registi, direttori di scena, coreografi",,persons,M,2
367,profession,nonagri,"Professioni delle industrie dello spettacolo, sport",143,2.8.8,"Registi, direttori di scena, coreografi",,persons,F,0
368,profession,nonagri,"Professioni delle industrie dello spettacolo, sport",143,2.8.8,"Registi, direttori di scena, coreografi",F,persons,MF,2
368,profession,nonagri,"Professioni delle industrie dello spettacolo, sport",143,2.8.8,"Registi, direttori di scena, coreografi",F,persons,M,2
368,profession,nonagri,"Professioni delle industrie dello spettacolo, sport",143,2.8.8,"Registi, direttori di scena, coreografi",F,persons,F,0
369,profession,nonagri,"Professioni delle industrie dello spettacolo, sport",144,3.2.7,Suonatori di strumenti musicali,,persons,MF,11
369,profession,nonagri,"Professioni delle industrie dello spettacolo, sport",144,3.2.7,Suonatori di strumenti musicali,,persons,M,10
369,profession,nonagri,"Professioni delle industrie dello spettacolo, sport",144,3.2.7,Suonatori di strumenti musicali,,persons,F,1
370,profession,nonagri,"Professioni delle industrie dello spettacolo, sport",144,3.2.7,Suonatori di strumenti musicali,F,persons,MF,11
370,profession,nonagri,"Professioni delle industrie dello spettacolo, sport",144,3.2.7,Suonatori di strumenti musicali,F,persons,M,10
370,profession,nonagri,"Professioni delle industrie dello spettacolo, sport",144,3.2.7,Suonatori di strumenti musicali,F,persons,F,1
371,profession,nonagri,"Professioni dei servizi sanitari ed igienici, cura estetica della persona",145,0.3.4,"Becchini, vespilloni",,persons,MF,6
371,profession,nonagri,"Professioni dei servizi sanitari ed igienici, cura estetica della persona",145,0.3.4,"Becchini, vespilloni",,persons,M,6
371,profession,nonagri,"Professioni dei servizi sanitari ed igienici, cura estetica della persona",145,0.3.4,"Becchini, vespilloni",,persons,F,0
372,profession,nonagri,"Professioni dei servizi sanitari ed igienici, cura estetica della persona",145,0.3.4,"Becchini, vespilloni",H,persons,MF,6
372,profession,nonagri,"Professioni dei servizi sanitari ed igienici, cura estetica della persona",145,0.3.4,"Becchini, vespilloni",H,persons,M,6
372,profession,nonagri,"Professioni dei servizi sanitari ed igienici, cura estetica della persona",145,0.3.4,"Becchini, vespilloni",H,persons,F,0
373,profession,nonagri,"Professioni dei servizi sanitari ed igienici, cura estetica della persona",146,1.0.9,"Disinfettatori, sardignoli",,persons,MF,3
373,profession,nonagri,"Professioni dei servizi sanitari ed igienici, cura estetica della persona",146,1.0.9,"Disinfettatori, sardignoli",,persons,M,3
373,profession,nonagri,"Professioni dei servizi sanitari ed igienici, cura estetica della persona",146,1.0.9,"Disinfettatori, sardignoli",,persons,F,0
374,profession,nonagri,"Professioni dei servizi sanitari ed igienici, cura estetica della persona",146,1.0.9,"Disinfettatori, sardignoli",H,persons,MF,3
374,profession,nonagri,"Professioni dei servizi sanitari ed igienici, cura estetica della persona",146,1.0.9,"Disinfettatori, sardignoli",H,persons,M,3
374,profession,nonagri,"Professioni dei servizi sanitari ed igienici, cura estetica della persona",146,1.0.9,"Disinfettatori, sardignoli",H,persons,F,0
375,profession,nonagri,"Professioni dei servizi sanitari ed igienici, cura estetica della persona",147,1.7.2,Infermieri,,persons,MF,182
375,profession,nonagri,"Professioni dei servizi sanitari ed igienici, cura estetica della persona",147,1.7.2,Infermieri,,persons,M,87
375,profession,nonagri,"Professioni dei servizi sanitari ed igienici, cura estetica della persona",147,1.7.2,Infermieri,,persons,F,95
376,profession,nonagri,"Professioni dei servizi sanitari ed igienici, cura estetica della persona",147,1.7.2,Infermieri,F,persons,MF,182
376,profession,nonagri,"Professioni dei servizi sanitari ed igienici, cura estetica della persona",147,1.7.2,Infermieri,F,persons,M,87
376,profession,nonagri,"Professioni dei servizi sanitari ed igienici, cura estetica della persona",147,1.7.2,Infermieri,F,persons,F,95
377,profession,nonagri,"Professioni dei servizi sanitari ed igienici, cura estetica della persona",148,2.4.6,"Parrucchieri, barbieri ed affini",,persons,MF,357
377,profession,nonagri,"Professioni dei servizi sanitari ed igienici, cura estetica della persona",148,2.4.6,"Parrucchieri, barbieri ed affini",,persons,M,340
377,profession,nonagri,"Professioni dei servizi sanitari ed igienici, cura estetica della persona",148,2.4.6,"Parrucchieri, barbieri ed affini",,persons,F,17
378,profession,nonagri,"Professioni dei servizi sanitari ed igienici, cura estetica della persona",148,2.4.6,"Parrucchieri, barbieri ed affini",B,persons,MF,70
378,profession,nonagri,"Professioni dei servizi sanitari ed igienici, cura estetica della persona",148,2.4.6,"Parrucchieri, barbieri ed affini",B,persons,M,68
378,profession,nonagri,"Professioni dei servizi sanitari ed igienici, cura estetica della persona",148,2.4.6,"Parrucchieri, barbieri ed affini",B,persons,F,2
379,profession,nonagri,"Professioni dei servizi sanitari ed igienici, cura estetica della persona",148,2.4.6,"Parrucchieri, barbieri ed affini",C,persons,MF,96
379,profession,nonagri,"Professioni dei servizi sanitari ed igienici, cura estetica della persona",148,2.4.6,"Parrucchieri, barbieri ed affini",C,persons,M,93
379,profession,nonagri,"Professioni dei servizi sanitari ed igienici, cura estetica della persona",148,2.4.6,"Parrucchieri, barbieri ed affini",C,persons,F,3
380,profession,nonagri,"Professioni dei servizi sanitari ed igienici, cura estetica della persona",148,2.4.6,"Parrucchieri, barbieri ed affini",H,persons,MF,191
380,profession,nonagri,"Professioni dei servizi sanitari ed igienici, cura estetica della persona",148,2.4.6,"Parrucchieri, barbieri ed affini",H,persons,M,179
380,profession,nonagri,"Professioni dei servizi sanitari ed igienici, cura estetica della persona",148,2.4.6,"Parrucchieri, barbieri ed affini",H,persons,F,12
381,profession,nonagri,"Professioni dei servizi sanitari ed igienici, cura estetica della persona",149,3.1.1,"Spazzaturai, spazzacamini, fognaioli",,persons,MF,1
381,profession,nonagri,"Professioni dei servizi sanitari ed igienici, cura estetica della persona",149,3.1.1,"Spazzaturai, spazzacamini, fognaioli",,persons,M,1
381,profession,nonagri,"Professioni dei servizi sanitari ed igienici, cura estetica della persona",149,3.1.1,"Spazzaturai, spazzacamini, fognaioli",,persons,F,0
382,profession,nonagri,"Professioni dei servizi sanitari ed igienici, cura estetica della persona",149,3.1.1,"Spazzaturai, spazzacamini, fognaioli",H,persons,MF,1
382,profession,nonagri,"Professioni dei servizi sanitari ed igienici, cura estetica della persona",149,3.1.1,"Spazzaturai, spazzacamini, fognaioli",H,persons,M,1
382,profession,nonagri,"Professioni dei servizi sanitari ed igienici, cura estetica della persona",149,3.1.1,"Spazzaturai, spazzacamini, fognaioli",H,persons,F,0
383,profession,nonagri,"Pesatori, imballatori, imbottigliatori",150,1.6.1,"Imballatori, impaccatori, inscatolatori, etichettatori",,persons,MF,7
383,profession,nonagri,"Pesatori, imballatori, imbottigliatori",150,1.6.1,"Imballatori, impaccatori, inscatolatori, etichettatori",,persons,M,2
383,profession,nonagri,"Pesatori, imballatori, imbottigliatori",150,1.6.1,"Imballatori, impaccatori, inscatolatori, etichettatori",,persons,F,5
384,profession,nonagri,"Pesatori, imballatori, imbottigliatori",150,1.6.1,"Imballatori, impaccatori, inscatolatori, etichettatori",H,persons,MF,7
384,profession,nonagri,"Pesatori, imballatori, imbottigliatori",150,1.6.1,"Imballatori, impaccatori, inscatolatori, etichettatori",H,persons,M,2
384,profession,nonagri,"Pesatori, imballatori, imbottigliatori",150,1.6.1,"Imballatori, impaccatori, inscatolatori, etichettatori",H,persons,F,5
385,profession,nonagri,"Pesatori, imballatori, imbottigliatori",151,1.6.3,"Imbottigliatori, riempitori di fiale",,persons,MF,2
385,profession,nonagri,"Pesatori, imballatori, imbottigliatori",151,1.6.3,"Imbottigliatori, riempitori di fiale",,persons,M,2
385,profession,nonagri,"Pesatori, imballatori, imbottigliatori",151,1.6.3,"Imbottigliatori, riempitori di fiale",,persons,F,0
386,profession,nonagri,"Pesatori, imballatori, imbottigliatori",151,1.6.3,"Imbottigliatori, riempitori di fiale",H,persons,MF,2
386,profession,nonagri,"Pesatori, imballatori, imbottigliatori",151,1.6.3,"Imbottigliatori, riempitori di fiale",H,persons,M,2
386,profession,nonagri,"Pesatori, imballatori, imbottigliatori",151,1.6.3,"Imbottigliatori, riempitori di fiale",H,persons,F,0
387,profession,nonagri,"Pesatori, imballatori, imbottigliatori",152,2.5.6,Pesatori e misuratori,,persons,MF,2
387,profession,nonagri,"Pesatori, imballatori, imbottigliatori",152,2.5.6,Pesatori e misuratori,,persons,M,2
387,profession,nonagri,"Pesatori, imballatori, imbottigliatori",152,2.5.6,Pesatori e misuratori,,persons,F,0
388,profession,nonagri,"Pesatori, imballatori, imbottigliatori",152,2.5.6,Pesatori e misuratori,F,persons,MF,2
388,profession,nonagri,"Pesatori, imballatori, imbottigliatori",152,2.5.6,Pesatori e misuratori,F,persons,M,2
388,profession,nonagri,"Pesatori, imballatori, imbottigliatori",152,2.5.6,Pesatori e misuratori,F,persons,F,0
389,profession,nonagri,Impiegati di amministrazioni pubbliche e private,153,0.1.0,"Applicati, alunni d'ordine, archivisti, economi",,persons,MF,749
389,profession,nonagri,Impiegati di amministrazioni pubbliche e private,153,0.1.0,"Applicati, alunni d'ordine, archivisti, economi",,persons,M,688
389,profession,nonagri,Impiegati di amministrazioni pubbliche e private,153,0.1.0,"Applicati, alunni d'ordine, archivisti, economi",,persons,F,61
390,profession,nonagri,Impiegati di amministrazioni pubbliche e private,153,0.1.0,"Applicati, alunni d'ordine, archivisti, economi",F,persons,MF,749
390,profession,nonagri,Impiegati di amministrazioni pubbliche e private,153,0.1.0,"Applicati, alunni d'ordine, archivisti, economi",F,persons,M,688
390,profession,nonagri,Impiegati di amministrazioni pubbliche e private,153,0.1.0,"Applicati, alunni d'ordine, archivisti, economi",F,persons,F,61
391,profession,nonagri,Impiegati di amministrazioni pubbliche e private,154,0.3.6,Bibliotecari,,persons,MF,1
391,profession,nonagri,Impiegati di amministrazioni pubbliche e private,154,0.3.6,Bibliotecari,,persons,M,1
391,profession,nonagri,Impiegati di amministrazioni pubbliche e private,154,0.3.6,Bibliotecari,,persons,F,0
392,profession,nonagri,Impiegati di amministrazioni pubbliche e private,154,0.3.6,Bibliotecari,F,persons,MF,1
392,profession,nonagri,Impiegati di amministrazioni pubbliche e private,154,0.3.6,Bibliotecari,F,persons,M,1
392,profession,nonagri,Impiegati di amministrazioni pubbliche e private,154,0.3.6,Bibliotecari,F,persons,F,0
393,profession,nonagri,Impiegati di amministrazioni pubbliche e private,155,0.5.1,"Capi reparto, capi divisione, capi sezione, capi servizio",,persons,MF,26
393,profession,nonagri,Impiegati di amministrazioni pubbliche e private,155,0.5.1,"Capi reparto, capi divisione, capi sezione, capi servizio",,persons,M,26
393,profession,nonagri,Impiegati di amministrazioni pubbliche e private,155,0.5.1,"Capi reparto, capi divisione, capi sezione, capi servizio",,persons,F,0
394,profession,nonagri,Impiegati di amministrazioni pubbliche e private,155,0.5.1,"Capi reparto, capi divisione, capi sezione, capi servizio",E,persons,MF,1
394,profession,nonagri,Impiegati di amministrazioni pubbliche e private,155,0.5.1,"Capi reparto, capi divisione, capi sezione, capi servizio",E,persons,M,1
394,profession,nonagri,Impiegati di amministrazioni pubbliche e private,155,0.5.1,"Capi reparto, capi divisione, capi sezione, capi servizio",E,persons,F,0
395,profession,nonagri,Impiegati di amministrazioni pubbliche e private,155,0.5.1,"Capi reparto, capi divisione, capi sezione, capi servizio",F,persons,MF,25
395,profession,nonagri,Impiegati di amministrazioni pubbliche e private,155,0.5.1,"Capi reparto, capi divisione, capi sezione, capi servizio",F,persons,M,25
395,profession,nonagri,Impiegati di amministrazioni pubbliche e private,155,0.5.1,"Capi reparto, capi divisione, capi sezione, capi servizio",F,persons,F,0
396,profession,nonagri,Impiegati di amministrazioni pubbliche e private,156,0.5.4,"Capi ufficio, segretari, ispettori",,persons,MF,247
396,profession,nonagri,Impiegati di amministrazioni pubbliche e private,156,0.5.4,"Capi ufficio, segretari, ispettori",,persons,M,242
396,profession,nonagri,Impiegati di amministrazioni pubbliche e private,156,0.5.4,"Capi ufficio, segretari, ispettori",,persons,F,5
397,profession,nonagri,Impiegati di amministrazioni pubbliche e private,156,0.5.4,"Capi ufficio, segretari, ispettori",F,persons,MF,247
397,profession,nonagri,Impiegati di amministrazioni pubbliche e private,156,0.5.4,"Capi ufficio, segretari, ispettori",F,persons,M,242
397,profession,nonagri,Impiegati di amministrazioni pubbliche e private,156,0.5.4,"Capi ufficio, segretari, ispettori",F,persons,F,5
398,profession,nonagri,Impiegati di amministrazioni pubbliche e private,157,0.9.7,Dattilografi e stenografi,,persons,MF,154
398,profession,nonagri,Impiegati di amministrazioni pubbliche e private,157,0.9.7,Dattilografi e stenografi,,persons,M,86
398,profession,nonagri,Impiegati di amministrazioni pubbliche e private,157,0.9.7,Dattilografi e stenografi,,persons,F,68
399,profession,nonagri,Impiegati di amministrazioni pubbliche e private,157,0.9.7,Dattilografi e stenografi,F,persons,MF,154
399,profession,nonagri,Impiegati di amministrazioni pubbliche e private,157,0.9.7,Dattilografi e stenografi,F,persons,M,86
399,profession,nonagri,Impiegati di amministrazioni pubbliche e private,157,0.9.7,Dattilografi e stenografi,F,persons,F,68
400,profession,nonagri,Impiegati di amministrazioni pubbliche e private,158,1.5.0,"Direttori generali, direttori",,persons,MF,123
400,profession,nonagri,Impiegati di amministrazioni pubbliche e private,158,1.5.0,"Direttori generali, direttori",,persons,M,119
400,profession,nonagri,Impiegati di amministrazioni pubbliche e private,158,1.5.0,"Direttori generali, direttori",,persons,F,4
401,profession,nonagri,Impiegati di amministrazioni pubbliche e private,158,1.5.0,"Direttori generali, direttori",E,persons,MF,123
401,profession,nonagri,Impiegati di amministrazioni pubbliche e private,158,1.5.0,"Direttori generali, direttori",E,persons,M,119
401,profession,nonagri,Impiegati di amministrazioni pubbliche e private,158,1.5.0,"Direttori generali, direttori",E,persons,F,4
402,profession,nonagri,Impiegati di amministrazioni pubbliche e private,159,1.0.7,Direttori tecnici,,persons,MF,22
402,profession,nonagri,Impiegati di amministrazioni pubbliche e private,159,1.0.7,Direttori tecnici,,persons,M,22
402,profession,nonagri,Impiegati di amministrazioni pubbliche e private,159,1.0.7,Direttori tecnici,,persons,F,0
403,profession,nonagri,Impiegati di amministrazioni pubbliche e private,159,1.0.7,Direttori tecnici,E,persons,MF,22
403,profession,nonagri,Impiegati di amministrazioni pubbliche e private,159,1.0.7,Direttori tecnici,E,persons,M,22
403,profession,nonagri,Impiegati di amministrazioni pubbliche e private,159,1.0.7,Direttori tecnici,E,persons,F,0
404,profession,nonagri,Impiegati di amministrazioni pubbliche e private,160,1.6.7,Impiegati tecnici,,persons,MF,126
404,profession,nonagri,Impiegati di amministrazioni pubbliche e private,160,1.6.7,Impiegati tecnici,,persons,M,123
404,profession,nonagri,Impiegati di amministrazioni pubbliche e private,160,1.6.7,Impiegati tecnici,,persons,F,3
405,profession,nonagri,Impiegati di amministrazioni pubbliche e private,160,1.6.7,Impiegati tecnici,F,persons,MF,126
405,profession,nonagri,Impiegati di amministrazioni pubbliche e private,160,1.6.7,Impiegati tecnici,F,persons,M,123
405,profession,nonagri,Impiegati di amministrazioni pubbliche e private,160,1.6.7,Impiegati tecnici,F,persons,F,3
406,profession,nonagri,Impiegati di amministrazioni pubbliche e private,161,1.8.1,Interpreti e traduttori,,persons,MF,33
406,profession,nonagri,Impiegati di amministrazioni pubbliche e private,161,1.8.1,Interpreti e traduttori,,persons,M,33
406,profession,nonagri,Impiegati di amministrazioni pubbliche e private,161,1.8.1,Interpreti e traduttori,,persons,F,0
407,profession,nonagri,Impiegati di amministrazioni pubbliche e private,161,1.8.1,Interpreti e traduttori,F,persons,MF,33
407,profession,nonagri,Impiegati di amministrazioni pubbliche e private,161,1.8.1,Interpreti e traduttori,F,persons,M,33
407,profession,nonagri,Impiegati di amministrazioni pubbliche e private,161,1.8.1,Interpreti e traduttori,F,persons,F,0
408,profession,nonagri,Impiegati di amministrazioni pubbliche e private,162,3.4.5,"Uscieri, inservienti e bidelli di uffici pubblici e privati",,persons,MF,159
408,profession,nonagri,Impiegati di amministrazioni pubbliche e private,162,3.4.5,"Uscieri, inservienti e bidelli di uffici pubblici e privati",,persons,M,135
408,profession,nonagri,Impiegati di amministrazioni pubbliche e private,162,3.4.5,"Uscieri, inservienti e bidelli di uffici pubblici e privati",,persons,F,24
409,profession,nonagri,Impiegati di amministrazioni pubbliche e private,162,3.4.5,"Uscieri, inservienti e bidelli di uffici pubblici e privati",G,persons,MF,159
409,profession,nonagri,Impiegati di amministrazioni pubbliche e private,162,3.4.5,"Uscieri, inservienti e bidelli di uffici pubblici e privati",G,persons,M,135
409,profession,nonagri,Impiegati di amministrazioni pubbliche e private,162,3.4.5,"Uscieri, inservienti e bidelli di uffici pubblici e privati",G,persons,F,24
410,profession,nonagri,Corpo diplomatico e consolare,163,0.8.6,"Consiglieri di legazione, segretari di legazione",,persons,MF,1
410,profession,nonagri,Corpo diplomatico e consolare,163,0.8.6,"Consiglieri di legazione, segretari di legazione",,persons,M,1
410,profession,nonagri,Corpo diplomatico e consolare,163,0.8.6,"Consiglieri di legazione, segretari di legazione",,persons,F,0
411,profession,nonagri,Corpo diplomatico e consolare,163,0.8.6,"Consiglieri di legazione, segretari di legazione",F,persons,MF,1
411,profession,nonagri,Corpo diplomatico e consolare,163,0.8.6,"Consiglieri di legazione, segretari di legazione",F,persons,M,1
411,profession,nonagri,Corpo diplomatico e consolare,163,0.8.6,"Consiglieri di legazione, segretari di legazione",F,persons,F,0
412,profession,nonagri,Corpo diplomatico e consolare,164,0.8.7,"Consoli, addetti consolari, commerciali, militari",,persons,MF,9
412,profession,nonagri,Corpo diplomatico e consolare,164,0.8.7,"Consoli, addetti consolari, commerciali, militari",,persons,M,9
412,profession,nonagri,Corpo diplomatico e consolare,164,0.8.7,"Consoli, addetti consolari, commerciali, militari",,persons,F,0
413,profession,nonagri,Corpo diplomatico e consolare,164,0.8.7,"Consoli, addetti consolari, commerciali, militari",E,persons,MF,6
413,profession,nonagri,Corpo diplomatico e consolare,164,0.8.7,"Consoli, addetti consolari, commerciali, militari",E,persons,M,6
413,profession,nonagri,Corpo diplomatico e consolare,164,0.8.7,"Consoli, addetti consolari, commerciali, militari",E,persons,F,0
414,profession,nonagri,Corpo diplomatico e consolare,164,0.8.7,"Consoli, addetti consolari, commerciali, militari",F,persons,MF,3
414,profession,nonagri,Corpo diplomatico e consolare,164,0.8.7,"Consoli, addetti consolari, commerciali, militari",F,persons,M,3
414,profession,nonagri,Corpo diplomatico e consolare,164,0.8.7,"Consoli, addetti consolari, commerciali, militari",F,persons,F,0
415,profession,nonagri,Professioni dell'insegnamento,165,1.7.5,"Insegnanti di educazione fisica, di ballo, di scherma",,persons,MF,3
415,profession,nonagri,Professioni dell'insegnamento,165,1.7.5,"Insegnanti di educazione fisica, di ballo, di scherma",,persons,M,3
415,profession,nonagri,Professioni dell'insegnamento,165,1.7.5,"Insegnanti di educazione fisica, di ballo, di scherma",,persons,F,0
416,profession,nonagri,Professioni dell'insegnamento,165,1.7.5,"Insegnanti di educazione fisica, di ballo, di scherma",D,persons,MF,1
416,profession,nonagri,Professioni dell'insegnamento,165,1.7.5,"Insegnanti di educazione fisica, di ballo, di scherma",D,persons,M,1
416,profession,nonagri,Professioni dell'insegnamento,165,1.7.5,"Insegnanti di educazione fisica, di ballo, di scherma",D,persons,F,0
417,profession,nonagri,Professioni dell'insegnamento,165,1.7.5,"Insegnanti di educazione fisica, di ballo, di scherma",F,persons,MF,2
417,profession,nonagri,Professioni dell'insegnamento,165,1.7.5,"Insegnanti di educazione fisica, di ballo, di scherma",F,persons,M,2
417,profession,nonagri,Professioni dell'insegnamento,165,1.7.5,"Insegnanti di educazione fisica, di ballo, di scherma",F,persons,F,0
418,profession,nonagri,Professioni dell'insegnamento,166,1.7.6,"Insegnanti di materie scientifiche, letterarie e tecnico-professionali",,persons,MF,605
418,profession,nonagri,Professioni dell'insegnamento,166,1.7.6,"Insegnanti di materie scientifiche, letterarie e tecnico-professionali",,persons,M,250
418,profession,nonagri,Professioni dell'insegnamento,166,1.7.6,"Insegnanti di materie scientifiche, letterarie e tecnico-professionali",,persons,F,355
419,profession,nonagri,Professioni dell'insegnamento,166,1.7.6,"Insegnanti di materie scientifiche, letterarie e tecnico-professionali",D,persons,MF,8
419,profession,nonagri,Professioni dell'insegnamento,166,1.7.6,"Insegnanti di materie scientifiche, letterarie e tecnico-professionali",D,persons,M,3
419,profession,nonagri,Professioni dell'insegnamento,166,1.7.6,"Insegnanti di materie scientifiche, letterarie e tecnico-professionali",D,persons,F,5
420,profession,nonagri,Professioni dell'insegnamento,166,1.7.6,"Insegnanti di materie scientifiche, letterarie e tecnico-professionali",F,persons,MF,597
420,profession,nonagri,Professioni dell'insegnamento,166,1.7.6,"Insegnanti di materie scientifiche, letterarie e tecnico-professionali",F,persons,M,247
420,profession,nonagri,Professioni dell'insegnamento,166,1.7.6,"Insegnanti di materie scientifiche, letterarie e tecnico-professionali",F,persons,F,350
421,profession,nonagri,Professioni dell'insegnamento,167,1.7.7,Insegnanti di musica vocale e strumentale e di recitazione,,persons,MF,32
421,profession,nonagri,Professioni dell'insegnamento,167,1.7.7,Insegnanti di musica vocale e strumentale e di recitazione,,persons,M,11
421,profession,nonagri,Professioni dell'insegnamento,167,1.7.7,Insegnanti di musica vocale e strumentale e di recitazione,,persons,F,21
422,profession,nonagri,Professioni dell'insegnamento,167,1.7.7,Insegnanti di musica vocale e strumentale e di recitazione,D,persons,MF,26
422,profession,nonagri,Professioni dell'insegnamento,167,1.7.7,Insegnanti di musica vocale e strumentale e di recitazione,D,persons,M,8
422,profession,nonagri,Professioni dell'insegnamento,167,1.7.7,Insegnanti di musica vocale e strumentale e di recitazione,D,persons,F,18
423,profession,nonagri,Professioni dell'insegnamento,167,1.7.7,Insegnanti di musica vocale e strumentale e di recitazione,F,persons,MF,6
423,profession,nonagri,Professioni dell'insegnamento,167,1.7.7,Insegnanti di musica vocale e strumentale e di recitazione,F,persons,M,3
423,profession,nonagri,Professioni dell'insegnamento,167,1.7.7,Insegnanti di musica vocale e strumentale e di recitazione,F,persons,F,3
424,profession,nonagri,Professioni dell'insegnamento,168,1.8.5,"Istitutori, censori, prefetti di camerata",,persons,MF,5
424,profession,nonagri,Professioni dell'insegnamento,168,1.8.5,"Istitutori, censori, prefetti di camerata",,persons,M,0
424,profession,nonagri,Professioni dell'insegnamento,168,1.8.5,"Istitutori, censori, prefetti di camerata",,persons,F,5
425,profession,nonagri,Professioni dell'insegnamento,168,1.8.5,"Istitutori, censori, prefetti di camerata",F,persons,MF,5
425,profession,nonagri,Professioni dell'insegnamento,168,1.8.5,"Istitutori, censori, prefetti di camerata",F,persons,M,0
425,profession,nonagri,Professioni dell'insegnamento,168,1.8.5,"Istitutori, censori, prefetti di camerata",F,persons,F,5
426,profession,nonagri,Professioni dell'insegnamento,169,2.7.6,Presidi e direttori di istituti di istruzione,,persons,MF,6
426,profession,nonagri,Professioni dell'insegnamento,169,2.7.6,Presidi e direttori di istituti di istruzione,,persons,M,5
426,profession,nonagri,Professioni dell'insegnamento,169,2.7.6,Presidi e direttori di istituti di istruzione,,persons,F,1
427,profession,nonagri,Professioni dell'insegnamento,169,2.7.6,Presidi e direttori di istituti di istruzione,E,persons,MF,6
427,profession,nonagri,Professioni dell'insegnamento,169,2.7.6,Presidi e direttori di istituti di istruzione,E,persons,M,5
427,profession,nonagri,Professioni dell'insegnamento,169,2.7.6,Presidi e direttori di istituti di istruzione,E,persons,F,1
428,profession,nonagri,Forze armate,170,1.5.1,Graduati e militari di truppa,,persons,MF,1272
428,profession,nonagri,Forze armate,170,1.5.1,Graduati e militari di truppa,,persons,M,1272
428,profession,nonagri,Forze armate,170,1.5.1,Graduati e militari di truppa,,persons,F,0
429,profession,nonagri,Forze armate,170,1.5.1,Graduati e militari di truppa,H,persons,MF,1272
429,profession,nonagri,Forze armate,170,1.5.1,Graduati e militari di truppa,H,persons,M,1272
429,profession,nonagri,Forze armate,170,1.5.1,Graduati e militari di truppa,H,persons,F,0
430,profession,nonagri,Forze armate,171,3.1.0,Sottufficiali,,persons,MF,1874
430,profession,nonagri,Forze armate,171,3.1.0,Sottufficiali,,persons,M,1874
430,profession,nonagri,Forze armate,171,3.1.0,Sottufficiali,,persons,F,0
431,profession,nonagri,Forze armate,171,3.1.0,Sottufficiali,F,persons,MF,1874
431,profession,nonagri,Forze armate,171,3.1.0,Sottufficiali,F,persons,M,1874
431,profession,nonagri,Forze armate,171,3.1.0,Sottufficiali,F,persons,F,0
432,profession,nonagri,Forze armate,172,3.4.3,Ufficiali delle forze armate,,persons,MF,891
432,profession,nonagri,Forze armate,172,3.4.3,Ufficiali delle forze armate,,persons,M,891
432,profession,nonagri,Forze armate,172,3.4.3,Ufficiali delle forze armate,,persons,F,0
433,profession,nonagri,Forze armate,172,3.4.3,Ufficiali delle forze armate,E,persons,MF,28
433,profession,nonagri,Forze armate,172,3.4.3,Ufficiali delle forze armate,E,persons,M,28
433,profession,nonagri,Forze armate,172,3.4.3,Ufficiali delle forze armate,E,persons,F,0
434,profession,nonagri,Forze armate,172,3.4.3,Ufficiali delle forze armate,F,persons,MF,863
434,profession,nonagri,Forze armate,172,3.4.3,Ufficiali delle forze armate,F,persons,M,863
434,profession,nonagri,Forze armate,172,3.4.3,Ufficiali delle forze armate,F,persons,F,0
435,profession,nonagri,"Personale di pubblica sicurezza, di vigilanza",173,0.0.5,"Agenti di pubblica sicurezza, metropolitani, vigili comunali, guardie carcerarie",,persons,MF,123
435,profession,nonagri,"Personale di pubblica sicurezza, di vigilanza",173,0.0.5,"Agenti di pubblica sicurezza, metropolitani, vigili comunali, guardie carcerarie",,persons,M,123
435,profession,nonagri,"Personale di pubblica sicurezza, di vigilanza",173,0.0.5,"Agenti di pubblica sicurezza, metropolitani, vigili comunali, guardie carcerarie",,persons,F,0
436,profession,nonagri,"Personale di pubblica sicurezza, di vigilanza",173,0.0.5,"Agenti di pubblica sicurezza, metropolitani, vigili comunali, guardie carcerarie",G,persons,MF,123
436,profession,nonagri,"Personale di pubblica sicurezza, di vigilanza",173,0.0.5,"Agenti di pubblica sicurezza, metropolitani, vigili comunali, guardie carcerarie",G,persons,M,123
436,profession,nonagri,"Personale di pubblica sicurezza, di vigilanza",173,0.0.5,"Agenti di pubblica sicurezza, metropolitani, vigili comunali, guardie carcerarie",G,persons,F,0
437,profession,nonagri,"Personale di pubblica sicurezza, di vigilanza",174,0.4.8,"Cantonieri stradali e ferroviari, guardabarriere",,persons,MF,190
437,profession,nonagri,"Personale di pubblica sicurezza, di vigilanza",174,0.4.8,"Cantonieri stradali e ferroviari, guardabarriere",,persons,M,189
437,profession,nonagri,"Personale di pubblica sicurezza, di vigilanza",174,0.4.8,"Cantonieri stradali e ferroviari, guardabarriere",,persons,F,1
438,profession,nonagri,"Personale di pubblica sicurezza, di vigilanza",174,0.4.8,"Cantonieri stradali e ferroviari, guardabarriere",H,persons,MF,190
438,profession,nonagri,"Personale di pubblica sicurezza, di vigilanza",174,0.4.8,"Cantonieri stradali e ferroviari, guardabarriere",H,persons,M,189
438,profession,nonagri,"Personale di pubblica sicurezza, di vigilanza",174,0.4.8,"Cantonieri stradali e ferroviari, guardabarriere",H,persons,F,1
439,profession,nonagri,"Personale di pubblica sicurezza, di vigilanza",175,1.5.4,Guardacaccia e guardaboschi,,persons,MF,7
439,profession,nonagri,"Personale di pubblica sicurezza, di vigilanza",175,1.5.4,Guardacaccia e guardaboschi,,persons,M,7
439,profession,nonagri,"Personale di pubblica sicurezza, di vigilanza",175,1.5.4,Guardacaccia e guardaboschi,,persons,F,0
440,profession,nonagri,"Personale di pubblica sicurezza, di vigilanza",175,1.5.4,Guardacaccia e guardaboschi,G,persons,MF,7
440,profession,nonagri,"Personale di pubblica sicurezza, di vigilanza",175,1.5.4,Guardacaccia e guardaboschi,G,persons,M,7
440,profession,nonagri,"Personale di pubblica sicurezza, di vigilanza",175,1.5.4,Guardacaccia e guardaboschi,G,persons,F,0
441,profession,nonagri,"Personale di pubblica sicurezza, di vigilanza",176,3.5.7,Vigili del fuoco,,persons,MF,6
441,profession,nonagri,"Personale di pubblica sicurezza, di vigilanza",176,3.5.7,Vigili del fuoco,,persons,M,6
441,profession,nonagri,"Personale di pubblica sicurezza, di vigilanza",176,3.5.7,Vigili del fuoco,,persons,F,0
442,profession,nonagri,"Personale di pubblica sicurezza, di vigilanza",176,3.5.7,Vigili del fuoco,G,persons,MF,6
442,profession,nonagri,"Personale di pubblica sicurezza, di vigilanza",176,3.5.7,Vigili del fuoco,G,persons,M,6
442,profession,nonagri,"Personale di pubblica sicurezza, di vigilanza",176,3.5.7,Vigili del fuoco,G,persons,F,0
443,profession,nonagri,Giardinieri e guardiani del bestiame,177,1.4.7,"Giardinieri, classificatori di piante, potatori",,persons,MF,60
443,profession,nonagri,Giardinieri e guardiani del bestiame,177,1.4.7,"Giardinieri, classificatori di piante, potatori",,persons,M,60
443,profession,nonagri,Giardinieri e guardiani del bestiame,177,1.4.7,"Giardinieri, classificatori di piante, potatori",,persons,F,0
444,profession,nonagri,Giardinieri e guardiani del bestiame,177,1.4.7,"Giardinieri, classificatori di piante, potatori",H,persons,MF,60
444,profession,nonagri,Giardinieri e guardiani del bestiame,177,1.4.7,"Giardinieri, classificatori di piante, potatori",H,persons,M,60
444,profession,nonagri,Giardinieri e guardiani del bestiame,177,1.4.7,"Giardinieri, classificatori di piante, potatori",H,persons,F,0
445,profession,nonagri,Giardinieri e guardiani del bestiame,178,3.1.6,"Stallieri, palafrenieri, cavallanti",,persons,MF,2
445,profession,nonagri,Giardinieri e guardiani del bestiame,178,3.1.6,"Stallieri, palafrenieri, cavallanti",,persons,M,2
445,profession,nonagri,Giardinieri e guardiani del bestiame,178,3.1.6,"Stallieri, palafrenieri, cavallanti",,persons,F,0
446,profession,nonagri,Giardinieri e guardiani del bestiame,178,3.1.6,"Stallieri, palafrenieri, cavallanti",G,persons,MF,2
446,profession,nonagri,Giardinieri e guardiani del bestiame,178,3.1.6,"Stallieri, palafrenieri, cavallanti",G,persons,M,2
446,profession,nonagri,Giardinieri e guardiani del bestiame,178,3.1.6,"Stallieri, palafrenieri, cavallanti",G,persons,F,0
447,profession,nonagri,Personale di negozi di vendita e di pubblici esercizi,179,0.3.1,"Banconieri, baristi",,persons,MF,22
447,profession,nonagri,Personale di negozi di vendita e di pubblici esercizi,179,0.3.1,"Banconieri, baristi",,persons,M,16
447,profession,nonagri,Personale di negozi di vendita e di pubblici esercizi,179,0.3.1,"Banconieri, baristi",,persons,F,6
448,profession,nonagri,Personale di negozi di vendita e di pubblici esercizi,179,0.3.1,"Banconieri, baristi",H,persons,MF,22
448,profession,nonagri,Personale di negozi di vendita e di pubblici esercizi,179,0.3.1,"Banconieri, baristi",H,persons,M,16
448,profession,nonagri,Personale di negozi di vendita e di pubblici esercizi,179,0.3.1,"Banconieri, baristi",H,persons,F,6
449,profession,nonagri,Personale di negozi di vendita e di pubblici esercizi,180,0.6.6,Cassieri e tesorieri,,persons,MF,81
449,profession,nonagri,Personale di negozi di vendita e di pubblici esercizi,180,0.6.6,Cassieri e tesorieri,,persons,M,68
449,profession,nonagri,Personale di negozi di vendita e di pubblici esercizi,180,0.6.6,Cassieri e tesorieri,,persons,F,13
450,profession,nonagri,Personale di negozi di vendita e di pubblici esercizi,180,0.6.6,Cassieri e tesorieri,F,persons,MF,81
450,profession,nonagri,Personale di negozi di vendita e di pubblici esercizi,180,0.6.6,Cassieri e tesorieri,F,persons,M,68
450,profession,nonagri,Personale di negozi di vendita e di pubblici esercizi,180,0.6.6,Cassieri e tesorieri,F,persons,F,13
451,profession,nonagri,Personale di negozi di vendita e di pubblici esercizi,181,0.8.0,Commessi di vendita,,persons,MF,199
451,profession,nonagri,Personale di negozi di vendita e di pubblici esercizi,181,0.8.0,Commessi di vendita,,persons,M,160
451,profession,nonagri,Personale di negozi di vendita e di pubblici esercizi,181,0.8.0,Commessi di vendita,,persons,F,39
452,profession,nonagri,Personale di negozi di vendita e di pubblici esercizi,181,0.8.0,Commessi di vendita,F,persons,MF,199
452,profession,nonagri,Personale di negozi di vendita e di pubblici esercizi,181,0.8.0,Commessi di vendita,F,persons,M,160
452,profession,nonagri,Personale di negozi di vendita e di pubblici esercizi,181,0.8.0,Commessi di vendita,F,persons,F,39
453,profession,nonagri,Personale di negozi di vendita e di pubblici esercizi,182,0.9.0,Corrispondenti,,persons,MF,1
453,profession,nonagri,Personale di negozi di vendita e di pubblici esercizi,182,0.9.0,Corrispondenti,,persons,M,1
453,profession,nonagri,Personale di negozi di vendita e di pubblici esercizi,182,0.9.0,Corrispondenti,,persons,F,0
454,profession,nonagri,Personale di negozi di vendita e di pubblici esercizi,182,0.9.0,Corrispondenti,F,persons,MF,1
454,profession,nonagri,Personale di negozi di vendita e di pubblici esercizi,182,0.9.0,Corrispondenti,F,persons,M,1
454,profession,nonagri,Personale di negozi di vendita e di pubblici esercizi,182,0.9.0,Corrispondenti,F,persons,F,0
455,profession,nonagri,Personale di negozi di vendita e di pubblici esercizi,183,1.2.0,"Esattori, riscuotitori",,persons,MF,37
455,profession,nonagri,Personale di negozi di vendita e di pubblici esercizi,183,1.2.0,"Esattori, riscuotitori",,persons,M,37
455,profession,nonagri,Personale di negozi di vendita e di pubblici esercizi,183,1.2.0,"Esattori, riscuotitori",,persons,F,0
456,profession,nonagri,Personale di negozi di vendita e di pubblici esercizi,183,1.2.0,"Esattori, riscuotitori",F,persons,MF,37
456,profession,nonagri,Personale di negozi di vendita e di pubblici esercizi,183,1.2.0,"Esattori, riscuotitori",F,persons,M,37
456,profession,nonagri,Personale di negozi di vendita e di pubblici esercizi,183,1.2.0,"Esattori, riscuotitori",F,persons,F,0
457,profession,nonagri,Personale di negozi di vendita e di pubblici esercizi,184,1.2.6,"Fattorini, cascherini, ecc.",,persons,MF,28
457,profession,nonagri,Personale di negozi di vendita e di pubblici esercizi,184,1.2.6,"Fattorini, cascherini, ecc.",,persons,M,27
457,profession,nonagri,Personale di negozi di vendita e di pubblici esercizi,184,1.2.6,"Fattorini, cascherini, ecc.",,persons,F,1
458,profession,nonagri,Personale di negozi di vendita e di pubblici esercizi,184,1.2.6,"Fattorini, cascherini, ecc.",G,persons,MF,28
458,profession,nonagri,Personale di negozi di vendita e di pubblici esercizi,184,1.2.6,"Fattorini, cascherini, ecc.",G,persons,M,27
458,profession,nonagri,Personale di negozi di vendita e di pubblici esercizi,184,1.2.6,"Fattorini, cascherini, ecc.",G,persons,F,1
459,profession,nonagri,Personale di negozi di vendita e di pubblici esercizi,185,1.4.6,"Gerenti, agenti di pubblicita e di viaggio",,persons,MF,46
459,profession,nonagri,Personale di negozi di vendita e di pubblici esercizi,185,1.4.6,"Gerenti, agenti di pubblicita e di viaggio",,persons,M,36
459,profession,nonagri,Personale di negozi di vendita e di pubblici esercizi,185,1.4.6,"Gerenti, agenti di pubblicita e di viaggio",,persons,F,10
460,profession,nonagri,Personale di negozi di vendita e di pubblici esercizi,185,1.4.6,"Gerenti, agenti di pubblicita e di viaggio",F,persons,MF,46
460,profession,nonagri,Personale di negozi di vendita e di pubblici esercizi,185,1.4.6,"Gerenti, agenti di pubblicita e di viaggio",F,persons,M,36
460,profession,nonagri,Personale di negozi di vendita e di pubblici esercizi,185,1.4.6,"Gerenti, agenti di pubblicita e di viaggio",F,persons,F,10
461,profession,nonagri,Personale di negozi di vendita e di pubblici esercizi,186,1.6.6,Impiegati senz'altra specificazione,,persons,MF,69
461,profession,nonagri,Personale di negozi di vendita e di pubblici esercizi,186,1.6.6,Impiegati senz'altra specificazione,,persons,M,63
461,profession,nonagri,Personale di negozi di vendita e di pubblici esercizi,186,1.6.6,Impiegati senz'altra specificazione,,persons,F,6
462,profession,nonagri,Personale di negozi di vendita e di pubblici esercizi,186,1.6.6,Impiegati senz'altra specificazione,F,persons,MF,69
462,profession,nonagri,Personale di negozi di vendita e di pubblici esercizi,186,1.6.6,Impiegati senz'altra specificazione,F,persons,M,63
462,profession,nonagri,Personale di negozi di vendita e di pubblici esercizi,186,1.6.6,Impiegati senz'altra specificazione,F,persons,F,6
463,profession,nonagri,Personale di negozi di vendita e di pubblici esercizi,187,1.8.3,"Ispettori, controllori di grandi magazzini",,persons,MF,1
463,profession,nonagri,Personale di negozi di vendita e di pubblici esercizi,187,1.8.3,"Ispettori, controllori di grandi magazzini",,persons,M,1
463,profession,nonagri,Personale di negozi di vendita e di pubblici esercizi,187,1.8.3,"Ispettori, controllori di grandi magazzini",,persons,F,0
464,profession,nonagri,Personale di negozi di vendita e di pubblici esercizi,187,1.8.3,"Ispettori, controllori di grandi magazzini",F,persons,MF,1
464,profession,nonagri,Personale di negozi di vendita e di pubblici esercizi,187,1.8.3,"Ispettori, controllori di grandi magazzini",F,persons,M,1
464,profession,nonagri,Personale di negozi di vendita e di pubblici esercizi,187,1.8.3,"Ispettori, controllori di grandi magazzini",F,persons,F,0
465,profession,nonagri,Personale di negozi di vendita e di pubblici esercizi,188,2.8.5,Ragionieri e contabili,,persons,MF,646
465,profession,nonagri,Personale di negozi di vendita e di pubblici esercizi,188,2.8.5,Ragionieri e contabili,,persons,M,599
465,profession,nonagri,Personale di negozi di vendita e di pubblici esercizi,188,2.8.5,Ragionieri e contabili,,persons,F,47
466,profession,nonagri,Personale di negozi di vendita e di pubblici esercizi,188,2.8.5,Ragionieri e contabili,D,persons,MF,16
466,profession,nonagri,Personale di negozi di vendita e di pubblici esercizi,188,2.8.5,Ragionieri e contabili,D,persons,M,16
466,profession,nonagri,Personale di negozi di vendita e di pubblici esercizi,188,2.8.5,Ragionieri e contabili,D,persons,F,0
467,profession,nonagri,Personale di negozi di vendita e di pubblici esercizi,188,2.8.5,Ragionieri e contabili,F,persons,MF,630
467,profession,nonagri,Personale di negozi di vendita e di pubblici esercizi,188,2.8.5,Ragionieri e contabili,F,persons,M,583
467,profession,nonagri,Personale di negozi di vendita e di pubblici esercizi,188,2.8.5,Ragionieri e contabili,F,persons,F,47
468,profession,nonagri,Personale di negozi di vendita e di pubblici esercizi,189,3.0.0,"Scritturali, amanuensi, copisti, giovani di studio, scrivani",,persons,MF,178
468,profession,nonagri,Personale di negozi di vendita e di pubblici esercizi,189,3.0.0,"Scritturali, amanuensi, copisti, giovani di studio, scrivani",,persons,M,168
468,profession,nonagri,Personale di negozi di vendita e di pubblici esercizi,189,3.0.0,"Scritturali, amanuensi, copisti, giovani di studio, scrivani",,persons,F,10
469,profession,nonagri,Personale di negozi di vendita e di pubblici esercizi,189,3.0.0,"Scritturali, amanuensi, copisti, giovani di studio, scrivani",F,persons,MF,178
469,profession,nonagri,Personale di negozi di vendita e di pubblici esercizi,189,3.0.0,"Scritturali, amanuensi, copisti, giovani di studio, scrivani",F,persons,M,168
469,profession,nonagri,Personale di negozi di vendita e di pubblici esercizi,189,3.0.0,"Scritturali, amanuensi, copisti, giovani di studio, scrivani",F,persons,F,10
470,profession,nonagri,Personale di negozi di vendita e di pubblici esercizi,190,3.1.9,Stimatori,,persons,MF,1
470,profession,nonagri,Personale di negozi di vendita e di pubblici esercizi,190,3.1.9,Stimatori,,persons,M,1
470,profession,nonagri,Personale di negozi di vendita e di pubblici esercizi,190,3.1.9,Stimatori,,persons,F,0
471,profession,nonagri,Personale di negozi di vendita e di pubblici esercizi,190,3.1.9,Stimatori,F,persons,MF,1
471,profession,nonagri,Personale di negozi di vendita e di pubblici esercizi,190,3.1.9,Stimatori,F,persons,M,1
471,profession,nonagri,Personale di negozi di vendita e di pubblici esercizi,190,3.1.9,Stimatori,F,persons,F,0
472,profession,nonagri,Personale di negozi di vendita e di pubblici esercizi,191,3.4.8,Venditori ambulanti (non padroni),,persons,MF,2
472,profession,nonagri,Personale di negozi di vendita e di pubblici esercizi,191,3.4.8,Venditori ambulanti (non padroni),,persons,M,2
472,profession,nonagri,Personale di negozi di vendita e di pubblici esercizi,191,3.4.8,Venditori ambulanti (non padroni),,persons,F,0
473,profession,nonagri,Personale di negozi di vendita e di pubblici esercizi,191,3.4.8,Venditori ambulanti (non padroni),F,persons,MF,2
473,profession,nonagri,Personale di negozi di vendita e di pubblici esercizi,191,3.4.8,Venditori ambulanti (non padroni),F,persons,M,2
473,profession,nonagri,Personale di negozi di vendita e di pubblici esercizi,191,3.4.8,Venditori ambulanti (non padroni),F,persons,F,0
474,profession,nonagri,Personale alberghiero,192,1.0.4,Direttori di alberghi e pensioni,,persons,MF,21
474,profession,nonagri,Personale alberghiero,192,1.0.4,Direttori di alberghi e pensioni,,persons,M,18
474,profession,nonagri,Personale alberghiero,192,1.0.4,Direttori di alberghi e pensioni,,persons,F,3
475,profession,nonagri,Personale alberghiero,192,1.0.4,Direttori di alberghi e pensioni,E,persons,MF,21
475,profession,nonagri,Personale alberghiero,192,1.0.4,Direttori di alberghi e pensioni,E,persons,M,18
475,profession,nonagri,Personale alberghiero,192,1.0.4,Direttori di alberghi e pensioni,E,persons,F,3
476,profession,nonagri,Personale alberghiero,193,1.1.6,"Economi di alberghi e pensioni, segretari di alberghi e pensioni, capi accettazione di alberghi e pensioni",,persons,MF,5
476,profession,nonagri,Personale alberghiero,193,1.1.6,"Economi di alberghi e pensioni, segretari di alberghi e pensioni, capi accettazione di alberghi e pensioni",,persons,M,4
476,profession,nonagri,Personale alberghiero,193,1.1.6,"Economi di alberghi e pensioni, segretari di alberghi e pensioni, capi accettazione di alberghi e pensioni",,persons,F,1
477,profession,nonagri,Personale alberghiero,193,1.1.6,"Economi di alberghi e pensioni, segretari di alberghi e pensioni, capi accettazione di alberghi e pensioni",F,persons,MF,5
477,profession,nonagri,Personale alberghiero,193,1.1.6,"Economi di alberghi e pensioni, segretari di alberghi e pensioni, capi accettazione di alberghi e pensioni",F,persons,M,4
477,profession,nonagri,Personale alberghiero,193,1.1.6,"Economi di alberghi e pensioni, segretari di alberghi e pensioni, capi accettazione di alberghi e pensioni",F,persons,F,1
478,profession,nonagri,Personale alberghiero,194,2.7.2,Portieri d'albergo,,persons,MF,7
478,profession,nonagri,Personale alberghiero,194,2.7.2,Portieri d'albergo,,persons,M,7
478,profession,nonagri,Personale alberghiero,194,2.7.2,Portieri d'albergo,,persons,F,0
479,profession,nonagri,Personale alberghiero,194,2.7.2,Portieri d'albergo,G,persons,MF,7
479,profession,nonagri,Personale alberghiero,194,2.7.2,Portieri d'albergo,G,persons,M,7
479,profession,nonagri,Personale alberghiero,194,2.7.2,Portieri d'albergo,G,persons,F,0
480,profession,nonagri,Ausiliari del commercio,195,0.0.3,"Agenti di cambio, commissionari di banca, ecc.",,persons,MF,1
480,profession,nonagri,Ausiliari del commercio,195,0.0.3,"Agenti di cambio, commissionari di banca, ecc.",,persons,M,1
480,profession,nonagri,Ausiliari del commercio,195,0.0.3,"Agenti di cambio, commissionari di banca, ecc.",,persons,F,0
481,profession,nonagri,Ausiliari del commercio,195,0.0.3,"Agenti di cambio, commissionari di banca, ecc.",F,persons,MF,1
481,profession,nonagri,Ausiliari del commercio,195,0.0.3,"Agenti di cambio, commissionari di banca, ecc.",F,persons,M,1
481,profession,nonagri,Ausiliari del commercio,195,0.0.3,"Agenti di cambio, commissionari di banca, ecc.",F,persons,F,0
482,profession,nonagri,Ausiliari del commercio,196,0.8.9,"Corrieri, spedizionieri, ecc.",,persons,MF,36
482,profession,nonagri,Ausiliari del commercio,196,0.8.9,"Corrieri, spedizionieri, ecc.",,persons,M,36
482,profession,nonagri,Ausiliari del commercio,196,0.8.9,"Corrieri, spedizionieri, ecc.",,persons,F,0
483,profession,nonagri,Ausiliari del commercio,196,0.8.9,"Corrieri, spedizionieri, ecc.",F,persons,MF,35
483,profession,nonagri,Ausiliari del commercio,196,0.8.9,"Corrieri, spedizionieri, ecc.",F,persons,M,35
483,profession,nonagri,Ausiliari del commercio,196,0.8.9,"Corrieri, spedizionieri, ecc.",F,persons,F,0
484,profession,nonagri,Ausiliari del commercio,196,0.8.9,"Corrieri, spedizionieri, ecc.",H,persons,MF,1
484,profession,nonagri,Ausiliari del commercio,196,0.8.9,"Corrieri, spedizionieri, ecc.",H,persons,M,1
484,profession,nonagri,Ausiliari del commercio,196,0.8.9,"Corrieri, spedizionieri, ecc.",H,persons,F,0
485,profession,nonagri,Ausiliari del commercio,197,2.1.2,"Mediatori, piazzisti, procacciatori, ecc.",,persons,MF,18
485,profession,nonagri,Ausiliari del commercio,197,2.1.2,"Mediatori, piazzisti, procacciatori, ecc.",,persons,M,17
485,profession,nonagri,Ausiliari del commercio,197,2.1.2,"Mediatori, piazzisti, procacciatori, ecc.",,persons,F,1
486,profession,nonagri,Ausiliari del commercio,197,2.1.2,"Mediatori, piazzisti, procacciatori, ecc.",F,persons,MF,18
486,profession,nonagri,Ausiliari del commercio,197,2.1.2,"Mediatori, piazzisti, procacciatori, ecc.",F,persons,M,17
486,profession,nonagri,Ausiliari del commercio,197,2.1.2,"Mediatori, piazzisti, procacciatori, ecc.",F,persons,F,1
487,profession,nonagri,Ausiliari del commercio,198,2.8.7,"Rappresentanti, agenti e viaggiatori di commercio",,persons,MF,124
487,profession,nonagri,Ausiliari del commercio,198,2.8.7,"Rappresentanti, agenti e viaggiatori di commercio",,persons,M,122
487,profession,nonagri,Ausiliari del commercio,198,2.8.7,"Rappresentanti, agenti e viaggiatori di commercio",,persons,F,2
488,profession,nonagri,Ausiliari del commercio,198,2.8.7,"Rappresentanti, agenti e viaggiatori di commercio",F,persons,MF,124
488,profession,nonagri,Ausiliari del commercio,198,2.8.7,"Rappresentanti, agenti e viaggiatori di commercio",F,persons,M,122
488,profession,nonagri,Ausiliari del commercio,198,2.8.7,"Rappresentanti, agenti e viaggiatori di commercio",F,persons,F,2
489,profession,nonagri,Ausiliari del turismo,199,1.6.0,Guide e ciceroni,,persons,MF,1
489,profession,nonagri,Ausiliari del turismo,199,1.6.0,Guide e ciceroni,,persons,M,1
489,profession,nonagri,Ausiliari del turismo,199,1.6.0,Guide e ciceroni,,persons,F,0
490,profession,nonagri,Ausiliari del turismo,199,1.6.0,Guide e ciceroni,F,persons,MF,1
490,profession,nonagri,Ausiliari del turismo,199,1.6.0,Guide e ciceroni,F,persons,M,1
490,profession,nonagri,Ausiliari del turismo,199,1.6.0,Guide e ciceroni,F,persons,F,0
491,profession,nonagri,Professioni dei trasporti e comunicazioni,200,0.2.7,Autisti,,persons,MF,464
491,profession,nonagri,Professioni dei trasporti e comunicazioni,200,0.2.7,Autisti,,persons,M,464
491,profession,nonagri,Professioni dei trasporti e comunicazioni,200,0.2.7,Autisti,,persons,F,0
492,profession,nonagri,Professioni dei trasporti e comunicazioni,200,0.2.7,Autisti,C,persons,MF,66
492,profession,nonagri,Professioni dei trasporti e comunicazioni,200,0.2.7,Autisti,C,persons,M,66
492,profession,nonagri,Professioni dei trasporti e comunicazioni,200,0.2.7,Autisti,C,persons,F,0
493,profession,nonagri,Professioni dei trasporti e comunicazioni,200,0.2.7,Autisti,H,persons,MF,398
493,profession,nonagri,Professioni dei trasporti e comunicazioni,200,0.2.7,Autisti,H,persons,M,398
493,profession,nonagri,Professioni dei trasporti e comunicazioni,200,0.2.7,Autisti,H,persons,F,0
494,profession,nonagri,Professioni dei trasporti e comunicazioni,201,0.3.2,Barrocciai e carrettieri,,persons,MF,71
494,profession,nonagri,Professioni dei trasporti e comunicazioni,201,0.3.2,Barrocciai e carrettieri,,persons,M,71
494,profession,nonagri,Professioni dei trasporti e comunicazioni,201,0.3.2,Barrocciai e carrettieri,,persons,F,0
495,profession,nonagri,Professioni dei trasporti e comunicazioni,201,0.3.2,Barrocciai e carrettieri,C,persons,MF,26
495,profession,nonagri,Professioni dei trasporti e comunicazioni,201,0.3.2,Barrocciai e carrettieri,C,persons,M,26
495,profession,nonagri,Professioni dei trasporti e comunicazioni,201,0.3.2,Barrocciai e carrettieri,C,persons,F,0
496,profession,nonagri,Professioni dei trasporti e comunicazioni,201,0.3.2,Barrocciai e carrettieri,H,persons,MF,45
496,profession,nonagri,Professioni dei trasporti e comunicazioni,201,0.3.2,Barrocciai e carrettieri,H,persons,M,45
496,profession,nonagri,Professioni dei trasporti e comunicazioni,201,0.3.2,Barrocciai e carrettieri,H,persons,F,0
497,profession,nonagri,Professioni dei trasporti e comunicazioni,202,0.3.7,Bigliettai di aziende di trasporto,,persons,MF,20
497,profession,nonagri,Professioni dei trasporti e comunicazioni,202,0.3.7,Bigliettai di aziende di trasporto,,persons,M,20
497,profession,nonagri,Professioni dei trasporti e comunicazioni,202,0.3.7,Bigliettai di aziende di trasporto,,persons,F,0
498,profession,nonagri,Professioni dei trasporti e comunicazioni,202,0.3.7,Bigliettai di aziende di trasporto,G,persons,MF,20
498,profession,nonagri,Professioni dei trasporti e comunicazioni,202,0.3.7,Bigliettai di aziende di trasporto,G,persons,M,20
498,profession,nonagri,Professioni dei trasporti e comunicazioni,202,0.3.7,Bigliettai di aziende di trasporto,G,persons,F,0
499,profession,nonagri,Professioni dei trasporti e comunicazioni,203,0.5.2,Capi stazione e sottocapi,,persons,MF,5
499,profession,nonagri,Professioni dei trasporti e comunicazioni,203,0.5.2,Capi stazione e sottocapi,,persons,M,5
499,profession,nonagri,Professioni dei trasporti e comunicazioni,203,0.5.2,Capi stazione e sottocapi,,persons,F,0
500,profession,nonagri,Professioni dei trasporti e comunicazioni,203,0.5.2,Capi stazione e sottocapi,F,persons,MF,5
500,profession,nonagri,Professioni dei trasporti e comunicazioni,203,0.5.2,Capi stazione e sottocapi,F,persons,M,5
500,profession,nonagri,Professioni dei trasporti e comunicazioni,203,0.5.2,Capi stazione e sottocapi,F,persons,F,0
501,profession,nonagri,Professioni dei trasporti e comunicazioni,204,0.5.3,"Capitreno, conduttori e controllori viaggianti",,persons,MF,9
501,profession,nonagri,Professioni dei trasporti e comunicazioni,204,0.5.3,"Capitreno, conduttori e controllori viaggianti",,persons,M,9
501,profession,nonagri,Professioni dei trasporti e comunicazioni,204,0.5.3,"Capitreno, conduttori e controllori viaggianti",,persons,F,0
502,profession,nonagri,Professioni dei trasporti e comunicazioni,204,0.5.3,"Capitreno, conduttori e controllori viaggianti",F,persons,MF,9
502,profession,nonagri,Professioni dei trasporti e comunicazioni,204,0.5.3,"Capitreno, conduttori e controllori viaggianti",F,persons,M,9
502,profession,nonagri,Professioni dei trasporti e comunicazioni,204,0.5.3,"Capitreno, conduttori e controllori viaggianti",F,persons,F,0
503,profession,nonagri,Professioni dei trasporti e comunicazioni,205,1.0.2,"Deviatori, manovratori, guardafreni, frenatori",,persons,MF,7
503,profession,nonagri,Professioni dei trasporti e comunicazioni,205,1.0.2,"Deviatori, manovratori, guardafreni, frenatori",,persons,M,7
503,profession,nonagri,Professioni dei trasporti e comunicazioni,205,1.0.2,"Deviatori, manovratori, guardafreni, frenatori",,persons,F,0
504,profession,nonagri,Professioni dei trasporti e comunicazioni,205,1.0.2,"Deviatori, manovratori, guardafreni, frenatori",H,persons,MF,7
504,profession,nonagri,Professioni dei trasporti e comunicazioni,205,1.0.2,"Deviatori, manovratori, guardafreni, frenatori",H,persons,M,7
504,profession,nonagri,Professioni dei trasporti e comunicazioni,205,1.0.2,"Deviatori, manovratori, guardafreni, frenatori",H,persons,F,0
505,profession,nonagri,Professioni dei trasporti e comunicazioni,206,1.2.4,Fanalisti,,persons,MF,8
505,profession,nonagri,Professioni dei trasporti e comunicazioni,206,1.2.4,Fanalisti,,persons,M,8
505,profession,nonagri,Professioni dei trasporti e comunicazioni,206,1.2.4,Fanalisti,,persons,F,0
506,profession,nonagri,Professioni dei trasporti e comunicazioni,206,1.2.4,Fanalisti,H,persons,MF,8
506,profession,nonagri,Professioni dei trasporti e comunicazioni,206,1.2.4,Fanalisti,H,persons,M,8
506,profession,nonagri,Professioni dei trasporti e comunicazioni,206,1.2.4,Fanalisti,H,persons,F,0
507,profession,nonagri,Professioni dei trasporti e comunicazioni,207,1.4.2,Fuochisti (addetti alle aziende di trasporto),,persons,MF,20
507,profession,nonagri,Professioni dei trasporti e comunicazioni,207,1.4.2,Fuochisti (addetti alle aziende di trasporto),,persons,M,20
507,profession,nonagri,Professioni dei trasporti e comunicazioni,207,1.4.2,Fuochisti (addetti alle aziende di trasporto),,persons,F,0
508,profession,nonagri,Professioni dei trasporti e comunicazioni,207,1.4.2,Fuochisti (addetti alle aziende di trasporto),H,persons,MF,20
508,profession,nonagri,Professioni dei trasporti e comunicazioni,207,1.4.2,Fuochisti (addetti alle aziende di trasporto),H,persons,M,20
508,profession,nonagri,Professioni dei trasporti e comunicazioni,207,1.4.2,Fuochisti (addetti alle aziende di trasporto),H,persons,F,0
509,profession,nonagri,Professioni dei trasporti e comunicazioni,208,1.5.6,"Guarda merci, guarda sala",,persons,MF,1
509,profession,nonagri,Professioni dei trasporti e comunicazioni,208,1.5.6,"Guarda merci, guarda sala",,persons,M,1
509,profession,nonagri,Professioni dei trasporti e comunicazioni,208,1.5.6,"Guarda merci, guarda sala",,persons,F,0
510,profession,nonagri,Professioni dei trasporti e comunicazioni,208,1.5.6,"Guarda merci, guarda sala",G,persons,MF,1
510,profession,nonagri,Professioni dei trasporti e comunicazioni,208,1.5.6,"Guarda merci, guarda sala",G,persons,M,1
510,profession,nonagri,Professioni dei trasporti e comunicazioni,208,1.5.6,"Guarda merci, guarda sala",G,persons,F,0
511,profession,nonagri,Professioni dei trasporti e comunicazioni,209,1.8.4,Ispettori e controllori di linee tramviarie e automobilistiche,,persons,MF,4
511,profession,nonagri,Professioni dei trasporti e comunicazioni,209,1.8.4,Ispettori e controllori di linee tramviarie e automobilistiche,,persons,M,4
511,profession,nonagri,Professioni dei trasporti e comunicazioni,209,1.8.4,Ispettori e controllori di linee tramviarie e automobilistiche,,persons,F,0
512,profession,nonagri,Professioni dei trasporti e comunicazioni,209,1.8.4,Ispettori e controllori di linee tramviarie e automobilistiche,F,persons,MF,4
512,profession,nonagri,Professioni dei trasporti e comunicazioni,209,1.8.4,Ispettori e controllori di linee tramviarie e automobilistiche,F,persons,M,4
512,profession,nonagri,Professioni dei trasporti e comunicazioni,209,1.8.4,Ispettori e controllori di linee tramviarie e automobilistiche,F,persons,F,0
513,profession,nonagri,Professioni dei trasporti e comunicazioni,210,1.9.6,Macchinisti (addetti alle aziende di trasporto e alle macchine agricole),,persons,MF,86
513,profession,nonagri,Professioni dei trasporti e comunicazioni,210,1.9.6,Macchinisti (addetti alle aziende di trasporto e alle macchine agricole),,persons,M,86
513,profession,nonagri,Professioni dei trasporti e comunicazioni,210,1.9.6,Macchinisti (addetti alle aziende di trasporto e alle macchine agricole),,persons,F,0
514,profession,nonagri,Professioni dei trasporti e comunicazioni,210,1.9.6,Macchinisti (addetti alle aziende di trasporto e alle macchine agricole),H,persons,MF,86
514,profession,nonagri,Professioni dei trasporti e comunicazioni,210,1.9.6,Macchinisti (addetti alle aziende di trasporto e alle macchine agricole),H,persons,M,86
514,profession,nonagri,Professioni dei trasporti e comunicazioni,210,1.9.6,Macchinisti (addetti alle aziende di trasporto e alle macchine agricole),H,persons,F,0
515,profession,nonagri,Professioni dei trasporti e comunicazioni,211,2.0.8,Marinai (marina mercantile) e barcaioli,,persons,MF,51
515,profession,nonagri,Professioni dei trasporti e comunicazioni,211,2.0.8,Marinai (marina mercantile) e barcaioli,,persons,M,51
515,profession,nonagri,Professioni dei trasporti e comunicazioni,211,2.0.8,Marinai (marina mercantile) e barcaioli,,persons,F,0
516,profession,nonagri,Professioni dei trasporti e comunicazioni,211,2.0.8,Marinai (marina mercantile) e barcaioli,H,persons,MF,51
516,profession,nonagri,Professioni dei trasporti e comunicazioni,211,2.0.8,Marinai (marina mercantile) e barcaioli,H,persons,M,51
516,profession,nonagri,Professioni dei trasporti e comunicazioni,211,2.0.8,Marinai (marina mercantile) e barcaioli,H,persons,F,0
517,profession,nonagri,Professioni dei trasporti e comunicazioni,212,2.2.6,Motoristi di aviazione (compresi i motoristi a terra),,persons,MF,9
517,profession,nonagri,Professioni dei trasporti e comunicazioni,212,2.2.6,Motoristi di aviazione (compresi i motoristi a terra),,persons,M,9
517,profession,nonagri,Professioni dei trasporti e comunicazioni,212,2.2.6,Motoristi di aviazione (compresi i motoristi a terra),,persons,F,0
518,profession,nonagri,Professioni dei trasporti e comunicazioni,212,2.2.6,Motoristi di aviazione (compresi i motoristi a terra),H,persons,MF,9
518,profession,nonagri,Professioni dei trasporti e comunicazioni,212,2.2.6,Motoristi di aviazione (compresi i motoristi a terra),H,persons,M,9
518,profession,nonagri,Professioni dei trasporti e comunicazioni,212,2.2.6,Motoristi di aviazione (compresi i motoristi a terra),H,persons,F,0
519,profession,nonagri,Professioni dei trasporti e comunicazioni,213,2.2.7,"Motoristi di navi, di barche a motore, di motoscafi, ecc.",,persons,MF,12
519,profession,nonagri,Professioni dei trasporti e comunicazioni,213,2.2.7,"Motoristi di navi, di barche a motore, di motoscafi, ecc.",,persons,M,12
519,profession,nonagri,Professioni dei trasporti e comunicazioni,213,2.2.7,"Motoristi di navi, di barche a motore, di motoscafi, ecc.",,persons,F,0
520,profession,nonagri,Professioni dei trasporti e comunicazioni,213,2.2.7,"Motoristi di navi, di barche a motore, di motoscafi, ecc.",H,persons,MF,12
520,profession,nonagri,Professioni dei trasporti e comunicazioni,213,2.2.7,"Motoristi di navi, di barche a motore, di motoscafi, ecc.",H,persons,M,12
520,profession,nonagri,Professioni dei trasporti e comunicazioni,213,2.2.7,"Motoristi di navi, di barche a motore, di motoscafi, ecc.",H,persons,F,0
521,profession,nonagri,Professioni dei trasporti e comunicazioni,214,2.2.8,Mozzi e giovanotti,,persons,MF,2
521,profession,nonagri,Professioni dei trasporti e comunicazioni,214,2.2.8,Mozzi e giovanotti,,persons,M,2
521,profession,nonagri,Professioni dei trasporti e comunicazioni,214,2.2.8,Mozzi e giovanotti,,persons,F,0
522,profession,nonagri,Professioni dei trasporti e comunicazioni,214,2.2.8,Mozzi e giovanotti,H,persons,MF,2
522,profession,nonagri,Professioni dei trasporti e comunicazioni,214,2.2.8,Mozzi e giovanotti,H,persons,M,2
522,profession,nonagri,Professioni dei trasporti e comunicazioni,214,2.2.8,Mozzi e giovanotti,H,persons,F,0
523,profession,nonagri,Professioni dei trasporti e comunicazioni,215,2.3.4,"Nostromi, caporali di macchina, capitani di armi",,persons,MF,7
523,profession,nonagri,Professioni dei trasporti e comunicazioni,215,2.3.4,"Nostromi, caporali di macchina, capitani di armi",,persons,M,7
523,profession,nonagri,Professioni dei trasporti e comunicazioni,215,2.3.4,"Nostromi, caporali di macchina, capitani di armi",,persons,F,0
524,profession,nonagri,Professioni dei trasporti e comunicazioni,215,2.3.4,"Nostromi, caporali di macchina, capitani di armi",H,persons,MF,7
524,profession,nonagri,Professioni dei trasporti e comunicazioni,215,2.3.4,"Nostromi, caporali di macchina, capitani di armi",H,persons,M,7
524,profession,nonagri,Professioni dei trasporti e comunicazioni,215,2.3.4,"Nostromi, caporali di macchina, capitani di armi",H,persons,F,0
525,profession,nonagri,Professioni dei trasporti e comunicazioni,216,2.4.2,Palombari,,persons,MF,15
525,profession,nonagri,Professioni dei trasporti e comunicazioni,216,2.4.2,Palombari,,persons,M,15
525,profession,nonagri,Professioni dei trasporti e comunicazioni,216,2.4.2,Palombari,,persons,F,0
526,profession,nonagri,Professioni dei trasporti e comunicazioni,216,2.4.2,Palombari,H,persons,MF,15
526,profession,nonagri,Professioni dei trasporti e comunicazioni,216,2.4.2,Palombari,H,persons,M,15
526,profession,nonagri,Professioni dei trasporti e comunicazioni,216,2.4.2,Palombari,H,persons,F,0
527,profession,nonagri,Professioni dei trasporti e comunicazioni,217,2.6.4,Piloti di aviazione,,persons,MF,15
527,profession,nonagri,Professioni dei trasporti e comunicazioni,217,2.6.4,Piloti di aviazione,,persons,M,15
527,profession,nonagri,Professioni dei trasporti e comunicazioni,217,2.6.4,Piloti di aviazione,,persons,F,0
528,profession,nonagri,Professioni dei trasporti e comunicazioni,217,2.6.4,Piloti di aviazione,F,persons,MF,15
528,profession,nonagri,Professioni dei trasporti e comunicazioni,217,2.6.4,Piloti di aviazione,F,persons,M,15
528,profession,nonagri,Professioni dei trasporti e comunicazioni,217,2.6.4,Piloti di aviazione,F,persons,F,0
529,profession,nonagri,Professioni dei trasporti e comunicazioni,218,2.6.5,"Piloti marittimi, padroni e marinai autorizzati",,persons,MF,11
529,profession,nonagri,Professioni dei trasporti e comunicazioni,218,2.6.5,"Piloti marittimi, padroni e marinai autorizzati",,persons,M,11
529,profession,nonagri,Professioni dei trasporti e comunicazioni,218,2.6.5,"Piloti marittimi, padroni e marinai autorizzati",,persons,F,0
530,profession,nonagri,Professioni dei trasporti e comunicazioni,218,2.6.5,"Piloti marittimi, padroni e marinai autorizzati",F,persons,MF,10
530,profession,nonagri,Professioni dei trasporti e comunicazioni,218,2.6.5,"Piloti marittimi, padroni e marinai autorizzati",F,persons,M,10
530,profession,nonagri,Professioni dei trasporti e comunicazioni,218,2.6.5,"Piloti marittimi, padroni e marinai autorizzati",F,persons,F,0
531,profession,nonagri,Professioni dei trasporti e comunicazioni,218,2.6.5,"Piloti marittimi, padroni e marinai autorizzati",H,persons,MF,1
531,profession,nonagri,Professioni dei trasporti e comunicazioni,218,2.6.5,"Piloti marittimi, padroni e marinai autorizzati",H,persons,M,1
531,profession,nonagri,Professioni dei trasporti e comunicazioni,218,2.6.5,"Piloti marittimi, padroni e marinai autorizzati",H,persons,F,0
532,profession,nonagri,Professioni dei trasporti e comunicazioni,219,2.7.1,"Portalettere, fattorini postali e telegrafici",,persons,MF,33
532,profession,nonagri,Professioni dei trasporti e comunicazioni,219,2.7.1,"Portalettere, fattorini postali e telegrafici",,persons,M,33
532,profession,nonagri,Professioni dei trasporti e comunicazioni,219,2.7.1,"Portalettere, fattorini postali e telegrafici",,persons,F,0
533,profession,nonagri,Professioni dei trasporti e comunicazioni,219,2.7.1,"Portalettere, fattorini postali e telegrafici",G,persons,MF,33
533,profession,nonagri,Professioni dei trasporti e comunicazioni,219,2.7.1,"Portalettere, fattorini postali e telegrafici",G,persons,M,33
533,profession,nonagri,Professioni dei trasporti e comunicazioni,219,2.7.1,"Portalettere, fattorini postali e telegrafici",G,persons,F,0
534,profession,nonagri,Professioni dei trasporti e comunicazioni,220,2.8.4,Radiotelegrafisti,,persons,MF,16
534,profession,nonagri,Professioni dei trasporti e comunicazioni,220,2.8.4,Radiotelegrafisti,,persons,M,16
534,profession,nonagri,Professioni dei trasporti e comunicazioni,220,2.8.4,Radiotelegrafisti,,persons,F,0
535,profession,nonagri,Professioni dei trasporti e comunicazioni,220,2.8.4,Radiotelegrafisti,F,persons,MF,16
535,profession,nonagri,Professioni dei trasporti e comunicazioni,220,2.8.4,Radiotelegrafisti,F,persons,M,16
535,profession,nonagri,Professioni dei trasporti e comunicazioni,220,2.8.4,Radiotelegrafisti,F,persons,F,0
536,profession,nonagri,Professioni dei trasporti e comunicazioni,221,3.3.0,Telefonisti,,persons,MF,35
536,profession,nonagri,Professioni dei trasporti e comunicazioni,221,3.3.0,Telefonisti,,persons,M,31
536,profession,nonagri,Professioni dei trasporti e comunicazioni,221,3.3.0,Telefonisti,,persons,F,4
537,profession,nonagri,Professioni dei trasporti e comunicazioni,221,3.3.0,Telefonisti,F,persons,MF,29
537,profession,nonagri,Professioni dei trasporti e comunicazioni,221,3.3.0,Telefonisti,F,persons,M,25
537,profession,nonagri,Professioni dei trasporti e comunicazioni,221,3.3.0,Telefonisti,F,persons,F,4
538,profession,nonagri,Professioni dei trasporti e comunicazioni,221,3.3.0,Telefonisti,H,persons,MF,6
538,profession,nonagri,Professioni dei trasporti e comunicazioni,221,3.3.0,Telefonisti,H,persons,M,6
538,profession,nonagri,Professioni dei trasporti e comunicazioni,221,3.3.0,Telefonisti,H,persons,F,0
539,profession,nonagri,Professioni dei trasporti e comunicazioni,222,3.3.1,Telegrafisti,,persons,MF,6
539,profession,nonagri,Professioni dei trasporti e comunicazioni,222,3.3.1,Telegrafisti,,persons,M,6
539,profession,nonagri,Professioni dei trasporti e comunicazioni,222,3.3.1,Telegrafisti,,persons,F,0
540,profession,nonagri,Professioni dei trasporti e comunicazioni,222,3.3.1,Telegrafisti,F,persons,MF,6
540,profession,nonagri,Professioni dei trasporti e comunicazioni,222,3.3.1,Telegrafisti,F,persons,M,6
540,profession,nonagri,Professioni dei trasporti e comunicazioni,222,3.3.1,Telegrafisti,F,persons,F,0
541,profession,nonagri,Professioni dei trasporti e comunicazioni,223,3.3.7,"Tirafili, guardafili, ecc.",,persons,MF,22
541,profession,nonagri,Professioni dei trasporti e comunicazioni,223,3.3.7,"Tirafili, guardafili, ecc.",,persons,M,22
541,profession,nonagri,Professioni dei trasporti e comunicazioni,223,3.3.7,"Tirafili, guardafili, ecc.",,persons,F,0
542,profession,nonagri,Professioni dei trasporti e comunicazioni,223,3.3.7,"Tirafili, guardafili, ecc.",H,persons,MF,22
542,profession,nonagri,Professioni dei trasporti e comunicazioni,223,3.3.7,"Tirafili, guardafili, ecc.",H,persons,M,22
542,profession,nonagri,Professioni dei trasporti e comunicazioni,223,3.3.7,"Tirafili, guardafili, ecc.",H,persons,F,0
543,profession,nonagri,Professioni dei trasporti e comunicazioni,224,3.4.4,"Ufficiali di coperta, di macchina, ecc., della marina mercantile (esclusi gli ufficiali medici e gli ufficiali radiotelegrafisti o marconisti)",,persons,MF,10
543,profession,nonagri,Professioni dei trasporti e comunicazioni,224,3.4.4,"Ufficiali di coperta, di macchina, ecc., della marina mercantile (esclusi gli ufficiali medici e gli ufficiali radiotelegrafisti o marconisti)",,persons,M,10
543,profession,nonagri,Professioni dei trasporti e comunicazioni,224,3.4.4,"Ufficiali di coperta, di macchina, ecc., della marina mercantile (esclusi gli ufficiali medici e gli ufficiali radiotelegrafisti o marconisti)",,persons,F,0
544,profession,nonagri,Professioni dei trasporti e comunicazioni,224,3.4.4,"Ufficiali di coperta, di macchina, ecc., della marina mercantile (esclusi gli ufficiali medici e gli ufficiali radiotelegrafisti o marconisti)",F,persons,MF,10
544,profession,nonagri,Professioni dei trasporti e comunicazioni,224,3.4.4,"Ufficiali di coperta, di macchina, ecc., della marina mercantile (esclusi gli ufficiali medici e gli ufficiali radiotelegrafisti o marconisti)",F,persons,M,10
544,profession,nonagri,Professioni dei trasporti e comunicazioni,224,3.4.4,"Ufficiali di coperta, di macchina, ecc., della marina mercantile (esclusi gli ufficiali medici e gli ufficiali radiotelegrafisti o marconisti)",F,persons,F,0
545,profession,nonagri,Professioni dei trasporti e comunicazioni,225,3.5.6,Vetturini e cocchieri,,persons,MF,55
545,profession,nonagri,Professioni dei trasporti e comunicazioni,225,3.5.6,Vetturini e cocchieri,,persons,M,55
545,profession,nonagri,Professioni dei trasporti e comunicazioni,225,3.5.6,Vetturini e cocchieri,,persons,F,0
546,profession,nonagri,Professioni dei trasporti e comunicazioni,225,3.5.6,Vetturini e cocchieri,C,persons,MF,49
546,profession,nonagri,Professioni dei trasporti e comunicazioni,225,3.5.6,Vetturini e cocchieri,C,persons,M,49
546,profession,nonagri,Professioni dei trasporti e comunicazioni,225,3.5.6,Vetturini e cocchieri,C,persons,F,0
547,profession,nonagri,Professioni dei trasporti e comunicazioni,225,3.5.6,Vetturini e cocchieri,H,persons,MF,6
547,profession,nonagri,Professioni dei trasporti e comunicazioni,225,3.5.6,Vetturini e cocchieri,H,persons,M,6
547,profession,nonagri,Professioni dei trasporti e comunicazioni,225,3.5.6,Vetturini e cocchieri,H,persons,F,0
548,profession,nonagri,Ausiliari dei trasporti,226,1.4.4,Garagisti e lavaggiatori di veicoli,,persons,MF,1
548,profession,nonagri,Ausiliari dei trasporti,226,1.4.4,Garagisti e lavaggiatori di veicoli,,persons,M,1
548,profession,nonagri,Ausiliari dei trasporti,226,1.4.4,Garagisti e lavaggiatori di veicoli,,persons,F,0
549,profession,nonagri,Ausiliari dei trasporti,226,1.4.4,Garagisti e lavaggiatori di veicoli,H,persons,MF,1
549,profession,nonagri,Ausiliari dei trasporti,226,1.4.4,Garagisti e lavaggiatori di veicoli,H,persons,M,1
549,profession,nonagri,Ausiliari dei trasporti,226,1.4.4,Garagisti e lavaggiatori di veicoli,H,persons,F,0
550,profession,nonagri,Personale di custodia,227,1.5.8,Guardiani e custodi di aziende,,persons,MF,31
550,profession,nonagri,Personale di custodia,227,1.5.8,Guardiani e custodi di aziende,,persons,M,29
550,profession,nonagri,Personale di custodia,227,1.5.8,Guardiani e custodi di aziende,,persons,F,2
551,profession,nonagri,Personale di custodia,227,1.5.8,Guardiani e custodi di aziende,G,persons,MF,31
551,profession,nonagri,Personale di custodia,227,1.5.8,Guardiani e custodi di aziende,G,persons,M,29
551,profession,nonagri,Personale di custodia,227,1.5.8,Guardiani e custodi di aziende,G,persons,F,2
552,profession,nonagri,Personale di custodia,228,2.0.2,Magazzinieri,,persons,MF,132
552,profession,nonagri,Personale di custodia,228,2.0.2,Magazzinieri,,persons,M,132
552,profession,nonagri,Personale di custodia,228,2.0.2,Magazzinieri,,persons,F,0
553,profession,nonagri,Personale di custodia,228,2.0.2,Magazzinieri,F,persons,MF,131
553,profession,nonagri,Personale di custodia,228,2.0.2,Magazzinieri,F,persons,M,131
553,profession,nonagri,Personale di custodia,228,2.0.2,Magazzinieri,F,persons,F,0
554,profession,nonagri,Personale di custodia,228,2.0.2,Magazzinieri,H,persons,MF,1
554,profession,nonagri,Personale di custodia,228,2.0.2,Magazzinieri,H,persons,M,1
554,profession,nonagri,Personale di custodia,228,2.0.2,Magazzinieri,H,persons,F,0
555,profession,nonagri,Personale di custodia,229,2.7.3,Portieri di case di abitazione,,persons,MF,3
555,profession,nonagri,Personale di custodia,229,2.7.3,Portieri di case di abitazione,,persons,M,3
555,profession,nonagri,Personale di custodia,229,2.7.3,Portieri di case di abitazione,,persons,F,0
556,profession,nonagri,Personale di custodia,229,2.7.3,Portieri di case di abitazione,G,persons,MF,3
556,profession,nonagri,Personale di custodia,229,2.7.3,Portieri di case di abitazione,G,persons,M,3
556,profession,nonagri,Personale di custodia,229,2.7.3,Portieri di case di abitazione,G,persons,F,0
557,profession,nonagri,Personale di fatica,230,1.2.2,"Facchini, caricatori, scaricatori",,persons,MF,17
557,profession,nonagri,Personale di fatica,230,1.2.2,"Facchini, caricatori, scaricatori",,persons,M,17
557,profession,nonagri,Personale di fatica,230,1.2.2,"Facchini, caricatori, scaricatori",,persons,F,0
558,profession,nonagri,Personale di fatica,230,1.2.2,"Facchini, caricatori, scaricatori",H,persons,MF,17
558,profession,nonagri,Personale di fatica,230,1.2.2,"Facchini, caricatori, scaricatori",H,persons,M,17
558,profession,nonagri,Personale di fatica,230,1.2.2,"Facchini, caricatori, scaricatori",H,persons,F,0
559,profession,nonagri,Personale di fatica,231,2.0.6,Manovali (esclusi gli edili) e uomini di fatica in genere,,persons,MF,94
559,profession,nonagri,Personale di fatica,231,2.0.6,Manovali (esclusi gli edili) e uomini di fatica in genere,,persons,M,94
559,profession,nonagri,Personale di fatica,231,2.0.6,Manovali (esclusi gli edili) e uomini di fatica in genere,,persons,F,0
560,profession,nonagri,Personale di fatica,231,2.0.6,Manovali (esclusi gli edili) e uomini di fatica in genere,H,persons,MF,94
560,profession,nonagri,Personale di fatica,231,2.0.6,Manovali (esclusi gli edili) e uomini di fatica in genere,H,persons,M,94
560,profession,nonagri,Personale di fatica,231,2.0.6,Manovali (esclusi gli edili) e uomini di fatica in genere,H,persons,F,0
561,profession,nonagri,Professioni della caccia e pesca,232,2.5.7,Pescatori (senz'altra specificazione),,persons,MF,93
561,profession,nonagri,Professioni della caccia e pesca,232,2.5.7,Pescatori (senz'altra specificazione),,persons,M,93
561,profession,nonagri,Professioni della caccia e pesca,232,2.5.7,Pescatori (senz'altra specificazione),,persons,F,0
562,profession,nonagri,Professioni della caccia e pesca,232,2.5.7,Pescatori (senz'altra specificazione),B,persons,MF,2
562,profession,nonagri,Professioni della caccia e pesca,232,2.5.7,Pescatori (senz'altra specificazione),B,persons,M,2
562,profession,nonagri,Professioni della caccia e pesca,232,2.5.7,Pescatori (senz'altra specificazione),B,persons,F,0
563,profession,nonagri,Professioni della caccia e pesca,232,2.5.7,Pescatori (senz'altra specificazione),C,persons,MF,6
563,profession,nonagri,Professioni della caccia e pesca,232,2.5.7,Pescatori (senz'altra specificazione),C,persons,M,6
563,profession,nonagri,Professioni della caccia e pesca,232,2.5.7,Pescatori (senz'altra specificazione),C,persons,F,0
564,profession,nonagri,Professioni della caccia e pesca,232,2.5.7,Pescatori (senz'altra specificazione),H,persons,MF,85
564,profession,nonagri,Professioni della caccia e pesca,232,2.5.7,Pescatori (senz'altra specificazione),H,persons,M,85
564,profession,nonagri,Professioni della caccia e pesca,232,2.5.7,Pescatori (senz'altra specificazione),H,persons,F,0
565,profession,nonagri,Professioni della caccia e pesca,233,2.5.9,Pescatori d'alto mare,,persons,MF,91
565,profession,nonagri,Professioni della caccia e pesca,233,2.5.9,Pescatori d'alto mare,,persons,M,91
565,profession,nonagri,Professioni della caccia e pesca,233,2.5.9,Pescatori d'alto mare,,persons,F,0
566,profession,nonagri,Professioni della caccia e pesca,233,2.5.9,Pescatori d'alto mare,H,persons,MF,91
566,profession,nonagri,Professioni della caccia e pesca,233,2.5.9,Pescatori d'alto mare,H,persons,M,91
566,profession,nonagri,Professioni della caccia e pesca,233,2.5.9,Pescatori d'alto mare,H,persons,F,0
567,profession,nonagri,Professioni della caccia e pesca,234,2.6.0,"Pescatori di coralli, spugne, crostacei, molluschi",,persons,MF,17
567,profession,nonagri,Professioni della caccia e pesca,234,2.6.0,"Pescatori di coralli, spugne, crostacei, molluschi",,persons,M,17
567,profession,nonagri,Professioni della caccia e pesca,234,2.6.0,"Pescatori di coralli, spugne, crostacei, molluschi",,persons,F,0
568,profession,nonagri,Professioni della caccia e pesca,234,2.6.0,"Pescatori di coralli, spugne, crostacei, molluschi",H,persons,MF,17
568,profession,nonagri,Professioni della caccia e pesca,234,2.6.0,"Pescatori di coralli, spugne, crostacei, molluschi",H,persons,M,17
568,profession,nonagri,Professioni della caccia e pesca,234,2.6.0,"Pescatori di coralli, spugne, crostacei, molluschi",H,persons,F,0
569,profession,nonagri,Professioni della caccia e pesca,235,2.6.1,Pescatori di tonno e pesce spada,,persons,MF,1
569,profession,nonagri,Professioni della caccia e pesca,235,2.6.1,Pescatori di tonno e pesce spada,,persons,M,1
569,profession,nonagri,Professioni della caccia e pesca,235,2.6.1,Pescatori di tonno e pesce spada,,persons,F,0
570,profession,nonagri,Professioni della caccia e pesca,235,2.6.1,Pescatori di tonno e pesce spada,H,persons,MF,1
570,profession,nonagri,Professioni della caccia e pesca,235,2.6.1,Pescatori di tonno e pesce spada,H,persons,M,1
570,profession,nonagri,Professioni della caccia e pesca,235,2.6.1,Pescatori di tonno e pesce spada,H,persons,F,0
571,profession,nonagri,Culto,236,2.1.7,Ministri di culti non cattolici,,persons,MF,6
571,profession,nonagri,Culto,236,2.1.7,Ministri di culti non cattolici,,persons,M,6
571,profession,nonagri,Culto,236,2.1.7,Ministri di culti non cattolici,,persons,F,0
572,profession,nonagri,Culto,236,2.1.7,Ministri di culti non cattolici,F,persons,MF,6
572,profession,nonagri,Culto,236,2.1.7,Ministri di culti non cattolici,F,persons,M,6
572,profession,nonagri,Culto,236,2.1.7,Ministri di culti non cattolici,F,persons,F,0
573,profession,nonagri,Culto,237,2.7.8,"Preti, curati, parroci, regolari, suore ecc.",,persons,MF,124
573,profession,nonagri,Culto,237,2.7.8,"Preti, curati, parroci, regolari, suore ecc.",,persons,M,63
573,profession,nonagri,Culto,237,2.7.8,"Preti, curati, parroci, regolari, suore ecc.",,persons,F,61
574,profession,nonagri,Culto,237,2.7.8,"Preti, curati, parroci, regolari, suore ecc.",F,persons,MF,124
574,profession,nonagri,Culto,237,2.7.8,"Preti, curati, parroci, regolari, suore ecc.",F,persons,M,63
574,profession,nonagri,Culto,237,2.7.8,"Preti, curati, parroci, regolari, suore ecc.",F,persons,F,61
575,profession,nonagri,Culto,238,2.9.3,"Sagrestani, scaccini, campanari",,persons,MF,3
575,profession,nonagri,Culto,238,2.9.3,"Sagrestani, scaccini, campanari",,persons,M,3
575,profession,nonagri,Culto,238,2.9.3,"Sagrestani, scaccini, campanari",,persons,F,0
576,profession,nonagri,Culto,238,2.9.3,"Sagrestani, scaccini, campanari",G,persons,MF,3
576,profession,nonagri,Culto,238,2.9.3,"Sagrestani, scaccini, campanari",G,persons,M,3
576,profession,nonagri,Culto,238,2.9.3,"Sagrestani, scaccini, campanari",G,persons,F,0
577,profession,nonagri,Attivita ed arti libere,239,0.2.9,Avvocati e procuratori,,persons,MF,46
577,profession,nonagri,Attivita ed arti libere,239,0.2.9,Avvocati e procuratori,,persons,M,45
577,profession,nonagri,Attivita ed arti libere,239,0.2.9,Avvocati e procuratori,,persons,F,1
578,profession,nonagri,Attivita ed arti libere,239,0.2.9,Avvocati e procuratori,D,persons,MF,32
578,profession,nonagri,Attivita ed arti libere,239,0.2.9,Avvocati e procuratori,D,persons,M,32
578,profession,nonagri,Attivita ed arti libere,239,0.2.9,Avvocati e procuratori,D,persons,F,0
579,profession,nonagri,Attivita ed arti libere,239,0.2.9,Avvocati e procuratori,E,persons,MF,1
579,profession,nonagri,Attivita ed arti libere,239,0.2.9,Avvocati e procuratori,E,persons,M,1
579,profession,nonagri,Attivita ed arti libere,239,0.2.9,Avvocati e procuratori,E,persons,F,0
580,profession,nonagri,Attivita ed arti libere,239,0.2.9,Avvocati e procuratori,F,persons,MF,13
580,profession,nonagri,Attivita ed arti libere,239,0.2.9,Avvocati e procuratori,F,persons,M,12
580,profession,nonagri,Attivita ed arti libere,239,0.2.9,Avvocati e procuratori,F,persons,F,1
581,profession,nonagri,Attivita ed arti libere,240,1.0.0,Dentisti,,persons,MF,3
581,profession,nonagri,Attivita ed arti libere,240,1.0.0,Dentisti,,persons,M,2
581,profession,nonagri,Attivita ed arti libere,240,1.0.0,Dentisti,,persons,F,1
582,profession,nonagri,Attivita ed arti libere,240,1.0.0,Dentisti,D,persons,MF,3
582,profession,nonagri,Attivita ed arti libere,240,1.0.0,Dentisti,D,persons,M,2
582,profession,nonagri,Attivita ed arti libere,240,1.0.0,Dentisti,D,persons,F,1
583,profession,nonagri,Attivita ed arti libere,241,1.1.3,"Dottori in scienze agrarie, agronomi",,persons,MF,33
583,profession,nonagri,Attivita ed arti libere,241,1.1.3,"Dottori in scienze agrarie, agronomi",,persons,M,33
583,profession,nonagri,Attivita ed arti libere,241,1.1.3,"Dottori in scienze agrarie, agronomi",,persons,F,0
584,profession,nonagri,Attivita ed arti libere,241,1.1.3,"Dottori in scienze agrarie, agronomi",F,persons,MF,33
584,profession,nonagri,Attivita ed arti libere,241,1.1.3,"Dottori in scienze agrarie, agronomi",F,persons,M,33
584,profession,nonagri,Attivita ed arti libere,241,1.1.3,"Dottori in scienze agrarie, agronomi",F,persons,F,0
585,profession,nonagri,Attivita ed arti libere,242,1.1.4,Dottori in scienze economiche e commerciali,,persons,MF,5
585,profession,nonagri,Attivita ed arti libere,242,1.1.4,Dottori in scienze economiche e commerciali,,persons,M,5
585,profession,nonagri,Attivita ed arti libere,242,1.1.4,Dottori in scienze economiche e commerciali,,persons,F,0
586,profession,nonagri,Attivita ed arti libere,242,1.1.4,Dottori in scienze economiche e commerciali,D,persons,MF,1
586,profession,nonagri,Attivita ed arti libere,242,1.1.4,Dottori in scienze economiche e commerciali,D,persons,M,1
586,profession,nonagri,Attivita ed arti libere,242,1.1.4,Dottori in scienze economiche e commerciali,D,persons,F,0
587,profession,nonagri,Attivita ed arti libere,242,1.1.4,Dottori in scienze economiche e commerciali,F,persons,MF,4
587,profession,nonagri,Attivita ed arti libere,242,1.1.4,Dottori in scienze economiche e commerciali,F,persons,M,4
587,profession,nonagri,Attivita ed arti libere,242,1.1.4,Dottori in scienze economiche e commerciali,F,persons,F,0
588,profession,nonagri,Attivita ed arti libere,243,1.3.2,"Fisici, geologi, geografi, ecc.",,persons,MF,3
588,profession,nonagri,Attivita ed arti libere,243,1.3.2,"Fisici, geologi, geografi, ecc.",,persons,M,3
588,profession,nonagri,Attivita ed arti libere,243,1.3.2,"Fisici, geologi, geografi, ecc.",,persons,F,0
589,profession,nonagri,Attivita ed arti libere,243,1.3.2,"Fisici, geologi, geografi, ecc.",E,persons,MF,1
589,profession,nonagri,Attivita ed arti libere,243,1.3.2,"Fisici, geologi, geografi, ecc.",E,persons,M,1
589,profession,nonagri,Attivita ed arti libere,243,1.3.2,"Fisici, geologi, geografi, ecc.",E,persons,F,0
590,profession,nonagri,Attivita ed arti libere,243,1.3.2,"Fisici, geologi, geografi, ecc.",F,persons,MF,2
590,profession,nonagri,Attivita ed arti libere,243,1.3.2,"Fisici, geologi, geografi, ecc.",F,persons,M,2
590,profession,nonagri,Attivita ed arti libere,243,1.3.2,"Fisici, geologi, geografi, ecc.",F,persons,F,0
591,profession,nonagri,Attivita ed arti libere,244,1.7.3,Ingegneri,,persons,MF,79
591,profession,nonagri,Attivita ed arti libere,244,1.7.3,Ingegneri,,persons,M,79
591,profession,nonagri,Attivita ed arti libere,244,1.7.3,Ingegneri,,persons,F,0
592,profession,nonagri,Attivita ed arti libere,244,1.7.3,Ingegneri,D,persons,MF,15
592,profession,nonagri,Attivita ed arti libere,244,1.7.3,Ingegneri,D,persons,M,15
592,profession,nonagri,Attivita ed arti libere,244,1.7.3,Ingegneri,D,persons,F,0
593,profession,nonagri,Attivita ed arti libere,244,1.7.3,Ingegneri,E,persons,MF,12
593,profession,nonagri,Attivita ed arti libere,244,1.7.3,Ingegneri,E,persons,M,12
593,profession,nonagri,Attivita ed arti libere,244,1.7.3,Ingegneri,E,persons,F,0
594,profession,nonagri,Attivita ed arti libere,244,1.7.3,Ingegneri,F,persons,MF,52
594,profession,nonagri,Attivita ed arti libere,244,1.7.3,Ingegneri,F,persons,M,52
594,profession,nonagri,Attivita ed arti libere,244,1.7.3,Ingegneri,F,persons,F,0
595,profession,nonagri,Attivita ed arti libere,245,1.9.0,Levatrici,,persons,MF,34
595,profession,nonagri,Attivita ed arti libere,245,1.9.0,Levatrici,,persons,M,0
595,profession,nonagri,Attivita ed arti libere,245,1.9.0,Levatrici,,persons,F,34
596,profession,nonagri,Attivita ed arti libere,245,1.9.0,Levatrici,D,persons,MF,14
596,profession,nonagri,Attivita ed arti libere,245,1.9.0,Levatrici,D,persons,M,0
596,profession,nonagri,Attivita ed arti libere,245,1.9.0,Levatrici,D,persons,F,14
597,profession,nonagri,Attivita ed arti libere,245,1.9.0,Levatrici,F,persons,MF,20
597,profession,nonagri,Attivita ed arti libere,245,1.9.0,Levatrici,F,persons,M,0
597,profession,nonagri,Attivita ed arti libere,245,1.9.0,Levatrici,F,persons,F,20
598,profession,nonagri,Attivita ed arti libere,246,2.1.3,"Medici, batteriologi, ecc.",,persons,MF,100
598,profession,nonagri,Attivita ed arti libere,246,2.1.3,"Medici, batteriologi, ecc.",,persons,M,94
598,profession,nonagri,Attivita ed arti libere,246,2.1.3,"Medici, batteriologi, ecc.",,persons,F,6
599,profession,nonagri,Attivita ed arti libere,246,2.1.3,"Medici, batteriologi, ecc.",D,persons,MF,26
599,profession,nonagri,Attivita ed arti libere,246,2.1.3,"Medici, batteriologi, ecc.",D,persons,M,24
599,profession,nonagri,Attivita ed arti libere,246,2.1.3,"Medici, batteriologi, ecc.",D,persons,F,2
600,profession,nonagri,Attivita ed arti libere,246,2.1.3,"Medici, batteriologi, ecc.",E,persons,MF,5
600,profession,nonagri,Attivita ed arti libere,246,2.1.3,"Medici, batteriologi, ecc.",E,persons,M,5
600,profession,nonagri,Attivita ed arti libere,246,2.1.3,"Medici, batteriologi, ecc.",E,persons,F,0
601,profession,nonagri,Attivita ed arti libere,246,2.1.3,"Medici, batteriologi, ecc.",F,persons,MF,69
601,profession,nonagri,Attivita ed arti libere,246,2.1.3,"Medici, batteriologi, ecc.",F,persons,M,65
601,profession,nonagri,Attivita ed arti libere,246,2.1.3,"Medici, batteriologi, ecc.",F,persons,F,4
602,profession,nonagri,Attivita ed arti libere,247,2.3.0,Musicisti,,persons,MF,2
602,profession,nonagri,Attivita ed arti libere,247,2.3.0,Musicisti,,persons,M,2
602,profession,nonagri,Attivita ed arti libere,247,2.3.0,Musicisti,,persons,F,0
603,profession,nonagri,Attivita ed arti libere,247,2.3.0,Musicisti,D,persons,MF,2
603,profession,nonagri,Attivita ed arti libere,247,2.3.0,Musicisti,D,persons,M,2
603,profession,nonagri,Attivita ed arti libere,247,2.3.0,Musicisti,D,persons,F,0
604,profession,nonagri,Attivita ed arti libere,248,2.3.5,Notai,,persons,MF,6
604,profession,nonagri,Attivita ed arti libere,248,2.3.5,Notai,,persons,M,6
604,profession,nonagri,Attivita ed arti libere,248,2.3.5,Notai,,persons,F,0
605,profession,nonagri,Attivita ed arti libere,248,2.3.5,Notai,D,persons,MF,6
605,profession,nonagri,Attivita ed arti libere,248,2.3.5,Notai,D,persons,M,6
605,profession,nonagri,Attivita ed arti libere,248,2.3.5,Notai,D,persons,F,0
606,profession,nonagri,Attivita ed arti libere,249,2.5.3,Periti,,persons,MF,152
606,profession,nonagri,Attivita ed arti libere,249,2.5.3,Periti,,persons,M,151
606,profession,nonagri,Attivita ed arti libere,249,2.5.3,Periti,,persons,F,1
607,profession,nonagri,Attivita ed arti libere,249,2.5.3,Periti,D,persons,MF,13
607,profession,nonagri,Attivita ed arti libere,249,2.5.3,Periti,D,persons,M,13
607,profession,nonagri,Attivita ed arti libere,249,2.5.3,Periti,D,persons,F,0
608,profession,nonagri,Attivita ed arti libere,249,2.5.3,Periti,F,persons,MF,139
608,profession,nonagri,Attivita ed arti libere,249,2.5.3,Periti,F,persons,M,138
608,profession,nonagri,Attivita ed arti libere,249,2.5.3,Periti,F,persons,F,1
609,profession,nonagri,Attivita ed arti libere,250,2.6.8,Pittori,,persons,MF,6
609,profession,nonagri,Attivita ed arti libere,250,2.6.8,Pittori,,persons,M,5
609,profession,nonagri,Attivita ed arti libere,250,2.6.8,Pittori,,persons,F,1
610,profession,nonagri,Attivita ed arti libere,250,2.6.8,Pittori,D,persons,MF,6
610,profession,nonagri,Attivita ed arti libere,250,2.6.8,Pittori,D,persons,M,5
610,profession,nonagri,Attivita ed arti libere,250,2.6.8,Pittori,D,persons,F,1
611,profession,nonagri,Attivita ed arti libere,251,3.0.1,Scultori,,persons,MF,4
611,profession,nonagri,Attivita ed arti libere,251,3.0.1,Scultori,,persons,M,4
611,profession,nonagri,Attivita ed arti libere,251,3.0.1,Scultori,,persons,F,0
612,profession,nonagri,Attivita ed arti libere,251,3.0.1,Scultori,D,persons,MF,3
612,profession,nonagri,Attivita ed arti libere,251,3.0.1,Scultori,D,persons,M,3
612,profession,nonagri,Attivita ed arti libere,251,3.0.1,Scultori,D,persons,F,0
613,profession,nonagri,Attivita ed arti libere,251,3.0.1,Scultori,F,persons,MF,1
613,profession,nonagri,Attivita ed arti libere,251,3.0.1,Scultori,F,persons,M,1
613,profession,nonagri,Attivita ed arti libere,251,3.0.1,Scultori,F,persons,F,0
614,profession,nonagri,Attivita ed arti libere,252,3.5.3,Veterinari,,persons,MF,14
614,profession,nonagri,Attivita ed arti libere,252,3.5.3,Veterinari,,persons,M,14
614,profession,nonagri,Attivita ed arti libere,252,3.5.3,Veterinari,,persons,F,0
615,profession,nonagri,Attivita ed arti libere,252,3.5.3,Veterinari,D,persons,MF,1
615,profession,nonagri,Attivita ed arti libere,252,3.5.3,Veterinari,D,persons,M,1
615,profession,nonagri,Attivita ed arti libere,252,3.5.3,Veterinari,D,persons,F,0
616,profession,nonagri,Attivita ed arti libere,252,3.5.3,Veterinari,F,persons,MF,13
616,profession,nonagri,Attivita ed arti libere,252,3.5.3,Veterinari,F,persons,M,13
616,profession,nonagri,Attivita ed arti libere,252,3.5.3,Veterinari,F,persons,F,0
617,profession,nonagri,Attivita ed arti libere,253,3.6.0,Zoologi e botanici,,persons,MF,1
617,profession,nonagri,Attivita ed arti libere,253,3.6.0,Zoologi e botanici,,persons,M,1
617,profession,nonagri,Attivita ed arti libere,253,3.6.0,Zoologi e botanici,,persons,F,0
618,profession,nonagri,Attivita ed arti libere,253,3.6.0,Zoologi e botanici,F,persons,MF,1
618,profession,nonagri,Attivita ed arti libere,253,3.6.0,Zoologi e botanici,F,persons,M,1
618,profession,nonagri,Attivita ed arti libere,253,3.6.0,Zoologi e botanici,F,persons,F,0
619,profession,nonagri,Personale di servizio,254,0.1.9,"Ascensoristi, grooms, ecc.",,persons,MF,1
619,profession,nonagri,Personale di servizio,254,0.1.9,"Ascensoristi, grooms, ecc.",,persons,M,1
619,profession,nonagri,Personale di servizio,254,0.1.9,"Ascensoristi, grooms, ecc.",,persons,F,0
620,profession,nonagri,Personale di servizio,254,0.1.9,"Ascensoristi, grooms, ecc.",G,persons,MF,1
620,profession,nonagri,Personale di servizio,254,0.1.9,"Ascensoristi, grooms, ecc.",G,persons,M,1
620,profession,nonagri,Personale di servizio,254,0.1.9,"Ascensoristi, grooms, ecc.",G,persons,F,0
621,profession,nonagri,Personale di servizio,255,0.4.4,Camerieri,,persons,MF,209
621,profession,nonagri,Personale di servizio,255,0.4.4,Camerieri,,persons,M,144
621,profession,nonagri,Personale di servizio,255,0.4.4,Camerieri,,persons,F,65
622,profession,nonagri,Personale di servizio,255,0.4.4,Camerieri,H,persons,MF,209
622,profession,nonagri,Personale di servizio,255,0.4.4,Camerieri,H,persons,M,144
622,profession,nonagri,Personale di servizio,255,0.4.4,Camerieri,H,persons,F,65
623,profession,nonagri,Personale di servizio,256,0.9.3,Cuochi,,persons,MF,89
623,profession,nonagri,Personale di servizio,256,0.9.3,Cuochi,,persons,M,61
623,profession,nonagri,Personale di servizio,256,0.9.3,Cuochi,,persons,F,28
624,profession,nonagri,Personale di servizio,256,0.9.3,Cuochi,G,persons,MF,25
624,profession,nonagri,Personale di servizio,256,0.9.3,Cuochi,G,persons,M,8
624,profession,nonagri,Personale di servizio,256,0.9.3,Cuochi,G,persons,F,17
625,profession,nonagri,Personale di servizio,256,0.9.3,Cuochi,H,persons,MF,64
625,profession,nonagri,Personale di servizio,256,0.9.3,Cuochi,H,persons,M,53
625,profession,nonagri,Personale di servizio,256,0.9.3,Cuochi,H,persons,F,11
626,profession,nonagri,Personale di servizio,257,1.1.1,Domestici,,persons,MF,970
626,profession,nonagri,Personale di servizio,257,1.1.1,Domestici,,persons,M,17
626,profession,nonagri,Personale di servizio,257,1.1.1,Domestici,,persons,F,953
627,profession,nonagri,Personale di servizio,257,1.1.1,Domestici,G,persons,MF,970
627,profession,nonagri,Personale di servizio,257,1.1.1,Domestici,G,persons,M,17
627,profession,nonagri,Personale di servizio,257,1.1.1,Domestici,G,persons,F,953
628,profession,nonagri,Personale di servizio,258,1.5.7,"Guardarobieri, dispensieri, ecc.",,persons,MF,10
628,profession,nonagri,Personale di servizio,258,1.5.7,"Guardarobieri, dispensieri, ecc.",,persons,M,3
628,profession,nonagri,Personale di servizio,258,1.5.7,"Guardarobieri, dispensieri, ecc.",,persons,F,7
629,profession,nonagri,Personale di servizio,258,1.5.7,"Guardarobieri, dispensieri, ecc.",G,persons,MF,10
629,profession,nonagri,Personale di servizio,258,1.5.7,"Guardarobieri, dispensieri, ecc.",G,persons,M,3
629,profession,nonagri,Personale di servizio,258,1.5.7,"Guardarobieri, dispensieri, ecc.",G,persons,F,7
630,profession,nonagri,Personale di servizio,259,2.0.3,"Maggiordomi, cerimonieri, maestri di casa",,persons,MF,2
630,profession,nonagri,Personale di servizio,259,2.0.3,"Maggiordomi, cerimonieri, maestri di casa",,persons,M,2
630,profession,nonagri,Personale di servizio,259,2.0.3,"Maggiordomi, cerimonieri, maestri di casa",,persons,F,0
631,profession,nonagri,Personale di servizio,259,2.0.3,"Maggiordomi, cerimonieri, maestri di casa",F,persons,MF,2
631,profession,nonagri,Personale di servizio,259,2.0.3,"Maggiordomi, cerimonieri, maestri di casa",F,persons,M,2
631,profession,nonagri,Personale di servizio,259,2.0.3,"Maggiordomi, cerimonieri, maestri di casa",F,persons,F,0
632,profession,nonagri,Personale di servizio,260,3.0.5,Sguatteri e basso personale di cucina,,persons,MF,3
632,profession,nonagri,Personale di servizio,260,3.0.5,Sguatteri e basso personale di cucina,,persons,M,2
632,profession,nonagri,Personale di servizio,260,3.0.5,Sguatteri e basso personale di cucina,,persons,F,1
633,profession,nonagri,Personale di servizio,260,3.0.5,Sguatteri e basso personale di cucina,G,persons,MF,1
633,profession,nonagri,Personale di servizio,260,3.0.5,Sguatteri e basso personale di cucina,G,persons,M,1
633,profession,nonagri,Personale di servizio,260,3.0.5,Sguatteri e basso personale di cucina,G,persons,F,0
634,profession,nonagri,Personale di servizio,260,3.0.5,Sguatteri e basso personale di cucina,H,persons,MF,2
634,profession,nonagri,Personale di servizio,260,3.0.5,Sguatteri e basso personale di cucina,H,persons,M,1
634,profession,nonagri,Personale di servizio,260,3.0.5,Sguatteri e basso personale di cucina,H,persons,F,1
635,padroni,nonagri,,,,Padroni (non ripartiti per professione),A,persons,MF,2857
635,padroni,nonagri,,,,Padroni (non ripartiti per professione),A,persons,M,2366
635,padroni,nonagri,,,,Padroni (non ripartiti per professione),A,persons,F,491
636,padroni,nonagri,,,,Padroni (non ripartiti per professione),A,coadiuvanti,MF,563
636,padroni,nonagri,,,,Padroni (non ripartiti per professione),A,coadiuvanti,M,368
636,padroni,nonagri,,,,Padroni (non ripartiti per professione),A,coadiuvanti,F,195
637,total,nonagri,,,,Totale professioni non agricole,,persons,MF,22706
637,total,nonagri,,,,Totale professioni non agricole,,persons,M,19453
637,total,nonagri,,,,Totale professioni non agricole,,persons,F,3253
638,total,nonagri,,,,Totale professioni non agricole,,coadiuvanti,MF,720
638,total,nonagri,,,,Totale professioni non agricole,,coadiuvanti,M,486
638,total,nonagri,,,,Totale professioni non agricole,,coadiuvanti,F,234
639,total,nonagri,,,,Totale professioni non agricole,A,persons,MF,2857
639,total,nonagri,,,,Totale professioni non agricole,A,persons,M,2366
639,total,nonagri,,,,Totale professioni non agricole,A,persons,F,491
640,total,nonagri,,,,Totale professioni non agricole,B,persons,MF,309
640,total,nonagri,,,,Totale professioni non agricole,B,persons,M,268
640,total,nonagri,,,,Totale professioni non agricole,B,persons,F,41
641,total,nonagri,,,,Totale professioni non agricole,C,persons,MF,973
641,total,nonagri,,,,Totale professioni non agricole,C,persons,M,794
641,total,nonagri,,,,Totale professioni non agricole,C,persons,F,179
642,total,nonagri,,,,Totale professioni non agricole,D,persons,MF,184
642,total,nonagri,,,,Totale professioni non agricole,D,persons,M,142
642,total,nonagri,,,,Totale professioni non agricole,D,persons,F,42
643,total,nonagri,,,,Totale professioni non agricole,E,persons,MF,231
643,total,nonagri,,,,Totale professioni non agricole,E,persons,M,223
643,total,nonagri,,,,Totale professioni non agricole,E,persons,F,8
644,total,nonagri,,,,Totale professioni non agricole,F,persons,MF,7356
644,total,nonagri,,,,Totale professioni non agricole,F,persons,M,6534
644,total,nonagri,,,,Totale professioni non agricole,F,persons,F,822
645,total,nonagri,,,,Totale professioni non agricole,G,persons,MF,1436
645,total,nonagri,,,,Totale professioni non agricole,G,persons,M,431
645,total,nonagri,,,,Totale professioni non agricole,G,persons,F,1005
646,total,nonagri,,,,Totale professioni non agricole,H,persons,MF,9308
646,total,nonagri,,,,Totale professioni non agricole,H,persons,M,8688
646,total,nonagri,,,,Totale professioni non agricole,H,persons,F,620
647,total,nonagri,,,,Totale professioni non agricole,I,persons,MF,52
647,total,nonagri,,,,Totale professioni non agricole,I,persons,M,7
647,total,nonagri,,,,Totale professioni non agricole,I,persons,F,45
648,total,nonagri,,,,Totale professioni non agricole,A,coadiuvanti,MF,563
648,total,nonagri,,,,Totale professioni non agricole,A,coadiuvanti,M,368
648,total,nonagri,,,,Totale professioni non agricole,A,coadiuvanti,F,195
649,total,nonagri,,,,Totale professioni non agricole,B,coadiuvanti,MF,48
649,total,nonagri,,,,Totale professioni non agricole,B,coadiuvanti,M,38
649,total,nonagri,,,,Totale professioni non agricole,B,coadiuvanti,F,10
650,total,nonagri,,,,Totale professioni non agricole,C,coadiuvanti,MF,109
650,total,nonagri,,,,Totale professioni non agricole,C,coadiuvanti,M,80
650,total,nonagri,,,,Totale professioni non agricole,C,coadiuvanti,F,29
651,total,all,,,,Totale,A,persons,MF,3028
651,total,all,,,,Totale,A,persons,M,2519
651,total,all,,,,Totale,A,persons,F,509
652,total,all,,,,Totale,B,persons,MF,309
652,total,all,,,,Totale,B,persons,M,268
652,total,all,,,,Totale,B,persons,F,41
653,total,all,,,,Totale,C,persons,MF,3712
653,total,all,,,,Totale,C,persons,M,3046
653,total,all,,,,Totale,C,persons,F,666
654,total,all,,,,Totale,D,persons,MF,184
654,total,all,,,,Totale,D,persons,M,142
654,total,all,,,,Totale,D,persons,F,42
655,total,all,,,,Totale,E,persons,MF,270
655,total,all,,,,Totale,E,persons,M,262
655,total,all,,,,Totale,E,persons,F,8
656,total,all,,,,Totale,F,persons,MF,7413
656,total,all,,,,Totale,F,persons,M,6591
656,total,all,,,,Totale,F,persons,F,822
657,total,all,,,,Totale,G,persons,MF,1436
657,total,all,,,,Totale,G,persons,M,431
657,total,all,,,,Totale,G,persons,F,1005
658,total,all,,,,Totale,H,persons,MF,10182
658,total,all,,,,Totale,H,persons,M,9515
658,total,all,,,,Totale,H,persons,F,667
659,total,all,,,,Totale,I,persons,MF,52
659,total,all,,,,Totale,I,persons,M,7
659,total,all,,,,Totale,I,persons,F,45
660,total,all,,,,Totale,A,coadiuvanti,MF,606
660,total,all,,,,Totale,A,coadiuvanti,M,405
660,total,all,,,,Totale,A,coadiuvanti,F,201
661,total,all,,,,Totale,B,coadiuvanti,MF,48
661,total,all,,,,Totale,B,coadiuvanti,M,38
661,total,all,,,,Totale,B,coadiuvanti,F,10
662,total,all,,,,Totale,C,coadiuvanti,MF,1459
662,total,all,,,,Totale,C,coadiuvanti,M,994
662,total,all,,,,Totale,C,coadiuvanti,F,465
663,total,all,,,,Totale,,persons,MF,26586
663,total,all,,,,Totale,,persons,M,22781
663,total,all,,,,Totale,,persons,F,3805
664,total,all,,,,Totale,,coadiuvanti,MF,2113
664,total,all,,,,Totale,,coadiuvanti,M,1437
664,total,all,,,,Totale,,coadiuvanti,F,676
