seq,level,activity,position,area,sex,persons
1,category,I. Agricoltura,Conduttori non coltivatori,Libia,MF,171
1,category,I. Agricoltura,Conduttori non coltivatori,Libia,M,153
1,category,I. Agricoltura,Conduttori non coltivatori,Libia,F,18
1,category,I. Agricoltura,Conduttori non coltivatori,municipio di Tripoli,MF,79
1,category,I. Agricoltura,Conduttori non coltivatori,municipio di Tripoli,M,71
1,category,I. Agricoltura,Conduttori non coltivatori,municipio di Tripoli,F,8
1,category,I. Agricoltura,Conduttori non coltivatori,municipio di Bengasi,MF,9
1,category,I. Agricoltura,Conduttori non coltivatori,municipio di Bengasi,M,9
1,category,I. Agricoltura,Conduttori non coltivatori,municipio di Bengasi,F,0
2,category,I. Agricoltura,Conduttori coltivatori,Libia,MF,1259
2,category,I. Agricoltura,Conduttori coltivatori,Libia,M,902
2,category,I. Agricoltura,Conduttori coltivatori,Libia,F,357
2,category,I. Agricoltura,Conduttori coltivatori,municipio di Tripoli,MF,70
2,category,I. Agricoltura,Conduttori coltivatori,municipio di Tripoli,M,68
2,category,I. Agricoltura,Conduttori coltivatori,municipio di Tripoli,F,2
2,category,I. Agricoltura,Conduttori coltivatori,municipio di Bengasi,MF,65
2,category,I. Agricoltura,Conduttori coltivatori,municipio di Bengasi,M,56
2,category,I. Agricoltura,Conduttori coltivatori,municipio di Bengasi,F,9
3,category,I. Agricoltura,Coloni parziari,Libia,MF,1368
3,category,I. Agricoltura,Coloni parziari,Libia,M,1243
3,category,I. Agricoltura,Coloni parziari,Libia,F,125
3,category,I. Agricoltura,Coloni parziari,municipio di Tripoli,MF,36
3,category,I. Agricoltura,Coloni parziari,municipio di Tripoli,M,36
3,category,I. Agricoltura,Coloni parziari,municipio di Tripoli,F,0
3,category,I. Agricoltura,Coloni parziari,municipio di Bengasi,MF,14
3,category,I. Agricoltura,Coloni parziari,municipio di Bengasi,M,9
3,category,I. Agricoltura,Coloni parziari,municipio di Bengasi,F,5
4,category,I. Agricoltura,Figure miste,Libia,MF,112
4,category,I. Agricoltura,Figure miste,Libia,M,107
4,category,I. Agricoltura,Figure miste,Libia,F,5
4,category,I. Agricoltura,Figure miste,municipio di Tripoli,MF,0
4,category,I. Agricoltura,Figure miste,municipio di Tripoli,M,0
4,category,I. Agricoltura,Figure miste,municipio di Tripoli,F,0
4,category,I. Agricoltura,Figure miste,municipio di Bengasi,MF,1
4,category,I. Agricoltura,Figure miste,municipio di Bengasi,M,1
4,category,I. Agricoltura,Figure miste,municipio di Bengasi,F,0
5,category,I. Agricoltura,Dirigenti,Libia,MF,39
5,category,I. Agricoltura,Dirigenti,Libia,M,39
5,category,I. Agricoltura,Dirigenti,Libia,F,0
5,category,I. Agricoltura,Dirigenti,municipio di Tripoli,MF,6
5,category,I. Agricoltura,Dirigenti,municipio di Tripoli,M,6
5,category,I. Agricoltura,Dirigenti,municipio di Tripoli,F,0
5,category,I. Agricoltura,Dirigenti,municipio di Bengasi,MF,2
5,category,I. Agricoltura,Dirigenti,municipio di Bengasi,M,2
5,category,I. Agricoltura,Dirigenti,municipio di Bengasi,F,0
6,category,I. Agricoltura,Impiegati,Libia,MF,57
6,category,I. Agricoltura,Impiegati,Libia,M,57
6,category,I. Agricoltura,Impiegati,Libia,F,0
6,category,I. Agricoltura,Impiegati,municipio di Tripoli,MF,8
6,category,I. Agricoltura,Impiegati,municipio di Tripoli,M,8
6,category,I. Agricoltura,Impiegati,municipio di Tripoli,F,0
6,category,I. Agricoltura,Impiegati,municipio di Bengasi,MF,2
6,category,I. Agricoltura,Impiegati,municipio di Bengasi,M,2
6,category,I. Agricoltura,Impiegati,municipio di Bengasi,F,0
7,category,I. Agricoltura,Lavoratori,Libia,MF,874
7,category,I. Agricoltura,Lavoratori,Libia,M,827
7,category,I. Agricoltura,Lavoratori,Libia,F,47
7,category,I. Agricoltura,Lavoratori,municipio di Tripoli,MF,97
7,category,I. Agricoltura,Lavoratori,municipio di Tripoli,M,95
7,category,I. Agricoltura,Lavoratori,municipio di Tripoli,F,2
7,category,I. Agricoltura,Lavoratori,municipio di Bengasi,MF,43
7,category,I. Agricoltura,Lavoratori,municipio di Bengasi,M,40
7,category,I. Agricoltura,Lavoratori,municipio di Bengasi,F,3
8,category,I. Agricoltura,F) Impiegati (professioni non agricole),Libia,MF,46
8,category,I. Agricoltura,F) Impiegati (professioni non agricole),Libia,M,44
8,category,I. Agricoltura,F) Impiegati (professioni non agricole),Libia,F,2
8,category,I. Agricoltura,F) Impiegati (professioni non agricole),municipio di Tripoli,MF,6
8,category,I. Agricoltura,F) Impiegati (professioni non agricole),municipio di Tripoli,M,5
8,category,I. Agricoltura,F) Impiegati (professioni non agricole),municipio di Tripoli,F,1
8,category,I. Agricoltura,F) Impiegati (professioni non agricole),municipio di Bengasi,MF,5
8,category,I. Agricoltura,F) Impiegati (professioni non agricole),municipio di Bengasi,M,5
8,category,I. Agricoltura,F) Impiegati (professioni non agricole),municipio di Bengasi,F,0
9,category,I. Agricoltura,H) Operai (professioni non agricole),Libia,MF,156
9,category,I. Agricoltura,H) Operai (professioni non agricole),Libia,M,156
9,category,I. Agricoltura,H) Operai (professioni non agricole),Libia,F,0
9,category,I. Agricoltura,H) Operai (professioni non agricole),municipio di Tripoli,MF,22
9,category,I. Agricoltura,H) Operai (professioni non agricole),municipio di Tripoli,M,22
9,category,I. Agricoltura,H) Operai (professioni non agricole),municipio di Tripoli,F,0
9,category,I. Agricoltura,H) Operai (professioni non agricole),municipio di Bengasi,MF,7
9,category,I. Agricoltura,H) Operai (professioni non agricole),municipio di Bengasi,M,7
9,category,I. Agricoltura,H) Operai (professioni non agricole),municipio di Bengasi,F,0
10,category,I. Agricoltura,Totale,Libia,MF,4082
10,category,I. Agricoltura,Totale,Libia,M,3528
10,category,I. Agricoltura,Totale,Libia,F,554
10,category,I. Agricoltura,Totale,municipio di Tripoli,MF,324
10,category,I. Agricoltura,Totale,municipio di Tripoli,M,311
10,category,I. Agricoltura,Totale,municipio di Tripoli,F,13
10,category,I. Agricoltura,Totale,municipio di Bengasi,MF,148
10,category,I. Agricoltura,Totale,municipio di Bengasi,M,131
10,category,I. Agricoltura,Totale,municipio di Bengasi,F,17
11,category,I. Agricoltura,di cui familiari coadiuvanti,Libia,MF,1393
11,category,I. Agricoltura,di cui familiari coadiuvanti,Libia,M,951
11,category,I. Agricoltura,di cui familiari coadiuvanti,Libia,F,442
11,category,I. Agricoltura,di cui familiari coadiuvanti,municipio di Tripoli,MF,34
11,category,I. Agricoltura,di cui familiari coadiuvanti,municipio di Tripoli,M,30
11,category,I. Agricoltura,di cui familiari coadiuvanti,municipio di Tripoli,F,4
11,category,I. Agricoltura,di cui familiari coadiuvanti,municipio di Bengasi,MF,34
11,category,I. Agricoltura,di cui familiari coadiuvanti,municipio di Bengasi,M,20
11,category,I. Agricoltura,di cui familiari coadiuvanti,municipio di Bengasi,F,14
12,class,1. Agricoltura,Conduttori non coltivatori,Libia,MF,171
12,class,1. Agricoltura,Conduttori non coltivatori,Libia,M,153
12,class,1. Agricoltura,Conduttori non coltivatori,Libia,F,18
12,class,1. Agricoltura,Conduttori non coltivatori,municipio di Tripoli,MF,79
12,class,1. Agricoltura,Conduttori non coltivatori,municipio di Tripoli,M,71
12,class,1. Agricoltura,Conduttori non coltivatori,municipio di Tripoli,F,8
12,class,1. Agricoltura,Conduttori non coltivatori,municipio di Bengasi,MF,9
12,class,1. Agricoltura,Conduttori non coltivatori,municipio di Bengasi,M,9
12,class,1. Agricoltura,Conduttori non coltivatori,municipio di Bengasi,F,0
13,class,1. Agricoltura,Conduttori coltivatori,Libia,MF,1259
13,class,1. Agricoltura,Conduttori coltivatori,Libia,M,902
13,class,1. Agricoltura,Conduttori coltivatori,Libia,F,357
13,class,1. Agricoltura,Conduttori coltivatori,municipio di Tripoli,MF,70
13,class,1. Agricoltura,Conduttori coltivatori,municipio di Tripoli,M,68
13,class,1. Agricoltura,Conduttori coltivatori,municipio di Tripoli,F,2
13,class,1. Agricoltura,Conduttori coltivatori,municipio di Bengasi,MF,65
13,class,1. Agricoltura,Conduttori coltivatori,municipio di Bengasi,M,56
13,class,1. Agricoltura,Conduttori coltivatori,municipio di Bengasi,F,9
14,class,1. Agricoltura,Coloni parziari,Libia,MF,1368
14,class,1. Agricoltura,Coloni parziari,Libia,M,1243
14,class,1. Agricoltura,Coloni parziari,Libia,F,125
14,class,1. Agricoltura,Coloni parziari,municipio di Tripoli,MF,36
14,class,1. Agricoltura,Coloni parziari,municipio di Tripoli,M,36
14,class,1. Agricoltura,Coloni parziari,municipio di Tripoli,F,0
14,class,1. Agricoltura,Coloni parziari,municipio di Bengasi,MF,14
14,class,1. Agricoltura,Coloni parziari,municipio di Bengasi,M,9
14,class,1. Agricoltura,Coloni parziari,municipio di Bengasi,F,5
15,class,1. Agricoltura,Figure miste,Libia,MF,112
15,class,1. Agricoltura,Figure miste,Libia,M,107
15,class,1. Agricoltura,Figure miste,Libia,F,5
15,class,1. Agricoltura,Figure miste,municipio di Tripoli,MF,0
15,class,1. Agricoltura,Figure miste,municipio di Tripoli,M,0
15,class,1. Agricoltura,Figure miste,municipio di Tripoli,F,0
15,class,1. Agricoltura,Figure miste,municipio di Bengasi,MF,1
15,class,1. Agricoltura,Figure miste,municipio di Bengasi,M,1
15,class,1. Agricoltura,Figure miste,municipio di Bengasi,F,0
16,class,1. Agricoltura,Dirigenti,Libia,MF,39
16,class,1. Agricoltura,Dirigenti,Libia,M,39
16,class,1. Agricoltura,Dirigenti,Libia,F,0
16,class,1. Agricoltura,Dirigenti,municipio di Tripoli,MF,6
16,class,1. Agricoltura,Dirigenti,municipio di Tripoli,M,6
16,class,1. Agricoltura,Dirigenti,municipio di Tripoli,F,0
16,class,1. Agricoltura,Dirigenti,municipio di Bengasi,MF,2
16,class,1. Agricoltura,Dirigenti,municipio di Bengasi,M,2
16,class,1. Agricoltura,Dirigenti,municipio di Bengasi,F,0
17,class,1. Agricoltura,Impiegati,Libia,MF,57
17,class,1. Agricoltura,Impiegati,Libia,M,57
17,class,1. Agricoltura,Impiegati,Libia,F,0
17,class,1. Agricoltura,Impiegati,municipio di Tripoli,MF,8
17,class,1. Agricoltura,Impiegati,municipio di Tripoli,M,8
17,class,1. Agricoltura,Impiegati,municipio di Tripoli,F,0
17,class,1. Agricoltura,Impiegati,municipio di Bengasi,MF,2
17,class,1. Agricoltura,Impiegati,municipio di Bengasi,M,2
17,class,1. Agricoltura,Impiegati,municipio di Bengasi,F,0
18,class,1. Agricoltura,Lavoratori,Libia,MF,874
18,class,1. Agricoltura,Lavoratori,Libia,M,827
18,class,1. Agricoltura,Lavoratori,Libia,F,47
18,class,1. Agricoltura,Lavoratori,municipio di Tripoli,MF,97
18,class,1. Agricoltura,Lavoratori,municipio di Tripoli,M,95
18,class,1. Agricoltura,Lavoratori,municipio di Tripoli,F,2
18,class,1. Agricoltura,Lavoratori,municipio di Bengasi,MF,43
18,class,1. Agricoltura,Lavoratori,municipio di Bengasi,M,40
18,class,1. Agricoltura,Lavoratori,municipio di Bengasi,F,3
19,class,1. Agricoltura,F) Impiegati (professioni non agricole),Libia,MF,46
19,class,1. Agricoltura,F) Impiegati (professioni non agricole),Libia,M,44
19,class,1. Agricoltura,F) Impiegati (professioni non agricole),Libia,F,2
19,class,1. Agricoltura,F) Impiegati (professioni non agricole),municipio di Tripoli,MF,6
19,class,1. Agricoltura,F) Impiegati (professioni non agricole),municipio di Tripoli,M,5
19,class,1. Agricoltura,F) Impiegati (professioni non agricole),municipio di Tripoli,F,1
19,class,1. Agricoltura,F) Impiegati (professioni non agricole),municipio di Bengasi,MF,5
19,class,1. Agricoltura,F) Impiegati (professioni non agricole),municipio di Bengasi,M,5
19,class,1. Agricoltura,F) Impiegati (professioni non agricole),municipio di Bengasi,F,0
20,class,1. Agricoltura,H) Operai (professioni non agricole),Libia,MF,156
20,class,1. Agricoltura,H) Operai (professioni non agricole),Libia,M,156
20,class,1. Agricoltura,H) Operai (professioni non agricole),Libia,F,0
20,class,1. Agricoltura,H) Operai (professioni non agricole),municipio di Tripoli,MF,22
20,class,1. Agricoltura,H) Operai (professioni non agricole),municipio di Tripoli,M,22
20,class,1. Agricoltura,H) Operai (professioni non agricole),municipio di Tripoli,F,0
20,class,1. Agricoltura,H) Operai (professioni non agricole),municipio di Bengasi,MF,7
20,class,1. Agricoltura,H) Operai (professioni non agricole),municipio di Bengasi,M,7
20,class,1. Agricoltura,H) Operai (professioni non agricole),municipio di Bengasi,F,0
21,class,1. Agricoltura,Totale,Libia,MF,4082
21,class,1. Agricoltura,Totale,Libia,M,3528
21,class,1. Agricoltura,Totale,Libia,F,554
21,class,1. Agricoltura,Totale,municipio di Tripoli,MF,324
21,class,1. Agricoltura,Totale,municipio di Tripoli,M,311
21,class,1. Agricoltura,Totale,municipio di Tripoli,F,13
21,class,1. Agricoltura,Totale,municipio di Bengasi,MF,148
21,class,1. Agricoltura,Totale,municipio di Bengasi,M,131
21,class,1. Agricoltura,Totale,municipio di Bengasi,F,17
22,class,1. Agricoltura,di cui familiari coadiuvanti,Libia,MF,1393
22,class,1. Agricoltura,di cui familiari coadiuvanti,Libia,M,951
22,class,1. Agricoltura,di cui familiari coadiuvanti,Libia,F,442
22,class,1. Agricoltura,di cui familiari coadiuvanti,municipio di Tripoli,MF,34
22,class,1. Agricoltura,di cui familiari coadiuvanti,municipio di Tripoli,M,30
22,class,1. Agricoltura,di cui familiari coadiuvanti,municipio di Tripoli,F,4
22,class,1. Agricoltura,di cui familiari coadiuvanti,municipio di Bengasi,MF,34
22,class,1. Agricoltura,di cui familiari coadiuvanti,municipio di Bengasi,M,20
22,class,1. Agricoltura,di cui familiari coadiuvanti,municipio di Bengasi,F,14
23,subclass,1.1 Aziende agricole,Conduttori non coltivatori,Libia,MF,165
23,subclass,1.1 Aziende agricole,Conduttori non coltivatori,Libia,M,147
23,subclass,1.1 Aziende agricole,Conduttori non coltivatori,Libia,F,18
23,subclass,1.1 Aziende agricole,Conduttori non coltivatori,municipio di Tripoli,MF,78
23,subclass,1.1 Aziende agricole,Conduttori non coltivatori,municipio di Tripoli,M,70
23,subclass,1.1 Aziende agricole,Conduttori non coltivatori,municipio di Tripoli,F,8
23,subclass,1.1 Aziende agricole,Conduttori non coltivatori,municipio di Bengasi,MF,6
23,subclass,1.1 Aziende agricole,Conduttori non coltivatori,municipio di Bengasi,M,6
23,subclass,1.1 Aziende agricole,Conduttori non coltivatori,municipio di Bengasi,F,0
24,subclass,1.1 Aziende agricole,Conduttori coltivatori,Libia,MF,1254
24,subclass,1.1 Aziende agricole,Conduttori coltivatori,Libia,M,897
24,subclass,1.1 Aziende agricole,Conduttori coltivatori,Libia,F,357
24,subclass,1.1 Aziende agricole,Conduttori coltivatori,municipio di Tripoli,MF,67
24,subclass,1.1 Aziende agricole,Conduttori coltivatori,municipio di Tripoli,M,65
24,subclass,1.1 Aziende agricole,Conduttori coltivatori,municipio di Tripoli,F,2
24,subclass,1.1 Aziende agricole,Conduttori coltivatori,municipio di Bengasi,MF,64
24,subclass,1.1 Aziende agricole,Conduttori coltivatori,municipio di Bengasi,M,55
24,subclass,1.1 Aziende agricole,Conduttori coltivatori,municipio di Bengasi,F,9
25,subclass,1.1 Aziende agricole,Coloni parziari,Libia,MF,1368
25,subclass,1.1 Aziende agricole,Coloni parziari,Libia,M,1243
25,subclass,1.1 Aziende agricole,Coloni parziari,Libia,F,125
25,subclass,1.1 Aziende agricole,Coloni parziari,municipio di Tripoli,MF,36
25,subclass,1.1 Aziende agricole,Coloni parziari,municipio di Tripoli,M,36
25,subclass,1.1 Aziende agricole,Coloni parziari,municipio di Tripoli,F,0
25,subclass,1.1 Aziende agricole,Coloni parziari,municipio di Bengasi,MF,14
25,subclass,1.1 Aziende agricole,Coloni parziari,municipio di Bengasi,M,9
25,subclass,1.1 Aziende agricole,Coloni parziari,municipio di Bengasi,F,5
26,subclass,1.1 Aziende agricole,Figure miste,Libia,MF,112
26,subclass,1.1 Aziende agricole,Figure miste,Libia,M,107
26,subclass,1.1 Aziende agricole,Figure miste,Libia,F,5
26,subclass,1.1 Aziende agricole,Figure miste,municipio di Tripoli,MF,0
26,subclass,1.1 Aziende agricole,Figure miste,municipio di Tripoli,M,0
26,subclass,1.1 Aziende agricole,Figure miste,municipio di Tripoli,F,0
26,subclass,1.1 Aziende agricole,Figure miste,municipio di Bengasi,MF,1
26,subclass,1.1 Aziende agricole,Figure miste,municipio di Bengasi,M,1
26,subclass,1.1 Aziende agricole,Figure miste,municipio di Bengasi,F,0
27,subclass,1.1 Aziende agricole,Dirigenti,Libia,MF,37
27,subclass,1.1 Aziende agricole,Dirigenti,Libia,M,37
27,subclass,1.1 Aziende agricole,Dirigenti,Libia,F,0
27,subclass,1.1 Aziende agricole,Dirigenti,municipio di Tripoli,MF,6
27,subclass,1.1 Aziende agricole,Dirigenti,municipio di Tripoli,M,6
27,subclass,1.1 Aziende agricole,Dirigenti,municipio di Tripoli,F,0
27,subclass,1.1 Aziende agricole,Dirigenti,municipio di Bengasi,MF,1
27,subclass,1.1 Aziende agricole,Dirigenti,municipio di Bengasi,M,1
27,subclass,1.1 Aziende agricole,Dirigenti,municipio di Bengasi,F,0
28,subclass,1.1 Aziende agricole,Impiegati,Libia,MF,56
28,subclass,1.1 Aziende agricole,Impiegati,Libia,M,56
28,subclass,1.1 Aziende agricole,Impiegati,Libia,F,0
28,subclass,1.1 Aziende agricole,Impiegati,municipio di Tripoli,MF,8
28,subclass,1.1 Aziende agricole,Impiegati,municipio di Tripoli,M,8
28,subclass,1.1 Aziende agricole,Impiegati,municipio di Tripoli,F,0
28,subclass,1.1 Aziende agricole,Impiegati,municipio di Bengasi,MF,2
28,subclass,1.1 Aziende agricole,Impiegati,municipio di Bengasi,M,2
28,subclass,1.1 Aziende agricole,Impiegati,municipio di Bengasi,F,0
29,subclass,1.1 Aziende agricole,Lavoratori,Libia,MF,866
29,subclass,1.1 Aziende agricole,Lavoratori,Libia,M,819
29,subclass,1.1 Aziende agricole,Lavoratori,Libia,F,47
29,subclass,1.1 Aziende agricole,Lavoratori,municipio di Tripoli,MF,96
29,subclass,1.1 Aziende agricole,Lavoratori,municipio di Tripoli,M,94
29,subclass,1.1 Aziende agricole,Lavoratori,municipio di Tripoli,F,2
29,subclass,1.1 Aziende agricole,Lavoratori,municipio di Bengasi,MF,42
29,subclass,1.1 Aziende agricole,Lavoratori,municipio di Bengasi,M,39
29,subclass,1.1 Aziende agricole,Lavoratori,municipio di Bengasi,F,3
30,subclass,1.1 Aziende agricole,F) Impiegati (professioni non agricole),Libia,MF,44
30,subclass,1.1 Aziende agricole,F) Impiegati (professioni non agricole),Libia,M,42
30,subclass,1.1 Aziende agricole,F) Impiegati (professioni non agricole),Libia,F,2
30,subclass,1.1 Aziende agricole,F) Impiegati (professioni non agricole),municipio di Tripoli,MF,6
30,subclass,1.1 Aziende agricole,F) Impiegati (professioni non agricole),municipio di Tripoli,M,5
30,subclass,1.1 Aziende agricole,F) Impiegati (professioni non agricole),municipio di Tripoli,F,1
30,subclass,1.1 Aziende agricole,F) Impiegati (professioni non agricole),municipio di Bengasi,MF,5
30,subclass,1.1 Aziende agricole,F) Impiegati (professioni non agricole),municipio di Bengasi,M,5
30,subclass,1.1 Aziende agricole,F) Impiegati (professioni non agricole),municipio di Bengasi,F,0
31,subclass,1.1 Aziende agricole,H) Operai (professioni non agricole),Libia,MF,152
31,subclass,1.1 Aziende agricole,H) Operai (professioni non agricole),Libia,M,152
31,subclass,1.1 Aziende agricole,H) Operai (professioni non agricole),Libia,F,0
31,subclass,1.1 Aziende agricole,H) Operai (professioni non agricole),municipio di Tripoli,MF,21
31,subclass,1.1 Aziende agricole,H) Operai (professioni non agricole),municipio di Tripoli,M,21
31,subclass,1.1 Aziende agricole,H) Operai (professioni non agricole),municipio di Tripoli,F,0
31,subclass,1.1 Aziende agricole,H) Operai (professioni non agricole),municipio di Bengasi,MF,4
31,subclass,1.1 Aziende agricole,H) Operai (professioni non agricole),municipio di Bengasi,M,4
31,subclass,1.1 Aziende agricole,H) Operai (professioni non agricole),municipio di Bengasi,F,0
32,subclass,1.1 Aziende agricole,Totale,Libia,MF,4054
32,subclass,1.1 Aziende agricole,Totale,Libia,M,3500
32,subclass,1.1 Aziende agricole,Totale,Libia,F,554
32,subclass,1.1 Aziende agricole,Totale,municipio di Tripoli,MF,318
32,subclass,1.1 Aziende agricole,Totale,municipio di Tripoli,M,305
32,subclass,1.1 Aziende agricole,Totale,municipio di Tripoli,F,13
32,subclass,1.1 Aziende agricole,Totale,municipio di Bengasi,MF,139
32,subclass,1.1 Aziende agricole,Totale,municipio di Bengasi,M,122
32,subclass,1.1 Aziende agricole,Totale,municipio di Bengasi,F,17
33,subclass,1.1 Aziende agricole,di cui familiari coadiuvanti,Libia,MF,1392
33,subclass,1.1 Aziende agricole,di cui familiari coadiuvanti,Libia,M,950
33,subclass,1.1 Aziende agricole,di cui familiari coadiuvanti,Libia,F,442
33,subclass,1.1 Aziende agricole,di cui familiari coadiuvanti,municipio di Tripoli,MF,33
33,subclass,1.1 Aziende agricole,di cui familiari coadiuvanti,municipio di Tripoli,M,29
33,subclass,1.1 Aziende agricole,di cui familiari coadiuvanti,municipio di Tripoli,F,4
33,subclass,1.1 Aziende agricole,di cui familiari coadiuvanti,municipio di Bengasi,MF,34
33,subclass,1.1 Aziende agricole,di cui familiari coadiuvanti,municipio di Bengasi,M,20
33,subclass,1.1 Aziende agricole,di cui familiari coadiuvanti,municipio di Bengasi,F,14
34,category,II. Caccia e pesca,A) Padroni,Libia,MF,123
34,category,II. Caccia e pesca,A) Padroni,Libia,M,122
34,category,II. Caccia e pesca,A) Padroni,Libia,F,1
34,category,II. Caccia e pesca,A) Padroni,municipio di Tripoli,MF,96
34,category,II. Caccia e pesca,A) Padroni,municipio di Tripoli,M,96
34,category,II. Caccia e pesca,A) Padroni,municipio di Tripoli,F,0
34,category,II. Caccia e pesca,A) Padroni,municipio di Bengasi,MF,4
34,category,II. Caccia e pesca,A) Padroni,municipio di Bengasi,M,4
34,category,II. Caccia e pesca,A) Padroni,municipio di Bengasi,F,0
35,category,II. Caccia e pesca,B) Artigiani con dipendenti,Libia,MF,2
35,category,II. Caccia e pesca,B) Artigiani con dipendenti,Libia,M,2
35,category,II. Caccia e pesca,B) Artigiani con dipendenti,Libia,F,0
35,category,II. Caccia e pesca,B) Artigiani con dipendenti,municipio di Tripoli,MF,0
35,category,II. Caccia e pesca,B) Artigiani con dipendenti,municipio di Tripoli,M,0
35,category,II. Caccia e pesca,B) Artigiani con dipendenti,municipio di Tripoli,F,0
35,category,II. Caccia e pesca,B) Artigiani con dipendenti,municipio di Bengasi,MF,2
35,category,II. Caccia e pesca,B) Artigiani con dipendenti,municipio di Bengasi,M,2
35,category,II. Caccia e pesca,B) Artigiani con dipendenti,municipio di Bengasi,F,0
36,category,II. Caccia e pesca,C) Artigiani senza dipendenti,Libia,MF,6
36,category,II. Caccia e pesca,C) Artigiani senza dipendenti,Libia,M,6
36,category,II. Caccia e pesca,C) Artigiani senza dipendenti,Libia,F,0
36,category,II. Caccia e pesca,C) Artigiani senza dipendenti,municipio di Tripoli,MF,0
36,category,II. Caccia e pesca,C) Artigiani senza dipendenti,municipio di Tripoli,M,0
36,category,II. Caccia e pesca,C) Artigiani senza dipendenti,municipio di Tripoli,F,0
36,category,II. Caccia e pesca,C) Artigiani senza dipendenti,municipio di Bengasi,MF,0
36,category,II. Caccia e pesca,C) Artigiani senza dipendenti,municipio di Bengasi,M,0
36,category,II. Caccia e pesca,C) Artigiani senza dipendenti,municipio di Bengasi,F,0
37,category,II. Caccia e pesca,E) Dirigenti,Libia,MF,2
37,category,II. Caccia e pesca,E) Dirigenti,Libia,M,2
37,category,II. Caccia e pesca,E) Dirigenti,Libia,F,0
37,category,II. Caccia e pesca,E) Dirigenti,municipio di Tripoli,MF,0
37,category,II. Caccia e pesca,E) Dirigenti,municipio di Tripoli,M,0
37,category,II. Caccia e pesca,E) Dirigenti,municipio di Tripoli,F,0
37,category,II. Caccia e pesca,E) Dirigenti,municipio di Bengasi,MF,2
37,category,II. Caccia e pesca,E) Dirigenti,municipio di Bengasi,M,2
37,category,II. Caccia e pesca,E) Dirigenti,municipio di Bengasi,F,0
38,category,II. Caccia e pesca,F) Impiegati,Libia,MF,1
38,category,II. Caccia e pesca,F) Impiegati,Libia,M,1
38,category,II. Caccia e pesca,F) Impiegati,Libia,F,0
38,category,II. Caccia e pesca,F) Impiegati,municipio di Tripoli,MF,1
38,category,II. Caccia e pesca,F) Impiegati,municipio di Tripoli,M,1
38,category,II. Caccia e pesca,F) Impiegati,municipio di Tripoli,F,0
38,category,II. Caccia e pesca,F) Impiegati,municipio di Bengasi,MF,0
38,category,II. Caccia e pesca,F) Impiegati,municipio di Bengasi,M,0
38,category,II. Caccia e pesca,F) Impiegati,municipio di Bengasi,F,0
39,category,II. Caccia e pesca,G) Personale di servizio e di fatica,Libia,MF,1
39,category,II. Caccia e pesca,G) Personale di servizio e di fatica,Libia,M,1
39,category,II. Caccia e pesca,G) Personale di servizio e di fatica,Libia,F,0
39,category,II. Caccia e pesca,G) Personale di servizio e di fatica,municipio di Tripoli,MF,0
39,category,II. Caccia e pesca,G) Personale di servizio e di fatica,municipio di Tripoli,M,0
39,category,II. Caccia e pesca,G) Personale di servizio e di fatica,municipio di Tripoli,F,0
39,category,II. Caccia e pesca,G) Personale di servizio e di fatica,municipio di Bengasi,MF,0
39,category,II. Caccia e pesca,G) Personale di servizio e di fatica,municipio di Bengasi,M,0
39,category,II. Caccia e pesca,G) Personale di servizio e di fatica,municipio di Bengasi,F,0
40,category,II. Caccia e pesca,H) Operai,Libia,MF,228
40,category,II. Caccia e pesca,H) Operai,Libia,M,228
40,category,II. Caccia e pesca,H) Operai,Libia,F,0
40,category,II. Caccia e pesca,H) Operai,municipio di Tripoli,MF,148
40,category,II. Caccia e pesca,H) Operai,municipio di Tripoli,M,148
40,category,II. Caccia e pesca,H) Operai,municipio di Tripoli,F,0
40,category,II. Caccia e pesca,H) Operai,municipio di Bengasi,MF,68
40,category,II. Caccia e pesca,H) Operai,municipio di Bengasi,M,68
40,category,II. Caccia e pesca,H) Operai,municipio di Bengasi,F,0
41,category,II. Caccia e pesca,Totale,Libia,MF,363
41,category,II. Caccia e pesca,Totale,Libia,M,362
41,category,II. Caccia e pesca,Totale,Libia,F,1
41,category,II. Caccia e pesca,Totale,municipio di Tripoli,MF,245
41,category,II. Caccia e pesca,Totale,municipio di Tripoli,M,245
41,category,II. Caccia e pesca,Totale,municipio di Tripoli,F,0
41,category,II. Caccia e pesca,Totale,municipio di Bengasi,MF,76
41,category,II. Caccia e pesca,Totale,municipio di Bengasi,M,76
41,category,II. Caccia e pesca,Totale,municipio di Bengasi,F,0
42,category,II. Caccia e pesca,di cui familiari coadiuvanti,Libia,MF,40
42,category,II. Caccia e pesca,di cui familiari coadiuvanti,Libia,M,40
42,category,II. Caccia e pesca,di cui familiari coadiuvanti,Libia,F,0
42,category,II. Caccia e pesca,di cui familiari coadiuvanti,municipio di Tripoli,MF,29
42,category,II. Caccia e pesca,di cui familiari coadiuvanti,municipio di Tripoli,M,29
42,category,II. Caccia e pesca,di cui familiari coadiuvanti,municipio di Tripoli,F,0
42,category,II. Caccia e pesca,di cui familiari coadiuvanti,municipio di Bengasi,MF,2
42,category,II. Caccia e pesca,di cui familiari coadiuvanti,municipio di Bengasi,M,2
42,category,II. Caccia e pesca,di cui familiari coadiuvanti,municipio di Bengasi,F,0
43,class,2. Caccia,Totale,Libia,MF,0
43,class,2. Caccia,Totale,Libia,M,0
43,class,2. Caccia,Totale,Libia,F,0
43,class,2. Caccia,Totale,municipio di Tripoli,MF,0
43,class,2. Caccia,Totale,municipio di Tripoli,M,0
43,class,2. Caccia,Totale,municipio di Tripoli,F,0
43,class,2. Caccia,Totale,municipio di Bengasi,MF,0
43,class,2. Caccia,Totale,municipio di Bengasi,M,0
43,class,2. Caccia,Totale,municipio di Bengasi,F,0
44,class,3. Pesca,A) Padroni,Libia,MF,123
44,class,3. Pesca,A) Padroni,Libia,M,122
44,class,3. Pesca,A) Padroni,Libia,F,1
44,class,3. Pesca,A) Padroni,municipio di Tripoli,MF,96
44,class,3. Pesca,A) Padroni,municipio di Tripoli,M,96
44,class,3. Pesca,A) Padroni,municipio di Tripoli,F,0
44,class,3. Pesca,A) Padroni,municipio di Bengasi,MF,4
44,class,3. Pesca,A) Padroni,municipio di Bengasi,M,4
44,class,3. Pesca,A) Padroni,municipio di Bengasi,F,0
45,class,3. Pesca,B) Artigiani con dipendenti,Libia,MF,2
45,class,3. Pesca,B) Artigiani con dipendenti,Libia,M,2
45,class,3. Pesca,B) Artigiani con dipendenti,Libia,F,0
45,class,3. Pesca,B) Artigiani con dipendenti,municipio di Tripoli,MF,0
45,class,3. Pesca,B) Artigiani con dipendenti,municipio di Tripoli,M,0
45,class,3. Pesca,B) Artigiani con dipendenti,municipio di Tripoli,F,0
45,class,3. Pesca,B) Artigiani con dipendenti,municipio di Bengasi,MF,2
45,class,3. Pesca,B) Artigiani con dipendenti,municipio di Bengasi,M,2
45,class,3. Pesca,B) Artigiani con dipendenti,municipio di Bengasi,F,0
46,class,3. Pesca,C) Artigiani senza dipendenti,Libia,MF,6
46,class,3. Pesca,C) Artigiani senza dipendenti,Libia,M,6
46,class,3. Pesca,C) Artigiani senza dipendenti,Libia,F,0
46,class,3. Pesca,C) Artigiani senza dipendenti,municipio di Tripoli,MF,0
46,class,3. Pesca,C) Artigiani senza dipendenti,municipio di Tripoli,M,0
46,class,3. Pesca,C) Artigiani senza dipendenti,municipio di Tripoli,F,0
46,class,3. Pesca,C) Artigiani senza dipendenti,municipio di Bengasi,MF,0
46,class,3. Pesca,C) Artigiani senza dipendenti,municipio di Bengasi,M,0
46,class,3. Pesca,C) Artigiani senza dipendenti,municipio di Bengasi,F,0
47,class,3. Pesca,E) Dirigenti,Libia,MF,2
47,class,3. Pesca,E) Dirigenti,Libia,M,2
47,class,3. Pesca,E) Dirigenti,Libia,F,0
47,class,3. Pesca,E) Dirigenti,municipio di Tripoli,MF,0
47,class,3. Pesca,E) Dirigenti,municipio di Tripoli,M,0
47,class,3. Pesca,E) Dirigenti,municipio di Tripoli,F,0
47,class,3. Pesca,E) Dirigenti,municipio di Bengasi,MF,2
47,class,3. Pesca,E) Dirigenti,municipio di Bengasi,M,2
47,class,3. Pesca,E) Dirigenti,municipio di Bengasi,F,0
48,class,3. Pesca,F) Impiegati,Libia,MF,1
48,class,3. Pesca,F) Impiegati,Libia,M,1
48,class,3. Pesca,F) Impiegati,Libia,F,0
48,class,3. Pesca,F) Impiegati,municipio di Tripoli,MF,1
48,class,3. Pesca,F) Impiegati,municipio di Tripoli,M,1
48,class,3. Pesca,F) Impiegati,municipio di Tripoli,F,0
48,class,3. Pesca,F) Impiegati,municipio di Bengasi,MF,0
48,class,3. Pesca,F) Impiegati,municipio di Bengasi,M,0
48,class,3. Pesca,F) Impiegati,municipio di Bengasi,F,0
49,class,3. Pesca,G) Personale di servizio e di fatica,Libia,MF,1
49,class,3. Pesca,G) Personale di servizio e di fatica,Libia,M,1
49,class,3. Pesca,G) Personale di servizio e di fatica,Libia,F,0
49,class,3. Pesca,G) Personale di servizio e di fatica,municipio di Tripoli,MF,0
49,class,3. Pesca,G) Personale di servizio e di fatica,municipio di Tripoli,M,0
49,class,3. Pesca,G) Personale di servizio e di fatica,municipio di Tripoli,F,0
49,class,3. Pesca,G) Personale di servizio e di fatica,municipio di Bengasi,MF,0
49,class,3. Pesca,G) Personale di servizio e di fatica,municipio di Bengasi,M,0
49,class,3. Pesca,G) Personale di servizio e di fatica,municipio di Bengasi,F,0
50,class,3. Pesca,H) Operai,Libia,MF,228
50,class,3. Pesca,H) Operai,Libia,M,228
50,class,3. Pesca,H) Operai,Libia,F,0
50,class,3. Pesca,H) Operai,municipio di Tripoli,MF,148
50,class,3. Pesca,H) Operai,municipio di Tripoli,M,148
50,class,3. Pesca,H) Operai,municipio di Tripoli,F,0
50,class,3. Pesca,H) Operai,municipio di Bengasi,MF,68
50,class,3. Pesca,H) Operai,municipio di Bengasi,M,68
50,class,3. Pesca,H) Operai,municipio di Bengasi,F,0
51,class,3. Pesca,Totale,Libia,MF,363
51,class,3. Pesca,Totale,Libia,M,362
51,class,3. Pesca,Totale,Libia,F,1
51,class,3. Pesca,Totale,municipio di Tripoli,MF,245
51,class,3. Pesca,Totale,municipio di Tripoli,M,245
51,class,3. Pesca,Totale,municipio di Tripoli,F,0
51,class,3. Pesca,Totale,municipio di Bengasi,MF,76
51,class,3. Pesca,Totale,municipio di Bengasi,M,76
51,class,3. Pesca,Totale,municipio di Bengasi,F,0
52,class,3. Pesca,di cui familiari coadiuvanti,Libia,MF,40
52,class,3. Pesca,di cui familiari coadiuvanti,Libia,M,40
52,class,3. Pesca,di cui familiari coadiuvanti,Libia,F,0
52,class,3. Pesca,di cui familiari coadiuvanti,municipio di Tripoli,MF,29
52,class,3. Pesca,di cui familiari coadiuvanti,municipio di Tripoli,M,29
52,class,3. Pesca,di cui familiari coadiuvanti,municipio di Tripoli,F,0
52,class,3. Pesca,di cui familiari coadiuvanti,municipio di Bengasi,MF,2
52,class,3. Pesca,di cui familiari coadiuvanti,municipio di Bengasi,M,2
52,class,3. Pesca,di cui familiari coadiuvanti,municipio di Bengasi,F,0
53,subclass,3.5 Pesca in acque marine,A) Padroni,Libia,MF,102
53,subclass,3.5 Pesca in acque marine,A) Padroni,Libia,M,102
53,subclass,3.5 Pesca in acque marine,A) Padroni,Libia,F,0
53,subclass,3.5 Pesca in acque marine,A) Padroni,municipio di Tripoli,MF,91
53,subclass,3.5 Pesca in acque marine,A) Padroni,municipio di Tripoli,M,91
53,subclass,3.5 Pesca in acque marine,A) Padroni,municipio di Tripoli,F,0
53,subclass,3.5 Pesca in acque marine,A) Padroni,municipio di Bengasi,MF,4
53,subclass,3.5 Pesca in acque marine,A) Padroni,municipio di Bengasi,M,4
53,subclass,3.5 Pesca in acque marine,A) Padroni,municipio di Bengasi,F,0
54,subclass,3.5 Pesca in acque marine,B) Artigiani con dipendenti,Libia,MF,2
54,subclass,3.5 Pesca in acque marine,B) Artigiani con dipendenti,Libia,M,2
54,subclass,3.5 Pesca in acque marine,B) Artigiani con dipendenti,Libia,F,0
54,subclass,3.5 Pesca in acque marine,B) Artigiani con dipendenti,municipio di Tripoli,MF,0
54,subclass,3.5 Pesca in acque marine,B) Artigiani con dipendenti,municipio di Tripoli,M,0
54,subclass,3.5 Pesca in acque marine,B) Artigiani con dipendenti,municipio di Tripoli,F,0
54,subclass,3.5 Pesca in acque marine,B) Artigiani con dipendenti,municipio di Bengasi,MF,2
54,subclass,3.5 Pesca in acque marine,B) Artigiani con dipendenti,municipio di Bengasi,M,2
54,subclass,3.5 Pesca in acque marine,B) Artigiani con dipendenti,municipio di Bengasi,F,0
55,subclass,3.5 Pesca in acque marine,C) Artigiani senza dipendenti,Libia,MF,6
55,subclass,3.5 Pesca in acque marine,C) Artigiani senza dipendenti,Libia,M,6
55,subclass,3.5 Pesca in acque marine,C) Artigiani senza dipendenti,Libia,F,0
55,subclass,3.5 Pesca in acque marine,C) Artigiani senza dipendenti,municipio di Tripoli,MF,0
55,subclass,3.5 Pesca in acque marine,C) Artigiani senza dipendenti,municipio di Tripoli,M,0
55,subclass,3.5 Pesca in acque marine,C) Artigiani senza dipendenti,municipio di Tripoli,F,0
55,subclass,3.5 Pesca in acque marine,C) Artigiani senza dipendenti,municipio di Bengasi,MF,0
55,subclass,3.5 Pesca in acque marine,C) Artigiani senza dipendenti,municipio di Bengasi,M,0
55,subclass,3.5 Pesca in acque marine,C) Artigiani senza dipendenti,municipio di Bengasi,F,0
56,subclass,3.5 Pesca in acque marine,H) Operai,Libia,MF,185
56,subclass,3.5 Pesca in acque marine,H) Operai,Libia,M,185
56,subclass,3.5 Pesca in acque marine,H) Operai,Libia,F,0
56,subclass,3.5 Pesca in acque marine,H) Operai,municipio di Tripoli,MF,119
56,subclass,3.5 Pesca in acque marine,H) Operai,municipio di Tripoli,M,119
56,subclass,3.5 Pesca in acque marine,H) Operai,municipio di Tripoli,F,0
56,subclass,3.5 Pesca in acque marine,H) Operai,municipio di Bengasi,MF,62
56,subclass,3.5 Pesca in acque marine,H) Operai,municipio di Bengasi,M,62
56,subclass,3.5 Pesca in acque marine,H) Operai,municipio di Bengasi,F,0
57,subclass,3.5 Pesca in acque marine,Totale,Libia,MF,295
57,subclass,3.5 Pesca in acque marine,Totale,Libia,M,295
57,subclass,3.5 Pesca in acque marine,Totale,Libia,F,0
57,subclass,3.5 Pesca in acque marine,Totale,municipio di Tripoli,MF,210
57,subclass,3.5 Pesca in acque marine,Totale,municipio di Tripoli,M,210
57,subclass,3.5 Pesca in acque marine,Totale,municipio di Tripoli,F,0
57,subclass,3.5 Pesca in acque marine,Totale,municipio di Bengasi,MF,68
57,subclass,3.5 Pesca in acque marine,Totale,municipio di Bengasi,M,68
57,subclass,3.5 Pesca in acque marine,Totale,municipio di Bengasi,F,0
58,subclass,3.5 Pesca in acque marine,di cui familiari coadiuvanti,Libia,MF,35
58,subclass,3.5 Pesca in acque marine,di cui familiari coadiuvanti,Libia,M,35
58,subclass,3.5 Pesca in acque marine,di cui familiari coadiuvanti,Libia,F,0
58,subclass,3.5 Pesca in acque marine,di cui familiari coadiuvanti,municipio di Tripoli,MF,29
58,subclass,3.5 Pesca in acque marine,di cui familiari coadiuvanti,municipio di Tripoli,M,29
58,subclass,3.5 Pesca in acque marine,di cui familiari coadiuvanti,municipio di Tripoli,F,0
58,subclass,3.5 Pesca in acque marine,di cui familiari coadiuvanti,municipio di Bengasi,MF,2
58,subclass,3.5 Pesca in acque marine,di cui familiari coadiuvanti,municipio di Bengasi,M,2
58,subclass,3.5 Pesca in acque marine,di cui familiari coadiuvanti,municipio di Bengasi,F,0
59,subclass,3.6 Pesca del corallo e delle spugne,A) Padroni,Libia,MF,21
59,subclass,3.6 Pesca del corallo e delle spugne,A) Padroni,Libia,M,20
59,subclass,3.6 Pesca del corallo e delle spugne,A) Padroni,Libia,F,1
59,subclass,3.6 Pesca del corallo e delle spugne,A) Padroni,municipio di Tripoli,MF,5
59,subclass,3.6 Pesca del corallo e delle spugne,A) Padroni,municipio di Tripoli,M,5
59,subclass,3.6 Pesca del corallo e delle spugne,A) Padroni,municipio di Tripoli,F,0
59,subclass,3.6 Pesca del corallo e delle spugne,A) Padroni,municipio di Bengasi,MF,0
59,subclass,3.6 Pesca del corallo e delle spugne,A) Padroni,municipio di Bengasi,M,0
59,subclass,3.6 Pesca del corallo e delle spugne,A) Padroni,municipio di Bengasi,F,0
60,subclass,3.6 Pesca del corallo e delle spugne,E) Dirigenti,Libia,MF,1
60,subclass,3.6 Pesca del corallo e delle spugne,E) Dirigenti,Libia,M,1
60,subclass,3.6 Pesca del corallo e delle spugne,E) Dirigenti,Libia,F,0
60,subclass,3.6 Pesca del corallo e delle spugne,E) Dirigenti,municipio di Tripoli,MF,0
60,subclass,3.6 Pesca del corallo e delle spugne,E) Dirigenti,municipio di Tripoli,M,0
60,subclass,3.6 Pesca del corallo e delle spugne,E) Dirigenti,municipio di Tripoli,F,0
60,subclass,3.6 Pesca del corallo e delle spugne,E) Dirigenti,municipio di Bengasi,MF,1
60,subclass,3.6 Pesca del corallo e delle spugne,E) Dirigenti,municipio di Bengasi,M,1
60,subclass,3.6 Pesca del corallo e delle spugne,E) Dirigenti,municipio di Bengasi,F,0
61,subclass,3.6 Pesca del corallo e delle spugne,F) Impiegati,Libia,MF,1
61,subclass,3.6 Pesca del corallo e delle spugne,F) Impiegati,Libia,M,1
61,subclass,3.6 Pesca del corallo e delle spugne,F) Impiegati,Libia,F,0
61,subclass,3.6 Pesca del corallo e delle spugne,F) Impiegati,municipio di Tripoli,MF,1
61,subclass,3.6 Pesca del corallo e delle spugne,F) Impiegati,municipio di Tripoli,M,1
61,subclass,3.6 Pesca del corallo e delle spugne,F) Impiegati,municipio di Tripoli,F,0
61,subclass,3.6 Pesca del corallo e delle spugne,F) Impiegati,municipio di Bengasi,MF,0
61,subclass,3.6 Pesca del corallo e delle spugne,F) Impiegati,municipio di Bengasi,M,0
61,subclass,3.6 Pesca del corallo e delle spugne,F) Impiegati,municipio di Bengasi,F,0
62,subclass,3.6 Pesca del corallo e delle spugne,H) Operai,Libia,MF,36
62,subclass,3.6 Pesca del corallo e delle spugne,H) Operai,Libia,M,36
62,subclass,3.6 Pesca del corallo e delle spugne,H) Operai,Libia,F,0
62,subclass,3.6 Pesca del corallo e delle spugne,H) Operai,municipio di Tripoli,MF,28
62,subclass,3.6 Pesca del corallo e delle spugne,H) Operai,municipio di Tripoli,M,28
62,subclass,3.6 Pesca del corallo e delle spugne,H) Operai,municipio di Tripoli,F,0
62,subclass,3.6 Pesca del corallo e delle spugne,H) Operai,municipio di Bengasi,MF,1
62,subclass,3.6 Pesca del corallo e delle spugne,H) Operai,municipio di Bengasi,M,1
62,subclass,3.6 Pesca del corallo e delle spugne,H) Operai,municipio di Bengasi,F,0
63,subclass,3.6 Pesca del corallo e delle spugne,Totale,Libia,MF,59
63,subclass,3.6 Pesca del corallo e delle spugne,Totale,Libia,M,58
63,subclass,3.6 Pesca del corallo e delle spugne,Totale,Libia,F,1
63,subclass,3.6 Pesca del corallo e delle spugne,Totale,municipio di Tripoli,MF,34
63,subclass,3.6 Pesca del corallo e delle spugne,Totale,municipio di Tripoli,M,34
63,subclass,3.6 Pesca del corallo e delle spugne,Totale,municipio di Tripoli,F,0
63,subclass,3.6 Pesca del corallo e delle spugne,Totale,municipio di Bengasi,MF,2
63,subclass,3.6 Pesca del corallo e delle spugne,Totale,municipio di Bengasi,M,2
63,subclass,3.6 Pesca del corallo e delle spugne,Totale,municipio di Bengasi,F,0
64,subclass,3.6 Pesca del corallo e delle spugne,di cui familiari coadiuvanti,Libia,MF,5
64,subclass,3.6 Pesca del corallo e delle spugne,di cui familiari coadiuvanti,Libia,M,5
64,subclass,3.6 Pesca del corallo e delle spugne,di cui familiari coadiuvanti,Libia,F,0
64,subclass,3.6 Pesca del corallo e delle spugne,di cui familiari coadiuvanti,municipio di Tripoli,MF,0
64,subclass,3.6 Pesca del corallo e delle spugne,di cui familiari coadiuvanti,municipio di Tripoli,M,0
64,subclass,3.6 Pesca del corallo e delle spugne,di cui familiari coadiuvanti,municipio di Tripoli,F,0
64,subclass,3.6 Pesca del corallo e delle spugne,di cui familiari coadiuvanti,municipio di Bengasi,MF,0
64,subclass,3.6 Pesca del corallo e delle spugne,di cui familiari coadiuvanti,municipio di Bengasi,M,0
64,subclass,3.6 Pesca del corallo e delle spugne,di cui familiari coadiuvanti,municipio di Bengasi,F,0
65,category,III. Industria,A) Padroni,Libia,MF,766
65,category,III. Industria,A) Padroni,Libia,M,721
65,category,III. Industria,A) Padroni,Libia,F,45
65,category,III. Industria,A) Padroni,municipio di Tripoli,MF,475
65,category,III. Industria,A) Padroni,municipio di Tripoli,M,447
65,category,III. Industria,A) Padroni,municipio di Tripoli,F,28
65,category,III. Industria,A) Padroni,municipio di Bengasi,MF,171
65,category,III. Industria,A) Padroni,municipio di Bengasi,M,162
65,category,III. Industria,A) Padroni,municipio di Bengasi,F,9
66,category,III. Industria,B) Artigiani con dipendenti,Libia,MF,307
66,category,III. Industria,B) Artigiani con dipendenti,Libia,M,266
66,category,III. Industria,B) Artigiani con dipendenti,Libia,F,41
66,category,III. Industria,B) Artigiani con dipendenti,municipio di Tripoli,MF,192
66,category,III. Industria,B) Artigiani con dipendenti,municipio di Tripoli,M,168
66,category,III. Industria,B) Artigiani con dipendenti,municipio di Tripoli,F,24
66,category,III. Industria,B) Artigiani con dipendenti,municipio di Bengasi,MF,82
66,category,III. Industria,B) Artigiani con dipendenti,municipio di Bengasi,M,67
66,category,III. Industria,B) Artigiani con dipendenti,municipio di Bengasi,F,15
67,category,III. Industria,C) Artigiani senza dipendenti,Libia,MF,826
67,category,III. Industria,C) Artigiani senza dipendenti,Libia,M,647
67,category,III. Industria,C) Artigiani senza dipendenti,Libia,F,179
67,category,III. Industria,C) Artigiani senza dipendenti,municipio di Tripoli,MF,439
67,category,III. Industria,C) Artigiani senza dipendenti,municipio di Tripoli,M,344
67,category,III. Industria,C) Artigiani senza dipendenti,municipio di Tripoli,F,95
67,category,III. Industria,C) Artigiani senza dipendenti,municipio di Bengasi,MF,206
67,category,III. Industria,C) Artigiani senza dipendenti,municipio di Bengasi,M,152
67,category,III. Industria,C) Artigiani senza dipendenti,municipio di Bengasi,F,54
68,category,III. Industria,E) Dirigenti,Libia,MF,53
68,category,III. Industria,E) Dirigenti,Libia,M,51
68,category,III. Industria,E) Dirigenti,Libia,F,2
68,category,III. Industria,E) Dirigenti,municipio di Tripoli,MF,25
68,category,III. Industria,E) Dirigenti,municipio di Tripoli,M,24
68,category,III. Industria,E) Dirigenti,municipio di Tripoli,F,1
68,category,III. Industria,E) Dirigenti,municipio di Bengasi,MF,17
68,category,III. Industria,E) Dirigenti,municipio di Bengasi,M,16
68,category,III. Industria,E) Dirigenti,municipio di Bengasi,F,1
69,category,III. Industria,F) Impiegati,Libia,MF,504
69,category,III. Industria,F) Impiegati,Libia,M,463
69,category,III. Industria,F) Impiegati,Libia,F,41
69,category,III. Industria,F) Impiegati,municipio di Tripoli,MF,228
69,category,III. Industria,F) Impiegati,municipio di Tripoli,M,203
69,category,III. Industria,F) Impiegati,municipio di Tripoli,F,25
69,category,III. Industria,F) Impiegati,municipio di Bengasi,MF,134
69,category,III. Industria,F) Impiegati,municipio di Bengasi,M,120
69,category,III. Industria,F) Impiegati,municipio di Bengasi,F,14
70,category,III. Industria,G) Personale di servizio e di fatica,Libia,MF,38
70,category,III. Industria,G) Personale di servizio e di fatica,Libia,M,34
70,category,III. Industria,G) Personale di servizio e di fatica,Libia,F,4
70,category,III. Industria,G) Personale di servizio e di fatica,municipio di Tripoli,MF,26
70,category,III. Industria,G) Personale di servizio e di fatica,municipio di Tripoli,M,23
70,category,III. Industria,G) Personale di servizio e di fatica,municipio di Tripoli,F,3
70,category,III. Industria,G) Personale di servizio e di fatica,municipio di Bengasi,MF,10
70,category,III. Industria,G) Personale di servizio e di fatica,municipio di Bengasi,M,9
70,category,III. Industria,G) Personale di servizio e di fatica,municipio di Bengasi,F,1
71,category,III. Industria,H) Operai,Libia,MF,5515
71,category,III. Industria,H) Operai,Libia,M,5009
71,category,III. Industria,H) Operai,Libia,F,506
71,category,III. Industria,H) Operai,municipio di Tripoli,MF,2946
71,category,III. Industria,H) Operai,municipio di Tripoli,M,2689
71,category,III. Industria,H) Operai,municipio di Tripoli,F,257
71,category,III. Industria,H) Operai,municipio di Bengasi,MF,1452
71,category,III. Industria,H) Operai,municipio di Bengasi,M,1311
71,category,III. Industria,H) Operai,municipio di Bengasi,F,141
72,category,III. Industria,I) Lavoranti a domicilio,Libia,MF,52
72,category,III. Industria,I) Lavoranti a domicilio,Libia,M,7
72,category,III. Industria,I) Lavoranti a domicilio,Libia,F,45
72,category,III. Industria,I) Lavoranti a domicilio,municipio di Tripoli,MF,35
72,category,III. Industria,I) Lavoranti a domicilio,municipio di Tripoli,M,7
72,category,III. Industria,I) Lavoranti a domicilio,municipio di Tripoli,F,28
72,category,III. Industria,I) Lavoranti a domicilio,municipio di Bengasi,MF,17
72,category,III. Industria,I) Lavoranti a domicilio,municipio di Bengasi,M,0
72,category,III. Industria,I) Lavoranti a domicilio,municipio di Bengasi,F,17
73,category,III. Industria,Totale,Libia,MF,8061
73,category,III. Industria,Totale,Libia,M,7198
73,category,III. Industria,Totale,Libia,F,863
73,category,III. Industria,Totale,municipio di Tripoli,MF,4366
73,category,III. Industria,Totale,municipio di Tripoli,M,3905
73,category,III. Industria,Totale,municipio di Tripoli,F,461
73,category,III. Industria,Totale,municipio di Bengasi,MF,2089
73,category,III. Industria,Totale,municipio di Bengasi,M,1837
73,category,III. Industria,Totale,municipio di Bengasi,F,252
74,category,III. Industria,di cui familiari coadiuvanti,Libia,MF,293
74,category,III. Industria,di cui familiari coadiuvanti,Libia,M,234
74,category,III. Industria,di cui familiari coadiuvanti,Libia,F,59
74,category,III. Industria,di cui familiari coadiuvanti,municipio di Tripoli,MF,179
74,category,III. Industria,di cui familiari coadiuvanti,municipio di Tripoli,M,139
74,category,III. Industria,di cui familiari coadiuvanti,municipio di Tripoli,F,40
74,category,III. Industria,di cui familiari coadiuvanti,municipio di Bengasi,MF,71
74,category,III. Industria,di cui familiari coadiuvanti,municipio di Bengasi,M,57
74,category,III. Industria,di cui familiari coadiuvanti,municipio di Bengasi,F,14
75,class,4. Industrie estrattive,A) Padroni,Libia,MF,18
75,class,4. Industrie estrattive,A) Padroni,Libia,M,18
75,class,4. Industrie estrattive,A) Padroni,Libia,F,0
75,class,4. Industrie estrattive,A) Padroni,municipio di Tripoli,MF,10
75,class,4. Industrie estrattive,A) Padroni,municipio di Tripoli,M,10
75,class,4. Industrie estrattive,A) Padroni,municipio di Tripoli,F,0
75,class,4. Industrie estrattive,A) Padroni,municipio di Bengasi,MF,3
75,class,4. Industrie estrattive,A) Padroni,municipio di Bengasi,M,3
75,class,4. Industrie estrattive,A) Padroni,municipio di Bengasi,F,0
76,class,4. Industrie estrattive,E) Dirigenti,Libia,MF,2
76,class,4. Industrie estrattive,E) Dirigenti,Libia,M,2
76,class,4. Industrie estrattive,E) Dirigenti,Libia,F,0
76,class,4. Industrie estrattive,E) Dirigenti,municipio di Tripoli,MF,1
76,class,4. Industrie estrattive,E) Dirigenti,municipio di Tripoli,M,1
76,class,4. Industrie estrattive,E) Dirigenti,municipio di Tripoli,F,0
76,class,4. Industrie estrattive,E) Dirigenti,municipio di Bengasi,MF,0
76,class,4. Industrie estrattive,E) Dirigenti,municipio di Bengasi,M,0
76,class,4. Industrie estrattive,E) Dirigenti,municipio di Bengasi,F,0
77,class,4. Industrie estrattive,F) Impiegati,Libia,MF,4
77,class,4. Industrie estrattive,F) Impiegati,Libia,M,4
77,class,4. Industrie estrattive,F) Impiegati,Libia,F,0
77,class,4. Industrie estrattive,F) Impiegati,municipio di Tripoli,MF,2
77,class,4. Industrie estrattive,F) Impiegati,municipio di Tripoli,M,2
77,class,4. Industrie estrattive,F) Impiegati,municipio di Tripoli,F,0
77,class,4. Industrie estrattive,F) Impiegati,municipio di Bengasi,MF,1
77,class,4. Industrie estrattive,F) Impiegati,municipio di Bengasi,M,1
77,class,4. Industrie estrattive,F) Impiegati,municipio di Bengasi,F,0
78,class,4. Industrie estrattive,H) Operai,Libia,MF,61
78,class,4. Industrie estrattive,H) Operai,Libia,M,61
78,class,4. Industrie estrattive,H) Operai,Libia,F,0
78,class,4. Industrie estrattive,H) Operai,municipio di Tripoli,MF,29
78,class,4. Industrie estrattive,H) Operai,municipio di Tripoli,M,29
78,class,4. Industrie estrattive,H) Operai,municipio di Tripoli,F,0
78,class,4. Industrie estrattive,H) Operai,municipio di Bengasi,MF,10
78,class,4. Industrie estrattive,H) Operai,municipio di Bengasi,M,10
78,class,4. Industrie estrattive,H) Operai,municipio di Bengasi,F,0
79,class,4. Industrie estrattive,Totale,Libia,MF,85
79,class,4. Industrie estrattive,Totale,Libia,M,85
79,class,4. Industrie estrattive,Totale,Libia,F,0
79,class,4. Industrie estrattive,Totale,municipio di Tripoli,MF,42
79,class,4. Industrie estrattive,Totale,municipio di Tripoli,M,42
79,class,4. Industrie estrattive,Totale,municipio di Tripoli,F,0
79,class,4. Industrie estrattive,Totale,municipio di Bengasi,MF,14
79,class,4. Industrie estrattive,Totale,municipio di Bengasi,M,14
79,class,4. Industrie estrattive,Totale,municipio di Bengasi,F,0
80,class,4. Industrie estrattive,di cui familiari coadiuvanti,Libia,MF,6
80,class,4. Industrie estrattive,di cui familiari coadiuvanti,Libia,M,6
80,class,4. Industrie estrattive,di cui familiari coadiuvanti,Libia,F,0
80,class,4. Industrie estrattive,di cui familiari coadiuvanti,municipio di Tripoli,MF,2
80,class,4. Industrie estrattive,di cui familiari coadiuvanti,municipio di Tripoli,M,2
80,class,4. Industrie estrattive,di cui familiari coadiuvanti,municipio di Tripoli,F,0
80,class,4. Industrie estrattive,di cui familiari coadiuvanti,municipio di Bengasi,MF,2
80,class,4. Industrie estrattive,di cui familiari coadiuvanti,municipio di Bengasi,M,2
80,class,4. Industrie estrattive,di cui familiari coadiuvanti,municipio di Bengasi,F,0
81,subclass,"4.17 Cave di marmo, pietra da taglio",A) Padroni,Libia,MF,15
81,subclass,"4.17 Cave di marmo, pietra da taglio",A) Padroni,Libia,M,15
81,subclass,"4.17 Cave di marmo, pietra da taglio",A) Padroni,Libia,F,0
81,subclass,"4.17 Cave di marmo, pietra da taglio",A) Padroni,municipio di Tripoli,MF,10
81,subclass,"4.17 Cave di marmo, pietra da taglio",A) Padroni,municipio di Tripoli,M,10
81,subclass,"4.17 Cave di marmo, pietra da taglio",A) Padroni,municipio di Tripoli,F,0
81,subclass,"4.17 Cave di marmo, pietra da taglio",A) Padroni,municipio di Bengasi,MF,0
81,subclass,"4.17 Cave di marmo, pietra da taglio",A) Padroni,municipio di Bengasi,M,0
81,subclass,"4.17 Cave di marmo, pietra da taglio",A) Padroni,municipio di Bengasi,F,0
82,subclass,"4.17 Cave di marmo, pietra da taglio",F) Impiegati,Libia,MF,3
82,subclass,"4.17 Cave di marmo, pietra da taglio",F) Impiegati,Libia,M,3
82,subclass,"4.17 Cave di marmo, pietra da taglio",F) Impiegati,Libia,F,0
82,subclass,"4.17 Cave di marmo, pietra da taglio",F) Impiegati,municipio di Tripoli,MF,2
82,subclass,"4.17 Cave di marmo, pietra da taglio",F) Impiegati,municipio di Tripoli,M,2
82,subclass,"4.17 Cave di marmo, pietra da taglio",F) Impiegati,municipio di Tripoli,F,0
82,subclass,"4.17 Cave di marmo, pietra da taglio",F) Impiegati,municipio di Bengasi,MF,0
82,subclass,"4.17 Cave di marmo, pietra da taglio",F) Impiegati,municipio di Bengasi,M,0
82,subclass,"4.17 Cave di marmo, pietra da taglio",F) Impiegati,municipio di Bengasi,F,0
83,subclass,"4.17 Cave di marmo, pietra da taglio",H) Operai,Libia,MF,51
83,subclass,"4.17 Cave di marmo, pietra da taglio",H) Operai,Libia,M,51
83,subclass,"4.17 Cave di marmo, pietra da taglio",H) Operai,Libia,F,0
83,subclass,"4.17 Cave di marmo, pietra da taglio",H) Operai,municipio di Tripoli,MF,26
83,subclass,"4.17 Cave di marmo, pietra da taglio",H) Operai,municipio di Tripoli,M,26
83,subclass,"4.17 Cave di marmo, pietra da taglio",H) Operai,municipio di Tripoli,F,0
83,subclass,"4.17 Cave di marmo, pietra da taglio",H) Operai,municipio di Bengasi,MF,8
83,subclass,"4.17 Cave di marmo, pietra da taglio",H) Operai,municipio di Bengasi,M,8
83,subclass,"4.17 Cave di marmo, pietra da taglio",H) Operai,municipio di Bengasi,F,0
84,subclass,"4.17 Cave di marmo, pietra da taglio",Totale,Libia,MF,69
84,subclass,"4.17 Cave di marmo, pietra da taglio",Totale,Libia,M,69
84,subclass,"4.17 Cave di marmo, pietra da taglio",Totale,Libia,F,0
84,subclass,"4.17 Cave di marmo, pietra da taglio",Totale,municipio di Tripoli,MF,38
84,subclass,"4.17 Cave di marmo, pietra da taglio",Totale,municipio di Tripoli,M,38
84,subclass,"4.17 Cave di marmo, pietra da taglio",Totale,municipio di Tripoli,F,0
84,subclass,"4.17 Cave di marmo, pietra da taglio",Totale,municipio di Bengasi,MF,8
84,subclass,"4.17 Cave di marmo, pietra da taglio",Totale,municipio di Bengasi,M,8
84,subclass,"4.17 Cave di marmo, pietra da taglio",Totale,municipio di Bengasi,F,0
85,subclass,"4.17 Cave di marmo, pietra da taglio",di cui familiari coadiuvanti,Libia,MF,4
85,subclass,"4.17 Cave di marmo, pietra da taglio",di cui familiari coadiuvanti,Libia,M,4
85,subclass,"4.17 Cave di marmo, pietra da taglio",di cui familiari coadiuvanti,Libia,F,0
85,subclass,"4.17 Cave di marmo, pietra da taglio",di cui familiari coadiuvanti,municipio di Tripoli,MF,2
85,subclass,"4.17 Cave di marmo, pietra da taglio",di cui familiari coadiuvanti,municipio di Tripoli,M,2
85,subclass,"4.17 Cave di marmo, pietra da taglio",di cui familiari coadiuvanti,municipio di Tripoli,F,0
85,subclass,"4.17 Cave di marmo, pietra da taglio",di cui familiari coadiuvanti,municipio di Bengasi,MF,0
85,subclass,"4.17 Cave di marmo, pietra da taglio",di cui familiari coadiuvanti,municipio di Bengasi,M,0
85,subclass,"4.17 Cave di marmo, pietra da taglio",di cui familiari coadiuvanti,municipio di Bengasi,F,0
86,class,5. Industrie del legno ed affini,A) Padroni,Libia,MF,70
86,class,5. Industrie del legno ed affini,A) Padroni,Libia,M,70
86,class,5. Industrie del legno ed affini,A) Padroni,Libia,F,0
86,class,5. Industrie del legno ed affini,A) Padroni,municipio di Tripoli,MF,42
86,class,5. Industrie del legno ed affini,A) Padroni,municipio di Tripoli,M,42
86,class,5. Industrie del legno ed affini,A) Padroni,municipio di Tripoli,F,0
86,class,5. Industrie del legno ed affini,A) Padroni,municipio di Bengasi,MF,24
86,class,5. Industrie del legno ed affini,A) Padroni,municipio di Bengasi,M,24
86,class,5. Industrie del legno ed affini,A) Padroni,municipio di Bengasi,F,0
87,class,5. Industrie del legno ed affini,B) Artigiani con dipendenti,Libia,MF,61
87,class,5. Industrie del legno ed affini,B) Artigiani con dipendenti,Libia,M,61
87,class,5. Industrie del legno ed affini,B) Artigiani con dipendenti,Libia,F,0
87,class,5. Industrie del legno ed affini,B) Artigiani con dipendenti,municipio di Tripoli,MF,36
87,class,5. Industrie del legno ed affini,B) Artigiani con dipendenti,municipio di Tripoli,M,36
87,class,5. Industrie del legno ed affini,B) Artigiani con dipendenti,municipio di Tripoli,F,0
87,class,5. Industrie del legno ed affini,B) Artigiani con dipendenti,municipio di Bengasi,MF,14
87,class,5. Industrie del legno ed affini,B) Artigiani con dipendenti,municipio di Bengasi,M,14
87,class,5. Industrie del legno ed affini,B) Artigiani con dipendenti,municipio di Bengasi,F,0
88,class,5. Industrie del legno ed affini,C) Artigiani senza dipendenti,Libia,MF,166
88,class,5. Industrie del legno ed affini,C) Artigiani senza dipendenti,Libia,M,166
88,class,5. Industrie del legno ed affini,C) Artigiani senza dipendenti,Libia,F,0
88,class,5. Industrie del legno ed affini,C) Artigiani senza dipendenti,municipio di Tripoli,MF,98
88,class,5. Industrie del legno ed affini,C) Artigiani senza dipendenti,municipio di Tripoli,M,98
88,class,5. Industrie del legno ed affini,C) Artigiani senza dipendenti,municipio di Tripoli,F,0
88,class,5. Industrie del legno ed affini,C) Artigiani senza dipendenti,municipio di Bengasi,MF,34
88,class,5. Industrie del legno ed affini,C) Artigiani senza dipendenti,municipio di Bengasi,M,34
88,class,5. Industrie del legno ed affini,C) Artigiani senza dipendenti,municipio di Bengasi,F,0
89,class,5. Industrie del legno ed affini,F) Impiegati,Libia,MF,6
89,class,5. Industrie del legno ed affini,F) Impiegati,Libia,M,6
89,class,5. Industrie del legno ed affini,F) Impiegati,Libia,F,0
89,class,5. Industrie del legno ed affini,F) Impiegati,municipio di Tripoli,MF,4
89,class,5. Industrie del legno ed affini,F) Impiegati,municipio di Tripoli,M,4
89,class,5. Industrie del legno ed affini,F) Impiegati,municipio di Tripoli,F,0
89,class,5. Industrie del legno ed affini,F) Impiegati,municipio di Bengasi,MF,1
89,class,5. Industrie del legno ed affini,F) Impiegati,municipio di Bengasi,M,1
89,class,5. Industrie del legno ed affini,F) Impiegati,municipio di Bengasi,F,0
90,class,5. Industrie del legno ed affini,H) Operai,Libia,MF,521
90,class,5. Industrie del legno ed affini,H) Operai,Libia,M,521
90,class,5. Industrie del legno ed affini,H) Operai,Libia,F,0
90,class,5. Industrie del legno ed affini,H) Operai,municipio di Tripoli,MF,329
90,class,5. Industrie del legno ed affini,H) Operai,municipio di Tripoli,M,329
90,class,5. Industrie del legno ed affini,H) Operai,municipio di Tripoli,F,0
90,class,5. Industrie del legno ed affini,H) Operai,municipio di Bengasi,MF,157
90,class,5. Industrie del legno ed affini,H) Operai,municipio di Bengasi,M,157
90,class,5. Industrie del legno ed affini,H) Operai,municipio di Bengasi,F,0
91,class,5. Industrie del legno ed affini,Totale,Libia,MF,824
91,class,5. Industrie del legno ed affini,Totale,Libia,M,824
91,class,5. Industrie del legno ed affini,Totale,Libia,F,0
91,class,5. Industrie del legno ed affini,Totale,municipio di Tripoli,MF,509
91,class,5. Industrie del legno ed affini,Totale,municipio di Tripoli,M,509
91,class,5. Industrie del legno ed affini,Totale,municipio di Tripoli,F,0
91,class,5. Industrie del legno ed affini,Totale,municipio di Bengasi,MF,230
91,class,5. Industrie del legno ed affini,Totale,municipio di Bengasi,M,230
91,class,5. Industrie del legno ed affini,Totale,municipio di Bengasi,F,0
92,class,5. Industrie del legno ed affini,di cui familiari coadiuvanti,Libia,MF,55
92,class,5. Industrie del legno ed affini,di cui familiari coadiuvanti,Libia,M,55
92,class,5. Industrie del legno ed affini,di cui familiari coadiuvanti,Libia,F,0
92,class,5. Industrie del legno ed affini,di cui familiari coadiuvanti,municipio di Tripoli,MF,30
92,class,5. Industrie del legno ed affini,di cui familiari coadiuvanti,municipio di Tripoli,M,30
92,class,5. Industrie del legno ed affini,di cui familiari coadiuvanti,municipio di Tripoli,F,0
92,class,5. Industrie del legno ed affini,di cui familiari coadiuvanti,municipio di Bengasi,MF,18
92,class,5. Industrie del legno ed affini,di cui familiari coadiuvanti,municipio di Bengasi,M,18
92,class,5. Industrie del legno ed affini,di cui familiari coadiuvanti,municipio di Bengasi,F,0
93,subclass,5.25 Laboratori da falegnami e carpentieri in legno,A) Padroni,Libia,MF,24
93,subclass,5.25 Laboratori da falegnami e carpentieri in legno,A) Padroni,Libia,M,24
93,subclass,5.25 Laboratori da falegnami e carpentieri in legno,A) Padroni,Libia,F,0
93,subclass,5.25 Laboratori da falegnami e carpentieri in legno,A) Padroni,municipio di Tripoli,MF,13
93,subclass,5.25 Laboratori da falegnami e carpentieri in legno,A) Padroni,municipio di Tripoli,M,13
93,subclass,5.25 Laboratori da falegnami e carpentieri in legno,A) Padroni,municipio di Tripoli,F,0
93,subclass,5.25 Laboratori da falegnami e carpentieri in legno,A) Padroni,municipio di Bengasi,MF,8
93,subclass,5.25 Laboratori da falegnami e carpentieri in legno,A) Padroni,municipio di Bengasi,M,8
93,subclass,5.25 Laboratori da falegnami e carpentieri in legno,A) Padroni,municipio di Bengasi,F,0
94,subclass,5.25 Laboratori da falegnami e carpentieri in legno,B) Artigiani con dipendenti,Libia,MF,35
94,subclass,5.25 Laboratori da falegnami e carpentieri in legno,B) Artigiani con dipendenti,Libia,M,35
94,subclass,5.25 Laboratori da falegnami e carpentieri in legno,B) Artigiani con dipendenti,Libia,F,0
94,subclass,5.25 Laboratori da falegnami e carpentieri in legno,B) Artigiani con dipendenti,municipio di Tripoli,MF,16
94,subclass,5.25 Laboratori da falegnami e carpentieri in legno,B) Artigiani con dipendenti,municipio di Tripoli,M,16
94,subclass,5.25 Laboratori da falegnami e carpentieri in legno,B) Artigiani con dipendenti,municipio di Tripoli,F,0
94,subclass,5.25 Laboratori da falegnami e carpentieri in legno,B) Artigiani con dipendenti,municipio di Bengasi,MF,9
94,subclass,5.25 Laboratori da falegnami e carpentieri in legno,B) Artigiani con dipendenti,municipio di Bengasi,M,9
94,subclass,5.25 Laboratori da falegnami e carpentieri in legno,B) Artigiani con dipendenti,municipio di Bengasi,F,0
95,subclass,5.25 Laboratori da falegnami e carpentieri in legno,C) Artigiani senza dipendenti,Libia,MF,120
95,subclass,5.25 Laboratori da falegnami e carpentieri in legno,C) Artigiani senza dipendenti,Libia,M,120
95,subclass,5.25 Laboratori da falegnami e carpentieri in legno,C) Artigiani senza dipendenti,Libia,F,0
95,subclass,5.25 Laboratori da falegnami e carpentieri in legno,C) Artigiani senza dipendenti,municipio di Tripoli,MF,68
95,subclass,5.25 Laboratori da falegnami e carpentieri in legno,C) Artigiani senza dipendenti,municipio di Tripoli,M,68
95,subclass,5.25 Laboratori da falegnami e carpentieri in legno,C) Artigiani senza dipendenti,municipio di Tripoli,F,0
95,subclass,5.25 Laboratori da falegnami e carpentieri in legno,C) Artigiani senza dipendenti,municipio di Bengasi,MF,24
95,subclass,5.25 Laboratori da falegnami e carpentieri in legno,C) Artigiani senza dipendenti,municipio di Bengasi,M,24
95,subclass,5.25 Laboratori da falegnami e carpentieri in legno,C) Artigiani senza dipendenti,municipio di Bengasi,F,0
96,subclass,5.25 Laboratori da falegnami e carpentieri in legno,F) Impiegati,Libia,MF,2
96,subclass,5.25 Laboratori da falegnami e carpentieri in legno,F) Impiegati,Libia,M,2
96,subclass,5.25 Laboratori da falegnami e carpentieri in legno,F) Impiegati,Libia,F,0
96,subclass,5.25 Laboratori da falegnami e carpentieri in legno,F) Impiegati,municipio di Tripoli,MF,1
96,subclass,5.25 Laboratori da falegnami e carpentieri in legno,F) Impiegati,municipio di Tripoli,M,1
96,subclass,5.25 Laboratori da falegnami e carpentieri in legno,F) Impiegati,municipio di Tripoli,F,0
96,subclass,5.25 Laboratori da falegnami e carpentieri in legno,F) Impiegati,municipio di Bengasi,MF,1
96,subclass,5.25 Laboratori da falegnami e carpentieri in legno,F) Impiegati,municipio di Bengasi,M,1
96,subclass,5.25 Laboratori da falegnami e carpentieri in legno,F) Impiegati,municipio di Bengasi,F,0
97,subclass,5.25 Laboratori da falegnami e carpentieri in legno,H) Operai,Libia,MF,320
97,subclass,5.25 Laboratori da falegnami e carpentieri in legno,H) Operai,Libia,M,320
97,subclass,5.25 Laboratori da falegnami e carpentieri in legno,H) Operai,Libia,F,0
97,subclass,5.25 Laboratori da falegnami e carpentieri in legno,H) Operai,municipio di Tripoli,MF,222
97,subclass,5.25 Laboratori da falegnami e carpentieri in legno,H) Operai,municipio di Tripoli,M,222
97,subclass,5.25 Laboratori da falegnami e carpentieri in legno,H) Operai,municipio di Tripoli,F,0
97,subclass,5.25 Laboratori da falegnami e carpentieri in legno,H) Operai,municipio di Bengasi,MF,70
97,subclass,5.25 Laboratori da falegnami e carpentieri in legno,H) Operai,municipio di Bengasi,M,70
97,subclass,5.25 Laboratori da falegnami e carpentieri in legno,H) Operai,municipio di Bengasi,F,0
98,subclass,5.25 Laboratori da falegnami e carpentieri in legno,Totale,Libia,MF,501
98,subclass,5.25 Laboratori da falegnami e carpentieri in legno,Totale,Libia,M,501
98,subclass,5.25 Laboratori da falegnami e carpentieri in legno,Totale,Libia,F,0
98,subclass,5.25 Laboratori da falegnami e carpentieri in legno,Totale,municipio di Tripoli,MF,320
98,subclass,5.25 Laboratori da falegnami e carpentieri in legno,Totale,municipio di Tripoli,M,320
98,subclass,5.25 Laboratori da falegnami e carpentieri in legno,Totale,municipio di Tripoli,F,0
98,subclass,5.25 Laboratori da falegnami e carpentieri in legno,Totale,municipio di Bengasi,MF,112
98,subclass,5.25 Laboratori da falegnami e carpentieri in legno,Totale,municipio di Bengasi,M,112
98,subclass,5.25 Laboratori da falegnami e carpentieri in legno,Totale,municipio di Bengasi,F,0
99,subclass,5.25 Laboratori da falegnami e carpentieri in legno,di cui familiari coadiuvanti,Libia,MF,30
99,subclass,5.25 Laboratori da falegnami e carpentieri in legno,di cui familiari coadiuvanti,Libia,M,30
99,subclass,5.25 Laboratori da falegnami e carpentieri in legno,di cui familiari coadiuvanti,Libia,F,0
99,subclass,5.25 Laboratori da falegnami e carpentieri in legno,di cui familiari coadiuvanti,municipio di Tripoli,MF,15
99,subclass,5.25 Laboratori da falegnami e carpentieri in legno,di cui familiari coadiuvanti,municipio di Tripoli,M,15
99,subclass,5.25 Laboratori da falegnami e carpentieri in legno,di cui familiari coadiuvanti,municipio di Tripoli,F,0
99,subclass,5.25 Laboratori da falegnami e carpentieri in legno,di cui familiari coadiuvanti,municipio di Bengasi,MF,10
99,subclass,5.25 Laboratori da falegnami e carpentieri in legno,di cui familiari coadiuvanti,municipio di Bengasi,M,10
99,subclass,5.25 Laboratori da falegnami e carpentieri in legno,di cui familiari coadiuvanti,municipio di Bengasi,F,0
100,subclass,5.26 Costruzione di veicoli in legno,A) Padroni,Libia,MF,11
100,subclass,5.26 Costruzione di veicoli in legno,A) Padroni,Libia,M,11
100,subclass,5.26 Costruzione di veicoli in legno,A) Padroni,Libia,F,0
100,subclass,5.26 Costruzione di veicoli in legno,A) Padroni,municipio di Tripoli,MF,8
100,subclass,5.26 Costruzione di veicoli in legno,A) Padroni,municipio di Tripoli,M,8
100,subclass,5.26 Costruzione di veicoli in legno,A) Padroni,municipio di Tripoli,F,0
100,subclass,5.26 Costruzione di veicoli in legno,A) Padroni,municipio di Bengasi,MF,3
100,subclass,5.26 Costruzione di veicoli in legno,A) Padroni,municipio di Bengasi,M,3
100,subclass,5.26 Costruzione di veicoli in legno,A) Padroni,municipio di Bengasi,F,0
101,subclass,5.26 Costruzione di veicoli in legno,B) Artigiani con dipendenti,Libia,MF,2
101,subclass,5.26 Costruzione di veicoli in legno,B) Artigiani con dipendenti,Libia,M,2
101,subclass,5.26 Costruzione di veicoli in legno,B) Artigiani con dipendenti,Libia,F,0
101,subclass,5.26 Costruzione di veicoli in legno,B) Artigiani con dipendenti,municipio di Tripoli,MF,2
101,subclass,5.26 Costruzione di veicoli in legno,B) Artigiani con dipendenti,municipio di Tripoli,M,2
101,subclass,5.26 Costruzione di veicoli in legno,B) Artigiani con dipendenti,municipio di Tripoli,F,0
101,subclass,5.26 Costruzione di veicoli in legno,B) Artigiani con dipendenti,municipio di Bengasi,MF,0
101,subclass,5.26 Costruzione di veicoli in legno,B) Artigiani con dipendenti,municipio di Bengasi,M,0
101,subclass,5.26 Costruzione di veicoli in legno,B) Artigiani con dipendenti,municipio di Bengasi,F,0
102,subclass,5.26 Costruzione di veicoli in legno,C) Artigiani senza dipendenti,Libia,MF,19
102,subclass,5.26 Costruzione di veicoli in legno,C) Artigiani senza dipendenti,Libia,M,19
102,subclass,5.26 Costruzione di veicoli in legno,C) Artigiani senza dipendenti,Libia,F,0
102,subclass,5.26 Costruzione di veicoli in legno,C) Artigiani senza dipendenti,municipio di Tripoli,MF,8
102,subclass,5.26 Costruzione di veicoli in legno,C) Artigiani senza dipendenti,municipio di Tripoli,M,8
102,subclass,5.26 Costruzione di veicoli in legno,C) Artigiani senza dipendenti,municipio di Tripoli,F,0
102,subclass,5.26 Costruzione di veicoli in legno,C) Artigiani senza dipendenti,municipio di Bengasi,MF,7
102,subclass,5.26 Costruzione di veicoli in legno,C) Artigiani senza dipendenti,municipio di Bengasi,M,7
102,subclass,5.26 Costruzione di veicoli in legno,C) Artigiani senza dipendenti,municipio di Bengasi,F,0
103,subclass,5.26 Costruzione di veicoli in legno,H) Operai,Libia,MF,17
103,subclass,5.26 Costruzione di veicoli in legno,H) Operai,Libia,M,17
103,subclass,5.26 Costruzione di veicoli in legno,H) Operai,Libia,F,0
103,subclass,5.26 Costruzione di veicoli in legno,H) Operai,municipio di Tripoli,MF,11
103,subclass,5.26 Costruzione di veicoli in legno,H) Operai,municipio di Tripoli,M,11
103,subclass,5.26 Costruzione di veicoli in legno,H) Operai,municipio di Tripoli,F,0
103,subclass,5.26 Costruzione di veicoli in legno,H) Operai,municipio di Bengasi,MF,6
103,subclass,5.26 Costruzione di veicoli in legno,H) Operai,municipio di Bengasi,M,6
103,subclass,5.26 Costruzione di veicoli in legno,H) Operai,municipio di Bengasi,F,0
104,subclass,5.26 Costruzione di veicoli in legno,Totale,Libia,MF,49
104,subclass,5.26 Costruzione di veicoli in legno,Totale,Libia,M,49
104,subclass,5.26 Costruzione di veicoli in legno,Totale,Libia,F,0
104,subclass,5.26 Costruzione di veicoli in legno,Totale,municipio di Tripoli,MF,29
104,subclass,5.26 Costruzione di veicoli in legno,Totale,municipio di Tripoli,M,29
104,subclass,5.26 Costruzione di veicoli in legno,Totale,municipio di Tripoli,F,0
104,subclass,5.26 Costruzione di veicoli in legno,Totale,municipio di Bengasi,MF,16
104,subclass,5.26 Costruzione di veicoli in legno,Totale,municipio di Bengasi,M,16
104,subclass,5.26 Costruzione di veicoli in legno,Totale,municipio di Bengasi,F,0
105,subclass,5.26 Costruzione di veicoli in legno,di cui familiari coadiuvanti,Libia,MF,8
105,subclass,5.26 Costruzione di veicoli in legno,di cui familiari coadiuvanti,Libia,M,8
105,subclass,5.26 Costruzione di veicoli in legno,di cui familiari coadiuvanti,Libia,F,0
105,subclass,5.26 Costruzione di veicoli in legno,di cui familiari coadiuvanti,municipio di Tripoli,MF,6
105,subclass,5.26 Costruzione di veicoli in legno,di cui familiari coadiuvanti,municipio di Tripoli,M,6
105,subclass,5.26 Costruzione di veicoli in legno,di cui familiari coadiuvanti,municipio di Tripoli,F,0
105,subclass,5.26 Costruzione di veicoli in legno,di cui familiari coadiuvanti,municipio di Bengasi,MF,2
105,subclass,5.26 Costruzione di veicoli in legno,di cui familiari coadiuvanti,municipio di Bengasi,M,2
105,subclass,5.26 Costruzione di veicoli in legno,di cui familiari coadiuvanti,municipio di Bengasi,F,0
106,subclass,5.28 Fabbricazione di mobili ed oggetti artistici in legno,A) Padroni,Libia,MF,20
106,subclass,5.28 Fabbricazione di mobili ed oggetti artistici in legno,A) Padroni,Libia,M,20
106,subclass,5.28 Fabbricazione di mobili ed oggetti artistici in legno,A) Padroni,Libia,F,0
106,subclass,5.28 Fabbricazione di mobili ed oggetti artistici in legno,A) Padroni,municipio di Tripoli,MF,11
106,subclass,5.28 Fabbricazione di mobili ed oggetti artistici in legno,A) Padroni,municipio di Tripoli,M,11
106,subclass,5.28 Fabbricazione di mobili ed oggetti artistici in legno,A) Padroni,municipio di Tripoli,F,0
106,subclass,5.28 Fabbricazione di mobili ed oggetti artistici in legno,A) Padroni,municipio di Bengasi,MF,8
106,subclass,5.28 Fabbricazione di mobili ed oggetti artistici in legno,A) Padroni,municipio di Bengasi,M,8
106,subclass,5.28 Fabbricazione di mobili ed oggetti artistici in legno,A) Padroni,municipio di Bengasi,F,0
107,subclass,5.28 Fabbricazione di mobili ed oggetti artistici in legno,B) Artigiani con dipendenti,Libia,MF,20
107,subclass,5.28 Fabbricazione di mobili ed oggetti artistici in legno,B) Artigiani con dipendenti,Libia,M,20
107,subclass,5.28 Fabbricazione di mobili ed oggetti artistici in legno,B) Artigiani con dipendenti,Libia,F,0
107,subclass,5.28 Fabbricazione di mobili ed oggetti artistici in legno,B) Artigiani con dipendenti,municipio di Tripoli,MF,15
107,subclass,5.28 Fabbricazione di mobili ed oggetti artistici in legno,B) Artigiani con dipendenti,municipio di Tripoli,M,15
107,subclass,5.28 Fabbricazione di mobili ed oggetti artistici in legno,B) Artigiani con dipendenti,municipio di Tripoli,F,0
107,subclass,5.28 Fabbricazione di mobili ed oggetti artistici in legno,B) Artigiani con dipendenti,municipio di Bengasi,MF,4
107,subclass,5.28 Fabbricazione di mobili ed oggetti artistici in legno,B) Artigiani con dipendenti,municipio di Bengasi,M,4
107,subclass,5.28 Fabbricazione di mobili ed oggetti artistici in legno,B) Artigiani con dipendenti,municipio di Bengasi,F,0
108,subclass,5.28 Fabbricazione di mobili ed oggetti artistici in legno,C) Artigiani senza dipendenti,Libia,MF,20
108,subclass,5.28 Fabbricazione di mobili ed oggetti artistici in legno,C) Artigiani senza dipendenti,Libia,M,20
108,subclass,5.28 Fabbricazione di mobili ed oggetti artistici in legno,C) Artigiani senza dipendenti,Libia,F,0
108,subclass,5.28 Fabbricazione di mobili ed oggetti artistici in legno,C) Artigiani senza dipendenti,municipio di Tripoli,MF,16
108,subclass,5.28 Fabbricazione di mobili ed oggetti artistici in legno,C) Artigiani senza dipendenti,municipio di Tripoli,M,16
108,subclass,5.28 Fabbricazione di mobili ed oggetti artistici in legno,C) Artigiani senza dipendenti,municipio di Tripoli,F,0
108,subclass,5.28 Fabbricazione di mobili ed oggetti artistici in legno,C) Artigiani senza dipendenti,municipio di Bengasi,MF,3
108,subclass,5.28 Fabbricazione di mobili ed oggetti artistici in legno,C) Artigiani senza dipendenti,municipio di Bengasi,M,3
108,subclass,5.28 Fabbricazione di mobili ed oggetti artistici in legno,C) Artigiani senza dipendenti,municipio di Bengasi,F,0
109,subclass,5.28 Fabbricazione di mobili ed oggetti artistici in legno,F) Impiegati,Libia,MF,1
109,subclass,5.28 Fabbricazione di mobili ed oggetti artistici in legno,F) Impiegati,Libia,M,1
109,subclass,5.28 Fabbricazione di mobili ed oggetti artistici in legno,F) Impiegati,Libia,F,0
109,subclass,5.28 Fabbricazione di mobili ed oggetti artistici in legno,F) Impiegati,municipio di Tripoli,MF,1
109,subclass,5.28 Fabbricazione di mobili ed oggetti artistici in legno,F) Impiegati,municipio di Tripoli,M,1
109,subclass,5.28 Fabbricazione di mobili ed oggetti artistici in legno,F) Impiegati,municipio di Tripoli,F,0
109,subclass,5.28 Fabbricazione di mobili ed oggetti artistici in legno,F) Impiegati,municipio di Bengasi,MF,0
109,subclass,5.28 Fabbricazione di mobili ed oggetti artistici in legno,F) Impiegati,municipio di Bengasi,M,0
109,subclass,5.28 Fabbricazione di mobili ed oggetti artistici in legno,F) Impiegati,municipio di Bengasi,F,0
110,subclass,5.28 Fabbricazione di mobili ed oggetti artistici in legno,H) Operai,Libia,MF,158
110,subclass,5.28 Fabbricazione di mobili ed oggetti artistici in legno,H) Operai,Libia,M,158
110,subclass,5.28 Fabbricazione di mobili ed oggetti artistici in legno,H) Operai,Libia,F,0
110,subclass,5.28 Fabbricazione di mobili ed oggetti artistici in legno,H) Operai,municipio di Tripoli,MF,79
110,subclass,5.28 Fabbricazione di mobili ed oggetti artistici in legno,H) Operai,municipio di Tripoli,M,79
110,subclass,5.28 Fabbricazione di mobili ed oggetti artistici in legno,H) Operai,municipio di Tripoli,F,0
110,subclass,5.28 Fabbricazione di mobili ed oggetti artistici in legno,H) Operai,municipio di Bengasi,MF,73
110,subclass,5.28 Fabbricazione di mobili ed oggetti artistici in legno,H) Operai,municipio di Bengasi,M,73
110,subclass,5.28 Fabbricazione di mobili ed oggetti artistici in legno,H) Operai,municipio di Bengasi,F,0
111,subclass,5.28 Fabbricazione di mobili ed oggetti artistici in legno,Totale,Libia,MF,219
111,subclass,5.28 Fabbricazione di mobili ed oggetti artistici in legno,Totale,Libia,M,219
111,subclass,5.28 Fabbricazione di mobili ed oggetti artistici in legno,Totale,Libia,F,0
111,subclass,5.28 Fabbricazione di mobili ed oggetti artistici in legno,Totale,municipio di Tripoli,MF,122
111,subclass,5.28 Fabbricazione di mobili ed oggetti artistici in legno,Totale,municipio di Tripoli,M,122
111,subclass,5.28 Fabbricazione di mobili ed oggetti artistici in legno,Totale,municipio di Tripoli,F,0
111,subclass,5.28 Fabbricazione di mobili ed oggetti artistici in legno,Totale,municipio di Bengasi,MF,88
111,subclass,5.28 Fabbricazione di mobili ed oggetti artistici in legno,Totale,municipio di Bengasi,M,88
111,subclass,5.28 Fabbricazione di mobili ed oggetti artistici in legno,Totale,municipio di Bengasi,F,0
112,subclass,5.28 Fabbricazione di mobili ed oggetti artistici in legno,di cui familiari coadiuvanti,Libia,MF,7
112,subclass,5.28 Fabbricazione di mobili ed oggetti artistici in legno,di cui familiari coadiuvanti,Libia,M,7
112,subclass,5.28 Fabbricazione di mobili ed oggetti artistici in legno,di cui familiari coadiuvanti,Libia,F,0
112,subclass,5.28 Fabbricazione di mobili ed oggetti artistici in legno,di cui familiari coadiuvanti,municipio di Tripoli,MF,3
112,subclass,5.28 Fabbricazione di mobili ed oggetti artistici in legno,di cui familiari coadiuvanti,municipio di Tripoli,M,3
112,subclass,5.28 Fabbricazione di mobili ed oggetti artistici in legno,di cui familiari coadiuvanti,municipio di Tripoli,F,0
112,subclass,5.28 Fabbricazione di mobili ed oggetti artistici in legno,di cui familiari coadiuvanti,municipio di Bengasi,MF,4
112,subclass,5.28 Fabbricazione di mobili ed oggetti artistici in legno,di cui familiari coadiuvanti,municipio di Bengasi,M,4
112,subclass,5.28 Fabbricazione di mobili ed oggetti artistici in legno,di cui familiari coadiuvanti,municipio di Bengasi,F,0
113,class,6. Industrie alimentari,A) Padroni,Libia,MF,165
113,class,6. Industrie alimentari,A) Padroni,Libia,M,144
113,class,6. Industrie alimentari,A) Padroni,Libia,F,21
113,class,6. Industrie alimentari,A) Padroni,municipio di Tripoli,MF,85
113,class,6. Industrie alimentari,A) Padroni,municipio di Tripoli,M,75
113,class,6. Industrie alimentari,A) Padroni,municipio di Tripoli,F,10
113,class,6. Industrie alimentari,A) Padroni,municipio di Bengasi,MF,38
113,class,6. Industrie alimentari,A) Padroni,municipio di Bengasi,M,32
113,class,6. Industrie alimentari,A) Padroni,municipio di Bengasi,F,6
114,class,6. Industrie alimentari,B) Artigiani con dipendenti,Libia,MF,1
114,class,6. Industrie alimentari,B) Artigiani con dipendenti,Libia,M,1
114,class,6. Industrie alimentari,B) Artigiani con dipendenti,Libia,F,0
114,class,6. Industrie alimentari,B) Artigiani con dipendenti,municipio di Tripoli,MF,1
114,class,6. Industrie alimentari,B) Artigiani con dipendenti,municipio di Tripoli,M,1
114,class,6. Industrie alimentari,B) Artigiani con dipendenti,municipio di Tripoli,F,0
114,class,6. Industrie alimentari,B) Artigiani con dipendenti,municipio di Bengasi,MF,0
114,class,6. Industrie alimentari,B) Artigiani con dipendenti,municipio di Bengasi,M,0
114,class,6. Industrie alimentari,B) Artigiani con dipendenti,municipio di Bengasi,F,0
115,class,6. Industrie alimentari,C) Artigiani senza dipendenti,Libia,MF,8
115,class,6. Industrie alimentari,C) Artigiani senza dipendenti,Libia,M,8
115,class,6. Industrie alimentari,C) Artigiani senza dipendenti,Libia,F,0
115,class,6. Industrie alimentari,C) Artigiani senza dipendenti,municipio di Tripoli,MF,1
115,class,6. Industrie alimentari,C) Artigiani senza dipendenti,municipio di Tripoli,M,1
115,class,6. Industrie alimentari,C) Artigiani senza dipendenti,municipio di Tripoli,F,0
115,class,6. Industrie alimentari,C) Artigiani senza dipendenti,municipio di Bengasi,MF,0
115,class,6. Industrie alimentari,C) Artigiani senza dipendenti,municipio di Bengasi,M,0
115,class,6. Industrie alimentari,C) Artigiani senza dipendenti,municipio di Bengasi,F,0
116,class,6. Industrie alimentari,E) Dirigenti,Libia,MF,8
116,class,6. Industrie alimentari,E) Dirigenti,Libia,M,7
116,class,6. Industrie alimentari,E) Dirigenti,Libia,F,1
116,class,6. Industrie alimentari,E) Dirigenti,municipio di Tripoli,MF,5
116,class,6. Industrie alimentari,E) Dirigenti,municipio di Tripoli,M,4
116,class,6. Industrie alimentari,E) Dirigenti,municipio di Tripoli,F,1
116,class,6. Industrie alimentari,E) Dirigenti,municipio di Bengasi,MF,3
116,class,6. Industrie alimentari,E) Dirigenti,municipio di Bengasi,M,3
116,class,6. Industrie alimentari,E) Dirigenti,municipio di Bengasi,F,0
117,class,6. Industrie alimentari,F) Impiegati,Libia,MF,41
117,class,6. Industrie alimentari,F) Impiegati,Libia,M,34
117,class,6. Industrie alimentari,F) Impiegati,Libia,F,7
117,class,6. Industrie alimentari,F) Impiegati,municipio di Tripoli,MF,21
117,class,6. Industrie alimentari,F) Impiegati,municipio di Tripoli,M,18
117,class,6. Industrie alimentari,F) Impiegati,municipio di Tripoli,F,3
117,class,6. Industrie alimentari,F) Impiegati,municipio di Bengasi,MF,17
117,class,6. Industrie alimentari,F) Impiegati,municipio di Bengasi,M,13
117,class,6. Industrie alimentari,F) Impiegati,municipio di Bengasi,F,4
118,class,6. Industrie alimentari,G) Personale di servizio e di fatica,Libia,MF,4
118,class,6. Industrie alimentari,G) Personale di servizio e di fatica,Libia,M,4
118,class,6. Industrie alimentari,G) Personale di servizio e di fatica,Libia,F,0
118,class,6. Industrie alimentari,G) Personale di servizio e di fatica,municipio di Tripoli,MF,3
118,class,6. Industrie alimentari,G) Personale di servizio e di fatica,municipio di Tripoli,M,3
118,class,6. Industrie alimentari,G) Personale di servizio e di fatica,municipio di Tripoli,F,0
118,class,6. Industrie alimentari,G) Personale di servizio e di fatica,municipio di Bengasi,MF,0
118,class,6. Industrie alimentari,G) Personale di servizio e di fatica,municipio di Bengasi,M,0
118,class,6. Industrie alimentari,G) Personale di servizio e di fatica,municipio di Bengasi,F,0
119,class,6. Industrie alimentari,H) Operai,Libia,MF,130
119,class,6. Industrie alimentari,H) Operai,Libia,M,125
119,class,6. Industrie alimentari,H) Operai,Libia,F,5
119,class,6. Industrie alimentari,H) Operai,municipio di Tripoli,MF,84
119,class,6. Industrie alimentari,H) Operai,municipio di Tripoli,M,79
119,class,6. Industrie alimentari,H) Operai,municipio di Tripoli,F,5
119,class,6. Industrie alimentari,H) Operai,municipio di Bengasi,MF,37
119,class,6. Industrie alimentari,H) Operai,municipio di Bengasi,M,37
119,class,6. Industrie alimentari,H) Operai,municipio di Bengasi,F,0
120,class,6. Industrie alimentari,Totale,Libia,MF,357
120,class,6. Industrie alimentari,Totale,Libia,M,323
120,class,6. Industrie alimentari,Totale,Libia,F,34
120,class,6. Industrie alimentari,Totale,municipio di Tripoli,MF,200
120,class,6. Industrie alimentari,Totale,municipio di Tripoli,M,181
120,class,6. Industrie alimentari,Totale,municipio di Tripoli,F,19
120,class,6. Industrie alimentari,Totale,municipio di Bengasi,MF,95
120,class,6. Industrie alimentari,Totale,municipio di Bengasi,M,85
120,class,6. Industrie alimentari,Totale,municipio di Bengasi,F,10
121,class,6. Industrie alimentari,di cui familiari coadiuvanti,Libia,MF,35
121,class,6. Industrie alimentari,di cui familiari coadiuvanti,Libia,M,22
121,class,6. Industrie alimentari,di cui familiari coadiuvanti,Libia,F,13
121,class,6. Industrie alimentari,di cui familiari coadiuvanti,municipio di Tripoli,MF,19
121,class,6. Industrie alimentari,di cui familiari coadiuvanti,municipio di Tripoli,M,9
121,class,6. Industrie alimentari,di cui familiari coadiuvanti,municipio di Tripoli,F,10
121,class,6. Industrie alimentari,di cui familiari coadiuvanti,municipio di Bengasi,MF,7
121,class,6. Industrie alimentari,di cui familiari coadiuvanti,municipio di Bengasi,M,5
121,class,6. Industrie alimentari,di cui familiari coadiuvanti,municipio di Bengasi,F,2
122,subclass,6.40 Forni e panifici,A) Padroni,Libia,MF,68
122,subclass,6.40 Forni e panifici,A) Padroni,Libia,M,59
122,subclass,6.40 Forni e panifici,A) Padroni,Libia,F,9
122,subclass,6.40 Forni e panifici,A) Padroni,municipio di Tripoli,MF,27
122,subclass,6.40 Forni e panifici,A) Padroni,municipio di Tripoli,M,22
122,subclass,6.40 Forni e panifici,A) Padroni,municipio di Tripoli,F,5
122,subclass,6.40 Forni e panifici,A) Padroni,municipio di Bengasi,MF,14
122,subclass,6.40 Forni e panifici,A) Padroni,municipio di Bengasi,M,13
122,subclass,6.40 Forni e panifici,A) Padroni,municipio di Bengasi,F,1
123,subclass,6.40 Forni e panifici,B) Artigiani con dipendenti,Libia,MF,1
123,subclass,6.40 Forni e panifici,B) Artigiani con dipendenti,Libia,M,1
123,subclass,6.40 Forni e panifici,B) Artigiani con dipendenti,Libia,F,0
123,subclass,6.40 Forni e panifici,B) Artigiani con dipendenti,municipio di Tripoli,MF,1
123,subclass,6.40 Forni e panifici,B) Artigiani con dipendenti,municipio di Tripoli,M,1
123,subclass,6.40 Forni e panifici,B) Artigiani con dipendenti,municipio di Tripoli,F,0
123,subclass,6.40 Forni e panifici,B) Artigiani con dipendenti,municipio di Bengasi,MF,0
123,subclass,6.40 Forni e panifici,B) Artigiani con dipendenti,municipio di Bengasi,M,0
123,subclass,6.40 Forni e panifici,B) Artigiani con dipendenti,municipio di Bengasi,F,0
124,subclass,6.40 Forni e panifici,C) Artigiani senza dipendenti,Libia,MF,5
124,subclass,6.40 Forni e panifici,C) Artigiani senza dipendenti,Libia,M,5
124,subclass,6.40 Forni e panifici,C) Artigiani senza dipendenti,Libia,F,0
124,subclass,6.40 Forni e panifici,C) Artigiani senza dipendenti,municipio di Tripoli,MF,1
124,subclass,6.40 Forni e panifici,C) Artigiani senza dipendenti,municipio di Tripoli,M,1
124,subclass,6.40 Forni e panifici,C) Artigiani senza dipendenti,municipio di Tripoli,F,0
124,subclass,6.40 Forni e panifici,C) Artigiani senza dipendenti,municipio di Bengasi,MF,0
124,subclass,6.40 Forni e panifici,C) Artigiani senza dipendenti,municipio di Bengasi,M,0
124,subclass,6.40 Forni e panifici,C) Artigiani senza dipendenti,municipio di Bengasi,F,0
125,subclass,6.40 Forni e panifici,F) Impiegati,Libia,MF,7
125,subclass,6.40 Forni e panifici,F) Impiegati,Libia,M,6
125,subclass,6.40 Forni e panifici,F) Impiegati,Libia,F,1
125,subclass,6.40 Forni e panifici,F) Impiegati,municipio di Tripoli,MF,1
125,subclass,6.40 Forni e panifici,F) Impiegati,municipio di Tripoli,M,1
125,subclass,6.40 Forni e panifici,F) Impiegati,municipio di Tripoli,F,0
125,subclass,6.40 Forni e panifici,F) Impiegati,municipio di Bengasi,MF,5
125,subclass,6.40 Forni e panifici,F) Impiegati,municipio di Bengasi,M,4
125,subclass,6.40 Forni e panifici,F) Impiegati,municipio di Bengasi,F,1
126,subclass,6.40 Forni e panifici,H) Operai,Libia,MF,41
126,subclass,6.40 Forni e panifici,H) Operai,Libia,M,41
126,subclass,6.40 Forni e panifici,H) Operai,Libia,F,0
126,subclass,6.40 Forni e panifici,H) Operai,municipio di Tripoli,MF,24
126,subclass,6.40 Forni e panifici,H) Operai,municipio di Tripoli,M,24
126,subclass,6.40 Forni e panifici,H) Operai,municipio di Tripoli,F,0
126,subclass,6.40 Forni e panifici,H) Operai,municipio di Bengasi,MF,11
126,subclass,6.40 Forni e panifici,H) Operai,municipio di Bengasi,M,11
126,subclass,6.40 Forni e panifici,H) Operai,municipio di Bengasi,F,0
127,subclass,6.40 Forni e panifici,Totale,Libia,MF,122
127,subclass,6.40 Forni e panifici,Totale,Libia,M,112
127,subclass,6.40 Forni e panifici,Totale,Libia,F,10
127,subclass,6.40 Forni e panifici,Totale,municipio di Tripoli,MF,54
127,subclass,6.40 Forni e panifici,Totale,municipio di Tripoli,M,49
127,subclass,6.40 Forni e panifici,Totale,municipio di Tripoli,F,5
127,subclass,6.40 Forni e panifici,Totale,municipio di Bengasi,MF,30
127,subclass,6.40 Forni e panifici,Totale,municipio di Bengasi,M,28
127,subclass,6.40 Forni e panifici,Totale,municipio di Bengasi,F,2
128,subclass,6.40 Forni e panifici,di cui familiari coadiuvanti,Libia,MF,17
128,subclass,6.40 Forni e panifici,di cui familiari coadiuvanti,Libia,M,12
128,subclass,6.40 Forni e panifici,di cui familiari coadiuvanti,Libia,F,5
128,subclass,6.40 Forni e panifici,di cui familiari coadiuvanti,municipio di Tripoli,MF,8
128,subclass,6.40 Forni e panifici,di cui familiari coadiuvanti,municipio di Tripoli,M,3
128,subclass,6.40 Forni e panifici,di cui familiari coadiuvanti,municipio di Tripoli,F,5
128,subclass,6.40 Forni e panifici,di cui familiari coadiuvanti,municipio di Bengasi,MF,3
128,subclass,6.40 Forni e panifici,di cui familiari coadiuvanti,municipio di Bengasi,M,3
128,subclass,6.40 Forni e panifici,di cui familiari coadiuvanti,municipio di Bengasi,F,0
129,subclass,6.41 Pastifici,A) Padroni,Libia,MF,23
129,subclass,6.41 Pastifici,A) Padroni,Libia,M,21
129,subclass,6.41 Pastifici,A) Padroni,Libia,F,2
129,subclass,6.41 Pastifici,A) Padroni,municipio di Tripoli,MF,16
129,subclass,6.41 Pastifici,A) Padroni,municipio di Tripoli,M,15
129,subclass,6.41 Pastifici,A) Padroni,municipio di Tripoli,F,1
129,subclass,6.41 Pastifici,A) Padroni,municipio di Bengasi,MF,5
129,subclass,6.41 Pastifici,A) Padroni,municipio di Bengasi,M,5
129,subclass,6.41 Pastifici,A) Padroni,municipio di Bengasi,F,0
130,subclass,6.41 Pastifici,F) Impiegati,Libia,MF,2
130,subclass,6.41 Pastifici,F) Impiegati,Libia,M,2
130,subclass,6.41 Pastifici,F) Impiegati,Libia,F,0
130,subclass,6.41 Pastifici,F) Impiegati,municipio di Tripoli,MF,1
130,subclass,6.41 Pastifici,F) Impiegati,municipio di Tripoli,M,1
130,subclass,6.41 Pastifici,F) Impiegati,municipio di Tripoli,F,0
130,subclass,6.41 Pastifici,F) Impiegati,municipio di Bengasi,MF,1
130,subclass,6.41 Pastifici,F) Impiegati,municipio di Bengasi,M,1
130,subclass,6.41 Pastifici,F) Impiegati,municipio di Bengasi,F,0
131,subclass,6.41 Pastifici,H) Operai,Libia,MF,27
131,subclass,6.41 Pastifici,H) Operai,Libia,M,27
131,subclass,6.41 Pastifici,H) Operai,Libia,F,0
131,subclass,6.41 Pastifici,H) Operai,municipio di Tripoli,MF,18
131,subclass,6.41 Pastifici,H) Operai,municipio di Tripoli,M,18
131,subclass,6.41 Pastifici,H) Operai,municipio di Tripoli,F,0
131,subclass,6.41 Pastifici,H) Operai,municipio di Bengasi,MF,8
131,subclass,6.41 Pastifici,H) Operai,municipio di Bengasi,M,8
131,subclass,6.41 Pastifici,H) Operai,municipio di Bengasi,F,0
132,subclass,6.41 Pastifici,Totale,Libia,MF,52
132,subclass,6.41 Pastifici,Totale,Libia,M,50
132,subclass,6.41 Pastifici,Totale,Libia,F,2
132,subclass,6.41 Pastifici,Totale,municipio di Tripoli,MF,35
132,subclass,6.41 Pastifici,Totale,municipio di Tripoli,M,34
132,subclass,6.41 Pastifici,Totale,municipio di Tripoli,F,1
132,subclass,6.41 Pastifici,Totale,municipio di Bengasi,MF,14
132,subclass,6.41 Pastifici,Totale,municipio di Bengasi,M,14
132,subclass,6.41 Pastifici,Totale,municipio di Bengasi,F,0
133,subclass,6.41 Pastifici,di cui familiari coadiuvanti,Libia,MF,5
133,subclass,6.41 Pastifici,di cui familiari coadiuvanti,Libia,M,3
133,subclass,6.41 Pastifici,di cui familiari coadiuvanti,Libia,F,2
133,subclass,6.41 Pastifici,di cui familiari coadiuvanti,municipio di Tripoli,MF,4
133,subclass,6.41 Pastifici,di cui familiari coadiuvanti,municipio di Tripoli,M,3
133,subclass,6.41 Pastifici,di cui familiari coadiuvanti,municipio di Tripoli,F,1
133,subclass,6.41 Pastifici,di cui familiari coadiuvanti,municipio di Bengasi,MF,0
133,subclass,6.41 Pastifici,di cui familiari coadiuvanti,municipio di Bengasi,M,0
133,subclass,6.41 Pastifici,di cui familiari coadiuvanti,municipio di Bengasi,F,0
134,subclass,"6.42 Fabbricazione di biscotti, gallette",A) Padroni,Libia,MF,13
134,subclass,"6.42 Fabbricazione di biscotti, gallette",A) Padroni,Libia,M,9
134,subclass,"6.42 Fabbricazione di biscotti, gallette",A) Padroni,Libia,F,4
134,subclass,"6.42 Fabbricazione di biscotti, gallette",A) Padroni,municipio di Tripoli,MF,5
134,subclass,"6.42 Fabbricazione di biscotti, gallette",A) Padroni,municipio di Tripoli,M,5
134,subclass,"6.42 Fabbricazione di biscotti, gallette",A) Padroni,municipio di Tripoli,F,0
134,subclass,"6.42 Fabbricazione di biscotti, gallette",A) Padroni,municipio di Bengasi,MF,5
134,subclass,"6.42 Fabbricazione di biscotti, gallette",A) Padroni,municipio di Bengasi,M,2
134,subclass,"6.42 Fabbricazione di biscotti, gallette",A) Padroni,municipio di Bengasi,F,3
135,subclass,"6.42 Fabbricazione di biscotti, gallette",E) Dirigenti,Libia,MF,1
135,subclass,"6.42 Fabbricazione di biscotti, gallette",E) Dirigenti,Libia,M,1
135,subclass,"6.42 Fabbricazione di biscotti, gallette",E) Dirigenti,Libia,F,0
135,subclass,"6.42 Fabbricazione di biscotti, gallette",E) Dirigenti,municipio di Tripoli,MF,0
135,subclass,"6.42 Fabbricazione di biscotti, gallette",E) Dirigenti,municipio di Tripoli,M,0
135,subclass,"6.42 Fabbricazione di biscotti, gallette",E) Dirigenti,municipio di Tripoli,F,0
135,subclass,"6.42 Fabbricazione di biscotti, gallette",E) Dirigenti,municipio di Bengasi,MF,1
135,subclass,"6.42 Fabbricazione di biscotti, gallette",E) Dirigenti,municipio di Bengasi,M,1
135,subclass,"6.42 Fabbricazione di biscotti, gallette",E) Dirigenti,municipio di Bengasi,F,0
136,subclass,"6.42 Fabbricazione di biscotti, gallette",F) Impiegati,Libia,MF,3
136,subclass,"6.42 Fabbricazione di biscotti, gallette",F) Impiegati,Libia,M,0
136,subclass,"6.42 Fabbricazione di biscotti, gallette",F) Impiegati,Libia,F,3
136,subclass,"6.42 Fabbricazione di biscotti, gallette",F) Impiegati,municipio di Tripoli,MF,2
136,subclass,"6.42 Fabbricazione di biscotti, gallette",F) Impiegati,municipio di Tripoli,M,0
136,subclass,"6.42 Fabbricazione di biscotti, gallette",F) Impiegati,municipio di Tripoli,F,2
136,subclass,"6.42 Fabbricazione di biscotti, gallette",F) Impiegati,municipio di Bengasi,MF,1
136,subclass,"6.42 Fabbricazione di biscotti, gallette",F) Impiegati,municipio di Bengasi,M,0
136,subclass,"6.42 Fabbricazione di biscotti, gallette",F) Impiegati,municipio di Bengasi,F,1
137,subclass,"6.42 Fabbricazione di biscotti, gallette",H) Operai,Libia,MF,18
137,subclass,"6.42 Fabbricazione di biscotti, gallette",H) Operai,Libia,M,13
137,subclass,"6.42 Fabbricazione di biscotti, gallette",H) Operai,Libia,F,5
137,subclass,"6.42 Fabbricazione di biscotti, gallette",H) Operai,municipio di Tripoli,MF,14
137,subclass,"6.42 Fabbricazione di biscotti, gallette",H) Operai,municipio di Tripoli,M,9
137,subclass,"6.42 Fabbricazione di biscotti, gallette",H) Operai,municipio di Tripoli,F,5
137,subclass,"6.42 Fabbricazione di biscotti, gallette",H) Operai,municipio di Bengasi,MF,4
137,subclass,"6.42 Fabbricazione di biscotti, gallette",H) Operai,municipio di Bengasi,M,4
137,subclass,"6.42 Fabbricazione di biscotti, gallette",H) Operai,municipio di Bengasi,F,0
138,subclass,"6.42 Fabbricazione di biscotti, gallette",Totale,Libia,MF,35
138,subclass,"6.42 Fabbricazione di biscotti, gallette",Totale,Libia,M,23
138,subclass,"6.42 Fabbricazione di biscotti, gallette",Totale,Libia,F,12
138,subclass,"6.42 Fabbricazione di biscotti, gallette",Totale,municipio di Tripoli,MF,21
138,subclass,"6.42 Fabbricazione di biscotti, gallette",Totale,municipio di Tripoli,M,14
138,subclass,"6.42 Fabbricazione di biscotti, gallette",Totale,municipio di Tripoli,F,7
138,subclass,"6.42 Fabbricazione di biscotti, gallette",Totale,municipio di Bengasi,MF,11
138,subclass,"6.42 Fabbricazione di biscotti, gallette",Totale,municipio di Bengasi,M,7
138,subclass,"6.42 Fabbricazione di biscotti, gallette",Totale,municipio di Bengasi,F,4
139,subclass,"6.42 Fabbricazione di biscotti, gallette",di cui familiari coadiuvanti,Libia,MF,2
139,subclass,"6.42 Fabbricazione di biscotti, gallette",di cui familiari coadiuvanti,Libia,M,0
139,subclass,"6.42 Fabbricazione di biscotti, gallette",di cui familiari coadiuvanti,Libia,F,2
139,subclass,"6.42 Fabbricazione di biscotti, gallette",di cui familiari coadiuvanti,municipio di Tripoli,MF,0
139,subclass,"6.42 Fabbricazione di biscotti, gallette",di cui familiari coadiuvanti,municipio di Tripoli,M,0
139,subclass,"6.42 Fabbricazione di biscotti, gallette",di cui familiari coadiuvanti,municipio di Tripoli,F,0
139,subclass,"6.42 Fabbricazione di biscotti, gallette",di cui familiari coadiuvanti,municipio di Bengasi,MF,2
139,subclass,"6.42 Fabbricazione di biscotti, gallette",di cui familiari coadiuvanti,municipio di Bengasi,M,0
139,subclass,"6.42 Fabbricazione di biscotti, gallette",di cui familiari coadiuvanti,municipio di Bengasi,F,2
140,subclass,6.51 Distillerie di alcool e liquori,A) Padroni,Libia,MF,13
140,subclass,6.51 Distillerie di alcool e liquori,A) Padroni,Libia,M,12
140,subclass,6.51 Distillerie di alcool e liquori,A) Padroni,Libia,F,1
140,subclass,6.51 Distillerie di alcool e liquori,A) Padroni,municipio di Tripoli,MF,9
140,subclass,6.51 Distillerie di alcool e liquori,A) Padroni,municipio di Tripoli,M,8
140,subclass,6.51 Distillerie di alcool e liquori,A) Padroni,municipio di Tripoli,F,1
140,subclass,6.51 Distillerie di alcool e liquori,A) Padroni,municipio di Bengasi,MF,3
140,subclass,6.51 Distillerie di alcool e liquori,A) Padroni,municipio di Bengasi,M,3
140,subclass,6.51 Distillerie di alcool e liquori,A) Padroni,municipio di Bengasi,F,0
141,subclass,6.51 Distillerie di alcool e liquori,E) Dirigenti,Libia,MF,2
141,subclass,6.51 Distillerie di alcool e liquori,E) Dirigenti,Libia,M,2
141,subclass,6.51 Distillerie di alcool e liquori,E) Dirigenti,Libia,F,0
141,subclass,6.51 Distillerie di alcool e liquori,E) Dirigenti,municipio di Tripoli,MF,1
141,subclass,6.51 Distillerie di alcool e liquori,E) Dirigenti,municipio di Tripoli,M,1
141,subclass,6.51 Distillerie di alcool e liquori,E) Dirigenti,municipio di Tripoli,F,0
141,subclass,6.51 Distillerie di alcool e liquori,E) Dirigenti,municipio di Bengasi,MF,1
141,subclass,6.51 Distillerie di alcool e liquori,E) Dirigenti,municipio di Bengasi,M,1
141,subclass,6.51 Distillerie di alcool e liquori,E) Dirigenti,municipio di Bengasi,F,0
142,subclass,6.51 Distillerie di alcool e liquori,F) Impiegati,Libia,MF,8
142,subclass,6.51 Distillerie di alcool e liquori,F) Impiegati,Libia,M,8
142,subclass,6.51 Distillerie di alcool e liquori,F) Impiegati,Libia,F,0
142,subclass,6.51 Distillerie di alcool e liquori,F) Impiegati,municipio di Tripoli,MF,5
142,subclass,6.51 Distillerie di alcool e liquori,F) Impiegati,municipio di Tripoli,M,5
142,subclass,6.51 Distillerie di alcool e liquori,F) Impiegati,municipio di Tripoli,F,0
142,subclass,6.51 Distillerie di alcool e liquori,F) Impiegati,municipio di Bengasi,MF,3
142,subclass,6.51 Distillerie di alcool e liquori,F) Impiegati,municipio di Bengasi,M,3
142,subclass,6.51 Distillerie di alcool e liquori,F) Impiegati,municipio di Bengasi,F,0
143,subclass,6.51 Distillerie di alcool e liquori,H) Operai,Libia,MF,7
143,subclass,6.51 Distillerie di alcool e liquori,H) Operai,Libia,M,7
143,subclass,6.51 Distillerie di alcool e liquori,H) Operai,Libia,F,0
143,subclass,6.51 Distillerie di alcool e liquori,H) Operai,municipio di Tripoli,MF,7
143,subclass,6.51 Distillerie di alcool e liquori,H) Operai,municipio di Tripoli,M,7
143,subclass,6.51 Distillerie di alcool e liquori,H) Operai,municipio di Tripoli,F,0
143,subclass,6.51 Distillerie di alcool e liquori,H) Operai,municipio di Bengasi,MF,0
143,subclass,6.51 Distillerie di alcool e liquori,H) Operai,municipio di Bengasi,M,0
143,subclass,6.51 Distillerie di alcool e liquori,H) Operai,municipio di Bengasi,F,0
144,subclass,6.51 Distillerie di alcool e liquori,Totale,Libia,MF,30
144,subclass,6.51 Distillerie di alcool e liquori,Totale,Libia,M,29
144,subclass,6.51 Distillerie di alcool e liquori,Totale,Libia,F,1
144,subclass,6.51 Distillerie di alcool e liquori,Totale,municipio di Tripoli,MF,22
144,subclass,6.51 Distillerie di alcool e liquori,Totale,municipio di Tripoli,M,21
144,subclass,6.51 Distillerie di alcool e liquori,Totale,municipio di Tripoli,F,1
144,subclass,6.51 Distillerie di alcool e liquori,Totale,municipio di Bengasi,MF,7
144,subclass,6.51 Distillerie di alcool e liquori,Totale,municipio di Bengasi,M,7
144,subclass,6.51 Distillerie di alcool e liquori,Totale,municipio di Bengasi,F,0
145,subclass,6.51 Distillerie di alcool e liquori,di cui familiari coadiuvanti,Libia,MF,5
145,subclass,6.51 Distillerie di alcool e liquori,di cui familiari coadiuvanti,Libia,M,4
145,subclass,6.51 Distillerie di alcool e liquori,di cui familiari coadiuvanti,Libia,F,1
145,subclass,6.51 Distillerie di alcool e liquori,di cui familiari coadiuvanti,municipio di Tripoli,MF,3
145,subclass,6.51 Distillerie di alcool e liquori,di cui familiari coadiuvanti,municipio di Tripoli,M,2
145,subclass,6.51 Distillerie di alcool e liquori,di cui familiari coadiuvanti,municipio di Tripoli,F,1
145,subclass,6.51 Distillerie di alcool e liquori,di cui familiari coadiuvanti,municipio di Bengasi,MF,2
145,subclass,6.51 Distillerie di alcool e liquori,di cui familiari coadiuvanti,municipio di Bengasi,M,2
145,subclass,6.51 Distillerie di alcool e liquori,di cui familiari coadiuvanti,municipio di Bengasi,F,0
146,subclass,6.52 Prodotti della fermentazione e di malto,A) Padroni,Libia,MF,1
146,subclass,6.52 Prodotti della fermentazione e di malto,A) Padroni,Libia,M,1
146,subclass,6.52 Prodotti della fermentazione e di malto,A) Padroni,Libia,F,0
146,subclass,6.52 Prodotti della fermentazione e di malto,A) Padroni,municipio di Tripoli,MF,0
146,subclass,6.52 Prodotti della fermentazione e di malto,A) Padroni,municipio di Tripoli,M,0
146,subclass,6.52 Prodotti della fermentazione e di malto,A) Padroni,municipio di Tripoli,F,0
146,subclass,6.52 Prodotti della fermentazione e di malto,A) Padroni,municipio di Bengasi,MF,1
146,subclass,6.52 Prodotti della fermentazione e di malto,A) Padroni,municipio di Bengasi,M,1
146,subclass,6.52 Prodotti della fermentazione e di malto,A) Padroni,municipio di Bengasi,F,0
147,subclass,6.52 Prodotti della fermentazione e di malto,E) Dirigenti,Libia,MF,2
147,subclass,6.52 Prodotti della fermentazione e di malto,E) Dirigenti,Libia,M,2
147,subclass,6.52 Prodotti della fermentazione e di malto,E) Dirigenti,Libia,F,0
147,subclass,6.52 Prodotti della fermentazione e di malto,E) Dirigenti,municipio di Tripoli,MF,1
147,subclass,6.52 Prodotti della fermentazione e di malto,E) Dirigenti,municipio di Tripoli,M,1
147,subclass,6.52 Prodotti della fermentazione e di malto,E) Dirigenti,municipio di Tripoli,F,0
147,subclass,6.52 Prodotti della fermentazione e di malto,E) Dirigenti,municipio di Bengasi,MF,1
147,subclass,6.52 Prodotti della fermentazione e di malto,E) Dirigenti,municipio di Bengasi,M,1
147,subclass,6.52 Prodotti della fermentazione e di malto,E) Dirigenti,municipio di Bengasi,F,0
148,subclass,6.52 Prodotti della fermentazione e di malto,F) Impiegati,Libia,MF,9
148,subclass,6.52 Prodotti della fermentazione e di malto,F) Impiegati,Libia,M,8
148,subclass,6.52 Prodotti della fermentazione e di malto,F) Impiegati,Libia,F,1
148,subclass,6.52 Prodotti della fermentazione e di malto,F) Impiegati,municipio di Tripoli,MF,5
148,subclass,6.52 Prodotti della fermentazione e di malto,F) Impiegati,municipio di Tripoli,M,4
148,subclass,6.52 Prodotti della fermentazione e di malto,F) Impiegati,municipio di Tripoli,F,1
148,subclass,6.52 Prodotti della fermentazione e di malto,F) Impiegati,municipio di Bengasi,MF,4
148,subclass,6.52 Prodotti della fermentazione e di malto,F) Impiegati,municipio di Bengasi,M,4
148,subclass,6.52 Prodotti della fermentazione e di malto,F) Impiegati,municipio di Bengasi,F,0
149,subclass,6.52 Prodotti della fermentazione e di malto,G) Personale di servizio e di fatica,Libia,MF,2
149,subclass,6.52 Prodotti della fermentazione e di malto,G) Personale di servizio e di fatica,Libia,M,2
149,subclass,6.52 Prodotti della fermentazione e di malto,G) Personale di servizio e di fatica,Libia,F,0
149,subclass,6.52 Prodotti della fermentazione e di malto,G) Personale di servizio e di fatica,municipio di Tripoli,MF,2
149,subclass,6.52 Prodotti della fermentazione e di malto,G) Personale di servizio e di fatica,municipio di Tripoli,M,2
149,subclass,6.52 Prodotti della fermentazione e di malto,G) Personale di servizio e di fatica,municipio di Tripoli,F,0
149,subclass,6.52 Prodotti della fermentazione e di malto,G) Personale di servizio e di fatica,municipio di Bengasi,MF,0
149,subclass,6.52 Prodotti della fermentazione e di malto,G) Personale di servizio e di fatica,municipio di Bengasi,M,0
149,subclass,6.52 Prodotti della fermentazione e di malto,G) Personale di servizio e di fatica,municipio di Bengasi,F,0
150,subclass,6.52 Prodotti della fermentazione e di malto,H) Operai,Libia,MF,14
150,subclass,6.52 Prodotti della fermentazione e di malto,H) Operai,Libia,M,14
150,subclass,6.52 Prodotti della fermentazione e di malto,H) Operai,Libia,F,0
150,subclass,6.52 Prodotti della fermentazione e di malto,H) Operai,municipio di Tripoli,MF,6
150,subclass,6.52 Prodotti della fermentazione e di malto,H) Operai,municipio di Tripoli,M,6
150,subclass,6.52 Prodotti della fermentazione e di malto,H) Operai,municipio di Tripoli,F,0
150,subclass,6.52 Prodotti della fermentazione e di malto,H) Operai,municipio di Bengasi,MF,8
150,subclass,6.52 Prodotti della fermentazione e di malto,H) Operai,municipio di Bengasi,M,8
150,subclass,6.52 Prodotti della fermentazione e di malto,H) Operai,municipio di Bengasi,F,0
151,subclass,6.52 Prodotti della fermentazione e di malto,Totale,Libia,MF,28
151,subclass,6.52 Prodotti della fermentazione e di malto,Totale,Libia,M,27
151,subclass,6.52 Prodotti della fermentazione e di malto,Totale,Libia,F,1
151,subclass,6.52 Prodotti della fermentazione e di malto,Totale,municipio di Tripoli,MF,14
151,subclass,6.52 Prodotti della fermentazione e di malto,Totale,municipio di Tripoli,M,13
151,subclass,6.52 Prodotti della fermentazione e di malto,Totale,municipio di Tripoli,F,1
151,subclass,6.52 Prodotti della fermentazione e di malto,Totale,municipio di Bengasi,MF,14
151,subclass,6.52 Prodotti della fermentazione e di malto,Totale,municipio di Bengasi,M,14
151,subclass,6.52 Prodotti della fermentazione e di malto,Totale,municipio di Bengasi,F,0
152,subclass,"6.54 Bevande gassate, seltz",A) Padroni,Libia,MF,15
152,subclass,"6.54 Bevande gassate, seltz",A) Padroni,Libia,M,14
152,subclass,"6.54 Bevande gassate, seltz",A) Padroni,Libia,F,1
152,subclass,"6.54 Bevande gassate, seltz",A) Padroni,municipio di Tripoli,MF,9
152,subclass,"6.54 Bevande gassate, seltz",A) Padroni,municipio di Tripoli,M,9
152,subclass,"6.54 Bevande gassate, seltz",A) Padroni,municipio di Tripoli,F,0
152,subclass,"6.54 Bevande gassate, seltz",A) Padroni,municipio di Bengasi,MF,4
152,subclass,"6.54 Bevande gassate, seltz",A) Padroni,municipio di Bengasi,M,3
152,subclass,"6.54 Bevande gassate, seltz",A) Padroni,municipio di Bengasi,F,1
153,subclass,"6.54 Bevande gassate, seltz",F) Impiegati,Libia,MF,1
153,subclass,"6.54 Bevande gassate, seltz",F) Impiegati,Libia,M,1
153,subclass,"6.54 Bevande gassate, seltz",F) Impiegati,Libia,F,0
153,subclass,"6.54 Bevande gassate, seltz",F) Impiegati,municipio di Tripoli,MF,0
153,subclass,"6.54 Bevande gassate, seltz",F) Impiegati,municipio di Tripoli,M,0
153,subclass,"6.54 Bevande gassate, seltz",F) Impiegati,municipio di Tripoli,F,0
153,subclass,"6.54 Bevande gassate, seltz",F) Impiegati,municipio di Bengasi,MF,0
153,subclass,"6.54 Bevande gassate, seltz",F) Impiegati,municipio di Bengasi,M,0
153,subclass,"6.54 Bevande gassate, seltz",F) Impiegati,municipio di Bengasi,F,0
154,subclass,"6.54 Bevande gassate, seltz",H) Operai,Libia,MF,4
154,subclass,"6.54 Bevande gassate, seltz",H) Operai,Libia,M,4
154,subclass,"6.54 Bevande gassate, seltz",H) Operai,Libia,F,0
154,subclass,"6.54 Bevande gassate, seltz",H) Operai,municipio di Tripoli,MF,1
154,subclass,"6.54 Bevande gassate, seltz",H) Operai,municipio di Tripoli,M,1
154,subclass,"6.54 Bevande gassate, seltz",H) Operai,municipio di Tripoli,F,0
154,subclass,"6.54 Bevande gassate, seltz",H) Operai,municipio di Bengasi,MF,3
154,subclass,"6.54 Bevande gassate, seltz",H) Operai,municipio di Bengasi,M,3
154,subclass,"6.54 Bevande gassate, seltz",H) Operai,municipio di Bengasi,F,0
155,subclass,"6.54 Bevande gassate, seltz",Totale,Libia,MF,20
155,subclass,"6.54 Bevande gassate, seltz",Totale,Libia,M,19
155,subclass,"6.54 Bevande gassate, seltz",Totale,Libia,F,1
155,subclass,"6.54 Bevande gassate, seltz",Totale,municipio di Tripoli,MF,10
155,subclass,"6.54 Bevande gassate, seltz",Totale,municipio di Tripoli,M,10
155,subclass,"6.54 Bevande gassate, seltz",Totale,municipio di Tripoli,F,0
155,subclass,"6.54 Bevande gassate, seltz",Totale,municipio di Bengasi,MF,7
155,subclass,"6.54 Bevande gassate, seltz",Totale,municipio di Bengasi,M,6
155,subclass,"6.54 Bevande gassate, seltz",Totale,municipio di Bengasi,F,1
156,subclass,"6.54 Bevande gassate, seltz",di cui familiari coadiuvanti,Libia,MF,1
156,subclass,"6.54 Bevande gassate, seltz",di cui familiari coadiuvanti,Libia,M,1
156,subclass,"6.54 Bevande gassate, seltz",di cui familiari coadiuvanti,Libia,F,0
156,subclass,"6.54 Bevande gassate, seltz",di cui familiari coadiuvanti,municipio di Tripoli,MF,0
156,subclass,"6.54 Bevande gassate, seltz",di cui familiari coadiuvanti,municipio di Tripoli,M,0
156,subclass,"6.54 Bevande gassate, seltz",di cui familiari coadiuvanti,municipio di Tripoli,F,0
156,subclass,"6.54 Bevande gassate, seltz",di cui familiari coadiuvanti,municipio di Bengasi,MF,0
156,subclass,"6.54 Bevande gassate, seltz",di cui familiari coadiuvanti,municipio di Bengasi,M,0
156,subclass,"6.54 Bevande gassate, seltz",di cui familiari coadiuvanti,municipio di Bengasi,F,0
157,subclass,6.55 Industria del freddo,A) Padroni,Libia,MF,3
157,subclass,6.55 Industria del freddo,A) Padroni,Libia,M,2
157,subclass,6.55 Industria del freddo,A) Padroni,Libia,F,1
157,subclass,6.55 Industria del freddo,A) Padroni,municipio di Tripoli,MF,2
157,subclass,6.55 Industria del freddo,A) Padroni,municipio di Tripoli,M,1
157,subclass,6.55 Industria del freddo,A) Padroni,municipio di Tripoli,F,1
157,subclass,6.55 Industria del freddo,A) Padroni,municipio di Bengasi,MF,0
157,subclass,6.55 Industria del freddo,A) Padroni,municipio di Bengasi,M,0
157,subclass,6.55 Industria del freddo,A) Padroni,municipio di Bengasi,F,0
158,subclass,6.55 Industria del freddo,E) Dirigenti,Libia,MF,1
158,subclass,6.55 Industria del freddo,E) Dirigenti,Libia,M,0
158,subclass,6.55 Industria del freddo,E) Dirigenti,Libia,F,1
158,subclass,6.55 Industria del freddo,E) Dirigenti,municipio di Tripoli,MF,1
158,subclass,6.55 Industria del freddo,E) Dirigenti,municipio di Tripoli,M,0
158,subclass,6.55 Industria del freddo,E) Dirigenti,municipio di Tripoli,F,1
158,subclass,6.55 Industria del freddo,E) Dirigenti,municipio di Bengasi,MF,0
158,subclass,6.55 Industria del freddo,E) Dirigenti,municipio di Bengasi,M,0
158,subclass,6.55 Industria del freddo,E) Dirigenti,municipio di Bengasi,F,0
159,subclass,6.55 Industria del freddo,F) Impiegati,Libia,MF,3
159,subclass,6.55 Industria del freddo,F) Impiegati,Libia,M,3
159,subclass,6.55 Industria del freddo,F) Impiegati,Libia,F,0
159,subclass,6.55 Industria del freddo,F) Impiegati,municipio di Tripoli,MF,3
159,subclass,6.55 Industria del freddo,F) Impiegati,municipio di Tripoli,M,3
159,subclass,6.55 Industria del freddo,F) Impiegati,municipio di Tripoli,F,0
159,subclass,6.55 Industria del freddo,F) Impiegati,municipio di Bengasi,MF,0
159,subclass,6.55 Industria del freddo,F) Impiegati,municipio di Bengasi,M,0
159,subclass,6.55 Industria del freddo,F) Impiegati,municipio di Bengasi,F,0
160,subclass,6.55 Industria del freddo,G) Personale di servizio e di fatica,Libia,MF,1
160,subclass,6.55 Industria del freddo,G) Personale di servizio e di fatica,Libia,M,1
160,subclass,6.55 Industria del freddo,G) Personale di servizio e di fatica,Libia,F,0
160,subclass,6.55 Industria del freddo,G) Personale di servizio e di fatica,municipio di Tripoli,MF,1
160,subclass,6.55 Industria del freddo,G) Personale di servizio e di fatica,municipio di Tripoli,M,1
160,subclass,6.55 Industria del freddo,G) Personale di servizio e di fatica,municipio di Tripoli,F,0
160,subclass,6.55 Industria del freddo,G) Personale di servizio e di fatica,municipio di Bengasi,MF,0
160,subclass,6.55 Industria del freddo,G) Personale di servizio e di fatica,municipio di Bengasi,M,0
160,subclass,6.55 Industria del freddo,G) Personale di servizio e di fatica,municipio di Bengasi,F,0
161,subclass,6.55 Industria del freddo,H) Operai,Libia,MF,9
161,subclass,6.55 Industria del freddo,H) Operai,Libia,M,9
161,subclass,6.55 Industria del freddo,H) Operai,Libia,F,0
161,subclass,6.55 Industria del freddo,H) Operai,municipio di Tripoli,MF,7
161,subclass,6.55 Industria del freddo,H) Operai,municipio di Tripoli,M,7
161,subclass,6.55 Industria del freddo,H) Operai,municipio di Tripoli,F,0
161,subclass,6.55 Industria del freddo,H) Operai,municipio di Bengasi,MF,1
161,subclass,6.55 Industria del freddo,H) Operai,municipio di Bengasi,M,1
161,subclass,6.55 Industria del freddo,H) Operai,municipio di Bengasi,F,0
162,subclass,6.55 Industria del freddo,Totale,Libia,MF,17
162,subclass,6.55 Industria del freddo,Totale,Libia,M,15
162,subclass,6.55 Industria del freddo,Totale,Libia,F,2
162,subclass,6.55 Industria del freddo,Totale,municipio di Tripoli,MF,14
162,subclass,6.55 Industria del freddo,Totale,municipio di Tripoli,M,12
162,subclass,6.55 Industria del freddo,Totale,municipio di Tripoli,F,2
162,subclass,6.55 Industria del freddo,Totale,municipio di Bengasi,MF,1
162,subclass,6.55 Industria del freddo,Totale,municipio di Bengasi,M,1
162,subclass,6.55 Industria del freddo,Totale,municipio di Bengasi,F,0
163,subclass,6.55 Industria del freddo,di cui familiari coadiuvanti,Libia,MF,1
163,subclass,6.55 Industria del freddo,di cui familiari coadiuvanti,Libia,M,0
163,subclass,6.55 Industria del freddo,di cui familiari coadiuvanti,Libia,F,1
163,subclass,6.55 Industria del freddo,di cui familiari coadiuvanti,municipio di Tripoli,MF,1
163,subclass,6.55 Industria del freddo,di cui familiari coadiuvanti,municipio di Tripoli,M,0
163,subclass,6.55 Industria del freddo,di cui familiari coadiuvanti,municipio di Tripoli,F,1
163,subclass,6.55 Industria del freddo,di cui familiari coadiuvanti,municipio di Bengasi,MF,0
163,subclass,6.55 Industria del freddo,di cui familiari coadiuvanti,municipio di Bengasi,M,0
163,subclass,6.55 Industria del freddo,di cui familiari coadiuvanti,municipio di Bengasi,F,0
164,class,7. Industrie che utilizzano spoglie animali,A) Padroni,Libia,MF,5
164,class,7. Industrie che utilizzano spoglie animali,A) Padroni,Libia,M,5
164,class,7. Industrie che utilizzano spoglie animali,A) Padroni,Libia,F,0
164,class,7. Industrie che utilizzano spoglie animali,A) Padroni,municipio di Tripoli,MF,3
164,class,7. Industrie che utilizzano spoglie animali,A) Padroni,municipio di Tripoli,M,3
164,class,7. Industrie che utilizzano spoglie animali,A) Padroni,municipio di Tripoli,F,0
164,class,7. Industrie che utilizzano spoglie animali,A) Padroni,municipio di Bengasi,MF,2
164,class,7. Industrie che utilizzano spoglie animali,A) Padroni,municipio di Bengasi,M,2
164,class,7. Industrie che utilizzano spoglie animali,A) Padroni,municipio di Bengasi,F,0
165,class,7. Industrie che utilizzano spoglie animali,B) Artigiani con dipendenti,Libia,MF,8
165,class,7. Industrie che utilizzano spoglie animali,B) Artigiani con dipendenti,Libia,M,7
165,class,7. Industrie che utilizzano spoglie animali,B) Artigiani con dipendenti,Libia,F,1
165,class,7. Industrie che utilizzano spoglie animali,B) Artigiani con dipendenti,municipio di Tripoli,MF,3
165,class,7. Industrie che utilizzano spoglie animali,B) Artigiani con dipendenti,municipio di Tripoli,M,3
165,class,7. Industrie che utilizzano spoglie animali,B) Artigiani con dipendenti,municipio di Tripoli,F,0
165,class,7. Industrie che utilizzano spoglie animali,B) Artigiani con dipendenti,municipio di Bengasi,MF,3
165,class,7. Industrie che utilizzano spoglie animali,B) Artigiani con dipendenti,municipio di Bengasi,M,2
165,class,7. Industrie che utilizzano spoglie animali,B) Artigiani con dipendenti,municipio di Bengasi,F,1
166,class,7. Industrie che utilizzano spoglie animali,C) Artigiani senza dipendenti,Libia,MF,2
166,class,7. Industrie che utilizzano spoglie animali,C) Artigiani senza dipendenti,Libia,M,2
166,class,7. Industrie che utilizzano spoglie animali,C) Artigiani senza dipendenti,Libia,F,0
166,class,7. Industrie che utilizzano spoglie animali,C) Artigiani senza dipendenti,municipio di Tripoli,MF,2
166,class,7. Industrie che utilizzano spoglie animali,C) Artigiani senza dipendenti,municipio di Tripoli,M,2
166,class,7. Industrie che utilizzano spoglie animali,C) Artigiani senza dipendenti,municipio di Tripoli,F,0
166,class,7. Industrie che utilizzano spoglie animali,C) Artigiani senza dipendenti,municipio di Bengasi,MF,0
166,class,7. Industrie che utilizzano spoglie animali,C) Artigiani senza dipendenti,municipio di Bengasi,M,0
166,class,7. Industrie che utilizzano spoglie animali,C) Artigiani senza dipendenti,municipio di Bengasi,F,0
167,class,7. Industrie che utilizzano spoglie animali,E) Dirigenti,Libia,MF,3
167,class,7. Industrie che utilizzano spoglie animali,E) Dirigenti,Libia,M,3
167,class,7. Industrie che utilizzano spoglie animali,E) Dirigenti,Libia,F,0
167,class,7. Industrie che utilizzano spoglie animali,E) Dirigenti,municipio di Tripoli,MF,1
167,class,7. Industrie che utilizzano spoglie animali,E) Dirigenti,municipio di Tripoli,M,1
167,class,7. Industrie che utilizzano spoglie animali,E) Dirigenti,municipio di Tripoli,F,0
167,class,7. Industrie che utilizzano spoglie animali,E) Dirigenti,municipio di Bengasi,MF,2
167,class,7. Industrie che utilizzano spoglie animali,E) Dirigenti,municipio di Bengasi,M,2
167,class,7. Industrie che utilizzano spoglie animali,E) Dirigenti,municipio di Bengasi,F,0
168,class,7. Industrie che utilizzano spoglie animali,F) Impiegati,Libia,MF,1
168,class,7. Industrie che utilizzano spoglie animali,F) Impiegati,Libia,M,1
168,class,7. Industrie che utilizzano spoglie animali,F) Impiegati,Libia,F,0
168,class,7. Industrie che utilizzano spoglie animali,F) Impiegati,municipio di Tripoli,MF,0
168,class,7. Industrie che utilizzano spoglie animali,F) Impiegati,municipio di Tripoli,M,0
168,class,7. Industrie che utilizzano spoglie animali,F) Impiegati,municipio di Tripoli,F,0
168,class,7. Industrie che utilizzano spoglie animali,F) Impiegati,municipio di Bengasi,MF,1
168,class,7. Industrie che utilizzano spoglie animali,F) Impiegati,municipio di Bengasi,M,1
168,class,7. Industrie che utilizzano spoglie animali,F) Impiegati,municipio di Bengasi,F,0
169,class,7. Industrie che utilizzano spoglie animali,H) Operai,Libia,MF,31
169,class,7. Industrie che utilizzano spoglie animali,H) Operai,Libia,M,31
169,class,7. Industrie che utilizzano spoglie animali,H) Operai,Libia,F,0
169,class,7. Industrie che utilizzano spoglie animali,H) Operai,municipio di Tripoli,MF,18
169,class,7. Industrie che utilizzano spoglie animali,H) Operai,municipio di Tripoli,M,18
169,class,7. Industrie che utilizzano spoglie animali,H) Operai,municipio di Tripoli,F,0
169,class,7. Industrie che utilizzano spoglie animali,H) Operai,municipio di Bengasi,MF,12
169,class,7. Industrie che utilizzano spoglie animali,H) Operai,municipio di Bengasi,M,12
169,class,7. Industrie che utilizzano spoglie animali,H) Operai,municipio di Bengasi,F,0
170,class,7. Industrie che utilizzano spoglie animali,I) Lavoranti a domicilio,Libia,MF,2
170,class,7. Industrie che utilizzano spoglie animali,I) Lavoranti a domicilio,Libia,M,2
170,class,7. Industrie che utilizzano spoglie animali,I) Lavoranti a domicilio,Libia,F,0
170,class,7. Industrie che utilizzano spoglie animali,I) Lavoranti a domicilio,municipio di Tripoli,MF,2
170,class,7. Industrie che utilizzano spoglie animali,I) Lavoranti a domicilio,municipio di Tripoli,M,2
170,class,7. Industrie che utilizzano spoglie animali,I) Lavoranti a domicilio,municipio di Tripoli,F,0
170,class,7. Industrie che utilizzano spoglie animali,I) Lavoranti a domicilio,municipio di Bengasi,MF,0
170,class,7. Industrie che utilizzano spoglie animali,I) Lavoranti a domicilio,municipio di Bengasi,M,0
170,class,7. Industrie che utilizzano spoglie animali,I) Lavoranti a domicilio,municipio di Bengasi,F,0
171,class,7. Industrie che utilizzano spoglie animali,Totale,Libia,MF,52
171,class,7. Industrie che utilizzano spoglie animali,Totale,Libia,M,51
171,class,7. Industrie che utilizzano spoglie animali,Totale,Libia,F,1
171,class,7. Industrie che utilizzano spoglie animali,Totale,municipio di Tripoli,MF,29
171,class,7. Industrie che utilizzano spoglie animali,Totale,municipio di Tripoli,M,29
171,class,7. Industrie che utilizzano spoglie animali,Totale,municipio di Tripoli,F,0
171,class,7. Industrie che utilizzano spoglie animali,Totale,municipio di Bengasi,MF,20
171,class,7. Industrie che utilizzano spoglie animali,Totale,municipio di Bengasi,M,19
171,class,7. Industrie che utilizzano spoglie animali,Totale,municipio di Bengasi,F,1
172,class,7. Industrie che utilizzano spoglie animali,di cui familiari coadiuvanti,Libia,MF,3
172,class,7. Industrie che utilizzano spoglie animali,di cui familiari coadiuvanti,Libia,M,2
172,class,7. Industrie che utilizzano spoglie animali,di cui familiari coadiuvanti,Libia,F,1
172,class,7. Industrie che utilizzano spoglie animali,di cui familiari coadiuvanti,municipio di Tripoli,MF,0
172,class,7. Industrie che utilizzano spoglie animali,di cui familiari coadiuvanti,municipio di Tripoli,M,0
172,class,7. Industrie che utilizzano spoglie animali,di cui familiari coadiuvanti,municipio di Tripoli,F,0
172,class,7. Industrie che utilizzano spoglie animali,di cui familiari coadiuvanti,municipio di Bengasi,MF,2
172,class,7. Industrie che utilizzano spoglie animali,di cui familiari coadiuvanti,municipio di Bengasi,M,1
172,class,7. Industrie che utilizzano spoglie animali,di cui familiari coadiuvanti,municipio di Bengasi,F,1
173,subclass,7.57 Concerie comuni,A) Padroni,Libia,MF,1
173,subclass,7.57 Concerie comuni,A) Padroni,Libia,M,1
173,subclass,7.57 Concerie comuni,A) Padroni,Libia,F,0
173,subclass,7.57 Concerie comuni,A) Padroni,municipio di Tripoli,MF,1
173,subclass,7.57 Concerie comuni,A) Padroni,municipio di Tripoli,M,1
173,subclass,7.57 Concerie comuni,A) Padroni,municipio di Tripoli,F,0
173,subclass,7.57 Concerie comuni,A) Padroni,municipio di Bengasi,MF,0
173,subclass,7.57 Concerie comuni,A) Padroni,municipio di Bengasi,M,0
173,subclass,7.57 Concerie comuni,A) Padroni,municipio di Bengasi,F,0
174,subclass,7.57 Concerie comuni,B) Artigiani con dipendenti,Libia,MF,1
174,subclass,7.57 Concerie comuni,B) Artigiani con dipendenti,Libia,M,1
174,subclass,7.57 Concerie comuni,B) Artigiani con dipendenti,Libia,F,0
174,subclass,7.57 Concerie comuni,B) Artigiani con dipendenti,municipio di Tripoli,MF,1
174,subclass,7.57 Concerie comuni,B) Artigiani con dipendenti,municipio di Tripoli,M,1
174,subclass,7.57 Concerie comuni,B) Artigiani con dipendenti,municipio di Tripoli,F,0
174,subclass,7.57 Concerie comuni,B) Artigiani con dipendenti,municipio di Bengasi,MF,0
174,subclass,7.57 Concerie comuni,B) Artigiani con dipendenti,municipio di Bengasi,M,0
174,subclass,7.57 Concerie comuni,B) Artigiani con dipendenti,municipio di Bengasi,F,0
175,subclass,7.57 Concerie comuni,C) Artigiani senza dipendenti,Libia,MF,1
175,subclass,7.57 Concerie comuni,C) Artigiani senza dipendenti,Libia,M,1
175,subclass,7.57 Concerie comuni,C) Artigiani senza dipendenti,Libia,F,0
175,subclass,7.57 Concerie comuni,C) Artigiani senza dipendenti,municipio di Tripoli,MF,1
175,subclass,7.57 Concerie comuni,C) Artigiani senza dipendenti,municipio di Tripoli,M,1
175,subclass,7.57 Concerie comuni,C) Artigiani senza dipendenti,municipio di Tripoli,F,0
175,subclass,7.57 Concerie comuni,C) Artigiani senza dipendenti,municipio di Bengasi,MF,0
175,subclass,7.57 Concerie comuni,C) Artigiani senza dipendenti,municipio di Bengasi,M,0
175,subclass,7.57 Concerie comuni,C) Artigiani senza dipendenti,municipio di Bengasi,F,0
176,subclass,7.57 Concerie comuni,E) Dirigenti,Libia,MF,3
176,subclass,7.57 Concerie comuni,E) Dirigenti,Libia,M,3
176,subclass,7.57 Concerie comuni,E) Dirigenti,Libia,F,0
176,subclass,7.57 Concerie comuni,E) Dirigenti,municipio di Tripoli,MF,1
176,subclass,7.57 Concerie comuni,E) Dirigenti,municipio di Tripoli,M,1
176,subclass,7.57 Concerie comuni,E) Dirigenti,municipio di Tripoli,F,0
176,subclass,7.57 Concerie comuni,E) Dirigenti,municipio di Bengasi,MF,2
176,subclass,7.57 Concerie comuni,E) Dirigenti,municipio di Bengasi,M,2
176,subclass,7.57 Concerie comuni,E) Dirigenti,municipio di Bengasi,F,0
177,subclass,7.57 Concerie comuni,F) Impiegati,Libia,MF,1
177,subclass,7.57 Concerie comuni,F) Impiegati,Libia,M,1
177,subclass,7.57 Concerie comuni,F) Impiegati,Libia,F,0
177,subclass,7.57 Concerie comuni,F) Impiegati,municipio di Tripoli,MF,0
177,subclass,7.57 Concerie comuni,F) Impiegati,municipio di Tripoli,M,0
177,subclass,7.57 Concerie comuni,F) Impiegati,municipio di Tripoli,F,0
177,subclass,7.57 Concerie comuni,F) Impiegati,municipio di Bengasi,MF,1
177,subclass,7.57 Concerie comuni,F) Impiegati,municipio di Bengasi,M,1
177,subclass,7.57 Concerie comuni,F) Impiegati,municipio di Bengasi,F,0
178,subclass,7.57 Concerie comuni,H) Operai,Libia,MF,15
178,subclass,7.57 Concerie comuni,H) Operai,Libia,M,15
178,subclass,7.57 Concerie comuni,H) Operai,Libia,F,0
178,subclass,7.57 Concerie comuni,H) Operai,municipio di Tripoli,MF,5
178,subclass,7.57 Concerie comuni,H) Operai,municipio di Tripoli,M,5
178,subclass,7.57 Concerie comuni,H) Operai,municipio di Tripoli,F,0
178,subclass,7.57 Concerie comuni,H) Operai,municipio di Bengasi,MF,10
178,subclass,7.57 Concerie comuni,H) Operai,municipio di Bengasi,M,10
178,subclass,7.57 Concerie comuni,H) Operai,municipio di Bengasi,F,0
179,subclass,7.57 Concerie comuni,Totale,Libia,MF,22
179,subclass,7.57 Concerie comuni,Totale,Libia,M,22
179,subclass,7.57 Concerie comuni,Totale,Libia,F,0
179,subclass,7.57 Concerie comuni,Totale,municipio di Tripoli,MF,9
179,subclass,7.57 Concerie comuni,Totale,municipio di Tripoli,M,9
179,subclass,7.57 Concerie comuni,Totale,municipio di Tripoli,F,0
179,subclass,7.57 Concerie comuni,Totale,municipio di Bengasi,MF,13
179,subclass,7.57 Concerie comuni,Totale,municipio di Bengasi,M,13
179,subclass,7.57 Concerie comuni,Totale,municipio di Bengasi,F,0
180,subclass,"7.59 Cinghie, articoli di selleria",A) Padroni,Libia,MF,2
180,subclass,"7.59 Cinghie, articoli di selleria",A) Padroni,Libia,M,2
180,subclass,"7.59 Cinghie, articoli di selleria",A) Padroni,Libia,F,0
180,subclass,"7.59 Cinghie, articoli di selleria",A) Padroni,municipio di Tripoli,MF,2
180,subclass,"7.59 Cinghie, articoli di selleria",A) Padroni,municipio di Tripoli,M,2
180,subclass,"7.59 Cinghie, articoli di selleria",A) Padroni,municipio di Tripoli,F,0
180,subclass,"7.59 Cinghie, articoli di selleria",A) Padroni,municipio di Bengasi,MF,0
180,subclass,"7.59 Cinghie, articoli di selleria",A) Padroni,municipio di Bengasi,M,0
180,subclass,"7.59 Cinghie, articoli di selleria",A) Padroni,municipio di Bengasi,F,0
181,subclass,"7.59 Cinghie, articoli di selleria",B) Artigiani con dipendenti,Libia,MF,5
181,subclass,"7.59 Cinghie, articoli di selleria",B) Artigiani con dipendenti,Libia,M,4
181,subclass,"7.59 Cinghie, articoli di selleria",B) Artigiani con dipendenti,Libia,F,1
181,subclass,"7.59 Cinghie, articoli di selleria",B) Artigiani con dipendenti,municipio di Tripoli,MF,2
181,subclass,"7.59 Cinghie, articoli di selleria",B) Artigiani con dipendenti,municipio di Tripoli,M,2
181,subclass,"7.59 Cinghie, articoli di selleria",B) Artigiani con dipendenti,municipio di Tripoli,F,0
181,subclass,"7.59 Cinghie, articoli di selleria",B) Artigiani con dipendenti,municipio di Bengasi,MF,3
181,subclass,"7.59 Cinghie, articoli di selleria",B) Artigiani con dipendenti,municipio di Bengasi,M,2
181,subclass,"7.59 Cinghie, articoli di selleria",B) Artigiani con dipendenti,municipio di Bengasi,F,1
182,subclass,"7.59 Cinghie, articoli di selleria",C) Artigiani senza dipendenti,Libia,MF,1
182,subclass,"7.59 Cinghie, articoli di selleria",C) Artigiani senza dipendenti,Libia,M,1
182,subclass,"7.59 Cinghie, articoli di selleria",C) Artigiani senza dipendenti,Libia,F,0
182,subclass,"7.59 Cinghie, articoli di selleria",C) Artigiani senza dipendenti,municipio di Tripoli,MF,1
182,subclass,"7.59 Cinghie, articoli di selleria",C) Artigiani senza dipendenti,municipio di Tripoli,M,1
182,subclass,"7.59 Cinghie, articoli di selleria",C) Artigiani senza dipendenti,municipio di Tripoli,F,0
182,subclass,"7.59 Cinghie, articoli di selleria",C) Artigiani senza dipendenti,municipio di Bengasi,MF,0
182,subclass,"7.59 Cinghie, articoli di selleria",C) Artigiani senza dipendenti,municipio di Bengasi,M,0
182,subclass,"7.59 Cinghie, articoli di selleria",C) Artigiani senza dipendenti,municipio di Bengasi,F,0
183,subclass,"7.59 Cinghie, articoli di selleria",H) Operai,Libia,MF,13
183,subclass,"7.59 Cinghie, articoli di selleria",H) Operai,Libia,M,13
183,subclass,"7.59 Cinghie, articoli di selleria",H) Operai,Libia,F,0
183,subclass,"7.59 Cinghie, articoli di selleria",H) Operai,municipio di Tripoli,MF,11
183,subclass,"7.59 Cinghie, articoli di selleria",H) Operai,municipio di Tripoli,M,11
183,subclass,"7.59 Cinghie, articoli di selleria",H) Operai,municipio di Tripoli,F,0
183,subclass,"7.59 Cinghie, articoli di selleria",H) Operai,municipio di Bengasi,MF,2
183,subclass,"7.59 Cinghie, articoli di selleria",H) Operai,municipio di Bengasi,M,2
183,subclass,"7.59 Cinghie, articoli di selleria",H) Operai,municipio di Bengasi,F,0
184,subclass,"7.59 Cinghie, articoli di selleria",I) Lavoranti a domicilio,Libia,MF,1
184,subclass,"7.59 Cinghie, articoli di selleria",I) Lavoranti a domicilio,Libia,M,1
184,subclass,"7.59 Cinghie, articoli di selleria",I) Lavoranti a domicilio,Libia,F,0
184,subclass,"7.59 Cinghie, articoli di selleria",I) Lavoranti a domicilio,municipio di Tripoli,MF,1
184,subclass,"7.59 Cinghie, articoli di selleria",I) Lavoranti a domicilio,municipio di Tripoli,M,1
184,subclass,"7.59 Cinghie, articoli di selleria",I) Lavoranti a domicilio,municipio di Tripoli,F,0
184,subclass,"7.59 Cinghie, articoli di selleria",I) Lavoranti a domicilio,municipio di Bengasi,MF,0
184,subclass,"7.59 Cinghie, articoli di selleria",I) Lavoranti a domicilio,municipio di Bengasi,M,0
184,subclass,"7.59 Cinghie, articoli di selleria",I) Lavoranti a domicilio,municipio di Bengasi,F,0
185,subclass,"7.59 Cinghie, articoli di selleria",Totale,Libia,MF,22
185,subclass,"7.59 Cinghie, articoli di selleria",Totale,Libia,M,21
185,subclass,"7.59 Cinghie, articoli di selleria",Totale,Libia,F,1
185,subclass,"7.59 Cinghie, articoli di selleria",Totale,municipio di Tripoli,MF,17
185,subclass,"7.59 Cinghie, articoli di selleria",Totale,municipio di Tripoli,M,17
185,subclass,"7.59 Cinghie, articoli di selleria",Totale,municipio di Tripoli,F,0
185,subclass,"7.59 Cinghie, articoli di selleria",Totale,municipio di Bengasi,MF,5
185,subclass,"7.59 Cinghie, articoli di selleria",Totale,municipio di Bengasi,M,4
185,subclass,"7.59 Cinghie, articoli di selleria",Totale,municipio di Bengasi,F,1
186,subclass,"7.59 Cinghie, articoli di selleria",di cui familiari coadiuvanti,Libia,MF,1
186,subclass,"7.59 Cinghie, articoli di selleria",di cui familiari coadiuvanti,Libia,M,0
186,subclass,"7.59 Cinghie, articoli di selleria",di cui familiari coadiuvanti,Libia,F,1
186,subclass,"7.59 Cinghie, articoli di selleria",di cui familiari coadiuvanti,municipio di Tripoli,MF,0
186,subclass,"7.59 Cinghie, articoli di selleria",di cui familiari coadiuvanti,municipio di Tripoli,M,0
186,subclass,"7.59 Cinghie, articoli di selleria",di cui familiari coadiuvanti,municipio di Tripoli,F,0
186,subclass,"7.59 Cinghie, articoli di selleria",di cui familiari coadiuvanti,municipio di Bengasi,MF,1
186,subclass,"7.59 Cinghie, articoli di selleria",di cui familiari coadiuvanti,municipio di Bengasi,M,0
186,subclass,"7.59 Cinghie, articoli di selleria",di cui familiari coadiuvanti,municipio di Bengasi,F,1
187,class,8. Industria della carta,A) Padroni,Libia,MF,2
187,class,8. Industria della carta,A) Padroni,Libia,M,2
187,class,8. Industria della carta,A) Padroni,Libia,F,0
187,class,8. Industria della carta,A) Padroni,municipio di Tripoli,MF,1
187,class,8. Industria della carta,A) Padroni,municipio di Tripoli,M,1
187,class,8. Industria della carta,A) Padroni,municipio di Tripoli,F,0
187,class,8. Industria della carta,A) Padroni,municipio di Bengasi,MF,1
187,class,8. Industria della carta,A) Padroni,municipio di Bengasi,M,1
187,class,8. Industria della carta,A) Padroni,municipio di Bengasi,F,0
188,class,8. Industria della carta,E) Dirigenti,Libia,MF,2
188,class,8. Industria della carta,E) Dirigenti,Libia,M,2
188,class,8. Industria della carta,E) Dirigenti,Libia,F,0
188,class,8. Industria della carta,E) Dirigenti,municipio di Tripoli,MF,2
188,class,8. Industria della carta,E) Dirigenti,municipio di Tripoli,M,2
188,class,8. Industria della carta,E) Dirigenti,municipio di Tripoli,F,0
188,class,8. Industria della carta,E) Dirigenti,municipio di Bengasi,MF,0
188,class,8. Industria della carta,E) Dirigenti,municipio di Bengasi,M,0
188,class,8. Industria della carta,E) Dirigenti,municipio di Bengasi,F,0
189,class,8. Industria della carta,F) Impiegati,Libia,MF,1
189,class,8. Industria della carta,F) Impiegati,Libia,M,1
189,class,8. Industria della carta,F) Impiegati,Libia,F,0
189,class,8. Industria della carta,F) Impiegati,municipio di Tripoli,MF,1
189,class,8. Industria della carta,F) Impiegati,municipio di Tripoli,M,1
189,class,8. Industria della carta,F) Impiegati,municipio di Tripoli,F,0
189,class,8. Industria della carta,F) Impiegati,municipio di Bengasi,MF,0
189,class,8. Industria della carta,F) Impiegati,municipio di Bengasi,M,0
189,class,8. Industria della carta,F) Impiegati,municipio di Bengasi,F,0
190,class,8. Industria della carta,H) Operai,Libia,MF,10
190,class,8. Industria della carta,H) Operai,Libia,M,8
190,class,8. Industria della carta,H) Operai,Libia,F,2
190,class,8. Industria della carta,H) Operai,municipio di Tripoli,MF,10
190,class,8. Industria della carta,H) Operai,municipio di Tripoli,M,8
190,class,8. Industria della carta,H) Operai,municipio di Tripoli,F,2
190,class,8. Industria della carta,H) Operai,municipio di Bengasi,MF,0
190,class,8. Industria della carta,H) Operai,municipio di Bengasi,M,0
190,class,8. Industria della carta,H) Operai,municipio di Bengasi,F,0
191,class,8. Industria della carta,Totale,Libia,MF,15
191,class,8. Industria della carta,Totale,Libia,M,13
191,class,8. Industria della carta,Totale,Libia,F,2
191,class,8. Industria della carta,Totale,municipio di Tripoli,MF,14
191,class,8. Industria della carta,Totale,municipio di Tripoli,M,12
191,class,8. Industria della carta,Totale,municipio di Tripoli,F,2
191,class,8. Industria della carta,Totale,municipio di Bengasi,MF,1
191,class,8. Industria della carta,Totale,municipio di Bengasi,M,1
191,class,8. Industria della carta,Totale,municipio di Bengasi,F,0
192,class,9. Industrie poligrafiche,A) Padroni,Libia,MF,33
192,class,9. Industrie poligrafiche,A) Padroni,Libia,M,31
192,class,9. Industrie poligrafiche,A) Padroni,Libia,F,2
192,class,9. Industrie poligrafiche,A) Padroni,municipio di Tripoli,MF,19
192,class,9. Industrie poligrafiche,A) Padroni,municipio di Tripoli,M,17
192,class,9. Industrie poligrafiche,A) Padroni,municipio di Tripoli,F,2
192,class,9. Industrie poligrafiche,A) Padroni,municipio di Bengasi,MF,14
192,class,9. Industrie poligrafiche,A) Padroni,municipio di Bengasi,M,14
192,class,9. Industrie poligrafiche,A) Padroni,municipio di Bengasi,F,0
193,class,9. Industrie poligrafiche,B) Artigiani con dipendenti,Libia,MF,6
193,class,9. Industrie poligrafiche,B) Artigiani con dipendenti,Libia,M,6
193,class,9. Industrie poligrafiche,B) Artigiani con dipendenti,Libia,F,0
193,class,9. Industrie poligrafiche,B) Artigiani con dipendenti,municipio di Tripoli,MF,3
193,class,9. Industrie poligrafiche,B) Artigiani con dipendenti,municipio di Tripoli,M,3
193,class,9. Industrie poligrafiche,B) Artigiani con dipendenti,municipio di Tripoli,F,0
193,class,9. Industrie poligrafiche,B) Artigiani con dipendenti,municipio di Bengasi,MF,2
193,class,9. Industrie poligrafiche,B) Artigiani con dipendenti,municipio di Bengasi,M,2
193,class,9. Industrie poligrafiche,B) Artigiani con dipendenti,municipio di Bengasi,F,0
194,class,9. Industrie poligrafiche,C) Artigiani senza dipendenti,Libia,MF,18
194,class,9. Industrie poligrafiche,C) Artigiani senza dipendenti,Libia,M,16
194,class,9. Industrie poligrafiche,C) Artigiani senza dipendenti,Libia,F,2
194,class,9. Industrie poligrafiche,C) Artigiani senza dipendenti,municipio di Tripoli,MF,5
194,class,9. Industrie poligrafiche,C) Artigiani senza dipendenti,municipio di Tripoli,M,5
194,class,9. Industrie poligrafiche,C) Artigiani senza dipendenti,municipio di Tripoli,F,0
194,class,9. Industrie poligrafiche,C) Artigiani senza dipendenti,municipio di Bengasi,MF,4
194,class,9. Industrie poligrafiche,C) Artigiani senza dipendenti,municipio di Bengasi,M,3
194,class,9. Industrie poligrafiche,C) Artigiani senza dipendenti,municipio di Bengasi,F,1
195,class,9. Industrie poligrafiche,E) Dirigenti,Libia,MF,1
195,class,9. Industrie poligrafiche,E) Dirigenti,Libia,M,1
195,class,9. Industrie poligrafiche,E) Dirigenti,Libia,F,0
195,class,9. Industrie poligrafiche,E) Dirigenti,municipio di Tripoli,MF,0
195,class,9. Industrie poligrafiche,E) Dirigenti,municipio di Tripoli,M,0
195,class,9. Industrie poligrafiche,E) Dirigenti,municipio di Tripoli,F,0
195,class,9. Industrie poligrafiche,E) Dirigenti,municipio di Bengasi,MF,1
195,class,9. Industrie poligrafiche,E) Dirigenti,municipio di Bengasi,M,1
195,class,9. Industrie poligrafiche,E) Dirigenti,municipio di Bengasi,F,0
196,class,9. Industrie poligrafiche,F) Impiegati,Libia,MF,15
196,class,9. Industrie poligrafiche,F) Impiegati,Libia,M,7
196,class,9. Industrie poligrafiche,F) Impiegati,Libia,F,8
196,class,9. Industrie poligrafiche,F) Impiegati,municipio di Tripoli,MF,10
196,class,9. Industrie poligrafiche,F) Impiegati,municipio di Tripoli,M,5
196,class,9. Industrie poligrafiche,F) Impiegati,municipio di Tripoli,F,5
196,class,9. Industrie poligrafiche,F) Impiegati,municipio di Bengasi,MF,5
196,class,9. Industrie poligrafiche,F) Impiegati,municipio di Bengasi,M,2
196,class,9. Industrie poligrafiche,F) Impiegati,municipio di Bengasi,F,3
197,class,9. Industrie poligrafiche,G) Personale di servizio e di fatica,Libia,MF,1
197,class,9. Industrie poligrafiche,G) Personale di servizio e di fatica,Libia,M,1
197,class,9. Industrie poligrafiche,G) Personale di servizio e di fatica,Libia,F,0
197,class,9. Industrie poligrafiche,G) Personale di servizio e di fatica,municipio di Tripoli,MF,1
197,class,9. Industrie poligrafiche,G) Personale di servizio e di fatica,municipio di Tripoli,M,1
197,class,9. Industrie poligrafiche,G) Personale di servizio e di fatica,municipio di Tripoli,F,0
197,class,9. Industrie poligrafiche,G) Personale di servizio e di fatica,municipio di Bengasi,MF,0
197,class,9. Industrie poligrafiche,G) Personale di servizio e di fatica,municipio di Bengasi,M,0
197,class,9. Industrie poligrafiche,G) Personale di servizio e di fatica,municipio di Bengasi,F,0
198,class,9. Industrie poligrafiche,H) Operai,Libia,MF,121
198,class,9. Industrie poligrafiche,H) Operai,Libia,M,116
198,class,9. Industrie poligrafiche,H) Operai,Libia,F,5
198,class,9. Industrie poligrafiche,H) Operai,municipio di Tripoli,MF,82
198,class,9. Industrie poligrafiche,H) Operai,municipio di Tripoli,M,78
198,class,9. Industrie poligrafiche,H) Operai,municipio di Tripoli,F,4
198,class,9. Industrie poligrafiche,H) Operai,municipio di Bengasi,MF,37
198,class,9. Industrie poligrafiche,H) Operai,municipio di Bengasi,M,36
198,class,9. Industrie poligrafiche,H) Operai,municipio di Bengasi,F,1
199,class,9. Industrie poligrafiche,Totale,Libia,MF,195
199,class,9. Industrie poligrafiche,Totale,Libia,M,178
199,class,9. Industrie poligrafiche,Totale,Libia,F,17
199,class,9. Industrie poligrafiche,Totale,municipio di Tripoli,MF,120
199,class,9. Industrie poligrafiche,Totale,municipio di Tripoli,M,109
199,class,9. Industrie poligrafiche,Totale,municipio di Tripoli,F,11
199,class,9. Industrie poligrafiche,Totale,municipio di Bengasi,MF,63
199,class,9. Industrie poligrafiche,Totale,municipio di Bengasi,M,58
199,class,9. Industrie poligrafiche,Totale,municipio di Bengasi,F,5
200,class,9. Industrie poligrafiche,di cui familiari coadiuvanti,Libia,MF,11
200,class,9. Industrie poligrafiche,di cui familiari coadiuvanti,Libia,M,8
200,class,9. Industrie poligrafiche,di cui familiari coadiuvanti,Libia,F,3
200,class,9. Industrie poligrafiche,di cui familiari coadiuvanti,municipio di Tripoli,MF,5
200,class,9. Industrie poligrafiche,di cui familiari coadiuvanti,municipio di Tripoli,M,3
200,class,9. Industrie poligrafiche,di cui familiari coadiuvanti,municipio di Tripoli,F,2
200,class,9. Industrie poligrafiche,di cui familiari coadiuvanti,municipio di Bengasi,MF,4
200,class,9. Industrie poligrafiche,di cui familiari coadiuvanti,municipio di Bengasi,M,3
200,class,9. Industrie poligrafiche,di cui familiari coadiuvanti,municipio di Bengasi,F,1
201,subclass,9.72 Stabilimenti di arti grafiche,A) Padroni,Libia,MF,16
201,subclass,9.72 Stabilimenti di arti grafiche,A) Padroni,Libia,M,16
201,subclass,9.72 Stabilimenti di arti grafiche,A) Padroni,Libia,F,0
201,subclass,9.72 Stabilimenti di arti grafiche,A) Padroni,municipio di Tripoli,MF,11
201,subclass,9.72 Stabilimenti di arti grafiche,A) Padroni,municipio di Tripoli,M,11
201,subclass,9.72 Stabilimenti di arti grafiche,A) Padroni,municipio di Tripoli,F,0
201,subclass,9.72 Stabilimenti di arti grafiche,A) Padroni,municipio di Bengasi,MF,5
201,subclass,9.72 Stabilimenti di arti grafiche,A) Padroni,municipio di Bengasi,M,5
201,subclass,9.72 Stabilimenti di arti grafiche,A) Padroni,municipio di Bengasi,F,0
202,subclass,9.72 Stabilimenti di arti grafiche,B) Artigiani con dipendenti,Libia,MF,1
202,subclass,9.72 Stabilimenti di arti grafiche,B) Artigiani con dipendenti,Libia,M,1
202,subclass,9.72 Stabilimenti di arti grafiche,B) Artigiani con dipendenti,Libia,F,0
202,subclass,9.72 Stabilimenti di arti grafiche,B) Artigiani con dipendenti,municipio di Tripoli,MF,0
202,subclass,9.72 Stabilimenti di arti grafiche,B) Artigiani con dipendenti,municipio di Tripoli,M,0
202,subclass,9.72 Stabilimenti di arti grafiche,B) Artigiani con dipendenti,municipio di Tripoli,F,0
202,subclass,9.72 Stabilimenti di arti grafiche,B) Artigiani con dipendenti,municipio di Bengasi,MF,0
202,subclass,9.72 Stabilimenti di arti grafiche,B) Artigiani con dipendenti,municipio di Bengasi,M,0
202,subclass,9.72 Stabilimenti di arti grafiche,B) Artigiani con dipendenti,municipio di Bengasi,F,0
203,subclass,9.72 Stabilimenti di arti grafiche,C) Artigiani senza dipendenti,Libia,MF,1
203,subclass,9.72 Stabilimenti di arti grafiche,C) Artigiani senza dipendenti,Libia,M,1
203,subclass,9.72 Stabilimenti di arti grafiche,C) Artigiani senza dipendenti,Libia,F,0
203,subclass,9.72 Stabilimenti di arti grafiche,C) Artigiani senza dipendenti,municipio di Tripoli,MF,1
203,subclass,9.72 Stabilimenti di arti grafiche,C) Artigiani senza dipendenti,municipio di Tripoli,M,1
203,subclass,9.72 Stabilimenti di arti grafiche,C) Artigiani senza dipendenti,municipio di Tripoli,F,0
203,subclass,9.72 Stabilimenti di arti grafiche,C) Artigiani senza dipendenti,municipio di Bengasi,MF,0
203,subclass,9.72 Stabilimenti di arti grafiche,C) Artigiani senza dipendenti,municipio di Bengasi,M,0
203,subclass,9.72 Stabilimenti di arti grafiche,C) Artigiani senza dipendenti,municipio di Bengasi,F,0
204,subclass,9.72 Stabilimenti di arti grafiche,E) Dirigenti,Libia,MF,1
204,subclass,9.72 Stabilimenti di arti grafiche,E) Dirigenti,Libia,M,1
204,subclass,9.72 Stabilimenti di arti grafiche,E) Dirigenti,Libia,F,0
204,subclass,9.72 Stabilimenti di arti grafiche,E) Dirigenti,municipio di Tripoli,MF,0
204,subclass,9.72 Stabilimenti di arti grafiche,E) Dirigenti,municipio di Tripoli,M,0
204,subclass,9.72 Stabilimenti di arti grafiche,E) Dirigenti,municipio di Tripoli,F,0
204,subclass,9.72 Stabilimenti di arti grafiche,E) Dirigenti,municipio di Bengasi,MF,1
204,subclass,9.72 Stabilimenti di arti grafiche,E) Dirigenti,municipio di Bengasi,M,1
204,subclass,9.72 Stabilimenti di arti grafiche,E) Dirigenti,municipio di Bengasi,F,0
205,subclass,9.72 Stabilimenti di arti grafiche,F) Impiegati,Libia,MF,7
205,subclass,9.72 Stabilimenti di arti grafiche,F) Impiegati,Libia,M,5
205,subclass,9.72 Stabilimenti di arti grafiche,F) Impiegati,Libia,F,2
205,subclass,9.72 Stabilimenti di arti grafiche,F) Impiegati,municipio di Tripoli,MF,5
205,subclass,9.72 Stabilimenti di arti grafiche,F) Impiegati,municipio di Tripoli,M,4
205,subclass,9.72 Stabilimenti di arti grafiche,F) Impiegati,municipio di Tripoli,F,1
205,subclass,9.72 Stabilimenti di arti grafiche,F) Impiegati,municipio di Bengasi,MF,2
205,subclass,9.72 Stabilimenti di arti grafiche,F) Impiegati,municipio di Bengasi,M,1
205,subclass,9.72 Stabilimenti di arti grafiche,F) Impiegati,municipio di Bengasi,F,1
206,subclass,9.72 Stabilimenti di arti grafiche,G) Personale di servizio e di fatica,Libia,MF,1
206,subclass,9.72 Stabilimenti di arti grafiche,G) Personale di servizio e di fatica,Libia,M,1
206,subclass,9.72 Stabilimenti di arti grafiche,G) Personale di servizio e di fatica,Libia,F,0
206,subclass,9.72 Stabilimenti di arti grafiche,G) Personale di servizio e di fatica,municipio di Tripoli,MF,1
206,subclass,9.72 Stabilimenti di arti grafiche,G) Personale di servizio e di fatica,municipio di Tripoli,M,1
206,subclass,9.72 Stabilimenti di arti grafiche,G) Personale di servizio e di fatica,municipio di Tripoli,F,0
206,subclass,9.72 Stabilimenti di arti grafiche,G) Personale di servizio e di fatica,municipio di Bengasi,MF,0
206,subclass,9.72 Stabilimenti di arti grafiche,G) Personale di servizio e di fatica,municipio di Bengasi,M,0
206,subclass,9.72 Stabilimenti di arti grafiche,G) Personale di servizio e di fatica,municipio di Bengasi,F,0
207,subclass,9.72 Stabilimenti di arti grafiche,H) Operai,Libia,MF,102
207,subclass,9.72 Stabilimenti di arti grafiche,H) Operai,Libia,M,100
207,subclass,9.72 Stabilimenti di arti grafiche,H) Operai,Libia,F,2
207,subclass,9.72 Stabilimenti di arti grafiche,H) Operai,municipio di Tripoli,MF,70
207,subclass,9.72 Stabilimenti di arti grafiche,H) Operai,municipio di Tripoli,M,68
207,subclass,9.72 Stabilimenti di arti grafiche,H) Operai,municipio di Tripoli,F,2
207,subclass,9.72 Stabilimenti di arti grafiche,H) Operai,municipio di Bengasi,MF,30
207,subclass,9.72 Stabilimenti di arti grafiche,H) Operai,municipio di Bengasi,M,30
207,subclass,9.72 Stabilimenti di arti grafiche,H) Operai,municipio di Bengasi,F,0
208,subclass,9.72 Stabilimenti di arti grafiche,Totale,Libia,MF,129
208,subclass,9.72 Stabilimenti di arti grafiche,Totale,Libia,M,125
208,subclass,9.72 Stabilimenti di arti grafiche,Totale,Libia,F,4
208,subclass,9.72 Stabilimenti di arti grafiche,Totale,municipio di Tripoli,MF,88
208,subclass,9.72 Stabilimenti di arti grafiche,Totale,municipio di Tripoli,M,85
208,subclass,9.72 Stabilimenti di arti grafiche,Totale,municipio di Tripoli,F,3
208,subclass,9.72 Stabilimenti di arti grafiche,Totale,municipio di Bengasi,MF,38
208,subclass,9.72 Stabilimenti di arti grafiche,Totale,municipio di Bengasi,M,37
208,subclass,9.72 Stabilimenti di arti grafiche,Totale,municipio di Bengasi,F,1
209,subclass,9.72 Stabilimenti di arti grafiche,di cui familiari coadiuvanti,Libia,MF,2
209,subclass,9.72 Stabilimenti di arti grafiche,di cui familiari coadiuvanti,Libia,M,2
209,subclass,9.72 Stabilimenti di arti grafiche,di cui familiari coadiuvanti,Libia,F,0
209,subclass,9.72 Stabilimenti di arti grafiche,di cui familiari coadiuvanti,municipio di Tripoli,MF,2
209,subclass,9.72 Stabilimenti di arti grafiche,di cui familiari coadiuvanti,municipio di Tripoli,M,2
209,subclass,9.72 Stabilimenti di arti grafiche,di cui familiari coadiuvanti,municipio di Tripoli,F,0
209,subclass,9.72 Stabilimenti di arti grafiche,di cui familiari coadiuvanti,municipio di Bengasi,MF,0
209,subclass,9.72 Stabilimenti di arti grafiche,di cui familiari coadiuvanti,municipio di Bengasi,M,0
209,subclass,9.72 Stabilimenti di arti grafiche,di cui familiari coadiuvanti,municipio di Bengasi,F,0
210,subclass,9.74 Stabilimenti e studi fotografici,A) Padroni,Libia,MF,14
210,subclass,9.74 Stabilimenti e studi fotografici,A) Padroni,Libia,M,12
210,subclass,9.74 Stabilimenti e studi fotografici,A) Padroni,Libia,F,2
210,subclass,9.74 Stabilimenti e studi fotografici,A) Padroni,municipio di Tripoli,MF,7
210,subclass,9.74 Stabilimenti e studi fotografici,A) Padroni,municipio di Tripoli,M,5
210,subclass,9.74 Stabilimenti e studi fotografici,A) Padroni,municipio di Tripoli,F,2
210,subclass,9.74 Stabilimenti e studi fotografici,A) Padroni,municipio di Bengasi,MF,7
210,subclass,9.74 Stabilimenti e studi fotografici,A) Padroni,municipio di Bengasi,M,7
210,subclass,9.74 Stabilimenti e studi fotografici,A) Padroni,municipio di Bengasi,F,0
211,subclass,9.74 Stabilimenti e studi fotografici,B) Artigiani con dipendenti,Libia,MF,3
211,subclass,9.74 Stabilimenti e studi fotografici,B) Artigiani con dipendenti,Libia,M,3
211,subclass,9.74 Stabilimenti e studi fotografici,B) Artigiani con dipendenti,Libia,F,0
211,subclass,9.74 Stabilimenti e studi fotografici,B) Artigiani con dipendenti,municipio di Tripoli,MF,1
211,subclass,9.74 Stabilimenti e studi fotografici,B) Artigiani con dipendenti,municipio di Tripoli,M,1
211,subclass,9.74 Stabilimenti e studi fotografici,B) Artigiani con dipendenti,municipio di Tripoli,F,0
211,subclass,9.74 Stabilimenti e studi fotografici,B) Artigiani con dipendenti,municipio di Bengasi,MF,2
211,subclass,9.74 Stabilimenti e studi fotografici,B) Artigiani con dipendenti,municipio di Bengasi,M,2
211,subclass,9.74 Stabilimenti e studi fotografici,B) Artigiani con dipendenti,municipio di Bengasi,F,0
212,subclass,9.74 Stabilimenti e studi fotografici,C) Artigiani senza dipendenti,Libia,MF,16
212,subclass,9.74 Stabilimenti e studi fotografici,C) Artigiani senza dipendenti,Libia,M,14
212,subclass,9.74 Stabilimenti e studi fotografici,C) Artigiani senza dipendenti,Libia,F,2
212,subclass,9.74 Stabilimenti e studi fotografici,C) Artigiani senza dipendenti,municipio di Tripoli,MF,4
212,subclass,9.74 Stabilimenti e studi fotografici,C) Artigiani senza dipendenti,municipio di Tripoli,M,4
212,subclass,9.74 Stabilimenti e studi fotografici,C) Artigiani senza dipendenti,municipio di Tripoli,F,0
212,subclass,9.74 Stabilimenti e studi fotografici,C) Artigiani senza dipendenti,municipio di Bengasi,MF,4
212,subclass,9.74 Stabilimenti e studi fotografici,C) Artigiani senza dipendenti,municipio di Bengasi,M,3
212,subclass,9.74 Stabilimenti e studi fotografici,C) Artigiani senza dipendenti,municipio di Bengasi,F,1
213,subclass,9.74 Stabilimenti e studi fotografici,F) Impiegati,Libia,MF,7
213,subclass,9.74 Stabilimenti e studi fotografici,F) Impiegati,Libia,M,2
213,subclass,9.74 Stabilimenti e studi fotografici,F) Impiegati,Libia,F,5
213,subclass,9.74 Stabilimenti e studi fotografici,F) Impiegati,municipio di Tripoli,MF,4
213,subclass,9.74 Stabilimenti e studi fotografici,F) Impiegati,municipio di Tripoli,M,1
213,subclass,9.74 Stabilimenti e studi fotografici,F) Impiegati,municipio di Tripoli,F,3
213,subclass,9.74 Stabilimenti e studi fotografici,F) Impiegati,municipio di Bengasi,MF,3
213,subclass,9.74 Stabilimenti e studi fotografici,F) Impiegati,municipio di Bengasi,M,1
213,subclass,9.74 Stabilimenti e studi fotografici,F) Impiegati,municipio di Bengasi,F,2
214,subclass,9.74 Stabilimenti e studi fotografici,H) Operai,Libia,MF,17
214,subclass,9.74 Stabilimenti e studi fotografici,H) Operai,Libia,M,14
214,subclass,9.74 Stabilimenti e studi fotografici,H) Operai,Libia,F,3
214,subclass,9.74 Stabilimenti e studi fotografici,H) Operai,municipio di Tripoli,MF,11
214,subclass,9.74 Stabilimenti e studi fotografici,H) Operai,municipio di Tripoli,M,9
214,subclass,9.74 Stabilimenti e studi fotografici,H) Operai,municipio di Tripoli,F,2
214,subclass,9.74 Stabilimenti e studi fotografici,H) Operai,municipio di Bengasi,MF,6
214,subclass,9.74 Stabilimenti e studi fotografici,H) Operai,municipio di Bengasi,M,5
214,subclass,9.74 Stabilimenti e studi fotografici,H) Operai,municipio di Bengasi,F,1
215,subclass,9.74 Stabilimenti e studi fotografici,Totale,Libia,MF,57
215,subclass,9.74 Stabilimenti e studi fotografici,Totale,Libia,M,45
215,subclass,9.74 Stabilimenti e studi fotografici,Totale,Libia,F,12
215,subclass,9.74 Stabilimenti e studi fotografici,Totale,municipio di Tripoli,MF,27
215,subclass,9.74 Stabilimenti e studi fotografici,Totale,municipio di Tripoli,M,20
215,subclass,9.74 Stabilimenti e studi fotografici,Totale,municipio di Tripoli,F,7
215,subclass,9.74 Stabilimenti e studi fotografici,Totale,municipio di Bengasi,MF,22
215,subclass,9.74 Stabilimenti e studi fotografici,Totale,municipio di Bengasi,M,18
215,subclass,9.74 Stabilimenti e studi fotografici,Totale,municipio di Bengasi,F,4
216,subclass,9.74 Stabilimenti e studi fotografici,di cui familiari coadiuvanti,Libia,MF,8
216,subclass,9.74 Stabilimenti e studi fotografici,di cui familiari coadiuvanti,Libia,M,5
216,subclass,9.74 Stabilimenti e studi fotografici,di cui familiari coadiuvanti,Libia,F,3
216,subclass,9.74 Stabilimenti e studi fotografici,di cui familiari coadiuvanti,municipio di Tripoli,MF,3
216,subclass,9.74 Stabilimenti e studi fotografici,di cui familiari coadiuvanti,municipio di Tripoli,M,1
216,subclass,9.74 Stabilimenti e studi fotografici,di cui familiari coadiuvanti,municipio di Tripoli,F,2
216,subclass,9.74 Stabilimenti e studi fotografici,di cui familiari coadiuvanti,municipio di Bengasi,MF,3
216,subclass,9.74 Stabilimenti e studi fotografici,di cui familiari coadiuvanti,municipio di Bengasi,M,2
216,subclass,9.74 Stabilimenti e studi fotografici,di cui familiari coadiuvanti,municipio di Bengasi,F,1
217,class,10. Industrie metallurgiche,A) Padroni,Libia,MF,1
217,class,10. Industrie metallurgiche,A) Padroni,Libia,M,1
217,class,10. Industrie metallurgiche,A) Padroni,Libia,F,0
217,class,10. Industrie metallurgiche,A) Padroni,municipio di Tripoli,MF,1
217,class,10. Industrie metallurgiche,A) Padroni,municipio di Tripoli,M,1
217,class,10. Industrie metallurgiche,A) Padroni,municipio di Tripoli,F,0
217,class,10. Industrie metallurgiche,A) Padroni,municipio di Bengasi,MF,0
217,class,10. Industrie metallurgiche,A) Padroni,municipio di Bengasi,M,0
217,class,10. Industrie metallurgiche,A) Padroni,municipio di Bengasi,F,0
218,class,10. Industrie metallurgiche,E) Dirigenti,Libia,MF,1
218,class,10. Industrie metallurgiche,E) Dirigenti,Libia,M,1
218,class,10. Industrie metallurgiche,E) Dirigenti,Libia,F,0
218,class,10. Industrie metallurgiche,E) Dirigenti,municipio di Tripoli,MF,1
218,class,10. Industrie metallurgiche,E) Dirigenti,municipio di Tripoli,M,1
218,class,10. Industrie metallurgiche,E) Dirigenti,municipio di Tripoli,F,0
218,class,10. Industrie metallurgiche,E) Dirigenti,municipio di Bengasi,MF,0
218,class,10. Industrie metallurgiche,E) Dirigenti,municipio di Bengasi,M,0
218,class,10. Industrie metallurgiche,E) Dirigenti,municipio di Bengasi,F,0
219,class,10. Industrie metallurgiche,F) Impiegati,Libia,MF,1
219,class,10. Industrie metallurgiche,F) Impiegati,Libia,M,1
219,class,10. Industrie metallurgiche,F) Impiegati,Libia,F,0
219,class,10. Industrie metallurgiche,F) Impiegati,municipio di Tripoli,MF,1
219,class,10. Industrie metallurgiche,F) Impiegati,municipio di Tripoli,M,1
219,class,10. Industrie metallurgiche,F) Impiegati,municipio di Tripoli,F,0
219,class,10. Industrie metallurgiche,F) Impiegati,municipio di Bengasi,MF,0
219,class,10. Industrie metallurgiche,F) Impiegati,municipio di Bengasi,M,0
219,class,10. Industrie metallurgiche,F) Impiegati,municipio di Bengasi,F,0
220,class,10. Industrie metallurgiche,H) Operai,Libia,MF,6
220,class,10. Industrie metallurgiche,H) Operai,Libia,M,6
220,class,10. Industrie metallurgiche,H) Operai,Libia,F,0
220,class,10. Industrie metallurgiche,H) Operai,municipio di Tripoli,MF,4
220,class,10. Industrie metallurgiche,H) Operai,municipio di Tripoli,M,4
220,class,10. Industrie metallurgiche,H) Operai,municipio di Tripoli,F,0
220,class,10. Industrie metallurgiche,H) Operai,municipio di Bengasi,MF,2
220,class,10. Industrie metallurgiche,H) Operai,municipio di Bengasi,M,2
220,class,10. Industrie metallurgiche,H) Operai,municipio di Bengasi,F,0
221,class,10. Industrie metallurgiche,Totale,Libia,MF,9
221,class,10. Industrie metallurgiche,Totale,Libia,M,9
221,class,10. Industrie metallurgiche,Totale,Libia,F,0
221,class,10. Industrie metallurgiche,Totale,municipio di Tripoli,MF,7
221,class,10. Industrie metallurgiche,Totale,municipio di Tripoli,M,7
221,class,10. Industrie metallurgiche,Totale,municipio di Tripoli,F,0
221,class,10. Industrie metallurgiche,Totale,municipio di Bengasi,MF,2
221,class,10. Industrie metallurgiche,Totale,municipio di Bengasi,M,2
221,class,10. Industrie metallurgiche,Totale,municipio di Bengasi,F,0
222,class,11. Industrie meccaniche,A) Padroni,Libia,MF,90
222,class,11. Industrie meccaniche,A) Padroni,Libia,M,88
222,class,11. Industrie meccaniche,A) Padroni,Libia,F,2
222,class,11. Industrie meccaniche,A) Padroni,municipio di Tripoli,MF,75
222,class,11. Industrie meccaniche,A) Padroni,municipio di Tripoli,M,73
222,class,11. Industrie meccaniche,A) Padroni,municipio di Tripoli,F,2
222,class,11. Industrie meccaniche,A) Padroni,municipio di Bengasi,MF,11
222,class,11. Industrie meccaniche,A) Padroni,municipio di Bengasi,M,11
222,class,11. Industrie meccaniche,A) Padroni,municipio di Bengasi,F,0
223,class,11. Industrie meccaniche,B) Artigiani con dipendenti,Libia,MF,47
223,class,11. Industrie meccaniche,B) Artigiani con dipendenti,Libia,M,47
223,class,11. Industrie meccaniche,B) Artigiani con dipendenti,Libia,F,0
223,class,11. Industrie meccaniche,B) Artigiani con dipendenti,municipio di Tripoli,MF,29
223,class,11. Industrie meccaniche,B) Artigiani con dipendenti,municipio di Tripoli,M,29
223,class,11. Industrie meccaniche,B) Artigiani con dipendenti,municipio di Tripoli,F,0
223,class,11. Industrie meccaniche,B) Artigiani con dipendenti,municipio di Bengasi,MF,14
223,class,11. Industrie meccaniche,B) Artigiani con dipendenti,municipio di Bengasi,M,14
223,class,11. Industrie meccaniche,B) Artigiani con dipendenti,municipio di Bengasi,F,0
224,class,11. Industrie meccaniche,C) Artigiani senza dipendenti,Libia,MF,139
224,class,11. Industrie meccaniche,C) Artigiani senza dipendenti,Libia,M,139
224,class,11. Industrie meccaniche,C) Artigiani senza dipendenti,Libia,F,0
224,class,11. Industrie meccaniche,C) Artigiani senza dipendenti,municipio di Tripoli,MF,78
224,class,11. Industrie meccaniche,C) Artigiani senza dipendenti,municipio di Tripoli,M,78
224,class,11. Industrie meccaniche,C) Artigiani senza dipendenti,municipio di Tripoli,F,0
224,class,11. Industrie meccaniche,C) Artigiani senza dipendenti,municipio di Bengasi,MF,39
224,class,11. Industrie meccaniche,C) Artigiani senza dipendenti,municipio di Bengasi,M,39
224,class,11. Industrie meccaniche,C) Artigiani senza dipendenti,municipio di Bengasi,F,0
225,class,11. Industrie meccaniche,E) Dirigenti,Libia,MF,3
225,class,11. Industrie meccaniche,E) Dirigenti,Libia,M,3
225,class,11. Industrie meccaniche,E) Dirigenti,Libia,F,0
225,class,11. Industrie meccaniche,E) Dirigenti,municipio di Tripoli,MF,2
225,class,11. Industrie meccaniche,E) Dirigenti,municipio di Tripoli,M,2
225,class,11. Industrie meccaniche,E) Dirigenti,municipio di Tripoli,F,0
225,class,11. Industrie meccaniche,E) Dirigenti,municipio di Bengasi,MF,1
225,class,11. Industrie meccaniche,E) Dirigenti,municipio di Bengasi,M,1
225,class,11. Industrie meccaniche,E) Dirigenti,municipio di Bengasi,F,0
226,class,11. Industrie meccaniche,F) Impiegati,Libia,MF,40
226,class,11. Industrie meccaniche,F) Impiegati,Libia,M,36
226,class,11. Industrie meccaniche,F) Impiegati,Libia,F,4
226,class,11. Industrie meccaniche,F) Impiegati,municipio di Tripoli,MF,23
226,class,11. Industrie meccaniche,F) Impiegati,municipio di Tripoli,M,19
226,class,11. Industrie meccaniche,F) Impiegati,municipio di Tripoli,F,4
226,class,11. Industrie meccaniche,F) Impiegati,municipio di Bengasi,MF,13
226,class,11. Industrie meccaniche,F) Impiegati,municipio di Bengasi,M,13
226,class,11. Industrie meccaniche,F) Impiegati,municipio di Bengasi,F,0
227,class,11. Industrie meccaniche,G) Personale di servizio e di fatica,Libia,MF,2
227,class,11. Industrie meccaniche,G) Personale di servizio e di fatica,Libia,M,2
227,class,11. Industrie meccaniche,G) Personale di servizio e di fatica,Libia,F,0
227,class,11. Industrie meccaniche,G) Personale di servizio e di fatica,municipio di Tripoli,MF,2
227,class,11. Industrie meccaniche,G) Personale di servizio e di fatica,municipio di Tripoli,M,2
227,class,11. Industrie meccaniche,G) Personale di servizio e di fatica,municipio di Tripoli,F,0
227,class,11. Industrie meccaniche,G) Personale di servizio e di fatica,municipio di Bengasi,MF,0
227,class,11. Industrie meccaniche,G) Personale di servizio e di fatica,municipio di Bengasi,M,0
227,class,11. Industrie meccaniche,G) Personale di servizio e di fatica,municipio di Bengasi,F,0
228,class,11. Industrie meccaniche,H) Operai,Libia,MF,864
228,class,11. Industrie meccaniche,H) Operai,Libia,M,864
228,class,11. Industrie meccaniche,H) Operai,Libia,F,0
228,class,11. Industrie meccaniche,H) Operai,municipio di Tripoli,MF,569
228,class,11. Industrie meccaniche,H) Operai,municipio di Tripoli,M,569
228,class,11. Industrie meccaniche,H) Operai,municipio di Tripoli,F,0
228,class,11. Industrie meccaniche,H) Operai,municipio di Bengasi,MF,213
228,class,11. Industrie meccaniche,H) Operai,municipio di Bengasi,M,213
228,class,11. Industrie meccaniche,H) Operai,municipio di Bengasi,F,0
229,class,11. Industrie meccaniche,Totale,Libia,MF,1185
229,class,11. Industrie meccaniche,Totale,Libia,M,1179
229,class,11. Industrie meccaniche,Totale,Libia,F,6
229,class,11. Industrie meccaniche,Totale,municipio di Tripoli,MF,778
229,class,11. Industrie meccaniche,Totale,municipio di Tripoli,M,772
229,class,11. Industrie meccaniche,Totale,municipio di Tripoli,F,6
229,class,11. Industrie meccaniche,Totale,municipio di Bengasi,MF,291
229,class,11. Industrie meccaniche,Totale,municipio di Bengasi,M,291
229,class,11. Industrie meccaniche,Totale,municipio di Bengasi,F,0
230,class,11. Industrie meccaniche,di cui familiari coadiuvanti,Libia,MF,53
230,class,11. Industrie meccaniche,di cui familiari coadiuvanti,Libia,M,53
230,class,11. Industrie meccaniche,di cui familiari coadiuvanti,Libia,F,0
230,class,11. Industrie meccaniche,di cui familiari coadiuvanti,municipio di Tripoli,MF,36
230,class,11. Industrie meccaniche,di cui familiari coadiuvanti,municipio di Tripoli,M,36
230,class,11. Industrie meccaniche,di cui familiari coadiuvanti,municipio di Tripoli,F,0
230,class,11. Industrie meccaniche,di cui familiari coadiuvanti,municipio di Bengasi,MF,12
230,class,11. Industrie meccaniche,di cui familiari coadiuvanti,municipio di Bengasi,M,12
230,class,11. Industrie meccaniche,di cui familiari coadiuvanti,municipio di Bengasi,F,0
231,subclass,11.84 Industria dell'automobile,A) Padroni,Libia,MF,5
231,subclass,11.84 Industria dell'automobile,A) Padroni,Libia,M,5
231,subclass,11.84 Industria dell'automobile,A) Padroni,Libia,F,0
231,subclass,11.84 Industria dell'automobile,A) Padroni,municipio di Tripoli,MF,4
231,subclass,11.84 Industria dell'automobile,A) Padroni,municipio di Tripoli,M,4
231,subclass,11.84 Industria dell'automobile,A) Padroni,municipio di Tripoli,F,0
231,subclass,11.84 Industria dell'automobile,A) Padroni,municipio di Bengasi,MF,1
231,subclass,11.84 Industria dell'automobile,A) Padroni,municipio di Bengasi,M,1
231,subclass,11.84 Industria dell'automobile,A) Padroni,municipio di Bengasi,F,0
232,subclass,11.84 Industria dell'automobile,B) Artigiani con dipendenti,Libia,MF,2
232,subclass,11.84 Industria dell'automobile,B) Artigiani con dipendenti,Libia,M,2
232,subclass,11.84 Industria dell'automobile,B) Artigiani con dipendenti,Libia,F,0
232,subclass,11.84 Industria dell'automobile,B) Artigiani con dipendenti,municipio di Tripoli,MF,0
232,subclass,11.84 Industria dell'automobile,B) Artigiani con dipendenti,municipio di Tripoli,M,0
232,subclass,11.84 Industria dell'automobile,B) Artigiani con dipendenti,municipio di Tripoli,F,0
232,subclass,11.84 Industria dell'automobile,B) Artigiani con dipendenti,municipio di Bengasi,MF,2
232,subclass,11.84 Industria dell'automobile,B) Artigiani con dipendenti,municipio di Bengasi,M,2
232,subclass,11.84 Industria dell'automobile,B) Artigiani con dipendenti,municipio di Bengasi,F,0
233,subclass,11.84 Industria dell'automobile,C) Artigiani senza dipendenti,Libia,MF,2
233,subclass,11.84 Industria dell'automobile,C) Artigiani senza dipendenti,Libia,M,2
233,subclass,11.84 Industria dell'automobile,C) Artigiani senza dipendenti,Libia,F,0
233,subclass,11.84 Industria dell'automobile,C) Artigiani senza dipendenti,municipio di Tripoli,MF,0
233,subclass,11.84 Industria dell'automobile,C) Artigiani senza dipendenti,municipio di Tripoli,M,0
233,subclass,11.84 Industria dell'automobile,C) Artigiani senza dipendenti,municipio di Tripoli,F,0
233,subclass,11.84 Industria dell'automobile,C) Artigiani senza dipendenti,municipio di Bengasi,MF,2
233,subclass,11.84 Industria dell'automobile,C) Artigiani senza dipendenti,municipio di Bengasi,M,2
233,subclass,11.84 Industria dell'automobile,C) Artigiani senza dipendenti,municipio di Bengasi,F,0
234,subclass,11.84 Industria dell'automobile,F) Impiegati,Libia,MF,12
234,subclass,11.84 Industria dell'automobile,F) Impiegati,Libia,M,12
234,subclass,11.84 Industria dell'automobile,F) Impiegati,Libia,F,0
234,subclass,11.84 Industria dell'automobile,F) Impiegati,municipio di Tripoli,MF,6
234,subclass,11.84 Industria dell'automobile,F) Impiegati,municipio di Tripoli,M,6
234,subclass,11.84 Industria dell'automobile,F) Impiegati,municipio di Tripoli,F,0
234,subclass,11.84 Industria dell'automobile,F) Impiegati,municipio di Bengasi,MF,6
234,subclass,11.84 Industria dell'automobile,F) Impiegati,municipio di Bengasi,M,6
234,subclass,11.84 Industria dell'automobile,F) Impiegati,municipio di Bengasi,F,0
235,subclass,11.84 Industria dell'automobile,H) Operai,Libia,MF,74
235,subclass,11.84 Industria dell'automobile,H) Operai,Libia,M,74
235,subclass,11.84 Industria dell'automobile,H) Operai,Libia,F,0
235,subclass,11.84 Industria dell'automobile,H) Operai,municipio di Tripoli,MF,37
235,subclass,11.84 Industria dell'automobile,H) Operai,municipio di Tripoli,M,37
235,subclass,11.84 Industria dell'automobile,H) Operai,municipio di Tripoli,F,0
235,subclass,11.84 Industria dell'automobile,H) Operai,municipio di Bengasi,MF,29
235,subclass,11.84 Industria dell'automobile,H) Operai,municipio di Bengasi,M,29
235,subclass,11.84 Industria dell'automobile,H) Operai,municipio di Bengasi,F,0
236,subclass,11.84 Industria dell'automobile,Totale,Libia,MF,95
236,subclass,11.84 Industria dell'automobile,Totale,Libia,M,95
236,subclass,11.84 Industria dell'automobile,Totale,Libia,F,0
236,subclass,11.84 Industria dell'automobile,Totale,municipio di Tripoli,MF,47
236,subclass,11.84 Industria dell'automobile,Totale,municipio di Tripoli,M,47
236,subclass,11.84 Industria dell'automobile,Totale,municipio di Tripoli,F,0
236,subclass,11.84 Industria dell'automobile,Totale,municipio di Bengasi,MF,40
236,subclass,11.84 Industria dell'automobile,Totale,municipio di Bengasi,M,40
236,subclass,11.84 Industria dell'automobile,Totale,municipio di Bengasi,F,0
237,subclass,11.84 Industria dell'automobile,di cui familiari coadiuvanti,Libia,MF,1
237,subclass,11.84 Industria dell'automobile,di cui familiari coadiuvanti,Libia,M,1
237,subclass,11.84 Industria dell'automobile,di cui familiari coadiuvanti,Libia,F,0
237,subclass,11.84 Industria dell'automobile,di cui familiari coadiuvanti,municipio di Tripoli,MF,1
237,subclass,11.84 Industria dell'automobile,di cui familiari coadiuvanti,municipio di Tripoli,M,1
237,subclass,11.84 Industria dell'automobile,di cui familiari coadiuvanti,municipio di Tripoli,F,0
237,subclass,11.84 Industria dell'automobile,di cui familiari coadiuvanti,municipio di Bengasi,MF,0
237,subclass,11.84 Industria dell'automobile,di cui familiari coadiuvanti,municipio di Bengasi,M,0
237,subclass,11.84 Industria dell'automobile,di cui familiari coadiuvanti,municipio di Bengasi,F,0
238,subclass,11.85 Industria del ciclo e del motociclo,A) Padroni,Libia,MF,5
238,subclass,11.85 Industria del ciclo e del motociclo,A) Padroni,Libia,M,5
238,subclass,11.85 Industria del ciclo e del motociclo,A) Padroni,Libia,F,0
238,subclass,11.85 Industria del ciclo e del motociclo,A) Padroni,municipio di Tripoli,MF,5
238,subclass,11.85 Industria del ciclo e del motociclo,A) Padroni,municipio di Tripoli,M,5
238,subclass,11.85 Industria del ciclo e del motociclo,A) Padroni,municipio di Tripoli,F,0
238,subclass,11.85 Industria del ciclo e del motociclo,A) Padroni,municipio di Bengasi,MF,0
238,subclass,11.85 Industria del ciclo e del motociclo,A) Padroni,municipio di Bengasi,M,0
238,subclass,11.85 Industria del ciclo e del motociclo,A) Padroni,municipio di Bengasi,F,0
239,subclass,11.85 Industria del ciclo e del motociclo,B) Artigiani con dipendenti,Libia,MF,3
239,subclass,11.85 Industria del ciclo e del motociclo,B) Artigiani con dipendenti,Libia,M,3
239,subclass,11.85 Industria del ciclo e del motociclo,B) Artigiani con dipendenti,Libia,F,0
239,subclass,11.85 Industria del ciclo e del motociclo,B) Artigiani con dipendenti,municipio di Tripoli,MF,0
239,subclass,11.85 Industria del ciclo e del motociclo,B) Artigiani con dipendenti,municipio di Tripoli,M,0
239,subclass,11.85 Industria del ciclo e del motociclo,B) Artigiani con dipendenti,municipio di Tripoli,F,0
239,subclass,11.85 Industria del ciclo e del motociclo,B) Artigiani con dipendenti,municipio di Bengasi,MF,3
239,subclass,11.85 Industria del ciclo e del motociclo,B) Artigiani con dipendenti,municipio di Bengasi,M,3
239,subclass,11.85 Industria del ciclo e del motociclo,B) Artigiani con dipendenti,municipio di Bengasi,F,0
240,subclass,11.85 Industria del ciclo e del motociclo,C) Artigiani senza dipendenti,Libia,MF,8
240,subclass,11.85 Industria del ciclo e del motociclo,C) Artigiani senza dipendenti,Libia,M,8
240,subclass,11.85 Industria del ciclo e del motociclo,C) Artigiani senza dipendenti,Libia,F,0
240,subclass,11.85 Industria del ciclo e del motociclo,C) Artigiani senza dipendenti,municipio di Tripoli,MF,6
240,subclass,11.85 Industria del ciclo e del motociclo,C) Artigiani senza dipendenti,municipio di Tripoli,M,6
240,subclass,11.85 Industria del ciclo e del motociclo,C) Artigiani senza dipendenti,municipio di Tripoli,F,0
240,subclass,11.85 Industria del ciclo e del motociclo,C) Artigiani senza dipendenti,municipio di Bengasi,MF,2
240,subclass,11.85 Industria del ciclo e del motociclo,C) Artigiani senza dipendenti,municipio di Bengasi,M,2
240,subclass,11.85 Industria del ciclo e del motociclo,C) Artigiani senza dipendenti,municipio di Bengasi,F,0
241,subclass,11.85 Industria del ciclo e del motociclo,F) Impiegati,Libia,MF,1
241,subclass,11.85 Industria del ciclo e del motociclo,F) Impiegati,Libia,M,0
241,subclass,11.85 Industria del ciclo e del motociclo,F) Impiegati,Libia,F,1
241,subclass,11.85 Industria del ciclo e del motociclo,F) Impiegati,municipio di Tripoli,MF,1
241,subclass,11.85 Industria del ciclo e del motociclo,F) Impiegati,municipio di Tripoli,M,0
241,subclass,11.85 Industria del ciclo e del motociclo,F) Impiegati,municipio di Tripoli,F,1
241,subclass,11.85 Industria del ciclo e del motociclo,F) Impiegati,municipio di Bengasi,MF,0
241,subclass,11.85 Industria del ciclo e del motociclo,F) Impiegati,municipio di Bengasi,M,0
241,subclass,11.85 Industria del ciclo e del motociclo,F) Impiegati,municipio di Bengasi,F,0
242,subclass,11.85 Industria del ciclo e del motociclo,H) Operai,Libia,MF,7
242,subclass,11.85 Industria del ciclo e del motociclo,H) Operai,Libia,M,7
242,subclass,11.85 Industria del ciclo e del motociclo,H) Operai,Libia,F,0
242,subclass,11.85 Industria del ciclo e del motociclo,H) Operai,municipio di Tripoli,MF,7
242,subclass,11.85 Industria del ciclo e del motociclo,H) Operai,municipio di Tripoli,M,7
242,subclass,11.85 Industria del ciclo e del motociclo,H) Operai,municipio di Tripoli,F,0
242,subclass,11.85 Industria del ciclo e del motociclo,H) Operai,municipio di Bengasi,MF,0
242,subclass,11.85 Industria del ciclo e del motociclo,H) Operai,municipio di Bengasi,M,0
242,subclass,11.85 Industria del ciclo e del motociclo,H) Operai,municipio di Bengasi,F,0
243,subclass,11.85 Industria del ciclo e del motociclo,Totale,Libia,MF,24
243,subclass,11.85 Industria del ciclo e del motociclo,Totale,Libia,M,23
243,subclass,11.85 Industria del ciclo e del motociclo,Totale,Libia,F,1
243,subclass,11.85 Industria del ciclo e del motociclo,Totale,municipio di Tripoli,MF,19
243,subclass,11.85 Industria del ciclo e del motociclo,Totale,municipio di Tripoli,M,18
243,subclass,11.85 Industria del ciclo e del motociclo,Totale,municipio di Tripoli,F,1
243,subclass,11.85 Industria del ciclo e del motociclo,Totale,municipio di Bengasi,MF,5
243,subclass,11.85 Industria del ciclo e del motociclo,Totale,municipio di Bengasi,M,5
243,subclass,11.85 Industria del ciclo e del motociclo,Totale,municipio di Bengasi,F,0
244,subclass,11.85 Industria del ciclo e del motociclo,di cui familiari coadiuvanti,Libia,MF,1
244,subclass,11.85 Industria del ciclo e del motociclo,di cui familiari coadiuvanti,Libia,M,1
244,subclass,11.85 Industria del ciclo e del motociclo,di cui familiari coadiuvanti,Libia,F,0
244,subclass,11.85 Industria del ciclo e del motociclo,di cui familiari coadiuvanti,municipio di Tripoli,MF,1
244,subclass,11.85 Industria del ciclo e del motociclo,di cui familiari coadiuvanti,municipio di Tripoli,M,1
244,subclass,11.85 Industria del ciclo e del motociclo,di cui familiari coadiuvanti,municipio di Tripoli,F,0
244,subclass,11.85 Industria del ciclo e del motociclo,di cui familiari coadiuvanti,municipio di Bengasi,MF,0
244,subclass,11.85 Industria del ciclo e del motociclo,di cui familiari coadiuvanti,municipio di Bengasi,M,0
244,subclass,11.85 Industria del ciclo e del motociclo,di cui familiari coadiuvanti,municipio di Bengasi,F,0
245,subclass,11.93 Macchine ed apparecchi elettrici,A) Padroni,Libia,MF,7
245,subclass,11.93 Macchine ed apparecchi elettrici,A) Padroni,Libia,M,6
245,subclass,11.93 Macchine ed apparecchi elettrici,A) Padroni,Libia,F,1
245,subclass,11.93 Macchine ed apparecchi elettrici,A) Padroni,municipio di Tripoli,MF,6
245,subclass,11.93 Macchine ed apparecchi elettrici,A) Padroni,municipio di Tripoli,M,5
245,subclass,11.93 Macchine ed apparecchi elettrici,A) Padroni,municipio di Tripoli,F,1
245,subclass,11.93 Macchine ed apparecchi elettrici,A) Padroni,municipio di Bengasi,MF,1
245,subclass,11.93 Macchine ed apparecchi elettrici,A) Padroni,municipio di Bengasi,M,1
245,subclass,11.93 Macchine ed apparecchi elettrici,A) Padroni,municipio di Bengasi,F,0
246,subclass,11.93 Macchine ed apparecchi elettrici,B) Artigiani con dipendenti,Libia,MF,1
246,subclass,11.93 Macchine ed apparecchi elettrici,B) Artigiani con dipendenti,Libia,M,1
246,subclass,11.93 Macchine ed apparecchi elettrici,B) Artigiani con dipendenti,Libia,F,0
246,subclass,11.93 Macchine ed apparecchi elettrici,B) Artigiani con dipendenti,municipio di Tripoli,MF,1
246,subclass,11.93 Macchine ed apparecchi elettrici,B) Artigiani con dipendenti,municipio di Tripoli,M,1
246,subclass,11.93 Macchine ed apparecchi elettrici,B) Artigiani con dipendenti,municipio di Tripoli,F,0
246,subclass,11.93 Macchine ed apparecchi elettrici,B) Artigiani con dipendenti,municipio di Bengasi,MF,0
246,subclass,11.93 Macchine ed apparecchi elettrici,B) Artigiani con dipendenti,municipio di Bengasi,M,0
246,subclass,11.93 Macchine ed apparecchi elettrici,B) Artigiani con dipendenti,municipio di Bengasi,F,0
247,subclass,11.93 Macchine ed apparecchi elettrici,C) Artigiani senza dipendenti,Libia,MF,3
247,subclass,11.93 Macchine ed apparecchi elettrici,C) Artigiani senza dipendenti,Libia,M,3
247,subclass,11.93 Macchine ed apparecchi elettrici,C) Artigiani senza dipendenti,Libia,F,0
247,subclass,11.93 Macchine ed apparecchi elettrici,C) Artigiani senza dipendenti,municipio di Tripoli,MF,1
247,subclass,11.93 Macchine ed apparecchi elettrici,C) Artigiani senza dipendenti,municipio di Tripoli,M,1
247,subclass,11.93 Macchine ed apparecchi elettrici,C) Artigiani senza dipendenti,municipio di Tripoli,F,0
247,subclass,11.93 Macchine ed apparecchi elettrici,C) Artigiani senza dipendenti,municipio di Bengasi,MF,1
247,subclass,11.93 Macchine ed apparecchi elettrici,C) Artigiani senza dipendenti,municipio di Bengasi,M,1
247,subclass,11.93 Macchine ed apparecchi elettrici,C) Artigiani senza dipendenti,municipio di Bengasi,F,0
248,subclass,11.93 Macchine ed apparecchi elettrici,F) Impiegati,Libia,MF,2
248,subclass,11.93 Macchine ed apparecchi elettrici,F) Impiegati,Libia,M,1
248,subclass,11.93 Macchine ed apparecchi elettrici,F) Impiegati,Libia,F,1
248,subclass,11.93 Macchine ed apparecchi elettrici,F) Impiegati,municipio di Tripoli,MF,2
248,subclass,11.93 Macchine ed apparecchi elettrici,F) Impiegati,municipio di Tripoli,M,1
248,subclass,11.93 Macchine ed apparecchi elettrici,F) Impiegati,municipio di Tripoli,F,1
248,subclass,11.93 Macchine ed apparecchi elettrici,F) Impiegati,municipio di Bengasi,MF,0
248,subclass,11.93 Macchine ed apparecchi elettrici,F) Impiegati,municipio di Bengasi,M,0
248,subclass,11.93 Macchine ed apparecchi elettrici,F) Impiegati,municipio di Bengasi,F,0
249,subclass,11.93 Macchine ed apparecchi elettrici,G) Personale di servizio e di fatica,Libia,MF,1
249,subclass,11.93 Macchine ed apparecchi elettrici,G) Personale di servizio e di fatica,Libia,M,1
249,subclass,11.93 Macchine ed apparecchi elettrici,G) Personale di servizio e di fatica,Libia,F,0
249,subclass,11.93 Macchine ed apparecchi elettrici,G) Personale di servizio e di fatica,municipio di Tripoli,MF,1
249,subclass,11.93 Macchine ed apparecchi elettrici,G) Personale di servizio e di fatica,municipio di Tripoli,M,1
249,subclass,11.93 Macchine ed apparecchi elettrici,G) Personale di servizio e di fatica,municipio di Tripoli,F,0
249,subclass,11.93 Macchine ed apparecchi elettrici,G) Personale di servizio e di fatica,municipio di Bengasi,MF,0
249,subclass,11.93 Macchine ed apparecchi elettrici,G) Personale di servizio e di fatica,municipio di Bengasi,M,0
249,subclass,11.93 Macchine ed apparecchi elettrici,G) Personale di servizio e di fatica,municipio di Bengasi,F,0
250,subclass,11.93 Macchine ed apparecchi elettrici,H) Operai,Libia,MF,41
250,subclass,11.93 Macchine ed apparecchi elettrici,H) Operai,Libia,M,41
250,subclass,11.93 Macchine ed apparecchi elettrici,H) Operai,Libia,F,0
250,subclass,11.93 Macchine ed apparecchi elettrici,H) Operai,municipio di Tripoli,MF,28
250,subclass,11.93 Macchine ed apparecchi elettrici,H) Operai,municipio di Tripoli,M,28
250,subclass,11.93 Macchine ed apparecchi elettrici,H) Operai,municipio di Tripoli,F,0
250,subclass,11.93 Macchine ed apparecchi elettrici,H) Operai,municipio di Bengasi,MF,6
250,subclass,11.93 Macchine ed apparecchi elettrici,H) Operai,municipio di Bengasi,M,6
250,subclass,11.93 Macchine ed apparecchi elettrici,H) Operai,municipio di Bengasi,F,0
251,subclass,11.93 Macchine ed apparecchi elettrici,Totale,Libia,MF,55
251,subclass,11.93 Macchine ed apparecchi elettrici,Totale,Libia,M,53
251,subclass,11.93 Macchine ed apparecchi elettrici,Totale,Libia,F,2
251,subclass,11.93 Macchine ed apparecchi elettrici,Totale,municipio di Tripoli,MF,39
251,subclass,11.93 Macchine ed apparecchi elettrici,Totale,municipio di Tripoli,M,37
251,subclass,11.93 Macchine ed apparecchi elettrici,Totale,municipio di Tripoli,F,2
251,subclass,11.93 Macchine ed apparecchi elettrici,Totale,municipio di Bengasi,MF,8
251,subclass,11.93 Macchine ed apparecchi elettrici,Totale,municipio di Bengasi,M,8
251,subclass,11.93 Macchine ed apparecchi elettrici,Totale,municipio di Bengasi,F,0
252,subclass,11.93 Macchine ed apparecchi elettrici,di cui familiari coadiuvanti,Libia,MF,1
252,subclass,11.93 Macchine ed apparecchi elettrici,di cui familiari coadiuvanti,Libia,M,1
252,subclass,11.93 Macchine ed apparecchi elettrici,di cui familiari coadiuvanti,Libia,F,0
252,subclass,11.93 Macchine ed apparecchi elettrici,di cui familiari coadiuvanti,municipio di Tripoli,MF,1
252,subclass,11.93 Macchine ed apparecchi elettrici,di cui familiari coadiuvanti,municipio di Tripoli,M,1
252,subclass,11.93 Macchine ed apparecchi elettrici,di cui familiari coadiuvanti,municipio di Tripoli,F,0
252,subclass,11.93 Macchine ed apparecchi elettrici,di cui familiari coadiuvanti,municipio di Bengasi,MF,0
252,subclass,11.93 Macchine ed apparecchi elettrici,di cui familiari coadiuvanti,municipio di Bengasi,M,0
252,subclass,11.93 Macchine ed apparecchi elettrici,di cui familiari coadiuvanti,municipio di Bengasi,F,0
253,subclass,11.94 Strumenti ottici,A) Padroni,Libia,MF,1
253,subclass,11.94 Strumenti ottici,A) Padroni,Libia,M,1
253,subclass,11.94 Strumenti ottici,A) Padroni,Libia,F,0
253,subclass,11.94 Strumenti ottici,A) Padroni,municipio di Tripoli,MF,1
253,subclass,11.94 Strumenti ottici,A) Padroni,municipio di Tripoli,M,1
253,subclass,11.94 Strumenti ottici,A) Padroni,municipio di Tripoli,F,0
253,subclass,11.94 Strumenti ottici,A) Padroni,municipio di Bengasi,MF,0
253,subclass,11.94 Strumenti ottici,A) Padroni,municipio di Bengasi,M,0
253,subclass,11.94 Strumenti ottici,A) Padroni,municipio di Bengasi,F,0
254,subclass,11.94 Strumenti ottici,B) Artigiani con dipendenti,Libia,MF,2
254,subclass,11.94 Strumenti ottici,B) Artigiani con dipendenti,Libia,M,2
254,subclass,11.94 Strumenti ottici,B) Artigiani con dipendenti,Libia,F,0
254,subclass,11.94 Strumenti ottici,B) Artigiani con dipendenti,municipio di Tripoli,MF,1
254,subclass,11.94 Strumenti ottici,B) Artigiani con dipendenti,municipio di Tripoli,M,1
254,subclass,11.94 Strumenti ottici,B) Artigiani con dipendenti,municipio di Tripoli,F,0
254,subclass,11.94 Strumenti ottici,B) Artigiani con dipendenti,municipio di Bengasi,MF,1
254,subclass,11.94 Strumenti ottici,B) Artigiani con dipendenti,municipio di Bengasi,M,1
254,subclass,11.94 Strumenti ottici,B) Artigiani con dipendenti,municipio di Bengasi,F,0
255,subclass,11.94 Strumenti ottici,C) Artigiani senza dipendenti,Libia,MF,15
255,subclass,11.94 Strumenti ottici,C) Artigiani senza dipendenti,Libia,M,15
255,subclass,11.94 Strumenti ottici,C) Artigiani senza dipendenti,Libia,F,0
255,subclass,11.94 Strumenti ottici,C) Artigiani senza dipendenti,municipio di Tripoli,MF,7
255,subclass,11.94 Strumenti ottici,C) Artigiani senza dipendenti,municipio di Tripoli,M,7
255,subclass,11.94 Strumenti ottici,C) Artigiani senza dipendenti,municipio di Tripoli,F,0
255,subclass,11.94 Strumenti ottici,C) Artigiani senza dipendenti,municipio di Bengasi,MF,5
255,subclass,11.94 Strumenti ottici,C) Artigiani senza dipendenti,municipio di Bengasi,M,5
255,subclass,11.94 Strumenti ottici,C) Artigiani senza dipendenti,municipio di Bengasi,F,0
256,subclass,11.94 Strumenti ottici,H) Operai,Libia,MF,8
256,subclass,11.94 Strumenti ottici,H) Operai,Libia,M,8
256,subclass,11.94 Strumenti ottici,H) Operai,Libia,F,0
256,subclass,11.94 Strumenti ottici,H) Operai,municipio di Tripoli,MF,5
256,subclass,11.94 Strumenti ottici,H) Operai,municipio di Tripoli,M,5
256,subclass,11.94 Strumenti ottici,H) Operai,municipio di Tripoli,F,0
256,subclass,11.94 Strumenti ottici,H) Operai,municipio di Bengasi,MF,2
256,subclass,11.94 Strumenti ottici,H) Operai,municipio di Bengasi,M,2
256,subclass,11.94 Strumenti ottici,H) Operai,municipio di Bengasi,F,0
257,subclass,11.94 Strumenti ottici,Totale,Libia,MF,26
257,subclass,11.94 Strumenti ottici,Totale,Libia,M,26
257,subclass,11.94 Strumenti ottici,Totale,Libia,F,0
257,subclass,11.94 Strumenti ottici,Totale,municipio di Tripoli,MF,14
257,subclass,11.94 Strumenti ottici,Totale,municipio di Tripoli,M,14
257,subclass,11.94 Strumenti ottici,Totale,municipio di Tripoli,F,0
257,subclass,11.94 Strumenti ottici,Totale,municipio di Bengasi,MF,8
257,subclass,11.94 Strumenti ottici,Totale,municipio di Bengasi,M,8
257,subclass,11.94 Strumenti ottici,Totale,municipio di Bengasi,F,0
258,subclass,11.94 Strumenti ottici,di cui familiari coadiuvanti,Libia,MF,3
258,subclass,11.94 Strumenti ottici,di cui familiari coadiuvanti,Libia,M,3
258,subclass,11.94 Strumenti ottici,di cui familiari coadiuvanti,Libia,F,0
258,subclass,11.94 Strumenti ottici,di cui familiari coadiuvanti,municipio di Tripoli,MF,2
258,subclass,11.94 Strumenti ottici,di cui familiari coadiuvanti,municipio di Tripoli,M,2
258,subclass,11.94 Strumenti ottici,di cui familiari coadiuvanti,municipio di Tripoli,F,0
258,subclass,11.94 Strumenti ottici,di cui familiari coadiuvanti,municipio di Bengasi,MF,0
258,subclass,11.94 Strumenti ottici,di cui familiari coadiuvanti,municipio di Bengasi,M,0
258,subclass,11.94 Strumenti ottici,di cui familiari coadiuvanti,municipio di Bengasi,F,0
259,subclass,11.95 Impianti termici,A) Padroni,Libia,MF,12
259,subclass,11.95 Impianti termici,A) Padroni,Libia,M,12
259,subclass,11.95 Impianti termici,A) Padroni,Libia,F,0
259,subclass,11.95 Impianti termici,A) Padroni,municipio di Tripoli,MF,10
259,subclass,11.95 Impianti termici,A) Padroni,municipio di Tripoli,M,10
259,subclass,11.95 Impianti termici,A) Padroni,municipio di Tripoli,F,0
259,subclass,11.95 Impianti termici,A) Padroni,municipio di Bengasi,MF,2
259,subclass,11.95 Impianti termici,A) Padroni,municipio di Bengasi,M,2
259,subclass,11.95 Impianti termici,A) Padroni,municipio di Bengasi,F,0
260,subclass,11.95 Impianti termici,B) Artigiani con dipendenti,Libia,MF,4
260,subclass,11.95 Impianti termici,B) Artigiani con dipendenti,Libia,M,4
260,subclass,11.95 Impianti termici,B) Artigiani con dipendenti,Libia,F,0
260,subclass,11.95 Impianti termici,B) Artigiani con dipendenti,municipio di Tripoli,MF,4
260,subclass,11.95 Impianti termici,B) Artigiani con dipendenti,municipio di Tripoli,M,4
260,subclass,11.95 Impianti termici,B) Artigiani con dipendenti,municipio di Tripoli,F,0
260,subclass,11.95 Impianti termici,B) Artigiani con dipendenti,municipio di Bengasi,MF,0
260,subclass,11.95 Impianti termici,B) Artigiani con dipendenti,municipio di Bengasi,M,0
260,subclass,11.95 Impianti termici,B) Artigiani con dipendenti,municipio di Bengasi,F,0
261,subclass,11.95 Impianti termici,C) Artigiani senza dipendenti,Libia,MF,10
261,subclass,11.95 Impianti termici,C) Artigiani senza dipendenti,Libia,M,10
261,subclass,11.95 Impianti termici,C) Artigiani senza dipendenti,Libia,F,0
261,subclass,11.95 Impianti termici,C) Artigiani senza dipendenti,municipio di Tripoli,MF,1
261,subclass,11.95 Impianti termici,C) Artigiani senza dipendenti,municipio di Tripoli,M,1
261,subclass,11.95 Impianti termici,C) Artigiani senza dipendenti,municipio di Tripoli,F,0
261,subclass,11.95 Impianti termici,C) Artigiani senza dipendenti,municipio di Bengasi,MF,4
261,subclass,11.95 Impianti termici,C) Artigiani senza dipendenti,municipio di Bengasi,M,4
261,subclass,11.95 Impianti termici,C) Artigiani senza dipendenti,municipio di Bengasi,F,0
262,subclass,11.95 Impianti termici,E) Dirigenti,Libia,MF,2
262,subclass,11.95 Impianti termici,E) Dirigenti,Libia,M,2
262,subclass,11.95 Impianti termici,E) Dirigenti,Libia,F,0
262,subclass,11.95 Impianti termici,E) Dirigenti,municipio di Tripoli,MF,1
262,subclass,11.95 Impianti termici,E) Dirigenti,municipio di Tripoli,M,1
262,subclass,11.95 Impianti termici,E) Dirigenti,municipio di Tripoli,F,0
262,subclass,11.95 Impianti termici,E) Dirigenti,municipio di Bengasi,MF,1
262,subclass,11.95 Impianti termici,E) Dirigenti,municipio di Bengasi,M,1
262,subclass,11.95 Impianti termici,E) Dirigenti,municipio di Bengasi,F,0
263,subclass,11.95 Impianti termici,F) Impiegati,Libia,MF,6
263,subclass,11.95 Impianti termici,F) Impiegati,Libia,M,6
263,subclass,11.95 Impianti termici,F) Impiegati,Libia,F,0
263,subclass,11.95 Impianti termici,F) Impiegati,municipio di Tripoli,MF,4
263,subclass,11.95 Impianti termici,F) Impiegati,municipio di Tripoli,M,4
263,subclass,11.95 Impianti termici,F) Impiegati,municipio di Tripoli,F,0
263,subclass,11.95 Impianti termici,F) Impiegati,municipio di Bengasi,MF,1
263,subclass,11.95 Impianti termici,F) Impiegati,municipio di Bengasi,M,1
263,subclass,11.95 Impianti termici,F) Impiegati,municipio di Bengasi,F,0
264,subclass,11.95 Impianti termici,H) Operai,Libia,MF,42
264,subclass,11.95 Impianti termici,H) Operai,Libia,M,42
264,subclass,11.95 Impianti termici,H) Operai,Libia,F,0
264,subclass,11.95 Impianti termici,H) Operai,municipio di Tripoli,MF,29
264,subclass,11.95 Impianti termici,H) Operai,municipio di Tripoli,M,29
264,subclass,11.95 Impianti termici,H) Operai,municipio di Tripoli,F,0
264,subclass,11.95 Impianti termici,H) Operai,municipio di Bengasi,MF,7
264,subclass,11.95 Impianti termici,H) Operai,municipio di Bengasi,M,7
264,subclass,11.95 Impianti termici,H) Operai,municipio di Bengasi,F,0
265,subclass,11.95 Impianti termici,Totale,Libia,MF,76
265,subclass,11.95 Impianti termici,Totale,Libia,M,76
265,subclass,11.95 Impianti termici,Totale,Libia,F,0
265,subclass,11.95 Impianti termici,Totale,municipio di Tripoli,MF,49
265,subclass,11.95 Impianti termici,Totale,municipio di Tripoli,M,49
265,subclass,11.95 Impianti termici,Totale,municipio di Tripoli,F,0
265,subclass,11.95 Impianti termici,Totale,municipio di Bengasi,MF,15
265,subclass,11.95 Impianti termici,Totale,municipio di Bengasi,M,15
265,subclass,11.95 Impianti termici,Totale,municipio di Bengasi,F,0
266,subclass,11.95 Impianti termici,di cui familiari coadiuvanti,Libia,MF,5
266,subclass,11.95 Impianti termici,di cui familiari coadiuvanti,Libia,M,5
266,subclass,11.95 Impianti termici,di cui familiari coadiuvanti,Libia,F,0
266,subclass,11.95 Impianti termici,di cui familiari coadiuvanti,municipio di Tripoli,MF,3
266,subclass,11.95 Impianti termici,di cui familiari coadiuvanti,municipio di Tripoli,M,3
266,subclass,11.95 Impianti termici,di cui familiari coadiuvanti,municipio di Tripoli,F,0
266,subclass,11.95 Impianti termici,di cui familiari coadiuvanti,municipio di Bengasi,MF,1
266,subclass,11.95 Impianti termici,di cui familiari coadiuvanti,municipio di Bengasi,M,1
266,subclass,11.95 Impianti termici,di cui familiari coadiuvanti,municipio di Bengasi,F,0
267,class,12. Industrie che lavorano i minerali non metallici,A) Padroni,Libia,MF,34
267,class,12. Industrie che lavorano i minerali non metallici,A) Padroni,Libia,M,34
267,class,12. Industrie che lavorano i minerali non metallici,A) Padroni,Libia,F,0
267,class,12. Industrie che lavorano i minerali non metallici,A) Padroni,municipio di Tripoli,MF,21
267,class,12. Industrie che lavorano i minerali non metallici,A) Padroni,municipio di Tripoli,M,21
267,class,12. Industrie che lavorano i minerali non metallici,A) Padroni,municipio di Tripoli,F,0
267,class,12. Industrie che lavorano i minerali non metallici,A) Padroni,municipio di Bengasi,MF,10
267,class,12. Industrie che lavorano i minerali non metallici,A) Padroni,municipio di Bengasi,M,10
267,class,12. Industrie che lavorano i minerali non metallici,A) Padroni,municipio di Bengasi,F,0
268,class,12. Industrie che lavorano i minerali non metallici,B) Artigiani con dipendenti,Libia,MF,4
268,class,12. Industrie che lavorano i minerali non metallici,B) Artigiani con dipendenti,Libia,M,4
268,class,12. Industrie che lavorano i minerali non metallici,B) Artigiani con dipendenti,Libia,F,0
268,class,12. Industrie che lavorano i minerali non metallici,B) Artigiani con dipendenti,municipio di Tripoli,MF,2
268,class,12. Industrie che lavorano i minerali non metallici,B) Artigiani con dipendenti,municipio di Tripoli,M,2
268,class,12. Industrie che lavorano i minerali non metallici,B) Artigiani con dipendenti,municipio di Tripoli,F,0
268,class,12. Industrie che lavorano i minerali non metallici,B) Artigiani con dipendenti,municipio di Bengasi,MF,0
268,class,12. Industrie che lavorano i minerali non metallici,B) Artigiani con dipendenti,municipio di Bengasi,M,0
268,class,12. Industrie che lavorano i minerali non metallici,B) Artigiani con dipendenti,municipio di Bengasi,F,0
269,class,12. Industrie che lavorano i minerali non metallici,C) Artigiani senza dipendenti,Libia,MF,4
269,class,12. Industrie che lavorano i minerali non metallici,C) Artigiani senza dipendenti,Libia,M,4
269,class,12. Industrie che lavorano i minerali non metallici,C) Artigiani senza dipendenti,Libia,F,0
269,class,12. Industrie che lavorano i minerali non metallici,C) Artigiani senza dipendenti,municipio di Tripoli,MF,2
269,class,12. Industrie che lavorano i minerali non metallici,C) Artigiani senza dipendenti,municipio di Tripoli,M,2
269,class,12. Industrie che lavorano i minerali non metallici,C) Artigiani senza dipendenti,municipio di Tripoli,F,0
269,class,12. Industrie che lavorano i minerali non metallici,C) Artigiani senza dipendenti,municipio di Bengasi,MF,2
269,class,12. Industrie che lavorano i minerali non metallici,C) Artigiani senza dipendenti,municipio di Bengasi,M,2
269,class,12. Industrie che lavorano i minerali non metallici,C) Artigiani senza dipendenti,municipio di Bengasi,F,0
270,class,12. Industrie che lavorano i minerali non metallici,E) Dirigenti,Libia,MF,4
270,class,12. Industrie che lavorano i minerali non metallici,E) Dirigenti,Libia,M,4
270,class,12. Industrie che lavorano i minerali non metallici,E) Dirigenti,Libia,F,0
270,class,12. Industrie che lavorano i minerali non metallici,E) Dirigenti,municipio di Tripoli,MF,3
270,class,12. Industrie che lavorano i minerali non metallici,E) Dirigenti,municipio di Tripoli,M,3
270,class,12. Industrie che lavorano i minerali non metallici,E) Dirigenti,municipio di Tripoli,F,0
270,class,12. Industrie che lavorano i minerali non metallici,E) Dirigenti,municipio di Bengasi,MF,1
270,class,12. Industrie che lavorano i minerali non metallici,E) Dirigenti,municipio di Bengasi,M,1
270,class,12. Industrie che lavorano i minerali non metallici,E) Dirigenti,municipio di Bengasi,F,0
271,class,12. Industrie che lavorano i minerali non metallici,F) Impiegati,Libia,MF,10
271,class,12. Industrie che lavorano i minerali non metallici,F) Impiegati,Libia,M,10
271,class,12. Industrie che lavorano i minerali non metallici,F) Impiegati,Libia,F,0
271,class,12. Industrie che lavorano i minerali non metallici,F) Impiegati,municipio di Tripoli,MF,5
271,class,12. Industrie che lavorano i minerali non metallici,F) Impiegati,municipio di Tripoli,M,5
271,class,12. Industrie che lavorano i minerali non metallici,F) Impiegati,municipio di Tripoli,F,0
271,class,12. Industrie che lavorano i minerali non metallici,F) Impiegati,municipio di Bengasi,MF,4
271,class,12. Industrie che lavorano i minerali non metallici,F) Impiegati,municipio di Bengasi,M,4
271,class,12. Industrie che lavorano i minerali non metallici,F) Impiegati,municipio di Bengasi,F,0
272,class,12. Industrie che lavorano i minerali non metallici,G) Personale di servizio e di fatica,Libia,MF,3
272,class,12. Industrie che lavorano i minerali non metallici,G) Personale di servizio e di fatica,Libia,M,3
272,class,12. Industrie che lavorano i minerali non metallici,G) Personale di servizio e di fatica,Libia,F,0
272,class,12. Industrie che lavorano i minerali non metallici,G) Personale di servizio e di fatica,municipio di Tripoli,MF,1
272,class,12. Industrie che lavorano i minerali non metallici,G) Personale di servizio e di fatica,municipio di Tripoli,M,1
272,class,12. Industrie che lavorano i minerali non metallici,G) Personale di servizio e di fatica,municipio di Tripoli,F,0
272,class,12. Industrie che lavorano i minerali non metallici,G) Personale di servizio e di fatica,municipio di Bengasi,MF,2
272,class,12. Industrie che lavorano i minerali non metallici,G) Personale di servizio e di fatica,municipio di Bengasi,M,2
272,class,12. Industrie che lavorano i minerali non metallici,G) Personale di servizio e di fatica,municipio di Bengasi,F,0
273,class,12. Industrie che lavorano i minerali non metallici,H) Operai,Libia,MF,92
273,class,12. Industrie che lavorano i minerali non metallici,H) Operai,Libia,M,92
273,class,12. Industrie che lavorano i minerali non metallici,H) Operai,Libia,F,0
273,class,12. Industrie che lavorano i minerali non metallici,H) Operai,municipio di Tripoli,MF,73
273,class,12. Industrie che lavorano i minerali non metallici,H) Operai,municipio di Tripoli,M,73
273,class,12. Industrie che lavorano i minerali non metallici,H) Operai,municipio di Tripoli,F,0
273,class,12. Industrie che lavorano i minerali non metallici,H) Operai,municipio di Bengasi,MF,16
273,class,12. Industrie che lavorano i minerali non metallici,H) Operai,municipio di Bengasi,M,16
273,class,12. Industrie che lavorano i minerali non metallici,H) Operai,municipio di Bengasi,F,0
274,class,12. Industrie che lavorano i minerali non metallici,Totale,Libia,MF,151
274,class,12. Industrie che lavorano i minerali non metallici,Totale,Libia,M,151
274,class,12. Industrie che lavorano i minerali non metallici,Totale,Libia,F,0
274,class,12. Industrie che lavorano i minerali non metallici,Totale,municipio di Tripoli,MF,107
274,class,12. Industrie che lavorano i minerali non metallici,Totale,municipio di Tripoli,M,107
274,class,12. Industrie che lavorano i minerali non metallici,Totale,municipio di Tripoli,F,0
274,class,12. Industrie che lavorano i minerali non metallici,Totale,municipio di Bengasi,MF,35
274,class,12. Industrie che lavorano i minerali non metallici,Totale,municipio di Bengasi,M,35
274,class,12. Industrie che lavorano i minerali non metallici,Totale,municipio di Bengasi,F,0
275,class,12. Industrie che lavorano i minerali non metallici,di cui familiari coadiuvanti,Libia,MF,6
275,class,12. Industrie che lavorano i minerali non metallici,di cui familiari coadiuvanti,Libia,M,6
275,class,12. Industrie che lavorano i minerali non metallici,di cui familiari coadiuvanti,Libia,F,0
275,class,12. Industrie che lavorano i minerali non metallici,di cui familiari coadiuvanti,municipio di Tripoli,MF,6
275,class,12. Industrie che lavorano i minerali non metallici,di cui familiari coadiuvanti,municipio di Tripoli,M,6
275,class,12. Industrie che lavorano i minerali non metallici,di cui familiari coadiuvanti,municipio di Tripoli,F,0
275,class,12. Industrie che lavorano i minerali non metallici,di cui familiari coadiuvanti,municipio di Bengasi,MF,0
275,class,12. Industrie che lavorano i minerali non metallici,di cui familiari coadiuvanti,municipio di Bengasi,M,0
275,class,12. Industrie che lavorano i minerali non metallici,di cui familiari coadiuvanti,municipio di Bengasi,F,0
276,subclass,12.102 Cantieri da scalpellino,A) Padroni,Libia,MF,2
276,subclass,12.102 Cantieri da scalpellino,A) Padroni,Libia,M,2
276,subclass,12.102 Cantieri da scalpellino,A) Padroni,Libia,F,0
276,subclass,12.102 Cantieri da scalpellino,A) Padroni,municipio di Tripoli,MF,1
276,subclass,12.102 Cantieri da scalpellino,A) Padroni,municipio di Tripoli,M,1
276,subclass,12.102 Cantieri da scalpellino,A) Padroni,municipio di Tripoli,F,0
276,subclass,12.102 Cantieri da scalpellino,A) Padroni,municipio di Bengasi,MF,1
276,subclass,12.102 Cantieri da scalpellino,A) Padroni,municipio di Bengasi,M,1
276,subclass,12.102 Cantieri da scalpellino,A) Padroni,municipio di Bengasi,F,0
277,subclass,12.102 Cantieri da scalpellino,B) Artigiani con dipendenti,Libia,MF,3
277,subclass,12.102 Cantieri da scalpellino,B) Artigiani con dipendenti,Libia,M,3
277,subclass,12.102 Cantieri da scalpellino,B) Artigiani con dipendenti,Libia,F,0
277,subclass,12.102 Cantieri da scalpellino,B) Artigiani con dipendenti,municipio di Tripoli,MF,2
277,subclass,12.102 Cantieri da scalpellino,B) Artigiani con dipendenti,municipio di Tripoli,M,2
277,subclass,12.102 Cantieri da scalpellino,B) Artigiani con dipendenti,municipio di Tripoli,F,0
277,subclass,12.102 Cantieri da scalpellino,B) Artigiani con dipendenti,municipio di Bengasi,MF,0
277,subclass,12.102 Cantieri da scalpellino,B) Artigiani con dipendenti,municipio di Bengasi,M,0
277,subclass,12.102 Cantieri da scalpellino,B) Artigiani con dipendenti,municipio di Bengasi,F,0
278,subclass,12.102 Cantieri da scalpellino,C) Artigiani senza dipendenti,Libia,MF,3
278,subclass,12.102 Cantieri da scalpellino,C) Artigiani senza dipendenti,Libia,M,3
278,subclass,12.102 Cantieri da scalpellino,C) Artigiani senza dipendenti,Libia,F,0
278,subclass,12.102 Cantieri da scalpellino,C) Artigiani senza dipendenti,municipio di Tripoli,MF,2
278,subclass,12.102 Cantieri da scalpellino,C) Artigiani senza dipendenti,municipio di Tripoli,M,2
278,subclass,12.102 Cantieri da scalpellino,C) Artigiani senza dipendenti,municipio di Tripoli,F,0
278,subclass,12.102 Cantieri da scalpellino,C) Artigiani senza dipendenti,municipio di Bengasi,MF,1
278,subclass,12.102 Cantieri da scalpellino,C) Artigiani senza dipendenti,municipio di Bengasi,M,1
278,subclass,12.102 Cantieri da scalpellino,C) Artigiani senza dipendenti,municipio di Bengasi,F,0
279,subclass,12.102 Cantieri da scalpellino,E) Dirigenti,Libia,MF,2
279,subclass,12.102 Cantieri da scalpellino,E) Dirigenti,Libia,M,2
279,subclass,12.102 Cantieri da scalpellino,E) Dirigenti,Libia,F,0
279,subclass,12.102 Cantieri da scalpellino,E) Dirigenti,municipio di Tripoli,MF,1
279,subclass,12.102 Cantieri da scalpellino,E) Dirigenti,municipio di Tripoli,M,1
279,subclass,12.102 Cantieri da scalpellino,E) Dirigenti,municipio di Tripoli,F,0
279,subclass,12.102 Cantieri da scalpellino,E) Dirigenti,municipio di Bengasi,MF,1
279,subclass,12.102 Cantieri da scalpellino,E) Dirigenti,municipio di Bengasi,M,1
279,subclass,12.102 Cantieri da scalpellino,E) Dirigenti,municipio di Bengasi,F,0
280,subclass,12.102 Cantieri da scalpellino,H) Operai,Libia,MF,48
280,subclass,12.102 Cantieri da scalpellino,H) Operai,Libia,M,48
280,subclass,12.102 Cantieri da scalpellino,H) Operai,Libia,F,0
280,subclass,12.102 Cantieri da scalpellino,H) Operai,municipio di Tripoli,MF,40
280,subclass,12.102 Cantieri da scalpellino,H) Operai,municipio di Tripoli,M,40
280,subclass,12.102 Cantieri da scalpellino,H) Operai,municipio di Tripoli,F,0
280,subclass,12.102 Cantieri da scalpellino,H) Operai,municipio di Bengasi,MF,6
280,subclass,12.102 Cantieri da scalpellino,H) Operai,municipio di Bengasi,M,6
280,subclass,12.102 Cantieri da scalpellino,H) Operai,municipio di Bengasi,F,0
281,subclass,12.102 Cantieri da scalpellino,Totale,Libia,MF,58
281,subclass,12.102 Cantieri da scalpellino,Totale,Libia,M,58
281,subclass,12.102 Cantieri da scalpellino,Totale,Libia,F,0
281,subclass,12.102 Cantieri da scalpellino,Totale,municipio di Tripoli,MF,46
281,subclass,12.102 Cantieri da scalpellino,Totale,municipio di Tripoli,M,46
281,subclass,12.102 Cantieri da scalpellino,Totale,municipio di Tripoli,F,0
281,subclass,12.102 Cantieri da scalpellino,Totale,municipio di Bengasi,MF,9
281,subclass,12.102 Cantieri da scalpellino,Totale,municipio di Bengasi,M,9
281,subclass,12.102 Cantieri da scalpellino,Totale,municipio di Bengasi,F,0
282,subclass,12.102 Cantieri da scalpellino,di cui familiari coadiuvanti,Libia,MF,1
282,subclass,12.102 Cantieri da scalpellino,di cui familiari coadiuvanti,Libia,M,1
282,subclass,12.102 Cantieri da scalpellino,di cui familiari coadiuvanti,Libia,F,0
282,subclass,12.102 Cantieri da scalpellino,di cui familiari coadiuvanti,municipio di Tripoli,MF,1
282,subclass,12.102 Cantieri da scalpellino,di cui familiari coadiuvanti,municipio di Tripoli,M,1
282,subclass,12.102 Cantieri da scalpellino,di cui familiari coadiuvanti,municipio di Tripoli,F,0
282,subclass,12.102 Cantieri da scalpellino,di cui familiari coadiuvanti,municipio di Bengasi,MF,0
282,subclass,12.102 Cantieri da scalpellino,di cui familiari coadiuvanti,municipio di Bengasi,M,0
282,subclass,12.102 Cantieri da scalpellino,di cui familiari coadiuvanti,municipio di Bengasi,F,0
283,subclass,12.106 Fornaci da laterizi,A) Padroni,Libia,MF,8
283,subclass,12.106 Fornaci da laterizi,A) Padroni,Libia,M,8
283,subclass,12.106 Fornaci da laterizi,A) Padroni,Libia,F,0
283,subclass,12.106 Fornaci da laterizi,A) Padroni,municipio di Tripoli,MF,6
283,subclass,12.106 Fornaci da laterizi,A) Padroni,municipio di Tripoli,M,6
283,subclass,12.106 Fornaci da laterizi,A) Padroni,municipio di Tripoli,F,0
283,subclass,12.106 Fornaci da laterizi,A) Padroni,municipio di Bengasi,MF,0
283,subclass,12.106 Fornaci da laterizi,A) Padroni,municipio di Bengasi,M,0
283,subclass,12.106 Fornaci da laterizi,A) Padroni,municipio di Bengasi,F,0
284,subclass,12.106 Fornaci da laterizi,E) Dirigenti,Libia,MF,1
284,subclass,12.106 Fornaci da laterizi,E) Dirigenti,Libia,M,1
284,subclass,12.106 Fornaci da laterizi,E) Dirigenti,Libia,F,0
284,subclass,12.106 Fornaci da laterizi,E) Dirigenti,municipio di Tripoli,MF,1
284,subclass,12.106 Fornaci da laterizi,E) Dirigenti,municipio di Tripoli,M,1
284,subclass,12.106 Fornaci da laterizi,E) Dirigenti,municipio di Tripoli,F,0
284,subclass,12.106 Fornaci da laterizi,E) Dirigenti,municipio di Bengasi,MF,0
284,subclass,12.106 Fornaci da laterizi,E) Dirigenti,municipio di Bengasi,M,0
284,subclass,12.106 Fornaci da laterizi,E) Dirigenti,municipio di Bengasi,F,0
285,subclass,12.106 Fornaci da laterizi,F) Impiegati,Libia,MF,7
285,subclass,12.106 Fornaci da laterizi,F) Impiegati,Libia,M,7
285,subclass,12.106 Fornaci da laterizi,F) Impiegati,Libia,F,0
285,subclass,12.106 Fornaci da laterizi,F) Impiegati,municipio di Tripoli,MF,2
285,subclass,12.106 Fornaci da laterizi,F) Impiegati,municipio di Tripoli,M,2
285,subclass,12.106 Fornaci da laterizi,F) Impiegati,municipio di Tripoli,F,0
285,subclass,12.106 Fornaci da laterizi,F) Impiegati,municipio di Bengasi,MF,4
285,subclass,12.106 Fornaci da laterizi,F) Impiegati,municipio di Bengasi,M,4
285,subclass,12.106 Fornaci da laterizi,F) Impiegati,municipio di Bengasi,F,0
286,subclass,12.106 Fornaci da laterizi,G) Personale di servizio e di fatica,Libia,MF,2
286,subclass,12.106 Fornaci da laterizi,G) Personale di servizio e di fatica,Libia,M,2
286,subclass,12.106 Fornaci da laterizi,G) Personale di servizio e di fatica,Libia,F,0
286,subclass,12.106 Fornaci da laterizi,G) Personale di servizio e di fatica,municipio di Tripoli,MF,1
286,subclass,12.106 Fornaci da laterizi,G) Personale di servizio e di fatica,municipio di Tripoli,M,1
286,subclass,12.106 Fornaci da laterizi,G) Personale di servizio e di fatica,municipio di Tripoli,F,0
286,subclass,12.106 Fornaci da laterizi,G) Personale di servizio e di fatica,municipio di Bengasi,MF,1
286,subclass,12.106 Fornaci da laterizi,G) Personale di servizio e di fatica,municipio di Bengasi,M,1
286,subclass,12.106 Fornaci da laterizi,G) Personale di servizio e di fatica,municipio di Bengasi,F,0
287,subclass,12.106 Fornaci da laterizi,H) Operai,Libia,MF,23
287,subclass,12.106 Fornaci da laterizi,H) Operai,Libia,M,23
287,subclass,12.106 Fornaci da laterizi,H) Operai,Libia,F,0
287,subclass,12.106 Fornaci da laterizi,H) Operai,municipio di Tripoli,MF,16
287,subclass,12.106 Fornaci da laterizi,H) Operai,municipio di Tripoli,M,16
287,subclass,12.106 Fornaci da laterizi,H) Operai,municipio di Tripoli,F,0
287,subclass,12.106 Fornaci da laterizi,H) Operai,municipio di Bengasi,MF,7
287,subclass,12.106 Fornaci da laterizi,H) Operai,municipio di Bengasi,M,7
287,subclass,12.106 Fornaci da laterizi,H) Operai,municipio di Bengasi,F,0
288,subclass,12.106 Fornaci da laterizi,Totale,Libia,MF,41
288,subclass,12.106 Fornaci da laterizi,Totale,Libia,M,41
288,subclass,12.106 Fornaci da laterizi,Totale,Libia,F,0
288,subclass,12.106 Fornaci da laterizi,Totale,municipio di Tripoli,MF,26
288,subclass,12.106 Fornaci da laterizi,Totale,municipio di Tripoli,M,26
288,subclass,12.106 Fornaci da laterizi,Totale,municipio di Tripoli,F,0
288,subclass,12.106 Fornaci da laterizi,Totale,municipio di Bengasi,MF,12
288,subclass,12.106 Fornaci da laterizi,Totale,municipio di Bengasi,M,12
288,subclass,12.106 Fornaci da laterizi,Totale,municipio di Bengasi,F,0
289,class,13. Industrie edilizie,A) Padroni,Libia,MF,265
289,class,13. Industrie edilizie,A) Padroni,Libia,M,265
289,class,13. Industrie edilizie,A) Padroni,Libia,F,0
289,class,13. Industrie edilizie,A) Padroni,municipio di Tripoli,MF,156
289,class,13. Industrie edilizie,A) Padroni,municipio di Tripoli,M,156
289,class,13. Industrie edilizie,A) Padroni,municipio di Tripoli,F,0
289,class,13. Industrie edilizie,A) Padroni,municipio di Bengasi,MF,52
289,class,13. Industrie edilizie,A) Padroni,municipio di Bengasi,M,52
289,class,13. Industrie edilizie,A) Padroni,municipio di Bengasi,F,0
290,class,13. Industrie edilizie,B) Artigiani con dipendenti,Libia,MF,13
290,class,13. Industrie edilizie,B) Artigiani con dipendenti,Libia,M,12
290,class,13. Industrie edilizie,B) Artigiani con dipendenti,Libia,F,1
290,class,13. Industrie edilizie,B) Artigiani con dipendenti,municipio di Tripoli,MF,7
290,class,13. Industrie edilizie,B) Artigiani con dipendenti,municipio di Tripoli,M,6
290,class,13. Industrie edilizie,B) Artigiani con dipendenti,municipio di Tripoli,F,1
290,class,13. Industrie edilizie,B) Artigiani con dipendenti,municipio di Bengasi,MF,2
290,class,13. Industrie edilizie,B) Artigiani con dipendenti,municipio di Bengasi,M,2
290,class,13. Industrie edilizie,B) Artigiani con dipendenti,municipio di Bengasi,F,0
291,class,13. Industrie edilizie,C) Artigiani senza dipendenti,Libia,MF,39
291,class,13. Industrie edilizie,C) Artigiani senza dipendenti,Libia,M,39
291,class,13. Industrie edilizie,C) Artigiani senza dipendenti,Libia,F,0
291,class,13. Industrie edilizie,C) Artigiani senza dipendenti,municipio di Tripoli,MF,28
291,class,13. Industrie edilizie,C) Artigiani senza dipendenti,municipio di Tripoli,M,28
291,class,13. Industrie edilizie,C) Artigiani senza dipendenti,municipio di Tripoli,F,0
291,class,13. Industrie edilizie,C) Artigiani senza dipendenti,municipio di Bengasi,MF,3
291,class,13. Industrie edilizie,C) Artigiani senza dipendenti,municipio di Bengasi,M,3
291,class,13. Industrie edilizie,C) Artigiani senza dipendenti,municipio di Bengasi,F,0
292,class,13. Industrie edilizie,E) Dirigenti,Libia,MF,12
292,class,13. Industrie edilizie,E) Dirigenti,Libia,M,12
292,class,13. Industrie edilizie,E) Dirigenti,Libia,F,0
292,class,13. Industrie edilizie,E) Dirigenti,municipio di Tripoli,MF,6
292,class,13. Industrie edilizie,E) Dirigenti,municipio di Tripoli,M,6
292,class,13. Industrie edilizie,E) Dirigenti,municipio di Tripoli,F,0
292,class,13. Industrie edilizie,E) Dirigenti,municipio di Bengasi,MF,3
292,class,13. Industrie edilizie,E) Dirigenti,municipio di Bengasi,M,3
292,class,13. Industrie edilizie,E) Dirigenti,municipio di Bengasi,F,0
293,class,13. Industrie edilizie,F) Impiegati,Libia,MF,255
293,class,13. Industrie edilizie,F) Impiegati,Libia,M,249
293,class,13. Industrie edilizie,F) Impiegati,Libia,F,6
293,class,13. Industrie edilizie,F) Impiegati,municipio di Tripoli,MF,89
293,class,13. Industrie edilizie,F) Impiegati,municipio di Tripoli,M,86
293,class,13. Industrie edilizie,F) Impiegati,municipio di Tripoli,F,3
293,class,13. Industrie edilizie,F) Impiegati,municipio di Bengasi,MF,53
293,class,13. Industrie edilizie,F) Impiegati,municipio di Bengasi,M,50
293,class,13. Industrie edilizie,F) Impiegati,municipio di Bengasi,F,3
294,class,13. Industrie edilizie,G) Personale di servizio e di fatica,Libia,MF,5
294,class,13. Industrie edilizie,G) Personale di servizio e di fatica,Libia,M,4
294,class,13. Industrie edilizie,G) Personale di servizio e di fatica,Libia,F,1
294,class,13. Industrie edilizie,G) Personale di servizio e di fatica,municipio di Tripoli,MF,1
294,class,13. Industrie edilizie,G) Personale di servizio e di fatica,municipio di Tripoli,M,0
294,class,13. Industrie edilizie,G) Personale di servizio e di fatica,municipio di Tripoli,F,1
294,class,13. Industrie edilizie,G) Personale di servizio e di fatica,municipio di Bengasi,MF,4
294,class,13. Industrie edilizie,G) Personale di servizio e di fatica,municipio di Bengasi,M,4
294,class,13. Industrie edilizie,G) Personale di servizio e di fatica,municipio di Bengasi,F,0
295,class,13. Industrie edilizie,H) Operai,Libia,MF,2579
295,class,13. Industrie edilizie,H) Operai,Libia,M,2570
295,class,13. Industrie edilizie,H) Operai,Libia,F,9
295,class,13. Industrie edilizie,H) Operai,municipio di Tripoli,MF,1147
295,class,13. Industrie edilizie,H) Operai,municipio di Tripoli,M,1140
295,class,13. Industrie edilizie,H) Operai,municipio di Tripoli,F,7
295,class,13. Industrie edilizie,H) Operai,municipio di Bengasi,MF,648
295,class,13. Industrie edilizie,H) Operai,municipio di Bengasi,M,648
295,class,13. Industrie edilizie,H) Operai,municipio di Bengasi,F,0
296,class,13. Industrie edilizie,Totale,Libia,MF,3168
296,class,13. Industrie edilizie,Totale,Libia,M,3151
296,class,13. Industrie edilizie,Totale,Libia,F,17
296,class,13. Industrie edilizie,Totale,municipio di Tripoli,MF,1434
296,class,13. Industrie edilizie,Totale,municipio di Tripoli,M,1422
296,class,13. Industrie edilizie,Totale,municipio di Tripoli,F,12
296,class,13. Industrie edilizie,Totale,municipio di Bengasi,MF,765
296,class,13. Industrie edilizie,Totale,municipio di Bengasi,M,762
296,class,13. Industrie edilizie,Totale,municipio di Bengasi,F,3
297,class,13. Industrie edilizie,di cui familiari coadiuvanti,Libia,MF,32
297,class,13. Industrie edilizie,di cui familiari coadiuvanti,Libia,M,31
297,class,13. Industrie edilizie,di cui familiari coadiuvanti,Libia,F,1
297,class,13. Industrie edilizie,di cui familiari coadiuvanti,municipio di Tripoli,MF,19
297,class,13. Industrie edilizie,di cui familiari coadiuvanti,municipio di Tripoli,M,18
297,class,13. Industrie edilizie,di cui familiari coadiuvanti,municipio di Tripoli,F,1
297,class,13. Industrie edilizie,di cui familiari coadiuvanti,municipio di Bengasi,MF,4
297,class,13. Industrie edilizie,di cui familiari coadiuvanti,municipio di Bengasi,M,4
297,class,13. Industrie edilizie,di cui familiari coadiuvanti,municipio di Bengasi,F,0
298,class,14. Industrie tessili,A) Padroni,Libia,MF,9
298,class,14. Industrie tessili,A) Padroni,Libia,M,9
298,class,14. Industrie tessili,A) Padroni,Libia,F,0
298,class,14. Industrie tessili,A) Padroni,municipio di Tripoli,MF,4
298,class,14. Industrie tessili,A) Padroni,municipio di Tripoli,M,4
298,class,14. Industrie tessili,A) Padroni,municipio di Tripoli,F,0
298,class,14. Industrie tessili,A) Padroni,municipio di Bengasi,MF,5
298,class,14. Industrie tessili,A) Padroni,municipio di Bengasi,M,5
298,class,14. Industrie tessili,A) Padroni,municipio di Bengasi,F,0
299,class,14. Industrie tessili,C) Artigiani senza dipendenti,Libia,MF,11
299,class,14. Industrie tessili,C) Artigiani senza dipendenti,Libia,M,2
299,class,14. Industrie tessili,C) Artigiani senza dipendenti,Libia,F,9
299,class,14. Industrie tessili,C) Artigiani senza dipendenti,municipio di Tripoli,MF,7
299,class,14. Industrie tessili,C) Artigiani senza dipendenti,municipio di Tripoli,M,2
299,class,14. Industrie tessili,C) Artigiani senza dipendenti,municipio di Tripoli,F,5
299,class,14. Industrie tessili,C) Artigiani senza dipendenti,municipio di Bengasi,MF,2
299,class,14. Industrie tessili,C) Artigiani senza dipendenti,municipio di Bengasi,M,0
299,class,14. Industrie tessili,C) Artigiani senza dipendenti,municipio di Bengasi,F,2
300,class,14. Industrie tessili,E) Dirigenti,Libia,MF,1
300,class,14. Industrie tessili,E) Dirigenti,Libia,M,1
300,class,14. Industrie tessili,E) Dirigenti,Libia,F,0
300,class,14. Industrie tessili,E) Dirigenti,municipio di Tripoli,MF,0
300,class,14. Industrie tessili,E) Dirigenti,municipio di Tripoli,M,0
300,class,14. Industrie tessili,E) Dirigenti,municipio di Tripoli,F,0
300,class,14. Industrie tessili,E) Dirigenti,municipio di Bengasi,MF,0
300,class,14. Industrie tessili,E) Dirigenti,municipio di Bengasi,M,0
300,class,14. Industrie tessili,E) Dirigenti,municipio di Bengasi,F,0
301,class,14. Industrie tessili,F) Impiegati,Libia,MF,4
301,class,14. Industrie tessili,F) Impiegati,Libia,M,4
301,class,14. Industrie tessili,F) Impiegati,Libia,F,0
301,class,14. Industrie tessili,F) Impiegati,municipio di Tripoli,MF,0
301,class,14. Industrie tessili,F) Impiegati,municipio di Tripoli,M,0
301,class,14. Industrie tessili,F) Impiegati,municipio di Tripoli,F,0
301,class,14. Industrie tessili,F) Impiegati,municipio di Bengasi,MF,2
301,class,14. Industrie tessili,F) Impiegati,municipio di Bengasi,M,2
301,class,14. Industrie tessili,F) Impiegati,municipio di Bengasi,F,0
302,class,14. Industrie tessili,H) Operai,Libia,MF,44
302,class,14. Industrie tessili,H) Operai,Libia,M,4
302,class,14. Industrie tessili,H) Operai,Libia,F,40
302,class,14. Industrie tessili,H) Operai,municipio di Tripoli,MF,4
302,class,14. Industrie tessili,H) Operai,municipio di Tripoli,M,1
302,class,14. Industrie tessili,H) Operai,municipio di Tripoli,F,3
302,class,14. Industrie tessili,H) Operai,municipio di Bengasi,MF,40
302,class,14. Industrie tessili,H) Operai,municipio di Bengasi,M,3
302,class,14. Industrie tessili,H) Operai,municipio di Bengasi,F,37
303,class,14. Industrie tessili,I) Lavoranti a domicilio,Libia,MF,8
303,class,14. Industrie tessili,I) Lavoranti a domicilio,Libia,M,0
303,class,14. Industrie tessili,I) Lavoranti a domicilio,Libia,F,8
303,class,14. Industrie tessili,I) Lavoranti a domicilio,municipio di Tripoli,MF,3
303,class,14. Industrie tessili,I) Lavoranti a domicilio,municipio di Tripoli,M,0
303,class,14. Industrie tessili,I) Lavoranti a domicilio,municipio di Tripoli,F,3
303,class,14. Industrie tessili,I) Lavoranti a domicilio,municipio di Bengasi,MF,5
303,class,14. Industrie tessili,I) Lavoranti a domicilio,municipio di Bengasi,M,0
303,class,14. Industrie tessili,I) Lavoranti a domicilio,municipio di Bengasi,F,5
304,class,14. Industrie tessili,Totale,Libia,MF,77
304,class,14. Industrie tessili,Totale,Libia,M,20
304,class,14. Industrie tessili,Totale,Libia,F,57
304,class,14. Industrie tessili,Totale,municipio di Tripoli,MF,18
304,class,14. Industrie tessili,Totale,municipio di Tripoli,M,7
304,class,14. Industrie tessili,Totale,municipio di Tripoli,F,11
304,class,14. Industrie tessili,Totale,municipio di Bengasi,MF,54
304,class,14. Industrie tessili,Totale,municipio di Bengasi,M,10
304,class,14. Industrie tessili,Totale,municipio di Bengasi,F,44
305,class,14. Industrie tessili,di cui familiari coadiuvanti,Libia,MF,6
305,class,14. Industrie tessili,di cui familiari coadiuvanti,Libia,M,4
305,class,14. Industrie tessili,di cui familiari coadiuvanti,Libia,F,2
305,class,14. Industrie tessili,di cui familiari coadiuvanti,municipio di Tripoli,MF,4
305,class,14. Industrie tessili,di cui familiari coadiuvanti,municipio di Tripoli,M,2
305,class,14. Industrie tessili,di cui familiari coadiuvanti,municipio di Tripoli,F,2
305,class,14. Industrie tessili,di cui familiari coadiuvanti,municipio di Bengasi,MF,2
305,class,14. Industrie tessili,di cui familiari coadiuvanti,municipio di Bengasi,M,2
305,class,14. Industrie tessili,di cui familiari coadiuvanti,municipio di Bengasi,F,0
306,subclass,14.116 Tessitura di seta,A) Padroni,Libia,MF,1
306,subclass,14.116 Tessitura di seta,A) Padroni,Libia,M,1
306,subclass,14.116 Tessitura di seta,A) Padroni,Libia,F,0
306,subclass,14.116 Tessitura di seta,A) Padroni,municipio di Tripoli,MF,0
306,subclass,14.116 Tessitura di seta,A) Padroni,municipio di Tripoli,M,0
306,subclass,14.116 Tessitura di seta,A) Padroni,municipio di Tripoli,F,0
306,subclass,14.116 Tessitura di seta,A) Padroni,municipio di Bengasi,MF,1
306,subclass,14.116 Tessitura di seta,A) Padroni,municipio di Bengasi,M,1
306,subclass,14.116 Tessitura di seta,A) Padroni,municipio di Bengasi,F,0
307,subclass,14.116 Tessitura di seta,C) Artigiani senza dipendenti,Libia,MF,2
307,subclass,14.116 Tessitura di seta,C) Artigiani senza dipendenti,Libia,M,2
307,subclass,14.116 Tessitura di seta,C) Artigiani senza dipendenti,Libia,F,0
307,subclass,14.116 Tessitura di seta,C) Artigiani senza dipendenti,municipio di Tripoli,MF,2
307,subclass,14.116 Tessitura di seta,C) Artigiani senza dipendenti,municipio di Tripoli,M,2
307,subclass,14.116 Tessitura di seta,C) Artigiani senza dipendenti,municipio di Tripoli,F,0
307,subclass,14.116 Tessitura di seta,C) Artigiani senza dipendenti,municipio di Bengasi,MF,0
307,subclass,14.116 Tessitura di seta,C) Artigiani senza dipendenti,municipio di Bengasi,M,0
307,subclass,14.116 Tessitura di seta,C) Artigiani senza dipendenti,municipio di Bengasi,F,0
308,subclass,14.116 Tessitura di seta,E) Dirigenti,Libia,MF,1
308,subclass,14.116 Tessitura di seta,E) Dirigenti,Libia,M,1
308,subclass,14.116 Tessitura di seta,E) Dirigenti,Libia,F,0
308,subclass,14.116 Tessitura di seta,E) Dirigenti,municipio di Tripoli,MF,0
308,subclass,14.116 Tessitura di seta,E) Dirigenti,municipio di Tripoli,M,0
308,subclass,14.116 Tessitura di seta,E) Dirigenti,municipio di Tripoli,F,0
308,subclass,14.116 Tessitura di seta,E) Dirigenti,municipio di Bengasi,MF,0
308,subclass,14.116 Tessitura di seta,E) Dirigenti,municipio di Bengasi,M,0
308,subclass,14.116 Tessitura di seta,E) Dirigenti,municipio di Bengasi,F,0
309,subclass,14.116 Tessitura di seta,F) Impiegati,Libia,MF,1
309,subclass,14.116 Tessitura di seta,F) Impiegati,Libia,M,1
309,subclass,14.116 Tessitura di seta,F) Impiegati,Libia,F,0
309,subclass,14.116 Tessitura di seta,F) Impiegati,municipio di Tripoli,MF,0
309,subclass,14.116 Tessitura di seta,F) Impiegati,municipio di Tripoli,M,0
309,subclass,14.116 Tessitura di seta,F) Impiegati,municipio di Tripoli,F,0
309,subclass,14.116 Tessitura di seta,F) Impiegati,municipio di Bengasi,MF,1
309,subclass,14.116 Tessitura di seta,F) Impiegati,municipio di Bengasi,M,1
309,subclass,14.116 Tessitura di seta,F) Impiegati,municipio di Bengasi,F,0
310,subclass,14.116 Tessitura di seta,H) Operai,Libia,MF,21
310,subclass,14.116 Tessitura di seta,H) Operai,Libia,M,1
310,subclass,14.116 Tessitura di seta,H) Operai,Libia,F,20
310,subclass,14.116 Tessitura di seta,H) Operai,municipio di Tripoli,MF,0
310,subclass,14.116 Tessitura di seta,H) Operai,municipio di Tripoli,M,0
310,subclass,14.116 Tessitura di seta,H) Operai,municipio di Tripoli,F,0
310,subclass,14.116 Tessitura di seta,H) Operai,municipio di Bengasi,MF,21
310,subclass,14.116 Tessitura di seta,H) Operai,municipio di Bengasi,M,1
310,subclass,14.116 Tessitura di seta,H) Operai,municipio di Bengasi,F,20
311,subclass,14.116 Tessitura di seta,Totale,Libia,MF,26
311,subclass,14.116 Tessitura di seta,Totale,Libia,M,6
311,subclass,14.116 Tessitura di seta,Totale,Libia,F,20
311,subclass,14.116 Tessitura di seta,Totale,municipio di Tripoli,MF,2
311,subclass,14.116 Tessitura di seta,Totale,municipio di Tripoli,M,2
311,subclass,14.116 Tessitura di seta,Totale,municipio di Tripoli,F,0
311,subclass,14.116 Tessitura di seta,Totale,municipio di Bengasi,MF,23
311,subclass,14.116 Tessitura di seta,Totale,municipio di Bengasi,M,3
311,subclass,14.116 Tessitura di seta,Totale,municipio di Bengasi,F,20
312,subclass,14.116 Tessitura di seta,di cui familiari coadiuvanti,Libia,MF,1
312,subclass,14.116 Tessitura di seta,di cui familiari coadiuvanti,Libia,M,1
312,subclass,14.116 Tessitura di seta,di cui familiari coadiuvanti,Libia,F,0
312,subclass,14.116 Tessitura di seta,di cui familiari coadiuvanti,municipio di Tripoli,MF,1
312,subclass,14.116 Tessitura di seta,di cui familiari coadiuvanti,municipio di Tripoli,M,1
312,subclass,14.116 Tessitura di seta,di cui familiari coadiuvanti,municipio di Tripoli,F,0
312,subclass,14.116 Tessitura di seta,di cui familiari coadiuvanti,municipio di Bengasi,MF,0
312,subclass,14.116 Tessitura di seta,di cui familiari coadiuvanti,municipio di Bengasi,M,0
312,subclass,14.116 Tessitura di seta,di cui familiari coadiuvanti,municipio di Bengasi,F,0
313,subclass,"14.126 Tulli, merletti",C) Artigiani senza dipendenti,Libia,MF,5
313,subclass,"14.126 Tulli, merletti",C) Artigiani senza dipendenti,Libia,M,0
313,subclass,"14.126 Tulli, merletti",C) Artigiani senza dipendenti,Libia,F,5
313,subclass,"14.126 Tulli, merletti",C) Artigiani senza dipendenti,municipio di Tripoli,MF,1
313,subclass,"14.126 Tulli, merletti",C) Artigiani senza dipendenti,municipio di Tripoli,M,0
313,subclass,"14.126 Tulli, merletti",C) Artigiani senza dipendenti,municipio di Tripoli,F,1
313,subclass,"14.126 Tulli, merletti",C) Artigiani senza dipendenti,municipio di Bengasi,MF,2
313,subclass,"14.126 Tulli, merletti",C) Artigiani senza dipendenti,municipio di Bengasi,M,0
313,subclass,"14.126 Tulli, merletti",C) Artigiani senza dipendenti,municipio di Bengasi,F,2
314,subclass,"14.126 Tulli, merletti",H) Operai,Libia,MF,7
314,subclass,"14.126 Tulli, merletti",H) Operai,Libia,M,0
314,subclass,"14.126 Tulli, merletti",H) Operai,Libia,F,7
314,subclass,"14.126 Tulli, merletti",H) Operai,municipio di Tripoli,MF,1
314,subclass,"14.126 Tulli, merletti",H) Operai,municipio di Tripoli,M,0
314,subclass,"14.126 Tulli, merletti",H) Operai,municipio di Tripoli,F,1
314,subclass,"14.126 Tulli, merletti",H) Operai,municipio di Bengasi,MF,6
314,subclass,"14.126 Tulli, merletti",H) Operai,municipio di Bengasi,M,0
314,subclass,"14.126 Tulli, merletti",H) Operai,municipio di Bengasi,F,6
315,subclass,"14.126 Tulli, merletti",I) Lavoranti a domicilio,Libia,MF,8
315,subclass,"14.126 Tulli, merletti",I) Lavoranti a domicilio,Libia,M,0
315,subclass,"14.126 Tulli, merletti",I) Lavoranti a domicilio,Libia,F,8
315,subclass,"14.126 Tulli, merletti",I) Lavoranti a domicilio,municipio di Tripoli,MF,3
315,subclass,"14.126 Tulli, merletti",I) Lavoranti a domicilio,municipio di Tripoli,M,0
315,subclass,"14.126 Tulli, merletti",I) Lavoranti a domicilio,municipio di Tripoli,F,3
315,subclass,"14.126 Tulli, merletti",I) Lavoranti a domicilio,municipio di Bengasi,MF,5
315,subclass,"14.126 Tulli, merletti",I) Lavoranti a domicilio,municipio di Bengasi,M,0
315,subclass,"14.126 Tulli, merletti",I) Lavoranti a domicilio,municipio di Bengasi,F,5
316,subclass,"14.126 Tulli, merletti",Totale,Libia,MF,20
316,subclass,"14.126 Tulli, merletti",Totale,Libia,M,0
316,subclass,"14.126 Tulli, merletti",Totale,Libia,F,20
316,subclass,"14.126 Tulli, merletti",Totale,municipio di Tripoli,MF,5
316,subclass,"14.126 Tulli, merletti",Totale,municipio di Tripoli,M,0
316,subclass,"14.126 Tulli, merletti",Totale,municipio di Tripoli,F,5
316,subclass,"14.126 Tulli, merletti",Totale,municipio di Bengasi,MF,13
316,subclass,"14.126 Tulli, merletti",Totale,municipio di Bengasi,M,0
316,subclass,"14.126 Tulli, merletti",Totale,municipio di Bengasi,F,13
317,class,"15. Industrie del vestiario, abbigliamento e arredamento",A) Padroni,Libia,MF,31
317,class,"15. Industrie del vestiario, abbigliamento e arredamento",A) Padroni,Libia,M,14
317,class,"15. Industrie del vestiario, abbigliamento e arredamento",A) Padroni,Libia,F,17
317,class,"15. Industrie del vestiario, abbigliamento e arredamento",A) Padroni,municipio di Tripoli,MF,23
317,class,"15. Industrie del vestiario, abbigliamento e arredamento",A) Padroni,municipio di Tripoli,M,11
317,class,"15. Industrie del vestiario, abbigliamento e arredamento",A) Padroni,municipio di Tripoli,F,12
317,class,"15. Industrie del vestiario, abbigliamento e arredamento",A) Padroni,municipio di Bengasi,MF,5
317,class,"15. Industrie del vestiario, abbigliamento e arredamento",A) Padroni,municipio di Bengasi,M,3
317,class,"15. Industrie del vestiario, abbigliamento e arredamento",A) Padroni,municipio di Bengasi,F,2
318,class,"15. Industrie del vestiario, abbigliamento e arredamento",B) Artigiani con dipendenti,Libia,MF,97
318,class,"15. Industrie del vestiario, abbigliamento e arredamento",B) Artigiani con dipendenti,Libia,M,60
318,class,"15. Industrie del vestiario, abbigliamento e arredamento",B) Artigiani con dipendenti,Libia,F,37
318,class,"15. Industrie del vestiario, abbigliamento e arredamento",B) Artigiani con dipendenti,municipio di Tripoli,MF,68
318,class,"15. Industrie del vestiario, abbigliamento e arredamento",B) Artigiani con dipendenti,municipio di Tripoli,M,45
318,class,"15. Industrie del vestiario, abbigliamento e arredamento",B) Artigiani con dipendenti,municipio di Tripoli,F,23
318,class,"15. Industrie del vestiario, abbigliamento e arredamento",B) Artigiani con dipendenti,municipio di Bengasi,MF,24
318,class,"15. Industrie del vestiario, abbigliamento e arredamento",B) Artigiani con dipendenti,municipio di Bengasi,M,12
318,class,"15. Industrie del vestiario, abbigliamento e arredamento",B) Artigiani con dipendenti,municipio di Bengasi,F,12
319,class,"15. Industrie del vestiario, abbigliamento e arredamento",C) Artigiani senza dipendenti,Libia,MF,343
319,class,"15. Industrie del vestiario, abbigliamento e arredamento",C) Artigiani senza dipendenti,Libia,M,178
319,class,"15. Industrie del vestiario, abbigliamento e arredamento",C) Artigiani senza dipendenti,Libia,F,165
319,class,"15. Industrie del vestiario, abbigliamento e arredamento",C) Artigiani senza dipendenti,municipio di Tripoli,MF,180
319,class,"15. Industrie del vestiario, abbigliamento e arredamento",C) Artigiani senza dipendenti,municipio di Tripoli,M,91
319,class,"15. Industrie del vestiario, abbigliamento e arredamento",C) Artigiani senza dipendenti,municipio di Tripoli,F,89
319,class,"15. Industrie del vestiario, abbigliamento e arredamento",C) Artigiani senza dipendenti,municipio di Bengasi,MF,90
319,class,"15. Industrie del vestiario, abbigliamento e arredamento",C) Artigiani senza dipendenti,municipio di Bengasi,M,41
319,class,"15. Industrie del vestiario, abbigliamento e arredamento",C) Artigiani senza dipendenti,municipio di Bengasi,F,49
320,class,"15. Industrie del vestiario, abbigliamento e arredamento",E) Dirigenti,Libia,MF,1
320,class,"15. Industrie del vestiario, abbigliamento e arredamento",E) Dirigenti,Libia,M,0
320,class,"15. Industrie del vestiario, abbigliamento e arredamento",E) Dirigenti,Libia,F,1
320,class,"15. Industrie del vestiario, abbigliamento e arredamento",E) Dirigenti,municipio di Tripoli,MF,0
320,class,"15. Industrie del vestiario, abbigliamento e arredamento",E) Dirigenti,municipio di Tripoli,M,0
320,class,"15. Industrie del vestiario, abbigliamento e arredamento",E) Dirigenti,municipio di Tripoli,F,0
320,class,"15. Industrie del vestiario, abbigliamento e arredamento",E) Dirigenti,municipio di Bengasi,MF,1
320,class,"15. Industrie del vestiario, abbigliamento e arredamento",E) Dirigenti,municipio di Bengasi,M,0
320,class,"15. Industrie del vestiario, abbigliamento e arredamento",E) Dirigenti,municipio di Bengasi,F,1
321,class,"15. Industrie del vestiario, abbigliamento e arredamento",F) Impiegati,Libia,MF,3
321,class,"15. Industrie del vestiario, abbigliamento e arredamento",F) Impiegati,Libia,M,2
321,class,"15. Industrie del vestiario, abbigliamento e arredamento",F) Impiegati,Libia,F,1
321,class,"15. Industrie del vestiario, abbigliamento e arredamento",F) Impiegati,municipio di Tripoli,MF,0
321,class,"15. Industrie del vestiario, abbigliamento e arredamento",F) Impiegati,municipio di Tripoli,M,0
321,class,"15. Industrie del vestiario, abbigliamento e arredamento",F) Impiegati,municipio di Tripoli,F,0
321,class,"15. Industrie del vestiario, abbigliamento e arredamento",F) Impiegati,municipio di Bengasi,MF,3
321,class,"15. Industrie del vestiario, abbigliamento e arredamento",F) Impiegati,municipio di Bengasi,M,2
321,class,"15. Industrie del vestiario, abbigliamento e arredamento",F) Impiegati,municipio di Bengasi,F,1
322,class,"15. Industrie del vestiario, abbigliamento e arredamento",G) Personale di servizio e di fatica,Libia,MF,1
322,class,"15. Industrie del vestiario, abbigliamento e arredamento",G) Personale di servizio e di fatica,Libia,M,0
322,class,"15. Industrie del vestiario, abbigliamento e arredamento",G) Personale di servizio e di fatica,Libia,F,1
322,class,"15. Industrie del vestiario, abbigliamento e arredamento",G) Personale di servizio e di fatica,municipio di Tripoli,MF,0
322,class,"15. Industrie del vestiario, abbigliamento e arredamento",G) Personale di servizio e di fatica,municipio di Tripoli,M,0
322,class,"15. Industrie del vestiario, abbigliamento e arredamento",G) Personale di servizio e di fatica,municipio di Tripoli,F,0
322,class,"15. Industrie del vestiario, abbigliamento e arredamento",G) Personale di servizio e di fatica,municipio di Bengasi,MF,1
322,class,"15. Industrie del vestiario, abbigliamento e arredamento",G) Personale di servizio e di fatica,municipio di Bengasi,M,0
322,class,"15. Industrie del vestiario, abbigliamento e arredamento",G) Personale di servizio e di fatica,municipio di Bengasi,F,1
323,class,"15. Industrie del vestiario, abbigliamento e arredamento",H) Operai,Libia,MF,479
323,class,"15. Industrie del vestiario, abbigliamento e arredamento",H) Operai,Libia,M,222
323,class,"15. Industrie del vestiario, abbigliamento e arredamento",H) Operai,Libia,F,257
323,class,"15. Industrie del vestiario, abbigliamento e arredamento",H) Operai,municipio di Tripoli,MF,273
323,class,"15. Industrie del vestiario, abbigliamento e arredamento",H) Operai,municipio di Tripoli,M,121
323,class,"15. Industrie del vestiario, abbigliamento e arredamento",H) Operai,municipio di Tripoli,F,152
323,class,"15. Industrie del vestiario, abbigliamento e arredamento",H) Operai,municipio di Bengasi,MF,185
323,class,"15. Industrie del vestiario, abbigliamento e arredamento",H) Operai,municipio di Bengasi,M,85
323,class,"15. Industrie del vestiario, abbigliamento e arredamento",H) Operai,municipio di Bengasi,F,100
324,class,"15. Industrie del vestiario, abbigliamento e arredamento",I) Lavoranti a domicilio,Libia,MF,42
324,class,"15. Industrie del vestiario, abbigliamento e arredamento",I) Lavoranti a domicilio,Libia,M,5
324,class,"15. Industrie del vestiario, abbigliamento e arredamento",I) Lavoranti a domicilio,Libia,F,37
324,class,"15. Industrie del vestiario, abbigliamento e arredamento",I) Lavoranti a domicilio,municipio di Tripoli,MF,30
324,class,"15. Industrie del vestiario, abbigliamento e arredamento",I) Lavoranti a domicilio,municipio di Tripoli,M,5
324,class,"15. Industrie del vestiario, abbigliamento e arredamento",I) Lavoranti a domicilio,municipio di Tripoli,F,25
324,class,"15. Industrie del vestiario, abbigliamento e arredamento",I) Lavoranti a domicilio,municipio di Bengasi,MF,12
324,class,"15. Industrie del vestiario, abbigliamento e arredamento",I) Lavoranti a domicilio,municipio di Bengasi,M,0
324,class,"15. Industrie del vestiario, abbigliamento e arredamento",I) Lavoranti a domicilio,municipio di Bengasi,F,12
325,class,"15. Industrie del vestiario, abbigliamento e arredamento",Totale,Libia,MF,997
325,class,"15. Industrie del vestiario, abbigliamento e arredamento",Totale,Libia,M,481
325,class,"15. Industrie del vestiario, abbigliamento e arredamento",Totale,Libia,F,516
325,class,"15. Industrie del vestiario, abbigliamento e arredamento",Totale,municipio di Tripoli,MF,574
325,class,"15. Industrie del vestiario, abbigliamento e arredamento",Totale,municipio di Tripoli,M,273
325,class,"15. Industrie del vestiario, abbigliamento e arredamento",Totale,municipio di Tripoli,F,301
325,class,"15. Industrie del vestiario, abbigliamento e arredamento",Totale,municipio di Bengasi,MF,321
325,class,"15. Industrie del vestiario, abbigliamento e arredamento",Totale,municipio di Bengasi,M,143
325,class,"15. Industrie del vestiario, abbigliamento e arredamento",Totale,municipio di Bengasi,F,178
326,class,"15. Industrie del vestiario, abbigliamento e arredamento",di cui familiari coadiuvanti,Libia,MF,60
326,class,"15. Industrie del vestiario, abbigliamento e arredamento",di cui familiari coadiuvanti,Libia,M,22
326,class,"15. Industrie del vestiario, abbigliamento e arredamento",di cui familiari coadiuvanti,Libia,F,38
326,class,"15. Industrie del vestiario, abbigliamento e arredamento",di cui familiari coadiuvanti,municipio di Tripoli,MF,40
326,class,"15. Industrie del vestiario, abbigliamento e arredamento",di cui familiari coadiuvanti,municipio di Tripoli,M,15
326,class,"15. Industrie del vestiario, abbigliamento e arredamento",di cui familiari coadiuvanti,municipio di Tripoli,F,25
326,class,"15. Industrie del vestiario, abbigliamento e arredamento",di cui familiari coadiuvanti,municipio di Bengasi,MF,13
326,class,"15. Industrie del vestiario, abbigliamento e arredamento",di cui familiari coadiuvanti,municipio di Bengasi,M,4
326,class,"15. Industrie del vestiario, abbigliamento e arredamento",di cui familiari coadiuvanti,municipio di Bengasi,F,9
327,subclass,15.135 Modisterie,A) Padroni,Libia,MF,5
327,subclass,15.135 Modisterie,A) Padroni,Libia,M,0
327,subclass,15.135 Modisterie,A) Padroni,Libia,F,5
327,subclass,15.135 Modisterie,A) Padroni,municipio di Tripoli,MF,3
327,subclass,15.135 Modisterie,A) Padroni,municipio di Tripoli,M,0
327,subclass,15.135 Modisterie,A) Padroni,municipio di Tripoli,F,3
327,subclass,15.135 Modisterie,A) Padroni,municipio di Bengasi,MF,2
327,subclass,15.135 Modisterie,A) Padroni,municipio di Bengasi,M,0
327,subclass,15.135 Modisterie,A) Padroni,municipio di Bengasi,F,2
328,subclass,15.135 Modisterie,B) Artigiani con dipendenti,Libia,MF,7
328,subclass,15.135 Modisterie,B) Artigiani con dipendenti,Libia,M,2
328,subclass,15.135 Modisterie,B) Artigiani con dipendenti,Libia,F,5
328,subclass,15.135 Modisterie,B) Artigiani con dipendenti,municipio di Tripoli,MF,6
328,subclass,15.135 Modisterie,B) Artigiani con dipendenti,municipio di Tripoli,M,2
328,subclass,15.135 Modisterie,B) Artigiani con dipendenti,municipio di Tripoli,F,4
328,subclass,15.135 Modisterie,B) Artigiani con dipendenti,municipio di Bengasi,MF,1
328,subclass,15.135 Modisterie,B) Artigiani con dipendenti,municipio di Bengasi,M,0
328,subclass,15.135 Modisterie,B) Artigiani con dipendenti,municipio di Bengasi,F,1
329,subclass,15.135 Modisterie,C) Artigiani senza dipendenti,Libia,MF,4
329,subclass,15.135 Modisterie,C) Artigiani senza dipendenti,Libia,M,0
329,subclass,15.135 Modisterie,C) Artigiani senza dipendenti,Libia,F,4
329,subclass,15.135 Modisterie,C) Artigiani senza dipendenti,municipio di Tripoli,MF,2
329,subclass,15.135 Modisterie,C) Artigiani senza dipendenti,municipio di Tripoli,M,0
329,subclass,15.135 Modisterie,C) Artigiani senza dipendenti,municipio di Tripoli,F,2
329,subclass,15.135 Modisterie,C) Artigiani senza dipendenti,municipio di Bengasi,MF,1
329,subclass,15.135 Modisterie,C) Artigiani senza dipendenti,municipio di Bengasi,M,0
329,subclass,15.135 Modisterie,C) Artigiani senza dipendenti,municipio di Bengasi,F,1
330,subclass,15.135 Modisterie,H) Operai,Libia,MF,19
330,subclass,15.135 Modisterie,H) Operai,Libia,M,0
330,subclass,15.135 Modisterie,H) Operai,Libia,F,19
330,subclass,15.135 Modisterie,H) Operai,municipio di Tripoli,MF,17
330,subclass,15.135 Modisterie,H) Operai,municipio di Tripoli,M,0
330,subclass,15.135 Modisterie,H) Operai,municipio di Tripoli,F,17
330,subclass,15.135 Modisterie,H) Operai,municipio di Bengasi,MF,2
330,subclass,15.135 Modisterie,H) Operai,municipio di Bengasi,M,0
330,subclass,15.135 Modisterie,H) Operai,municipio di Bengasi,F,2
331,subclass,15.135 Modisterie,I) Lavoranti a domicilio,Libia,MF,1
331,subclass,15.135 Modisterie,I) Lavoranti a domicilio,Libia,M,0
331,subclass,15.135 Modisterie,I) Lavoranti a domicilio,Libia,F,1
331,subclass,15.135 Modisterie,I) Lavoranti a domicilio,municipio di Tripoli,MF,1
331,subclass,15.135 Modisterie,I) Lavoranti a domicilio,municipio di Tripoli,M,0
331,subclass,15.135 Modisterie,I) Lavoranti a domicilio,municipio di Tripoli,F,1
331,subclass,15.135 Modisterie,I) Lavoranti a domicilio,municipio di Bengasi,MF,0
331,subclass,15.135 Modisterie,I) Lavoranti a domicilio,municipio di Bengasi,M,0
331,subclass,15.135 Modisterie,I) Lavoranti a domicilio,municipio di Bengasi,F,0
332,subclass,15.135 Modisterie,Totale,Libia,MF,36
332,subclass,15.135 Modisterie,Totale,Libia,M,2
332,subclass,15.135 Modisterie,Totale,Libia,F,34
332,subclass,15.135 Modisterie,Totale,municipio di Tripoli,MF,29
332,subclass,15.135 Modisterie,Totale,municipio di Tripoli,M,2
332,subclass,15.135 Modisterie,Totale,municipio di Tripoli,F,27
332,subclass,15.135 Modisterie,Totale,municipio di Bengasi,MF,6
332,subclass,15.135 Modisterie,Totale,municipio di Bengasi,M,0
332,subclass,15.135 Modisterie,Totale,municipio di Bengasi,F,6
333,subclass,15.135 Modisterie,di cui familiari coadiuvanti,Libia,MF,2
333,subclass,15.135 Modisterie,di cui familiari coadiuvanti,Libia,M,0
333,subclass,15.135 Modisterie,di cui familiari coadiuvanti,Libia,F,2
333,subclass,15.135 Modisterie,di cui familiari coadiuvanti,municipio di Tripoli,MF,1
333,subclass,15.135 Modisterie,di cui familiari coadiuvanti,municipio di Tripoli,M,0
333,subclass,15.135 Modisterie,di cui familiari coadiuvanti,municipio di Tripoli,F,1
333,subclass,15.135 Modisterie,di cui familiari coadiuvanti,municipio di Bengasi,MF,1
333,subclass,15.135 Modisterie,di cui familiari coadiuvanti,municipio di Bengasi,M,0
333,subclass,15.135 Modisterie,di cui familiari coadiuvanti,municipio di Bengasi,F,1
334,subclass,15.136 Confezione di abiti,A) Padroni,Libia,MF,2
334,subclass,15.136 Confezione di abiti,A) Padroni,Libia,M,1
334,subclass,15.136 Confezione di abiti,A) Padroni,Libia,F,1
334,subclass,15.136 Confezione di abiti,A) Padroni,municipio di Tripoli,MF,2
334,subclass,15.136 Confezione di abiti,A) Padroni,municipio di Tripoli,M,1
334,subclass,15.136 Confezione di abiti,A) Padroni,municipio di Tripoli,F,1
334,subclass,15.136 Confezione di abiti,A) Padroni,municipio di Bengasi,MF,0
334,subclass,15.136 Confezione di abiti,A) Padroni,municipio di Bengasi,M,0
334,subclass,15.136 Confezione di abiti,A) Padroni,municipio di Bengasi,F,0
335,subclass,15.136 Confezione di abiti,B) Artigiani con dipendenti,Libia,MF,57
335,subclass,15.136 Confezione di abiti,B) Artigiani con dipendenti,Libia,M,36
335,subclass,15.136 Confezione di abiti,B) Artigiani con dipendenti,Libia,F,21
335,subclass,15.136 Confezione di abiti,B) Artigiani con dipendenti,municipio di Tripoli,MF,42
335,subclass,15.136 Confezione di abiti,B) Artigiani con dipendenti,municipio di Tripoli,M,29
335,subclass,15.136 Confezione di abiti,B) Artigiani con dipendenti,municipio di Tripoli,F,13
335,subclass,15.136 Confezione di abiti,B) Artigiani con dipendenti,municipio di Bengasi,MF,14
335,subclass,15.136 Confezione di abiti,B) Artigiani con dipendenti,municipio di Bengasi,M,6
335,subclass,15.136 Confezione di abiti,B) Artigiani con dipendenti,municipio di Bengasi,F,8
336,subclass,15.136 Confezione di abiti,C) Artigiani senza dipendenti,Libia,MF,177
336,subclass,15.136 Confezione di abiti,C) Artigiani senza dipendenti,Libia,M,60
336,subclass,15.136 Confezione di abiti,C) Artigiani senza dipendenti,Libia,F,117
336,subclass,15.136 Confezione di abiti,C) Artigiani senza dipendenti,municipio di Tripoli,MF,96
336,subclass,15.136 Confezione di abiti,C) Artigiani senza dipendenti,municipio di Tripoli,M,32
336,subclass,15.136 Confezione di abiti,C) Artigiani senza dipendenti,municipio di Tripoli,F,64
336,subclass,15.136 Confezione di abiti,C) Artigiani senza dipendenti,municipio di Bengasi,MF,52
336,subclass,15.136 Confezione di abiti,C) Artigiani senza dipendenti,municipio di Bengasi,M,17
336,subclass,15.136 Confezione di abiti,C) Artigiani senza dipendenti,municipio di Bengasi,F,35
337,subclass,15.136 Confezione di abiti,E) Dirigenti,Libia,MF,1
337,subclass,15.136 Confezione di abiti,E) Dirigenti,Libia,M,0
337,subclass,15.136 Confezione di abiti,E) Dirigenti,Libia,F,1
337,subclass,15.136 Confezione di abiti,E) Dirigenti,municipio di Tripoli,MF,0
337,subclass,15.136 Confezione di abiti,E) Dirigenti,municipio di Tripoli,M,0
337,subclass,15.136 Confezione di abiti,E) Dirigenti,municipio di Tripoli,F,0
337,subclass,15.136 Confezione di abiti,E) Dirigenti,municipio di Bengasi,MF,1
337,subclass,15.136 Confezione di abiti,E) Dirigenti,municipio di Bengasi,M,0
337,subclass,15.136 Confezione di abiti,E) Dirigenti,municipio di Bengasi,F,1
338,subclass,15.136 Confezione di abiti,F) Impiegati,Libia,MF,1
338,subclass,15.136 Confezione di abiti,F) Impiegati,Libia,M,0
338,subclass,15.136 Confezione di abiti,F) Impiegati,Libia,F,1
338,subclass,15.136 Confezione di abiti,F) Impiegati,municipio di Tripoli,MF,0
338,subclass,15.136 Confezione di abiti,F) Impiegati,municipio di Tripoli,M,0
338,subclass,15.136 Confezione di abiti,F) Impiegati,municipio di Tripoli,F,0
338,subclass,15.136 Confezione di abiti,F) Impiegati,municipio di Bengasi,MF,1
338,subclass,15.136 Confezione di abiti,F) Impiegati,municipio di Bengasi,M,0
338,subclass,15.136 Confezione di abiti,F) Impiegati,municipio di Bengasi,F,1
339,subclass,15.136 Confezione di abiti,H) Operai,Libia,MF,258
339,subclass,15.136 Confezione di abiti,H) Operai,Libia,M,71
339,subclass,15.136 Confezione di abiti,H) Operai,Libia,F,187
339,subclass,15.136 Confezione di abiti,H) Operai,municipio di Tripoli,MF,155
339,subclass,15.136 Confezione di abiti,H) Operai,municipio di Tripoli,M,42
339,subclass,15.136 Confezione di abiti,H) Operai,municipio di Tripoli,F,113
339,subclass,15.136 Confezione di abiti,H) Operai,municipio di Bengasi,MF,93
339,subclass,15.136 Confezione di abiti,H) Operai,municipio di Bengasi,M,23
339,subclass,15.136 Confezione di abiti,H) Operai,municipio di Bengasi,F,70
340,subclass,15.136 Confezione di abiti,I) Lavoranti a domicilio,Libia,MF,29
340,subclass,15.136 Confezione di abiti,I) Lavoranti a domicilio,Libia,M,2
340,subclass,15.136 Confezione di abiti,I) Lavoranti a domicilio,Libia,F,27
340,subclass,15.136 Confezione di abiti,I) Lavoranti a domicilio,municipio di Tripoli,MF,22
340,subclass,15.136 Confezione di abiti,I) Lavoranti a domicilio,municipio di Tripoli,M,2
340,subclass,15.136 Confezione di abiti,I) Lavoranti a domicilio,municipio di Tripoli,F,20
340,subclass,15.136 Confezione di abiti,I) Lavoranti a domicilio,municipio di Bengasi,MF,7
340,subclass,15.136 Confezione di abiti,I) Lavoranti a domicilio,municipio di Bengasi,M,0
340,subclass,15.136 Confezione di abiti,I) Lavoranti a domicilio,municipio di Bengasi,F,7
341,subclass,15.136 Confezione di abiti,Totale,Libia,MF,525
341,subclass,15.136 Confezione di abiti,Totale,Libia,M,170
341,subclass,15.136 Confezione di abiti,Totale,Libia,F,355
341,subclass,15.136 Confezione di abiti,Totale,municipio di Tripoli,MF,317
341,subclass,15.136 Confezione di abiti,Totale,municipio di Tripoli,M,106
341,subclass,15.136 Confezione di abiti,Totale,municipio di Tripoli,F,211
341,subclass,15.136 Confezione di abiti,Totale,municipio di Bengasi,MF,168
341,subclass,15.136 Confezione di abiti,Totale,municipio di Bengasi,M,46
341,subclass,15.136 Confezione di abiti,Totale,municipio di Bengasi,F,122
342,subclass,15.136 Confezione di abiti,di cui familiari coadiuvanti,Libia,MF,31
342,subclass,15.136 Confezione di abiti,di cui familiari coadiuvanti,Libia,M,10
342,subclass,15.136 Confezione di abiti,di cui familiari coadiuvanti,Libia,F,21
342,subclass,15.136 Confezione di abiti,di cui familiari coadiuvanti,municipio di Tripoli,MF,20
342,subclass,15.136 Confezione di abiti,di cui familiari coadiuvanti,municipio di Tripoli,M,7
342,subclass,15.136 Confezione di abiti,di cui familiari coadiuvanti,municipio di Tripoli,F,13
342,subclass,15.136 Confezione di abiti,di cui familiari coadiuvanti,municipio di Bengasi,MF,6
342,subclass,15.136 Confezione di abiti,di cui familiari coadiuvanti,municipio di Bengasi,M,2
342,subclass,15.136 Confezione di abiti,di cui familiari coadiuvanti,municipio di Bengasi,F,4
343,subclass,15.137 Fabbricazione di calzature,A) Padroni,Libia,MF,10
343,subclass,15.137 Fabbricazione di calzature,A) Padroni,Libia,M,10
343,subclass,15.137 Fabbricazione di calzature,A) Padroni,Libia,F,0
343,subclass,15.137 Fabbricazione di calzature,A) Padroni,municipio di Tripoli,MF,7
343,subclass,15.137 Fabbricazione di calzature,A) Padroni,municipio di Tripoli,M,7
343,subclass,15.137 Fabbricazione di calzature,A) Padroni,municipio di Tripoli,F,0
343,subclass,15.137 Fabbricazione di calzature,A) Padroni,municipio di Bengasi,MF,3
343,subclass,15.137 Fabbricazione di calzature,A) Padroni,municipio di Bengasi,M,3
343,subclass,15.137 Fabbricazione di calzature,A) Padroni,municipio di Bengasi,F,0
344,subclass,15.137 Fabbricazione di calzature,B) Artigiani con dipendenti,Libia,MF,13
344,subclass,15.137 Fabbricazione di calzature,B) Artigiani con dipendenti,Libia,M,13
344,subclass,15.137 Fabbricazione di calzature,B) Artigiani con dipendenti,Libia,F,0
344,subclass,15.137 Fabbricazione di calzature,B) Artigiani con dipendenti,municipio di Tripoli,MF,8
344,subclass,15.137 Fabbricazione di calzature,B) Artigiani con dipendenti,municipio di Tripoli,M,8
344,subclass,15.137 Fabbricazione di calzature,B) Artigiani con dipendenti,municipio di Tripoli,F,0
344,subclass,15.137 Fabbricazione di calzature,B) Artigiani con dipendenti,municipio di Bengasi,MF,5
344,subclass,15.137 Fabbricazione di calzature,B) Artigiani con dipendenti,municipio di Bengasi,M,5
344,subclass,15.137 Fabbricazione di calzature,B) Artigiani con dipendenti,municipio di Bengasi,F,0
345,subclass,15.137 Fabbricazione di calzature,C) Artigiani senza dipendenti,Libia,MF,113
345,subclass,15.137 Fabbricazione di calzature,C) Artigiani senza dipendenti,Libia,M,113
345,subclass,15.137 Fabbricazione di calzature,C) Artigiani senza dipendenti,Libia,F,0
345,subclass,15.137 Fabbricazione di calzature,C) Artigiani senza dipendenti,municipio di Tripoli,MF,56
345,subclass,15.137 Fabbricazione di calzature,C) Artigiani senza dipendenti,municipio di Tripoli,M,56
345,subclass,15.137 Fabbricazione di calzature,C) Artigiani senza dipendenti,municipio di Tripoli,F,0
345,subclass,15.137 Fabbricazione di calzature,C) Artigiani senza dipendenti,municipio di Bengasi,MF,22
345,subclass,15.137 Fabbricazione di calzature,C) Artigiani senza dipendenti,municipio di Bengasi,M,22
345,subclass,15.137 Fabbricazione di calzature,C) Artigiani senza dipendenti,municipio di Bengasi,F,0
346,subclass,15.137 Fabbricazione di calzature,F) Impiegati,Libia,MF,2
346,subclass,15.137 Fabbricazione di calzature,F) Impiegati,Libia,M,2
346,subclass,15.137 Fabbricazione di calzature,F) Impiegati,Libia,F,0
346,subclass,15.137 Fabbricazione di calzature,F) Impiegati,municipio di Tripoli,MF,0
346,subclass,15.137 Fabbricazione di calzature,F) Impiegati,municipio di Tripoli,M,0
346,subclass,15.137 Fabbricazione di calzature,F) Impiegati,municipio di Tripoli,F,0
346,subclass,15.137 Fabbricazione di calzature,F) Impiegati,municipio di Bengasi,MF,2
346,subclass,15.137 Fabbricazione di calzature,F) Impiegati,municipio di Bengasi,M,2
346,subclass,15.137 Fabbricazione di calzature,F) Impiegati,municipio di Bengasi,F,0
347,subclass,15.137 Fabbricazione di calzature,H) Operai,Libia,MF,151
347,subclass,15.137 Fabbricazione di calzature,H) Operai,Libia,M,144
347,subclass,15.137 Fabbricazione di calzature,H) Operai,Libia,F,7
347,subclass,15.137 Fabbricazione di calzature,H) Operai,municipio di Tripoli,MF,81
347,subclass,15.137 Fabbricazione di calzature,H) Operai,municipio di Tripoli,M,76
347,subclass,15.137 Fabbricazione di calzature,H) Operai,municipio di Tripoli,F,5
347,subclass,15.137 Fabbricazione di calzature,H) Operai,municipio di Bengasi,MF,60
347,subclass,15.137 Fabbricazione di calzature,H) Operai,municipio di Bengasi,M,58
347,subclass,15.137 Fabbricazione di calzature,H) Operai,municipio di Bengasi,F,2
348,subclass,15.137 Fabbricazione di calzature,I) Lavoranti a domicilio,Libia,MF,3
348,subclass,15.137 Fabbricazione di calzature,I) Lavoranti a domicilio,Libia,M,2
348,subclass,15.137 Fabbricazione di calzature,I) Lavoranti a domicilio,Libia,F,1
348,subclass,15.137 Fabbricazione di calzature,I) Lavoranti a domicilio,municipio di Tripoli,MF,2
348,subclass,15.137 Fabbricazione di calzature,I) Lavoranti a domicilio,municipio di Tripoli,M,2
348,subclass,15.137 Fabbricazione di calzature,I) Lavoranti a domicilio,municipio di Tripoli,F,0
348,subclass,15.137 Fabbricazione di calzature,I) Lavoranti a domicilio,municipio di Bengasi,MF,1
348,subclass,15.137 Fabbricazione di calzature,I) Lavoranti a domicilio,municipio di Bengasi,M,0
348,subclass,15.137 Fabbricazione di calzature,I) Lavoranti a domicilio,municipio di Bengasi,F,1
349,subclass,15.137 Fabbricazione di calzature,Totale,Libia,MF,292
349,subclass,15.137 Fabbricazione di calzature,Totale,Libia,M,284
349,subclass,15.137 Fabbricazione di calzature,Totale,Libia,F,8
349,subclass,15.137 Fabbricazione di calzature,Totale,municipio di Tripoli,MF,154
349,subclass,15.137 Fabbricazione di calzature,Totale,municipio di Tripoli,M,149
349,subclass,15.137 Fabbricazione di calzature,Totale,municipio di Tripoli,F,5
349,subclass,15.137 Fabbricazione di calzature,Totale,municipio di Bengasi,MF,93
349,subclass,15.137 Fabbricazione di calzature,Totale,municipio di Bengasi,M,90
349,subclass,15.137 Fabbricazione di calzature,Totale,municipio di Bengasi,F,3
350,subclass,15.137 Fabbricazione di calzature,di cui familiari coadiuvanti,Libia,MF,8
350,subclass,15.137 Fabbricazione di calzature,di cui familiari coadiuvanti,Libia,M,8
350,subclass,15.137 Fabbricazione di calzature,di cui familiari coadiuvanti,Libia,F,0
350,subclass,15.137 Fabbricazione di calzature,di cui familiari coadiuvanti,municipio di Tripoli,MF,5
350,subclass,15.137 Fabbricazione di calzature,di cui familiari coadiuvanti,municipio di Tripoli,M,5
350,subclass,15.137 Fabbricazione di calzature,di cui familiari coadiuvanti,municipio di Tripoli,F,0
350,subclass,15.137 Fabbricazione di calzature,di cui familiari coadiuvanti,municipio di Bengasi,MF,2
350,subclass,15.137 Fabbricazione di calzature,di cui familiari coadiuvanti,municipio di Bengasi,M,2
350,subclass,15.137 Fabbricazione di calzature,di cui familiari coadiuvanti,municipio di Bengasi,F,0
351,subclass,"15.149 Lavanderie, stirerie",A) Padroni,Libia,MF,14
351,subclass,"15.149 Lavanderie, stirerie",A) Padroni,Libia,M,3
351,subclass,"15.149 Lavanderie, stirerie",A) Padroni,Libia,F,11
351,subclass,"15.149 Lavanderie, stirerie",A) Padroni,municipio di Tripoli,MF,11
351,subclass,"15.149 Lavanderie, stirerie",A) Padroni,municipio di Tripoli,M,3
351,subclass,"15.149 Lavanderie, stirerie",A) Padroni,municipio di Tripoli,F,8
351,subclass,"15.149 Lavanderie, stirerie",A) Padroni,municipio di Bengasi,MF,0
351,subclass,"15.149 Lavanderie, stirerie",A) Padroni,municipio di Bengasi,M,0
351,subclass,"15.149 Lavanderie, stirerie",A) Padroni,municipio di Bengasi,F,0
352,subclass,"15.149 Lavanderie, stirerie",B) Artigiani con dipendenti,Libia,MF,13
352,subclass,"15.149 Lavanderie, stirerie",B) Artigiani con dipendenti,Libia,M,5
352,subclass,"15.149 Lavanderie, stirerie",B) Artigiani con dipendenti,Libia,F,8
352,subclass,"15.149 Lavanderie, stirerie",B) Artigiani con dipendenti,municipio di Tripoli,MF,7
352,subclass,"15.149 Lavanderie, stirerie",B) Artigiani con dipendenti,municipio di Tripoli,M,3
352,subclass,"15.149 Lavanderie, stirerie",B) Artigiani con dipendenti,municipio di Tripoli,F,4
352,subclass,"15.149 Lavanderie, stirerie",B) Artigiani con dipendenti,municipio di Bengasi,MF,2
352,subclass,"15.149 Lavanderie, stirerie",B) Artigiani con dipendenti,municipio di Bengasi,M,0
352,subclass,"15.149 Lavanderie, stirerie",B) Artigiani con dipendenti,municipio di Bengasi,F,2
353,subclass,"15.149 Lavanderie, stirerie",C) Artigiani senza dipendenti,Libia,MF,38
353,subclass,"15.149 Lavanderie, stirerie",C) Artigiani senza dipendenti,Libia,M,2
353,subclass,"15.149 Lavanderie, stirerie",C) Artigiani senza dipendenti,Libia,F,36
353,subclass,"15.149 Lavanderie, stirerie",C) Artigiani senza dipendenti,municipio di Tripoli,MF,20
353,subclass,"15.149 Lavanderie, stirerie",C) Artigiani senza dipendenti,municipio di Tripoli,M,2
353,subclass,"15.149 Lavanderie, stirerie",C) Artigiani senza dipendenti,municipio di Tripoli,F,18
353,subclass,"15.149 Lavanderie, stirerie",C) Artigiani senza dipendenti,municipio di Bengasi,MF,11
353,subclass,"15.149 Lavanderie, stirerie",C) Artigiani senza dipendenti,municipio di Bengasi,M,0
353,subclass,"15.149 Lavanderie, stirerie",C) Artigiani senza dipendenti,municipio di Bengasi,F,11
354,subclass,"15.149 Lavanderie, stirerie",G) Personale di servizio e di fatica,Libia,MF,1
354,subclass,"15.149 Lavanderie, stirerie",G) Personale di servizio e di fatica,Libia,M,0
354,subclass,"15.149 Lavanderie, stirerie",G) Personale di servizio e di fatica,Libia,F,1
354,subclass,"15.149 Lavanderie, stirerie",G) Personale di servizio e di fatica,municipio di Tripoli,MF,0
354,subclass,"15.149 Lavanderie, stirerie",G) Personale di servizio e di fatica,municipio di Tripoli,M,0
354,subclass,"15.149 Lavanderie, stirerie",G) Personale di servizio e di fatica,municipio di Tripoli,F,0
354,subclass,"15.149 Lavanderie, stirerie",G) Personale di servizio e di fatica,municipio di Bengasi,MF,1
354,subclass,"15.149 Lavanderie, stirerie",G) Personale di servizio e di fatica,municipio di Bengasi,M,0
354,subclass,"15.149 Lavanderie, stirerie",G) Personale di servizio e di fatica,municipio di Bengasi,F,1
355,subclass,"15.149 Lavanderie, stirerie",H) Operai,Libia,MF,34
355,subclass,"15.149 Lavanderie, stirerie",H) Operai,Libia,M,3
355,subclass,"15.149 Lavanderie, stirerie",H) Operai,Libia,F,31
355,subclass,"15.149 Lavanderie, stirerie",H) Operai,municipio di Tripoli,MF,15
355,subclass,"15.149 Lavanderie, stirerie",H) Operai,municipio di Tripoli,M,1
355,subclass,"15.149 Lavanderie, stirerie",H) Operai,municipio di Tripoli,F,14
355,subclass,"15.149 Lavanderie, stirerie",H) Operai,municipio di Bengasi,MF,18
355,subclass,"15.149 Lavanderie, stirerie",H) Operai,municipio di Bengasi,M,2
355,subclass,"15.149 Lavanderie, stirerie",H) Operai,municipio di Bengasi,F,16
356,subclass,"15.149 Lavanderie, stirerie",I) Lavoranti a domicilio,Libia,MF,4
356,subclass,"15.149 Lavanderie, stirerie",I) Lavoranti a domicilio,Libia,M,0
356,subclass,"15.149 Lavanderie, stirerie",I) Lavoranti a domicilio,Libia,F,4
356,subclass,"15.149 Lavanderie, stirerie",I) Lavoranti a domicilio,municipio di Tripoli,MF,1
356,subclass,"15.149 Lavanderie, stirerie",I) Lavoranti a domicilio,municipio di Tripoli,M,0
356,subclass,"15.149 Lavanderie, stirerie",I) Lavoranti a domicilio,municipio di Tripoli,F,1
356,subclass,"15.149 Lavanderie, stirerie",I) Lavoranti a domicilio,municipio di Bengasi,MF,3
356,subclass,"15.149 Lavanderie, stirerie",I) Lavoranti a domicilio,municipio di Bengasi,M,0
356,subclass,"15.149 Lavanderie, stirerie",I) Lavoranti a domicilio,municipio di Bengasi,F,3
357,subclass,"15.149 Lavanderie, stirerie",Totale,Libia,MF,104
357,subclass,"15.149 Lavanderie, stirerie",Totale,Libia,M,13
357,subclass,"15.149 Lavanderie, stirerie",Totale,Libia,F,91
357,subclass,"15.149 Lavanderie, stirerie",Totale,municipio di Tripoli,MF,54
357,subclass,"15.149 Lavanderie, stirerie",Totale,municipio di Tripoli,M,9
357,subclass,"15.149 Lavanderie, stirerie",Totale,municipio di Tripoli,F,45
357,subclass,"15.149 Lavanderie, stirerie",Totale,municipio di Bengasi,MF,35
357,subclass,"15.149 Lavanderie, stirerie",Totale,municipio di Bengasi,M,2
357,subclass,"15.149 Lavanderie, stirerie",Totale,municipio di Bengasi,F,33
358,subclass,"15.149 Lavanderie, stirerie",di cui familiari coadiuvanti,Libia,MF,16
358,subclass,"15.149 Lavanderie, stirerie",di cui familiari coadiuvanti,Libia,M,4
358,subclass,"15.149 Lavanderie, stirerie",di cui familiari coadiuvanti,Libia,F,12
358,subclass,"15.149 Lavanderie, stirerie",di cui familiari coadiuvanti,municipio di Tripoli,MF,13
358,subclass,"15.149 Lavanderie, stirerie",di cui familiari coadiuvanti,municipio di Tripoli,M,3
358,subclass,"15.149 Lavanderie, stirerie",di cui familiari coadiuvanti,municipio di Tripoli,F,10
358,subclass,"15.149 Lavanderie, stirerie",di cui familiari coadiuvanti,municipio di Bengasi,MF,2
358,subclass,"15.149 Lavanderie, stirerie",di cui familiari coadiuvanti,municipio di Bengasi,M,0
358,subclass,"15.149 Lavanderie, stirerie",di cui familiari coadiuvanti,municipio di Bengasi,F,2
359,class,16. Servizi igienici e sanitari,A) Padroni,Libia,MF,2
359,class,16. Servizi igienici e sanitari,A) Padroni,Libia,M,1
359,class,16. Servizi igienici e sanitari,A) Padroni,Libia,F,1
359,class,16. Servizi igienici e sanitari,A) Padroni,municipio di Tripoli,MF,2
359,class,16. Servizi igienici e sanitari,A) Padroni,municipio di Tripoli,M,1
359,class,16. Servizi igienici e sanitari,A) Padroni,municipio di Tripoli,F,1
359,class,16. Servizi igienici e sanitari,A) Padroni,municipio di Bengasi,MF,0
359,class,16. Servizi igienici e sanitari,A) Padroni,municipio di Bengasi,M,0
359,class,16. Servizi igienici e sanitari,A) Padroni,municipio di Bengasi,F,0
360,class,16. Servizi igienici e sanitari,B) Artigiani con dipendenti,Libia,MF,70
360,class,16. Servizi igienici e sanitari,B) Artigiani con dipendenti,Libia,M,68
360,class,16. Servizi igienici e sanitari,B) Artigiani con dipendenti,Libia,F,2
360,class,16. Servizi igienici e sanitari,B) Artigiani con dipendenti,municipio di Tripoli,MF,43
360,class,16. Servizi igienici e sanitari,B) Artigiani con dipendenti,municipio di Tripoli,M,43
360,class,16. Servizi igienici e sanitari,B) Artigiani con dipendenti,municipio di Tripoli,F,0
360,class,16. Servizi igienici e sanitari,B) Artigiani con dipendenti,municipio di Bengasi,MF,23
360,class,16. Servizi igienici e sanitari,B) Artigiani con dipendenti,municipio di Bengasi,M,21
360,class,16. Servizi igienici e sanitari,B) Artigiani con dipendenti,municipio di Bengasi,F,2
361,class,16. Servizi igienici e sanitari,C) Artigiani senza dipendenti,Libia,MF,96
361,class,16. Servizi igienici e sanitari,C) Artigiani senza dipendenti,Libia,M,93
361,class,16. Servizi igienici e sanitari,C) Artigiani senza dipendenti,Libia,F,3
361,class,16. Servizi igienici e sanitari,C) Artigiani senza dipendenti,municipio di Tripoli,MF,38
361,class,16. Servizi igienici e sanitari,C) Artigiani senza dipendenti,municipio di Tripoli,M,37
361,class,16. Servizi igienici e sanitari,C) Artigiani senza dipendenti,municipio di Tripoli,F,1
361,class,16. Servizi igienici e sanitari,C) Artigiani senza dipendenti,municipio di Bengasi,MF,32
361,class,16. Servizi igienici e sanitari,C) Artigiani senza dipendenti,municipio di Bengasi,M,30
361,class,16. Servizi igienici e sanitari,C) Artigiani senza dipendenti,municipio di Bengasi,F,2
362,class,16. Servizi igienici e sanitari,F) Impiegati,Libia,MF,3
362,class,16. Servizi igienici e sanitari,F) Impiegati,Libia,M,1
362,class,16. Servizi igienici e sanitari,F) Impiegati,Libia,F,2
362,class,16. Servizi igienici e sanitari,F) Impiegati,municipio di Tripoli,MF,3
362,class,16. Servizi igienici e sanitari,F) Impiegati,municipio di Tripoli,M,1
362,class,16. Servizi igienici e sanitari,F) Impiegati,municipio di Tripoli,F,2
362,class,16. Servizi igienici e sanitari,F) Impiegati,municipio di Bengasi,MF,0
362,class,16. Servizi igienici e sanitari,F) Impiegati,municipio di Bengasi,M,0
362,class,16. Servizi igienici e sanitari,F) Impiegati,municipio di Bengasi,F,0
363,class,16. Servizi igienici e sanitari,G) Personale di servizio e di fatica,Libia,MF,2
363,class,16. Servizi igienici e sanitari,G) Personale di servizio e di fatica,Libia,M,1
363,class,16. Servizi igienici e sanitari,G) Personale di servizio e di fatica,Libia,F,1
363,class,16. Servizi igienici e sanitari,G) Personale di servizio e di fatica,municipio di Tripoli,MF,2
363,class,16. Servizi igienici e sanitari,G) Personale di servizio e di fatica,municipio di Tripoli,M,1
363,class,16. Servizi igienici e sanitari,G) Personale di servizio e di fatica,municipio di Tripoli,F,1
363,class,16. Servizi igienici e sanitari,G) Personale di servizio e di fatica,municipio di Bengasi,MF,0
363,class,16. Servizi igienici e sanitari,G) Personale di servizio e di fatica,municipio di Bengasi,M,0
363,class,16. Servizi igienici e sanitari,G) Personale di servizio e di fatica,municipio di Bengasi,F,0
364,class,16. Servizi igienici e sanitari,H) Operai,Libia,MF,192
364,class,16. Servizi igienici e sanitari,H) Operai,Libia,M,179
364,class,16. Servizi igienici e sanitari,H) Operai,Libia,F,13
364,class,16. Servizi igienici e sanitari,H) Operai,municipio di Tripoli,MF,123
364,class,16. Servizi igienici e sanitari,H) Operai,municipio di Tripoli,M,113
364,class,16. Servizi igienici e sanitari,H) Operai,municipio di Tripoli,F,10
364,class,16. Servizi igienici e sanitari,H) Operai,municipio di Bengasi,MF,57
364,class,16. Servizi igienici e sanitari,H) Operai,municipio di Bengasi,M,54
364,class,16. Servizi igienici e sanitari,H) Operai,municipio di Bengasi,F,3
365,class,16. Servizi igienici e sanitari,Totale,Libia,MF,365
365,class,16. Servizi igienici e sanitari,Totale,Libia,M,343
365,class,16. Servizi igienici e sanitari,Totale,Libia,F,22
365,class,16. Servizi igienici e sanitari,Totale,municipio di Tripoli,MF,211
365,class,16. Servizi igienici e sanitari,Totale,municipio di Tripoli,M,196
365,class,16. Servizi igienici e sanitari,Totale,municipio di Tripoli,F,15
365,class,16. Servizi igienici e sanitari,Totale,municipio di Bengasi,MF,112
365,class,16. Servizi igienici e sanitari,Totale,municipio di Bengasi,M,105
365,class,16. Servizi igienici e sanitari,Totale,municipio di Bengasi,F,7
366,class,16. Servizi igienici e sanitari,di cui familiari coadiuvanti,Libia,MF,19
366,class,16. Servizi igienici e sanitari,di cui familiari coadiuvanti,Libia,M,19
366,class,16. Servizi igienici e sanitari,di cui familiari coadiuvanti,Libia,F,0
366,class,16. Servizi igienici e sanitari,di cui familiari coadiuvanti,municipio di Tripoli,MF,12
366,class,16. Servizi igienici e sanitari,di cui familiari coadiuvanti,municipio di Tripoli,M,12
366,class,16. Servizi igienici e sanitari,di cui familiari coadiuvanti,municipio di Tripoli,F,0
366,class,16. Servizi igienici e sanitari,di cui familiari coadiuvanti,municipio di Bengasi,MF,6
366,class,16. Servizi igienici e sanitari,di cui familiari coadiuvanti,municipio di Bengasi,M,6
366,class,16. Servizi igienici e sanitari,di cui familiari coadiuvanti,municipio di Bengasi,F,0
367,subclass,16.152 Igiene ed estetica della persona,B) Artigiani con dipendenti,Libia,MF,70
367,subclass,16.152 Igiene ed estetica della persona,B) Artigiani con dipendenti,Libia,M,68
367,subclass,16.152 Igiene ed estetica della persona,B) Artigiani con dipendenti,Libia,F,2
367,subclass,16.152 Igiene ed estetica della persona,B) Artigiani con dipendenti,municipio di Tripoli,MF,43
367,subclass,16.152 Igiene ed estetica della persona,B) Artigiani con dipendenti,municipio di Tripoli,M,43
367,subclass,16.152 Igiene ed estetica della persona,B) Artigiani con dipendenti,municipio di Tripoli,F,0
367,subclass,16.152 Igiene ed estetica della persona,B) Artigiani con dipendenti,municipio di Bengasi,MF,23
367,subclass,16.152 Igiene ed estetica della persona,B) Artigiani con dipendenti,municipio di Bengasi,M,21
367,subclass,16.152 Igiene ed estetica della persona,B) Artigiani con dipendenti,municipio di Bengasi,F,2
368,subclass,16.152 Igiene ed estetica della persona,C) Artigiani senza dipendenti,Libia,MF,96
368,subclass,16.152 Igiene ed estetica della persona,C) Artigiani senza dipendenti,Libia,M,93
368,subclass,16.152 Igiene ed estetica della persona,C) Artigiani senza dipendenti,Libia,F,3
368,subclass,16.152 Igiene ed estetica della persona,C) Artigiani senza dipendenti,municipio di Tripoli,MF,38
368,subclass,16.152 Igiene ed estetica della persona,C) Artigiani senza dipendenti,municipio di Tripoli,M,37
368,subclass,16.152 Igiene ed estetica della persona,C) Artigiani senza dipendenti,municipio di Tripoli,F,1
368,subclass,16.152 Igiene ed estetica della persona,C) Artigiani senza dipendenti,municipio di Bengasi,MF,32
368,subclass,16.152 Igiene ed estetica della persona,C) Artigiani senza dipendenti,municipio di Bengasi,M,30
368,subclass,16.152 Igiene ed estetica della persona,C) Artigiani senza dipendenti,municipio di Bengasi,F,2
369,subclass,16.152 Igiene ed estetica della persona,F) Impiegati,Libia,MF,1
369,subclass,16.152 Igiene ed estetica della persona,F) Impiegati,Libia,M,0
369,subclass,16.152 Igiene ed estetica della persona,F) Impiegati,Libia,F,1
369,subclass,16.152 Igiene ed estetica della persona,F) Impiegati,municipio di Tripoli,MF,1
369,subclass,16.152 Igiene ed estetica della persona,F) Impiegati,municipio di Tripoli,M,0
369,subclass,16.152 Igiene ed estetica della persona,F) Impiegati,municipio di Tripoli,F,1
369,subclass,16.152 Igiene ed estetica della persona,F) Impiegati,municipio di Bengasi,MF,0
369,subclass,16.152 Igiene ed estetica della persona,F) Impiegati,municipio di Bengasi,M,0
369,subclass,16.152 Igiene ed estetica della persona,F) Impiegati,municipio di Bengasi,F,0
370,subclass,16.152 Igiene ed estetica della persona,G) Personale di servizio e di fatica,Libia,MF,1
370,subclass,16.152 Igiene ed estetica della persona,G) Personale di servizio e di fatica,Libia,M,0
370,subclass,16.152 Igiene ed estetica della persona,G) Personale di servizio e di fatica,Libia,F,1
370,subclass,16.152 Igiene ed estetica della persona,G) Personale di servizio e di fatica,municipio di Tripoli,MF,1
370,subclass,16.152 Igiene ed estetica della persona,G) Personale di servizio e di fatica,municipio di Tripoli,M,0
370,subclass,16.152 Igiene ed estetica della persona,G) Personale di servizio e di fatica,municipio di Tripoli,F,1
370,subclass,16.152 Igiene ed estetica della persona,G) Personale di servizio e di fatica,municipio di Bengasi,MF,0
370,subclass,16.152 Igiene ed estetica della persona,G) Personale di servizio e di fatica,municipio di Bengasi,M,0
370,subclass,16.152 Igiene ed estetica della persona,G) Personale di servizio e di fatica,municipio di Bengasi,F,0
371,subclass,16.152 Igiene ed estetica della persona,H) Operai,Libia,MF,191
371,subclass,16.152 Igiene ed estetica della persona,H) Operai,Libia,M,179
371,subclass,16.152 Igiene ed estetica della persona,H) Operai,Libia,F,12
371,subclass,16.152 Igiene ed estetica della persona,H) Operai,municipio di Tripoli,MF,122
371,subclass,16.152 Igiene ed estetica della persona,H) Operai,municipio di Tripoli,M,113
371,subclass,16.152 Igiene ed estetica della persona,H) Operai,municipio di Tripoli,F,9
371,subclass,16.152 Igiene ed estetica della persona,H) Operai,municipio di Bengasi,MF,57
371,subclass,16.152 Igiene ed estetica della persona,H) Operai,municipio di Bengasi,M,54
371,subclass,16.152 Igiene ed estetica della persona,H) Operai,municipio di Bengasi,F,3
372,subclass,16.152 Igiene ed estetica della persona,Totale,Libia,MF,359
372,subclass,16.152 Igiene ed estetica della persona,Totale,Libia,M,340
372,subclass,16.152 Igiene ed estetica della persona,Totale,Libia,F,19
372,subclass,16.152 Igiene ed estetica della persona,Totale,municipio di Tripoli,MF,205
372,subclass,16.152 Igiene ed estetica della persona,Totale,municipio di Tripoli,M,193
372,subclass,16.152 Igiene ed estetica della persona,Totale,municipio di Tripoli,F,12
372,subclass,16.152 Igiene ed estetica della persona,Totale,municipio di Bengasi,MF,112
372,subclass,16.152 Igiene ed estetica della persona,Totale,municipio di Bengasi,M,105
372,subclass,16.152 Igiene ed estetica della persona,Totale,municipio di Bengasi,F,7
373,subclass,16.152 Igiene ed estetica della persona,di cui familiari coadiuvanti,Libia,MF,19
373,subclass,16.152 Igiene ed estetica della persona,di cui familiari coadiuvanti,Libia,M,19
373,subclass,16.152 Igiene ed estetica della persona,di cui familiari coadiuvanti,Libia,F,0
373,subclass,16.152 Igiene ed estetica della persona,di cui familiari coadiuvanti,municipio di Tripoli,MF,12
373,subclass,16.152 Igiene ed estetica della persona,di cui familiari coadiuvanti,municipio di Tripoli,M,12
373,subclass,16.152 Igiene ed estetica della persona,di cui familiari coadiuvanti,municipio di Tripoli,F,0
373,subclass,16.152 Igiene ed estetica della persona,di cui familiari coadiuvanti,municipio di Bengasi,MF,6
373,subclass,16.152 Igiene ed estetica della persona,di cui familiari coadiuvanti,municipio di Bengasi,M,6
373,subclass,16.152 Igiene ed estetica della persona,di cui familiari coadiuvanti,municipio di Bengasi,F,0
374,class,17. Servizi privati di pulizia e disinfezione,A) Padroni,Libia,MF,5
374,class,17. Servizi privati di pulizia e disinfezione,A) Padroni,Libia,M,5
374,class,17. Servizi privati di pulizia e disinfezione,A) Padroni,Libia,F,0
374,class,17. Servizi privati di pulizia e disinfezione,A) Padroni,municipio di Tripoli,MF,2
374,class,17. Servizi privati di pulizia e disinfezione,A) Padroni,municipio di Tripoli,M,2
374,class,17. Servizi privati di pulizia e disinfezione,A) Padroni,municipio di Tripoli,F,0
374,class,17. Servizi privati di pulizia e disinfezione,A) Padroni,municipio di Bengasi,MF,3
374,class,17. Servizi privati di pulizia e disinfezione,A) Padroni,municipio di Bengasi,M,3
374,class,17. Servizi privati di pulizia e disinfezione,A) Padroni,municipio di Bengasi,F,0
375,class,17. Servizi privati di pulizia e disinfezione,F) Impiegati,Libia,MF,2
375,class,17. Servizi privati di pulizia e disinfezione,F) Impiegati,Libia,M,2
375,class,17. Servizi privati di pulizia e disinfezione,F) Impiegati,Libia,F,0
375,class,17. Servizi privati di pulizia e disinfezione,F) Impiegati,municipio di Tripoli,MF,2
375,class,17. Servizi privati di pulizia e disinfezione,F) Impiegati,municipio di Tripoli,M,2
375,class,17. Servizi privati di pulizia e disinfezione,F) Impiegati,municipio di Tripoli,F,0
375,class,17. Servizi privati di pulizia e disinfezione,F) Impiegati,municipio di Bengasi,MF,0
375,class,17. Servizi privati di pulizia e disinfezione,F) Impiegati,municipio di Bengasi,M,0
375,class,17. Servizi privati di pulizia e disinfezione,F) Impiegati,municipio di Bengasi,F,0
376,class,17. Servizi privati di pulizia e disinfezione,H) Operai,Libia,MF,4
376,class,17. Servizi privati di pulizia e disinfezione,H) Operai,Libia,M,4
376,class,17. Servizi privati di pulizia e disinfezione,H) Operai,Libia,F,0
376,class,17. Servizi privati di pulizia e disinfezione,H) Operai,municipio di Tripoli,MF,4
376,class,17. Servizi privati di pulizia e disinfezione,H) Operai,municipio di Tripoli,M,4
376,class,17. Servizi privati di pulizia e disinfezione,H) Operai,municipio di Tripoli,F,0
376,class,17. Servizi privati di pulizia e disinfezione,H) Operai,municipio di Bengasi,MF,0
376,class,17. Servizi privati di pulizia e disinfezione,H) Operai,municipio di Bengasi,M,0
376,class,17. Servizi privati di pulizia e disinfezione,H) Operai,municipio di Bengasi,F,0
377,class,17. Servizi privati di pulizia e disinfezione,Totale,Libia,MF,11
377,class,17. Servizi privati di pulizia e disinfezione,Totale,Libia,M,11
377,class,17. Servizi privati di pulizia e disinfezione,Totale,Libia,F,0
377,class,17. Servizi privati di pulizia e disinfezione,Totale,municipio di Tripoli,MF,8
377,class,17. Servizi privati di pulizia e disinfezione,Totale,municipio di Tripoli,M,8
377,class,17. Servizi privati di pulizia e disinfezione,Totale,municipio di Tripoli,F,0
377,class,17. Servizi privati di pulizia e disinfezione,Totale,municipio di Bengasi,MF,3
377,class,17. Servizi privati di pulizia e disinfezione,Totale,municipio di Bengasi,M,3
377,class,17. Servizi privati di pulizia e disinfezione,Totale,municipio di Bengasi,F,0
378,class,18. Industrie chimiche,A) Padroni,Libia,MF,26
378,class,18. Industrie chimiche,A) Padroni,Libia,M,24
378,class,18. Industrie chimiche,A) Padroni,Libia,F,2
378,class,18. Industrie chimiche,A) Padroni,municipio di Tripoli,MF,23
378,class,18. Industrie chimiche,A) Padroni,municipio di Tripoli,M,22
378,class,18. Industrie chimiche,A) Padroni,municipio di Tripoli,F,1
378,class,18. Industrie chimiche,A) Padroni,municipio di Bengasi,MF,3
378,class,18. Industrie chimiche,A) Padroni,municipio di Bengasi,M,2
378,class,18. Industrie chimiche,A) Padroni,municipio di Bengasi,F,1
379,class,18. Industrie chimiche,E) Dirigenti,Libia,MF,3
379,class,18. Industrie chimiche,E) Dirigenti,Libia,M,3
379,class,18. Industrie chimiche,E) Dirigenti,Libia,F,0
379,class,18. Industrie chimiche,E) Dirigenti,municipio di Tripoli,MF,1
379,class,18. Industrie chimiche,E) Dirigenti,municipio di Tripoli,M,1
379,class,18. Industrie chimiche,E) Dirigenti,municipio di Tripoli,F,0
379,class,18. Industrie chimiche,E) Dirigenti,municipio di Bengasi,MF,1
379,class,18. Industrie chimiche,E) Dirigenti,municipio di Bengasi,M,1
379,class,18. Industrie chimiche,E) Dirigenti,municipio di Bengasi,F,0
380,class,18. Industrie chimiche,F) Impiegati,Libia,MF,24
380,class,18. Industrie chimiche,F) Impiegati,Libia,M,19
380,class,18. Industrie chimiche,F) Impiegati,Libia,F,5
380,class,18. Industrie chimiche,F) Impiegati,municipio di Tripoli,MF,16
380,class,18. Industrie chimiche,F) Impiegati,municipio di Tripoli,M,11
380,class,18. Industrie chimiche,F) Impiegati,municipio di Tripoli,F,5
380,class,18. Industrie chimiche,F) Impiegati,municipio di Bengasi,MF,4
380,class,18. Industrie chimiche,F) Impiegati,municipio di Bengasi,M,4
380,class,18. Industrie chimiche,F) Impiegati,municipio di Bengasi,F,0
381,class,18. Industrie chimiche,G) Personale di servizio e di fatica,Libia,MF,10
381,class,18. Industrie chimiche,G) Personale di servizio e di fatica,Libia,M,9
381,class,18. Industrie chimiche,G) Personale di servizio e di fatica,Libia,F,1
381,class,18. Industrie chimiche,G) Personale di servizio e di fatica,municipio di Tripoli,MF,9
381,class,18. Industrie chimiche,G) Personale di servizio e di fatica,municipio di Tripoli,M,8
381,class,18. Industrie chimiche,G) Personale di servizio e di fatica,municipio di Tripoli,F,1
381,class,18. Industrie chimiche,G) Personale di servizio e di fatica,municipio di Bengasi,MF,0
381,class,18. Industrie chimiche,G) Personale di servizio e di fatica,municipio di Bengasi,M,0
381,class,18. Industrie chimiche,G) Personale di servizio e di fatica,municipio di Bengasi,F,0
382,class,18. Industrie chimiche,H) Operai,Libia,MF,208
382,class,18. Industrie chimiche,H) Operai,Libia,M,33
382,class,18. Industrie chimiche,H) Operai,Libia,F,175
382,class,18. Industrie chimiche,H) Operai,municipio di Tripoli,MF,100
382,class,18. Industrie chimiche,H) Operai,municipio di Tripoli,M,26
382,class,18. Industrie chimiche,H) Operai,municipio di Tripoli,F,74
382,class,18. Industrie chimiche,H) Operai,municipio di Bengasi,MF,4
382,class,18. Industrie chimiche,H) Operai,municipio di Bengasi,M,4
382,class,18. Industrie chimiche,H) Operai,municipio di Bengasi,F,0
383,class,18. Industrie chimiche,Totale,Libia,MF,271
383,class,18. Industrie chimiche,Totale,Libia,M,88
383,class,18. Industrie chimiche,Totale,Libia,F,183
383,class,18. Industrie chimiche,Totale,municipio di Tripoli,MF,149
383,class,18. Industrie chimiche,Totale,municipio di Tripoli,M,68
383,class,18. Industrie chimiche,Totale,municipio di Tripoli,F,81
383,class,18. Industrie chimiche,Totale,municipio di Bengasi,MF,12
383,class,18. Industrie chimiche,Totale,municipio di Bengasi,M,11
383,class,18. Industrie chimiche,Totale,municipio di Bengasi,F,1
384,class,18. Industrie chimiche,di cui familiari coadiuvanti,Libia,MF,7
384,class,18. Industrie chimiche,di cui familiari coadiuvanti,Libia,M,6
384,class,18. Industrie chimiche,di cui familiari coadiuvanti,Libia,F,1
384,class,18. Industrie chimiche,di cui familiari coadiuvanti,municipio di Tripoli,MF,6
384,class,18. Industrie chimiche,di cui familiari coadiuvanti,municipio di Tripoli,M,6
384,class,18. Industrie chimiche,di cui familiari coadiuvanti,municipio di Tripoli,F,0
384,class,18. Industrie chimiche,di cui familiari coadiuvanti,municipio di Bengasi,MF,1
384,class,18. Industrie chimiche,di cui familiari coadiuvanti,municipio di Bengasi,M,0
384,class,18. Industrie chimiche,di cui familiari coadiuvanti,municipio di Bengasi,F,1
385,subclass,18.186 Lavorazione e confezione dei tabacchi,F) Impiegati,Libia,MF,11
385,subclass,18.186 Lavorazione e confezione dei tabacchi,F) Impiegati,Libia,M,6
385,subclass,18.186 Lavorazione e confezione dei tabacchi,F) Impiegati,Libia,F,5
385,subclass,18.186 Lavorazione e confezione dei tabacchi,F) Impiegati,municipio di Tripoli,MF,8
385,subclass,18.186 Lavorazione e confezione dei tabacchi,F) Impiegati,municipio di Tripoli,M,3
385,subclass,18.186 Lavorazione e confezione dei tabacchi,F) Impiegati,municipio di Tripoli,F,5
385,subclass,18.186 Lavorazione e confezione dei tabacchi,F) Impiegati,municipio di Bengasi,MF,0
385,subclass,18.186 Lavorazione e confezione dei tabacchi,F) Impiegati,municipio di Bengasi,M,0
385,subclass,18.186 Lavorazione e confezione dei tabacchi,F) Impiegati,municipio di Bengasi,F,0
386,subclass,18.186 Lavorazione e confezione dei tabacchi,G) Personale di servizio e di fatica,Libia,MF,9
386,subclass,18.186 Lavorazione e confezione dei tabacchi,G) Personale di servizio e di fatica,Libia,M,8
386,subclass,18.186 Lavorazione e confezione dei tabacchi,G) Personale di servizio e di fatica,Libia,F,1
386,subclass,18.186 Lavorazione e confezione dei tabacchi,G) Personale di servizio e di fatica,municipio di Tripoli,MF,8
386,subclass,18.186 Lavorazione e confezione dei tabacchi,G) Personale di servizio e di fatica,municipio di Tripoli,M,7
386,subclass,18.186 Lavorazione e confezione dei tabacchi,G) Personale di servizio e di fatica,municipio di Tripoli,F,1
386,subclass,18.186 Lavorazione e confezione dei tabacchi,G) Personale di servizio e di fatica,municipio di Bengasi,MF,0
386,subclass,18.186 Lavorazione e confezione dei tabacchi,G) Personale di servizio e di fatica,municipio di Bengasi,M,0
386,subclass,18.186 Lavorazione e confezione dei tabacchi,G) Personale di servizio e di fatica,municipio di Bengasi,F,0
387,subclass,18.186 Lavorazione e confezione dei tabacchi,H) Operai,Libia,MF,184
387,subclass,18.186 Lavorazione e confezione dei tabacchi,H) Operai,Libia,M,19
387,subclass,18.186 Lavorazione e confezione dei tabacchi,H) Operai,Libia,F,165
387,subclass,18.186 Lavorazione e confezione dei tabacchi,H) Operai,municipio di Tripoli,MF,80
387,subclass,18.186 Lavorazione e confezione dei tabacchi,H) Operai,municipio di Tripoli,M,16
387,subclass,18.186 Lavorazione e confezione dei tabacchi,H) Operai,municipio di Tripoli,F,64
387,subclass,18.186 Lavorazione e confezione dei tabacchi,H) Operai,municipio di Bengasi,MF,0
387,subclass,18.186 Lavorazione e confezione dei tabacchi,H) Operai,municipio di Bengasi,M,0
387,subclass,18.186 Lavorazione e confezione dei tabacchi,H) Operai,municipio di Bengasi,F,0
388,subclass,18.186 Lavorazione e confezione dei tabacchi,Totale,Libia,MF,204
388,subclass,18.186 Lavorazione e confezione dei tabacchi,Totale,Libia,M,33
388,subclass,18.186 Lavorazione e confezione dei tabacchi,Totale,Libia,F,171
388,subclass,18.186 Lavorazione e confezione dei tabacchi,Totale,municipio di Tripoli,MF,96
388,subclass,18.186 Lavorazione e confezione dei tabacchi,Totale,municipio di Tripoli,M,26
388,subclass,18.186 Lavorazione e confezione dei tabacchi,Totale,municipio di Tripoli,F,70
388,subclass,18.186 Lavorazione e confezione dei tabacchi,Totale,municipio di Bengasi,MF,0
388,subclass,18.186 Lavorazione e confezione dei tabacchi,Totale,municipio di Bengasi,M,0
388,subclass,18.186 Lavorazione e confezione dei tabacchi,Totale,municipio di Bengasi,F,0
389,class,"19. Forza motrice, luce, calore ed acqua",A) Padroni,Libia,MF,4
389,class,"19. Forza motrice, luce, calore ed acqua",A) Padroni,Libia,M,4
389,class,"19. Forza motrice, luce, calore ed acqua",A) Padroni,Libia,F,0
389,class,"19. Forza motrice, luce, calore ed acqua",A) Padroni,municipio di Tripoli,MF,2
389,class,"19. Forza motrice, luce, calore ed acqua",A) Padroni,municipio di Tripoli,M,2
389,class,"19. Forza motrice, luce, calore ed acqua",A) Padroni,municipio di Tripoli,F,0
389,class,"19. Forza motrice, luce, calore ed acqua",A) Padroni,municipio di Bengasi,MF,0
389,class,"19. Forza motrice, luce, calore ed acqua",A) Padroni,municipio di Bengasi,M,0
389,class,"19. Forza motrice, luce, calore ed acqua",A) Padroni,municipio di Bengasi,F,0
390,class,"19. Forza motrice, luce, calore ed acqua",E) Dirigenti,Libia,MF,6
390,class,"19. Forza motrice, luce, calore ed acqua",E) Dirigenti,Libia,M,6
390,class,"19. Forza motrice, luce, calore ed acqua",E) Dirigenti,Libia,F,0
390,class,"19. Forza motrice, luce, calore ed acqua",E) Dirigenti,municipio di Tripoli,MF,1
390,class,"19. Forza motrice, luce, calore ed acqua",E) Dirigenti,municipio di Tripoli,M,1
390,class,"19. Forza motrice, luce, calore ed acqua",E) Dirigenti,municipio di Tripoli,F,0
390,class,"19. Forza motrice, luce, calore ed acqua",E) Dirigenti,municipio di Bengasi,MF,1
390,class,"19. Forza motrice, luce, calore ed acqua",E) Dirigenti,municipio di Bengasi,M,1
390,class,"19. Forza motrice, luce, calore ed acqua",E) Dirigenti,municipio di Bengasi,F,0
391,class,"19. Forza motrice, luce, calore ed acqua",F) Impiegati,Libia,MF,54
391,class,"19. Forza motrice, luce, calore ed acqua",F) Impiegati,Libia,M,50
391,class,"19. Forza motrice, luce, calore ed acqua",F) Impiegati,Libia,F,4
391,class,"19. Forza motrice, luce, calore ed acqua",F) Impiegati,municipio di Tripoli,MF,30
391,class,"19. Forza motrice, luce, calore ed acqua",F) Impiegati,municipio di Tripoli,M,28
391,class,"19. Forza motrice, luce, calore ed acqua",F) Impiegati,municipio di Tripoli,F,2
391,class,"19. Forza motrice, luce, calore ed acqua",F) Impiegati,municipio di Bengasi,MF,19
391,class,"19. Forza motrice, luce, calore ed acqua",F) Impiegati,municipio di Bengasi,M,18
391,class,"19. Forza motrice, luce, calore ed acqua",F) Impiegati,municipio di Bengasi,F,1
392,class,"19. Forza motrice, luce, calore ed acqua",G) Personale di servizio e di fatica,Libia,MF,3
392,class,"19. Forza motrice, luce, calore ed acqua",G) Personale di servizio e di fatica,Libia,M,3
392,class,"19. Forza motrice, luce, calore ed acqua",G) Personale di servizio e di fatica,Libia,F,0
392,class,"19. Forza motrice, luce, calore ed acqua",G) Personale di servizio e di fatica,municipio di Tripoli,MF,2
392,class,"19. Forza motrice, luce, calore ed acqua",G) Personale di servizio e di fatica,municipio di Tripoli,M,2
392,class,"19. Forza motrice, luce, calore ed acqua",G) Personale di servizio e di fatica,municipio di Tripoli,F,0
392,class,"19. Forza motrice, luce, calore ed acqua",G) Personale di servizio e di fatica,municipio di Bengasi,MF,1
392,class,"19. Forza motrice, luce, calore ed acqua",G) Personale di servizio e di fatica,municipio di Bengasi,M,1
392,class,"19. Forza motrice, luce, calore ed acqua",G) Personale di servizio e di fatica,municipio di Bengasi,F,0
393,class,"19. Forza motrice, luce, calore ed acqua",H) Operai,Libia,MF,155
393,class,"19. Forza motrice, luce, calore ed acqua",H) Operai,Libia,M,155
393,class,"19. Forza motrice, luce, calore ed acqua",H) Operai,Libia,F,0
393,class,"19. Forza motrice, luce, calore ed acqua",H) Operai,municipio di Tripoli,MF,91
393,class,"19. Forza motrice, luce, calore ed acqua",H) Operai,municipio di Tripoli,M,91
393,class,"19. Forza motrice, luce, calore ed acqua",H) Operai,municipio di Tripoli,F,0
393,class,"19. Forza motrice, luce, calore ed acqua",H) Operai,municipio di Bengasi,MF,32
393,class,"19. Forza motrice, luce, calore ed acqua",H) Operai,municipio di Bengasi,M,32
393,class,"19. Forza motrice, luce, calore ed acqua",H) Operai,municipio di Bengasi,F,0
394,class,"19. Forza motrice, luce, calore ed acqua",Totale,Libia,MF,222
394,class,"19. Forza motrice, luce, calore ed acqua",Totale,Libia,M,218
394,class,"19. Forza motrice, luce, calore ed acqua",Totale,Libia,F,4
394,class,"19. Forza motrice, luce, calore ed acqua",Totale,municipio di Tripoli,MF,126
394,class,"19. Forza motrice, luce, calore ed acqua",Totale,municipio di Tripoli,M,124
394,class,"19. Forza motrice, luce, calore ed acqua",Totale,municipio di Tripoli,F,2
394,class,"19. Forza motrice, luce, calore ed acqua",Totale,municipio di Bengasi,MF,53
394,class,"19. Forza motrice, luce, calore ed acqua",Totale,municipio di Bengasi,M,52
394,class,"19. Forza motrice, luce, calore ed acqua",Totale,municipio di Bengasi,F,1
395,subclass,19.187 Energia elettrica,A) Padroni,Libia,MF,4
395,subclass,19.187 Energia elettrica,A) Padroni,Libia,M,4
395,subclass,19.187 Energia elettrica,A) Padroni,Libia,F,0
395,subclass,19.187 Energia elettrica,A) Padroni,municipio di Tripoli,MF,2
395,subclass,19.187 Energia elettrica,A) Padroni,municipio di Tripoli,M,2
395,subclass,19.187 Energia elettrica,A) Padroni,municipio di Tripoli,F,0
395,subclass,19.187 Energia elettrica,A) Padroni,municipio di Bengasi,MF,0
395,subclass,19.187 Energia elettrica,A) Padroni,municipio di Bengasi,M,0
395,subclass,19.187 Energia elettrica,A) Padroni,municipio di Bengasi,F,0
396,subclass,19.187 Energia elettrica,E) Dirigenti,Libia,MF,5
396,subclass,19.187 Energia elettrica,E) Dirigenti,Libia,M,5
396,subclass,19.187 Energia elettrica,E) Dirigenti,Libia,F,0
396,subclass,19.187 Energia elettrica,E) Dirigenti,municipio di Tripoli,MF,0
396,subclass,19.187 Energia elettrica,E) Dirigenti,municipio di Tripoli,M,0
396,subclass,19.187 Energia elettrica,E) Dirigenti,municipio di Tripoli,F,0
396,subclass,19.187 Energia elettrica,E) Dirigenti,municipio di Bengasi,MF,1
396,subclass,19.187 Energia elettrica,E) Dirigenti,municipio di Bengasi,M,1
396,subclass,19.187 Energia elettrica,E) Dirigenti,municipio di Bengasi,F,0
397,subclass,19.187 Energia elettrica,F) Impiegati,Libia,MF,46
397,subclass,19.187 Energia elettrica,F) Impiegati,Libia,M,42
397,subclass,19.187 Energia elettrica,F) Impiegati,Libia,F,4
397,subclass,19.187 Energia elettrica,F) Impiegati,municipio di Tripoli,MF,25
397,subclass,19.187 Energia elettrica,F) Impiegati,municipio di Tripoli,M,23
397,subclass,19.187 Energia elettrica,F) Impiegati,municipio di Tripoli,F,2
397,subclass,19.187 Energia elettrica,F) Impiegati,municipio di Bengasi,MF,17
397,subclass,19.187 Energia elettrica,F) Impiegati,municipio di Bengasi,M,16
397,subclass,19.187 Energia elettrica,F) Impiegati,municipio di Bengasi,F,1
398,subclass,19.187 Energia elettrica,G) Personale di servizio e di fatica,Libia,MF,3
398,subclass,19.187 Energia elettrica,G) Personale di servizio e di fatica,Libia,M,3
398,subclass,19.187 Energia elettrica,G) Personale di servizio e di fatica,Libia,F,0
398,subclass,19.187 Energia elettrica,G) Personale di servizio e di fatica,municipio di Tripoli,MF,2
398,subclass,19.187 Energia elettrica,G) Personale di servizio e di fatica,municipio di Tripoli,M,2
398,subclass,19.187 Energia elettrica,G) Personale di servizio e di fatica,municipio di Tripoli,F,0
398,subclass,19.187 Energia elettrica,G) Personale di servizio e di fatica,municipio di Bengasi,MF,1
398,subclass,19.187 Energia elettrica,G) Personale di servizio e di fatica,municipio di Bengasi,M,1
398,subclass,19.187 Energia elettrica,G) Personale di servizio e di fatica,municipio di Bengasi,F,0
399,subclass,19.187 Energia elettrica,H) Operai,Libia,MF,120
399,subclass,19.187 Energia elettrica,H) Operai,Libia,M,120
399,subclass,19.187 Energia elettrica,H) Operai,Libia,F,0
399,subclass,19.187 Energia elettrica,H) Operai,municipio di Tripoli,MF,59
399,subclass,19.187 Energia elettrica,H) Operai,municipio di Tripoli,M,59
399,subclass,19.187 Energia elettrica,H) Operai,municipio di Tripoli,F,0
399,subclass,19.187 Energia elettrica,H) Operai,municipio di Bengasi,MF,31
399,subclass,19.187 Energia elettrica,H) Operai,municipio di Bengasi,M,31
399,subclass,19.187 Energia elettrica,H) Operai,municipio di Bengasi,F,0
400,subclass,19.187 Energia elettrica,Totale,Libia,MF,178
400,subclass,19.187 Energia elettrica,Totale,Libia,M,174
400,subclass,19.187 Energia elettrica,Totale,Libia,F,4
400,subclass,19.187 Energia elettrica,Totale,municipio di Tripoli,MF,88
400,subclass,19.187 Energia elettrica,Totale,municipio di Tripoli,M,86
400,subclass,19.187 Energia elettrica,Totale,municipio di Tripoli,F,2
400,subclass,19.187 Energia elettrica,Totale,municipio di Bengasi,MF,50
400,subclass,19.187 Energia elettrica,Totale,municipio di Bengasi,M,49
400,subclass,19.187 Energia elettrica,Totale,municipio di Bengasi,F,1
401,class,20. Industria editoriale,E) Dirigenti,Libia,MF,1
401,class,20. Industria editoriale,E) Dirigenti,Libia,M,1
401,class,20. Industria editoriale,E) Dirigenti,Libia,F,0
401,class,20. Industria editoriale,E) Dirigenti,municipio di Tripoli,MF,1
401,class,20. Industria editoriale,E) Dirigenti,municipio di Tripoli,M,1
401,class,20. Industria editoriale,E) Dirigenti,municipio di Tripoli,F,0
401,class,20. Industria editoriale,E) Dirigenti,municipio di Bengasi,MF,0
401,class,20. Industria editoriale,E) Dirigenti,municipio di Bengasi,M,0
401,class,20. Industria editoriale,E) Dirigenti,municipio di Bengasi,F,0
402,class,20. Industria editoriale,F) Impiegati,Libia,MF,10
402,class,20. Industria editoriale,F) Impiegati,Libia,M,7
402,class,20. Industria editoriale,F) Impiegati,Libia,F,3
402,class,20. Industria editoriale,F) Impiegati,municipio di Tripoli,MF,5
402,class,20. Industria editoriale,F) Impiegati,municipio di Tripoli,M,4
402,class,20. Industria editoriale,F) Impiegati,municipio di Tripoli,F,1
402,class,20. Industria editoriale,F) Impiegati,municipio di Bengasi,MF,4
402,class,20. Industria editoriale,F) Impiegati,municipio di Bengasi,M,3
402,class,20. Industria editoriale,F) Impiegati,municipio di Bengasi,F,1
403,class,20. Industria editoriale,Totale,Libia,MF,11
403,class,20. Industria editoriale,Totale,Libia,M,8
403,class,20. Industria editoriale,Totale,Libia,F,3
403,class,20. Industria editoriale,Totale,municipio di Tripoli,MF,6
403,class,20. Industria editoriale,Totale,municipio di Tripoli,M,5
403,class,20. Industria editoriale,Totale,municipio di Tripoli,F,1
403,class,20. Industria editoriale,Totale,municipio di Bengasi,MF,4
403,class,20. Industria editoriale,Totale,municipio di Bengasi,M,3
403,class,20. Industria editoriale,Totale,municipio di Bengasi,F,1
404,class,21. Industria dello spettacolo,A) Padroni,Libia,MF,4
404,class,21. Industria dello spettacolo,A) Padroni,Libia,M,4
404,class,21. Industria dello spettacolo,A) Padroni,Libia,F,0
404,class,21. Industria dello spettacolo,A) Padroni,municipio di Tripoli,MF,4
404,class,21. Industria dello spettacolo,A) Padroni,municipio di Tripoli,M,4
404,class,21. Industria dello spettacolo,A) Padroni,municipio di Tripoli,F,0
404,class,21. Industria dello spettacolo,A) Padroni,municipio di Bengasi,MF,0
404,class,21. Industria dello spettacolo,A) Padroni,municipio di Bengasi,M,0
404,class,21. Industria dello spettacolo,A) Padroni,municipio di Bengasi,F,0
405,class,21. Industria dello spettacolo,E) Dirigenti,Libia,MF,5
405,class,21. Industria dello spettacolo,E) Dirigenti,Libia,M,5
405,class,21. Industria dello spettacolo,E) Dirigenti,Libia,F,0
405,class,21. Industria dello spettacolo,E) Dirigenti,municipio di Tripoli,MF,1
405,class,21. Industria dello spettacolo,E) Dirigenti,municipio di Tripoli,M,1
405,class,21. Industria dello spettacolo,E) Dirigenti,municipio di Tripoli,F,0
405,class,21. Industria dello spettacolo,E) Dirigenti,municipio di Bengasi,MF,3
405,class,21. Industria dello spettacolo,E) Dirigenti,municipio di Bengasi,M,3
405,class,21. Industria dello spettacolo,E) Dirigenti,municipio di Bengasi,F,0
406,class,21. Industria dello spettacolo,F) Impiegati,Libia,MF,21
406,class,21. Industria dello spettacolo,F) Impiegati,Libia,M,20
406,class,21. Industria dello spettacolo,F) Impiegati,Libia,F,1
406,class,21. Industria dello spettacolo,F) Impiegati,municipio di Tripoli,MF,9
406,class,21. Industria dello spettacolo,F) Impiegati,municipio di Tripoli,M,9
406,class,21. Industria dello spettacolo,F) Impiegati,municipio di Tripoli,F,0
406,class,21. Industria dello spettacolo,F) Impiegati,municipio di Bengasi,MF,7
406,class,21. Industria dello spettacolo,F) Impiegati,municipio di Bengasi,M,6
406,class,21. Industria dello spettacolo,F) Impiegati,municipio di Bengasi,F,1
407,class,21. Industria dello spettacolo,G) Personale di servizio e di fatica,Libia,MF,7
407,class,21. Industria dello spettacolo,G) Personale di servizio e di fatica,Libia,M,7
407,class,21. Industria dello spettacolo,G) Personale di servizio e di fatica,Libia,F,0
407,class,21. Industria dello spettacolo,G) Personale di servizio e di fatica,municipio di Tripoli,MF,5
407,class,21. Industria dello spettacolo,G) Personale di servizio e di fatica,municipio di Tripoli,M,5
407,class,21. Industria dello spettacolo,G) Personale di servizio e di fatica,municipio di Tripoli,F,0
407,class,21. Industria dello spettacolo,G) Personale di servizio e di fatica,municipio di Bengasi,MF,2
407,class,21. Industria dello spettacolo,G) Personale di servizio e di fatica,municipio di Bengasi,M,2
407,class,21. Industria dello spettacolo,G) Personale di servizio e di fatica,municipio di Bengasi,F,0
408,class,21. Industria dello spettacolo,H) Operai,Libia,MF,17
408,class,21. Industria dello spettacolo,H) Operai,Libia,M,17
408,class,21. Industria dello spettacolo,H) Operai,Libia,F,0
408,class,21. Industria dello spettacolo,H) Operai,municipio di Tripoli,MF,6
408,class,21. Industria dello spettacolo,H) Operai,municipio di Tripoli,M,6
408,class,21. Industria dello spettacolo,H) Operai,municipio di Tripoli,F,0
408,class,21. Industria dello spettacolo,H) Operai,municipio di Bengasi,MF,2
408,class,21. Industria dello spettacolo,H) Operai,municipio di Bengasi,M,2
408,class,21. Industria dello spettacolo,H) Operai,municipio di Bengasi,F,0
409,class,21. Industria dello spettacolo,Totale,Libia,MF,54
409,class,21. Industria dello spettacolo,Totale,Libia,M,53
409,class,21. Industria dello spettacolo,Totale,Libia,F,1
409,class,21. Industria dello spettacolo,Totale,municipio di Tripoli,MF,25
409,class,21. Industria dello spettacolo,Totale,municipio di Tripoli,M,25
409,class,21. Industria dello spettacolo,Totale,municipio di Tripoli,F,0
409,class,21. Industria dello spettacolo,Totale,municipio di Bengasi,MF,14
409,class,21. Industria dello spettacolo,Totale,municipio di Bengasi,M,13
409,class,21. Industria dello spettacolo,Totale,municipio di Bengasi,F,1
410,class,22. Industrie non altrimenti specificate,A) Padroni,Libia,MF,2
410,class,22. Industrie non altrimenti specificate,A) Padroni,Libia,M,2
410,class,22. Industrie non altrimenti specificate,A) Padroni,Libia,F,0
410,class,22. Industrie non altrimenti specificate,A) Padroni,municipio di Tripoli,MF,2
410,class,22. Industrie non altrimenti specificate,A) Padroni,municipio di Tripoli,M,2
410,class,22. Industrie non altrimenti specificate,A) Padroni,municipio di Tripoli,F,0
410,class,22. Industrie non altrimenti specificate,A) Padroni,municipio di Bengasi,MF,0
410,class,22. Industrie non altrimenti specificate,A) Padroni,municipio di Bengasi,M,0
410,class,22. Industrie non altrimenti specificate,A) Padroni,municipio di Bengasi,F,0
411,class,22. Industrie non altrimenti specificate,F) Impiegati,Libia,MF,9
411,class,22. Industrie non altrimenti specificate,F) Impiegati,Libia,M,9
411,class,22. Industrie non altrimenti specificate,F) Impiegati,Libia,F,0
411,class,22. Industrie non altrimenti specificate,F) Impiegati,municipio di Tripoli,MF,7
411,class,22. Industrie non altrimenti specificate,F) Impiegati,municipio di Tripoli,M,7
411,class,22. Industrie non altrimenti specificate,F) Impiegati,municipio di Tripoli,F,0
411,class,22. Industrie non altrimenti specificate,F) Impiegati,municipio di Bengasi,MF,0
411,class,22. Industrie non altrimenti specificate,F) Impiegati,municipio di Bengasi,M,0
411,class,22. Industrie non altrimenti specificate,F) Impiegati,municipio di Bengasi,F,0
412,class,22. Industrie non altrimenti specificate,H) Operai,Libia,MF,1
412,class,22. Industrie non altrimenti specificate,H) Operai,Libia,M,1
412,class,22. Industrie non altrimenti specificate,H) Operai,Libia,F,0
412,class,22. Industrie non altrimenti specificate,H) Operai,municipio di Tripoli,MF,0
412,class,22. Industrie non altrimenti specificate,H) Operai,municipio di Tripoli,M,0
412,class,22. Industrie non altrimenti specificate,H) Operai,municipio di Tripoli,F,0
412,class,22. Industrie non altrimenti specificate,H) Operai,municipio di Bengasi,MF,0
412,class,22. Industrie non altrimenti specificate,H) Operai,municipio di Bengasi,M,0
412,class,22. Industrie non altrimenti specificate,H) Operai,municipio di Bengasi,F,0
413,class,22. Industrie non altrimenti specificate,Totale,Libia,MF,12
413,class,22. Industrie non altrimenti specificate,Totale,Libia,M,12
413,class,22. Industrie non altrimenti specificate,Totale,Libia,F,0
413,class,22. Industrie non altrimenti specificate,Totale,municipio di Tripoli,MF,9
413,class,22. Industrie non altrimenti specificate,Totale,municipio di Tripoli,M,9
413,class,22. Industrie non altrimenti specificate,Totale,municipio di Tripoli,F,0
413,class,22. Industrie non altrimenti specificate,Totale,municipio di Bengasi,MF,0
413,class,22. Industrie non altrimenti specificate,Totale,municipio di Bengasi,M,0
413,class,22. Industrie non altrimenti specificate,Totale,municipio di Bengasi,F,0
414,category,IV. Trasporti e comunicazioni,A) Padroni,Libia,MF,219
414,category,IV. Trasporti e comunicazioni,A) Padroni,Libia,M,217
414,category,IV. Trasporti e comunicazioni,A) Padroni,Libia,F,2
414,category,IV. Trasporti e comunicazioni,A) Padroni,municipio di Tripoli,MF,127
414,category,IV. Trasporti e comunicazioni,A) Padroni,municipio di Tripoli,M,126
414,category,IV. Trasporti e comunicazioni,A) Padroni,municipio di Tripoli,F,1
414,category,IV. Trasporti e comunicazioni,A) Padroni,municipio di Bengasi,MF,59
414,category,IV. Trasporti e comunicazioni,A) Padroni,municipio di Bengasi,M,59
414,category,IV. Trasporti e comunicazioni,A) Padroni,municipio di Bengasi,F,0
415,category,IV. Trasporti e comunicazioni,C) Artigiani senza dipendenti,Libia,MF,141
415,category,IV. Trasporti e comunicazioni,C) Artigiani senza dipendenti,Libia,M,141
415,category,IV. Trasporti e comunicazioni,C) Artigiani senza dipendenti,Libia,F,0
415,category,IV. Trasporti e comunicazioni,C) Artigiani senza dipendenti,municipio di Tripoli,MF,92
415,category,IV. Trasporti e comunicazioni,C) Artigiani senza dipendenti,municipio di Tripoli,M,92
415,category,IV. Trasporti e comunicazioni,C) Artigiani senza dipendenti,municipio di Tripoli,F,0
415,category,IV. Trasporti e comunicazioni,C) Artigiani senza dipendenti,municipio di Bengasi,MF,40
415,category,IV. Trasporti e comunicazioni,C) Artigiani senza dipendenti,municipio di Bengasi,M,40
415,category,IV. Trasporti e comunicazioni,C) Artigiani senza dipendenti,municipio di Bengasi,F,0
416,category,IV. Trasporti e comunicazioni,E) Dirigenti,Libia,MF,20
416,category,IV. Trasporti e comunicazioni,E) Dirigenti,Libia,M,20
416,category,IV. Trasporti e comunicazioni,E) Dirigenti,Libia,F,0
416,category,IV. Trasporti e comunicazioni,E) Dirigenti,municipio di Tripoli,MF,7
416,category,IV. Trasporti e comunicazioni,E) Dirigenti,municipio di Tripoli,M,7
416,category,IV. Trasporti e comunicazioni,E) Dirigenti,municipio di Tripoli,F,0
416,category,IV. Trasporti e comunicazioni,E) Dirigenti,municipio di Bengasi,MF,7
416,category,IV. Trasporti e comunicazioni,E) Dirigenti,municipio di Bengasi,M,7
416,category,IV. Trasporti e comunicazioni,E) Dirigenti,municipio di Bengasi,F,0
417,category,IV. Trasporti e comunicazioni,F) Impiegati,Libia,MF,449
417,category,IV. Trasporti e comunicazioni,F) Impiegati,Libia,M,423
417,category,IV. Trasporti e comunicazioni,F) Impiegati,Libia,F,26
417,category,IV. Trasporti e comunicazioni,F) Impiegati,municipio di Tripoli,MF,204
417,category,IV. Trasporti e comunicazioni,F) Impiegati,municipio di Tripoli,M,197
417,category,IV. Trasporti e comunicazioni,F) Impiegati,municipio di Tripoli,F,7
417,category,IV. Trasporti e comunicazioni,F) Impiegati,municipio di Bengasi,MF,147
417,category,IV. Trasporti e comunicazioni,F) Impiegati,municipio di Bengasi,M,141
417,category,IV. Trasporti e comunicazioni,F) Impiegati,municipio di Bengasi,F,6
418,category,IV. Trasporti e comunicazioni,G) Personale di servizio e di fatica,Libia,MF,64
418,category,IV. Trasporti e comunicazioni,G) Personale di servizio e di fatica,Libia,M,64
418,category,IV. Trasporti e comunicazioni,G) Personale di servizio e di fatica,Libia,F,0
418,category,IV. Trasporti e comunicazioni,G) Personale di servizio e di fatica,municipio di Tripoli,MF,38
418,category,IV. Trasporti e comunicazioni,G) Personale di servizio e di fatica,municipio di Tripoli,M,38
418,category,IV. Trasporti e comunicazioni,G) Personale di servizio e di fatica,municipio di Tripoli,F,0
418,category,IV. Trasporti e comunicazioni,G) Personale di servizio e di fatica,municipio di Bengasi,MF,20
418,category,IV. Trasporti e comunicazioni,G) Personale di servizio e di fatica,municipio di Bengasi,M,20
418,category,IV. Trasporti e comunicazioni,G) Personale di servizio e di fatica,municipio di Bengasi,F,0
419,category,IV. Trasporti e comunicazioni,H) Operai,Libia,MF,666
419,category,IV. Trasporti e comunicazioni,H) Operai,Libia,M,666
419,category,IV. Trasporti e comunicazioni,H) Operai,Libia,F,0
419,category,IV. Trasporti e comunicazioni,H) Operai,municipio di Tripoli,MF,363
419,category,IV. Trasporti e comunicazioni,H) Operai,municipio di Tripoli,M,363
419,category,IV. Trasporti e comunicazioni,H) Operai,municipio di Tripoli,F,0
419,category,IV. Trasporti e comunicazioni,H) Operai,municipio di Bengasi,MF,210
419,category,IV. Trasporti e comunicazioni,H) Operai,municipio di Bengasi,M,210
419,category,IV. Trasporti e comunicazioni,H) Operai,municipio di Bengasi,F,0
420,category,IV. Trasporti e comunicazioni,Totale,Libia,MF,1559
420,category,IV. Trasporti e comunicazioni,Totale,Libia,M,1531
420,category,IV. Trasporti e comunicazioni,Totale,Libia,F,28
420,category,IV. Trasporti e comunicazioni,Totale,municipio di Tripoli,MF,831
420,category,IV. Trasporti e comunicazioni,Totale,municipio di Tripoli,M,823
420,category,IV. Trasporti e comunicazioni,Totale,municipio di Tripoli,F,8
420,category,IV. Trasporti e comunicazioni,Totale,municipio di Bengasi,MF,483
420,category,IV. Trasporti e comunicazioni,Totale,municipio di Bengasi,M,477
420,category,IV. Trasporti e comunicazioni,Totale,municipio di Bengasi,F,6
421,category,IV. Trasporti e comunicazioni,di cui familiari coadiuvanti,Libia,MF,24
421,category,IV. Trasporti e comunicazioni,di cui familiari coadiuvanti,Libia,M,24
421,category,IV. Trasporti e comunicazioni,di cui familiari coadiuvanti,Libia,F,0
421,category,IV. Trasporti e comunicazioni,di cui familiari coadiuvanti,municipio di Tripoli,MF,15
421,category,IV. Trasporti e comunicazioni,di cui familiari coadiuvanti,municipio di Tripoli,M,15
421,category,IV. Trasporti e comunicazioni,di cui familiari coadiuvanti,municipio di Tripoli,F,0
421,category,IV. Trasporti e comunicazioni,di cui familiari coadiuvanti,municipio di Bengasi,MF,8
421,category,IV. Trasporti e comunicazioni,di cui familiari coadiuvanti,municipio di Bengasi,M,8
421,category,IV. Trasporti e comunicazioni,di cui familiari coadiuvanti,municipio di Bengasi,F,0
422,class,23. Trasporti,A) Padroni,Libia,MF,218
422,class,23. Trasporti,A) Padroni,Libia,M,216
422,class,23. Trasporti,A) Padroni,Libia,F,2
422,class,23. Trasporti,A) Padroni,municipio di Tripoli,MF,127
422,class,23. Trasporti,A) Padroni,municipio di Tripoli,M,126
422,class,23. Trasporti,A) Padroni,municipio di Tripoli,F,1
422,class,23. Trasporti,A) Padroni,municipio di Bengasi,MF,59
422,class,23. Trasporti,A) Padroni,municipio di Bengasi,M,59
422,class,23. Trasporti,A) Padroni,municipio di Bengasi,F,0
423,class,23. Trasporti,C) Artigiani senza dipendenti,Libia,MF,141
423,class,23. Trasporti,C) Artigiani senza dipendenti,Libia,M,141
423,class,23. Trasporti,C) Artigiani senza dipendenti,Libia,F,0
423,class,23. Trasporti,C) Artigiani senza dipendenti,municipio di Tripoli,MF,92
423,class,23. Trasporti,C) Artigiani senza dipendenti,municipio di Tripoli,M,92
423,class,23. Trasporti,C) Artigiani senza dipendenti,municipio di Tripoli,F,0
423,class,23. Trasporti,C) Artigiani senza dipendenti,municipio di Bengasi,MF,40
423,class,23. Trasporti,C) Artigiani senza dipendenti,municipio di Bengasi,M,40
423,class,23. Trasporti,C) Artigiani senza dipendenti,municipio di Bengasi,F,0
424,class,23. Trasporti,E) Dirigenti,Libia,MF,19
424,class,23. Trasporti,E) Dirigenti,Libia,M,19
424,class,23. Trasporti,E) Dirigenti,Libia,F,0
424,class,23. Trasporti,E) Dirigenti,municipio di Tripoli,MF,7
424,class,23. Trasporti,E) Dirigenti,municipio di Tripoli,M,7
424,class,23. Trasporti,E) Dirigenti,municipio di Tripoli,F,0
424,class,23. Trasporti,E) Dirigenti,municipio di Bengasi,MF,6
424,class,23. Trasporti,E) Dirigenti,municipio di Bengasi,M,6
424,class,23. Trasporti,E) Dirigenti,municipio di Bengasi,F,0
425,class,23. Trasporti,F) Impiegati,Libia,MF,227
425,class,23. Trasporti,F) Impiegati,Libia,M,223
425,class,23. Trasporti,F) Impiegati,Libia,F,4
425,class,23. Trasporti,F) Impiegati,municipio di Tripoli,MF,117
425,class,23. Trasporti,F) Impiegati,municipio di Tripoli,M,116
425,class,23. Trasporti,F) Impiegati,municipio di Tripoli,F,1
425,class,23. Trasporti,F) Impiegati,municipio di Bengasi,MF,88
425,class,23. Trasporti,F) Impiegati,municipio di Bengasi,M,85
425,class,23. Trasporti,F) Impiegati,municipio di Bengasi,F,3
426,class,23. Trasporti,G) Personale di servizio e di fatica,Libia,MF,29
426,class,23. Trasporti,G) Personale di servizio e di fatica,Libia,M,29
426,class,23. Trasporti,G) Personale di servizio e di fatica,Libia,F,0
426,class,23. Trasporti,G) Personale di servizio e di fatica,municipio di Tripoli,MF,21
426,class,23. Trasporti,G) Personale di servizio e di fatica,municipio di Tripoli,M,21
426,class,23. Trasporti,G) Personale di servizio e di fatica,municipio di Tripoli,F,0
426,class,23. Trasporti,G) Personale di servizio e di fatica,municipio di Bengasi,MF,7
426,class,23. Trasporti,G) Personale di servizio e di fatica,municipio di Bengasi,M,7
426,class,23. Trasporti,G) Personale di servizio e di fatica,municipio di Bengasi,F,0
427,class,23. Trasporti,H) Operai,Libia,MF,631
427,class,23. Trasporti,H) Operai,Libia,M,631
427,class,23. Trasporti,H) Operai,Libia,F,0
427,class,23. Trasporti,H) Operai,municipio di Tripoli,MF,344
427,class,23. Trasporti,H) Operai,municipio di Tripoli,M,344
427,class,23. Trasporti,H) Operai,municipio di Tripoli,F,0
427,class,23. Trasporti,H) Operai,municipio di Bengasi,MF,198
427,class,23. Trasporti,H) Operai,municipio di Bengasi,M,198
427,class,23. Trasporti,H) Operai,municipio di Bengasi,F,0
428,class,23. Trasporti,Totale,Libia,MF,1265
428,class,23. Trasporti,Totale,Libia,M,1259
428,class,23. Trasporti,Totale,Libia,F,6
428,class,23. Trasporti,Totale,municipio di Tripoli,MF,708
428,class,23. Trasporti,Totale,municipio di Tripoli,M,706
428,class,23. Trasporti,Totale,municipio di Tripoli,F,2
428,class,23. Trasporti,Totale,municipio di Bengasi,MF,398
428,class,23. Trasporti,Totale,municipio di Bengasi,M,395
428,class,23. Trasporti,Totale,municipio di Bengasi,F,3
429,class,23. Trasporti,di cui familiari coadiuvanti,Libia,MF,24
429,class,23. Trasporti,di cui familiari coadiuvanti,Libia,M,24
429,class,23. Trasporti,di cui familiari coadiuvanti,Libia,F,0
429,class,23. Trasporti,di cui familiari coadiuvanti,municipio di Tripoli,MF,15
429,class,23. Trasporti,di cui familiari coadiuvanti,municipio di Tripoli,M,15
429,class,23. Trasporti,di cui familiari coadiuvanti,municipio di Tripoli,F,0
429,class,23. Trasporti,di cui familiari coadiuvanti,municipio di Bengasi,MF,8
429,class,23. Trasporti,di cui familiari coadiuvanti,municipio di Bengasi,M,8
429,class,23. Trasporti,di cui familiari coadiuvanti,municipio di Bengasi,F,0
430,subclass,23.199 Trasporti automobilistici,A) Padroni,Libia,MF,76
430,subclass,23.199 Trasporti automobilistici,A) Padroni,Libia,M,76
430,subclass,23.199 Trasporti automobilistici,A) Padroni,Libia,F,0
430,subclass,23.199 Trasporti automobilistici,A) Padroni,municipio di Tripoli,MF,49
430,subclass,23.199 Trasporti automobilistici,A) Padroni,municipio di Tripoli,M,49
430,subclass,23.199 Trasporti automobilistici,A) Padroni,municipio di Tripoli,F,0
430,subclass,23.199 Trasporti automobilistici,A) Padroni,municipio di Bengasi,MF,13
430,subclass,23.199 Trasporti automobilistici,A) Padroni,municipio di Bengasi,M,13
430,subclass,23.199 Trasporti automobilistici,A) Padroni,municipio di Bengasi,F,0
431,subclass,23.199 Trasporti automobilistici,C) Artigiani senza dipendenti,Libia,MF,66
431,subclass,23.199 Trasporti automobilistici,C) Artigiani senza dipendenti,Libia,M,66
431,subclass,23.199 Trasporti automobilistici,C) Artigiani senza dipendenti,Libia,F,0
431,subclass,23.199 Trasporti automobilistici,C) Artigiani senza dipendenti,municipio di Tripoli,MF,49
431,subclass,23.199 Trasporti automobilistici,C) Artigiani senza dipendenti,municipio di Tripoli,M,49
431,subclass,23.199 Trasporti automobilistici,C) Artigiani senza dipendenti,municipio di Tripoli,F,0
431,subclass,23.199 Trasporti automobilistici,C) Artigiani senza dipendenti,municipio di Bengasi,MF,14
431,subclass,23.199 Trasporti automobilistici,C) Artigiani senza dipendenti,municipio di Bengasi,M,14
431,subclass,23.199 Trasporti automobilistici,C) Artigiani senza dipendenti,municipio di Bengasi,F,0
432,subclass,23.199 Trasporti automobilistici,E) Dirigenti,Libia,MF,8
432,subclass,23.199 Trasporti automobilistici,E) Dirigenti,Libia,M,8
432,subclass,23.199 Trasporti automobilistici,E) Dirigenti,Libia,F,0
432,subclass,23.199 Trasporti automobilistici,E) Dirigenti,municipio di Tripoli,MF,2
432,subclass,23.199 Trasporti automobilistici,E) Dirigenti,municipio di Tripoli,M,2
432,subclass,23.199 Trasporti automobilistici,E) Dirigenti,municipio di Tripoli,F,0
432,subclass,23.199 Trasporti automobilistici,E) Dirigenti,municipio di Bengasi,MF,1
432,subclass,23.199 Trasporti automobilistici,E) Dirigenti,municipio di Bengasi,M,1
432,subclass,23.199 Trasporti automobilistici,E) Dirigenti,municipio di Bengasi,F,0
433,subclass,23.199 Trasporti automobilistici,F) Impiegati,Libia,MF,31
433,subclass,23.199 Trasporti automobilistici,F) Impiegati,Libia,M,29
433,subclass,23.199 Trasporti automobilistici,F) Impiegati,Libia,F,2
433,subclass,23.199 Trasporti automobilistici,F) Impiegati,municipio di Tripoli,MF,15
433,subclass,23.199 Trasporti automobilistici,F) Impiegati,municipio di Tripoli,M,15
433,subclass,23.199 Trasporti automobilistici,F) Impiegati,municipio di Tripoli,F,0
433,subclass,23.199 Trasporti automobilistici,F) Impiegati,municipio di Bengasi,MF,7
433,subclass,23.199 Trasporti automobilistici,F) Impiegati,municipio di Bengasi,M,5
433,subclass,23.199 Trasporti automobilistici,F) Impiegati,municipio di Bengasi,F,2
434,subclass,23.199 Trasporti automobilistici,G) Personale di servizio e di fatica,Libia,MF,9
434,subclass,23.199 Trasporti automobilistici,G) Personale di servizio e di fatica,Libia,M,9
434,subclass,23.199 Trasporti automobilistici,G) Personale di servizio e di fatica,Libia,F,0
434,subclass,23.199 Trasporti automobilistici,G) Personale di servizio e di fatica,municipio di Tripoli,MF,8
434,subclass,23.199 Trasporti automobilistici,G) Personale di servizio e di fatica,municipio di Tripoli,M,8
434,subclass,23.199 Trasporti automobilistici,G) Personale di servizio e di fatica,municipio di Tripoli,F,0
434,subclass,23.199 Trasporti automobilistici,G) Personale di servizio e di fatica,municipio di Bengasi,MF,1
434,subclass,23.199 Trasporti automobilistici,G) Personale di servizio e di fatica,municipio di Bengasi,M,1
434,subclass,23.199 Trasporti automobilistici,G) Personale di servizio e di fatica,municipio di Bengasi,F,0
435,subclass,23.199 Trasporti automobilistici,H) Operai,Libia,MF,344
435,subclass,23.199 Trasporti automobilistici,H) Operai,Libia,M,344
435,subclass,23.199 Trasporti automobilistici,H) Operai,Libia,F,0
435,subclass,23.199 Trasporti automobilistici,H) Operai,municipio di Tripoli,MF,199
435,subclass,23.199 Trasporti automobilistici,H) Operai,municipio di Tripoli,M,199
435,subclass,23.199 Trasporti automobilistici,H) Operai,municipio di Tripoli,F,0
435,subclass,23.199 Trasporti automobilistici,H) Operai,municipio di Bengasi,MF,88
435,subclass,23.199 Trasporti automobilistici,H) Operai,municipio di Bengasi,M,88
435,subclass,23.199 Trasporti automobilistici,H) Operai,municipio di Bengasi,F,0
436,subclass,23.199 Trasporti automobilistici,Totale,Libia,MF,534
436,subclass,23.199 Trasporti automobilistici,Totale,Libia,M,532
436,subclass,23.199 Trasporti automobilistici,Totale,Libia,F,2
436,subclass,23.199 Trasporti automobilistici,Totale,municipio di Tripoli,MF,322
436,subclass,23.199 Trasporti automobilistici,Totale,municipio di Tripoli,M,322
436,subclass,23.199 Trasporti automobilistici,Totale,municipio di Tripoli,F,0
436,subclass,23.199 Trasporti automobilistici,Totale,municipio di Bengasi,MF,124
436,subclass,23.199 Trasporti automobilistici,Totale,municipio di Bengasi,M,122
436,subclass,23.199 Trasporti automobilistici,Totale,municipio di Bengasi,F,2
437,subclass,23.199 Trasporti automobilistici,di cui familiari coadiuvanti,Libia,MF,8
437,subclass,23.199 Trasporti automobilistici,di cui familiari coadiuvanti,Libia,M,8
437,subclass,23.199 Trasporti automobilistici,di cui familiari coadiuvanti,Libia,F,0
437,subclass,23.199 Trasporti automobilistici,di cui familiari coadiuvanti,municipio di Tripoli,MF,7
437,subclass,23.199 Trasporti automobilistici,di cui familiari coadiuvanti,municipio di Tripoli,M,7
437,subclass,23.199 Trasporti automobilistici,di cui familiari coadiuvanti,municipio di Tripoli,F,0
437,subclass,23.199 Trasporti automobilistici,di cui familiari coadiuvanti,municipio di Bengasi,MF,1
437,subclass,23.199 Trasporti automobilistici,di cui familiari coadiuvanti,municipio di Bengasi,M,1
437,subclass,23.199 Trasporti automobilistici,di cui familiari coadiuvanti,municipio di Bengasi,F,0
438,subclass,23.200 Trasporti a trazione animale,A) Padroni,Libia,MF,70
438,subclass,23.200 Trasporti a trazione animale,A) Padroni,Libia,M,69
438,subclass,23.200 Trasporti a trazione animale,A) Padroni,Libia,F,1
438,subclass,23.200 Trasporti a trazione animale,A) Padroni,municipio di Tripoli,MF,39
438,subclass,23.200 Trasporti a trazione animale,A) Padroni,municipio di Tripoli,M,38
438,subclass,23.200 Trasporti a trazione animale,A) Padroni,municipio di Tripoli,F,1
438,subclass,23.200 Trasporti a trazione animale,A) Padroni,municipio di Bengasi,MF,28
438,subclass,23.200 Trasporti a trazione animale,A) Padroni,municipio di Bengasi,M,28
438,subclass,23.200 Trasporti a trazione animale,A) Padroni,municipio di Bengasi,F,0
439,subclass,23.200 Trasporti a trazione animale,C) Artigiani senza dipendenti,Libia,MF,75
439,subclass,23.200 Trasporti a trazione animale,C) Artigiani senza dipendenti,Libia,M,75
439,subclass,23.200 Trasporti a trazione animale,C) Artigiani senza dipendenti,Libia,F,0
439,subclass,23.200 Trasporti a trazione animale,C) Artigiani senza dipendenti,municipio di Tripoli,MF,43
439,subclass,23.200 Trasporti a trazione animale,C) Artigiani senza dipendenti,municipio di Tripoli,M,43
439,subclass,23.200 Trasporti a trazione animale,C) Artigiani senza dipendenti,municipio di Tripoli,F,0
439,subclass,23.200 Trasporti a trazione animale,C) Artigiani senza dipendenti,municipio di Bengasi,MF,26
439,subclass,23.200 Trasporti a trazione animale,C) Artigiani senza dipendenti,municipio di Bengasi,M,26
439,subclass,23.200 Trasporti a trazione animale,C) Artigiani senza dipendenti,municipio di Bengasi,F,0
440,subclass,23.200 Trasporti a trazione animale,F) Impiegati,Libia,MF,2
440,subclass,23.200 Trasporti a trazione animale,F) Impiegati,Libia,M,2
440,subclass,23.200 Trasporti a trazione animale,F) Impiegati,Libia,F,0
440,subclass,23.200 Trasporti a trazione animale,F) Impiegati,municipio di Tripoli,MF,2
440,subclass,23.200 Trasporti a trazione animale,F) Impiegati,municipio di Tripoli,M,2
440,subclass,23.200 Trasporti a trazione animale,F) Impiegati,municipio di Tripoli,F,0
440,subclass,23.200 Trasporti a trazione animale,F) Impiegati,municipio di Bengasi,MF,0
440,subclass,23.200 Trasporti a trazione animale,F) Impiegati,municipio di Bengasi,M,0
440,subclass,23.200 Trasporti a trazione animale,F) Impiegati,municipio di Bengasi,F,0
441,subclass,23.200 Trasporti a trazione animale,H) Operai,Libia,MF,40
441,subclass,23.200 Trasporti a trazione animale,H) Operai,Libia,M,40
441,subclass,23.200 Trasporti a trazione animale,H) Operai,Libia,F,0
441,subclass,23.200 Trasporti a trazione animale,H) Operai,municipio di Tripoli,MF,34
441,subclass,23.200 Trasporti a trazione animale,H) Operai,municipio di Tripoli,M,34
441,subclass,23.200 Trasporti a trazione animale,H) Operai,municipio di Tripoli,F,0
441,subclass,23.200 Trasporti a trazione animale,H) Operai,municipio di Bengasi,MF,5
441,subclass,23.200 Trasporti a trazione animale,H) Operai,municipio di Bengasi,M,5
441,subclass,23.200 Trasporti a trazione animale,H) Operai,municipio di Bengasi,F,0
442,subclass,23.200 Trasporti a trazione animale,Totale,Libia,MF,187
442,subclass,23.200 Trasporti a trazione animale,Totale,Libia,M,186
442,subclass,23.200 Trasporti a trazione animale,Totale,Libia,F,1
442,subclass,23.200 Trasporti a trazione animale,Totale,municipio di Tripoli,MF,118
442,subclass,23.200 Trasporti a trazione animale,Totale,municipio di Tripoli,M,117
442,subclass,23.200 Trasporti a trazione animale,Totale,municipio di Tripoli,F,1
442,subclass,23.200 Trasporti a trazione animale,Totale,municipio di Bengasi,MF,59
442,subclass,23.200 Trasporti a trazione animale,Totale,municipio di Bengasi,M,59
442,subclass,23.200 Trasporti a trazione animale,Totale,municipio di Bengasi,F,0
443,subclass,23.200 Trasporti a trazione animale,di cui familiari coadiuvanti,Libia,MF,7
443,subclass,23.200 Trasporti a trazione animale,di cui familiari coadiuvanti,Libia,M,7
443,subclass,23.200 Trasporti a trazione animale,di cui familiari coadiuvanti,Libia,F,0
443,subclass,23.200 Trasporti a trazione animale,di cui familiari coadiuvanti,municipio di Tripoli,MF,3
443,subclass,23.200 Trasporti a trazione animale,di cui familiari coadiuvanti,municipio di Tripoli,M,3
443,subclass,23.200 Trasporti a trazione animale,di cui familiari coadiuvanti,municipio di Tripoli,F,0
443,subclass,23.200 Trasporti a trazione animale,di cui familiari coadiuvanti,municipio di Bengasi,MF,4
443,subclass,23.200 Trasporti a trazione animale,di cui familiari coadiuvanti,municipio di Bengasi,M,4
443,subclass,23.200 Trasporti a trazione animale,di cui familiari coadiuvanti,municipio di Bengasi,F,0
444,subclass,23.202 Corrieri e agenzie di citta,A) Padroni,Libia,MF,31
444,subclass,23.202 Corrieri e agenzie di citta,A) Padroni,Libia,M,30
444,subclass,23.202 Corrieri e agenzie di citta,A) Padroni,Libia,F,1
444,subclass,23.202 Corrieri e agenzie di citta,A) Padroni,municipio di Tripoli,MF,14
444,subclass,23.202 Corrieri e agenzie di citta,A) Padroni,municipio di Tripoli,M,14
444,subclass,23.202 Corrieri e agenzie di citta,A) Padroni,municipio di Tripoli,F,0
444,subclass,23.202 Corrieri e agenzie di citta,A) Padroni,municipio di Bengasi,MF,6
444,subclass,23.202 Corrieri e agenzie di citta,A) Padroni,municipio di Bengasi,M,6
444,subclass,23.202 Corrieri e agenzie di citta,A) Padroni,municipio di Bengasi,F,0
445,subclass,23.202 Corrieri e agenzie di citta,E) Dirigenti,Libia,MF,1
445,subclass,23.202 Corrieri e agenzie di citta,E) Dirigenti,Libia,M,1
445,subclass,23.202 Corrieri e agenzie di citta,E) Dirigenti,Libia,F,0
445,subclass,23.202 Corrieri e agenzie di citta,E) Dirigenti,municipio di Tripoli,MF,0
445,subclass,23.202 Corrieri e agenzie di citta,E) Dirigenti,municipio di Tripoli,M,0
445,subclass,23.202 Corrieri e agenzie di citta,E) Dirigenti,municipio di Tripoli,F,0
445,subclass,23.202 Corrieri e agenzie di citta,E) Dirigenti,municipio di Bengasi,MF,0
445,subclass,23.202 Corrieri e agenzie di citta,E) Dirigenti,municipio di Bengasi,M,0
445,subclass,23.202 Corrieri e agenzie di citta,E) Dirigenti,municipio di Bengasi,F,0
446,subclass,23.202 Corrieri e agenzie di citta,F) Impiegati,Libia,MF,44
446,subclass,23.202 Corrieri e agenzie di citta,F) Impiegati,Libia,M,44
446,subclass,23.202 Corrieri e agenzie di citta,F) Impiegati,Libia,F,0
446,subclass,23.202 Corrieri e agenzie di citta,F) Impiegati,municipio di Tripoli,MF,39
446,subclass,23.202 Corrieri e agenzie di citta,F) Impiegati,municipio di Tripoli,M,39
446,subclass,23.202 Corrieri e agenzie di citta,F) Impiegati,municipio di Tripoli,F,0
446,subclass,23.202 Corrieri e agenzie di citta,F) Impiegati,municipio di Bengasi,MF,4
446,subclass,23.202 Corrieri e agenzie di citta,F) Impiegati,municipio di Bengasi,M,4
446,subclass,23.202 Corrieri e agenzie di citta,F) Impiegati,municipio di Bengasi,F,0
447,subclass,23.202 Corrieri e agenzie di citta,G) Personale di servizio e di fatica,Libia,MF,1
447,subclass,23.202 Corrieri e agenzie di citta,G) Personale di servizio e di fatica,Libia,M,1
447,subclass,23.202 Corrieri e agenzie di citta,G) Personale di servizio e di fatica,Libia,F,0
447,subclass,23.202 Corrieri e agenzie di citta,G) Personale di servizio e di fatica,municipio di Tripoli,MF,1
447,subclass,23.202 Corrieri e agenzie di citta,G) Personale di servizio e di fatica,municipio di Tripoli,M,1
447,subclass,23.202 Corrieri e agenzie di citta,G) Personale di servizio e di fatica,municipio di Tripoli,F,0
447,subclass,23.202 Corrieri e agenzie di citta,G) Personale di servizio e di fatica,municipio di Bengasi,MF,0
447,subclass,23.202 Corrieri e agenzie di citta,G) Personale di servizio e di fatica,municipio di Bengasi,M,0
447,subclass,23.202 Corrieri e agenzie di citta,G) Personale di servizio e di fatica,municipio di Bengasi,F,0
448,subclass,23.202 Corrieri e agenzie di citta,H) Operai,Libia,MF,2
448,subclass,23.202 Corrieri e agenzie di citta,H) Operai,Libia,M,2
448,subclass,23.202 Corrieri e agenzie di citta,H) Operai,Libia,F,0
448,subclass,23.202 Corrieri e agenzie di citta,H) Operai,municipio di Tripoli,MF,2
448,subclass,23.202 Corrieri e agenzie di citta,H) Operai,municipio di Tripoli,M,2
448,subclass,23.202 Corrieri e agenzie di citta,H) Operai,municipio di Tripoli,F,0
448,subclass,23.202 Corrieri e agenzie di citta,H) Operai,municipio di Bengasi,MF,0
448,subclass,23.202 Corrieri e agenzie di citta,H) Operai,municipio di Bengasi,M,0
448,subclass,23.202 Corrieri e agenzie di citta,H) Operai,municipio di Bengasi,F,0
449,subclass,23.202 Corrieri e agenzie di citta,Totale,Libia,MF,79
449,subclass,23.202 Corrieri e agenzie di citta,Totale,Libia,M,78
449,subclass,23.202 Corrieri e agenzie di citta,Totale,Libia,F,1
449,subclass,23.202 Corrieri e agenzie di citta,Totale,municipio di Tripoli,MF,56
449,subclass,23.202 Corrieri e agenzie di citta,Totale,municipio di Tripoli,M,56
449,subclass,23.202 Corrieri e agenzie di citta,Totale,municipio di Tripoli,F,0
449,subclass,23.202 Corrieri e agenzie di citta,Totale,municipio di Bengasi,MF,10
449,subclass,23.202 Corrieri e agenzie di citta,Totale,municipio di Bengasi,M,10
449,subclass,23.202 Corrieri e agenzie di citta,Totale,municipio di Bengasi,F,0
450,subclass,23.202 Corrieri e agenzie di citta,di cui familiari coadiuvanti,Libia,MF,4
450,subclass,23.202 Corrieri e agenzie di citta,di cui familiari coadiuvanti,Libia,M,4
450,subclass,23.202 Corrieri e agenzie di citta,di cui familiari coadiuvanti,Libia,F,0
450,subclass,23.202 Corrieri e agenzie di citta,di cui familiari coadiuvanti,municipio di Tripoli,MF,1
450,subclass,23.202 Corrieri e agenzie di citta,di cui familiari coadiuvanti,municipio di Tripoli,M,1
450,subclass,23.202 Corrieri e agenzie di citta,di cui familiari coadiuvanti,municipio di Tripoli,F,0
450,subclass,23.202 Corrieri e agenzie di citta,di cui familiari coadiuvanti,municipio di Bengasi,MF,2
450,subclass,23.202 Corrieri e agenzie di citta,di cui familiari coadiuvanti,municipio di Bengasi,M,2
450,subclass,23.202 Corrieri e agenzie di citta,di cui familiari coadiuvanti,municipio di Bengasi,F,0
451,subclass,23.203 Ferrovie esercitate dallo Stato,E) Dirigenti,Libia,MF,3
451,subclass,23.203 Ferrovie esercitate dallo Stato,E) Dirigenti,Libia,M,3
451,subclass,23.203 Ferrovie esercitate dallo Stato,E) Dirigenti,Libia,F,0
451,subclass,23.203 Ferrovie esercitate dallo Stato,E) Dirigenti,municipio di Tripoli,MF,2
451,subclass,23.203 Ferrovie esercitate dallo Stato,E) Dirigenti,municipio di Tripoli,M,2
451,subclass,23.203 Ferrovie esercitate dallo Stato,E) Dirigenti,municipio di Tripoli,F,0
451,subclass,23.203 Ferrovie esercitate dallo Stato,E) Dirigenti,municipio di Bengasi,MF,1
451,subclass,23.203 Ferrovie esercitate dallo Stato,E) Dirigenti,municipio di Bengasi,M,1
451,subclass,23.203 Ferrovie esercitate dallo Stato,E) Dirigenti,municipio di Bengasi,F,0
452,subclass,23.203 Ferrovie esercitate dallo Stato,F) Impiegati,Libia,MF,46
452,subclass,23.203 Ferrovie esercitate dallo Stato,F) Impiegati,Libia,M,46
452,subclass,23.203 Ferrovie esercitate dallo Stato,F) Impiegati,Libia,F,0
452,subclass,23.203 Ferrovie esercitate dallo Stato,F) Impiegati,municipio di Tripoli,MF,24
452,subclass,23.203 Ferrovie esercitate dallo Stato,F) Impiegati,municipio di Tripoli,M,24
452,subclass,23.203 Ferrovie esercitate dallo Stato,F) Impiegati,municipio di Tripoli,F,0
452,subclass,23.203 Ferrovie esercitate dallo Stato,F) Impiegati,municipio di Bengasi,MF,17
452,subclass,23.203 Ferrovie esercitate dallo Stato,F) Impiegati,municipio di Bengasi,M,17
452,subclass,23.203 Ferrovie esercitate dallo Stato,F) Impiegati,municipio di Bengasi,F,0
453,subclass,23.203 Ferrovie esercitate dallo Stato,G) Personale di servizio e di fatica,Libia,MF,6
453,subclass,23.203 Ferrovie esercitate dallo Stato,G) Personale di servizio e di fatica,Libia,M,6
453,subclass,23.203 Ferrovie esercitate dallo Stato,G) Personale di servizio e di fatica,Libia,F,0
453,subclass,23.203 Ferrovie esercitate dallo Stato,G) Personale di servizio e di fatica,municipio di Tripoli,MF,5
453,subclass,23.203 Ferrovie esercitate dallo Stato,G) Personale di servizio e di fatica,municipio di Tripoli,M,5
453,subclass,23.203 Ferrovie esercitate dallo Stato,G) Personale di servizio e di fatica,municipio di Tripoli,F,0
453,subclass,23.203 Ferrovie esercitate dallo Stato,G) Personale di servizio e di fatica,municipio di Bengasi,MF,0
453,subclass,23.203 Ferrovie esercitate dallo Stato,G) Personale di servizio e di fatica,municipio di Bengasi,M,0
453,subclass,23.203 Ferrovie esercitate dallo Stato,G) Personale di servizio e di fatica,municipio di Bengasi,F,0
454,subclass,23.203 Ferrovie esercitate dallo Stato,H) Operai,Libia,MF,140
454,subclass,23.203 Ferrovie esercitate dallo Stato,H) Operai,Libia,M,140
454,subclass,23.203 Ferrovie esercitate dallo Stato,H) Operai,Libia,F,0
454,subclass,23.203 Ferrovie esercitate dallo Stato,H) Operai,municipio di Tripoli,MF,75
454,subclass,23.203 Ferrovie esercitate dallo Stato,H) Operai,municipio di Tripoli,M,75
454,subclass,23.203 Ferrovie esercitate dallo Stato,H) Operai,municipio di Tripoli,F,0
454,subclass,23.203 Ferrovie esercitate dallo Stato,H) Operai,municipio di Bengasi,MF,40
454,subclass,23.203 Ferrovie esercitate dallo Stato,H) Operai,municipio di Bengasi,M,40
454,subclass,23.203 Ferrovie esercitate dallo Stato,H) Operai,municipio di Bengasi,F,0
455,subclass,23.203 Ferrovie esercitate dallo Stato,Totale,Libia,MF,195
455,subclass,23.203 Ferrovie esercitate dallo Stato,Totale,Libia,M,195
455,subclass,23.203 Ferrovie esercitate dallo Stato,Totale,Libia,F,0
455,subclass,23.203 Ferrovie esercitate dallo Stato,Totale,municipio di Tripoli,MF,106
455,subclass,23.203 Ferrovie esercitate dallo Stato,Totale,municipio di Tripoli,M,106
455,subclass,23.203 Ferrovie esercitate dallo Stato,Totale,municipio di Tripoli,F,0
455,subclass,23.203 Ferrovie esercitate dallo Stato,Totale,municipio di Bengasi,MF,58
455,subclass,23.203 Ferrovie esercitate dallo Stato,Totale,municipio di Bengasi,M,58
455,subclass,23.203 Ferrovie esercitate dallo Stato,Totale,municipio di Bengasi,F,0
456,subclass,23.206 Trasporti marittimi,A) Padroni,Libia,MF,14
456,subclass,23.206 Trasporti marittimi,A) Padroni,Libia,M,14
456,subclass,23.206 Trasporti marittimi,A) Padroni,Libia,F,0
456,subclass,23.206 Trasporti marittimi,A) Padroni,municipio di Tripoli,MF,7
456,subclass,23.206 Trasporti marittimi,A) Padroni,municipio di Tripoli,M,7
456,subclass,23.206 Trasporti marittimi,A) Padroni,municipio di Tripoli,F,0
456,subclass,23.206 Trasporti marittimi,A) Padroni,municipio di Bengasi,MF,5
456,subclass,23.206 Trasporti marittimi,A) Padroni,municipio di Bengasi,M,5
456,subclass,23.206 Trasporti marittimi,A) Padroni,municipio di Bengasi,F,0
457,subclass,23.206 Trasporti marittimi,E) Dirigenti,Libia,MF,5
457,subclass,23.206 Trasporti marittimi,E) Dirigenti,Libia,M,5
457,subclass,23.206 Trasporti marittimi,E) Dirigenti,Libia,F,0
457,subclass,23.206 Trasporti marittimi,E) Dirigenti,municipio di Tripoli,MF,2
457,subclass,23.206 Trasporti marittimi,E) Dirigenti,municipio di Tripoli,M,2
457,subclass,23.206 Trasporti marittimi,E) Dirigenti,municipio di Tripoli,F,0
457,subclass,23.206 Trasporti marittimi,E) Dirigenti,municipio di Bengasi,MF,3
457,subclass,23.206 Trasporti marittimi,E) Dirigenti,municipio di Bengasi,M,3
457,subclass,23.206 Trasporti marittimi,E) Dirigenti,municipio di Bengasi,F,0
458,subclass,23.206 Trasporti marittimi,F) Impiegati,Libia,MF,46
458,subclass,23.206 Trasporti marittimi,F) Impiegati,Libia,M,45
458,subclass,23.206 Trasporti marittimi,F) Impiegati,Libia,F,1
458,subclass,23.206 Trasporti marittimi,F) Impiegati,municipio di Tripoli,MF,24
458,subclass,23.206 Trasporti marittimi,F) Impiegati,municipio di Tripoli,M,23
458,subclass,23.206 Trasporti marittimi,F) Impiegati,municipio di Tripoli,F,1
458,subclass,23.206 Trasporti marittimi,F) Impiegati,municipio di Bengasi,MF,16
458,subclass,23.206 Trasporti marittimi,F) Impiegati,municipio di Bengasi,M,16
458,subclass,23.206 Trasporti marittimi,F) Impiegati,municipio di Bengasi,F,0
459,subclass,23.206 Trasporti marittimi,H) Operai,Libia,MF,51
459,subclass,23.206 Trasporti marittimi,H) Operai,Libia,M,51
459,subclass,23.206 Trasporti marittimi,H) Operai,Libia,F,0
459,subclass,23.206 Trasporti marittimi,H) Operai,municipio di Tripoli,MF,13
459,subclass,23.206 Trasporti marittimi,H) Operai,municipio di Tripoli,M,13
459,subclass,23.206 Trasporti marittimi,H) Operai,municipio di Tripoli,F,0
459,subclass,23.206 Trasporti marittimi,H) Operai,municipio di Bengasi,MF,33
459,subclass,23.206 Trasporti marittimi,H) Operai,municipio di Bengasi,M,33
459,subclass,23.206 Trasporti marittimi,H) Operai,municipio di Bengasi,F,0
460,subclass,23.206 Trasporti marittimi,Totale,Libia,MF,116
460,subclass,23.206 Trasporti marittimi,Totale,Libia,M,115
460,subclass,23.206 Trasporti marittimi,Totale,Libia,F,1
460,subclass,23.206 Trasporti marittimi,Totale,municipio di Tripoli,MF,46
460,subclass,23.206 Trasporti marittimi,Totale,municipio di Tripoli,M,45
460,subclass,23.206 Trasporti marittimi,Totale,municipio di Tripoli,F,1
460,subclass,23.206 Trasporti marittimi,Totale,municipio di Bengasi,MF,57
460,subclass,23.206 Trasporti marittimi,Totale,municipio di Bengasi,M,57
460,subclass,23.206 Trasporti marittimi,Totale,municipio di Bengasi,F,0
461,subclass,23.206 Trasporti marittimi,di cui familiari coadiuvanti,Libia,MF,2
461,subclass,23.206 Trasporti marittimi,di cui familiari coadiuvanti,Libia,M,2
461,subclass,23.206 Trasporti marittimi,di cui familiari coadiuvanti,Libia,F,0
461,subclass,23.206 Trasporti marittimi,di cui familiari coadiuvanti,municipio di Tripoli,MF,2
461,subclass,23.206 Trasporti marittimi,di cui familiari coadiuvanti,municipio di Tripoli,M,2
461,subclass,23.206 Trasporti marittimi,di cui familiari coadiuvanti,municipio di Tripoli,F,0
461,subclass,23.206 Trasporti marittimi,di cui familiari coadiuvanti,municipio di Bengasi,MF,0
461,subclass,23.206 Trasporti marittimi,di cui familiari coadiuvanti,municipio di Bengasi,M,0
461,subclass,23.206 Trasporti marittimi,di cui familiari coadiuvanti,municipio di Bengasi,F,0
462,subclass,23.207 Trasporti aerei,E) Dirigenti,Libia,MF,1
462,subclass,23.207 Trasporti aerei,E) Dirigenti,Libia,M,1
462,subclass,23.207 Trasporti aerei,E) Dirigenti,Libia,F,0
462,subclass,23.207 Trasporti aerei,E) Dirigenti,municipio di Tripoli,MF,0
462,subclass,23.207 Trasporti aerei,E) Dirigenti,municipio di Tripoli,M,0
462,subclass,23.207 Trasporti aerei,E) Dirigenti,municipio di Tripoli,F,0
462,subclass,23.207 Trasporti aerei,E) Dirigenti,municipio di Bengasi,MF,1
462,subclass,23.207 Trasporti aerei,E) Dirigenti,municipio di Bengasi,M,1
462,subclass,23.207 Trasporti aerei,E) Dirigenti,municipio di Bengasi,F,0
463,subclass,23.207 Trasporti aerei,F) Impiegati,Libia,MF,39
463,subclass,23.207 Trasporti aerei,F) Impiegati,Libia,M,39
463,subclass,23.207 Trasporti aerei,F) Impiegati,Libia,F,0
463,subclass,23.207 Trasporti aerei,F) Impiegati,municipio di Tripoli,MF,7
463,subclass,23.207 Trasporti aerei,F) Impiegati,municipio di Tripoli,M,7
463,subclass,23.207 Trasporti aerei,F) Impiegati,municipio di Tripoli,F,0
463,subclass,23.207 Trasporti aerei,F) Impiegati,municipio di Bengasi,MF,31
463,subclass,23.207 Trasporti aerei,F) Impiegati,municipio di Bengasi,M,31
463,subclass,23.207 Trasporti aerei,F) Impiegati,municipio di Bengasi,F,0
464,subclass,23.207 Trasporti aerei,H) Operai,Libia,MF,29
464,subclass,23.207 Trasporti aerei,H) Operai,Libia,M,29
464,subclass,23.207 Trasporti aerei,H) Operai,Libia,F,0
464,subclass,23.207 Trasporti aerei,H) Operai,municipio di Tripoli,MF,9
464,subclass,23.207 Trasporti aerei,H) Operai,municipio di Tripoli,M,9
464,subclass,23.207 Trasporti aerei,H) Operai,municipio di Tripoli,F,0
464,subclass,23.207 Trasporti aerei,H) Operai,municipio di Bengasi,MF,20
464,subclass,23.207 Trasporti aerei,H) Operai,municipio di Bengasi,M,20
464,subclass,23.207 Trasporti aerei,H) Operai,municipio di Bengasi,F,0
465,subclass,23.207 Trasporti aerei,Totale,Libia,MF,69
465,subclass,23.207 Trasporti aerei,Totale,Libia,M,69
465,subclass,23.207 Trasporti aerei,Totale,Libia,F,0
465,subclass,23.207 Trasporti aerei,Totale,municipio di Tripoli,MF,16
465,subclass,23.207 Trasporti aerei,Totale,municipio di Tripoli,M,16
465,subclass,23.207 Trasporti aerei,Totale,municipio di Tripoli,F,0
465,subclass,23.207 Trasporti aerei,Totale,municipio di Bengasi,MF,52
465,subclass,23.207 Trasporti aerei,Totale,municipio di Bengasi,M,52
465,subclass,23.207 Trasporti aerei,Totale,municipio di Bengasi,F,0
466,class,24. Comunicazioni,A) Padroni,Libia,MF,1
466,class,24. Comunicazioni,A) Padroni,Libia,M,1
466,class,24. Comunicazioni,A) Padroni,Libia,F,0
466,class,24. Comunicazioni,A) Padroni,municipio di Tripoli,MF,0
466,class,24. Comunicazioni,A) Padroni,municipio di Tripoli,M,0
466,class,24. Comunicazioni,A) Padroni,municipio di Tripoli,F,0
466,class,24. Comunicazioni,A) Padroni,municipio di Bengasi,MF,0
466,class,24. Comunicazioni,A) Padroni,municipio di Bengasi,M,0
466,class,24. Comunicazioni,A) Padroni,municipio di Bengasi,F,0
467,class,24. Comunicazioni,E) Dirigenti,Libia,MF,1
467,class,24. Comunicazioni,E) Dirigenti,Libia,M,1
467,class,24. Comunicazioni,E) Dirigenti,Libia,F,0
467,class,24. Comunicazioni,E) Dirigenti,municipio di Tripoli,MF,0
467,class,24. Comunicazioni,E) Dirigenti,municipio di Tripoli,M,0
467,class,24. Comunicazioni,E) Dirigenti,municipio di Tripoli,F,0
467,class,24. Comunicazioni,E) Dirigenti,municipio di Bengasi,MF,1
467,class,24. Comunicazioni,E) Dirigenti,municipio di Bengasi,M,1
467,class,24. Comunicazioni,E) Dirigenti,municipio di Bengasi,F,0
468,class,24. Comunicazioni,F) Impiegati,Libia,MF,222
468,class,24. Comunicazioni,F) Impiegati,Libia,M,200
468,class,24. Comunicazioni,F) Impiegati,Libia,F,22
468,class,24. Comunicazioni,F) Impiegati,municipio di Tripoli,MF,87
468,class,24. Comunicazioni,F) Impiegati,municipio di Tripoli,M,81
468,class,24. Comunicazioni,F) Impiegati,municipio di Tripoli,F,6
468,class,24. Comunicazioni,F) Impiegati,municipio di Bengasi,MF,59
468,class,24. Comunicazioni,F) Impiegati,municipio di Bengasi,M,56
468,class,24. Comunicazioni,F) Impiegati,municipio di Bengasi,F,3
469,class,24. Comunicazioni,G) Personale di servizio e di fatica,Libia,MF,35
469,class,24. Comunicazioni,G) Personale di servizio e di fatica,Libia,M,35
469,class,24. Comunicazioni,G) Personale di servizio e di fatica,Libia,F,0
469,class,24. Comunicazioni,G) Personale di servizio e di fatica,municipio di Tripoli,MF,17
469,class,24. Comunicazioni,G) Personale di servizio e di fatica,municipio di Tripoli,M,17
469,class,24. Comunicazioni,G) Personale di servizio e di fatica,municipio di Tripoli,F,0
469,class,24. Comunicazioni,G) Personale di servizio e di fatica,municipio di Bengasi,MF,13
469,class,24. Comunicazioni,G) Personale di servizio e di fatica,municipio di Bengasi,M,13
469,class,24. Comunicazioni,G) Personale di servizio e di fatica,municipio di Bengasi,F,0
470,class,24. Comunicazioni,H) Operai,Libia,MF,35
470,class,24. Comunicazioni,H) Operai,Libia,M,35
470,class,24. Comunicazioni,H) Operai,Libia,F,0
470,class,24. Comunicazioni,H) Operai,municipio di Tripoli,MF,19
470,class,24. Comunicazioni,H) Operai,municipio di Tripoli,M,19
470,class,24. Comunicazioni,H) Operai,municipio di Tripoli,F,0
470,class,24. Comunicazioni,H) Operai,municipio di Bengasi,MF,12
470,class,24. Comunicazioni,H) Operai,municipio di Bengasi,M,12
470,class,24. Comunicazioni,H) Operai,municipio di Bengasi,F,0
471,class,24. Comunicazioni,Totale,Libia,MF,294
471,class,24. Comunicazioni,Totale,Libia,M,272
471,class,24. Comunicazioni,Totale,Libia,F,22
471,class,24. Comunicazioni,Totale,municipio di Tripoli,MF,123
471,class,24. Comunicazioni,Totale,municipio di Tripoli,M,117
471,class,24. Comunicazioni,Totale,municipio di Tripoli,F,6
471,class,24. Comunicazioni,Totale,municipio di Bengasi,MF,85
471,class,24. Comunicazioni,Totale,municipio di Bengasi,M,82
471,class,24. Comunicazioni,Totale,municipio di Bengasi,F,3
472,subclass,24.212 Servizi postali e telegrafici,F) Impiegati,Libia,MF,209
472,subclass,24.212 Servizi postali e telegrafici,F) Impiegati,Libia,M,190
472,subclass,24.212 Servizi postali e telegrafici,F) Impiegati,Libia,F,19
472,subclass,24.212 Servizi postali e telegrafici,F) Impiegati,municipio di Tripoli,MF,87
472,subclass,24.212 Servizi postali e telegrafici,F) Impiegati,municipio di Tripoli,M,81
472,subclass,24.212 Servizi postali e telegrafici,F) Impiegati,municipio di Tripoli,F,6
472,subclass,24.212 Servizi postali e telegrafici,F) Impiegati,municipio di Bengasi,MF,49
472,subclass,24.212 Servizi postali e telegrafici,F) Impiegati,municipio di Bengasi,M,49
472,subclass,24.212 Servizi postali e telegrafici,F) Impiegati,municipio di Bengasi,F,0
473,subclass,24.212 Servizi postali e telegrafici,G) Personale di servizio e di fatica,Libia,MF,34
473,subclass,24.212 Servizi postali e telegrafici,G) Personale di servizio e di fatica,Libia,M,34
473,subclass,24.212 Servizi postali e telegrafici,G) Personale di servizio e di fatica,Libia,F,0
473,subclass,24.212 Servizi postali e telegrafici,G) Personale di servizio e di fatica,municipio di Tripoli,MF,17
473,subclass,24.212 Servizi postali e telegrafici,G) Personale di servizio e di fatica,municipio di Tripoli,M,17
473,subclass,24.212 Servizi postali e telegrafici,G) Personale di servizio e di fatica,municipio di Tripoli,F,0
473,subclass,24.212 Servizi postali e telegrafici,G) Personale di servizio e di fatica,municipio di Bengasi,MF,12
473,subclass,24.212 Servizi postali e telegrafici,G) Personale di servizio e di fatica,municipio di Bengasi,M,12
473,subclass,24.212 Servizi postali e telegrafici,G) Personale di servizio e di fatica,municipio di Bengasi,F,0
474,subclass,24.212 Servizi postali e telegrafici,H) Operai,Libia,MF,26
474,subclass,24.212 Servizi postali e telegrafici,H) Operai,Libia,M,26
474,subclass,24.212 Servizi postali e telegrafici,H) Operai,Libia,F,0
474,subclass,24.212 Servizi postali e telegrafici,H) Operai,municipio di Tripoli,MF,14
474,subclass,24.212 Servizi postali e telegrafici,H) Operai,municipio di Tripoli,M,14
474,subclass,24.212 Servizi postali e telegrafici,H) Operai,municipio di Tripoli,F,0
474,subclass,24.212 Servizi postali e telegrafici,H) Operai,municipio di Bengasi,MF,8
474,subclass,24.212 Servizi postali e telegrafici,H) Operai,municipio di Bengasi,M,8
474,subclass,24.212 Servizi postali e telegrafici,H) Operai,municipio di Bengasi,F,0
475,subclass,24.212 Servizi postali e telegrafici,Totale,Libia,MF,269
475,subclass,24.212 Servizi postali e telegrafici,Totale,Libia,M,250
475,subclass,24.212 Servizi postali e telegrafici,Totale,Libia,F,19
475,subclass,24.212 Servizi postali e telegrafici,Totale,municipio di Tripoli,MF,118
475,subclass,24.212 Servizi postali e telegrafici,Totale,municipio di Tripoli,M,112
475,subclass,24.212 Servizi postali e telegrafici,Totale,municipio di Tripoli,F,6
475,subclass,24.212 Servizi postali e telegrafici,Totale,municipio di Bengasi,MF,69
475,subclass,24.212 Servizi postali e telegrafici,Totale,municipio di Bengasi,M,69
475,subclass,24.212 Servizi postali e telegrafici,Totale,municipio di Bengasi,F,0
476,category,V. Commercio,A) Padroni,Libia,MF,1739
476,category,V. Commercio,A) Padroni,Libia,M,1304
476,category,V. Commercio,A) Padroni,Libia,F,435
476,category,V. Commercio,A) Padroni,municipio di Tripoli,MF,811
476,category,V. Commercio,A) Padroni,municipio di Tripoli,M,630
476,category,V. Commercio,A) Padroni,municipio di Tripoli,F,181
476,category,V. Commercio,A) Padroni,municipio di Bengasi,MF,508
476,category,V. Commercio,A) Padroni,municipio di Bengasi,M,357
476,category,V. Commercio,A) Padroni,municipio di Bengasi,F,151
477,category,V. Commercio,E) Dirigenti,Libia,MF,46
477,category,V. Commercio,E) Dirigenti,Libia,M,42
477,category,V. Commercio,E) Dirigenti,Libia,F,4
477,category,V. Commercio,E) Dirigenti,municipio di Tripoli,MF,14
477,category,V. Commercio,E) Dirigenti,municipio di Tripoli,M,12
477,category,V. Commercio,E) Dirigenti,municipio di Tripoli,F,2
477,category,V. Commercio,E) Dirigenti,municipio di Bengasi,MF,20
477,category,V. Commercio,E) Dirigenti,municipio di Bengasi,M,18
477,category,V. Commercio,E) Dirigenti,municipio di Bengasi,F,2
478,category,V. Commercio,F) Impiegati,Libia,MF,595
478,category,V. Commercio,F) Impiegati,Libia,M,511
478,category,V. Commercio,F) Impiegati,Libia,F,84
478,category,V. Commercio,F) Impiegati,municipio di Tripoli,MF,430
478,category,V. Commercio,F) Impiegati,municipio di Tripoli,M,380
478,category,V. Commercio,F) Impiegati,municipio di Tripoli,F,50
478,category,V. Commercio,F) Impiegati,municipio di Bengasi,MF,122
478,category,V. Commercio,F) Impiegati,municipio di Bengasi,M,94
478,category,V. Commercio,F) Impiegati,municipio di Bengasi,F,28
479,category,V. Commercio,G) Personale di servizio e di fatica,Libia,MF,51
479,category,V. Commercio,G) Personale di servizio e di fatica,Libia,M,44
479,category,V. Commercio,G) Personale di servizio e di fatica,Libia,F,7
479,category,V. Commercio,G) Personale di servizio e di fatica,municipio di Tripoli,MF,48
479,category,V. Commercio,G) Personale di servizio e di fatica,municipio di Tripoli,M,42
479,category,V. Commercio,G) Personale di servizio e di fatica,municipio di Tripoli,F,6
479,category,V. Commercio,G) Personale di servizio e di fatica,municipio di Bengasi,MF,3
479,category,V. Commercio,G) Personale di servizio e di fatica,municipio di Bengasi,M,2
479,category,V. Commercio,G) Personale di servizio e di fatica,municipio di Bengasi,F,1
480,category,V. Commercio,H) Operai,Libia,MF,404
480,category,V. Commercio,H) Operai,Libia,M,303
480,category,V. Commercio,H) Operai,Libia,F,101
480,category,V. Commercio,H) Operai,municipio di Tripoli,MF,262
480,category,V. Commercio,H) Operai,municipio di Tripoli,M,200
480,category,V. Commercio,H) Operai,municipio di Tripoli,F,62
480,category,V. Commercio,H) Operai,municipio di Bengasi,MF,71
480,category,V. Commercio,H) Operai,municipio di Bengasi,M,50
480,category,V. Commercio,H) Operai,municipio di Bengasi,F,21
481,category,V. Commercio,Totale,Libia,MF,2835
481,category,V. Commercio,Totale,Libia,M,2204
481,category,V. Commercio,Totale,Libia,F,631
481,category,V. Commercio,Totale,municipio di Tripoli,MF,1565
481,category,V. Commercio,Totale,municipio di Tripoli,M,1264
481,category,V. Commercio,Totale,municipio di Tripoli,F,301
481,category,V. Commercio,Totale,municipio di Bengasi,MF,724
481,category,V. Commercio,Totale,municipio di Bengasi,M,521
481,category,V. Commercio,Totale,municipio di Bengasi,F,203
482,category,V. Commercio,di cui familiari coadiuvanti,Libia,MF,363
482,category,V. Commercio,di cui familiari coadiuvanti,Libia,M,188
482,category,V. Commercio,di cui familiari coadiuvanti,Libia,F,175
482,category,V. Commercio,di cui familiari coadiuvanti,municipio di Tripoli,MF,148
482,category,V. Commercio,di cui familiari coadiuvanti,municipio di Tripoli,M,76
482,category,V. Commercio,di cui familiari coadiuvanti,municipio di Tripoli,F,72
482,category,V. Commercio,di cui familiari coadiuvanti,municipio di Bengasi,MF,103
482,category,V. Commercio,di cui familiari coadiuvanti,municipio di Bengasi,M,51
482,category,V. Commercio,di cui familiari coadiuvanti,municipio di Bengasi,F,52
483,class,25. Commercio all'ingrosso di generi alimentari,A) Padroni,Libia,MF,128
483,class,25. Commercio all'ingrosso di generi alimentari,A) Padroni,Libia,M,120
483,class,25. Commercio all'ingrosso di generi alimentari,A) Padroni,Libia,F,8
483,class,25. Commercio all'ingrosso di generi alimentari,A) Padroni,municipio di Tripoli,MF,79
483,class,25. Commercio all'ingrosso di generi alimentari,A) Padroni,municipio di Tripoli,M,74
483,class,25. Commercio all'ingrosso di generi alimentari,A) Padroni,municipio di Tripoli,F,5
483,class,25. Commercio all'ingrosso di generi alimentari,A) Padroni,municipio di Bengasi,MF,34
483,class,25. Commercio all'ingrosso di generi alimentari,A) Padroni,municipio di Bengasi,M,32
483,class,25. Commercio all'ingrosso di generi alimentari,A) Padroni,municipio di Bengasi,F,2
484,class,25. Commercio all'ingrosso di generi alimentari,E) Dirigenti,Libia,MF,3
484,class,25. Commercio all'ingrosso di generi alimentari,E) Dirigenti,Libia,M,3
484,class,25. Commercio all'ingrosso di generi alimentari,E) Dirigenti,Libia,F,0
484,class,25. Commercio all'ingrosso di generi alimentari,E) Dirigenti,municipio di Tripoli,MF,1
484,class,25. Commercio all'ingrosso di generi alimentari,E) Dirigenti,municipio di Tripoli,M,1
484,class,25. Commercio all'ingrosso di generi alimentari,E) Dirigenti,municipio di Tripoli,F,0
484,class,25. Commercio all'ingrosso di generi alimentari,E) Dirigenti,municipio di Bengasi,MF,1
484,class,25. Commercio all'ingrosso di generi alimentari,E) Dirigenti,municipio di Bengasi,M,1
484,class,25. Commercio all'ingrosso di generi alimentari,E) Dirigenti,municipio di Bengasi,F,0
485,class,25. Commercio all'ingrosso di generi alimentari,F) Impiegati,Libia,MF,50
485,class,25. Commercio all'ingrosso di generi alimentari,F) Impiegati,Libia,M,49
485,class,25. Commercio all'ingrosso di generi alimentari,F) Impiegati,Libia,F,1
485,class,25. Commercio all'ingrosso di generi alimentari,F) Impiegati,municipio di Tripoli,MF,36
485,class,25. Commercio all'ingrosso di generi alimentari,F) Impiegati,municipio di Tripoli,M,35
485,class,25. Commercio all'ingrosso di generi alimentari,F) Impiegati,municipio di Tripoli,F,1
485,class,25. Commercio all'ingrosso di generi alimentari,F) Impiegati,municipio di Bengasi,MF,14
485,class,25. Commercio all'ingrosso di generi alimentari,F) Impiegati,municipio di Bengasi,M,14
485,class,25. Commercio all'ingrosso di generi alimentari,F) Impiegati,municipio di Bengasi,F,0
486,class,25. Commercio all'ingrosso di generi alimentari,H) Operai,Libia,MF,4
486,class,25. Commercio all'ingrosso di generi alimentari,H) Operai,Libia,M,4
486,class,25. Commercio all'ingrosso di generi alimentari,H) Operai,Libia,F,0
486,class,25. Commercio all'ingrosso di generi alimentari,H) Operai,municipio di Tripoli,MF,4
486,class,25. Commercio all'ingrosso di generi alimentari,H) Operai,municipio di Tripoli,M,4
486,class,25. Commercio all'ingrosso di generi alimentari,H) Operai,municipio di Tripoli,F,0
486,class,25. Commercio all'ingrosso di generi alimentari,H) Operai,municipio di Bengasi,MF,0
486,class,25. Commercio all'ingrosso di generi alimentari,H) Operai,municipio di Bengasi,M,0
486,class,25. Commercio all'ingrosso di generi alimentari,H) Operai,municipio di Bengasi,F,0
487,class,25. Commercio all'ingrosso di generi alimentari,Totale,Libia,MF,185
487,class,25. Commercio all'ingrosso di generi alimentari,Totale,Libia,M,176
487,class,25. Commercio all'ingrosso di generi alimentari,Totale,Libia,F,9
487,class,25. Commercio all'ingrosso di generi alimentari,Totale,municipio di Tripoli,MF,120
487,class,25. Commercio all'ingrosso di generi alimentari,Totale,municipio di Tripoli,M,114
487,class,25. Commercio all'ingrosso di generi alimentari,Totale,municipio di Tripoli,F,6
487,class,25. Commercio all'ingrosso di generi alimentari,Totale,municipio di Bengasi,MF,49
487,class,25. Commercio all'ingrosso di generi alimentari,Totale,municipio di Bengasi,M,47
487,class,25. Commercio all'ingrosso di generi alimentari,Totale,municipio di Bengasi,F,2
488,class,25. Commercio all'ingrosso di generi alimentari,di cui familiari coadiuvanti,Libia,MF,21
488,class,25. Commercio all'ingrosso di generi alimentari,di cui familiari coadiuvanti,Libia,M,16
488,class,25. Commercio all'ingrosso di generi alimentari,di cui familiari coadiuvanti,Libia,F,5
488,class,25. Commercio all'ingrosso di generi alimentari,di cui familiari coadiuvanti,municipio di Tripoli,MF,10
488,class,25. Commercio all'ingrosso di generi alimentari,di cui familiari coadiuvanti,municipio di Tripoli,M,9
488,class,25. Commercio all'ingrosso di generi alimentari,di cui familiari coadiuvanti,municipio di Tripoli,F,1
488,class,25. Commercio all'ingrosso di generi alimentari,di cui familiari coadiuvanti,municipio di Bengasi,MF,6
488,class,25. Commercio all'ingrosso di generi alimentari,di cui familiari coadiuvanti,municipio di Bengasi,M,5
488,class,25. Commercio all'ingrosso di generi alimentari,di cui familiari coadiuvanti,municipio di Bengasi,F,1
489,subclass,25.224 Commercio di vino ed altre bevande,A) Padroni,Libia,MF,44
489,subclass,25.224 Commercio di vino ed altre bevande,A) Padroni,Libia,M,40
489,subclass,25.224 Commercio di vino ed altre bevande,A) Padroni,Libia,F,4
489,subclass,25.224 Commercio di vino ed altre bevande,A) Padroni,municipio di Tripoli,MF,27
489,subclass,25.224 Commercio di vino ed altre bevande,A) Padroni,municipio di Tripoli,M,24
489,subclass,25.224 Commercio di vino ed altre bevande,A) Padroni,municipio di Tripoli,F,3
489,subclass,25.224 Commercio di vino ed altre bevande,A) Padroni,municipio di Bengasi,MF,10
489,subclass,25.224 Commercio di vino ed altre bevande,A) Padroni,municipio di Bengasi,M,9
489,subclass,25.224 Commercio di vino ed altre bevande,A) Padroni,municipio di Bengasi,F,1
490,subclass,25.224 Commercio di vino ed altre bevande,F) Impiegati,Libia,MF,7
490,subclass,25.224 Commercio di vino ed altre bevande,F) Impiegati,Libia,M,7
490,subclass,25.224 Commercio di vino ed altre bevande,F) Impiegati,Libia,F,0
490,subclass,25.224 Commercio di vino ed altre bevande,F) Impiegati,municipio di Tripoli,MF,5
490,subclass,25.224 Commercio di vino ed altre bevande,F) Impiegati,municipio di Tripoli,M,5
490,subclass,25.224 Commercio di vino ed altre bevande,F) Impiegati,municipio di Tripoli,F,0
490,subclass,25.224 Commercio di vino ed altre bevande,F) Impiegati,municipio di Bengasi,MF,2
490,subclass,25.224 Commercio di vino ed altre bevande,F) Impiegati,municipio di Bengasi,M,2
490,subclass,25.224 Commercio di vino ed altre bevande,F) Impiegati,municipio di Bengasi,F,0
491,subclass,25.224 Commercio di vino ed altre bevande,H) Operai,Libia,MF,3
491,subclass,25.224 Commercio di vino ed altre bevande,H) Operai,Libia,M,3
491,subclass,25.224 Commercio di vino ed altre bevande,H) Operai,Libia,F,0
491,subclass,25.224 Commercio di vino ed altre bevande,H) Operai,municipio di Tripoli,MF,3
491,subclass,25.224 Commercio di vino ed altre bevande,H) Operai,municipio di Tripoli,M,3
491,subclass,25.224 Commercio di vino ed altre bevande,H) Operai,municipio di Tripoli,F,0
491,subclass,25.224 Commercio di vino ed altre bevande,H) Operai,municipio di Bengasi,MF,0
491,subclass,25.224 Commercio di vino ed altre bevande,H) Operai,municipio di Bengasi,M,0
491,subclass,25.224 Commercio di vino ed altre bevande,H) Operai,municipio di Bengasi,F,0
492,subclass,25.224 Commercio di vino ed altre bevande,Totale,Libia,MF,54
492,subclass,25.224 Commercio di vino ed altre bevande,Totale,Libia,M,50
492,subclass,25.224 Commercio di vino ed altre bevande,Totale,Libia,F,4
492,subclass,25.224 Commercio di vino ed altre bevande,Totale,municipio di Tripoli,MF,35
492,subclass,25.224 Commercio di vino ed altre bevande,Totale,municipio di Tripoli,M,32
492,subclass,25.224 Commercio di vino ed altre bevande,Totale,municipio di Tripoli,F,3
492,subclass,25.224 Commercio di vino ed altre bevande,Totale,municipio di Bengasi,MF,12
492,subclass,25.224 Commercio di vino ed altre bevande,Totale,municipio di Bengasi,M,11
492,subclass,25.224 Commercio di vino ed altre bevande,Totale,municipio di Bengasi,F,1
493,subclass,25.224 Commercio di vino ed altre bevande,di cui familiari coadiuvanti,Libia,MF,8
493,subclass,25.224 Commercio di vino ed altre bevande,di cui familiari coadiuvanti,Libia,M,6
493,subclass,25.224 Commercio di vino ed altre bevande,di cui familiari coadiuvanti,Libia,F,2
493,subclass,25.224 Commercio di vino ed altre bevande,di cui familiari coadiuvanti,municipio di Tripoli,MF,2
493,subclass,25.224 Commercio di vino ed altre bevande,di cui familiari coadiuvanti,municipio di Tripoli,M,2
493,subclass,25.224 Commercio di vino ed altre bevande,di cui familiari coadiuvanti,municipio di Tripoli,F,0
493,subclass,25.224 Commercio di vino ed altre bevande,di cui familiari coadiuvanti,municipio di Bengasi,MF,2
493,subclass,25.224 Commercio di vino ed altre bevande,di cui familiari coadiuvanti,municipio di Bengasi,M,2
493,subclass,25.224 Commercio di vino ed altre bevande,di cui familiari coadiuvanti,municipio di Bengasi,F,0
494,class,26. Commercio all'ingrosso di generi non alimentari,A) Padroni,Libia,MF,35
494,class,26. Commercio all'ingrosso di generi non alimentari,A) Padroni,Libia,M,34
494,class,26. Commercio all'ingrosso di generi non alimentari,A) Padroni,Libia,F,1
494,class,26. Commercio all'ingrosso di generi non alimentari,A) Padroni,municipio di Tripoli,MF,16
494,class,26. Commercio all'ingrosso di generi non alimentari,A) Padroni,municipio di Tripoli,M,16
494,class,26. Commercio all'ingrosso di generi non alimentari,A) Padroni,municipio di Tripoli,F,0
494,class,26. Commercio all'ingrosso di generi non alimentari,A) Padroni,municipio di Bengasi,MF,15
494,class,26. Commercio all'ingrosso di generi non alimentari,A) Padroni,municipio di Bengasi,M,14
494,class,26. Commercio all'ingrosso di generi non alimentari,A) Padroni,municipio di Bengasi,F,1
495,class,26. Commercio all'ingrosso di generi non alimentari,E) Dirigenti,Libia,MF,4
495,class,26. Commercio all'ingrosso di generi non alimentari,E) Dirigenti,Libia,M,4
495,class,26. Commercio all'ingrosso di generi non alimentari,E) Dirigenti,Libia,F,0
495,class,26. Commercio all'ingrosso di generi non alimentari,E) Dirigenti,municipio di Tripoli,MF,0
495,class,26. Commercio all'ingrosso di generi non alimentari,E) Dirigenti,municipio di Tripoli,M,0
495,class,26. Commercio all'ingrosso di generi non alimentari,E) Dirigenti,municipio di Tripoli,F,0
495,class,26. Commercio all'ingrosso di generi non alimentari,E) Dirigenti,municipio di Bengasi,MF,4
495,class,26. Commercio all'ingrosso di generi non alimentari,E) Dirigenti,municipio di Bengasi,M,4
495,class,26. Commercio all'ingrosso di generi non alimentari,E) Dirigenti,municipio di Bengasi,F,0
496,class,26. Commercio all'ingrosso di generi non alimentari,F) Impiegati,Libia,MF,75
496,class,26. Commercio all'ingrosso di generi non alimentari,F) Impiegati,Libia,M,66
496,class,26. Commercio all'ingrosso di generi non alimentari,F) Impiegati,Libia,F,9
496,class,26. Commercio all'ingrosso di generi non alimentari,F) Impiegati,municipio di Tripoli,MF,51
496,class,26. Commercio all'ingrosso di generi non alimentari,F) Impiegati,municipio di Tripoli,M,44
496,class,26. Commercio all'ingrosso di generi non alimentari,F) Impiegati,municipio di Tripoli,F,7
496,class,26. Commercio all'ingrosso di generi non alimentari,F) Impiegati,municipio di Bengasi,MF,21
496,class,26. Commercio all'ingrosso di generi non alimentari,F) Impiegati,municipio di Bengasi,M,19
496,class,26. Commercio all'ingrosso di generi non alimentari,F) Impiegati,municipio di Bengasi,F,2
497,class,26. Commercio all'ingrosso di generi non alimentari,G) Personale di servizio e di fatica,Libia,MF,1
497,class,26. Commercio all'ingrosso di generi non alimentari,G) Personale di servizio e di fatica,Libia,M,1
497,class,26. Commercio all'ingrosso di generi non alimentari,G) Personale di servizio e di fatica,Libia,F,0
497,class,26. Commercio all'ingrosso di generi non alimentari,G) Personale di servizio e di fatica,municipio di Tripoli,MF,1
497,class,26. Commercio all'ingrosso di generi non alimentari,G) Personale di servizio e di fatica,municipio di Tripoli,M,1
497,class,26. Commercio all'ingrosso di generi non alimentari,G) Personale di servizio e di fatica,municipio di Tripoli,F,0
497,class,26. Commercio all'ingrosso di generi non alimentari,G) Personale di servizio e di fatica,municipio di Bengasi,MF,0
497,class,26. Commercio all'ingrosso di generi non alimentari,G) Personale di servizio e di fatica,municipio di Bengasi,M,0
497,class,26. Commercio all'ingrosso di generi non alimentari,G) Personale di servizio e di fatica,municipio di Bengasi,F,0
498,class,26. Commercio all'ingrosso di generi non alimentari,H) Operai,Libia,MF,7
498,class,26. Commercio all'ingrosso di generi non alimentari,H) Operai,Libia,M,7
498,class,26. Commercio all'ingrosso di generi non alimentari,H) Operai,Libia,F,0
498,class,26. Commercio all'ingrosso di generi non alimentari,H) Operai,municipio di Tripoli,MF,6
498,class,26. Commercio all'ingrosso di generi non alimentari,H) Operai,municipio di Tripoli,M,6
498,class,26. Commercio all'ingrosso di generi non alimentari,H) Operai,municipio di Tripoli,F,0
498,class,26. Commercio all'ingrosso di generi non alimentari,H) Operai,municipio di Bengasi,MF,1
498,class,26. Commercio all'ingrosso di generi non alimentari,H) Operai,municipio di Bengasi,M,1
498,class,26. Commercio all'ingrosso di generi non alimentari,H) Operai,municipio di Bengasi,F,0
499,class,26. Commercio all'ingrosso di generi non alimentari,Totale,Libia,MF,122
499,class,26. Commercio all'ingrosso di generi non alimentari,Totale,Libia,M,112
499,class,26. Commercio all'ingrosso di generi non alimentari,Totale,Libia,F,10
499,class,26. Commercio all'ingrosso di generi non alimentari,Totale,municipio di Tripoli,MF,74
499,class,26. Commercio all'ingrosso di generi non alimentari,Totale,municipio di Tripoli,M,67
499,class,26. Commercio all'ingrosso di generi non alimentari,Totale,municipio di Tripoli,F,7
499,class,26. Commercio all'ingrosso di generi non alimentari,Totale,municipio di Bengasi,MF,41
499,class,26. Commercio all'ingrosso di generi non alimentari,Totale,municipio di Bengasi,M,38
499,class,26. Commercio all'ingrosso di generi non alimentari,Totale,municipio di Bengasi,F,3
500,class,26. Commercio all'ingrosso di generi non alimentari,di cui familiari coadiuvanti,Libia,MF,5
500,class,26. Commercio all'ingrosso di generi non alimentari,di cui familiari coadiuvanti,Libia,M,5
500,class,26. Commercio all'ingrosso di generi non alimentari,di cui familiari coadiuvanti,Libia,F,0
500,class,26. Commercio all'ingrosso di generi non alimentari,di cui familiari coadiuvanti,municipio di Tripoli,MF,2
500,class,26. Commercio all'ingrosso di generi non alimentari,di cui familiari coadiuvanti,municipio di Tripoli,M,2
500,class,26. Commercio all'ingrosso di generi non alimentari,di cui familiari coadiuvanti,municipio di Tripoli,F,0
500,class,26. Commercio all'ingrosso di generi non alimentari,di cui familiari coadiuvanti,municipio di Bengasi,MF,2
500,class,26. Commercio all'ingrosso di generi non alimentari,di cui familiari coadiuvanti,municipio di Bengasi,M,2
500,class,26. Commercio all'ingrosso di generi non alimentari,di cui familiari coadiuvanti,municipio di Bengasi,F,0
501,subclass,"26.228 Tessuti, filati e passamanerie",A) Padroni,Libia,MF,10
501,subclass,"26.228 Tessuti, filati e passamanerie",A) Padroni,Libia,M,10
501,subclass,"26.228 Tessuti, filati e passamanerie",A) Padroni,Libia,F,0
501,subclass,"26.228 Tessuti, filati e passamanerie",A) Padroni,municipio di Tripoli,MF,8
501,subclass,"26.228 Tessuti, filati e passamanerie",A) Padroni,municipio di Tripoli,M,8
501,subclass,"26.228 Tessuti, filati e passamanerie",A) Padroni,municipio di Tripoli,F,0
501,subclass,"26.228 Tessuti, filati e passamanerie",A) Padroni,municipio di Bengasi,MF,1
501,subclass,"26.228 Tessuti, filati e passamanerie",A) Padroni,municipio di Bengasi,M,1
501,subclass,"26.228 Tessuti, filati e passamanerie",A) Padroni,municipio di Bengasi,F,0
502,subclass,"26.228 Tessuti, filati e passamanerie",F) Impiegati,Libia,MF,18
502,subclass,"26.228 Tessuti, filati e passamanerie",F) Impiegati,Libia,M,17
502,subclass,"26.228 Tessuti, filati e passamanerie",F) Impiegati,Libia,F,1
502,subclass,"26.228 Tessuti, filati e passamanerie",F) Impiegati,municipio di Tripoli,MF,15
502,subclass,"26.228 Tessuti, filati e passamanerie",F) Impiegati,municipio di Tripoli,M,14
502,subclass,"26.228 Tessuti, filati e passamanerie",F) Impiegati,municipio di Tripoli,F,1
502,subclass,"26.228 Tessuti, filati e passamanerie",F) Impiegati,municipio di Bengasi,MF,2
502,subclass,"26.228 Tessuti, filati e passamanerie",F) Impiegati,municipio di Bengasi,M,2
502,subclass,"26.228 Tessuti, filati e passamanerie",F) Impiegati,municipio di Bengasi,F,0
503,subclass,"26.228 Tessuti, filati e passamanerie",Totale,Libia,MF,28
503,subclass,"26.228 Tessuti, filati e passamanerie",Totale,Libia,M,27
503,subclass,"26.228 Tessuti, filati e passamanerie",Totale,Libia,F,1
503,subclass,"26.228 Tessuti, filati e passamanerie",Totale,municipio di Tripoli,MF,23
503,subclass,"26.228 Tessuti, filati e passamanerie",Totale,municipio di Tripoli,M,22
503,subclass,"26.228 Tessuti, filati e passamanerie",Totale,municipio di Tripoli,F,1
503,subclass,"26.228 Tessuti, filati e passamanerie",Totale,municipio di Bengasi,MF,3
503,subclass,"26.228 Tessuti, filati e passamanerie",Totale,municipio di Bengasi,M,3
503,subclass,"26.228 Tessuti, filati e passamanerie",Totale,municipio di Bengasi,F,0
504,subclass,"26.228 Tessuti, filati e passamanerie",di cui familiari coadiuvanti,Libia,MF,2
504,subclass,"26.228 Tessuti, filati e passamanerie",di cui familiari coadiuvanti,Libia,M,2
504,subclass,"26.228 Tessuti, filati e passamanerie",di cui familiari coadiuvanti,Libia,F,0
504,subclass,"26.228 Tessuti, filati e passamanerie",di cui familiari coadiuvanti,municipio di Tripoli,MF,2
504,subclass,"26.228 Tessuti, filati e passamanerie",di cui familiari coadiuvanti,municipio di Tripoli,M,2
504,subclass,"26.228 Tessuti, filati e passamanerie",di cui familiari coadiuvanti,municipio di Tripoli,F,0
504,subclass,"26.228 Tessuti, filati e passamanerie",di cui familiari coadiuvanti,municipio di Bengasi,MF,0
504,subclass,"26.228 Tessuti, filati e passamanerie",di cui familiari coadiuvanti,municipio di Bengasi,M,0
504,subclass,"26.228 Tessuti, filati e passamanerie",di cui familiari coadiuvanti,municipio di Bengasi,F,0
505,subclass,26.236 Combustibili solidi,A) Padroni,Libia,MF,9
505,subclass,26.236 Combustibili solidi,A) Padroni,Libia,M,9
505,subclass,26.236 Combustibili solidi,A) Padroni,Libia,F,0
505,subclass,26.236 Combustibili solidi,A) Padroni,municipio di Tripoli,MF,4
505,subclass,26.236 Combustibili solidi,A) Padroni,municipio di Tripoli,M,4
505,subclass,26.236 Combustibili solidi,A) Padroni,municipio di Tripoli,F,0
505,subclass,26.236 Combustibili solidi,A) Padroni,municipio di Bengasi,MF,3
505,subclass,26.236 Combustibili solidi,A) Padroni,municipio di Bengasi,M,3
505,subclass,26.236 Combustibili solidi,A) Padroni,municipio di Bengasi,F,0
506,subclass,26.236 Combustibili solidi,E) Dirigenti,Libia,MF,1
506,subclass,26.236 Combustibili solidi,E) Dirigenti,Libia,M,1
506,subclass,26.236 Combustibili solidi,E) Dirigenti,Libia,F,0
506,subclass,26.236 Combustibili solidi,E) Dirigenti,municipio di Tripoli,MF,0
506,subclass,26.236 Combustibili solidi,E) Dirigenti,municipio di Tripoli,M,0
506,subclass,26.236 Combustibili solidi,E) Dirigenti,municipio di Tripoli,F,0
506,subclass,26.236 Combustibili solidi,E) Dirigenti,municipio di Bengasi,MF,1
506,subclass,26.236 Combustibili solidi,E) Dirigenti,municipio di Bengasi,M,1
506,subclass,26.236 Combustibili solidi,E) Dirigenti,municipio di Bengasi,F,0
507,subclass,26.236 Combustibili solidi,F) Impiegati,Libia,MF,9
507,subclass,26.236 Combustibili solidi,F) Impiegati,Libia,M,7
507,subclass,26.236 Combustibili solidi,F) Impiegati,Libia,F,2
507,subclass,26.236 Combustibili solidi,F) Impiegati,municipio di Tripoli,MF,3
507,subclass,26.236 Combustibili solidi,F) Impiegati,municipio di Tripoli,M,3
507,subclass,26.236 Combustibili solidi,F) Impiegati,municipio di Tripoli,F,0
507,subclass,26.236 Combustibili solidi,F) Impiegati,municipio di Bengasi,MF,6
507,subclass,26.236 Combustibili solidi,F) Impiegati,municipio di Bengasi,M,4
507,subclass,26.236 Combustibili solidi,F) Impiegati,municipio di Bengasi,F,2
508,subclass,26.236 Combustibili solidi,Totale,Libia,MF,19
508,subclass,26.236 Combustibili solidi,Totale,Libia,M,17
508,subclass,26.236 Combustibili solidi,Totale,Libia,F,2
508,subclass,26.236 Combustibili solidi,Totale,municipio di Tripoli,MF,7
508,subclass,26.236 Combustibili solidi,Totale,municipio di Tripoli,M,7
508,subclass,26.236 Combustibili solidi,Totale,municipio di Tripoli,F,0
508,subclass,26.236 Combustibili solidi,Totale,municipio di Bengasi,MF,10
508,subclass,26.236 Combustibili solidi,Totale,municipio di Bengasi,M,8
508,subclass,26.236 Combustibili solidi,Totale,municipio di Bengasi,F,2
509,subclass,26.236 Combustibili solidi,di cui familiari coadiuvanti,Libia,MF,1
509,subclass,26.236 Combustibili solidi,di cui familiari coadiuvanti,Libia,M,1
509,subclass,26.236 Combustibili solidi,di cui familiari coadiuvanti,Libia,F,0
509,subclass,26.236 Combustibili solidi,di cui familiari coadiuvanti,municipio di Tripoli,MF,0
509,subclass,26.236 Combustibili solidi,di cui familiari coadiuvanti,municipio di Tripoli,M,0
509,subclass,26.236 Combustibili solidi,di cui familiari coadiuvanti,municipio di Tripoli,F,0
509,subclass,26.236 Combustibili solidi,di cui familiari coadiuvanti,municipio di Bengasi,MF,0
509,subclass,26.236 Combustibili solidi,di cui familiari coadiuvanti,municipio di Bengasi,M,0
509,subclass,26.236 Combustibili solidi,di cui familiari coadiuvanti,municipio di Bengasi,F,0
510,subclass,"26.237 Olii minerali, carburanti",A) Padroni,Libia,MF,3
510,subclass,"26.237 Olii minerali, carburanti",A) Padroni,Libia,M,3
510,subclass,"26.237 Olii minerali, carburanti",A) Padroni,Libia,F,0
510,subclass,"26.237 Olii minerali, carburanti",A) Padroni,municipio di Tripoli,MF,0
510,subclass,"26.237 Olii minerali, carburanti",A) Padroni,municipio di Tripoli,M,0
510,subclass,"26.237 Olii minerali, carburanti",A) Padroni,municipio di Tripoli,F,0
510,subclass,"26.237 Olii minerali, carburanti",A) Padroni,municipio di Bengasi,MF,3
510,subclass,"26.237 Olii minerali, carburanti",A) Padroni,municipio di Bengasi,M,3
510,subclass,"26.237 Olii minerali, carburanti",A) Padroni,municipio di Bengasi,F,0
511,subclass,"26.237 Olii minerali, carburanti",E) Dirigenti,Libia,MF,2
511,subclass,"26.237 Olii minerali, carburanti",E) Dirigenti,Libia,M,2
511,subclass,"26.237 Olii minerali, carburanti",E) Dirigenti,Libia,F,0
511,subclass,"26.237 Olii minerali, carburanti",E) Dirigenti,municipio di Tripoli,MF,0
511,subclass,"26.237 Olii minerali, carburanti",E) Dirigenti,municipio di Tripoli,M,0
511,subclass,"26.237 Olii minerali, carburanti",E) Dirigenti,municipio di Tripoli,F,0
511,subclass,"26.237 Olii minerali, carburanti",E) Dirigenti,municipio di Bengasi,MF,2
511,subclass,"26.237 Olii minerali, carburanti",E) Dirigenti,municipio di Bengasi,M,2
511,subclass,"26.237 Olii minerali, carburanti",E) Dirigenti,municipio di Bengasi,F,0
512,subclass,"26.237 Olii minerali, carburanti",F) Impiegati,Libia,MF,24
512,subclass,"26.237 Olii minerali, carburanti",F) Impiegati,Libia,M,23
512,subclass,"26.237 Olii minerali, carburanti",F) Impiegati,Libia,F,1
512,subclass,"26.237 Olii minerali, carburanti",F) Impiegati,municipio di Tripoli,MF,14
512,subclass,"26.237 Olii minerali, carburanti",F) Impiegati,municipio di Tripoli,M,13
512,subclass,"26.237 Olii minerali, carburanti",F) Impiegati,municipio di Tripoli,F,1
512,subclass,"26.237 Olii minerali, carburanti",F) Impiegati,municipio di Bengasi,MF,9
512,subclass,"26.237 Olii minerali, carburanti",F) Impiegati,municipio di Bengasi,M,9
512,subclass,"26.237 Olii minerali, carburanti",F) Impiegati,municipio di Bengasi,F,0
513,subclass,"26.237 Olii minerali, carburanti",G) Personale di servizio e di fatica,Libia,MF,1
513,subclass,"26.237 Olii minerali, carburanti",G) Personale di servizio e di fatica,Libia,M,1
513,subclass,"26.237 Olii minerali, carburanti",G) Personale di servizio e di fatica,Libia,F,0
513,subclass,"26.237 Olii minerali, carburanti",G) Personale di servizio e di fatica,municipio di Tripoli,MF,1
513,subclass,"26.237 Olii minerali, carburanti",G) Personale di servizio e di fatica,municipio di Tripoli,M,1
513,subclass,"26.237 Olii minerali, carburanti",G) Personale di servizio e di fatica,municipio di Tripoli,F,0
513,subclass,"26.237 Olii minerali, carburanti",G) Personale di servizio e di fatica,municipio di Bengasi,MF,0
513,subclass,"26.237 Olii minerali, carburanti",G) Personale di servizio e di fatica,municipio di Bengasi,M,0
513,subclass,"26.237 Olii minerali, carburanti",G) Personale di servizio e di fatica,municipio di Bengasi,F,0
514,subclass,"26.237 Olii minerali, carburanti",H) Operai,Libia,MF,7
514,subclass,"26.237 Olii minerali, carburanti",H) Operai,Libia,M,7
514,subclass,"26.237 Olii minerali, carburanti",H) Operai,Libia,F,0
514,subclass,"26.237 Olii minerali, carburanti",H) Operai,municipio di Tripoli,MF,6
514,subclass,"26.237 Olii minerali, carburanti",H) Operai,municipio di Tripoli,M,6
514,subclass,"26.237 Olii minerali, carburanti",H) Operai,municipio di Tripoli,F,0
514,subclass,"26.237 Olii minerali, carburanti",H) Operai,municipio di Bengasi,MF,1
514,subclass,"26.237 Olii minerali, carburanti",H) Operai,municipio di Bengasi,M,1
514,subclass,"26.237 Olii minerali, carburanti",H) Operai,municipio di Bengasi,F,0
515,subclass,"26.237 Olii minerali, carburanti",Totale,Libia,MF,37
515,subclass,"26.237 Olii minerali, carburanti",Totale,Libia,M,36
515,subclass,"26.237 Olii minerali, carburanti",Totale,Libia,F,1
515,subclass,"26.237 Olii minerali, carburanti",Totale,municipio di Tripoli,MF,21
515,subclass,"26.237 Olii minerali, carburanti",Totale,municipio di Tripoli,M,20
515,subclass,"26.237 Olii minerali, carburanti",Totale,municipio di Tripoli,F,1
515,subclass,"26.237 Olii minerali, carburanti",Totale,municipio di Bengasi,MF,15
515,subclass,"26.237 Olii minerali, carburanti",Totale,municipio di Bengasi,M,15
515,subclass,"26.237 Olii minerali, carburanti",Totale,municipio di Bengasi,F,0
516,class,27. Commercio all'ingrosso di animali vivi e materie prime non preziose,A) Padroni,Libia,MF,51
516,class,27. Commercio all'ingrosso di animali vivi e materie prime non preziose,A) Padroni,Libia,M,51
516,class,27. Commercio all'ingrosso di animali vivi e materie prime non preziose,A) Padroni,Libia,F,0
516,class,27. Commercio all'ingrosso di animali vivi e materie prime non preziose,A) Padroni,municipio di Tripoli,MF,31
516,class,27. Commercio all'ingrosso di animali vivi e materie prime non preziose,A) Padroni,municipio di Tripoli,M,31
516,class,27. Commercio all'ingrosso di animali vivi e materie prime non preziose,A) Padroni,municipio di Tripoli,F,0
516,class,27. Commercio all'ingrosso di animali vivi e materie prime non preziose,A) Padroni,municipio di Bengasi,MF,15
516,class,27. Commercio all'ingrosso di animali vivi e materie prime non preziose,A) Padroni,municipio di Bengasi,M,15
516,class,27. Commercio all'ingrosso di animali vivi e materie prime non preziose,A) Padroni,municipio di Bengasi,F,0
517,class,27. Commercio all'ingrosso di animali vivi e materie prime non preziose,E) Dirigenti,Libia,MF,3
517,class,27. Commercio all'ingrosso di animali vivi e materie prime non preziose,E) Dirigenti,Libia,M,3
517,class,27. Commercio all'ingrosso di animali vivi e materie prime non preziose,E) Dirigenti,Libia,F,0
517,class,27. Commercio all'ingrosso di animali vivi e materie prime non preziose,E) Dirigenti,municipio di Tripoli,MF,0
517,class,27. Commercio all'ingrosso di animali vivi e materie prime non preziose,E) Dirigenti,municipio di Tripoli,M,0
517,class,27. Commercio all'ingrosso di animali vivi e materie prime non preziose,E) Dirigenti,municipio di Tripoli,F,0
517,class,27. Commercio all'ingrosso di animali vivi e materie prime non preziose,E) Dirigenti,municipio di Bengasi,MF,2
517,class,27. Commercio all'ingrosso di animali vivi e materie prime non preziose,E) Dirigenti,municipio di Bengasi,M,2
517,class,27. Commercio all'ingrosso di animali vivi e materie prime non preziose,E) Dirigenti,municipio di Bengasi,F,0
518,class,27. Commercio all'ingrosso di animali vivi e materie prime non preziose,F) Impiegati,Libia,MF,26
518,class,27. Commercio all'ingrosso di animali vivi e materie prime non preziose,F) Impiegati,Libia,M,22
518,class,27. Commercio all'ingrosso di animali vivi e materie prime non preziose,F) Impiegati,Libia,F,4
518,class,27. Commercio all'ingrosso di animali vivi e materie prime non preziose,F) Impiegati,municipio di Tripoli,MF,14
518,class,27. Commercio all'ingrosso di animali vivi e materie prime non preziose,F) Impiegati,municipio di Tripoli,M,12
518,class,27. Commercio all'ingrosso di animali vivi e materie prime non preziose,F) Impiegati,municipio di Tripoli,F,2
518,class,27. Commercio all'ingrosso di animali vivi e materie prime non preziose,F) Impiegati,municipio di Bengasi,MF,8
518,class,27. Commercio all'ingrosso di animali vivi e materie prime non preziose,F) Impiegati,municipio di Bengasi,M,6
518,class,27. Commercio all'ingrosso di animali vivi e materie prime non preziose,F) Impiegati,municipio di Bengasi,F,2
519,class,27. Commercio all'ingrosso di animali vivi e materie prime non preziose,G) Personale di servizio e di fatica,Libia,MF,1
519,class,27. Commercio all'ingrosso di animali vivi e materie prime non preziose,G) Personale di servizio e di fatica,Libia,M,1
519,class,27. Commercio all'ingrosso di animali vivi e materie prime non preziose,G) Personale di servizio e di fatica,Libia,F,0
519,class,27. Commercio all'ingrosso di animali vivi e materie prime non preziose,G) Personale di servizio e di fatica,municipio di Tripoli,MF,1
519,class,27. Commercio all'ingrosso di animali vivi e materie prime non preziose,G) Personale di servizio e di fatica,municipio di Tripoli,M,1
519,class,27. Commercio all'ingrosso di animali vivi e materie prime non preziose,G) Personale di servizio e di fatica,municipio di Tripoli,F,0
519,class,27. Commercio all'ingrosso di animali vivi e materie prime non preziose,G) Personale di servizio e di fatica,municipio di Bengasi,MF,0
519,class,27. Commercio all'ingrosso di animali vivi e materie prime non preziose,G) Personale di servizio e di fatica,municipio di Bengasi,M,0
519,class,27. Commercio all'ingrosso di animali vivi e materie prime non preziose,G) Personale di servizio e di fatica,municipio di Bengasi,F,0
520,class,27. Commercio all'ingrosso di animali vivi e materie prime non preziose,H) Operai,Libia,MF,1
520,class,27. Commercio all'ingrosso di animali vivi e materie prime non preziose,H) Operai,Libia,M,1
520,class,27. Commercio all'ingrosso di animali vivi e materie prime non preziose,H) Operai,Libia,F,0
520,class,27. Commercio all'ingrosso di animali vivi e materie prime non preziose,H) Operai,municipio di Tripoli,MF,1
520,class,27. Commercio all'ingrosso di animali vivi e materie prime non preziose,H) Operai,municipio di Tripoli,M,1
520,class,27. Commercio all'ingrosso di animali vivi e materie prime non preziose,H) Operai,municipio di Tripoli,F,0
520,class,27. Commercio all'ingrosso di animali vivi e materie prime non preziose,H) Operai,municipio di Bengasi,MF,0
520,class,27. Commercio all'ingrosso di animali vivi e materie prime non preziose,H) Operai,municipio di Bengasi,M,0
520,class,27. Commercio all'ingrosso di animali vivi e materie prime non preziose,H) Operai,municipio di Bengasi,F,0
521,class,27. Commercio all'ingrosso di animali vivi e materie prime non preziose,Totale,Libia,MF,82
521,class,27. Commercio all'ingrosso di animali vivi e materie prime non preziose,Totale,Libia,M,78
521,class,27. Commercio all'ingrosso di animali vivi e materie prime non preziose,Totale,Libia,F,4
521,class,27. Commercio all'ingrosso di animali vivi e materie prime non preziose,Totale,municipio di Tripoli,MF,47
521,class,27. Commercio all'ingrosso di animali vivi e materie prime non preziose,Totale,municipio di Tripoli,M,45
521,class,27. Commercio all'ingrosso di animali vivi e materie prime non preziose,Totale,municipio di Tripoli,F,2
521,class,27. Commercio all'ingrosso di animali vivi e materie prime non preziose,Totale,municipio di Bengasi,MF,25
521,class,27. Commercio all'ingrosso di animali vivi e materie prime non preziose,Totale,municipio di Bengasi,M,23
521,class,27. Commercio all'ingrosso di animali vivi e materie prime non preziose,Totale,municipio di Bengasi,F,2
522,class,27. Commercio all'ingrosso di animali vivi e materie prime non preziose,di cui familiari coadiuvanti,Libia,MF,3
522,class,27. Commercio all'ingrosso di animali vivi e materie prime non preziose,di cui familiari coadiuvanti,Libia,M,3
522,class,27. Commercio all'ingrosso di animali vivi e materie prime non preziose,di cui familiari coadiuvanti,Libia,F,0
522,class,27. Commercio all'ingrosso di animali vivi e materie prime non preziose,di cui familiari coadiuvanti,municipio di Tripoli,MF,2
522,class,27. Commercio all'ingrosso di animali vivi e materie prime non preziose,di cui familiari coadiuvanti,municipio di Tripoli,M,2
522,class,27. Commercio all'ingrosso di animali vivi e materie prime non preziose,di cui familiari coadiuvanti,municipio di Tripoli,F,0
522,class,27. Commercio all'ingrosso di animali vivi e materie prime non preziose,di cui familiari coadiuvanti,municipio di Bengasi,MF,1
522,class,27. Commercio all'ingrosso di animali vivi e materie prime non preziose,di cui familiari coadiuvanti,municipio di Bengasi,M,1
522,class,27. Commercio all'ingrosso di animali vivi e materie prime non preziose,di cui familiari coadiuvanti,municipio di Bengasi,F,0
523,subclass,27.250 Materiali da costruzione,A) Padroni,Libia,MF,9
523,subclass,27.250 Materiali da costruzione,A) Padroni,Libia,M,9
523,subclass,27.250 Materiali da costruzione,A) Padroni,Libia,F,0
523,subclass,27.250 Materiali da costruzione,A) Padroni,municipio di Tripoli,MF,6
523,subclass,27.250 Materiali da costruzione,A) Padroni,municipio di Tripoli,M,6
523,subclass,27.250 Materiali da costruzione,A) Padroni,municipio di Tripoli,F,0
523,subclass,27.250 Materiali da costruzione,A) Padroni,municipio di Bengasi,MF,2
523,subclass,27.250 Materiali da costruzione,A) Padroni,municipio di Bengasi,M,2
523,subclass,27.250 Materiali da costruzione,A) Padroni,municipio di Bengasi,F,0
524,subclass,27.250 Materiali da costruzione,E) Dirigenti,Libia,MF,3
524,subclass,27.250 Materiali da costruzione,E) Dirigenti,Libia,M,3
524,subclass,27.250 Materiali da costruzione,E) Dirigenti,Libia,F,0
524,subclass,27.250 Materiali da costruzione,E) Dirigenti,municipio di Tripoli,MF,0
524,subclass,27.250 Materiali da costruzione,E) Dirigenti,municipio di Tripoli,M,0
524,subclass,27.250 Materiali da costruzione,E) Dirigenti,municipio di Tripoli,F,0
524,subclass,27.250 Materiali da costruzione,E) Dirigenti,municipio di Bengasi,MF,2
524,subclass,27.250 Materiali da costruzione,E) Dirigenti,municipio di Bengasi,M,2
524,subclass,27.250 Materiali da costruzione,E) Dirigenti,municipio di Bengasi,F,0
525,subclass,27.250 Materiali da costruzione,F) Impiegati,Libia,MF,15
525,subclass,27.250 Materiali da costruzione,F) Impiegati,Libia,M,14
525,subclass,27.250 Materiali da costruzione,F) Impiegati,Libia,F,1
525,subclass,27.250 Materiali da costruzione,F) Impiegati,municipio di Tripoli,MF,9
525,subclass,27.250 Materiali da costruzione,F) Impiegati,municipio di Tripoli,M,8
525,subclass,27.250 Materiali da costruzione,F) Impiegati,municipio di Tripoli,F,1
525,subclass,27.250 Materiali da costruzione,F) Impiegati,municipio di Bengasi,MF,5
525,subclass,27.250 Materiali da costruzione,F) Impiegati,municipio di Bengasi,M,5
525,subclass,27.250 Materiali da costruzione,F) Impiegati,municipio di Bengasi,F,0
526,subclass,27.250 Materiali da costruzione,G) Personale di servizio e di fatica,Libia,MF,1
526,subclass,27.250 Materiali da costruzione,G) Personale di servizio e di fatica,Libia,M,1
526,subclass,27.250 Materiali da costruzione,G) Personale di servizio e di fatica,Libia,F,0
526,subclass,27.250 Materiali da costruzione,G) Personale di servizio e di fatica,municipio di Tripoli,MF,1
526,subclass,27.250 Materiali da costruzione,G) Personale di servizio e di fatica,municipio di Tripoli,M,1
526,subclass,27.250 Materiali da costruzione,G) Personale di servizio e di fatica,municipio di Tripoli,F,0
526,subclass,27.250 Materiali da costruzione,G) Personale di servizio e di fatica,municipio di Bengasi,MF,0
526,subclass,27.250 Materiali da costruzione,G) Personale di servizio e di fatica,municipio di Bengasi,M,0
526,subclass,27.250 Materiali da costruzione,G) Personale di servizio e di fatica,municipio di Bengasi,F,0
527,subclass,27.250 Materiali da costruzione,H) Operai,Libia,MF,1
527,subclass,27.250 Materiali da costruzione,H) Operai,Libia,M,1
527,subclass,27.250 Materiali da costruzione,H) Operai,Libia,F,0
527,subclass,27.250 Materiali da costruzione,H) Operai,municipio di Tripoli,MF,1
527,subclass,27.250 Materiali da costruzione,H) Operai,municipio di Tripoli,M,1
527,subclass,27.250 Materiali da costruzione,H) Operai,municipio di Tripoli,F,0
527,subclass,27.250 Materiali da costruzione,H) Operai,municipio di Bengasi,MF,0
527,subclass,27.250 Materiali da costruzione,H) Operai,municipio di Bengasi,M,0
527,subclass,27.250 Materiali da costruzione,H) Operai,municipio di Bengasi,F,0
528,subclass,27.250 Materiali da costruzione,Totale,Libia,MF,29
528,subclass,27.250 Materiali da costruzione,Totale,Libia,M,28
528,subclass,27.250 Materiali da costruzione,Totale,Libia,F,1
528,subclass,27.250 Materiali da costruzione,Totale,municipio di Tripoli,MF,17
528,subclass,27.250 Materiali da costruzione,Totale,municipio di Tripoli,M,16
528,subclass,27.250 Materiali da costruzione,Totale,municipio di Tripoli,F,1
528,subclass,27.250 Materiali da costruzione,Totale,municipio di Bengasi,MF,9
528,subclass,27.250 Materiali da costruzione,Totale,municipio di Bengasi,M,9
528,subclass,27.250 Materiali da costruzione,Totale,municipio di Bengasi,F,0
529,class,28. Commercio all'ingrosso di generi diversi,A) Padroni,Libia,MF,15
529,class,28. Commercio all'ingrosso di generi diversi,A) Padroni,Libia,M,12
529,class,28. Commercio all'ingrosso di generi diversi,A) Padroni,Libia,F,3
529,class,28. Commercio all'ingrosso di generi diversi,A) Padroni,municipio di Tripoli,MF,7
529,class,28. Commercio all'ingrosso di generi diversi,A) Padroni,municipio di Tripoli,M,7
529,class,28. Commercio all'ingrosso di generi diversi,A) Padroni,municipio di Tripoli,F,0
529,class,28. Commercio all'ingrosso di generi diversi,A) Padroni,municipio di Bengasi,MF,4
529,class,28. Commercio all'ingrosso di generi diversi,A) Padroni,municipio di Bengasi,M,2
529,class,28. Commercio all'ingrosso di generi diversi,A) Padroni,municipio di Bengasi,F,2
530,class,28. Commercio all'ingrosso di generi diversi,F) Impiegati,Libia,MF,28
530,class,28. Commercio all'ingrosso di generi diversi,F) Impiegati,Libia,M,27
530,class,28. Commercio all'ingrosso di generi diversi,F) Impiegati,Libia,F,1
530,class,28. Commercio all'ingrosso di generi diversi,F) Impiegati,municipio di Tripoli,MF,28
530,class,28. Commercio all'ingrosso di generi diversi,F) Impiegati,municipio di Tripoli,M,27
530,class,28. Commercio all'ingrosso di generi diversi,F) Impiegati,municipio di Tripoli,F,1
530,class,28. Commercio all'ingrosso di generi diversi,F) Impiegati,municipio di Bengasi,MF,0
530,class,28. Commercio all'ingrosso di generi diversi,F) Impiegati,municipio di Bengasi,M,0
530,class,28. Commercio all'ingrosso di generi diversi,F) Impiegati,municipio di Bengasi,F,0
531,class,28. Commercio all'ingrosso di generi diversi,Totale,Libia,MF,43
531,class,28. Commercio all'ingrosso di generi diversi,Totale,Libia,M,39
531,class,28. Commercio all'ingrosso di generi diversi,Totale,Libia,F,4
531,class,28. Commercio all'ingrosso di generi diversi,Totale,municipio di Tripoli,MF,35
531,class,28. Commercio all'ingrosso di generi diversi,Totale,municipio di Tripoli,M,34
531,class,28. Commercio all'ingrosso di generi diversi,Totale,municipio di Tripoli,F,1
531,class,28. Commercio all'ingrosso di generi diversi,Totale,municipio di Bengasi,MF,4
531,class,28. Commercio all'ingrosso di generi diversi,Totale,municipio di Bengasi,M,2
531,class,28. Commercio all'ingrosso di generi diversi,Totale,municipio di Bengasi,F,2
532,class,28. Commercio all'ingrosso di generi diversi,di cui familiari coadiuvanti,Libia,MF,4
532,class,28. Commercio all'ingrosso di generi diversi,di cui familiari coadiuvanti,Libia,M,1
532,class,28. Commercio all'ingrosso di generi diversi,di cui familiari coadiuvanti,Libia,F,3
532,class,28. Commercio all'ingrosso di generi diversi,di cui familiari coadiuvanti,municipio di Tripoli,MF,0
532,class,28. Commercio all'ingrosso di generi diversi,di cui familiari coadiuvanti,municipio di Tripoli,M,0
532,class,28. Commercio all'ingrosso di generi diversi,di cui familiari coadiuvanti,municipio di Tripoli,F,0
532,class,28. Commercio all'ingrosso di generi diversi,di cui familiari coadiuvanti,municipio di Bengasi,MF,3
532,class,28. Commercio all'ingrosso di generi diversi,di cui familiari coadiuvanti,municipio di Bengasi,M,1
532,class,28. Commercio all'ingrosso di generi diversi,di cui familiari coadiuvanti,municipio di Bengasi,F,2
533,group,Complesso commercio all'ingrosso,A) Padroni,Libia,MF,229
533,group,Complesso commercio all'ingrosso,A) Padroni,Libia,M,217
533,group,Complesso commercio all'ingrosso,A) Padroni,Libia,F,12
533,group,Complesso commercio all'ingrosso,A) Padroni,municipio di Tripoli,MF,133
533,group,Complesso commercio all'ingrosso,A) Padroni,municipio di Tripoli,M,128
533,group,Complesso commercio all'ingrosso,A) Padroni,municipio di Tripoli,F,5
533,group,Complesso commercio all'ingrosso,A) Padroni,municipio di Bengasi,MF,68
533,group,Complesso commercio all'ingrosso,A) Padroni,municipio di Bengasi,M,63
533,group,Complesso commercio all'ingrosso,A) Padroni,municipio di Bengasi,F,5
534,group,Complesso commercio all'ingrosso,E) Dirigenti,Libia,MF,10
534,group,Complesso commercio all'ingrosso,E) Dirigenti,Libia,M,10
534,group,Complesso commercio all'ingrosso,E) Dirigenti,Libia,F,0
534,group,Complesso commercio all'ingrosso,E) Dirigenti,municipio di Tripoli,MF,1
534,group,Complesso commercio all'ingrosso,E) Dirigenti,municipio di Tripoli,M,1
534,group,Complesso commercio all'ingrosso,E) Dirigenti,municipio di Tripoli,F,0
534,group,Complesso commercio all'ingrosso,E) Dirigenti,municipio di Bengasi,MF,7
534,group,Complesso commercio all'ingrosso,E) Dirigenti,municipio di Bengasi,M,7
534,group,Complesso commercio all'ingrosso,E) Dirigenti,municipio di Bengasi,F,0
535,group,Complesso commercio all'ingrosso,F) Impiegati,Libia,MF,179
535,group,Complesso commercio all'ingrosso,F) Impiegati,Libia,M,164
535,group,Complesso commercio all'ingrosso,F) Impiegati,Libia,F,15
535,group,Complesso commercio all'ingrosso,F) Impiegati,municipio di Tripoli,MF,129
535,group,Complesso commercio all'ingrosso,F) Impiegati,municipio di Tripoli,M,118
535,group,Complesso commercio all'ingrosso,F) Impiegati,municipio di Tripoli,F,11
535,group,Complesso commercio all'ingrosso,F) Impiegati,municipio di Bengasi,MF,43
535,group,Complesso commercio all'ingrosso,F) Impiegati,municipio di Bengasi,M,39
535,group,Complesso commercio all'ingrosso,F) Impiegati,municipio di Bengasi,F,4
536,group,Complesso commercio all'ingrosso,G) Personale di servizio e di fatica,Libia,MF,2
536,group,Complesso commercio all'ingrosso,G) Personale di servizio e di fatica,Libia,M,2
536,group,Complesso commercio all'ingrosso,G) Personale di servizio e di fatica,Libia,F,0
536,group,Complesso commercio all'ingrosso,G) Personale di servizio e di fatica,municipio di Tripoli,MF,2
536,group,Complesso commercio all'ingrosso,G) Personale di servizio e di fatica,municipio di Tripoli,M,2
536,group,Complesso commercio all'ingrosso,G) Personale di servizio e di fatica,municipio di Tripoli,F,0
536,group,Complesso commercio all'ingrosso,G) Personale di servizio e di fatica,municipio di Bengasi,MF,0
536,group,Complesso commercio all'ingrosso,G) Personale di servizio e di fatica,municipio di Bengasi,M,0
536,group,Complesso commercio all'ingrosso,G) Personale di servizio e di fatica,municipio di Bengasi,F,0
537,group,Complesso commercio all'ingrosso,H) Operai,Libia,MF,12
537,group,Complesso commercio all'ingrosso,H) Operai,Libia,M,12
537,group,Complesso commercio all'ingrosso,H) Operai,Libia,F,0
537,group,Complesso commercio all'ingrosso,H) Operai,municipio di Tripoli,MF,11
537,group,Complesso commercio all'ingrosso,H) Operai,municipio di Tripoli,M,11
537,group,Complesso commercio all'ingrosso,H) Operai,municipio di Tripoli,F,0
537,group,Complesso commercio all'ingrosso,H) Operai,municipio di Bengasi,MF,1
537,group,Complesso commercio all'ingrosso,H) Operai,municipio di Bengasi,M,1
537,group,Complesso commercio all'ingrosso,H) Operai,municipio di Bengasi,F,0
538,group,Complesso commercio all'ingrosso,Totale,Libia,MF,432
538,group,Complesso commercio all'ingrosso,Totale,Libia,M,405
538,group,Complesso commercio all'ingrosso,Totale,Libia,F,27
538,group,Complesso commercio all'ingrosso,Totale,municipio di Tripoli,MF,276
538,group,Complesso commercio all'ingrosso,Totale,municipio di Tripoli,M,260
538,group,Complesso commercio all'ingrosso,Totale,municipio di Tripoli,F,16
538,group,Complesso commercio all'ingrosso,Totale,municipio di Bengasi,MF,119
538,group,Complesso commercio all'ingrosso,Totale,municipio di Bengasi,M,110
538,group,Complesso commercio all'ingrosso,Totale,municipio di Bengasi,F,9
539,group,Complesso commercio all'ingrosso,di cui familiari coadiuvanti,Libia,MF,33
539,group,Complesso commercio all'ingrosso,di cui familiari coadiuvanti,Libia,M,25
539,group,Complesso commercio all'ingrosso,di cui familiari coadiuvanti,Libia,F,8
539,group,Complesso commercio all'ingrosso,di cui familiari coadiuvanti,municipio di Tripoli,MF,14
539,group,Complesso commercio all'ingrosso,di cui familiari coadiuvanti,municipio di Tripoli,M,13
539,group,Complesso commercio all'ingrosso,di cui familiari coadiuvanti,municipio di Tripoli,F,1
539,group,Complesso commercio all'ingrosso,di cui familiari coadiuvanti,municipio di Bengasi,MF,12
539,group,Complesso commercio all'ingrosso,di cui familiari coadiuvanti,municipio di Bengasi,M,9
539,group,Complesso commercio all'ingrosso,di cui familiari coadiuvanti,municipio di Bengasi,F,3
540,class,29. Commercio al minuto di generi alimentari,A) Padroni,Libia,MF,567
540,class,29. Commercio al minuto di generi alimentari,A) Padroni,Libia,M,433
540,class,29. Commercio al minuto di generi alimentari,A) Padroni,Libia,F,134
540,class,29. Commercio al minuto di generi alimentari,A) Padroni,municipio di Tripoli,MF,242
540,class,29. Commercio al minuto di generi alimentari,A) Padroni,municipio di Tripoli,M,184
540,class,29. Commercio al minuto di generi alimentari,A) Padroni,municipio di Tripoli,F,58
540,class,29. Commercio al minuto di generi alimentari,A) Padroni,municipio di Bengasi,MF,152
540,class,29. Commercio al minuto di generi alimentari,A) Padroni,municipio di Bengasi,M,109
540,class,29. Commercio al minuto di generi alimentari,A) Padroni,municipio di Bengasi,F,43
541,class,29. Commercio al minuto di generi alimentari,F) Impiegati,Libia,MF,74
541,class,29. Commercio al minuto di generi alimentari,F) Impiegati,Libia,M,63
541,class,29. Commercio al minuto di generi alimentari,F) Impiegati,Libia,F,11
541,class,29. Commercio al minuto di generi alimentari,F) Impiegati,municipio di Tripoli,MF,44
541,class,29. Commercio al minuto di generi alimentari,F) Impiegati,municipio di Tripoli,M,38
541,class,29. Commercio al minuto di generi alimentari,F) Impiegati,municipio di Tripoli,F,6
541,class,29. Commercio al minuto di generi alimentari,F) Impiegati,municipio di Bengasi,MF,12
541,class,29. Commercio al minuto di generi alimentari,F) Impiegati,municipio di Bengasi,M,9
541,class,29. Commercio al minuto di generi alimentari,F) Impiegati,municipio di Bengasi,F,3
542,class,29. Commercio al minuto di generi alimentari,G) Personale di servizio e di fatica,Libia,MF,4
542,class,29. Commercio al minuto di generi alimentari,G) Personale di servizio e di fatica,Libia,M,4
542,class,29. Commercio al minuto di generi alimentari,G) Personale di servizio e di fatica,Libia,F,0
542,class,29. Commercio al minuto di generi alimentari,G) Personale di servizio e di fatica,municipio di Tripoli,MF,3
542,class,29. Commercio al minuto di generi alimentari,G) Personale di servizio e di fatica,municipio di Tripoli,M,3
542,class,29. Commercio al minuto di generi alimentari,G) Personale di servizio e di fatica,municipio di Tripoli,F,0
542,class,29. Commercio al minuto di generi alimentari,G) Personale di servizio e di fatica,municipio di Bengasi,MF,1
542,class,29. Commercio al minuto di generi alimentari,G) Personale di servizio e di fatica,municipio di Bengasi,M,1
542,class,29. Commercio al minuto di generi alimentari,G) Personale di servizio e di fatica,municipio di Bengasi,F,0
543,class,29. Commercio al minuto di generi alimentari,Totale,Libia,MF,645
543,class,29. Commercio al minuto di generi alimentari,Totale,Libia,M,500
543,class,29. Commercio al minuto di generi alimentari,Totale,Libia,F,145
543,class,29. Commercio al minuto di generi alimentari,Totale,municipio di Tripoli,MF,289
543,class,29. Commercio al minuto di generi alimentari,Totale,municipio di Tripoli,M,225
543,class,29. Commercio al minuto di generi alimentari,Totale,municipio di Tripoli,F,64
543,class,29. Commercio al minuto di generi alimentari,Totale,municipio di Bengasi,MF,165
543,class,29. Commercio al minuto di generi alimentari,Totale,municipio di Bengasi,M,119
543,class,29. Commercio al minuto di generi alimentari,Totale,municipio di Bengasi,F,46
544,class,29. Commercio al minuto di generi alimentari,di cui familiari coadiuvanti,Libia,MF,130
544,class,29. Commercio al minuto di generi alimentari,di cui familiari coadiuvanti,Libia,M,70
544,class,29. Commercio al minuto di generi alimentari,di cui familiari coadiuvanti,Libia,F,60
544,class,29. Commercio al minuto di generi alimentari,di cui familiari coadiuvanti,municipio di Tripoli,MF,48
544,class,29. Commercio al minuto di generi alimentari,di cui familiari coadiuvanti,municipio di Tripoli,M,23
544,class,29. Commercio al minuto di generi alimentari,di cui familiari coadiuvanti,municipio di Tripoli,F,25
544,class,29. Commercio al minuto di generi alimentari,di cui familiari coadiuvanti,municipio di Bengasi,MF,36
544,class,29. Commercio al minuto di generi alimentari,di cui familiari coadiuvanti,municipio di Bengasi,M,19
544,class,29. Commercio al minuto di generi alimentari,di cui familiari coadiuvanti,municipio di Bengasi,F,17
545,subclass,"29.254 Macellerie, pollerie, pescherie",A) Padroni,Libia,MF,100
545,subclass,"29.254 Macellerie, pollerie, pescherie",A) Padroni,Libia,M,91
545,subclass,"29.254 Macellerie, pollerie, pescherie",A) Padroni,Libia,F,9
545,subclass,"29.254 Macellerie, pollerie, pescherie",A) Padroni,municipio di Tripoli,MF,63
545,subclass,"29.254 Macellerie, pollerie, pescherie",A) Padroni,municipio di Tripoli,M,60
545,subclass,"29.254 Macellerie, pollerie, pescherie",A) Padroni,municipio di Tripoli,F,3
545,subclass,"29.254 Macellerie, pollerie, pescherie",A) Padroni,municipio di Bengasi,MF,29
545,subclass,"29.254 Macellerie, pollerie, pescherie",A) Padroni,municipio di Bengasi,M,24
545,subclass,"29.254 Macellerie, pollerie, pescherie",A) Padroni,municipio di Bengasi,F,5
546,subclass,"29.254 Macellerie, pollerie, pescherie",F) Impiegati,Libia,MF,12
546,subclass,"29.254 Macellerie, pollerie, pescherie",F) Impiegati,Libia,M,12
546,subclass,"29.254 Macellerie, pollerie, pescherie",F) Impiegati,Libia,F,0
546,subclass,"29.254 Macellerie, pollerie, pescherie",F) Impiegati,municipio di Tripoli,MF,9
546,subclass,"29.254 Macellerie, pollerie, pescherie",F) Impiegati,municipio di Tripoli,M,9
546,subclass,"29.254 Macellerie, pollerie, pescherie",F) Impiegati,municipio di Tripoli,F,0
546,subclass,"29.254 Macellerie, pollerie, pescherie",F) Impiegati,municipio di Bengasi,MF,2
546,subclass,"29.254 Macellerie, pollerie, pescherie",F) Impiegati,municipio di Bengasi,M,2
546,subclass,"29.254 Macellerie, pollerie, pescherie",F) Impiegati,municipio di Bengasi,F,0
547,subclass,"29.254 Macellerie, pollerie, pescherie",G) Personale di servizio e di fatica,Libia,MF,3
547,subclass,"29.254 Macellerie, pollerie, pescherie",G) Personale di servizio e di fatica,Libia,M,3
547,subclass,"29.254 Macellerie, pollerie, pescherie",G) Personale di servizio e di fatica,Libia,F,0
547,subclass,"29.254 Macellerie, pollerie, pescherie",G) Personale di servizio e di fatica,municipio di Tripoli,MF,2
547,subclass,"29.254 Macellerie, pollerie, pescherie",G) Personale di servizio e di fatica,municipio di Tripoli,M,2
547,subclass,"29.254 Macellerie, pollerie, pescherie",G) Personale di servizio e di fatica,municipio di Tripoli,F,0
547,subclass,"29.254 Macellerie, pollerie, pescherie",G) Personale di servizio e di fatica,municipio di Bengasi,MF,1
547,subclass,"29.254 Macellerie, pollerie, pescherie",G) Personale di servizio e di fatica,municipio di Bengasi,M,1
547,subclass,"29.254 Macellerie, pollerie, pescherie",G) Personale di servizio e di fatica,municipio di Bengasi,F,0
548,subclass,"29.254 Macellerie, pollerie, pescherie",Totale,Libia,MF,115
548,subclass,"29.254 Macellerie, pollerie, pescherie",Totale,Libia,M,106
548,subclass,"29.254 Macellerie, pollerie, pescherie",Totale,Libia,F,9
548,subclass,"29.254 Macellerie, pollerie, pescherie",Totale,municipio di Tripoli,MF,74
548,subclass,"29.254 Macellerie, pollerie, pescherie",Totale,municipio di Tripoli,M,71
548,subclass,"29.254 Macellerie, pollerie, pescherie",Totale,municipio di Tripoli,F,3
548,subclass,"29.254 Macellerie, pollerie, pescherie",Totale,municipio di Bengasi,MF,32
548,subclass,"29.254 Macellerie, pollerie, pescherie",Totale,municipio di Bengasi,M,27
548,subclass,"29.254 Macellerie, pollerie, pescherie",Totale,municipio di Bengasi,F,5
549,subclass,"29.254 Macellerie, pollerie, pescherie",di cui familiari coadiuvanti,Libia,MF,22
549,subclass,"29.254 Macellerie, pollerie, pescherie",di cui familiari coadiuvanti,Libia,M,16
549,subclass,"29.254 Macellerie, pollerie, pescherie",di cui familiari coadiuvanti,Libia,F,6
549,subclass,"29.254 Macellerie, pollerie, pescherie",di cui familiari coadiuvanti,municipio di Tripoli,MF,12
549,subclass,"29.254 Macellerie, pollerie, pescherie",di cui familiari coadiuvanti,municipio di Tripoli,M,10
549,subclass,"29.254 Macellerie, pollerie, pescherie",di cui familiari coadiuvanti,municipio di Tripoli,F,2
549,subclass,"29.254 Macellerie, pollerie, pescherie",di cui familiari coadiuvanti,municipio di Bengasi,MF,9
549,subclass,"29.254 Macellerie, pollerie, pescherie",di cui familiari coadiuvanti,municipio di Bengasi,M,6
549,subclass,"29.254 Macellerie, pollerie, pescherie",di cui familiari coadiuvanti,municipio di Bengasi,F,3
550,subclass,"29.258 Rivendite di sali, tabacchi",A) Padroni,Libia,MF,59
550,subclass,"29.258 Rivendite di sali, tabacchi",A) Padroni,Libia,M,28
550,subclass,"29.258 Rivendite di sali, tabacchi",A) Padroni,Libia,F,31
550,subclass,"29.258 Rivendite di sali, tabacchi",A) Padroni,municipio di Tripoli,MF,23
550,subclass,"29.258 Rivendite di sali, tabacchi",A) Padroni,municipio di Tripoli,M,12
550,subclass,"29.258 Rivendite di sali, tabacchi",A) Padroni,municipio di Tripoli,F,11
550,subclass,"29.258 Rivendite di sali, tabacchi",A) Padroni,municipio di Bengasi,MF,20
550,subclass,"29.258 Rivendite di sali, tabacchi",A) Padroni,municipio di Bengasi,M,6
550,subclass,"29.258 Rivendite di sali, tabacchi",A) Padroni,municipio di Bengasi,F,14
551,subclass,"29.258 Rivendite di sali, tabacchi",F) Impiegati,Libia,MF,5
551,subclass,"29.258 Rivendite di sali, tabacchi",F) Impiegati,Libia,M,4
551,subclass,"29.258 Rivendite di sali, tabacchi",F) Impiegati,Libia,F,1
551,subclass,"29.258 Rivendite di sali, tabacchi",F) Impiegati,municipio di Tripoli,MF,2
551,subclass,"29.258 Rivendite di sali, tabacchi",F) Impiegati,municipio di Tripoli,M,2
551,subclass,"29.258 Rivendite di sali, tabacchi",F) Impiegati,municipio di Tripoli,F,0
551,subclass,"29.258 Rivendite di sali, tabacchi",F) Impiegati,municipio di Bengasi,MF,2
551,subclass,"29.258 Rivendite di sali, tabacchi",F) Impiegati,municipio di Bengasi,M,1
551,subclass,"29.258 Rivendite di sali, tabacchi",F) Impiegati,municipio di Bengasi,F,1
552,subclass,"29.258 Rivendite di sali, tabacchi",Totale,Libia,MF,64
552,subclass,"29.258 Rivendite di sali, tabacchi",Totale,Libia,M,32
552,subclass,"29.258 Rivendite di sali, tabacchi",Totale,Libia,F,32
552,subclass,"29.258 Rivendite di sali, tabacchi",Totale,municipio di Tripoli,MF,25
552,subclass,"29.258 Rivendite di sali, tabacchi",Totale,municipio di Tripoli,M,14
552,subclass,"29.258 Rivendite di sali, tabacchi",Totale,municipio di Tripoli,F,11
552,subclass,"29.258 Rivendite di sali, tabacchi",Totale,municipio di Bengasi,MF,22
552,subclass,"29.258 Rivendite di sali, tabacchi",Totale,municipio di Bengasi,M,7
552,subclass,"29.258 Rivendite di sali, tabacchi",Totale,municipio di Bengasi,F,15
553,subclass,"29.258 Rivendite di sali, tabacchi",di cui familiari coadiuvanti,Libia,MF,13
553,subclass,"29.258 Rivendite di sali, tabacchi",di cui familiari coadiuvanti,Libia,M,3
553,subclass,"29.258 Rivendite di sali, tabacchi",di cui familiari coadiuvanti,Libia,F,10
553,subclass,"29.258 Rivendite di sali, tabacchi",di cui familiari coadiuvanti,municipio di Tripoli,MF,5
553,subclass,"29.258 Rivendite di sali, tabacchi",di cui familiari coadiuvanti,municipio di Tripoli,M,2
553,subclass,"29.258 Rivendite di sali, tabacchi",di cui familiari coadiuvanti,municipio di Tripoli,F,3
553,subclass,"29.258 Rivendite di sali, tabacchi",di cui familiari coadiuvanti,municipio di Bengasi,MF,5
553,subclass,"29.258 Rivendite di sali, tabacchi",di cui familiari coadiuvanti,municipio di Bengasi,M,1
553,subclass,"29.258 Rivendite di sali, tabacchi",di cui familiari coadiuvanti,municipio di Bengasi,F,4
554,subclass,29.259 Drogherie e torrefazione del caffe,A) Padroni,Libia,MF,22
554,subclass,29.259 Drogherie e torrefazione del caffe,A) Padroni,Libia,M,18
554,subclass,29.259 Drogherie e torrefazione del caffe,A) Padroni,Libia,F,4
554,subclass,29.259 Drogherie e torrefazione del caffe,A) Padroni,municipio di Tripoli,MF,9
554,subclass,29.259 Drogherie e torrefazione del caffe,A) Padroni,municipio di Tripoli,M,8
554,subclass,29.259 Drogherie e torrefazione del caffe,A) Padroni,municipio di Tripoli,F,1
554,subclass,29.259 Drogherie e torrefazione del caffe,A) Padroni,municipio di Bengasi,MF,7
554,subclass,29.259 Drogherie e torrefazione del caffe,A) Padroni,municipio di Bengasi,M,5
554,subclass,29.259 Drogherie e torrefazione del caffe,A) Padroni,municipio di Bengasi,F,2
555,subclass,29.259 Drogherie e torrefazione del caffe,F) Impiegati,Libia,MF,3
555,subclass,29.259 Drogherie e torrefazione del caffe,F) Impiegati,Libia,M,3
555,subclass,29.259 Drogherie e torrefazione del caffe,F) Impiegati,Libia,F,0
555,subclass,29.259 Drogherie e torrefazione del caffe,F) Impiegati,municipio di Tripoli,MF,1
555,subclass,29.259 Drogherie e torrefazione del caffe,F) Impiegati,municipio di Tripoli,M,1
555,subclass,29.259 Drogherie e torrefazione del caffe,F) Impiegati,municipio di Tripoli,F,0
555,subclass,29.259 Drogherie e torrefazione del caffe,F) Impiegati,municipio di Bengasi,MF,0
555,subclass,29.259 Drogherie e torrefazione del caffe,F) Impiegati,municipio di Bengasi,M,0
555,subclass,29.259 Drogherie e torrefazione del caffe,F) Impiegati,municipio di Bengasi,F,0
556,subclass,29.259 Drogherie e torrefazione del caffe,Totale,Libia,MF,25
556,subclass,29.259 Drogherie e torrefazione del caffe,Totale,Libia,M,21
556,subclass,29.259 Drogherie e torrefazione del caffe,Totale,Libia,F,4
556,subclass,29.259 Drogherie e torrefazione del caffe,Totale,municipio di Tripoli,MF,10
556,subclass,29.259 Drogherie e torrefazione del caffe,Totale,municipio di Tripoli,M,9
556,subclass,29.259 Drogherie e torrefazione del caffe,Totale,municipio di Tripoli,F,1
556,subclass,29.259 Drogherie e torrefazione del caffe,Totale,municipio di Bengasi,MF,7
556,subclass,29.259 Drogherie e torrefazione del caffe,Totale,municipio di Bengasi,M,5
556,subclass,29.259 Drogherie e torrefazione del caffe,Totale,municipio di Bengasi,F,2
557,subclass,29.259 Drogherie e torrefazione del caffe,di cui familiari coadiuvanti,Libia,MF,7
557,subclass,29.259 Drogherie e torrefazione del caffe,di cui familiari coadiuvanti,Libia,M,3
557,subclass,29.259 Drogherie e torrefazione del caffe,di cui familiari coadiuvanti,Libia,F,4
557,subclass,29.259 Drogherie e torrefazione del caffe,di cui familiari coadiuvanti,municipio di Tripoli,MF,1
557,subclass,29.259 Drogherie e torrefazione del caffe,di cui familiari coadiuvanti,municipio di Tripoli,M,0
557,subclass,29.259 Drogherie e torrefazione del caffe,di cui familiari coadiuvanti,municipio di Tripoli,F,1
557,subclass,29.259 Drogherie e torrefazione del caffe,di cui familiari coadiuvanti,municipio di Bengasi,MF,4
557,subclass,29.259 Drogherie e torrefazione del caffe,di cui familiari coadiuvanti,municipio di Bengasi,M,2
557,subclass,29.259 Drogherie e torrefazione del caffe,di cui familiari coadiuvanti,municipio di Bengasi,F,2
558,subclass,"29.260 Negozi di vino, birra, olio",A) Padroni,Libia,MF,28
558,subclass,"29.260 Negozi di vino, birra, olio",A) Padroni,Libia,M,23
558,subclass,"29.260 Negozi di vino, birra, olio",A) Padroni,Libia,F,5
558,subclass,"29.260 Negozi di vino, birra, olio",A) Padroni,municipio di Tripoli,MF,16
558,subclass,"29.260 Negozi di vino, birra, olio",A) Padroni,municipio di Tripoli,M,13
558,subclass,"29.260 Negozi di vino, birra, olio",A) Padroni,municipio di Tripoli,F,3
558,subclass,"29.260 Negozi di vino, birra, olio",A) Padroni,municipio di Bengasi,MF,7
558,subclass,"29.260 Negozi di vino, birra, olio",A) Padroni,municipio di Bengasi,M,5
558,subclass,"29.260 Negozi di vino, birra, olio",A) Padroni,municipio di Bengasi,F,2
559,subclass,"29.260 Negozi di vino, birra, olio",F) Impiegati,Libia,MF,3
559,subclass,"29.260 Negozi di vino, birra, olio",F) Impiegati,Libia,M,2
559,subclass,"29.260 Negozi di vino, birra, olio",F) Impiegati,Libia,F,1
559,subclass,"29.260 Negozi di vino, birra, olio",F) Impiegati,municipio di Tripoli,MF,1
559,subclass,"29.260 Negozi di vino, birra, olio",F) Impiegati,municipio di Tripoli,M,1
559,subclass,"29.260 Negozi di vino, birra, olio",F) Impiegati,municipio di Tripoli,F,0
559,subclass,"29.260 Negozi di vino, birra, olio",F) Impiegati,municipio di Bengasi,MF,2
559,subclass,"29.260 Negozi di vino, birra, olio",F) Impiegati,municipio di Bengasi,M,1
559,subclass,"29.260 Negozi di vino, birra, olio",F) Impiegati,municipio di Bengasi,F,1
560,subclass,"29.260 Negozi di vino, birra, olio",Totale,Libia,MF,31
560,subclass,"29.260 Negozi di vino, birra, olio",Totale,Libia,M,25
560,subclass,"29.260 Negozi di vino, birra, olio",Totale,Libia,F,6
560,subclass,"29.260 Negozi di vino, birra, olio",Totale,municipio di Tripoli,MF,17
560,subclass,"29.260 Negozi di vino, birra, olio",Totale,municipio di Tripoli,M,14
560,subclass,"29.260 Negozi di vino, birra, olio",Totale,municipio di Tripoli,F,3
560,subclass,"29.260 Negozi di vino, birra, olio",Totale,municipio di Bengasi,MF,9
560,subclass,"29.260 Negozi di vino, birra, olio",Totale,municipio di Bengasi,M,6
560,subclass,"29.260 Negozi di vino, birra, olio",Totale,municipio di Bengasi,F,3
561,subclass,"29.260 Negozi di vino, birra, olio",di cui familiari coadiuvanti,Libia,MF,4
561,subclass,"29.260 Negozi di vino, birra, olio",di cui familiari coadiuvanti,Libia,M,2
561,subclass,"29.260 Negozi di vino, birra, olio",di cui familiari coadiuvanti,Libia,F,2
561,subclass,"29.260 Negozi di vino, birra, olio",di cui familiari coadiuvanti,municipio di Tripoli,MF,3
561,subclass,"29.260 Negozi di vino, birra, olio",di cui familiari coadiuvanti,municipio di Tripoli,M,1
561,subclass,"29.260 Negozi di vino, birra, olio",di cui familiari coadiuvanti,municipio di Tripoli,F,2
561,subclass,"29.260 Negozi di vino, birra, olio",di cui familiari coadiuvanti,municipio di Bengasi,MF,0
561,subclass,"29.260 Negozi di vino, birra, olio",di cui familiari coadiuvanti,municipio di Bengasi,M,0
561,subclass,"29.260 Negozi di vino, birra, olio",di cui familiari coadiuvanti,municipio di Bengasi,F,0
562,class,"30. Commercio al minuto di metalli, macchine, utensili",A) Padroni,Libia,MF,65
562,class,"30. Commercio al minuto di metalli, macchine, utensili",A) Padroni,Libia,M,61
562,class,"30. Commercio al minuto di metalli, macchine, utensili",A) Padroni,Libia,F,4
562,class,"30. Commercio al minuto di metalli, macchine, utensili",A) Padroni,municipio di Tripoli,MF,36
562,class,"30. Commercio al minuto di metalli, macchine, utensili",A) Padroni,municipio di Tripoli,M,34
562,class,"30. Commercio al minuto di metalli, macchine, utensili",A) Padroni,municipio di Tripoli,F,2
562,class,"30. Commercio al minuto di metalli, macchine, utensili",A) Padroni,municipio di Bengasi,MF,22
562,class,"30. Commercio al minuto di metalli, macchine, utensili",A) Padroni,municipio di Bengasi,M,20
562,class,"30. Commercio al minuto di metalli, macchine, utensili",A) Padroni,municipio di Bengasi,F,2
563,class,"30. Commercio al minuto di metalli, macchine, utensili",E) Dirigenti,Libia,MF,2
563,class,"30. Commercio al minuto di metalli, macchine, utensili",E) Dirigenti,Libia,M,2
563,class,"30. Commercio al minuto di metalli, macchine, utensili",E) Dirigenti,Libia,F,0
563,class,"30. Commercio al minuto di metalli, macchine, utensili",E) Dirigenti,municipio di Tripoli,MF,1
563,class,"30. Commercio al minuto di metalli, macchine, utensili",E) Dirigenti,municipio di Tripoli,M,1
563,class,"30. Commercio al minuto di metalli, macchine, utensili",E) Dirigenti,municipio di Tripoli,F,0
563,class,"30. Commercio al minuto di metalli, macchine, utensili",E) Dirigenti,municipio di Bengasi,MF,1
563,class,"30. Commercio al minuto di metalli, macchine, utensili",E) Dirigenti,municipio di Bengasi,M,1
563,class,"30. Commercio al minuto di metalli, macchine, utensili",E) Dirigenti,municipio di Bengasi,F,0
564,class,"30. Commercio al minuto di metalli, macchine, utensili",F) Impiegati,Libia,MF,51
564,class,"30. Commercio al minuto di metalli, macchine, utensili",F) Impiegati,Libia,M,41
564,class,"30. Commercio al minuto di metalli, macchine, utensili",F) Impiegati,Libia,F,10
564,class,"30. Commercio al minuto di metalli, macchine, utensili",F) Impiegati,municipio di Tripoli,MF,35
564,class,"30. Commercio al minuto di metalli, macchine, utensili",F) Impiegati,municipio di Tripoli,M,29
564,class,"30. Commercio al minuto di metalli, macchine, utensili",F) Impiegati,municipio di Tripoli,F,6
564,class,"30. Commercio al minuto di metalli, macchine, utensili",F) Impiegati,municipio di Bengasi,MF,14
564,class,"30. Commercio al minuto di metalli, macchine, utensili",F) Impiegati,municipio di Bengasi,M,10
564,class,"30. Commercio al minuto di metalli, macchine, utensili",F) Impiegati,municipio di Bengasi,F,4
565,class,"30. Commercio al minuto di metalli, macchine, utensili",H) Operai,Libia,MF,23
565,class,"30. Commercio al minuto di metalli, macchine, utensili",H) Operai,Libia,M,23
565,class,"30. Commercio al minuto di metalli, macchine, utensili",H) Operai,Libia,F,0
565,class,"30. Commercio al minuto di metalli, macchine, utensili",H) Operai,municipio di Tripoli,MF,3
565,class,"30. Commercio al minuto di metalli, macchine, utensili",H) Operai,municipio di Tripoli,M,3
565,class,"30. Commercio al minuto di metalli, macchine, utensili",H) Operai,municipio di Tripoli,F,0
565,class,"30. Commercio al minuto di metalli, macchine, utensili",H) Operai,municipio di Bengasi,MF,2
565,class,"30. Commercio al minuto di metalli, macchine, utensili",H) Operai,municipio di Bengasi,M,2
565,class,"30. Commercio al minuto di metalli, macchine, utensili",H) Operai,municipio di Bengasi,F,0
566,class,"30. Commercio al minuto di metalli, macchine, utensili",Totale,Libia,MF,141
566,class,"30. Commercio al minuto di metalli, macchine, utensili",Totale,Libia,M,127
566,class,"30. Commercio al minuto di metalli, macchine, utensili",Totale,Libia,F,14
566,class,"30. Commercio al minuto di metalli, macchine, utensili",Totale,municipio di Tripoli,MF,75
566,class,"30. Commercio al minuto di metalli, macchine, utensili",Totale,municipio di Tripoli,M,67
566,class,"30. Commercio al minuto di metalli, macchine, utensili",Totale,municipio di Tripoli,F,8
566,class,"30. Commercio al minuto di metalli, macchine, utensili",Totale,municipio di Bengasi,MF,39
566,class,"30. Commercio al minuto di metalli, macchine, utensili",Totale,municipio di Bengasi,M,33
566,class,"30. Commercio al minuto di metalli, macchine, utensili",Totale,municipio di Bengasi,F,6
567,class,"30. Commercio al minuto di metalli, macchine, utensili",di cui familiari coadiuvanti,Libia,MF,8
567,class,"30. Commercio al minuto di metalli, macchine, utensili",di cui familiari coadiuvanti,Libia,M,6
567,class,"30. Commercio al minuto di metalli, macchine, utensili",di cui familiari coadiuvanti,Libia,F,2
567,class,"30. Commercio al minuto di metalli, macchine, utensili",di cui familiari coadiuvanti,municipio di Tripoli,MF,4
567,class,"30. Commercio al minuto di metalli, macchine, utensili",di cui familiari coadiuvanti,municipio di Tripoli,M,3
567,class,"30. Commercio al minuto di metalli, macchine, utensili",di cui familiari coadiuvanti,municipio di Tripoli,F,1
567,class,"30. Commercio al minuto di metalli, macchine, utensili",di cui familiari coadiuvanti,municipio di Bengasi,MF,3
567,class,"30. Commercio al minuto di metalli, macchine, utensili",di cui familiari coadiuvanti,municipio di Bengasi,M,2
567,class,"30. Commercio al minuto di metalli, macchine, utensili",di cui familiari coadiuvanti,municipio di Bengasi,F,1
568,subclass,"30.263 Ferramenta, ottonami",A) Padroni,Libia,MF,19
568,subclass,"30.263 Ferramenta, ottonami",A) Padroni,Libia,M,19
568,subclass,"30.263 Ferramenta, ottonami",A) Padroni,Libia,F,0
568,subclass,"30.263 Ferramenta, ottonami",A) Padroni,municipio di Tripoli,MF,11
568,subclass,"30.263 Ferramenta, ottonami",A) Padroni,municipio di Tripoli,M,11
568,subclass,"30.263 Ferramenta, ottonami",A) Padroni,municipio di Tripoli,F,0
568,subclass,"30.263 Ferramenta, ottonami",A) Padroni,municipio di Bengasi,MF,6
568,subclass,"30.263 Ferramenta, ottonami",A) Padroni,municipio di Bengasi,M,6
568,subclass,"30.263 Ferramenta, ottonami",A) Padroni,municipio di Bengasi,F,0
569,subclass,"30.263 Ferramenta, ottonami",E) Dirigenti,Libia,MF,1
569,subclass,"30.263 Ferramenta, ottonami",E) Dirigenti,Libia,M,1
569,subclass,"30.263 Ferramenta, ottonami",E) Dirigenti,Libia,F,0
569,subclass,"30.263 Ferramenta, ottonami",E) Dirigenti,municipio di Tripoli,MF,0
569,subclass,"30.263 Ferramenta, ottonami",E) Dirigenti,municipio di Tripoli,M,0
569,subclass,"30.263 Ferramenta, ottonami",E) Dirigenti,municipio di Tripoli,F,0
569,subclass,"30.263 Ferramenta, ottonami",E) Dirigenti,municipio di Bengasi,MF,1
569,subclass,"30.263 Ferramenta, ottonami",E) Dirigenti,municipio di Bengasi,M,1
569,subclass,"30.263 Ferramenta, ottonami",E) Dirigenti,municipio di Bengasi,F,0
570,subclass,"30.263 Ferramenta, ottonami",F) Impiegati,Libia,MF,13
570,subclass,"30.263 Ferramenta, ottonami",F) Impiegati,Libia,M,12
570,subclass,"30.263 Ferramenta, ottonami",F) Impiegati,Libia,F,1
570,subclass,"30.263 Ferramenta, ottonami",F) Impiegati,municipio di Tripoli,MF,4
570,subclass,"30.263 Ferramenta, ottonami",F) Impiegati,municipio di Tripoli,M,4
570,subclass,"30.263 Ferramenta, ottonami",F) Impiegati,municipio di Tripoli,F,0
570,subclass,"30.263 Ferramenta, ottonami",F) Impiegati,municipio di Bengasi,MF,8
570,subclass,"30.263 Ferramenta, ottonami",F) Impiegati,municipio di Bengasi,M,7
570,subclass,"30.263 Ferramenta, ottonami",F) Impiegati,municipio di Bengasi,F,1
571,subclass,"30.263 Ferramenta, ottonami",Totale,Libia,MF,33
571,subclass,"30.263 Ferramenta, ottonami",Totale,Libia,M,32
571,subclass,"30.263 Ferramenta, ottonami",Totale,Libia,F,1
571,subclass,"30.263 Ferramenta, ottonami",Totale,municipio di Tripoli,MF,15
571,subclass,"30.263 Ferramenta, ottonami",Totale,municipio di Tripoli,M,15
571,subclass,"30.263 Ferramenta, ottonami",Totale,municipio di Tripoli,F,0
571,subclass,"30.263 Ferramenta, ottonami",Totale,municipio di Bengasi,MF,15
571,subclass,"30.263 Ferramenta, ottonami",Totale,municipio di Bengasi,M,14
571,subclass,"30.263 Ferramenta, ottonami",Totale,municipio di Bengasi,F,1
572,subclass,"30.263 Ferramenta, ottonami",di cui familiari coadiuvanti,Libia,MF,2
572,subclass,"30.263 Ferramenta, ottonami",di cui familiari coadiuvanti,Libia,M,2
572,subclass,"30.263 Ferramenta, ottonami",di cui familiari coadiuvanti,Libia,F,0
572,subclass,"30.263 Ferramenta, ottonami",di cui familiari coadiuvanti,municipio di Tripoli,MF,0
572,subclass,"30.263 Ferramenta, ottonami",di cui familiari coadiuvanti,municipio di Tripoli,M,0
572,subclass,"30.263 Ferramenta, ottonami",di cui familiari coadiuvanti,municipio di Tripoli,F,0
572,subclass,"30.263 Ferramenta, ottonami",di cui familiari coadiuvanti,municipio di Bengasi,MF,1
572,subclass,"30.263 Ferramenta, ottonami",di cui familiari coadiuvanti,municipio di Bengasi,M,1
572,subclass,"30.263 Ferramenta, ottonami",di cui familiari coadiuvanti,municipio di Bengasi,F,0
573,subclass,30.268 Veicoli ed accessori,A) Padroni,Libia,MF,26
573,subclass,30.268 Veicoli ed accessori,A) Padroni,Libia,M,23
573,subclass,30.268 Veicoli ed accessori,A) Padroni,Libia,F,3
573,subclass,30.268 Veicoli ed accessori,A) Padroni,municipio di Tripoli,MF,16
573,subclass,30.268 Veicoli ed accessori,A) Padroni,municipio di Tripoli,M,14
573,subclass,30.268 Veicoli ed accessori,A) Padroni,municipio di Tripoli,F,2
573,subclass,30.268 Veicoli ed accessori,A) Padroni,municipio di Bengasi,MF,8
573,subclass,30.268 Veicoli ed accessori,A) Padroni,municipio di Bengasi,M,7
573,subclass,30.268 Veicoli ed accessori,A) Padroni,municipio di Bengasi,F,1
574,subclass,30.268 Veicoli ed accessori,E) Dirigenti,Libia,MF,1
574,subclass,30.268 Veicoli ed accessori,E) Dirigenti,Libia,M,1
574,subclass,30.268 Veicoli ed accessori,E) Dirigenti,Libia,F,0
574,subclass,30.268 Veicoli ed accessori,E) Dirigenti,municipio di Tripoli,MF,1
574,subclass,30.268 Veicoli ed accessori,E) Dirigenti,municipio di Tripoli,M,1
574,subclass,30.268 Veicoli ed accessori,E) Dirigenti,municipio di Tripoli,F,0
574,subclass,30.268 Veicoli ed accessori,E) Dirigenti,municipio di Bengasi,MF,0
574,subclass,30.268 Veicoli ed accessori,E) Dirigenti,municipio di Bengasi,M,0
574,subclass,30.268 Veicoli ed accessori,E) Dirigenti,municipio di Bengasi,F,0
575,subclass,30.268 Veicoli ed accessori,F) Impiegati,Libia,MF,16
575,subclass,30.268 Veicoli ed accessori,F) Impiegati,Libia,M,14
575,subclass,30.268 Veicoli ed accessori,F) Impiegati,Libia,F,2
575,subclass,30.268 Veicoli ed accessori,F) Impiegati,municipio di Tripoli,MF,14
575,subclass,30.268 Veicoli ed accessori,F) Impiegati,municipio di Tripoli,M,13
575,subclass,30.268 Veicoli ed accessori,F) Impiegati,municipio di Tripoli,F,1
575,subclass,30.268 Veicoli ed accessori,F) Impiegati,municipio di Bengasi,MF,2
575,subclass,30.268 Veicoli ed accessori,F) Impiegati,municipio di Bengasi,M,1
575,subclass,30.268 Veicoli ed accessori,F) Impiegati,municipio di Bengasi,F,1
576,subclass,30.268 Veicoli ed accessori,Totale,Libia,MF,43
576,subclass,30.268 Veicoli ed accessori,Totale,Libia,M,38
576,subclass,30.268 Veicoli ed accessori,Totale,Libia,F,5
576,subclass,30.268 Veicoli ed accessori,Totale,municipio di Tripoli,MF,31
576,subclass,30.268 Veicoli ed accessori,Totale,municipio di Tripoli,M,28
576,subclass,30.268 Veicoli ed accessori,Totale,municipio di Tripoli,F,3
576,subclass,30.268 Veicoli ed accessori,Totale,municipio di Bengasi,MF,10
576,subclass,30.268 Veicoli ed accessori,Totale,municipio di Bengasi,M,8
576,subclass,30.268 Veicoli ed accessori,Totale,municipio di Bengasi,F,2
577,subclass,30.268 Veicoli ed accessori,di cui familiari coadiuvanti,Libia,MF,5
577,subclass,30.268 Veicoli ed accessori,di cui familiari coadiuvanti,Libia,M,4
577,subclass,30.268 Veicoli ed accessori,di cui familiari coadiuvanti,Libia,F,1
577,subclass,30.268 Veicoli ed accessori,di cui familiari coadiuvanti,municipio di Tripoli,MF,4
577,subclass,30.268 Veicoli ed accessori,di cui familiari coadiuvanti,municipio di Tripoli,M,3
577,subclass,30.268 Veicoli ed accessori,di cui familiari coadiuvanti,municipio di Tripoli,F,1
577,subclass,30.268 Veicoli ed accessori,di cui familiari coadiuvanti,municipio di Bengasi,MF,1
577,subclass,30.268 Veicoli ed accessori,di cui familiari coadiuvanti,municipio di Bengasi,M,1
577,subclass,30.268 Veicoli ed accessori,di cui familiari coadiuvanti,municipio di Bengasi,F,0
578,class,31. Commercio al minuto di materie prime per edilizia e agricoltura,A) Padroni,Libia,MF,1
578,class,31. Commercio al minuto di materie prime per edilizia e agricoltura,A) Padroni,Libia,M,1
578,class,31. Commercio al minuto di materie prime per edilizia e agricoltura,A) Padroni,Libia,F,0
578,class,31. Commercio al minuto di materie prime per edilizia e agricoltura,A) Padroni,municipio di Tripoli,MF,0
578,class,31. Commercio al minuto di materie prime per edilizia e agricoltura,A) Padroni,municipio di Tripoli,M,0
578,class,31. Commercio al minuto di materie prime per edilizia e agricoltura,A) Padroni,municipio di Tripoli,F,0
578,class,31. Commercio al minuto di materie prime per edilizia e agricoltura,A) Padroni,municipio di Bengasi,MF,1
578,class,31. Commercio al minuto di materie prime per edilizia e agricoltura,A) Padroni,municipio di Bengasi,M,1
578,class,31. Commercio al minuto di materie prime per edilizia e agricoltura,A) Padroni,municipio di Bengasi,F,0
579,class,31. Commercio al minuto di materie prime per edilizia e agricoltura,E) Dirigenti,Libia,MF,2
579,class,31. Commercio al minuto di materie prime per edilizia e agricoltura,E) Dirigenti,Libia,M,2
579,class,31. Commercio al minuto di materie prime per edilizia e agricoltura,E) Dirigenti,Libia,F,0
579,class,31. Commercio al minuto di materie prime per edilizia e agricoltura,E) Dirigenti,municipio di Tripoli,MF,0
579,class,31. Commercio al minuto di materie prime per edilizia e agricoltura,E) Dirigenti,municipio di Tripoli,M,0
579,class,31. Commercio al minuto di materie prime per edilizia e agricoltura,E) Dirigenti,municipio di Tripoli,F,0
579,class,31. Commercio al minuto di materie prime per edilizia e agricoltura,E) Dirigenti,municipio di Bengasi,MF,1
579,class,31. Commercio al minuto di materie prime per edilizia e agricoltura,E) Dirigenti,municipio di Bengasi,M,1
579,class,31. Commercio al minuto di materie prime per edilizia e agricoltura,E) Dirigenti,municipio di Bengasi,F,0
580,class,31. Commercio al minuto di materie prime per edilizia e agricoltura,F) Impiegati,Libia,MF,16
580,class,31. Commercio al minuto di materie prime per edilizia e agricoltura,F) Impiegati,Libia,M,16
580,class,31. Commercio al minuto di materie prime per edilizia e agricoltura,F) Impiegati,Libia,F,0
580,class,31. Commercio al minuto di materie prime per edilizia e agricoltura,F) Impiegati,municipio di Tripoli,MF,11
580,class,31. Commercio al minuto di materie prime per edilizia e agricoltura,F) Impiegati,municipio di Tripoli,M,11
580,class,31. Commercio al minuto di materie prime per edilizia e agricoltura,F) Impiegati,municipio di Tripoli,F,0
580,class,31. Commercio al minuto di materie prime per edilizia e agricoltura,F) Impiegati,municipio di Bengasi,MF,3
580,class,31. Commercio al minuto di materie prime per edilizia e agricoltura,F) Impiegati,municipio di Bengasi,M,3
580,class,31. Commercio al minuto di materie prime per edilizia e agricoltura,F) Impiegati,municipio di Bengasi,F,0
581,class,31. Commercio al minuto di materie prime per edilizia e agricoltura,H) Operai,Libia,MF,4
581,class,31. Commercio al minuto di materie prime per edilizia e agricoltura,H) Operai,Libia,M,4
581,class,31. Commercio al minuto di materie prime per edilizia e agricoltura,H) Operai,Libia,F,0
581,class,31. Commercio al minuto di materie prime per edilizia e agricoltura,H) Operai,municipio di Tripoli,MF,1
581,class,31. Commercio al minuto di materie prime per edilizia e agricoltura,H) Operai,municipio di Tripoli,M,1
581,class,31. Commercio al minuto di materie prime per edilizia e agricoltura,H) Operai,municipio di Tripoli,F,0
581,class,31. Commercio al minuto di materie prime per edilizia e agricoltura,H) Operai,municipio di Bengasi,MF,3
581,class,31. Commercio al minuto di materie prime per edilizia e agricoltura,H) Operai,municipio di Bengasi,M,3
581,class,31. Commercio al minuto di materie prime per edilizia e agricoltura,H) Operai,municipio di Bengasi,F,0
582,class,31. Commercio al minuto di materie prime per edilizia e agricoltura,Totale,Libia,MF,23
582,class,31. Commercio al minuto di materie prime per edilizia e agricoltura,Totale,Libia,M,23
582,class,31. Commercio al minuto di materie prime per edilizia e agricoltura,Totale,Libia,F,0
582,class,31. Commercio al minuto di materie prime per edilizia e agricoltura,Totale,municipio di Tripoli,MF,12
582,class,31. Commercio al minuto di materie prime per edilizia e agricoltura,Totale,municipio di Tripoli,M,12
582,class,31. Commercio al minuto di materie prime per edilizia e agricoltura,Totale,municipio di Tripoli,F,0
582,class,31. Commercio al minuto di materie prime per edilizia e agricoltura,Totale,municipio di Bengasi,MF,8
582,class,31. Commercio al minuto di materie prime per edilizia e agricoltura,Totale,municipio di Bengasi,M,8
582,class,31. Commercio al minuto di materie prime per edilizia e agricoltura,Totale,municipio di Bengasi,F,0
583,class,"32. Commercio al minuto di filati, tessuti, vestiario",A) Padroni,Libia,MF,107
583,class,"32. Commercio al minuto di filati, tessuti, vestiario",A) Padroni,Libia,M,81
583,class,"32. Commercio al minuto di filati, tessuti, vestiario",A) Padroni,Libia,F,26
583,class,"32. Commercio al minuto di filati, tessuti, vestiario",A) Padroni,municipio di Tripoli,MF,52
583,class,"32. Commercio al minuto di filati, tessuti, vestiario",A) Padroni,municipio di Tripoli,M,39
583,class,"32. Commercio al minuto di filati, tessuti, vestiario",A) Padroni,municipio di Tripoli,F,13
583,class,"32. Commercio al minuto di filati, tessuti, vestiario",A) Padroni,municipio di Bengasi,MF,46
583,class,"32. Commercio al minuto di filati, tessuti, vestiario",A) Padroni,municipio di Bengasi,M,35
583,class,"32. Commercio al minuto di filati, tessuti, vestiario",A) Padroni,municipio di Bengasi,F,11
584,class,"32. Commercio al minuto di filati, tessuti, vestiario",E) Dirigenti,Libia,MF,2
584,class,"32. Commercio al minuto di filati, tessuti, vestiario",E) Dirigenti,Libia,M,2
584,class,"32. Commercio al minuto di filati, tessuti, vestiario",E) Dirigenti,Libia,F,0
584,class,"32. Commercio al minuto di filati, tessuti, vestiario",E) Dirigenti,municipio di Tripoli,MF,1
584,class,"32. Commercio al minuto di filati, tessuti, vestiario",E) Dirigenti,municipio di Tripoli,M,1
584,class,"32. Commercio al minuto di filati, tessuti, vestiario",E) Dirigenti,municipio di Tripoli,F,0
584,class,"32. Commercio al minuto di filati, tessuti, vestiario",E) Dirigenti,municipio di Bengasi,MF,1
584,class,"32. Commercio al minuto di filati, tessuti, vestiario",E) Dirigenti,municipio di Bengasi,M,1
584,class,"32. Commercio al minuto di filati, tessuti, vestiario",E) Dirigenti,municipio di Bengasi,F,0
585,class,"32. Commercio al minuto di filati, tessuti, vestiario",F) Impiegati,Libia,MF,25
585,class,"32. Commercio al minuto di filati, tessuti, vestiario",F) Impiegati,Libia,M,19
585,class,"32. Commercio al minuto di filati, tessuti, vestiario",F) Impiegati,Libia,F,6
585,class,"32. Commercio al minuto di filati, tessuti, vestiario",F) Impiegati,municipio di Tripoli,MF,21
585,class,"32. Commercio al minuto di filati, tessuti, vestiario",F) Impiegati,municipio di Tripoli,M,17
585,class,"32. Commercio al minuto di filati, tessuti, vestiario",F) Impiegati,municipio di Tripoli,F,4
585,class,"32. Commercio al minuto di filati, tessuti, vestiario",F) Impiegati,municipio di Bengasi,MF,4
585,class,"32. Commercio al minuto di filati, tessuti, vestiario",F) Impiegati,municipio di Bengasi,M,2
585,class,"32. Commercio al minuto di filati, tessuti, vestiario",F) Impiegati,municipio di Bengasi,F,2
586,class,"32. Commercio al minuto di filati, tessuti, vestiario",Totale,Libia,MF,134
586,class,"32. Commercio al minuto di filati, tessuti, vestiario",Totale,Libia,M,102
586,class,"32. Commercio al minuto di filati, tessuti, vestiario",Totale,Libia,F,32
586,class,"32. Commercio al minuto di filati, tessuti, vestiario",Totale,municipio di Tripoli,MF,74
586,class,"32. Commercio al minuto di filati, tessuti, vestiario",Totale,municipio di Tripoli,M,57
586,class,"32. Commercio al minuto di filati, tessuti, vestiario",Totale,municipio di Tripoli,F,17
586,class,"32. Commercio al minuto di filati, tessuti, vestiario",Totale,municipio di Bengasi,MF,51
586,class,"32. Commercio al minuto di filati, tessuti, vestiario",Totale,municipio di Bengasi,M,38
586,class,"32. Commercio al minuto di filati, tessuti, vestiario",Totale,municipio di Bengasi,F,13
587,class,"32. Commercio al minuto di filati, tessuti, vestiario",di cui familiari coadiuvanti,Libia,MF,19
587,class,"32. Commercio al minuto di filati, tessuti, vestiario",di cui familiari coadiuvanti,Libia,M,11
587,class,"32. Commercio al minuto di filati, tessuti, vestiario",di cui familiari coadiuvanti,Libia,F,8
587,class,"32. Commercio al minuto di filati, tessuti, vestiario",di cui familiari coadiuvanti,municipio di Tripoli,MF,11
587,class,"32. Commercio al minuto di filati, tessuti, vestiario",di cui familiari coadiuvanti,municipio di Tripoli,M,6
587,class,"32. Commercio al minuto di filati, tessuti, vestiario",di cui familiari coadiuvanti,municipio di Tripoli,F,5
587,class,"32. Commercio al minuto di filati, tessuti, vestiario",di cui familiari coadiuvanti,municipio di Bengasi,MF,7
587,class,"32. Commercio al minuto di filati, tessuti, vestiario",di cui familiari coadiuvanti,municipio di Bengasi,M,5
587,class,"32. Commercio al minuto di filati, tessuti, vestiario",di cui familiari coadiuvanti,municipio di Bengasi,F,2
588,subclass,32.274 Filati e tessuti,A) Padroni,Libia,MF,40
588,subclass,32.274 Filati e tessuti,A) Padroni,Libia,M,37
588,subclass,32.274 Filati e tessuti,A) Padroni,Libia,F,3
588,subclass,32.274 Filati e tessuti,A) Padroni,municipio di Tripoli,MF,19
588,subclass,32.274 Filati e tessuti,A) Padroni,municipio di Tripoli,M,17
588,subclass,32.274 Filati e tessuti,A) Padroni,municipio di Tripoli,F,2
588,subclass,32.274 Filati e tessuti,A) Padroni,municipio di Bengasi,MF,17
588,subclass,32.274 Filati e tessuti,A) Padroni,municipio di Bengasi,M,16
588,subclass,32.274 Filati e tessuti,A) Padroni,municipio di Bengasi,F,1
589,subclass,32.274 Filati e tessuti,F) Impiegati,Libia,MF,8
589,subclass,32.274 Filati e tessuti,F) Impiegati,Libia,M,5
589,subclass,32.274 Filati e tessuti,F) Impiegati,Libia,F,3
589,subclass,32.274 Filati e tessuti,F) Impiegati,municipio di Tripoli,MF,8
589,subclass,32.274 Filati e tessuti,F) Impiegati,municipio di Tripoli,M,5
589,subclass,32.274 Filati e tessuti,F) Impiegati,municipio di Tripoli,F,3
589,subclass,32.274 Filati e tessuti,F) Impiegati,municipio di Bengasi,MF,0
589,subclass,32.274 Filati e tessuti,F) Impiegati,municipio di Bengasi,M,0
589,subclass,32.274 Filati e tessuti,F) Impiegati,municipio di Bengasi,F,0
590,subclass,32.274 Filati e tessuti,Totale,Libia,MF,48
590,subclass,32.274 Filati e tessuti,Totale,Libia,M,42
590,subclass,32.274 Filati e tessuti,Totale,Libia,F,6
590,subclass,32.274 Filati e tessuti,Totale,municipio di Tripoli,MF,27
590,subclass,32.274 Filati e tessuti,Totale,municipio di Tripoli,M,22
590,subclass,32.274 Filati e tessuti,Totale,municipio di Tripoli,F,5
590,subclass,32.274 Filati e tessuti,Totale,municipio di Bengasi,MF,17
590,subclass,32.274 Filati e tessuti,Totale,municipio di Bengasi,M,16
590,subclass,32.274 Filati e tessuti,Totale,municipio di Bengasi,F,1
591,subclass,32.274 Filati e tessuti,di cui familiari coadiuvanti,Libia,MF,10
591,subclass,32.274 Filati e tessuti,di cui familiari coadiuvanti,Libia,M,10
591,subclass,32.274 Filati e tessuti,di cui familiari coadiuvanti,Libia,F,0
591,subclass,32.274 Filati e tessuti,di cui familiari coadiuvanti,municipio di Tripoli,MF,6
591,subclass,32.274 Filati e tessuti,di cui familiari coadiuvanti,municipio di Tripoli,M,6
591,subclass,32.274 Filati e tessuti,di cui familiari coadiuvanti,municipio di Tripoli,F,0
591,subclass,32.274 Filati e tessuti,di cui familiari coadiuvanti,municipio di Bengasi,MF,4
591,subclass,32.274 Filati e tessuti,di cui familiari coadiuvanti,municipio di Bengasi,M,4
591,subclass,32.274 Filati e tessuti,di cui familiari coadiuvanti,municipio di Bengasi,F,0
592,subclass,"32.275 Mercerie, passamanerie, ricami",A) Padroni,Libia,MF,21
592,subclass,"32.275 Mercerie, passamanerie, ricami",A) Padroni,Libia,M,11
592,subclass,"32.275 Mercerie, passamanerie, ricami",A) Padroni,Libia,F,10
592,subclass,"32.275 Mercerie, passamanerie, ricami",A) Padroni,municipio di Tripoli,MF,5
592,subclass,"32.275 Mercerie, passamanerie, ricami",A) Padroni,municipio di Tripoli,M,4
592,subclass,"32.275 Mercerie, passamanerie, ricami",A) Padroni,municipio di Tripoli,F,1
592,subclass,"32.275 Mercerie, passamanerie, ricami",A) Padroni,municipio di Bengasi,MF,16
592,subclass,"32.275 Mercerie, passamanerie, ricami",A) Padroni,municipio di Bengasi,M,7
592,subclass,"32.275 Mercerie, passamanerie, ricami",A) Padroni,municipio di Bengasi,F,9
593,subclass,"32.275 Mercerie, passamanerie, ricami",F) Impiegati,Libia,MF,2
593,subclass,"32.275 Mercerie, passamanerie, ricami",F) Impiegati,Libia,M,2
593,subclass,"32.275 Mercerie, passamanerie, ricami",F) Impiegati,Libia,F,0
593,subclass,"32.275 Mercerie, passamanerie, ricami",F) Impiegati,municipio di Tripoli,MF,2
593,subclass,"32.275 Mercerie, passamanerie, ricami",F) Impiegati,municipio di Tripoli,M,2
593,subclass,"32.275 Mercerie, passamanerie, ricami",F) Impiegati,municipio di Tripoli,F,0
593,subclass,"32.275 Mercerie, passamanerie, ricami",F) Impiegati,municipio di Bengasi,MF,0
593,subclass,"32.275 Mercerie, passamanerie, ricami",F) Impiegati,municipio di Bengasi,M,0
593,subclass,"32.275 Mercerie, passamanerie, ricami",F) Impiegati,municipio di Bengasi,F,0
594,subclass,"32.275 Mercerie, passamanerie, ricami",Totale,Libia,MF,23
594,subclass,"32.275 Mercerie, passamanerie, ricami",Totale,Libia,M,13
594,subclass,"32.275 Mercerie, passamanerie, ricami",Totale,Libia,F,10
594,subclass,"32.275 Mercerie, passamanerie, ricami",Totale,municipio di Tripoli,MF,7
594,subclass,"32.275 Mercerie, passamanerie, ricami",Totale,municipio di Tripoli,M,6
594,subclass,"32.275 Mercerie, passamanerie, ricami",Totale,municipio di Tripoli,F,1
594,subclass,"32.275 Mercerie, passamanerie, ricami",Totale,municipio di Bengasi,MF,16
594,subclass,"32.275 Mercerie, passamanerie, ricami",Totale,municipio di Bengasi,M,7
594,subclass,"32.275 Mercerie, passamanerie, ricami",Totale,municipio di Bengasi,F,9
595,subclass,"32.275 Mercerie, passamanerie, ricami",di cui familiari coadiuvanti,Libia,MF,2
595,subclass,"32.275 Mercerie, passamanerie, ricami",di cui familiari coadiuvanti,Libia,M,0
595,subclass,"32.275 Mercerie, passamanerie, ricami",di cui familiari coadiuvanti,Libia,F,2
595,subclass,"32.275 Mercerie, passamanerie, ricami",di cui familiari coadiuvanti,municipio di Tripoli,MF,0
595,subclass,"32.275 Mercerie, passamanerie, ricami",di cui familiari coadiuvanti,municipio di Tripoli,M,0
595,subclass,"32.275 Mercerie, passamanerie, ricami",di cui familiari coadiuvanti,municipio di Tripoli,F,0
595,subclass,"32.275 Mercerie, passamanerie, ricami",di cui familiari coadiuvanti,municipio di Bengasi,MF,2
595,subclass,"32.275 Mercerie, passamanerie, ricami",di cui familiari coadiuvanti,municipio di Bengasi,M,0
595,subclass,"32.275 Mercerie, passamanerie, ricami",di cui familiari coadiuvanti,municipio di Bengasi,F,2
596,subclass,32.278 Calzature,A) Padroni,Libia,MF,19
596,subclass,32.278 Calzature,A) Padroni,Libia,M,18
596,subclass,32.278 Calzature,A) Padroni,Libia,F,1
596,subclass,32.278 Calzature,A) Padroni,municipio di Tripoli,MF,10
596,subclass,32.278 Calzature,A) Padroni,municipio di Tripoli,M,9
596,subclass,32.278 Calzature,A) Padroni,municipio di Tripoli,F,1
596,subclass,32.278 Calzature,A) Padroni,municipio di Bengasi,MF,7
596,subclass,32.278 Calzature,A) Padroni,municipio di Bengasi,M,7
596,subclass,32.278 Calzature,A) Padroni,municipio di Bengasi,F,0
597,subclass,32.278 Calzature,E) Dirigenti,Libia,MF,1
597,subclass,32.278 Calzature,E) Dirigenti,Libia,M,1
597,subclass,32.278 Calzature,E) Dirigenti,Libia,F,0
597,subclass,32.278 Calzature,E) Dirigenti,municipio di Tripoli,MF,1
597,subclass,32.278 Calzature,E) Dirigenti,municipio di Tripoli,M,1
597,subclass,32.278 Calzature,E) Dirigenti,municipio di Tripoli,F,0
597,subclass,32.278 Calzature,E) Dirigenti,municipio di Bengasi,MF,0
597,subclass,32.278 Calzature,E) Dirigenti,municipio di Bengasi,M,0
597,subclass,32.278 Calzature,E) Dirigenti,municipio di Bengasi,F,0
598,subclass,32.278 Calzature,F) Impiegati,Libia,MF,8
598,subclass,32.278 Calzature,F) Impiegati,Libia,M,7
598,subclass,32.278 Calzature,F) Impiegati,Libia,F,1
598,subclass,32.278 Calzature,F) Impiegati,municipio di Tripoli,MF,8
598,subclass,32.278 Calzature,F) Impiegati,municipio di Tripoli,M,7
598,subclass,32.278 Calzature,F) Impiegati,municipio di Tripoli,F,1
598,subclass,32.278 Calzature,F) Impiegati,municipio di Bengasi,MF,0
598,subclass,32.278 Calzature,F) Impiegati,municipio di Bengasi,M,0
598,subclass,32.278 Calzature,F) Impiegati,municipio di Bengasi,F,0
599,subclass,32.278 Calzature,Totale,Libia,MF,28
599,subclass,32.278 Calzature,Totale,Libia,M,26
599,subclass,32.278 Calzature,Totale,Libia,F,2
599,subclass,32.278 Calzature,Totale,municipio di Tripoli,MF,19
599,subclass,32.278 Calzature,Totale,municipio di Tripoli,M,17
599,subclass,32.278 Calzature,Totale,municipio di Tripoli,F,2
599,subclass,32.278 Calzature,Totale,municipio di Bengasi,MF,7
599,subclass,32.278 Calzature,Totale,municipio di Bengasi,M,7
599,subclass,32.278 Calzature,Totale,municipio di Bengasi,F,0
600,subclass,32.278 Calzature,di cui familiari coadiuvanti,Libia,MF,2
600,subclass,32.278 Calzature,di cui familiari coadiuvanti,Libia,M,1
600,subclass,32.278 Calzature,di cui familiari coadiuvanti,Libia,F,1
600,subclass,32.278 Calzature,di cui familiari coadiuvanti,municipio di Tripoli,MF,1
600,subclass,32.278 Calzature,di cui familiari coadiuvanti,municipio di Tripoli,M,0
600,subclass,32.278 Calzature,di cui familiari coadiuvanti,municipio di Tripoli,F,1
600,subclass,32.278 Calzature,di cui familiari coadiuvanti,municipio di Bengasi,MF,1
600,subclass,32.278 Calzature,di cui familiari coadiuvanti,municipio di Bengasi,M,1
600,subclass,32.278 Calzature,di cui familiari coadiuvanti,municipio di Bengasi,F,0
601,class,33. Commercio al minuto di oggetti di arredamento,A) Padroni,Libia,MF,26
601,class,33. Commercio al minuto di oggetti di arredamento,A) Padroni,Libia,M,22
601,class,33. Commercio al minuto di oggetti di arredamento,A) Padroni,Libia,F,4
601,class,33. Commercio al minuto di oggetti di arredamento,A) Padroni,municipio di Tripoli,MF,13
601,class,33. Commercio al minuto di oggetti di arredamento,A) Padroni,municipio di Tripoli,M,13
601,class,33. Commercio al minuto di oggetti di arredamento,A) Padroni,municipio di Tripoli,F,0
601,class,33. Commercio al minuto di oggetti di arredamento,A) Padroni,municipio di Bengasi,MF,8
601,class,33. Commercio al minuto di oggetti di arredamento,A) Padroni,municipio di Bengasi,M,4
601,class,33. Commercio al minuto di oggetti di arredamento,A) Padroni,municipio di Bengasi,F,4
602,class,33. Commercio al minuto di oggetti di arredamento,E) Dirigenti,Libia,MF,1
602,class,33. Commercio al minuto di oggetti di arredamento,E) Dirigenti,Libia,M,1
602,class,33. Commercio al minuto di oggetti di arredamento,E) Dirigenti,Libia,F,0
602,class,33. Commercio al minuto di oggetti di arredamento,E) Dirigenti,municipio di Tripoli,MF,0
602,class,33. Commercio al minuto di oggetti di arredamento,E) Dirigenti,municipio di Tripoli,M,0
602,class,33. Commercio al minuto di oggetti di arredamento,E) Dirigenti,municipio di Tripoli,F,0
602,class,33. Commercio al minuto di oggetti di arredamento,E) Dirigenti,municipio di Bengasi,MF,1
602,class,33. Commercio al minuto di oggetti di arredamento,E) Dirigenti,municipio di Bengasi,M,1
602,class,33. Commercio al minuto di oggetti di arredamento,E) Dirigenti,municipio di Bengasi,F,0
603,class,33. Commercio al minuto di oggetti di arredamento,F) Impiegati,Libia,MF,10
603,class,33. Commercio al minuto di oggetti di arredamento,F) Impiegati,Libia,M,8
603,class,33. Commercio al minuto di oggetti di arredamento,F) Impiegati,Libia,F,2
603,class,33. Commercio al minuto di oggetti di arredamento,F) Impiegati,municipio di Tripoli,MF,8
603,class,33. Commercio al minuto di oggetti di arredamento,F) Impiegati,municipio di Tripoli,M,7
603,class,33. Commercio al minuto di oggetti di arredamento,F) Impiegati,municipio di Tripoli,F,1
603,class,33. Commercio al minuto di oggetti di arredamento,F) Impiegati,municipio di Bengasi,MF,1
603,class,33. Commercio al minuto di oggetti di arredamento,F) Impiegati,municipio di Bengasi,M,1
603,class,33. Commercio al minuto di oggetti di arredamento,F) Impiegati,municipio di Bengasi,F,0
604,class,33. Commercio al minuto di oggetti di arredamento,Totale,Libia,MF,37
604,class,33. Commercio al minuto di oggetti di arredamento,Totale,Libia,M,31
604,class,33. Commercio al minuto di oggetti di arredamento,Totale,Libia,F,6
604,class,33. Commercio al minuto di oggetti di arredamento,Totale,municipio di Tripoli,MF,21
604,class,33. Commercio al minuto di oggetti di arredamento,Totale,municipio di Tripoli,M,20
604,class,33. Commercio al minuto di oggetti di arredamento,Totale,municipio di Tripoli,F,1
604,class,33. Commercio al minuto di oggetti di arredamento,Totale,municipio di Bengasi,MF,10
604,class,33. Commercio al minuto di oggetti di arredamento,Totale,municipio di Bengasi,M,6
604,class,33. Commercio al minuto di oggetti di arredamento,Totale,municipio di Bengasi,F,4
605,class,33. Commercio al minuto di oggetti di arredamento,di cui familiari coadiuvanti,Libia,MF,5
605,class,33. Commercio al minuto di oggetti di arredamento,di cui familiari coadiuvanti,Libia,M,4
605,class,33. Commercio al minuto di oggetti di arredamento,di cui familiari coadiuvanti,Libia,F,1
605,class,33. Commercio al minuto di oggetti di arredamento,di cui familiari coadiuvanti,municipio di Tripoli,MF,2
605,class,33. Commercio al minuto di oggetti di arredamento,di cui familiari coadiuvanti,municipio di Tripoli,M,2
605,class,33. Commercio al minuto di oggetti di arredamento,di cui familiari coadiuvanti,municipio di Tripoli,F,0
605,class,33. Commercio al minuto di oggetti di arredamento,di cui familiari coadiuvanti,municipio di Bengasi,MF,1
605,class,33. Commercio al minuto di oggetti di arredamento,di cui familiari coadiuvanti,municipio di Bengasi,M,0
605,class,33. Commercio al minuto di oggetti di arredamento,di cui familiari coadiuvanti,municipio di Bengasi,F,1
606,class,"34. Commercio di oggetti d'arte, di lusso e di orologerie",A) Padroni,Libia,MF,22
606,class,"34. Commercio di oggetti d'arte, di lusso e di orologerie",A) Padroni,Libia,M,20
606,class,"34. Commercio di oggetti d'arte, di lusso e di orologerie",A) Padroni,Libia,F,2
606,class,"34. Commercio di oggetti d'arte, di lusso e di orologerie",A) Padroni,municipio di Tripoli,MF,15
606,class,"34. Commercio di oggetti d'arte, di lusso e di orologerie",A) Padroni,municipio di Tripoli,M,14
606,class,"34. Commercio di oggetti d'arte, di lusso e di orologerie",A) Padroni,municipio di Tripoli,F,1
606,class,"34. Commercio di oggetti d'arte, di lusso e di orologerie",A) Padroni,municipio di Bengasi,MF,6
606,class,"34. Commercio di oggetti d'arte, di lusso e di orologerie",A) Padroni,municipio di Bengasi,M,5
606,class,"34. Commercio di oggetti d'arte, di lusso e di orologerie",A) Padroni,municipio di Bengasi,F,1
607,class,"34. Commercio di oggetti d'arte, di lusso e di orologerie",E) Dirigenti,Libia,MF,3
607,class,"34. Commercio di oggetti d'arte, di lusso e di orologerie",E) Dirigenti,Libia,M,3
607,class,"34. Commercio di oggetti d'arte, di lusso e di orologerie",E) Dirigenti,Libia,F,0
607,class,"34. Commercio di oggetti d'arte, di lusso e di orologerie",E) Dirigenti,municipio di Tripoli,MF,2
607,class,"34. Commercio di oggetti d'arte, di lusso e di orologerie",E) Dirigenti,municipio di Tripoli,M,2
607,class,"34. Commercio di oggetti d'arte, di lusso e di orologerie",E) Dirigenti,municipio di Tripoli,F,0
607,class,"34. Commercio di oggetti d'arte, di lusso e di orologerie",E) Dirigenti,municipio di Bengasi,MF,1
607,class,"34. Commercio di oggetti d'arte, di lusso e di orologerie",E) Dirigenti,municipio di Bengasi,M,1
607,class,"34. Commercio di oggetti d'arte, di lusso e di orologerie",E) Dirigenti,municipio di Bengasi,F,0
608,class,"34. Commercio di oggetti d'arte, di lusso e di orologerie",F) Impiegati,Libia,MF,23
608,class,"34. Commercio di oggetti d'arte, di lusso e di orologerie",F) Impiegati,Libia,M,22
608,class,"34. Commercio di oggetti d'arte, di lusso e di orologerie",F) Impiegati,Libia,F,1
608,class,"34. Commercio di oggetti d'arte, di lusso e di orologerie",F) Impiegati,municipio di Tripoli,MF,13
608,class,"34. Commercio di oggetti d'arte, di lusso e di orologerie",F) Impiegati,municipio di Tripoli,M,13
608,class,"34. Commercio di oggetti d'arte, di lusso e di orologerie",F) Impiegati,municipio di Tripoli,F,0
608,class,"34. Commercio di oggetti d'arte, di lusso e di orologerie",F) Impiegati,municipio di Bengasi,MF,9
608,class,"34. Commercio di oggetti d'arte, di lusso e di orologerie",F) Impiegati,municipio di Bengasi,M,8
608,class,"34. Commercio di oggetti d'arte, di lusso e di orologerie",F) Impiegati,municipio di Bengasi,F,1
609,class,"34. Commercio di oggetti d'arte, di lusso e di orologerie",H) Operai,Libia,MF,2
609,class,"34. Commercio di oggetti d'arte, di lusso e di orologerie",H) Operai,Libia,M,2
609,class,"34. Commercio di oggetti d'arte, di lusso e di orologerie",H) Operai,Libia,F,0
609,class,"34. Commercio di oggetti d'arte, di lusso e di orologerie",H) Operai,municipio di Tripoli,MF,1
609,class,"34. Commercio di oggetti d'arte, di lusso e di orologerie",H) Operai,municipio di Tripoli,M,1
609,class,"34. Commercio di oggetti d'arte, di lusso e di orologerie",H) Operai,municipio di Tripoli,F,0
609,class,"34. Commercio di oggetti d'arte, di lusso e di orologerie",H) Operai,municipio di Bengasi,MF,1
609,class,"34. Commercio di oggetti d'arte, di lusso e di orologerie",H) Operai,municipio di Bengasi,M,1
609,class,"34. Commercio di oggetti d'arte, di lusso e di orologerie",H) Operai,municipio di Bengasi,F,0
610,class,"34. Commercio di oggetti d'arte, di lusso e di orologerie",Totale,Libia,MF,50
610,class,"34. Commercio di oggetti d'arte, di lusso e di orologerie",Totale,Libia,M,47
610,class,"34. Commercio di oggetti d'arte, di lusso e di orologerie",Totale,Libia,F,3
610,class,"34. Commercio di oggetti d'arte, di lusso e di orologerie",Totale,municipio di Tripoli,MF,31
610,class,"34. Commercio di oggetti d'arte, di lusso e di orologerie",Totale,municipio di Tripoli,M,30
610,class,"34. Commercio di oggetti d'arte, di lusso e di orologerie",Totale,municipio di Tripoli,F,1
610,class,"34. Commercio di oggetti d'arte, di lusso e di orologerie",Totale,municipio di Bengasi,MF,17
610,class,"34. Commercio di oggetti d'arte, di lusso e di orologerie",Totale,municipio di Bengasi,M,15
610,class,"34. Commercio di oggetti d'arte, di lusso e di orologerie",Totale,municipio di Bengasi,F,2
611,class,"34. Commercio di oggetti d'arte, di lusso e di orologerie",di cui familiari coadiuvanti,Libia,MF,6
611,class,"34. Commercio di oggetti d'arte, di lusso e di orologerie",di cui familiari coadiuvanti,Libia,M,5
611,class,"34. Commercio di oggetti d'arte, di lusso e di orologerie",di cui familiari coadiuvanti,Libia,F,1
611,class,"34. Commercio di oggetti d'arte, di lusso e di orologerie",di cui familiari coadiuvanti,municipio di Tripoli,MF,4
611,class,"34. Commercio di oggetti d'arte, di lusso e di orologerie",di cui familiari coadiuvanti,municipio di Tripoli,M,3
611,class,"34. Commercio di oggetti d'arte, di lusso e di orologerie",di cui familiari coadiuvanti,municipio di Tripoli,F,1
611,class,"34. Commercio di oggetti d'arte, di lusso e di orologerie",di cui familiari coadiuvanti,municipio di Bengasi,MF,2
611,class,"34. Commercio di oggetti d'arte, di lusso e di orologerie",di cui familiari coadiuvanti,municipio di Bengasi,M,2
611,class,"34. Commercio di oggetti d'arte, di lusso e di orologerie",di cui familiari coadiuvanti,municipio di Bengasi,F,0
612,subclass,"34.296 Quadri, bronzi",A) Padroni,Libia,MF,8
612,subclass,"34.296 Quadri, bronzi",A) Padroni,Libia,M,8
612,subclass,"34.296 Quadri, bronzi",A) Padroni,Libia,F,0
612,subclass,"34.296 Quadri, bronzi",A) Padroni,municipio di Tripoli,MF,7
612,subclass,"34.296 Quadri, bronzi",A) Padroni,municipio di Tripoli,M,7
612,subclass,"34.296 Quadri, bronzi",A) Padroni,municipio di Tripoli,F,0
612,subclass,"34.296 Quadri, bronzi",A) Padroni,municipio di Bengasi,MF,0
612,subclass,"34.296 Quadri, bronzi",A) Padroni,municipio di Bengasi,M,0
612,subclass,"34.296 Quadri, bronzi",A) Padroni,municipio di Bengasi,F,0
613,subclass,"34.296 Quadri, bronzi",E) Dirigenti,Libia,MF,3
613,subclass,"34.296 Quadri, bronzi",E) Dirigenti,Libia,M,3
613,subclass,"34.296 Quadri, bronzi",E) Dirigenti,Libia,F,0
613,subclass,"34.296 Quadri, bronzi",E) Dirigenti,municipio di Tripoli,MF,2
613,subclass,"34.296 Quadri, bronzi",E) Dirigenti,municipio di Tripoli,M,2
613,subclass,"34.296 Quadri, bronzi",E) Dirigenti,municipio di Tripoli,F,0
613,subclass,"34.296 Quadri, bronzi",E) Dirigenti,municipio di Bengasi,MF,1
613,subclass,"34.296 Quadri, bronzi",E) Dirigenti,municipio di Bengasi,M,1
613,subclass,"34.296 Quadri, bronzi",E) Dirigenti,municipio di Bengasi,F,0
614,subclass,"34.296 Quadri, bronzi",F) Impiegati,Libia,MF,19
614,subclass,"34.296 Quadri, bronzi",F) Impiegati,Libia,M,18
614,subclass,"34.296 Quadri, bronzi",F) Impiegati,Libia,F,1
614,subclass,"34.296 Quadri, bronzi",F) Impiegati,municipio di Tripoli,MF,9
614,subclass,"34.296 Quadri, bronzi",F) Impiegati,municipio di Tripoli,M,9
614,subclass,"34.296 Quadri, bronzi",F) Impiegati,municipio di Tripoli,F,0
614,subclass,"34.296 Quadri, bronzi",F) Impiegati,municipio di Bengasi,MF,9
614,subclass,"34.296 Quadri, bronzi",F) Impiegati,municipio di Bengasi,M,8
614,subclass,"34.296 Quadri, bronzi",F) Impiegati,municipio di Bengasi,F,1
615,subclass,"34.296 Quadri, bronzi",Totale,Libia,MF,30
615,subclass,"34.296 Quadri, bronzi",Totale,Libia,M,29
615,subclass,"34.296 Quadri, bronzi",Totale,Libia,F,1
615,subclass,"34.296 Quadri, bronzi",Totale,municipio di Tripoli,MF,18
615,subclass,"34.296 Quadri, bronzi",Totale,municipio di Tripoli,M,18
615,subclass,"34.296 Quadri, bronzi",Totale,municipio di Tripoli,F,0
615,subclass,"34.296 Quadri, bronzi",Totale,municipio di Bengasi,MF,10
615,subclass,"34.296 Quadri, bronzi",Totale,municipio di Bengasi,M,9
615,subclass,"34.296 Quadri, bronzi",Totale,municipio di Bengasi,F,1
616,subclass,"34.296 Quadri, bronzi",di cui familiari coadiuvanti,Libia,MF,2
616,subclass,"34.296 Quadri, bronzi",di cui familiari coadiuvanti,Libia,M,2
616,subclass,"34.296 Quadri, bronzi",di cui familiari coadiuvanti,Libia,F,0
616,subclass,"34.296 Quadri, bronzi",di cui familiari coadiuvanti,municipio di Tripoli,MF,2
616,subclass,"34.296 Quadri, bronzi",di cui familiari coadiuvanti,municipio di Tripoli,M,2
616,subclass,"34.296 Quadri, bronzi",di cui familiari coadiuvanti,municipio di Tripoli,F,0
616,subclass,"34.296 Quadri, bronzi",di cui familiari coadiuvanti,municipio di Bengasi,MF,0
616,subclass,"34.296 Quadri, bronzi",di cui familiari coadiuvanti,municipio di Bengasi,M,0
616,subclass,"34.296 Quadri, bronzi",di cui familiari coadiuvanti,municipio di Bengasi,F,0
617,class,"35. Commercio di prodotti chimici, farmaceutici e igiene personale",A) Padroni,Libia,MF,34
617,class,"35. Commercio di prodotti chimici, farmaceutici e igiene personale",A) Padroni,Libia,M,30
617,class,"35. Commercio di prodotti chimici, farmaceutici e igiene personale",A) Padroni,Libia,F,4
617,class,"35. Commercio di prodotti chimici, farmaceutici e igiene personale",A) Padroni,municipio di Tripoli,MF,11
617,class,"35. Commercio di prodotti chimici, farmaceutici e igiene personale",A) Padroni,municipio di Tripoli,M,10
617,class,"35. Commercio di prodotti chimici, farmaceutici e igiene personale",A) Padroni,municipio di Tripoli,F,1
617,class,"35. Commercio di prodotti chimici, farmaceutici e igiene personale",A) Padroni,municipio di Bengasi,MF,17
617,class,"35. Commercio di prodotti chimici, farmaceutici e igiene personale",A) Padroni,municipio di Bengasi,M,14
617,class,"35. Commercio di prodotti chimici, farmaceutici e igiene personale",A) Padroni,municipio di Bengasi,F,3
618,class,"35. Commercio di prodotti chimici, farmaceutici e igiene personale",E) Dirigenti,Libia,MF,1
618,class,"35. Commercio di prodotti chimici, farmaceutici e igiene personale",E) Dirigenti,Libia,M,1
618,class,"35. Commercio di prodotti chimici, farmaceutici e igiene personale",E) Dirigenti,Libia,F,0
618,class,"35. Commercio di prodotti chimici, farmaceutici e igiene personale",E) Dirigenti,municipio di Tripoli,MF,0
618,class,"35. Commercio di prodotti chimici, farmaceutici e igiene personale",E) Dirigenti,municipio di Tripoli,M,0
618,class,"35. Commercio di prodotti chimici, farmaceutici e igiene personale",E) Dirigenti,municipio di Tripoli,F,0
618,class,"35. Commercio di prodotti chimici, farmaceutici e igiene personale",E) Dirigenti,municipio di Bengasi,MF,1
618,class,"35. Commercio di prodotti chimici, farmaceutici e igiene personale",E) Dirigenti,municipio di Bengasi,M,1
618,class,"35. Commercio di prodotti chimici, farmaceutici e igiene personale",E) Dirigenti,municipio di Bengasi,F,0
619,class,"35. Commercio di prodotti chimici, farmaceutici e igiene personale",F) Impiegati,Libia,MF,27
619,class,"35. Commercio di prodotti chimici, farmaceutici e igiene personale",F) Impiegati,Libia,M,21
619,class,"35. Commercio di prodotti chimici, farmaceutici e igiene personale",F) Impiegati,Libia,F,6
619,class,"35. Commercio di prodotti chimici, farmaceutici e igiene personale",F) Impiegati,municipio di Tripoli,MF,17
619,class,"35. Commercio di prodotti chimici, farmaceutici e igiene personale",F) Impiegati,municipio di Tripoli,M,15
619,class,"35. Commercio di prodotti chimici, farmaceutici e igiene personale",F) Impiegati,municipio di Tripoli,F,2
619,class,"35. Commercio di prodotti chimici, farmaceutici e igiene personale",F) Impiegati,municipio di Bengasi,MF,8
619,class,"35. Commercio di prodotti chimici, farmaceutici e igiene personale",F) Impiegati,municipio di Bengasi,M,4
619,class,"35. Commercio di prodotti chimici, farmaceutici e igiene personale",F) Impiegati,municipio di Bengasi,F,4
620,class,"35. Commercio di prodotti chimici, farmaceutici e igiene personale",Totale,Libia,MF,62
620,class,"35. Commercio di prodotti chimici, farmaceutici e igiene personale",Totale,Libia,M,52
620,class,"35. Commercio di prodotti chimici, farmaceutici e igiene personale",Totale,Libia,F,10
620,class,"35. Commercio di prodotti chimici, farmaceutici e igiene personale",Totale,municipio di Tripoli,MF,28
620,class,"35. Commercio di prodotti chimici, farmaceutici e igiene personale",Totale,municipio di Tripoli,M,25
620,class,"35. Commercio di prodotti chimici, farmaceutici e igiene personale",Totale,municipio di Tripoli,F,3
620,class,"35. Commercio di prodotti chimici, farmaceutici e igiene personale",Totale,municipio di Bengasi,MF,26
620,class,"35. Commercio di prodotti chimici, farmaceutici e igiene personale",Totale,municipio di Bengasi,M,19
620,class,"35. Commercio di prodotti chimici, farmaceutici e igiene personale",Totale,municipio di Bengasi,F,7
621,class,"35. Commercio di prodotti chimici, farmaceutici e igiene personale",di cui familiari coadiuvanti,Libia,MF,6
621,class,"35. Commercio di prodotti chimici, farmaceutici e igiene personale",di cui familiari coadiuvanti,Libia,M,4
621,class,"35. Commercio di prodotti chimici, farmaceutici e igiene personale",di cui familiari coadiuvanti,Libia,F,2
621,class,"35. Commercio di prodotti chimici, farmaceutici e igiene personale",di cui familiari coadiuvanti,municipio di Tripoli,MF,0
621,class,"35. Commercio di prodotti chimici, farmaceutici e igiene personale",di cui familiari coadiuvanti,municipio di Tripoli,M,0
621,class,"35. Commercio di prodotti chimici, farmaceutici e igiene personale",di cui familiari coadiuvanti,municipio di Tripoli,F,0
621,class,"35. Commercio di prodotti chimici, farmaceutici e igiene personale",di cui familiari coadiuvanti,municipio di Bengasi,MF,5
621,class,"35. Commercio di prodotti chimici, farmaceutici e igiene personale",di cui familiari coadiuvanti,municipio di Bengasi,M,3
621,class,"35. Commercio di prodotti chimici, farmaceutici e igiene personale",di cui familiari coadiuvanti,municipio di Bengasi,F,2
622,subclass,"35.299 Prodotti medicinali, farmacie",A) Padroni,Libia,MF,15
622,subclass,"35.299 Prodotti medicinali, farmacie",A) Padroni,Libia,M,13
622,subclass,"35.299 Prodotti medicinali, farmacie",A) Padroni,Libia,F,2
622,subclass,"35.299 Prodotti medicinali, farmacie",A) Padroni,municipio di Tripoli,MF,5
622,subclass,"35.299 Prodotti medicinali, farmacie",A) Padroni,municipio di Tripoli,M,5
622,subclass,"35.299 Prodotti medicinali, farmacie",A) Padroni,municipio di Tripoli,F,0
622,subclass,"35.299 Prodotti medicinali, farmacie",A) Padroni,municipio di Bengasi,MF,8
622,subclass,"35.299 Prodotti medicinali, farmacie",A) Padroni,municipio di Bengasi,M,6
622,subclass,"35.299 Prodotti medicinali, farmacie",A) Padroni,municipio di Bengasi,F,2
623,subclass,"35.299 Prodotti medicinali, farmacie",E) Dirigenti,Libia,MF,1
623,subclass,"35.299 Prodotti medicinali, farmacie",E) Dirigenti,Libia,M,1
623,subclass,"35.299 Prodotti medicinali, farmacie",E) Dirigenti,Libia,F,0
623,subclass,"35.299 Prodotti medicinali, farmacie",E) Dirigenti,municipio di Tripoli,MF,0
623,subclass,"35.299 Prodotti medicinali, farmacie",E) Dirigenti,municipio di Tripoli,M,0
623,subclass,"35.299 Prodotti medicinali, farmacie",E) Dirigenti,municipio di Tripoli,F,0
623,subclass,"35.299 Prodotti medicinali, farmacie",E) Dirigenti,municipio di Bengasi,MF,1
623,subclass,"35.299 Prodotti medicinali, farmacie",E) Dirigenti,municipio di Bengasi,M,1
623,subclass,"35.299 Prodotti medicinali, farmacie",E) Dirigenti,municipio di Bengasi,F,0
624,subclass,"35.299 Prodotti medicinali, farmacie",F) Impiegati,Libia,MF,12
624,subclass,"35.299 Prodotti medicinali, farmacie",F) Impiegati,Libia,M,10
624,subclass,"35.299 Prodotti medicinali, farmacie",F) Impiegati,Libia,F,2
624,subclass,"35.299 Prodotti medicinali, farmacie",F) Impiegati,municipio di Tripoli,MF,9
624,subclass,"35.299 Prodotti medicinali, farmacie",F) Impiegati,municipio di Tripoli,M,9
624,subclass,"35.299 Prodotti medicinali, farmacie",F) Impiegati,municipio di Tripoli,F,0
624,subclass,"35.299 Prodotti medicinali, farmacie",F) Impiegati,municipio di Bengasi,MF,3
624,subclass,"35.299 Prodotti medicinali, farmacie",F) Impiegati,municipio di Bengasi,M,1
624,subclass,"35.299 Prodotti medicinali, farmacie",F) Impiegati,municipio di Bengasi,F,2
625,subclass,"35.299 Prodotti medicinali, farmacie",Totale,Libia,MF,28
625,subclass,"35.299 Prodotti medicinali, farmacie",Totale,Libia,M,24
625,subclass,"35.299 Prodotti medicinali, farmacie",Totale,Libia,F,4
625,subclass,"35.299 Prodotti medicinali, farmacie",Totale,municipio di Tripoli,MF,14
625,subclass,"35.299 Prodotti medicinali, farmacie",Totale,municipio di Tripoli,M,14
625,subclass,"35.299 Prodotti medicinali, farmacie",Totale,municipio di Tripoli,F,0
625,subclass,"35.299 Prodotti medicinali, farmacie",Totale,municipio di Bengasi,MF,12
625,subclass,"35.299 Prodotti medicinali, farmacie",Totale,municipio di Bengasi,M,8
625,subclass,"35.299 Prodotti medicinali, farmacie",Totale,municipio di Bengasi,F,4
626,subclass,"35.299 Prodotti medicinali, farmacie",di cui familiari coadiuvanti,Libia,MF,3
626,subclass,"35.299 Prodotti medicinali, farmacie",di cui familiari coadiuvanti,Libia,M,1
626,subclass,"35.299 Prodotti medicinali, farmacie",di cui familiari coadiuvanti,Libia,F,2
626,subclass,"35.299 Prodotti medicinali, farmacie",di cui familiari coadiuvanti,municipio di Tripoli,MF,0
626,subclass,"35.299 Prodotti medicinali, farmacie",di cui familiari coadiuvanti,municipio di Tripoli,M,0
626,subclass,"35.299 Prodotti medicinali, farmacie",di cui familiari coadiuvanti,municipio di Tripoli,F,0
626,subclass,"35.299 Prodotti medicinali, farmacie",di cui familiari coadiuvanti,municipio di Bengasi,MF,3
626,subclass,"35.299 Prodotti medicinali, farmacie",di cui familiari coadiuvanti,municipio di Bengasi,M,1
626,subclass,"35.299 Prodotti medicinali, farmacie",di cui familiari coadiuvanti,municipio di Bengasi,F,2
627,class,"36. Cartoleria, pubblicazioni, giornali",A) Padroni,Libia,MF,26
627,class,"36. Cartoleria, pubblicazioni, giornali",A) Padroni,Libia,M,23
627,class,"36. Cartoleria, pubblicazioni, giornali",A) Padroni,Libia,F,3
627,class,"36. Cartoleria, pubblicazioni, giornali",A) Padroni,municipio di Tripoli,MF,18
627,class,"36. Cartoleria, pubblicazioni, giornali",A) Padroni,municipio di Tripoli,M,15
627,class,"36. Cartoleria, pubblicazioni, giornali",A) Padroni,municipio di Tripoli,F,3
627,class,"36. Cartoleria, pubblicazioni, giornali",A) Padroni,municipio di Bengasi,MF,4
627,class,"36. Cartoleria, pubblicazioni, giornali",A) Padroni,municipio di Bengasi,M,4
627,class,"36. Cartoleria, pubblicazioni, giornali",A) Padroni,municipio di Bengasi,F,0
628,class,"36. Cartoleria, pubblicazioni, giornali",F) Impiegati,Libia,MF,9
628,class,"36. Cartoleria, pubblicazioni, giornali",F) Impiegati,Libia,M,6
628,class,"36. Cartoleria, pubblicazioni, giornali",F) Impiegati,Libia,F,3
628,class,"36. Cartoleria, pubblicazioni, giornali",F) Impiegati,municipio di Tripoli,MF,3
628,class,"36. Cartoleria, pubblicazioni, giornali",F) Impiegati,municipio di Tripoli,M,2
628,class,"36. Cartoleria, pubblicazioni, giornali",F) Impiegati,municipio di Tripoli,F,1
628,class,"36. Cartoleria, pubblicazioni, giornali",F) Impiegati,municipio di Bengasi,MF,5
628,class,"36. Cartoleria, pubblicazioni, giornali",F) Impiegati,municipio di Bengasi,M,3
628,class,"36. Cartoleria, pubblicazioni, giornali",F) Impiegati,municipio di Bengasi,F,2
629,class,"36. Cartoleria, pubblicazioni, giornali",Totale,Libia,MF,35
629,class,"36. Cartoleria, pubblicazioni, giornali",Totale,Libia,M,29
629,class,"36. Cartoleria, pubblicazioni, giornali",Totale,Libia,F,6
629,class,"36. Cartoleria, pubblicazioni, giornali",Totale,municipio di Tripoli,MF,21
629,class,"36. Cartoleria, pubblicazioni, giornali",Totale,municipio di Tripoli,M,17
629,class,"36. Cartoleria, pubblicazioni, giornali",Totale,municipio di Tripoli,F,4
629,class,"36. Cartoleria, pubblicazioni, giornali",Totale,municipio di Bengasi,MF,9
629,class,"36. Cartoleria, pubblicazioni, giornali",Totale,municipio di Bengasi,M,7
629,class,"36. Cartoleria, pubblicazioni, giornali",Totale,municipio di Bengasi,F,2
630,class,"36. Cartoleria, pubblicazioni, giornali",di cui familiari coadiuvanti,Libia,MF,3
630,class,"36. Cartoleria, pubblicazioni, giornali",di cui familiari coadiuvanti,Libia,M,2
630,class,"36. Cartoleria, pubblicazioni, giornali",di cui familiari coadiuvanti,Libia,F,1
630,class,"36. Cartoleria, pubblicazioni, giornali",di cui familiari coadiuvanti,municipio di Tripoli,MF,2
630,class,"36. Cartoleria, pubblicazioni, giornali",di cui familiari coadiuvanti,municipio di Tripoli,M,1
630,class,"36. Cartoleria, pubblicazioni, giornali",di cui familiari coadiuvanti,municipio di Tripoli,F,1
630,class,"36. Cartoleria, pubblicazioni, giornali",di cui familiari coadiuvanti,municipio di Bengasi,MF,0
630,class,"36. Cartoleria, pubblicazioni, giornali",di cui familiari coadiuvanti,municipio di Bengasi,M,0
630,class,"36. Cartoleria, pubblicazioni, giornali",di cui familiari coadiuvanti,municipio di Bengasi,F,0
631,subclass,36.304 Cartoleria e cancelleria,A) Padroni,Libia,MF,19
631,subclass,36.304 Cartoleria e cancelleria,A) Padroni,Libia,M,18
631,subclass,36.304 Cartoleria e cancelleria,A) Padroni,Libia,F,1
631,subclass,36.304 Cartoleria e cancelleria,A) Padroni,municipio di Tripoli,MF,12
631,subclass,36.304 Cartoleria e cancelleria,A) Padroni,municipio di Tripoli,M,11
631,subclass,36.304 Cartoleria e cancelleria,A) Padroni,municipio di Tripoli,F,1
631,subclass,36.304 Cartoleria e cancelleria,A) Padroni,municipio di Bengasi,MF,3
631,subclass,36.304 Cartoleria e cancelleria,A) Padroni,municipio di Bengasi,M,3
631,subclass,36.304 Cartoleria e cancelleria,A) Padroni,municipio di Bengasi,F,0
632,subclass,36.304 Cartoleria e cancelleria,F) Impiegati,Libia,MF,7
632,subclass,36.304 Cartoleria e cancelleria,F) Impiegati,Libia,M,4
632,subclass,36.304 Cartoleria e cancelleria,F) Impiegati,Libia,F,3
632,subclass,36.304 Cartoleria e cancelleria,F) Impiegati,municipio di Tripoli,MF,2
632,subclass,36.304 Cartoleria e cancelleria,F) Impiegati,municipio di Tripoli,M,1
632,subclass,36.304 Cartoleria e cancelleria,F) Impiegati,municipio di Tripoli,F,1
632,subclass,36.304 Cartoleria e cancelleria,F) Impiegati,municipio di Bengasi,MF,4
632,subclass,36.304 Cartoleria e cancelleria,F) Impiegati,municipio di Bengasi,M,2
632,subclass,36.304 Cartoleria e cancelleria,F) Impiegati,municipio di Bengasi,F,2
633,subclass,36.304 Cartoleria e cancelleria,Totale,Libia,MF,26
633,subclass,36.304 Cartoleria e cancelleria,Totale,Libia,M,22
633,subclass,36.304 Cartoleria e cancelleria,Totale,Libia,F,4
633,subclass,36.304 Cartoleria e cancelleria,Totale,municipio di Tripoli,MF,14
633,subclass,36.304 Cartoleria e cancelleria,Totale,municipio di Tripoli,M,12
633,subclass,36.304 Cartoleria e cancelleria,Totale,municipio di Tripoli,F,2
633,subclass,36.304 Cartoleria e cancelleria,Totale,municipio di Bengasi,MF,7
633,subclass,36.304 Cartoleria e cancelleria,Totale,municipio di Bengasi,M,5
633,subclass,36.304 Cartoleria e cancelleria,Totale,municipio di Bengasi,F,2
634,subclass,36.304 Cartoleria e cancelleria,di cui familiari coadiuvanti,Libia,MF,2
634,subclass,36.304 Cartoleria e cancelleria,di cui familiari coadiuvanti,Libia,M,2
634,subclass,36.304 Cartoleria e cancelleria,di cui familiari coadiuvanti,Libia,F,0
634,subclass,36.304 Cartoleria e cancelleria,di cui familiari coadiuvanti,municipio di Tripoli,MF,1
634,subclass,36.304 Cartoleria e cancelleria,di cui familiari coadiuvanti,municipio di Tripoli,M,1
634,subclass,36.304 Cartoleria e cancelleria,di cui familiari coadiuvanti,municipio di Tripoli,F,0
634,subclass,36.304 Cartoleria e cancelleria,di cui familiari coadiuvanti,municipio di Bengasi,MF,0
634,subclass,36.304 Cartoleria e cancelleria,di cui familiari coadiuvanti,municipio di Bengasi,M,0
634,subclass,36.304 Cartoleria e cancelleria,di cui familiari coadiuvanti,municipio di Bengasi,F,0
635,class,37. Commercio di oggetti usati,Totale,Libia,MF,0
635,class,37. Commercio di oggetti usati,Totale,Libia,M,0
635,class,37. Commercio di oggetti usati,Totale,Libia,F,0
635,class,37. Commercio di oggetti usati,Totale,municipio di Tripoli,MF,0
635,class,37. Commercio di oggetti usati,Totale,municipio di Tripoli,M,0
635,class,37. Commercio di oggetti usati,Totale,municipio di Tripoli,F,0
635,class,37. Commercio di oggetti usati,Totale,municipio di Bengasi,MF,0
635,class,37. Commercio di oggetti usati,Totale,municipio di Bengasi,M,0
635,class,37. Commercio di oggetti usati,Totale,municipio di Bengasi,F,0
636,class,38. Grandi magazzini,F) Impiegati,Libia,MF,5
636,class,38. Grandi magazzini,F) Impiegati,Libia,M,5
636,class,38. Grandi magazzini,F) Impiegati,Libia,F,0
636,class,38. Grandi magazzini,F) Impiegati,municipio di Tripoli,MF,4
636,class,38. Grandi magazzini,F) Impiegati,municipio di Tripoli,M,4
636,class,38. Grandi magazzini,F) Impiegati,municipio di Tripoli,F,0
636,class,38. Grandi magazzini,F) Impiegati,municipio di Bengasi,MF,0
636,class,38. Grandi magazzini,F) Impiegati,municipio di Bengasi,M,0
636,class,38. Grandi magazzini,F) Impiegati,municipio di Bengasi,F,0
637,class,38. Grandi magazzini,G) Personale di servizio e di fatica,Libia,MF,6
637,class,38. Grandi magazzini,G) Personale di servizio e di fatica,Libia,M,6
637,class,38. Grandi magazzini,G) Personale di servizio e di fatica,Libia,F,0
637,class,38. Grandi magazzini,G) Personale di servizio e di fatica,municipio di Tripoli,MF,6
637,class,38. Grandi magazzini,G) Personale di servizio e di fatica,municipio di Tripoli,M,6
637,class,38. Grandi magazzini,G) Personale di servizio e di fatica,municipio di Tripoli,F,0
637,class,38. Grandi magazzini,G) Personale di servizio e di fatica,municipio di Bengasi,MF,0
637,class,38. Grandi magazzini,G) Personale di servizio e di fatica,municipio di Bengasi,M,0
637,class,38. Grandi magazzini,G) Personale di servizio e di fatica,municipio di Bengasi,F,0
638,class,38. Grandi magazzini,Totale,Libia,MF,11
638,class,38. Grandi magazzini,Totale,Libia,M,11
638,class,38. Grandi magazzini,Totale,Libia,F,0
638,class,38. Grandi magazzini,Totale,municipio di Tripoli,MF,10
638,class,38. Grandi magazzini,Totale,municipio di Tripoli,M,10
638,class,38. Grandi magazzini,Totale,municipio di Tripoli,F,0
638,class,38. Grandi magazzini,Totale,municipio di Bengasi,MF,0
638,class,38. Grandi magazzini,Totale,municipio di Bengasi,M,0
638,class,38. Grandi magazzini,Totale,municipio di Bengasi,F,0
639,class,39. Commercio al minuto di generi diversi,A) Padroni,Libia,MF,25
639,class,39. Commercio al minuto di generi diversi,A) Padroni,Libia,M,19
639,class,39. Commercio al minuto di generi diversi,A) Padroni,Libia,F,6
639,class,39. Commercio al minuto di generi diversi,A) Padroni,municipio di Tripoli,MF,16
639,class,39. Commercio al minuto di generi diversi,A) Padroni,municipio di Tripoli,M,11
639,class,39. Commercio al minuto di generi diversi,A) Padroni,municipio di Tripoli,F,5
639,class,39. Commercio al minuto di generi diversi,A) Padroni,municipio di Bengasi,MF,1
639,class,39. Commercio al minuto di generi diversi,A) Padroni,municipio di Bengasi,M,1
639,class,39. Commercio al minuto di generi diversi,A) Padroni,municipio di Bengasi,F,0
640,class,39. Commercio al minuto di generi diversi,F) Impiegati,Libia,MF,7
640,class,39. Commercio al minuto di generi diversi,F) Impiegati,Libia,M,7
640,class,39. Commercio al minuto di generi diversi,F) Impiegati,Libia,F,0
640,class,39. Commercio al minuto di generi diversi,F) Impiegati,municipio di Tripoli,MF,2
640,class,39. Commercio al minuto di generi diversi,F) Impiegati,municipio di Tripoli,M,2
640,class,39. Commercio al minuto di generi diversi,F) Impiegati,municipio di Tripoli,F,0
640,class,39. Commercio al minuto di generi diversi,F) Impiegati,municipio di Bengasi,MF,3
640,class,39. Commercio al minuto di generi diversi,F) Impiegati,municipio di Bengasi,M,3
640,class,39. Commercio al minuto di generi diversi,F) Impiegati,municipio di Bengasi,F,0
641,class,39. Commercio al minuto di generi diversi,Totale,Libia,MF,32
641,class,39. Commercio al minuto di generi diversi,Totale,Libia,M,26
641,class,39. Commercio al minuto di generi diversi,Totale,Libia,F,6
641,class,39. Commercio al minuto di generi diversi,Totale,municipio di Tripoli,MF,18
641,class,39. Commercio al minuto di generi diversi,Totale,municipio di Tripoli,M,13
641,class,39. Commercio al minuto di generi diversi,Totale,municipio di Tripoli,F,5
641,class,39. Commercio al minuto di generi diversi,Totale,municipio di Bengasi,MF,4
641,class,39. Commercio al minuto di generi diversi,Totale,municipio di Bengasi,M,4
641,class,39. Commercio al minuto di generi diversi,Totale,municipio di Bengasi,F,0
642,class,39. Commercio al minuto di generi diversi,di cui familiari coadiuvanti,Libia,MF,6
642,class,39. Commercio al minuto di generi diversi,di cui familiari coadiuvanti,Libia,M,3
642,class,39. Commercio al minuto di generi diversi,di cui familiari coadiuvanti,Libia,F,3
642,class,39. Commercio al minuto di generi diversi,di cui familiari coadiuvanti,municipio di Tripoli,MF,4
642,class,39. Commercio al minuto di generi diversi,di cui familiari coadiuvanti,municipio di Tripoli,M,1
642,class,39. Commercio al minuto di generi diversi,di cui familiari coadiuvanti,municipio di Tripoli,F,3
642,class,39. Commercio al minuto di generi diversi,di cui familiari coadiuvanti,municipio di Bengasi,MF,0
642,class,39. Commercio al minuto di generi diversi,di cui familiari coadiuvanti,municipio di Bengasi,M,0
642,class,39. Commercio al minuto di generi diversi,di cui familiari coadiuvanti,municipio di Bengasi,F,0
643,group,Complesso commercio al minuto,A) Padroni,Libia,MF,873
643,group,Complesso commercio al minuto,A) Padroni,Libia,M,690
643,group,Complesso commercio al minuto,A) Padroni,Libia,F,183
643,group,Complesso commercio al minuto,A) Padroni,municipio di Tripoli,MF,403
643,group,Complesso commercio al minuto,A) Padroni,municipio di Tripoli,M,320
643,group,Complesso commercio al minuto,A) Padroni,municipio di Tripoli,F,83
643,group,Complesso commercio al minuto,A) Padroni,municipio di Bengasi,MF,257
643,group,Complesso commercio al minuto,A) Padroni,municipio di Bengasi,M,193
643,group,Complesso commercio al minuto,A) Padroni,municipio di Bengasi,F,64
644,group,Complesso commercio al minuto,E) Dirigenti,Libia,MF,11
644,group,Complesso commercio al minuto,E) Dirigenti,Libia,M,11
644,group,Complesso commercio al minuto,E) Dirigenti,Libia,F,0
644,group,Complesso commercio al minuto,E) Dirigenti,municipio di Tripoli,MF,4
644,group,Complesso commercio al minuto,E) Dirigenti,municipio di Tripoli,M,4
644,group,Complesso commercio al minuto,E) Dirigenti,municipio di Tripoli,F,0
644,group,Complesso commercio al minuto,E) Dirigenti,municipio di Bengasi,MF,6
644,group,Complesso commercio al minuto,E) Dirigenti,municipio di Bengasi,M,6
644,group,Complesso commercio al minuto,E) Dirigenti,municipio di Bengasi,F,0
645,group,Complesso commercio al minuto,F) Impiegati,Libia,MF,247
645,group,Complesso commercio al minuto,F) Impiegati,Libia,M,208
645,group,Complesso commercio al minuto,F) Impiegati,Libia,F,39
645,group,Complesso commercio al minuto,F) Impiegati,municipio di Tripoli,MF,158
645,group,Complesso commercio al minuto,F) Impiegati,municipio di Tripoli,M,138
645,group,Complesso commercio al minuto,F) Impiegati,municipio di Tripoli,F,20
645,group,Complesso commercio al minuto,F) Impiegati,municipio di Bengasi,MF,59
645,group,Complesso commercio al minuto,F) Impiegati,municipio di Bengasi,M,43
645,group,Complesso commercio al minuto,F) Impiegati,municipio di Bengasi,F,16
646,group,Complesso commercio al minuto,G) Personale di servizio e di fatica,Libia,MF,10
646,group,Complesso commercio al minuto,G) Personale di servizio e di fatica,Libia,M,10
646,group,Complesso commercio al minuto,G) Personale di servizio e di fatica,Libia,F,0
646,group,Complesso commercio al minuto,G) Personale di servizio e di fatica,municipio di Tripoli,MF,9
646,group,Complesso commercio al minuto,G) Personale di servizio e di fatica,municipio di Tripoli,M,9
646,group,Complesso commercio al minuto,G) Personale di servizio e di fatica,municipio di Tripoli,F,0
646,group,Complesso commercio al minuto,G) Personale di servizio e di fatica,municipio di Bengasi,MF,1
646,group,Complesso commercio al minuto,G) Personale di servizio e di fatica,municipio di Bengasi,M,1
646,group,Complesso commercio al minuto,G) Personale di servizio e di fatica,municipio di Bengasi,F,0
647,group,Complesso commercio al minuto,H) Operai,Libia,MF,29
647,group,Complesso commercio al minuto,H) Operai,Libia,M,29
647,group,Complesso commercio al minuto,H) Operai,Libia,F,0
647,group,Complesso commercio al minuto,H) Operai,municipio di Tripoli,MF,5
647,group,Complesso commercio al minuto,H) Operai,municipio di Tripoli,M,5
647,group,Complesso commercio al minuto,H) Operai,municipio di Tripoli,F,0
647,group,Complesso commercio al minuto,H) Operai,municipio di Bengasi,MF,6
647,group,Complesso commercio al minuto,H) Operai,municipio di Bengasi,M,6
647,group,Complesso commercio al minuto,H) Operai,municipio di Bengasi,F,0
648,group,Complesso commercio al minuto,Totale,Libia,MF,1170
648,group,Complesso commercio al minuto,Totale,Libia,M,948
648,group,Complesso commercio al minuto,Totale,Libia,F,222
648,group,Complesso commercio al minuto,Totale,municipio di Tripoli,MF,579
648,group,Complesso commercio al minuto,Totale,municipio di Tripoli,M,476
648,group,Complesso commercio al minuto,Totale,municipio di Tripoli,F,103
648,group,Complesso commercio al minuto,Totale,municipio di Bengasi,MF,329
648,group,Complesso commercio al minuto,Totale,municipio di Bengasi,M,249
648,group,Complesso commercio al minuto,Totale,municipio di Bengasi,F,80
649,group,Complesso commercio al minuto,di cui familiari coadiuvanti,Libia,MF,183
649,group,Complesso commercio al minuto,di cui familiari coadiuvanti,Libia,M,105
649,group,Complesso commercio al minuto,di cui familiari coadiuvanti,Libia,F,78
649,group,Complesso commercio al minuto,di cui familiari coadiuvanti,municipio di Tripoli,MF,75
649,group,Complesso commercio al minuto,di cui familiari coadiuvanti,municipio di Tripoli,M,39
649,group,Complesso commercio al minuto,di cui familiari coadiuvanti,municipio di Tripoli,F,36
649,group,Complesso commercio al minuto,di cui familiari coadiuvanti,municipio di Bengasi,MF,54
649,group,Complesso commercio al minuto,di cui familiari coadiuvanti,municipio di Bengasi,M,31
649,group,Complesso commercio al minuto,di cui familiari coadiuvanti,municipio di Bengasi,F,23
650,class,40. Gestioni diverse,A) Padroni,Libia,MF,3
650,class,40. Gestioni diverse,A) Padroni,Libia,M,3
650,class,40. Gestioni diverse,A) Padroni,Libia,F,0
650,class,40. Gestioni diverse,A) Padroni,municipio di Tripoli,MF,3
650,class,40. Gestioni diverse,A) Padroni,municipio di Tripoli,M,3
650,class,40. Gestioni diverse,A) Padroni,municipio di Tripoli,F,0
650,class,40. Gestioni diverse,A) Padroni,municipio di Bengasi,MF,0
650,class,40. Gestioni diverse,A) Padroni,municipio di Bengasi,M,0
650,class,40. Gestioni diverse,A) Padroni,municipio di Bengasi,F,0
651,class,40. Gestioni diverse,F) Impiegati,Libia,MF,8
651,class,40. Gestioni diverse,F) Impiegati,Libia,M,8
651,class,40. Gestioni diverse,F) Impiegati,Libia,F,0
651,class,40. Gestioni diverse,F) Impiegati,municipio di Tripoli,MF,7
651,class,40. Gestioni diverse,F) Impiegati,municipio di Tripoli,M,7
651,class,40. Gestioni diverse,F) Impiegati,municipio di Tripoli,F,0
651,class,40. Gestioni diverse,F) Impiegati,municipio di Bengasi,MF,1
651,class,40. Gestioni diverse,F) Impiegati,municipio di Bengasi,M,1
651,class,40. Gestioni diverse,F) Impiegati,municipio di Bengasi,F,0
652,class,40. Gestioni diverse,H) Operai,Libia,MF,48
652,class,40. Gestioni diverse,H) Operai,Libia,M,26
652,class,40. Gestioni diverse,H) Operai,Libia,F,22
652,class,40. Gestioni diverse,H) Operai,municipio di Tripoli,MF,32
652,class,40. Gestioni diverse,H) Operai,municipio di Tripoli,M,15
652,class,40. Gestioni diverse,H) Operai,municipio di Tripoli,F,17
652,class,40. Gestioni diverse,H) Operai,municipio di Bengasi,MF,14
652,class,40. Gestioni diverse,H) Operai,municipio di Bengasi,M,10
652,class,40. Gestioni diverse,H) Operai,municipio di Bengasi,F,4
653,class,40. Gestioni diverse,Totale,Libia,MF,59
653,class,40. Gestioni diverse,Totale,Libia,M,37
653,class,40. Gestioni diverse,Totale,Libia,F,22
653,class,40. Gestioni diverse,Totale,municipio di Tripoli,MF,42
653,class,40. Gestioni diverse,Totale,municipio di Tripoli,M,25
653,class,40. Gestioni diverse,Totale,municipio di Tripoli,F,17
653,class,40. Gestioni diverse,Totale,municipio di Bengasi,MF,15
653,class,40. Gestioni diverse,Totale,municipio di Bengasi,M,11
653,class,40. Gestioni diverse,Totale,municipio di Bengasi,F,4
654,subclass,"40.316 Appalti di forniture militari, navali",A) Padroni,Libia,MF,1
654,subclass,"40.316 Appalti di forniture militari, navali",A) Padroni,Libia,M,1
654,subclass,"40.316 Appalti di forniture militari, navali",A) Padroni,Libia,F,0
654,subclass,"40.316 Appalti di forniture militari, navali",A) Padroni,municipio di Tripoli,MF,1
654,subclass,"40.316 Appalti di forniture militari, navali",A) Padroni,municipio di Tripoli,M,1
654,subclass,"40.316 Appalti di forniture militari, navali",A) Padroni,municipio di Tripoli,F,0
654,subclass,"40.316 Appalti di forniture militari, navali",A) Padroni,municipio di Bengasi,MF,0
654,subclass,"40.316 Appalti di forniture militari, navali",A) Padroni,municipio di Bengasi,M,0
654,subclass,"40.316 Appalti di forniture militari, navali",A) Padroni,municipio di Bengasi,F,0
655,subclass,"40.316 Appalti di forniture militari, navali",F) Impiegati,Libia,MF,5
655,subclass,"40.316 Appalti di forniture militari, navali",F) Impiegati,Libia,M,5
655,subclass,"40.316 Appalti di forniture militari, navali",F) Impiegati,Libia,F,0
655,subclass,"40.316 Appalti di forniture militari, navali",F) Impiegati,municipio di Tripoli,MF,4
655,subclass,"40.316 Appalti di forniture militari, navali",F) Impiegati,municipio di Tripoli,M,4
655,subclass,"40.316 Appalti di forniture militari, navali",F) Impiegati,municipio di Tripoli,F,0
655,subclass,"40.316 Appalti di forniture militari, navali",F) Impiegati,municipio di Bengasi,MF,1
655,subclass,"40.316 Appalti di forniture militari, navali",F) Impiegati,municipio di Bengasi,M,1
655,subclass,"40.316 Appalti di forniture militari, navali",F) Impiegati,municipio di Bengasi,F,0
656,subclass,"40.316 Appalti di forniture militari, navali",H) Operai,Libia,MF,48
656,subclass,"40.316 Appalti di forniture militari, navali",H) Operai,Libia,M,26
656,subclass,"40.316 Appalti di forniture militari, navali",H) Operai,Libia,F,22
656,subclass,"40.316 Appalti di forniture militari, navali",H) Operai,municipio di Tripoli,MF,32
656,subclass,"40.316 Appalti di forniture militari, navali",H) Operai,municipio di Tripoli,M,15
656,subclass,"40.316 Appalti di forniture militari, navali",H) Operai,municipio di Tripoli,F,17
656,subclass,"40.316 Appalti di forniture militari, navali",H) Operai,municipio di Bengasi,MF,14
656,subclass,"40.316 Appalti di forniture militari, navali",H) Operai,municipio di Bengasi,M,10
656,subclass,"40.316 Appalti di forniture militari, navali",H) Operai,municipio di Bengasi,F,4
657,subclass,"40.316 Appalti di forniture militari, navali",Totale,Libia,MF,54
657,subclass,"40.316 Appalti di forniture militari, navali",Totale,Libia,M,32
657,subclass,"40.316 Appalti di forniture militari, navali",Totale,Libia,F,22
657,subclass,"40.316 Appalti di forniture militari, navali",Totale,municipio di Tripoli,MF,37
657,subclass,"40.316 Appalti di forniture militari, navali",Totale,municipio di Tripoli,M,20
657,subclass,"40.316 Appalti di forniture militari, navali",Totale,municipio di Tripoli,F,17
657,subclass,"40.316 Appalti di forniture militari, navali",Totale,municipio di Bengasi,MF,15
657,subclass,"40.316 Appalti di forniture militari, navali",Totale,municipio di Bengasi,M,11
657,subclass,"40.316 Appalti di forniture militari, navali",Totale,municipio di Bengasi,F,4
658,class,41. Commercio ambulante ed attivita affini,A) Padroni,Libia,MF,29
658,class,41. Commercio ambulante ed attivita affini,A) Padroni,Libia,M,29
658,class,41. Commercio ambulante ed attivita affini,A) Padroni,Libia,F,0
658,class,41. Commercio ambulante ed attivita affini,A) Padroni,municipio di Tripoli,MF,19
658,class,41. Commercio ambulante ed attivita affini,A) Padroni,municipio di Tripoli,M,19
658,class,41. Commercio ambulante ed attivita affini,A) Padroni,municipio di Tripoli,F,0
658,class,41. Commercio ambulante ed attivita affini,A) Padroni,municipio di Bengasi,MF,6
658,class,41. Commercio ambulante ed attivita affini,A) Padroni,municipio di Bengasi,M,6
658,class,41. Commercio ambulante ed attivita affini,A) Padroni,municipio di Bengasi,F,0
659,class,41. Commercio ambulante ed attivita affini,F) Impiegati,Libia,MF,2
659,class,41. Commercio ambulante ed attivita affini,F) Impiegati,Libia,M,2
659,class,41. Commercio ambulante ed attivita affini,F) Impiegati,Libia,F,0
659,class,41. Commercio ambulante ed attivita affini,F) Impiegati,municipio di Tripoli,MF,2
659,class,41. Commercio ambulante ed attivita affini,F) Impiegati,municipio di Tripoli,M,2
659,class,41. Commercio ambulante ed attivita affini,F) Impiegati,municipio di Tripoli,F,0
659,class,41. Commercio ambulante ed attivita affini,F) Impiegati,municipio di Bengasi,MF,0
659,class,41. Commercio ambulante ed attivita affini,F) Impiegati,municipio di Bengasi,M,0
659,class,41. Commercio ambulante ed attivita affini,F) Impiegati,municipio di Bengasi,F,0
660,class,41. Commercio ambulante ed attivita affini,Totale,Libia,MF,31
660,class,41. Commercio ambulante ed attivita affini,Totale,Libia,M,31
660,class,41. Commercio ambulante ed attivita affini,Totale,Libia,F,0
660,class,41. Commercio ambulante ed attivita affini,Totale,municipio di Tripoli,MF,21
660,class,41. Commercio ambulante ed attivita affini,Totale,municipio di Tripoli,M,21
660,class,41. Commercio ambulante ed attivita affini,Totale,municipio di Tripoli,F,0
660,class,41. Commercio ambulante ed attivita affini,Totale,municipio di Bengasi,MF,6
660,class,41. Commercio ambulante ed attivita affini,Totale,municipio di Bengasi,M,6
660,class,41. Commercio ambulante ed attivita affini,Totale,municipio di Bengasi,F,0
661,class,41. Commercio ambulante ed attivita affini,di cui familiari coadiuvanti,Libia,MF,2
661,class,41. Commercio ambulante ed attivita affini,di cui familiari coadiuvanti,Libia,M,2
661,class,41. Commercio ambulante ed attivita affini,di cui familiari coadiuvanti,Libia,F,0
661,class,41. Commercio ambulante ed attivita affini,di cui familiari coadiuvanti,municipio di Tripoli,MF,1
661,class,41. Commercio ambulante ed attivita affini,di cui familiari coadiuvanti,municipio di Tripoli,M,1
661,class,41. Commercio ambulante ed attivita affini,di cui familiari coadiuvanti,municipio di Tripoli,F,0
661,class,41. Commercio ambulante ed attivita affini,di cui familiari coadiuvanti,municipio di Bengasi,MF,1
661,class,41. Commercio ambulante ed attivita affini,di cui familiari coadiuvanti,municipio di Bengasi,M,1
661,class,41. Commercio ambulante ed attivita affini,di cui familiari coadiuvanti,municipio di Bengasi,F,0
662,class,42. Aziende commerciali non altrimenti specificate,E) Dirigenti,Libia,MF,1
662,class,42. Aziende commerciali non altrimenti specificate,E) Dirigenti,Libia,M,0
662,class,42. Aziende commerciali non altrimenti specificate,E) Dirigenti,Libia,F,1
662,class,42. Aziende commerciali non altrimenti specificate,E) Dirigenti,municipio di Tripoli,MF,1
662,class,42. Aziende commerciali non altrimenti specificate,E) Dirigenti,municipio di Tripoli,M,0
662,class,42. Aziende commerciali non altrimenti specificate,E) Dirigenti,municipio di Tripoli,F,1
662,class,42. Aziende commerciali non altrimenti specificate,E) Dirigenti,municipio di Bengasi,MF,0
662,class,42. Aziende commerciali non altrimenti specificate,E) Dirigenti,municipio di Bengasi,M,0
662,class,42. Aziende commerciali non altrimenti specificate,E) Dirigenti,municipio di Bengasi,F,0
663,class,42. Aziende commerciali non altrimenti specificate,F) Impiegati,Libia,MF,49
663,class,42. Aziende commerciali non altrimenti specificate,F) Impiegati,Libia,M,42
663,class,42. Aziende commerciali non altrimenti specificate,F) Impiegati,Libia,F,7
663,class,42. Aziende commerciali non altrimenti specificate,F) Impiegati,municipio di Tripoli,MF,41
663,class,42. Aziende commerciali non altrimenti specificate,F) Impiegati,municipio di Tripoli,M,35
663,class,42. Aziende commerciali non altrimenti specificate,F) Impiegati,municipio di Tripoli,F,6
663,class,42. Aziende commerciali non altrimenti specificate,F) Impiegati,municipio di Bengasi,MF,6
663,class,42. Aziende commerciali non altrimenti specificate,F) Impiegati,municipio di Bengasi,M,6
663,class,42. Aziende commerciali non altrimenti specificate,F) Impiegati,municipio di Bengasi,F,0
664,class,42. Aziende commerciali non altrimenti specificate,G) Personale di servizio e di fatica,Libia,MF,3
664,class,42. Aziende commerciali non altrimenti specificate,G) Personale di servizio e di fatica,Libia,M,3
664,class,42. Aziende commerciali non altrimenti specificate,G) Personale di servizio e di fatica,Libia,F,0
664,class,42. Aziende commerciali non altrimenti specificate,G) Personale di servizio e di fatica,municipio di Tripoli,MF,3
664,class,42. Aziende commerciali non altrimenti specificate,G) Personale di servizio e di fatica,municipio di Tripoli,M,3
664,class,42. Aziende commerciali non altrimenti specificate,G) Personale di servizio e di fatica,municipio di Tripoli,F,0
664,class,42. Aziende commerciali non altrimenti specificate,G) Personale di servizio e di fatica,municipio di Bengasi,MF,0
664,class,42. Aziende commerciali non altrimenti specificate,G) Personale di servizio e di fatica,municipio di Bengasi,M,0
664,class,42. Aziende commerciali non altrimenti specificate,G) Personale di servizio e di fatica,municipio di Bengasi,F,0
665,class,42. Aziende commerciali non altrimenti specificate,Totale,Libia,MF,53
665,class,42. Aziende commerciali non altrimenti specificate,Totale,Libia,M,45
665,class,42. Aziende commerciali non altrimenti specificate,Totale,Libia,F,8
665,class,42. Aziende commerciali non altrimenti specificate,Totale,municipio di Tripoli,MF,45
665,class,42. Aziende commerciali non altrimenti specificate,Totale,municipio di Tripoli,M,38
665,class,42. Aziende commerciali non altrimenti specificate,Totale,municipio di Tripoli,F,7
665,class,42. Aziende commerciali non altrimenti specificate,Totale,municipio di Bengasi,MF,6
665,class,42. Aziende commerciali non altrimenti specificate,Totale,municipio di Bengasi,M,6
665,class,42. Aziende commerciali non altrimenti specificate,Totale,municipio di Bengasi,F,0
666,class,"43. Alberghi, trattorie",A) Padroni,Libia,MF,584
666,class,"43. Alberghi, trattorie",A) Padroni,Libia,M,344
666,class,"43. Alberghi, trattorie",A) Padroni,Libia,F,240
666,class,"43. Alberghi, trattorie",A) Padroni,municipio di Tripoli,MF,245
666,class,"43. Alberghi, trattorie",A) Padroni,municipio di Tripoli,M,152
666,class,"43. Alberghi, trattorie",A) Padroni,municipio di Tripoli,F,93
666,class,"43. Alberghi, trattorie",A) Padroni,municipio di Bengasi,MF,167
666,class,"43. Alberghi, trattorie",A) Padroni,municipio di Bengasi,M,85
666,class,"43. Alberghi, trattorie",A) Padroni,municipio di Bengasi,F,82
667,class,"43. Alberghi, trattorie",E) Dirigenti,Libia,MF,22
667,class,"43. Alberghi, trattorie",E) Dirigenti,Libia,M,19
667,class,"43. Alberghi, trattorie",E) Dirigenti,Libia,F,3
667,class,"43. Alberghi, trattorie",E) Dirigenti,municipio di Tripoli,MF,7
667,class,"43. Alberghi, trattorie",E) Dirigenti,municipio di Tripoli,M,6
667,class,"43. Alberghi, trattorie",E) Dirigenti,municipio di Tripoli,F,1
667,class,"43. Alberghi, trattorie",E) Dirigenti,municipio di Bengasi,MF,6
667,class,"43. Alberghi, trattorie",E) Dirigenti,municipio di Bengasi,M,4
667,class,"43. Alberghi, trattorie",E) Dirigenti,municipio di Bengasi,F,2
668,class,"43. Alberghi, trattorie",F) Impiegati,Libia,MF,35
668,class,"43. Alberghi, trattorie",F) Impiegati,Libia,M,23
668,class,"43. Alberghi, trattorie",F) Impiegati,Libia,F,12
668,class,"43. Alberghi, trattorie",F) Impiegati,municipio di Tripoli,MF,27
668,class,"43. Alberghi, trattorie",F) Impiegati,municipio di Tripoli,M,22
668,class,"43. Alberghi, trattorie",F) Impiegati,municipio di Tripoli,F,5
668,class,"43. Alberghi, trattorie",F) Impiegati,municipio di Bengasi,MF,7
668,class,"43. Alberghi, trattorie",F) Impiegati,municipio di Bengasi,M,0
668,class,"43. Alberghi, trattorie",F) Impiegati,municipio di Bengasi,F,7
669,class,"43. Alberghi, trattorie",G) Personale di servizio e di fatica,Libia,MF,17
669,class,"43. Alberghi, trattorie",G) Personale di servizio e di fatica,Libia,M,11
669,class,"43. Alberghi, trattorie",G) Personale di servizio e di fatica,Libia,F,6
669,class,"43. Alberghi, trattorie",G) Personale di servizio e di fatica,municipio di Tripoli,MF,16
669,class,"43. Alberghi, trattorie",G) Personale di servizio e di fatica,municipio di Tripoli,M,11
669,class,"43. Alberghi, trattorie",G) Personale di servizio e di fatica,municipio di Tripoli,F,5
669,class,"43. Alberghi, trattorie",G) Personale di servizio e di fatica,municipio di Bengasi,MF,1
669,class,"43. Alberghi, trattorie",G) Personale di servizio e di fatica,municipio di Bengasi,M,0
669,class,"43. Alberghi, trattorie",G) Personale di servizio e di fatica,municipio di Bengasi,F,1
670,class,"43. Alberghi, trattorie",H) Operai,Libia,MF,296
670,class,"43. Alberghi, trattorie",H) Operai,Libia,M,217
670,class,"43. Alberghi, trattorie",H) Operai,Libia,F,79
670,class,"43. Alberghi, trattorie",H) Operai,municipio di Tripoli,MF,195
670,class,"43. Alberghi, trattorie",H) Operai,municipio di Tripoli,M,150
670,class,"43. Alberghi, trattorie",H) Operai,municipio di Tripoli,F,45
670,class,"43. Alberghi, trattorie",H) Operai,municipio di Bengasi,MF,50
670,class,"43. Alberghi, trattorie",H) Operai,municipio di Bengasi,M,33
670,class,"43. Alberghi, trattorie",H) Operai,municipio di Bengasi,F,17
671,class,"43. Alberghi, trattorie",Totale,Libia,MF,954
671,class,"43. Alberghi, trattorie",Totale,Libia,M,614
671,class,"43. Alberghi, trattorie",Totale,Libia,F,340
671,class,"43. Alberghi, trattorie",Totale,municipio di Tripoli,MF,490
671,class,"43. Alberghi, trattorie",Totale,municipio di Tripoli,M,341
671,class,"43. Alberghi, trattorie",Totale,municipio di Tripoli,F,149
671,class,"43. Alberghi, trattorie",Totale,municipio di Bengasi,MF,231
671,class,"43. Alberghi, trattorie",Totale,municipio di Bengasi,M,122
671,class,"43. Alberghi, trattorie",Totale,municipio di Bengasi,F,109
672,class,"43. Alberghi, trattorie",di cui familiari coadiuvanti,Libia,MF,144
672,class,"43. Alberghi, trattorie",di cui familiari coadiuvanti,Libia,M,55
672,class,"43. Alberghi, trattorie",di cui familiari coadiuvanti,Libia,F,89
672,class,"43. Alberghi, trattorie",di cui familiari coadiuvanti,municipio di Tripoli,MF,58
672,class,"43. Alberghi, trattorie",di cui familiari coadiuvanti,municipio di Tripoli,M,23
672,class,"43. Alberghi, trattorie",di cui familiari coadiuvanti,municipio di Tripoli,F,35
672,class,"43. Alberghi, trattorie",di cui familiari coadiuvanti,municipio di Bengasi,MF,35
672,class,"43. Alberghi, trattorie",di cui familiari coadiuvanti,municipio di Bengasi,M,9
672,class,"43. Alberghi, trattorie",di cui familiari coadiuvanti,municipio di Bengasi,F,26
673,subclass,"43.322 Alberghi, pensioni, affittacamere",A) Padroni,Libia,MF,125
673,subclass,"43.322 Alberghi, pensioni, affittacamere",A) Padroni,Libia,M,45
673,subclass,"43.322 Alberghi, pensioni, affittacamere",A) Padroni,Libia,F,80
673,subclass,"43.322 Alberghi, pensioni, affittacamere",A) Padroni,municipio di Tripoli,MF,46
673,subclass,"43.322 Alberghi, pensioni, affittacamere",A) Padroni,municipio di Tripoli,M,17
673,subclass,"43.322 Alberghi, pensioni, affittacamere",A) Padroni,municipio di Tripoli,F,29
673,subclass,"43.322 Alberghi, pensioni, affittacamere",A) Padroni,municipio di Bengasi,MF,40
673,subclass,"43.322 Alberghi, pensioni, affittacamere",A) Padroni,municipio di Bengasi,M,6
673,subclass,"43.322 Alberghi, pensioni, affittacamere",A) Padroni,municipio di Bengasi,F,34
674,subclass,"43.322 Alberghi, pensioni, affittacamere",E) Dirigenti,Libia,MF,21
674,subclass,"43.322 Alberghi, pensioni, affittacamere",E) Dirigenti,Libia,M,18
674,subclass,"43.322 Alberghi, pensioni, affittacamere",E) Dirigenti,Libia,F,3
674,subclass,"43.322 Alberghi, pensioni, affittacamere",E) Dirigenti,municipio di Tripoli,MF,7
674,subclass,"43.322 Alberghi, pensioni, affittacamere",E) Dirigenti,municipio di Tripoli,M,6
674,subclass,"43.322 Alberghi, pensioni, affittacamere",E) Dirigenti,municipio di Tripoli,F,1
674,subclass,"43.322 Alberghi, pensioni, affittacamere",E) Dirigenti,municipio di Bengasi,MF,5
674,subclass,"43.322 Alberghi, pensioni, affittacamere",E) Dirigenti,municipio di Bengasi,M,3
674,subclass,"43.322 Alberghi, pensioni, affittacamere",E) Dirigenti,municipio di Bengasi,F,2
675,subclass,"43.322 Alberghi, pensioni, affittacamere",F) Impiegati,Libia,MF,18
675,subclass,"43.322 Alberghi, pensioni, affittacamere",F) Impiegati,Libia,M,12
675,subclass,"43.322 Alberghi, pensioni, affittacamere",F) Impiegati,Libia,F,6
675,subclass,"43.322 Alberghi, pensioni, affittacamere",F) Impiegati,municipio di Tripoli,MF,13
675,subclass,"43.322 Alberghi, pensioni, affittacamere",F) Impiegati,municipio di Tripoli,M,12
675,subclass,"43.322 Alberghi, pensioni, affittacamere",F) Impiegati,municipio di Tripoli,F,1
675,subclass,"43.322 Alberghi, pensioni, affittacamere",F) Impiegati,municipio di Bengasi,MF,5
675,subclass,"43.322 Alberghi, pensioni, affittacamere",F) Impiegati,municipio di Bengasi,M,0
675,subclass,"43.322 Alberghi, pensioni, affittacamere",F) Impiegati,municipio di Bengasi,F,5
676,subclass,"43.322 Alberghi, pensioni, affittacamere",G) Personale di servizio e di fatica,Libia,MF,14
676,subclass,"43.322 Alberghi, pensioni, affittacamere",G) Personale di servizio e di fatica,Libia,M,10
676,subclass,"43.322 Alberghi, pensioni, affittacamere",G) Personale di servizio e di fatica,Libia,F,4
676,subclass,"43.322 Alberghi, pensioni, affittacamere",G) Personale di servizio e di fatica,municipio di Tripoli,MF,13
676,subclass,"43.322 Alberghi, pensioni, affittacamere",G) Personale di servizio e di fatica,municipio di Tripoli,M,10
676,subclass,"43.322 Alberghi, pensioni, affittacamere",G) Personale di servizio e di fatica,municipio di Tripoli,F,3
676,subclass,"43.322 Alberghi, pensioni, affittacamere",G) Personale di servizio e di fatica,municipio di Bengasi,MF,1
676,subclass,"43.322 Alberghi, pensioni, affittacamere",G) Personale di servizio e di fatica,municipio di Bengasi,M,0
676,subclass,"43.322 Alberghi, pensioni, affittacamere",G) Personale di servizio e di fatica,municipio di Bengasi,F,1
677,subclass,"43.322 Alberghi, pensioni, affittacamere",H) Operai,Libia,MF,128
677,subclass,"43.322 Alberghi, pensioni, affittacamere",H) Operai,Libia,M,84
677,subclass,"43.322 Alberghi, pensioni, affittacamere",H) Operai,Libia,F,44
677,subclass,"43.322 Alberghi, pensioni, affittacamere",H) Operai,municipio di Tripoli,MF,77
677,subclass,"43.322 Alberghi, pensioni, affittacamere",H) Operai,municipio di Tripoli,M,52
677,subclass,"43.322 Alberghi, pensioni, affittacamere",H) Operai,municipio di Tripoli,F,25
677,subclass,"43.322 Alberghi, pensioni, affittacamere",H) Operai,municipio di Bengasi,MF,22
677,subclass,"43.322 Alberghi, pensioni, affittacamere",H) Operai,municipio di Bengasi,M,13
677,subclass,"43.322 Alberghi, pensioni, affittacamere",H) Operai,municipio di Bengasi,F,9
678,subclass,"43.322 Alberghi, pensioni, affittacamere",Totale,Libia,MF,306
678,subclass,"43.322 Alberghi, pensioni, affittacamere",Totale,Libia,M,169
678,subclass,"43.322 Alberghi, pensioni, affittacamere",Totale,Libia,F,137
678,subclass,"43.322 Alberghi, pensioni, affittacamere",Totale,municipio di Tripoli,MF,156
678,subclass,"43.322 Alberghi, pensioni, affittacamere",Totale,municipio di Tripoli,M,97
678,subclass,"43.322 Alberghi, pensioni, affittacamere",Totale,municipio di Tripoli,F,59
678,subclass,"43.322 Alberghi, pensioni, affittacamere",Totale,municipio di Bengasi,MF,73
678,subclass,"43.322 Alberghi, pensioni, affittacamere",Totale,municipio di Bengasi,M,22
678,subclass,"43.322 Alberghi, pensioni, affittacamere",Totale,municipio di Bengasi,F,51
679,subclass,"43.322 Alberghi, pensioni, affittacamere",di cui familiari coadiuvanti,Libia,MF,33
679,subclass,"43.322 Alberghi, pensioni, affittacamere",di cui familiari coadiuvanti,Libia,M,10
679,subclass,"43.322 Alberghi, pensioni, affittacamere",di cui familiari coadiuvanti,Libia,F,23
679,subclass,"43.322 Alberghi, pensioni, affittacamere",di cui familiari coadiuvanti,municipio di Tripoli,MF,10
679,subclass,"43.322 Alberghi, pensioni, affittacamere",di cui familiari coadiuvanti,municipio di Tripoli,M,1
679,subclass,"43.322 Alberghi, pensioni, affittacamere",di cui familiari coadiuvanti,municipio di Tripoli,F,9
679,subclass,"43.322 Alberghi, pensioni, affittacamere",di cui familiari coadiuvanti,municipio di Bengasi,MF,6
679,subclass,"43.322 Alberghi, pensioni, affittacamere",di cui familiari coadiuvanti,municipio di Bengasi,M,1
679,subclass,"43.322 Alberghi, pensioni, affittacamere",di cui familiari coadiuvanti,municipio di Bengasi,F,5
680,subclass,"43.323 Ristoranti, trattorie",A) Padroni,Libia,MF,193
680,subclass,"43.323 Ristoranti, trattorie",A) Padroni,Libia,M,132
680,subclass,"43.323 Ristoranti, trattorie",A) Padroni,Libia,F,61
680,subclass,"43.323 Ristoranti, trattorie",A) Padroni,municipio di Tripoli,MF,75
680,subclass,"43.323 Ristoranti, trattorie",A) Padroni,municipio di Tripoli,M,59
680,subclass,"43.323 Ristoranti, trattorie",A) Padroni,municipio di Tripoli,F,16
680,subclass,"43.323 Ristoranti, trattorie",A) Padroni,municipio di Bengasi,MF,53
680,subclass,"43.323 Ristoranti, trattorie",A) Padroni,municipio di Bengasi,M,32
680,subclass,"43.323 Ristoranti, trattorie",A) Padroni,municipio di Bengasi,F,21
681,subclass,"43.323 Ristoranti, trattorie",F) Impiegati,Libia,MF,2
681,subclass,"43.323 Ristoranti, trattorie",F) Impiegati,Libia,M,2
681,subclass,"43.323 Ristoranti, trattorie",F) Impiegati,Libia,F,0
681,subclass,"43.323 Ristoranti, trattorie",F) Impiegati,municipio di Tripoli,MF,2
681,subclass,"43.323 Ristoranti, trattorie",F) Impiegati,municipio di Tripoli,M,2
681,subclass,"43.323 Ristoranti, trattorie",F) Impiegati,municipio di Tripoli,F,0
681,subclass,"43.323 Ristoranti, trattorie",F) Impiegati,municipio di Bengasi,MF,0
681,subclass,"43.323 Ristoranti, trattorie",F) Impiegati,municipio di Bengasi,M,0
681,subclass,"43.323 Ristoranti, trattorie",F) Impiegati,municipio di Bengasi,F,0
682,subclass,"43.323 Ristoranti, trattorie",G) Personale di servizio e di fatica,Libia,MF,2
682,subclass,"43.323 Ristoranti, trattorie",G) Personale di servizio e di fatica,Libia,M,0
682,subclass,"43.323 Ristoranti, trattorie",G) Personale di servizio e di fatica,Libia,F,2
682,subclass,"43.323 Ristoranti, trattorie",G) Personale di servizio e di fatica,municipio di Tripoli,MF,2
682,subclass,"43.323 Ristoranti, trattorie",G) Personale di servizio e di fatica,municipio di Tripoli,M,0
682,subclass,"43.323 Ristoranti, trattorie",G) Personale di servizio e di fatica,municipio di Tripoli,F,2
682,subclass,"43.323 Ristoranti, trattorie",G) Personale di servizio e di fatica,municipio di Bengasi,MF,0
682,subclass,"43.323 Ristoranti, trattorie",G) Personale di servizio e di fatica,municipio di Bengasi,M,0
682,subclass,"43.323 Ristoranti, trattorie",G) Personale di servizio e di fatica,municipio di Bengasi,F,0
683,subclass,"43.323 Ristoranti, trattorie",H) Operai,Libia,MF,54
683,subclass,"43.323 Ristoranti, trattorie",H) Operai,Libia,M,44
683,subclass,"43.323 Ristoranti, trattorie",H) Operai,Libia,F,10
683,subclass,"43.323 Ristoranti, trattorie",H) Operai,municipio di Tripoli,MF,33
683,subclass,"43.323 Ristoranti, trattorie",H) Operai,municipio di Tripoli,M,27
683,subclass,"43.323 Ristoranti, trattorie",H) Operai,municipio di Tripoli,F,6
683,subclass,"43.323 Ristoranti, trattorie",H) Operai,municipio di Bengasi,MF,10
683,subclass,"43.323 Ristoranti, trattorie",H) Operai,municipio di Bengasi,M,8
683,subclass,"43.323 Ristoranti, trattorie",H) Operai,municipio di Bengasi,F,2
684,subclass,"43.323 Ristoranti, trattorie",Totale,Libia,MF,251
684,subclass,"43.323 Ristoranti, trattorie",Totale,Libia,M,178
684,subclass,"43.323 Ristoranti, trattorie",Totale,Libia,F,73
684,subclass,"43.323 Ristoranti, trattorie",Totale,municipio di Tripoli,MF,112
684,subclass,"43.323 Ristoranti, trattorie",Totale,municipio di Tripoli,M,88
684,subclass,"43.323 Ristoranti, trattorie",Totale,municipio di Tripoli,F,24
684,subclass,"43.323 Ristoranti, trattorie",Totale,municipio di Bengasi,MF,63
684,subclass,"43.323 Ristoranti, trattorie",Totale,municipio di Bengasi,M,40
684,subclass,"43.323 Ristoranti, trattorie",Totale,municipio di Bengasi,F,23
685,subclass,"43.323 Ristoranti, trattorie",di cui familiari coadiuvanti,Libia,MF,49
685,subclass,"43.323 Ristoranti, trattorie",di cui familiari coadiuvanti,Libia,M,19
685,subclass,"43.323 Ristoranti, trattorie",di cui familiari coadiuvanti,Libia,F,30
685,subclass,"43.323 Ristoranti, trattorie",di cui familiari coadiuvanti,municipio di Tripoli,MF,14
685,subclass,"43.323 Ristoranti, trattorie",di cui familiari coadiuvanti,municipio di Tripoli,M,7
685,subclass,"43.323 Ristoranti, trattorie",di cui familiari coadiuvanti,municipio di Tripoli,F,7
685,subclass,"43.323 Ristoranti, trattorie",di cui familiari coadiuvanti,municipio di Bengasi,MF,15
685,subclass,"43.323 Ristoranti, trattorie",di cui familiari coadiuvanti,municipio di Bengasi,M,3
685,subclass,"43.323 Ristoranti, trattorie",di cui familiari coadiuvanti,municipio di Bengasi,F,12
686,subclass,"43.324 Caffe, gelaterie, bar, birrerie",A) Padroni,Libia,MF,232
686,subclass,"43.324 Caffe, gelaterie, bar, birrerie",A) Padroni,Libia,M,166
686,subclass,"43.324 Caffe, gelaterie, bar, birrerie",A) Padroni,Libia,F,66
686,subclass,"43.324 Caffe, gelaterie, bar, birrerie",A) Padroni,municipio di Tripoli,MF,111
686,subclass,"43.324 Caffe, gelaterie, bar, birrerie",A) Padroni,municipio di Tripoli,M,75
686,subclass,"43.324 Caffe, gelaterie, bar, birrerie",A) Padroni,municipio di Tripoli,F,36
686,subclass,"43.324 Caffe, gelaterie, bar, birrerie",A) Padroni,municipio di Bengasi,MF,63
686,subclass,"43.324 Caffe, gelaterie, bar, birrerie",A) Padroni,municipio di Bengasi,M,47
686,subclass,"43.324 Caffe, gelaterie, bar, birrerie",A) Padroni,municipio di Bengasi,F,16
687,subclass,"43.324 Caffe, gelaterie, bar, birrerie",E) Dirigenti,Libia,MF,1
687,subclass,"43.324 Caffe, gelaterie, bar, birrerie",E) Dirigenti,Libia,M,1
687,subclass,"43.324 Caffe, gelaterie, bar, birrerie",E) Dirigenti,Libia,F,0
687,subclass,"43.324 Caffe, gelaterie, bar, birrerie",E) Dirigenti,municipio di Tripoli,MF,0
687,subclass,"43.324 Caffe, gelaterie, bar, birrerie",E) Dirigenti,municipio di Tripoli,M,0
687,subclass,"43.324 Caffe, gelaterie, bar, birrerie",E) Dirigenti,municipio di Tripoli,F,0
687,subclass,"43.324 Caffe, gelaterie, bar, birrerie",E) Dirigenti,municipio di Bengasi,MF,1
687,subclass,"43.324 Caffe, gelaterie, bar, birrerie",E) Dirigenti,municipio di Bengasi,M,1
687,subclass,"43.324 Caffe, gelaterie, bar, birrerie",E) Dirigenti,municipio di Bengasi,F,0
688,subclass,"43.324 Caffe, gelaterie, bar, birrerie",F) Impiegati,Libia,MF,8
688,subclass,"43.324 Caffe, gelaterie, bar, birrerie",F) Impiegati,Libia,M,2
688,subclass,"43.324 Caffe, gelaterie, bar, birrerie",F) Impiegati,Libia,F,6
688,subclass,"43.324 Caffe, gelaterie, bar, birrerie",F) Impiegati,municipio di Tripoli,MF,5
688,subclass,"43.324 Caffe, gelaterie, bar, birrerie",F) Impiegati,municipio di Tripoli,M,1
688,subclass,"43.324 Caffe, gelaterie, bar, birrerie",F) Impiegati,municipio di Tripoli,F,4
688,subclass,"43.324 Caffe, gelaterie, bar, birrerie",F) Impiegati,municipio di Bengasi,MF,2
688,subclass,"43.324 Caffe, gelaterie, bar, birrerie",F) Impiegati,municipio di Bengasi,M,0
688,subclass,"43.324 Caffe, gelaterie, bar, birrerie",F) Impiegati,municipio di Bengasi,F,2
689,subclass,"43.324 Caffe, gelaterie, bar, birrerie",G) Personale di servizio e di fatica,Libia,MF,1
689,subclass,"43.324 Caffe, gelaterie, bar, birrerie",G) Personale di servizio e di fatica,Libia,M,1
689,subclass,"43.324 Caffe, gelaterie, bar, birrerie",G) Personale di servizio e di fatica,Libia,F,0
689,subclass,"43.324 Caffe, gelaterie, bar, birrerie",G) Personale di servizio e di fatica,municipio di Tripoli,MF,1
689,subclass,"43.324 Caffe, gelaterie, bar, birrerie",G) Personale di servizio e di fatica,municipio di Tripoli,M,1
689,subclass,"43.324 Caffe, gelaterie, bar, birrerie",G) Personale di servizio e di fatica,municipio di Tripoli,F,0
689,subclass,"43.324 Caffe, gelaterie, bar, birrerie",G) Personale di servizio e di fatica,municipio di Bengasi,MF,0
689,subclass,"43.324 Caffe, gelaterie, bar, birrerie",G) Personale di servizio e di fatica,municipio di Bengasi,M,0
689,subclass,"43.324 Caffe, gelaterie, bar, birrerie",G) Personale di servizio e di fatica,municipio di Bengasi,F,0
690,subclass,"43.324 Caffe, gelaterie, bar, birrerie",H) Operai,Libia,MF,99
690,subclass,"43.324 Caffe, gelaterie, bar, birrerie",H) Operai,Libia,M,87
690,subclass,"43.324 Caffe, gelaterie, bar, birrerie",H) Operai,Libia,F,12
690,subclass,"43.324 Caffe, gelaterie, bar, birrerie",H) Operai,municipio di Tripoli,MF,81
690,subclass,"43.324 Caffe, gelaterie, bar, birrerie",H) Operai,municipio di Tripoli,M,70
690,subclass,"43.324 Caffe, gelaterie, bar, birrerie",H) Operai,municipio di Tripoli,F,11
690,subclass,"43.324 Caffe, gelaterie, bar, birrerie",H) Operai,municipio di Bengasi,MF,12
690,subclass,"43.324 Caffe, gelaterie, bar, birrerie",H) Operai,municipio di Bengasi,M,12
690,subclass,"43.324 Caffe, gelaterie, bar, birrerie",H) Operai,municipio di Bengasi,F,0
691,subclass,"43.324 Caffe, gelaterie, bar, birrerie",Totale,Libia,MF,341
691,subclass,"43.324 Caffe, gelaterie, bar, birrerie",Totale,Libia,M,257
691,subclass,"43.324 Caffe, gelaterie, bar, birrerie",Totale,Libia,F,84
691,subclass,"43.324 Caffe, gelaterie, bar, birrerie",Totale,municipio di Tripoli,MF,198
691,subclass,"43.324 Caffe, gelaterie, bar, birrerie",Totale,municipio di Tripoli,M,147
691,subclass,"43.324 Caffe, gelaterie, bar, birrerie",Totale,municipio di Tripoli,F,51
691,subclass,"43.324 Caffe, gelaterie, bar, birrerie",Totale,municipio di Bengasi,MF,78
691,subclass,"43.324 Caffe, gelaterie, bar, birrerie",Totale,municipio di Bengasi,M,60
691,subclass,"43.324 Caffe, gelaterie, bar, birrerie",Totale,municipio di Bengasi,F,18
692,subclass,"43.324 Caffe, gelaterie, bar, birrerie",di cui familiari coadiuvanti,Libia,MF,61
692,subclass,"43.324 Caffe, gelaterie, bar, birrerie",di cui familiari coadiuvanti,Libia,M,26
692,subclass,"43.324 Caffe, gelaterie, bar, birrerie",di cui familiari coadiuvanti,Libia,F,35
692,subclass,"43.324 Caffe, gelaterie, bar, birrerie",di cui familiari coadiuvanti,municipio di Tripoli,MF,34
692,subclass,"43.324 Caffe, gelaterie, bar, birrerie",di cui familiari coadiuvanti,municipio di Tripoli,M,15
692,subclass,"43.324 Caffe, gelaterie, bar, birrerie",di cui familiari coadiuvanti,municipio di Tripoli,F,19
692,subclass,"43.324 Caffe, gelaterie, bar, birrerie",di cui familiari coadiuvanti,municipio di Bengasi,MF,13
692,subclass,"43.324 Caffe, gelaterie, bar, birrerie",di cui familiari coadiuvanti,municipio di Bengasi,M,5
692,subclass,"43.324 Caffe, gelaterie, bar, birrerie",di cui familiari coadiuvanti,municipio di Bengasi,F,8
693,class,44. Attivita ausiliarie del commercio e dei traffici,A) Padroni,Libia,MF,21
693,class,44. Attivita ausiliarie del commercio e dei traffici,A) Padroni,Libia,M,21
693,class,44. Attivita ausiliarie del commercio e dei traffici,A) Padroni,Libia,F,0
693,class,44. Attivita ausiliarie del commercio e dei traffici,A) Padroni,municipio di Tripoli,MF,8
693,class,44. Attivita ausiliarie del commercio e dei traffici,A) Padroni,municipio di Tripoli,M,8
693,class,44. Attivita ausiliarie del commercio e dei traffici,A) Padroni,municipio di Tripoli,F,0
693,class,44. Attivita ausiliarie del commercio e dei traffici,A) Padroni,municipio di Bengasi,MF,10
693,class,44. Attivita ausiliarie del commercio e dei traffici,A) Padroni,municipio di Bengasi,M,10
693,class,44. Attivita ausiliarie del commercio e dei traffici,A) Padroni,municipio di Bengasi,F,0
694,class,44. Attivita ausiliarie del commercio e dei traffici,E) Dirigenti,Libia,MF,2
694,class,44. Attivita ausiliarie del commercio e dei traffici,E) Dirigenti,Libia,M,2
694,class,44. Attivita ausiliarie del commercio e dei traffici,E) Dirigenti,Libia,F,0
694,class,44. Attivita ausiliarie del commercio e dei traffici,E) Dirigenti,municipio di Tripoli,MF,1
694,class,44. Attivita ausiliarie del commercio e dei traffici,E) Dirigenti,municipio di Tripoli,M,1
694,class,44. Attivita ausiliarie del commercio e dei traffici,E) Dirigenti,municipio di Tripoli,F,0
694,class,44. Attivita ausiliarie del commercio e dei traffici,E) Dirigenti,municipio di Bengasi,MF,1
694,class,44. Attivita ausiliarie del commercio e dei traffici,E) Dirigenti,municipio di Bengasi,M,1
694,class,44. Attivita ausiliarie del commercio e dei traffici,E) Dirigenti,municipio di Bengasi,F,0
695,class,44. Attivita ausiliarie del commercio e dei traffici,F) Impiegati,Libia,MF,75
695,class,44. Attivita ausiliarie del commercio e dei traffici,F) Impiegati,Libia,M,64
695,class,44. Attivita ausiliarie del commercio e dei traffici,F) Impiegati,Libia,F,11
695,class,44. Attivita ausiliarie del commercio e dei traffici,F) Impiegati,municipio di Tripoli,MF,66
695,class,44. Attivita ausiliarie del commercio e dei traffici,F) Impiegati,municipio di Tripoli,M,58
695,class,44. Attivita ausiliarie del commercio e dei traffici,F) Impiegati,municipio di Tripoli,F,8
695,class,44. Attivita ausiliarie del commercio e dei traffici,F) Impiegati,municipio di Bengasi,MF,6
695,class,44. Attivita ausiliarie del commercio e dei traffici,F) Impiegati,municipio di Bengasi,M,5
695,class,44. Attivita ausiliarie del commercio e dei traffici,F) Impiegati,municipio di Bengasi,F,1
696,class,44. Attivita ausiliarie del commercio e dei traffici,G) Personale di servizio e di fatica,Libia,MF,19
696,class,44. Attivita ausiliarie del commercio e dei traffici,G) Personale di servizio e di fatica,Libia,M,18
696,class,44. Attivita ausiliarie del commercio e dei traffici,G) Personale di servizio e di fatica,Libia,F,1
696,class,44. Attivita ausiliarie del commercio e dei traffici,G) Personale di servizio e di fatica,municipio di Tripoli,MF,18
696,class,44. Attivita ausiliarie del commercio e dei traffici,G) Personale di servizio e di fatica,municipio di Tripoli,M,17
696,class,44. Attivita ausiliarie del commercio e dei traffici,G) Personale di servizio e di fatica,municipio di Tripoli,F,1
696,class,44. Attivita ausiliarie del commercio e dei traffici,G) Personale di servizio e di fatica,municipio di Bengasi,MF,1
696,class,44. Attivita ausiliarie del commercio e dei traffici,G) Personale di servizio e di fatica,municipio di Bengasi,M,1
696,class,44. Attivita ausiliarie del commercio e dei traffici,G) Personale di servizio e di fatica,municipio di Bengasi,F,0
697,class,44. Attivita ausiliarie del commercio e dei traffici,H) Operai,Libia,MF,19
697,class,44. Attivita ausiliarie del commercio e dei traffici,H) Operai,Libia,M,19
697,class,44. Attivita ausiliarie del commercio e dei traffici,H) Operai,Libia,F,0
697,class,44. Attivita ausiliarie del commercio e dei traffici,H) Operai,municipio di Tripoli,MF,19
697,class,44. Attivita ausiliarie del commercio e dei traffici,H) Operai,municipio di Tripoli,M,19
697,class,44. Attivita ausiliarie del commercio e dei traffici,H) Operai,municipio di Tripoli,F,0
697,class,44. Attivita ausiliarie del commercio e dei traffici,H) Operai,municipio di Bengasi,MF,0
697,class,44. Attivita ausiliarie del commercio e dei traffici,H) Operai,municipio di Bengasi,M,0
697,class,44. Attivita ausiliarie del commercio e dei traffici,H) Operai,municipio di Bengasi,F,0
698,class,44. Attivita ausiliarie del commercio e dei traffici,Totale,Libia,MF,136
698,class,44. Attivita ausiliarie del commercio e dei traffici,Totale,Libia,M,124
698,class,44. Attivita ausiliarie del commercio e dei traffici,Totale,Libia,F,12
698,class,44. Attivita ausiliarie del commercio e dei traffici,Totale,municipio di Tripoli,MF,112
698,class,44. Attivita ausiliarie del commercio e dei traffici,Totale,municipio di Tripoli,M,103
698,class,44. Attivita ausiliarie del commercio e dei traffici,Totale,municipio di Tripoli,F,9
698,class,44. Attivita ausiliarie del commercio e dei traffici,Totale,municipio di Bengasi,MF,18
698,class,44. Attivita ausiliarie del commercio e dei traffici,Totale,municipio di Bengasi,M,17
698,class,44. Attivita ausiliarie del commercio e dei traffici,Totale,municipio di Bengasi,F,1
699,class,44. Attivita ausiliarie del commercio e dei traffici,di cui familiari coadiuvanti,Libia,MF,1
699,class,44. Attivita ausiliarie del commercio e dei traffici,di cui familiari coadiuvanti,Libia,M,1
699,class,44. Attivita ausiliarie del commercio e dei traffici,di cui familiari coadiuvanti,Libia,F,0
699,class,44. Attivita ausiliarie del commercio e dei traffici,di cui familiari coadiuvanti,municipio di Tripoli,MF,0
699,class,44. Attivita ausiliarie del commercio e dei traffici,di cui familiari coadiuvanti,municipio di Tripoli,M,0
699,class,44. Attivita ausiliarie del commercio e dei traffici,di cui familiari coadiuvanti,municipio di Tripoli,F,0
699,class,44. Attivita ausiliarie del commercio e dei traffici,di cui familiari coadiuvanti,municipio di Bengasi,MF,1
699,class,44. Attivita ausiliarie del commercio e dei traffici,di cui familiari coadiuvanti,municipio di Bengasi,M,1
699,class,44. Attivita ausiliarie del commercio e dei traffici,di cui familiari coadiuvanti,municipio di Bengasi,F,0
700,subclass,"44.326 Agenzie di commercio, di commissioni",A) Padroni,Libia,MF,10
700,subclass,"44.326 Agenzie di commercio, di commissioni",A) Padroni,Libia,M,10
700,subclass,"44.326 Agenzie di commercio, di commissioni",A) Padroni,Libia,F,0
700,subclass,"44.326 Agenzie di commercio, di commissioni",A) Padroni,municipio di Tripoli,MF,1
700,subclass,"44.326 Agenzie di commercio, di commissioni",A) Padroni,municipio di Tripoli,M,1
700,subclass,"44.326 Agenzie di commercio, di commissioni",A) Padroni,municipio di Tripoli,F,0
700,subclass,"44.326 Agenzie di commercio, di commissioni",A) Padroni,municipio di Bengasi,MF,7
700,subclass,"44.326 Agenzie di commercio, di commissioni",A) Padroni,municipio di Bengasi,M,7
700,subclass,"44.326 Agenzie di commercio, di commissioni",A) Padroni,municipio di Bengasi,F,0
701,subclass,"44.326 Agenzie di commercio, di commissioni",E) Dirigenti,Libia,MF,2
701,subclass,"44.326 Agenzie di commercio, di commissioni",E) Dirigenti,Libia,M,2
701,subclass,"44.326 Agenzie di commercio, di commissioni",E) Dirigenti,Libia,F,0
701,subclass,"44.326 Agenzie di commercio, di commissioni",E) Dirigenti,municipio di Tripoli,MF,1
701,subclass,"44.326 Agenzie di commercio, di commissioni",E) Dirigenti,municipio di Tripoli,M,1
701,subclass,"44.326 Agenzie di commercio, di commissioni",E) Dirigenti,municipio di Tripoli,F,0
701,subclass,"44.326 Agenzie di commercio, di commissioni",E) Dirigenti,municipio di Bengasi,MF,1
701,subclass,"44.326 Agenzie di commercio, di commissioni",E) Dirigenti,municipio di Bengasi,M,1
701,subclass,"44.326 Agenzie di commercio, di commissioni",E) Dirigenti,municipio di Bengasi,F,0
702,subclass,"44.326 Agenzie di commercio, di commissioni",F) Impiegati,Libia,MF,21
702,subclass,"44.326 Agenzie di commercio, di commissioni",F) Impiegati,Libia,M,13
702,subclass,"44.326 Agenzie di commercio, di commissioni",F) Impiegati,Libia,F,8
702,subclass,"44.326 Agenzie di commercio, di commissioni",F) Impiegati,municipio di Tripoli,MF,15
702,subclass,"44.326 Agenzie di commercio, di commissioni",F) Impiegati,municipio di Tripoli,M,9
702,subclass,"44.326 Agenzie di commercio, di commissioni",F) Impiegati,municipio di Tripoli,F,6
702,subclass,"44.326 Agenzie di commercio, di commissioni",F) Impiegati,municipio di Bengasi,MF,5
702,subclass,"44.326 Agenzie di commercio, di commissioni",F) Impiegati,municipio di Bengasi,M,4
702,subclass,"44.326 Agenzie di commercio, di commissioni",F) Impiegati,municipio di Bengasi,F,1
703,subclass,"44.326 Agenzie di commercio, di commissioni",Totale,Libia,MF,33
703,subclass,"44.326 Agenzie di commercio, di commissioni",Totale,Libia,M,25
703,subclass,"44.326 Agenzie di commercio, di commissioni",Totale,Libia,F,8
703,subclass,"44.326 Agenzie di commercio, di commissioni",Totale,municipio di Tripoli,MF,17
703,subclass,"44.326 Agenzie di commercio, di commissioni",Totale,municipio di Tripoli,M,11
703,subclass,"44.326 Agenzie di commercio, di commissioni",Totale,municipio di Tripoli,F,6
703,subclass,"44.326 Agenzie di commercio, di commissioni",Totale,municipio di Bengasi,MF,13
703,subclass,"44.326 Agenzie di commercio, di commissioni",Totale,municipio di Bengasi,M,12
703,subclass,"44.326 Agenzie di commercio, di commissioni",Totale,municipio di Bengasi,F,1
704,subclass,"44.331 Magazzini generali, di custodia e deposito",A) Padroni,Libia,MF,1
704,subclass,"44.331 Magazzini generali, di custodia e deposito",A) Padroni,Libia,M,1
704,subclass,"44.331 Magazzini generali, di custodia e deposito",A) Padroni,Libia,F,0
704,subclass,"44.331 Magazzini generali, di custodia e deposito",A) Padroni,municipio di Tripoli,MF,1
704,subclass,"44.331 Magazzini generali, di custodia e deposito",A) Padroni,municipio di Tripoli,M,1
704,subclass,"44.331 Magazzini generali, di custodia e deposito",A) Padroni,municipio di Tripoli,F,0
704,subclass,"44.331 Magazzini generali, di custodia e deposito",A) Padroni,municipio di Bengasi,MF,0
704,subclass,"44.331 Magazzini generali, di custodia e deposito",A) Padroni,municipio di Bengasi,M,0
704,subclass,"44.331 Magazzini generali, di custodia e deposito",A) Padroni,municipio di Bengasi,F,0
705,subclass,"44.331 Magazzini generali, di custodia e deposito",F) Impiegati,Libia,MF,44
705,subclass,"44.331 Magazzini generali, di custodia e deposito",F) Impiegati,Libia,M,43
705,subclass,"44.331 Magazzini generali, di custodia e deposito",F) Impiegati,Libia,F,1
705,subclass,"44.331 Magazzini generali, di custodia e deposito",F) Impiegati,municipio di Tripoli,MF,44
705,subclass,"44.331 Magazzini generali, di custodia e deposito",F) Impiegati,municipio di Tripoli,M,43
705,subclass,"44.331 Magazzini generali, di custodia e deposito",F) Impiegati,municipio di Tripoli,F,1
705,subclass,"44.331 Magazzini generali, di custodia e deposito",F) Impiegati,municipio di Bengasi,MF,0
705,subclass,"44.331 Magazzini generali, di custodia e deposito",F) Impiegati,municipio di Bengasi,M,0
705,subclass,"44.331 Magazzini generali, di custodia e deposito",F) Impiegati,municipio di Bengasi,F,0
706,subclass,"44.331 Magazzini generali, di custodia e deposito",G) Personale di servizio e di fatica,Libia,MF,19
706,subclass,"44.331 Magazzini generali, di custodia e deposito",G) Personale di servizio e di fatica,Libia,M,18
706,subclass,"44.331 Magazzini generali, di custodia e deposito",G) Personale di servizio e di fatica,Libia,F,1
706,subclass,"44.331 Magazzini generali, di custodia e deposito",G) Personale di servizio e di fatica,municipio di Tripoli,MF,18
706,subclass,"44.331 Magazzini generali, di custodia e deposito",G) Personale di servizio e di fatica,municipio di Tripoli,M,17
706,subclass,"44.331 Magazzini generali, di custodia e deposito",G) Personale di servizio e di fatica,municipio di Tripoli,F,1
706,subclass,"44.331 Magazzini generali, di custodia e deposito",G) Personale di servizio e di fatica,municipio di Bengasi,MF,1
706,subclass,"44.331 Magazzini generali, di custodia e deposito",G) Personale di servizio e di fatica,municipio di Bengasi,M,1
706,subclass,"44.331 Magazzini generali, di custodia e deposito",G) Personale di servizio e di fatica,municipio di Bengasi,F,0
707,subclass,"44.331 Magazzini generali, di custodia e deposito",H) Operai,Libia,MF,19
707,subclass,"44.331 Magazzini generali, di custodia e deposito",H) Operai,Libia,M,19
707,subclass,"44.331 Magazzini generali, di custodia e deposito",H) Operai,Libia,F,0
707,subclass,"44.331 Magazzini generali, di custodia e deposito",H) Operai,municipio di Tripoli,MF,19
707,subclass,"44.331 Magazzini generali, di custodia e deposito",H) Operai,municipio di Tripoli,M,19
707,subclass,"44.331 Magazzini generali, di custodia e deposito",H) Operai,municipio di Tripoli,F,0
707,subclass,"44.331 Magazzini generali, di custodia e deposito",H) Operai,municipio di Bengasi,MF,0
707,subclass,"44.331 Magazzini generali, di custodia e deposito",H) Operai,municipio di Bengasi,M,0
707,subclass,"44.331 Magazzini generali, di custodia e deposito",H) Operai,municipio di Bengasi,F,0
708,subclass,"44.331 Magazzini generali, di custodia e deposito",Totale,Libia,MF,83
708,subclass,"44.331 Magazzini generali, di custodia e deposito",Totale,Libia,M,81
708,subclass,"44.331 Magazzini generali, di custodia e deposito",Totale,Libia,F,2
708,subclass,"44.331 Magazzini generali, di custodia e deposito",Totale,municipio di Tripoli,MF,82
708,subclass,"44.331 Magazzini generali, di custodia e deposito",Totale,municipio di Tripoli,M,80
708,subclass,"44.331 Magazzini generali, di custodia e deposito",Totale,municipio di Tripoli,F,2
708,subclass,"44.331 Magazzini generali, di custodia e deposito",Totale,municipio di Bengasi,MF,1
708,subclass,"44.331 Magazzini generali, di custodia e deposito",Totale,municipio di Bengasi,M,1
708,subclass,"44.331 Magazzini generali, di custodia e deposito",Totale,municipio di Bengasi,F,0
709,category,VI. Credito ed assicurazione,E) Dirigenti,Libia,MF,16
709,category,VI. Credito ed assicurazione,E) Dirigenti,Libia,M,16
709,category,VI. Credito ed assicurazione,E) Dirigenti,Libia,F,0
709,category,VI. Credito ed assicurazione,E) Dirigenti,municipio di Tripoli,MF,11
709,category,VI. Credito ed assicurazione,E) Dirigenti,municipio di Tripoli,M,11
709,category,VI. Credito ed assicurazione,E) Dirigenti,municipio di Tripoli,F,0
709,category,VI. Credito ed assicurazione,E) Dirigenti,municipio di Bengasi,MF,4
709,category,VI. Credito ed assicurazione,E) Dirigenti,municipio di Bengasi,M,4
709,category,VI. Credito ed assicurazione,E) Dirigenti,municipio di Bengasi,F,0
710,category,VI. Credito ed assicurazione,F) Impiegati,Libia,MF,241
710,category,VI. Credito ed assicurazione,F) Impiegati,Libia,M,229
710,category,VI. Credito ed assicurazione,F) Impiegati,Libia,F,12
710,category,VI. Credito ed assicurazione,F) Impiegati,municipio di Tripoli,MF,149
710,category,VI. Credito ed assicurazione,F) Impiegati,municipio di Tripoli,M,138
710,category,VI. Credito ed assicurazione,F) Impiegati,municipio di Tripoli,F,11
710,category,VI. Credito ed assicurazione,F) Impiegati,municipio di Bengasi,MF,66
710,category,VI. Credito ed assicurazione,F) Impiegati,municipio di Bengasi,M,65
710,category,VI. Credito ed assicurazione,F) Impiegati,municipio di Bengasi,F,1
711,category,VI. Credito ed assicurazione,G) Personale di servizio e di fatica,Libia,MF,20
711,category,VI. Credito ed assicurazione,G) Personale di servizio e di fatica,Libia,M,20
711,category,VI. Credito ed assicurazione,G) Personale di servizio e di fatica,Libia,F,0
711,category,VI. Credito ed assicurazione,G) Personale di servizio e di fatica,municipio di Tripoli,MF,16
711,category,VI. Credito ed assicurazione,G) Personale di servizio e di fatica,municipio di Tripoli,M,16
711,category,VI. Credito ed assicurazione,G) Personale di servizio e di fatica,municipio di Tripoli,F,0
711,category,VI. Credito ed assicurazione,G) Personale di servizio e di fatica,municipio di Bengasi,MF,4
711,category,VI. Credito ed assicurazione,G) Personale di servizio e di fatica,municipio di Bengasi,M,4
711,category,VI. Credito ed assicurazione,G) Personale di servizio e di fatica,municipio di Bengasi,F,0
712,category,VI. Credito ed assicurazione,H) Operai,Libia,MF,5
712,category,VI. Credito ed assicurazione,H) Operai,Libia,M,5
712,category,VI. Credito ed assicurazione,H) Operai,Libia,F,0
712,category,VI. Credito ed assicurazione,H) Operai,municipio di Tripoli,MF,4
712,category,VI. Credito ed assicurazione,H) Operai,municipio di Tripoli,M,4
712,category,VI. Credito ed assicurazione,H) Operai,municipio di Tripoli,F,0
712,category,VI. Credito ed assicurazione,H) Operai,municipio di Bengasi,MF,1
712,category,VI. Credito ed assicurazione,H) Operai,municipio di Bengasi,M,1
712,category,VI. Credito ed assicurazione,H) Operai,municipio di Bengasi,F,0
713,category,VI. Credito ed assicurazione,Totale,Libia,MF,282
713,category,VI. Credito ed assicurazione,Totale,Libia,M,270
713,category,VI. Credito ed assicurazione,Totale,Libia,F,12
713,category,VI. Credito ed assicurazione,Totale,municipio di Tripoli,MF,180
713,category,VI. Credito ed assicurazione,Totale,municipio di Tripoli,M,169
713,category,VI. Credito ed assicurazione,Totale,municipio di Tripoli,F,11
713,category,VI. Credito ed assicurazione,Totale,municipio di Bengasi,MF,75
713,category,VI. Credito ed assicurazione,Totale,municipio di Bengasi,M,74
713,category,VI. Credito ed assicurazione,Totale,municipio di Bengasi,F,1
714,class,"45. Banche, casse di risparmio, istituti finanziari",E) Dirigenti,Libia,MF,13
714,class,"45. Banche, casse di risparmio, istituti finanziari",E) Dirigenti,Libia,M,13
714,class,"45. Banche, casse di risparmio, istituti finanziari",E) Dirigenti,Libia,F,0
714,class,"45. Banche, casse di risparmio, istituti finanziari",E) Dirigenti,municipio di Tripoli,MF,9
714,class,"45. Banche, casse di risparmio, istituti finanziari",E) Dirigenti,municipio di Tripoli,M,9
714,class,"45. Banche, casse di risparmio, istituti finanziari",E) Dirigenti,municipio di Tripoli,F,0
714,class,"45. Banche, casse di risparmio, istituti finanziari",E) Dirigenti,municipio di Bengasi,MF,3
714,class,"45. Banche, casse di risparmio, istituti finanziari",E) Dirigenti,municipio di Bengasi,M,3
714,class,"45. Banche, casse di risparmio, istituti finanziari",E) Dirigenti,municipio di Bengasi,F,0
715,class,"45. Banche, casse di risparmio, istituti finanziari",F) Impiegati,Libia,MF,205
715,class,"45. Banche, casse di risparmio, istituti finanziari",F) Impiegati,Libia,M,198
715,class,"45. Banche, casse di risparmio, istituti finanziari",F) Impiegati,Libia,F,7
715,class,"45. Banche, casse di risparmio, istituti finanziari",F) Impiegati,municipio di Tripoli,MF,121
715,class,"45. Banche, casse di risparmio, istituti finanziari",F) Impiegati,municipio di Tripoli,M,115
715,class,"45. Banche, casse di risparmio, istituti finanziari",F) Impiegati,municipio di Tripoli,F,6
715,class,"45. Banche, casse di risparmio, istituti finanziari",F) Impiegati,municipio di Bengasi,MF,58
715,class,"45. Banche, casse di risparmio, istituti finanziari",F) Impiegati,municipio di Bengasi,M,57
715,class,"45. Banche, casse di risparmio, istituti finanziari",F) Impiegati,municipio di Bengasi,F,1
716,class,"45. Banche, casse di risparmio, istituti finanziari",G) Personale di servizio e di fatica,Libia,MF,19
716,class,"45. Banche, casse di risparmio, istituti finanziari",G) Personale di servizio e di fatica,Libia,M,19
716,class,"45. Banche, casse di risparmio, istituti finanziari",G) Personale di servizio e di fatica,Libia,F,0
716,class,"45. Banche, casse di risparmio, istituti finanziari",G) Personale di servizio e di fatica,municipio di Tripoli,MF,16
716,class,"45. Banche, casse di risparmio, istituti finanziari",G) Personale di servizio e di fatica,municipio di Tripoli,M,16
716,class,"45. Banche, casse di risparmio, istituti finanziari",G) Personale di servizio e di fatica,municipio di Tripoli,F,0
716,class,"45. Banche, casse di risparmio, istituti finanziari",G) Personale di servizio e di fatica,municipio di Bengasi,MF,3
716,class,"45. Banche, casse di risparmio, istituti finanziari",G) Personale di servizio e di fatica,municipio di Bengasi,M,3
716,class,"45. Banche, casse di risparmio, istituti finanziari",G) Personale di servizio e di fatica,municipio di Bengasi,F,0
717,class,"45. Banche, casse di risparmio, istituti finanziari",H) Operai,Libia,MF,3
717,class,"45. Banche, casse di risparmio, istituti finanziari",H) Operai,Libia,M,3
717,class,"45. Banche, casse di risparmio, istituti finanziari",H) Operai,Libia,F,0
717,class,"45. Banche, casse di risparmio, istituti finanziari",H) Operai,municipio di Tripoli,MF,3
717,class,"45. Banche, casse di risparmio, istituti finanziari",H) Operai,municipio di Tripoli,M,3
717,class,"45. Banche, casse di risparmio, istituti finanziari",H) Operai,municipio di Tripoli,F,0
717,class,"45. Banche, casse di risparmio, istituti finanziari",H) Operai,municipio di Bengasi,MF,0
717,class,"45. Banche, casse di risparmio, istituti finanziari",H) Operai,municipio di Bengasi,M,0
717,class,"45. Banche, casse di risparmio, istituti finanziari",H) Operai,municipio di Bengasi,F,0
718,class,"45. Banche, casse di risparmio, istituti finanziari",Totale,Libia,MF,240
718,class,"45. Banche, casse di risparmio, istituti finanziari",Totale,Libia,M,233
718,class,"45. Banche, casse di risparmio, istituti finanziari",Totale,Libia,F,7
718,class,"45. Banche, casse di risparmio, istituti finanziari",Totale,municipio di Tripoli,MF,149
718,class,"45. Banche, casse di risparmio, istituti finanziari",Totale,municipio di Tripoli,M,143
718,class,"45. Banche, casse di risparmio, istituti finanziari",Totale,municipio di Tripoli,F,6
718,class,"45. Banche, casse di risparmio, istituti finanziari",Totale,municipio di Bengasi,MF,64
718,class,"45. Banche, casse di risparmio, istituti finanziari",Totale,municipio di Bengasi,M,63
718,class,"45. Banche, casse di risparmio, istituti finanziari",Totale,municipio di Bengasi,F,1
719,subclass,45.333 Istituto di emissione e istituti di credito,E) Dirigenti,Libia,MF,12
719,subclass,45.333 Istituto di emissione e istituti di credito,E) Dirigenti,Libia,M,12
719,subclass,45.333 Istituto di emissione e istituti di credito,E) Dirigenti,Libia,F,0
719,subclass,45.333 Istituto di emissione e istituti di credito,E) Dirigenti,municipio di Tripoli,MF,9
719,subclass,45.333 Istituto di emissione e istituti di credito,E) Dirigenti,municipio di Tripoli,M,9
719,subclass,45.333 Istituto di emissione e istituti di credito,E) Dirigenti,municipio di Tripoli,F,0
719,subclass,45.333 Istituto di emissione e istituti di credito,E) Dirigenti,municipio di Bengasi,MF,3
719,subclass,45.333 Istituto di emissione e istituti di credito,E) Dirigenti,municipio di Bengasi,M,3
719,subclass,45.333 Istituto di emissione e istituti di credito,E) Dirigenti,municipio di Bengasi,F,0
720,subclass,45.333 Istituto di emissione e istituti di credito,F) Impiegati,Libia,MF,119
720,subclass,45.333 Istituto di emissione e istituti di credito,F) Impiegati,Libia,M,113
720,subclass,45.333 Istituto di emissione e istituti di credito,F) Impiegati,Libia,F,6
720,subclass,45.333 Istituto di emissione e istituti di credito,F) Impiegati,municipio di Tripoli,MF,90
720,subclass,45.333 Istituto di emissione e istituti di credito,F) Impiegati,municipio di Tripoli,M,84
720,subclass,45.333 Istituto di emissione e istituti di credito,F) Impiegati,municipio di Tripoli,F,6
720,subclass,45.333 Istituto di emissione e istituti di credito,F) Impiegati,municipio di Bengasi,MF,27
720,subclass,45.333 Istituto di emissione e istituti di credito,F) Impiegati,municipio di Bengasi,M,27
720,subclass,45.333 Istituto di emissione e istituti di credito,F) Impiegati,municipio di Bengasi,F,0
721,subclass,45.333 Istituto di emissione e istituti di credito,G) Personale di servizio e di fatica,Libia,MF,12
721,subclass,45.333 Istituto di emissione e istituti di credito,G) Personale di servizio e di fatica,Libia,M,12
721,subclass,45.333 Istituto di emissione e istituti di credito,G) Personale di servizio e di fatica,Libia,F,0
721,subclass,45.333 Istituto di emissione e istituti di credito,G) Personale di servizio e di fatica,municipio di Tripoli,MF,11
721,subclass,45.333 Istituto di emissione e istituti di credito,G) Personale di servizio e di fatica,municipio di Tripoli,M,11
721,subclass,45.333 Istituto di emissione e istituti di credito,G) Personale di servizio e di fatica,municipio di Tripoli,F,0
721,subclass,45.333 Istituto di emissione e istituti di credito,G) Personale di servizio e di fatica,municipio di Bengasi,MF,1
721,subclass,45.333 Istituto di emissione e istituti di credito,G) Personale di servizio e di fatica,municipio di Bengasi,M,1
721,subclass,45.333 Istituto di emissione e istituti di credito,G) Personale di servizio e di fatica,municipio di Bengasi,F,0
722,subclass,45.333 Istituto di emissione e istituti di credito,H) Operai,Libia,MF,2
722,subclass,45.333 Istituto di emissione e istituti di credito,H) Operai,Libia,M,2
722,subclass,45.333 Istituto di emissione e istituti di credito,H) Operai,Libia,F,0
722,subclass,45.333 Istituto di emissione e istituti di credito,H) Operai,municipio di Tripoli,MF,2
722,subclass,45.333 Istituto di emissione e istituti di credito,H) Operai,municipio di Tripoli,M,2
722,subclass,45.333 Istituto di emissione e istituti di credito,H) Operai,municipio di Tripoli,F,0
722,subclass,45.333 Istituto di emissione e istituti di credito,H) Operai,municipio di Bengasi,MF,0
722,subclass,45.333 Istituto di emissione e istituti di credito,H) Operai,municipio di Bengasi,M,0
722,subclass,45.333 Istituto di emissione e istituti di credito,H) Operai,municipio di Bengasi,F,0
723,subclass,45.333 Istituto di emissione e istituti di credito,Totale,Libia,MF,145
723,subclass,45.333 Istituto di emissione e istituti di credito,Totale,Libia,M,139
723,subclass,45.333 Istituto di emissione e istituti di credito,Totale,Libia,F,6
723,subclass,45.333 Istituto di emissione e istituti di credito,Totale,municipio di Tripoli,MF,112
723,subclass,45.333 Istituto di emissione e istituti di credito,Totale,municipio di Tripoli,M,106
723,subclass,45.333 Istituto di emissione e istituti di credito,Totale,municipio di Tripoli,F,6
723,subclass,45.333 Istituto di emissione e istituti di credito,Totale,municipio di Bengasi,MF,31
723,subclass,45.333 Istituto di emissione e istituti di credito,Totale,municipio di Bengasi,M,31
723,subclass,45.333 Istituto di emissione e istituti di credito,Totale,municipio di Bengasi,F,0
724,class,"46. Borse, stanze di compensazione, cambiavalute",Totale,Libia,MF,0
724,class,"46. Borse, stanze di compensazione, cambiavalute",Totale,Libia,M,0
724,class,"46. Borse, stanze di compensazione, cambiavalute",Totale,Libia,F,0
724,class,"46. Borse, stanze di compensazione, cambiavalute",Totale,municipio di Tripoli,MF,0
724,class,"46. Borse, stanze di compensazione, cambiavalute",Totale,municipio di Tripoli,M,0
724,class,"46. Borse, stanze di compensazione, cambiavalute",Totale,municipio di Tripoli,F,0
724,class,"46. Borse, stanze di compensazione, cambiavalute",Totale,municipio di Bengasi,MF,0
724,class,"46. Borse, stanze di compensazione, cambiavalute",Totale,municipio di Bengasi,M,0
724,class,"46. Borse, stanze di compensazione, cambiavalute",Totale,municipio di Bengasi,F,0
725,class,47. Assicurazione e previdenza,E) Dirigenti,Libia,MF,3
725,class,47. Assicurazione e previdenza,E) Dirigenti,Libia,M,3
725,class,47. Assicurazione e previdenza,E) Dirigenti,Libia,F,0
725,class,47. Assicurazione e previdenza,E) Dirigenti,municipio di Tripoli,MF,2
725,class,47. Assicurazione e previdenza,E) Dirigenti,municipio di Tripoli,M,2
725,class,47. Assicurazione e previdenza,E) Dirigenti,municipio di Tripoli,F,0
725,class,47. Assicurazione e previdenza,E) Dirigenti,municipio di Bengasi,MF,1
725,class,47. Assicurazione e previdenza,E) Dirigenti,municipio di Bengasi,M,1
725,class,47. Assicurazione e previdenza,E) Dirigenti,municipio di Bengasi,F,0
726,class,47. Assicurazione e previdenza,F) Impiegati,Libia,MF,36
726,class,47. Assicurazione e previdenza,F) Impiegati,Libia,M,31
726,class,47. Assicurazione e previdenza,F) Impiegati,Libia,F,5
726,class,47. Assicurazione e previdenza,F) Impiegati,municipio di Tripoli,MF,28
726,class,47. Assicurazione e previdenza,F) Impiegati,municipio di Tripoli,M,23
726,class,47. Assicurazione e previdenza,F) Impiegati,municipio di Tripoli,F,5
726,class,47. Assicurazione e previdenza,F) Impiegati,municipio di Bengasi,MF,8
726,class,47. Assicurazione e previdenza,F) Impiegati,municipio di Bengasi,M,8
726,class,47. Assicurazione e previdenza,F) Impiegati,municipio di Bengasi,F,0
727,class,47. Assicurazione e previdenza,G) Personale di servizio e di fatica,Libia,MF,1
727,class,47. Assicurazione e previdenza,G) Personale di servizio e di fatica,Libia,M,1
727,class,47. Assicurazione e previdenza,G) Personale di servizio e di fatica,Libia,F,0
727,class,47. Assicurazione e previdenza,G) Personale di servizio e di fatica,municipio di Tripoli,MF,0
727,class,47. Assicurazione e previdenza,G) Personale di servizio e di fatica,municipio di Tripoli,M,0
727,class,47. Assicurazione e previdenza,G) Personale di servizio e di fatica,municipio di Tripoli,F,0
727,class,47. Assicurazione e previdenza,G) Personale di servizio e di fatica,municipio di Bengasi,MF,1
727,class,47. Assicurazione e previdenza,G) Personale di servizio e di fatica,municipio di Bengasi,M,1
727,class,47. Assicurazione e previdenza,G) Personale di servizio e di fatica,municipio di Bengasi,F,0
728,class,47. Assicurazione e previdenza,H) Operai,Libia,MF,2
728,class,47. Assicurazione e previdenza,H) Operai,Libia,M,2
728,class,47. Assicurazione e previdenza,H) Operai,Libia,F,0
728,class,47. Assicurazione e previdenza,H) Operai,municipio di Tripoli,MF,1
728,class,47. Assicurazione e previdenza,H) Operai,municipio di Tripoli,M,1
728,class,47. Assicurazione e previdenza,H) Operai,municipio di Tripoli,F,0
728,class,47. Assicurazione e previdenza,H) Operai,municipio di Bengasi,MF,1
728,class,47. Assicurazione e previdenza,H) Operai,municipio di Bengasi,M,1
728,class,47. Assicurazione e previdenza,H) Operai,municipio di Bengasi,F,0
729,class,47. Assicurazione e previdenza,Totale,Libia,MF,42
729,class,47. Assicurazione e previdenza,Totale,Libia,M,37
729,class,47. Assicurazione e previdenza,Totale,Libia,F,5
729,class,47. Assicurazione e previdenza,Totale,municipio di Tripoli,MF,31
729,class,47. Assicurazione e previdenza,Totale,municipio di Tripoli,M,26
729,class,47. Assicurazione e previdenza,Totale,municipio di Tripoli,F,5
729,class,47. Assicurazione e previdenza,Totale,municipio di Bengasi,MF,11
729,class,47. Assicurazione e previdenza,Totale,municipio di Bengasi,M,11
729,class,47. Assicurazione e previdenza,Totale,municipio di Bengasi,F,0
730,subclass,47.339 Istituti di assicurazione,E) Dirigenti,Libia,MF,2
730,subclass,47.339 Istituti di assicurazione,E) Dirigenti,Libia,M,2
730,subclass,47.339 Istituti di assicurazione,E) Dirigenti,Libia,F,0
730,subclass,47.339 Istituti di assicurazione,E) Dirigenti,municipio di Tripoli,MF,1
730,subclass,47.339 Istituti di assicurazione,E) Dirigenti,municipio di Tripoli,M,1
730,subclass,47.339 Istituti di assicurazione,E) Dirigenti,municipio di Tripoli,F,0
730,subclass,47.339 Istituti di assicurazione,E) Dirigenti,municipio di Bengasi,MF,1
730,subclass,47.339 Istituti di assicurazione,E) Dirigenti,municipio di Bengasi,M,1
730,subclass,47.339 Istituti di assicurazione,E) Dirigenti,municipio di Bengasi,F,0
731,subclass,47.339 Istituti di assicurazione,F) Impiegati,Libia,MF,30
731,subclass,47.339 Istituti di assicurazione,F) Impiegati,Libia,M,25
731,subclass,47.339 Istituti di assicurazione,F) Impiegati,Libia,F,5
731,subclass,47.339 Istituti di assicurazione,F) Impiegati,municipio di Tripoli,MF,23
731,subclass,47.339 Istituti di assicurazione,F) Impiegati,municipio di Tripoli,M,18
731,subclass,47.339 Istituti di assicurazione,F) Impiegati,municipio di Tripoli,F,5
731,subclass,47.339 Istituti di assicurazione,F) Impiegati,municipio di Bengasi,MF,7
731,subclass,47.339 Istituti di assicurazione,F) Impiegati,municipio di Bengasi,M,7
731,subclass,47.339 Istituti di assicurazione,F) Impiegati,municipio di Bengasi,F,0
732,subclass,47.339 Istituti di assicurazione,H) Operai,Libia,MF,2
732,subclass,47.339 Istituti di assicurazione,H) Operai,Libia,M,2
732,subclass,47.339 Istituti di assicurazione,H) Operai,Libia,F,0
732,subclass,47.339 Istituti di assicurazione,H) Operai,municipio di Tripoli,MF,1
732,subclass,47.339 Istituti di assicurazione,H) Operai,municipio di Tripoli,M,1
732,subclass,47.339 Istituti di assicurazione,H) Operai,municipio di Tripoli,F,0
732,subclass,47.339 Istituti di assicurazione,H) Operai,municipio di Bengasi,MF,1
732,subclass,47.339 Istituti di assicurazione,H) Operai,municipio di Bengasi,M,1
732,subclass,47.339 Istituti di assicurazione,H) Operai,municipio di Bengasi,F,0
733,subclass,47.339 Istituti di assicurazione,Totale,Libia,MF,34
733,subclass,47.339 Istituti di assicurazione,Totale,Libia,M,29
733,subclass,47.339 Istituti di assicurazione,Totale,Libia,F,5
733,subclass,47.339 Istituti di assicurazione,Totale,municipio di Tripoli,MF,25
733,subclass,47.339 Istituti di assicurazione,Totale,municipio di Tripoli,M,20
733,subclass,47.339 Istituti di assicurazione,Totale,municipio di Tripoli,F,5
733,subclass,47.339 Istituti di assicurazione,Totale,municipio di Bengasi,MF,9
733,subclass,47.339 Istituti di assicurazione,Totale,municipio di Bengasi,M,9
733,subclass,47.339 Istituti di assicurazione,Totale,municipio di Bengasi,F,0
734,category,VII. Attivita ed arti libere,A) Padroni,Libia,MF,10
734,category,VII. Attivita ed arti libere,A) Padroni,Libia,M,2
734,category,VII. Attivita ed arti libere,A) Padroni,Libia,F,8
734,category,VII. Attivita ed arti libere,A) Padroni,municipio di Tripoli,MF,9
734,category,VII. Attivita ed arti libere,A) Padroni,municipio di Tripoli,M,1
734,category,VII. Attivita ed arti libere,A) Padroni,municipio di Tripoli,F,8
734,category,VII. Attivita ed arti libere,A) Padroni,municipio di Bengasi,MF,1
734,category,VII. Attivita ed arti libere,A) Padroni,municipio di Bengasi,M,1
734,category,VII. Attivita ed arti libere,A) Padroni,municipio di Bengasi,F,0
735,category,VII. Attivita ed arti libere,D) Liberi professionisti,Libia,MF,184
735,category,VII. Attivita ed arti libere,D) Liberi professionisti,Libia,M,142
735,category,VII. Attivita ed arti libere,D) Liberi professionisti,Libia,F,42
735,category,VII. Attivita ed arti libere,D) Liberi professionisti,municipio di Tripoli,MF,118
735,category,VII. Attivita ed arti libere,D) Liberi professionisti,municipio di Tripoli,M,90
735,category,VII. Attivita ed arti libere,D) Liberi professionisti,municipio di Tripoli,F,28
735,category,VII. Attivita ed arti libere,D) Liberi professionisti,municipio di Bengasi,MF,52
735,category,VII. Attivita ed arti libere,D) Liberi professionisti,municipio di Bengasi,M,40
735,category,VII. Attivita ed arti libere,D) Liberi professionisti,municipio di Bengasi,F,12
736,category,VII. Attivita ed arti libere,F) Impiegati,Libia,MF,49
736,category,VII. Attivita ed arti libere,F) Impiegati,Libia,M,34
736,category,VII. Attivita ed arti libere,F) Impiegati,Libia,F,15
736,category,VII. Attivita ed arti libere,F) Impiegati,municipio di Tripoli,MF,30
736,category,VII. Attivita ed arti libere,F) Impiegati,municipio di Tripoli,M,20
736,category,VII. Attivita ed arti libere,F) Impiegati,municipio di Tripoli,F,10
736,category,VII. Attivita ed arti libere,F) Impiegati,municipio di Bengasi,MF,18
736,category,VII. Attivita ed arti libere,F) Impiegati,municipio di Bengasi,M,13
736,category,VII. Attivita ed arti libere,F) Impiegati,municipio di Bengasi,F,5
737,category,VII. Attivita ed arti libere,H) Operai,Libia,MF,12
737,category,VII. Attivita ed arti libere,H) Operai,Libia,M,12
737,category,VII. Attivita ed arti libere,H) Operai,Libia,F,0
737,category,VII. Attivita ed arti libere,H) Operai,municipio di Tripoli,MF,7
737,category,VII. Attivita ed arti libere,H) Operai,municipio di Tripoli,M,7
737,category,VII. Attivita ed arti libere,H) Operai,municipio di Tripoli,F,0
737,category,VII. Attivita ed arti libere,H) Operai,municipio di Bengasi,MF,4
737,category,VII. Attivita ed arti libere,H) Operai,municipio di Bengasi,M,4
737,category,VII. Attivita ed arti libere,H) Operai,municipio di Bengasi,F,0
738,category,VII. Attivita ed arti libere,Totale,Libia,MF,255
738,category,VII. Attivita ed arti libere,Totale,Libia,M,190
738,category,VII. Attivita ed arti libere,Totale,Libia,F,65
738,category,VII. Attivita ed arti libere,Totale,municipio di Tripoli,MF,164
738,category,VII. Attivita ed arti libere,Totale,municipio di Tripoli,M,118
738,category,VII. Attivita ed arti libere,Totale,municipio di Tripoli,F,46
738,category,VII. Attivita ed arti libere,Totale,municipio di Bengasi,MF,75
738,category,VII. Attivita ed arti libere,Totale,municipio di Bengasi,M,58
738,category,VII. Attivita ed arti libere,Totale,municipio di Bengasi,F,17
739,class,48. Attivita educative,D) Liberi professionisti,Libia,MF,35
739,class,48. Attivita educative,D) Liberi professionisti,Libia,M,12
739,class,48. Attivita educative,D) Liberi professionisti,Libia,F,23
739,class,48. Attivita educative,D) Liberi professionisti,municipio di Tripoli,MF,25
739,class,48. Attivita educative,D) Liberi professionisti,municipio di Tripoli,M,7
739,class,48. Attivita educative,D) Liberi professionisti,municipio di Tripoli,F,18
739,class,48. Attivita educative,D) Liberi professionisti,municipio di Bengasi,MF,10
739,class,48. Attivita educative,D) Liberi professionisti,municipio di Bengasi,M,5
739,class,48. Attivita educative,D) Liberi professionisti,municipio di Bengasi,F,5
740,class,48. Attivita educative,Totale,Libia,MF,35
740,class,48. Attivita educative,Totale,Libia,M,12
740,class,48. Attivita educative,Totale,Libia,F,23
740,class,48. Attivita educative,Totale,municipio di Tripoli,MF,25
740,class,48. Attivita educative,Totale,municipio di Tripoli,M,7
740,class,48. Attivita educative,Totale,municipio di Tripoli,F,18
740,class,48. Attivita educative,Totale,municipio di Bengasi,MF,10
740,class,48. Attivita educative,Totale,municipio di Bengasi,M,5
740,class,48. Attivita educative,Totale,municipio di Bengasi,F,5
741,class,49. Attivita sanitarie,A) Padroni,Libia,MF,10
741,class,49. Attivita sanitarie,A) Padroni,Libia,M,2
741,class,49. Attivita sanitarie,A) Padroni,Libia,F,8
741,class,49. Attivita sanitarie,A) Padroni,municipio di Tripoli,MF,9
741,class,49. Attivita sanitarie,A) Padroni,municipio di Tripoli,M,1
741,class,49. Attivita sanitarie,A) Padroni,municipio di Tripoli,F,8
741,class,49. Attivita sanitarie,A) Padroni,municipio di Bengasi,MF,1
741,class,49. Attivita sanitarie,A) Padroni,municipio di Bengasi,M,1
741,class,49. Attivita sanitarie,A) Padroni,municipio di Bengasi,F,0
742,class,49. Attivita sanitarie,D) Liberi professionisti,Libia,MF,44
742,class,49. Attivita sanitarie,D) Liberi professionisti,Libia,M,27
742,class,49. Attivita sanitarie,D) Liberi professionisti,Libia,F,17
742,class,49. Attivita sanitarie,D) Liberi professionisti,municipio di Tripoli,MF,26
742,class,49. Attivita sanitarie,D) Liberi professionisti,municipio di Tripoli,M,18
742,class,49. Attivita sanitarie,D) Liberi professionisti,municipio di Tripoli,F,8
742,class,49. Attivita sanitarie,D) Liberi professionisti,municipio di Bengasi,MF,13
742,class,49. Attivita sanitarie,D) Liberi professionisti,municipio di Bengasi,M,6
742,class,49. Attivita sanitarie,D) Liberi professionisti,municipio di Bengasi,F,7
743,class,49. Attivita sanitarie,F) Impiegati,Libia,MF,7
743,class,49. Attivita sanitarie,F) Impiegati,Libia,M,5
743,class,49. Attivita sanitarie,F) Impiegati,Libia,F,2
743,class,49. Attivita sanitarie,F) Impiegati,municipio di Tripoli,MF,1
743,class,49. Attivita sanitarie,F) Impiegati,municipio di Tripoli,M,0
743,class,49. Attivita sanitarie,F) Impiegati,municipio di Tripoli,F,1
743,class,49. Attivita sanitarie,F) Impiegati,municipio di Bengasi,MF,6
743,class,49. Attivita sanitarie,F) Impiegati,municipio di Bengasi,M,5
743,class,49. Attivita sanitarie,F) Impiegati,municipio di Bengasi,F,1
744,class,49. Attivita sanitarie,H) Operai,Libia,MF,11
744,class,49. Attivita sanitarie,H) Operai,Libia,M,11
744,class,49. Attivita sanitarie,H) Operai,Libia,F,0
744,class,49. Attivita sanitarie,H) Operai,municipio di Tripoli,MF,7
744,class,49. Attivita sanitarie,H) Operai,municipio di Tripoli,M,7
744,class,49. Attivita sanitarie,H) Operai,municipio di Tripoli,F,0
744,class,49. Attivita sanitarie,H) Operai,municipio di Bengasi,MF,3
744,class,49. Attivita sanitarie,H) Operai,municipio di Bengasi,M,3
744,class,49. Attivita sanitarie,H) Operai,municipio di Bengasi,F,0
745,class,49. Attivita sanitarie,Totale,Libia,MF,72
745,class,49. Attivita sanitarie,Totale,Libia,M,45
745,class,49. Attivita sanitarie,Totale,Libia,F,27
745,class,49. Attivita sanitarie,Totale,municipio di Tripoli,MF,43
745,class,49. Attivita sanitarie,Totale,municipio di Tripoli,M,26
745,class,49. Attivita sanitarie,Totale,municipio di Tripoli,F,17
745,class,49. Attivita sanitarie,Totale,municipio di Bengasi,MF,23
745,class,49. Attivita sanitarie,Totale,municipio di Bengasi,M,15
745,class,49. Attivita sanitarie,Totale,municipio di Bengasi,F,8
746,subclass,"49.344 Attivita mediche, chirurgiche",D) Liberi professionisti,Libia,MF,29
746,subclass,"49.344 Attivita mediche, chirurgiche",D) Liberi professionisti,Libia,M,26
746,subclass,"49.344 Attivita mediche, chirurgiche",D) Liberi professionisti,Libia,F,3
746,subclass,"49.344 Attivita mediche, chirurgiche",D) Liberi professionisti,municipio di Tripoli,MF,19
746,subclass,"49.344 Attivita mediche, chirurgiche",D) Liberi professionisti,municipio di Tripoli,M,18
746,subclass,"49.344 Attivita mediche, chirurgiche",D) Liberi professionisti,municipio di Tripoli,F,1
746,subclass,"49.344 Attivita mediche, chirurgiche",D) Liberi professionisti,municipio di Bengasi,MF,8
746,subclass,"49.344 Attivita mediche, chirurgiche",D) Liberi professionisti,municipio di Bengasi,M,6
746,subclass,"49.344 Attivita mediche, chirurgiche",D) Liberi professionisti,municipio di Bengasi,F,2
747,subclass,"49.344 Attivita mediche, chirurgiche",F) Impiegati,Libia,MF,7
747,subclass,"49.344 Attivita mediche, chirurgiche",F) Impiegati,Libia,M,5
747,subclass,"49.344 Attivita mediche, chirurgiche",F) Impiegati,Libia,F,2
747,subclass,"49.344 Attivita mediche, chirurgiche",F) Impiegati,municipio di Tripoli,MF,1
747,subclass,"49.344 Attivita mediche, chirurgiche",F) Impiegati,municipio di Tripoli,M,0
747,subclass,"49.344 Attivita mediche, chirurgiche",F) Impiegati,municipio di Tripoli,F,1
747,subclass,"49.344 Attivita mediche, chirurgiche",F) Impiegati,municipio di Bengasi,MF,6
747,subclass,"49.344 Attivita mediche, chirurgiche",F) Impiegati,municipio di Bengasi,M,5
747,subclass,"49.344 Attivita mediche, chirurgiche",F) Impiegati,municipio di Bengasi,F,1
748,subclass,"49.344 Attivita mediche, chirurgiche",H) Operai,Libia,MF,11
748,subclass,"49.344 Attivita mediche, chirurgiche",H) Operai,Libia,M,11
748,subclass,"49.344 Attivita mediche, chirurgiche",H) Operai,Libia,F,0
748,subclass,"49.344 Attivita mediche, chirurgiche",H) Operai,municipio di Tripoli,MF,7
748,subclass,"49.344 Attivita mediche, chirurgiche",H) Operai,municipio di Tripoli,M,7
748,subclass,"49.344 Attivita mediche, chirurgiche",H) Operai,municipio di Tripoli,F,0
748,subclass,"49.344 Attivita mediche, chirurgiche",H) Operai,municipio di Bengasi,MF,3
748,subclass,"49.344 Attivita mediche, chirurgiche",H) Operai,municipio di Bengasi,M,3
748,subclass,"49.344 Attivita mediche, chirurgiche",H) Operai,municipio di Bengasi,F,0
749,subclass,"49.344 Attivita mediche, chirurgiche",Totale,Libia,MF,47
749,subclass,"49.344 Attivita mediche, chirurgiche",Totale,Libia,M,42
749,subclass,"49.344 Attivita mediche, chirurgiche",Totale,Libia,F,5
749,subclass,"49.344 Attivita mediche, chirurgiche",Totale,municipio di Tripoli,MF,27
749,subclass,"49.344 Attivita mediche, chirurgiche",Totale,municipio di Tripoli,M,25
749,subclass,"49.344 Attivita mediche, chirurgiche",Totale,municipio di Tripoli,F,2
749,subclass,"49.344 Attivita mediche, chirurgiche",Totale,municipio di Bengasi,MF,17
749,subclass,"49.344 Attivita mediche, chirurgiche",Totale,municipio di Bengasi,M,14
749,subclass,"49.344 Attivita mediche, chirurgiche",Totale,municipio di Bengasi,F,3
750,subclass,49.345 Attivita ostetrica,D) Liberi professionisti,Libia,MF,14
750,subclass,49.345 Attivita ostetrica,D) Liberi professionisti,Libia,M,0
750,subclass,49.345 Attivita ostetrica,D) Liberi professionisti,Libia,F,14
750,subclass,49.345 Attivita ostetrica,D) Liberi professionisti,municipio di Tripoli,MF,7
750,subclass,49.345 Attivita ostetrica,D) Liberi professionisti,municipio di Tripoli,M,0
750,subclass,49.345 Attivita ostetrica,D) Liberi professionisti,municipio di Tripoli,F,7
750,subclass,49.345 Attivita ostetrica,D) Liberi professionisti,municipio di Bengasi,MF,5
750,subclass,49.345 Attivita ostetrica,D) Liberi professionisti,municipio di Bengasi,M,0
750,subclass,49.345 Attivita ostetrica,D) Liberi professionisti,municipio di Bengasi,F,5
751,subclass,49.345 Attivita ostetrica,Totale,Libia,MF,14
751,subclass,49.345 Attivita ostetrica,Totale,Libia,M,0
751,subclass,49.345 Attivita ostetrica,Totale,Libia,F,14
751,subclass,49.345 Attivita ostetrica,Totale,municipio di Tripoli,MF,7
751,subclass,49.345 Attivita ostetrica,Totale,municipio di Tripoli,M,0
751,subclass,49.345 Attivita ostetrica,Totale,municipio di Tripoli,F,7
751,subclass,49.345 Attivita ostetrica,Totale,municipio di Bengasi,MF,5
751,subclass,49.345 Attivita ostetrica,Totale,municipio di Bengasi,M,0
751,subclass,49.345 Attivita ostetrica,Totale,municipio di Bengasi,F,5
752,class,50. Attivita legali,D) Liberi professionisti,Libia,MF,38
752,class,50. Attivita legali,D) Liberi professionisti,Libia,M,38
752,class,50. Attivita legali,D) Liberi professionisti,Libia,F,0
752,class,50. Attivita legali,D) Liberi professionisti,municipio di Tripoli,MF,21
752,class,50. Attivita legali,D) Liberi professionisti,municipio di Tripoli,M,21
752,class,50. Attivita legali,D) Liberi professionisti,municipio di Tripoli,F,0
752,class,50. Attivita legali,D) Liberi professionisti,municipio di Bengasi,MF,13
752,class,50. Attivita legali,D) Liberi professionisti,municipio di Bengasi,M,13
752,class,50. Attivita legali,D) Liberi professionisti,municipio di Bengasi,F,0
753,class,50. Attivita legali,F) Impiegati,Libia,MF,25
753,class,50. Attivita legali,F) Impiegati,Libia,M,18
753,class,50. Attivita legali,F) Impiegati,Libia,F,7
753,class,50. Attivita legali,F) Impiegati,municipio di Tripoli,MF,16
753,class,50. Attivita legali,F) Impiegati,municipio di Tripoli,M,11
753,class,50. Attivita legali,F) Impiegati,municipio di Tripoli,F,5
753,class,50. Attivita legali,F) Impiegati,municipio di Bengasi,MF,8
753,class,50. Attivita legali,F) Impiegati,municipio di Bengasi,M,6
753,class,50. Attivita legali,F) Impiegati,municipio di Bengasi,F,2
754,class,50. Attivita legali,Totale,Libia,MF,63
754,class,50. Attivita legali,Totale,Libia,M,56
754,class,50. Attivita legali,Totale,Libia,F,7
754,class,50. Attivita legali,Totale,municipio di Tripoli,MF,37
754,class,50. Attivita legali,Totale,municipio di Tripoli,M,32
754,class,50. Attivita legali,Totale,municipio di Tripoli,F,5
754,class,50. Attivita legali,Totale,municipio di Bengasi,MF,21
754,class,50. Attivita legali,Totale,municipio di Bengasi,M,19
754,class,50. Attivita legali,Totale,municipio di Bengasi,F,2
755,subclass,50.348 Studi legali,D) Liberi professionisti,Libia,MF,32
755,subclass,50.348 Studi legali,D) Liberi professionisti,Libia,M,32
755,subclass,50.348 Studi legali,D) Liberi professionisti,Libia,F,0
755,subclass,50.348 Studi legali,D) Liberi professionisti,municipio di Tripoli,MF,18
755,subclass,50.348 Studi legali,D) Liberi professionisti,municipio di Tripoli,M,18
755,subclass,50.348 Studi legali,D) Liberi professionisti,municipio di Tripoli,F,0
755,subclass,50.348 Studi legali,D) Liberi professionisti,municipio di Bengasi,MF,10
755,subclass,50.348 Studi legali,D) Liberi professionisti,municipio di Bengasi,M,10
755,subclass,50.348 Studi legali,D) Liberi professionisti,municipio di Bengasi,F,0
756,subclass,50.348 Studi legali,F) Impiegati,Libia,MF,15
756,subclass,50.348 Studi legali,F) Impiegati,Libia,M,13
756,subclass,50.348 Studi legali,F) Impiegati,Libia,F,2
756,subclass,50.348 Studi legali,F) Impiegati,municipio di Tripoli,MF,9
756,subclass,50.348 Studi legali,F) Impiegati,municipio di Tripoli,M,8
756,subclass,50.348 Studi legali,F) Impiegati,municipio di Tripoli,F,1
756,subclass,50.348 Studi legali,F) Impiegati,municipio di Bengasi,MF,5
756,subclass,50.348 Studi legali,F) Impiegati,municipio di Bengasi,M,4
756,subclass,50.348 Studi legali,F) Impiegati,municipio di Bengasi,F,1
757,subclass,50.348 Studi legali,Totale,Libia,MF,47
757,subclass,50.348 Studi legali,Totale,Libia,M,45
757,subclass,50.348 Studi legali,Totale,Libia,F,2
757,subclass,50.348 Studi legali,Totale,municipio di Tripoli,MF,27
757,subclass,50.348 Studi legali,Totale,municipio di Tripoli,M,26
757,subclass,50.348 Studi legali,Totale,municipio di Tripoli,F,1
757,subclass,50.348 Studi legali,Totale,municipio di Bengasi,MF,15
757,subclass,50.348 Studi legali,Totale,municipio di Bengasi,M,14
757,subclass,50.348 Studi legali,Totale,municipio di Bengasi,F,1
758,class,51. Attivita letterarie e scientifiche,D) Liberi professionisti,Libia,MF,3
758,class,51. Attivita letterarie e scientifiche,D) Liberi professionisti,Libia,M,2
758,class,51. Attivita letterarie e scientifiche,D) Liberi professionisti,Libia,F,1
758,class,51. Attivita letterarie e scientifiche,D) Liberi professionisti,municipio di Tripoli,MF,2
758,class,51. Attivita letterarie e scientifiche,D) Liberi professionisti,municipio di Tripoli,M,1
758,class,51. Attivita letterarie e scientifiche,D) Liberi professionisti,municipio di Tripoli,F,1
758,class,51. Attivita letterarie e scientifiche,D) Liberi professionisti,municipio di Bengasi,MF,1
758,class,51. Attivita letterarie e scientifiche,D) Liberi professionisti,municipio di Bengasi,M,1
758,class,51. Attivita letterarie e scientifiche,D) Liberi professionisti,municipio di Bengasi,F,0
759,class,51. Attivita letterarie e scientifiche,Totale,Libia,MF,3
759,class,51. Attivita letterarie e scientifiche,Totale,Libia,M,2
759,class,51. Attivita letterarie e scientifiche,Totale,Libia,F,1
759,class,51. Attivita letterarie e scientifiche,Totale,municipio di Tripoli,MF,2
759,class,51. Attivita letterarie e scientifiche,Totale,municipio di Tripoli,M,1
759,class,51. Attivita letterarie e scientifiche,Totale,municipio di Tripoli,F,1
759,class,51. Attivita letterarie e scientifiche,Totale,municipio di Bengasi,MF,1
759,class,51. Attivita letterarie e scientifiche,Totale,municipio di Bengasi,M,1
759,class,51. Attivita letterarie e scientifiche,Totale,municipio di Bengasi,F,0
760,class,52. Attivita tecniche,D) Liberi professionisti,Libia,MF,31
760,class,52. Attivita tecniche,D) Liberi professionisti,Libia,M,31
760,class,52. Attivita tecniche,D) Liberi professionisti,Libia,F,0
760,class,52. Attivita tecniche,D) Liberi professionisti,municipio di Tripoli,MF,21
760,class,52. Attivita tecniche,D) Liberi professionisti,municipio di Tripoli,M,21
760,class,52. Attivita tecniche,D) Liberi professionisti,municipio di Tripoli,F,0
760,class,52. Attivita tecniche,D) Liberi professionisti,municipio di Bengasi,MF,8
760,class,52. Attivita tecniche,D) Liberi professionisti,municipio di Bengasi,M,8
760,class,52. Attivita tecniche,D) Liberi professionisti,municipio di Bengasi,F,0
761,class,52. Attivita tecniche,F) Impiegati,Libia,MF,4
761,class,52. Attivita tecniche,F) Impiegati,Libia,M,3
761,class,52. Attivita tecniche,F) Impiegati,Libia,F,1
761,class,52. Attivita tecniche,F) Impiegati,municipio di Tripoli,MF,3
761,class,52. Attivita tecniche,F) Impiegati,municipio di Tripoli,M,2
761,class,52. Attivita tecniche,F) Impiegati,municipio di Tripoli,F,1
761,class,52. Attivita tecniche,F) Impiegati,municipio di Bengasi,MF,1
761,class,52. Attivita tecniche,F) Impiegati,municipio di Bengasi,M,1
761,class,52. Attivita tecniche,F) Impiegati,municipio di Bengasi,F,0
762,class,52. Attivita tecniche,Totale,Libia,MF,35
762,class,52. Attivita tecniche,Totale,Libia,M,34
762,class,52. Attivita tecniche,Totale,Libia,F,1
762,class,52. Attivita tecniche,Totale,municipio di Tripoli,MF,24
762,class,52. Attivita tecniche,Totale,municipio di Tripoli,M,23
762,class,52. Attivita tecniche,Totale,municipio di Tripoli,F,1
762,class,52. Attivita tecniche,Totale,municipio di Bengasi,MF,9
762,class,52. Attivita tecniche,Totale,municipio di Bengasi,M,9
762,class,52. Attivita tecniche,Totale,municipio di Bengasi,F,0
763,class,53. Attivita commerciali,D) Liberi professionisti,Libia,MF,17
763,class,53. Attivita commerciali,D) Liberi professionisti,Libia,M,17
763,class,53. Attivita commerciali,D) Liberi professionisti,Libia,F,0
763,class,53. Attivita commerciali,D) Liberi professionisti,municipio di Tripoli,MF,10
763,class,53. Attivita commerciali,D) Liberi professionisti,municipio di Tripoli,M,10
763,class,53. Attivita commerciali,D) Liberi professionisti,municipio di Tripoli,F,0
763,class,53. Attivita commerciali,D) Liberi professionisti,municipio di Bengasi,MF,5
763,class,53. Attivita commerciali,D) Liberi professionisti,municipio di Bengasi,M,5
763,class,53. Attivita commerciali,D) Liberi professionisti,municipio di Bengasi,F,0
764,class,53. Attivita commerciali,F) Impiegati,Libia,MF,11
764,class,53. Attivita commerciali,F) Impiegati,Libia,M,6
764,class,53. Attivita commerciali,F) Impiegati,Libia,F,5
764,class,53. Attivita commerciali,F) Impiegati,municipio di Tripoli,MF,8
764,class,53. Attivita commerciali,F) Impiegati,municipio di Tripoli,M,5
764,class,53. Attivita commerciali,F) Impiegati,municipio di Tripoli,F,3
764,class,53. Attivita commerciali,F) Impiegati,municipio di Bengasi,MF,3
764,class,53. Attivita commerciali,F) Impiegati,municipio di Bengasi,M,1
764,class,53. Attivita commerciali,F) Impiegati,municipio di Bengasi,F,2
765,class,53. Attivita commerciali,Totale,Libia,MF,28
765,class,53. Attivita commerciali,Totale,Libia,M,23
765,class,53. Attivita commerciali,Totale,Libia,F,5
765,class,53. Attivita commerciali,Totale,municipio di Tripoli,MF,18
765,class,53. Attivita commerciali,Totale,municipio di Tripoli,M,15
765,class,53. Attivita commerciali,Totale,municipio di Tripoli,F,3
765,class,53. Attivita commerciali,Totale,municipio di Bengasi,MF,8
765,class,53. Attivita commerciali,Totale,municipio di Bengasi,M,6
765,class,53. Attivita commerciali,Totale,municipio di Bengasi,F,2
766,subclass,53.357 Studi di ragioneria e contabilita,D) Liberi professionisti,Libia,MF,10
766,subclass,53.357 Studi di ragioneria e contabilita,D) Liberi professionisti,Libia,M,10
766,subclass,53.357 Studi di ragioneria e contabilita,D) Liberi professionisti,Libia,F,0
766,subclass,53.357 Studi di ragioneria e contabilita,D) Liberi professionisti,municipio di Tripoli,MF,6
766,subclass,53.357 Studi di ragioneria e contabilita,D) Liberi professionisti,municipio di Tripoli,M,6
766,subclass,53.357 Studi di ragioneria e contabilita,D) Liberi professionisti,municipio di Tripoli,F,0
766,subclass,53.357 Studi di ragioneria e contabilita,D) Liberi professionisti,municipio di Bengasi,MF,4
766,subclass,53.357 Studi di ragioneria e contabilita,D) Liberi professionisti,municipio di Bengasi,M,4
766,subclass,53.357 Studi di ragioneria e contabilita,D) Liberi professionisti,municipio di Bengasi,F,0
767,subclass,53.357 Studi di ragioneria e contabilita,F) Impiegati,Libia,MF,4
767,subclass,53.357 Studi di ragioneria e contabilita,F) Impiegati,Libia,M,4
767,subclass,53.357 Studi di ragioneria e contabilita,F) Impiegati,Libia,F,0
767,subclass,53.357 Studi di ragioneria e contabilita,F) Impiegati,municipio di Tripoli,MF,4
767,subclass,53.357 Studi di ragioneria e contabilita,F) Impiegati,municipio di Tripoli,M,4
767,subclass,53.357 Studi di ragioneria e contabilita,F) Impiegati,municipio di Tripoli,F,0
767,subclass,53.357 Studi di ragioneria e contabilita,F) Impiegati,municipio di Bengasi,MF,0
767,subclass,53.357 Studi di ragioneria e contabilita,F) Impiegati,municipio di Bengasi,M,0
767,subclass,53.357 Studi di ragioneria e contabilita,F) Impiegati,municipio di Bengasi,F,0
768,subclass,53.357 Studi di ragioneria e contabilita,Totale,Libia,MF,14
768,subclass,53.357 Studi di ragioneria e contabilita,Totale,Libia,M,14
768,subclass,53.357 Studi di ragioneria e contabilita,Totale,Libia,F,0
768,subclass,53.357 Studi di ragioneria e contabilita,Totale,municipio di Tripoli,MF,10
768,subclass,53.357 Studi di ragioneria e contabilita,Totale,municipio di Tripoli,M,10
768,subclass,53.357 Studi di ragioneria e contabilita,Totale,municipio di Tripoli,F,0
768,subclass,53.357 Studi di ragioneria e contabilita,Totale,municipio di Bengasi,MF,4
768,subclass,53.357 Studi di ragioneria e contabilita,Totale,municipio di Bengasi,M,4
768,subclass,53.357 Studi di ragioneria e contabilita,Totale,municipio di Bengasi,F,0
769,class,54. Attivita artistiche,D) Liberi professionisti,Libia,MF,14
769,class,54. Attivita artistiche,D) Liberi professionisti,Libia,M,13
769,class,54. Attivita artistiche,D) Liberi professionisti,Libia,F,1
769,class,54. Attivita artistiche,D) Liberi professionisti,municipio di Tripoli,MF,11
769,class,54. Attivita artistiche,D) Liberi professionisti,municipio di Tripoli,M,10
769,class,54. Attivita artistiche,D) Liberi professionisti,municipio di Tripoli,F,1
769,class,54. Attivita artistiche,D) Liberi professionisti,municipio di Bengasi,MF,2
769,class,54. Attivita artistiche,D) Liberi professionisti,municipio di Bengasi,M,2
769,class,54. Attivita artistiche,D) Liberi professionisti,municipio di Bengasi,F,0
770,class,54. Attivita artistiche,F) Impiegati,Libia,MF,2
770,class,54. Attivita artistiche,F) Impiegati,Libia,M,2
770,class,54. Attivita artistiche,F) Impiegati,Libia,F,0
770,class,54. Attivita artistiche,F) Impiegati,municipio di Tripoli,MF,2
770,class,54. Attivita artistiche,F) Impiegati,municipio di Tripoli,M,2
770,class,54. Attivita artistiche,F) Impiegati,municipio di Tripoli,F,0
770,class,54. Attivita artistiche,F) Impiegati,municipio di Bengasi,MF,0
770,class,54. Attivita artistiche,F) Impiegati,municipio di Bengasi,M,0
770,class,54. Attivita artistiche,F) Impiegati,municipio di Bengasi,F,0
771,class,54. Attivita artistiche,H) Operai,Libia,MF,1
771,class,54. Attivita artistiche,H) Operai,Libia,M,1
771,class,54. Attivita artistiche,H) Operai,Libia,F,0
771,class,54. Attivita artistiche,H) Operai,municipio di Tripoli,MF,0
771,class,54. Attivita artistiche,H) Operai,municipio di Tripoli,M,0
771,class,54. Attivita artistiche,H) Operai,municipio di Tripoli,F,0
771,class,54. Attivita artistiche,H) Operai,municipio di Bengasi,MF,1
771,class,54. Attivita artistiche,H) Operai,municipio di Bengasi,M,1
771,class,54. Attivita artistiche,H) Operai,municipio di Bengasi,F,0
772,class,54. Attivita artistiche,Totale,Libia,MF,17
772,class,54. Attivita artistiche,Totale,Libia,M,16
772,class,54. Attivita artistiche,Totale,Libia,F,1
772,class,54. Attivita artistiche,Totale,municipio di Tripoli,MF,13
772,class,54. Attivita artistiche,Totale,municipio di Tripoli,M,12
772,class,54. Attivita artistiche,Totale,municipio di Tripoli,F,1
772,class,54. Attivita artistiche,Totale,municipio di Bengasi,MF,3
772,class,54. Attivita artistiche,Totale,municipio di Bengasi,M,3
772,class,54. Attivita artistiche,Totale,municipio di Bengasi,F,0
773,class,55. Attivita sportive,D) Liberi professionisti,Libia,MF,2
773,class,55. Attivita sportive,D) Liberi professionisti,Libia,M,2
773,class,55. Attivita sportive,D) Liberi professionisti,Libia,F,0
773,class,55. Attivita sportive,D) Liberi professionisti,municipio di Tripoli,MF,2
773,class,55. Attivita sportive,D) Liberi professionisti,municipio di Tripoli,M,2
773,class,55. Attivita sportive,D) Liberi professionisti,municipio di Tripoli,F,0
773,class,55. Attivita sportive,D) Liberi professionisti,municipio di Bengasi,MF,0
773,class,55. Attivita sportive,D) Liberi professionisti,municipio di Bengasi,M,0
773,class,55. Attivita sportive,D) Liberi professionisti,municipio di Bengasi,F,0
774,class,55. Attivita sportive,Totale,Libia,MF,2
774,class,55. Attivita sportive,Totale,Libia,M,2
774,class,55. Attivita sportive,Totale,Libia,F,0
774,class,55. Attivita sportive,Totale,municipio di Tripoli,MF,2
774,class,55. Attivita sportive,Totale,municipio di Tripoli,M,2
774,class,55. Attivita sportive,Totale,municipio di Tripoli,F,0
774,class,55. Attivita sportive,Totale,municipio di Bengasi,MF,0
774,class,55. Attivita sportive,Totale,municipio di Bengasi,M,0
774,class,55. Attivita sportive,Totale,municipio di Bengasi,F,0
775,class,56. Attivita varie,Totale,Libia,MF,0
775,class,56. Attivita varie,Totale,Libia,M,0
775,class,56. Attivita varie,Totale,Libia,F,0
775,class,56. Attivita varie,Totale,municipio di Tripoli,MF,0
775,class,56. Attivita varie,Totale,municipio di Tripoli,M,0
775,class,56. Attivita varie,Totale,municipio di Tripoli,F,0
775,class,56. Attivita varie,Totale,municipio di Bengasi,MF,0
775,class,56. Attivita varie,Totale,municipio di Bengasi,M,0
775,class,56. Attivita varie,Totale,municipio di Bengasi,F,0
776,category,VIII. Amministrazione pubblica,E) Dirigenti e assimilati,Libia,MF,91
776,category,VIII. Amministrazione pubblica,E) Dirigenti e assimilati,Libia,M,90
776,category,VIII. Amministrazione pubblica,E) Dirigenti e assimilati,Libia,F,1
776,category,VIII. Amministrazione pubblica,E) Dirigenti e assimilati,municipio di Tripoli,MF,43
776,category,VIII. Amministrazione pubblica,E) Dirigenti e assimilati,municipio di Tripoli,M,43
776,category,VIII. Amministrazione pubblica,E) Dirigenti e assimilati,municipio di Tripoli,F,0
776,category,VIII. Amministrazione pubblica,E) Dirigenti e assimilati,municipio di Bengasi,MF,27
776,category,VIII. Amministrazione pubblica,E) Dirigenti e assimilati,municipio di Bengasi,M,26
776,category,VIII. Amministrazione pubblica,E) Dirigenti e assimilati,municipio di Bengasi,F,1
777,category,VIII. Amministrazione pubblica,F) Impiegati e assimilati,Libia,MF,5325
777,category,VIII. Amministrazione pubblica,F) Impiegati e assimilati,Libia,M,4732
777,category,VIII. Amministrazione pubblica,F) Impiegati e assimilati,Libia,F,593
777,category,VIII. Amministrazione pubblica,F) Impiegati e assimilati,municipio di Tripoli,MF,2063
777,category,VIII. Amministrazione pubblica,F) Impiegati e assimilati,municipio di Tripoli,M,1757
777,category,VIII. Amministrazione pubblica,F) Impiegati e assimilati,municipio di Tripoli,F,306
777,category,VIII. Amministrazione pubblica,F) Impiegati e assimilati,municipio di Bengasi,MF,1364
777,category,VIII. Amministrazione pubblica,F) Impiegati e assimilati,municipio di Bengasi,M,1202
777,category,VIII. Amministrazione pubblica,F) Impiegati e assimilati,municipio di Bengasi,F,162
778,category,VIII. Amministrazione pubblica,G) Personale di servizio e di fatica,Libia,MF,258
778,category,VIII. Amministrazione pubblica,G) Personale di servizio e di fatica,Libia,M,236
778,category,VIII. Amministrazione pubblica,G) Personale di servizio e di fatica,Libia,F,22
778,category,VIII. Amministrazione pubblica,G) Personale di servizio e di fatica,municipio di Tripoli,MF,152
778,category,VIII. Amministrazione pubblica,G) Personale di servizio e di fatica,municipio di Tripoli,M,137
778,category,VIII. Amministrazione pubblica,G) Personale di servizio e di fatica,municipio di Tripoli,F,15
778,category,VIII. Amministrazione pubblica,G) Personale di servizio e di fatica,municipio di Bengasi,MF,54
778,category,VIII. Amministrazione pubblica,G) Personale di servizio e di fatica,municipio di Bengasi,M,52
778,category,VIII. Amministrazione pubblica,G) Personale di servizio e di fatica,municipio di Bengasi,F,2
779,category,VIII. Amministrazione pubblica,H) Operai e assimilati,Libia,MF,2269
779,category,VIII. Amministrazione pubblica,H) Operai e assimilati,Libia,M,2257
779,category,VIII. Amministrazione pubblica,H) Operai e assimilati,Libia,F,12
779,category,VIII. Amministrazione pubblica,H) Operai e assimilati,municipio di Tripoli,MF,684
779,category,VIII. Amministrazione pubblica,H) Operai e assimilati,municipio di Tripoli,M,673
779,category,VIII. Amministrazione pubblica,H) Operai e assimilati,municipio di Tripoli,F,11
779,category,VIII. Amministrazione pubblica,H) Operai e assimilati,municipio di Bengasi,MF,596
779,category,VIII. Amministrazione pubblica,H) Operai e assimilati,municipio di Bengasi,M,595
779,category,VIII. Amministrazione pubblica,H) Operai e assimilati,municipio di Bengasi,F,1
780,category,VIII. Amministrazione pubblica,Totale,Libia,MF,7943
780,category,VIII. Amministrazione pubblica,Totale,Libia,M,7315
780,category,VIII. Amministrazione pubblica,Totale,Libia,F,628
780,category,VIII. Amministrazione pubblica,Totale,municipio di Tripoli,MF,2942
780,category,VIII. Amministrazione pubblica,Totale,municipio di Tripoli,M,2610
780,category,VIII. Amministrazione pubblica,Totale,municipio di Tripoli,F,332
780,category,VIII. Amministrazione pubblica,Totale,municipio di Bengasi,MF,2041
780,category,VIII. Amministrazione pubblica,Totale,municipio di Bengasi,M,1875
780,category,VIII. Amministrazione pubblica,Totale,municipio di Bengasi,F,166
781,class,57. Amministrazione statale,E) Dirigenti,Libia,MF,41
781,class,57. Amministrazione statale,E) Dirigenti,Libia,M,41
781,class,57. Amministrazione statale,E) Dirigenti,Libia,F,0
781,class,57. Amministrazione statale,E) Dirigenti,municipio di Tripoli,MF,24
781,class,57. Amministrazione statale,E) Dirigenti,municipio di Tripoli,M,24
781,class,57. Amministrazione statale,E) Dirigenti,municipio di Tripoli,F,0
781,class,57. Amministrazione statale,E) Dirigenti,municipio di Bengasi,MF,13
781,class,57. Amministrazione statale,E) Dirigenti,municipio di Bengasi,M,13
781,class,57. Amministrazione statale,E) Dirigenti,municipio di Bengasi,F,0
782,class,57. Amministrazione statale,F) Impiegati,Libia,MF,1459
782,class,57. Amministrazione statale,F) Impiegati,Libia,M,1391
782,class,57. Amministrazione statale,F) Impiegati,Libia,F,68
782,class,57. Amministrazione statale,F) Impiegati,municipio di Tripoli,MF,747
782,class,57. Amministrazione statale,F) Impiegati,municipio di Tripoli,M,711
782,class,57. Amministrazione statale,F) Impiegati,municipio di Tripoli,F,36
782,class,57. Amministrazione statale,F) Impiegati,municipio di Bengasi,MF,414
782,class,57. Amministrazione statale,F) Impiegati,municipio di Bengasi,M,390
782,class,57. Amministrazione statale,F) Impiegati,municipio di Bengasi,F,24
783,class,57. Amministrazione statale,G) Personale di servizio e di fatica,Libia,MF,44
783,class,57. Amministrazione statale,G) Personale di servizio e di fatica,Libia,M,41
783,class,57. Amministrazione statale,G) Personale di servizio e di fatica,Libia,F,3
783,class,57. Amministrazione statale,G) Personale di servizio e di fatica,municipio di Tripoli,MF,29
783,class,57. Amministrazione statale,G) Personale di servizio e di fatica,municipio di Tripoli,M,26
783,class,57. Amministrazione statale,G) Personale di servizio e di fatica,municipio di Tripoli,F,3
783,class,57. Amministrazione statale,G) Personale di servizio e di fatica,municipio di Bengasi,MF,6
783,class,57. Amministrazione statale,G) Personale di servizio e di fatica,municipio di Bengasi,M,6
783,class,57. Amministrazione statale,G) Personale di servizio e di fatica,municipio di Bengasi,F,0
784,class,57. Amministrazione statale,H) Operai,Libia,MF,796
784,class,57. Amministrazione statale,H) Operai,Libia,M,794
784,class,57. Amministrazione statale,H) Operai,Libia,F,2
784,class,57. Amministrazione statale,H) Operai,municipio di Tripoli,MF,398
784,class,57. Amministrazione statale,H) Operai,municipio di Tripoli,M,397
784,class,57. Amministrazione statale,H) Operai,municipio di Tripoli,F,1
784,class,57. Amministrazione statale,H) Operai,municipio di Bengasi,MF,204
784,class,57. Amministrazione statale,H) Operai,municipio di Bengasi,M,203
784,class,57. Amministrazione statale,H) Operai,municipio di Bengasi,F,1
785,class,57. Amministrazione statale,Totale,Libia,MF,2340
785,class,57. Amministrazione statale,Totale,Libia,M,2267
785,class,57. Amministrazione statale,Totale,Libia,F,73
785,class,57. Amministrazione statale,Totale,municipio di Tripoli,MF,1198
785,class,57. Amministrazione statale,Totale,municipio di Tripoli,M,1158
785,class,57. Amministrazione statale,Totale,municipio di Tripoli,F,40
785,class,57. Amministrazione statale,Totale,municipio di Bengasi,MF,637
785,class,57. Amministrazione statale,Totale,municipio di Bengasi,M,612
785,class,57. Amministrazione statale,Totale,municipio di Bengasi,F,25
786,class,58. Amministrazione parastatale,E) Dirigenti,Libia,MF,2
786,class,58. Amministrazione parastatale,E) Dirigenti,Libia,M,2
786,class,58. Amministrazione parastatale,E) Dirigenti,Libia,F,0
786,class,58. Amministrazione parastatale,E) Dirigenti,municipio di Tripoli,MF,1
786,class,58. Amministrazione parastatale,E) Dirigenti,municipio di Tripoli,M,1
786,class,58. Amministrazione parastatale,E) Dirigenti,municipio di Tripoli,F,0
786,class,58. Amministrazione parastatale,E) Dirigenti,municipio di Bengasi,MF,1
786,class,58. Amministrazione parastatale,E) Dirigenti,municipio di Bengasi,M,1
786,class,58. Amministrazione parastatale,E) Dirigenti,municipio di Bengasi,F,0
787,class,58. Amministrazione parastatale,F) Impiegati,Libia,MF,21
787,class,58. Amministrazione parastatale,F) Impiegati,Libia,M,18
787,class,58. Amministrazione parastatale,F) Impiegati,Libia,F,3
787,class,58. Amministrazione parastatale,F) Impiegati,municipio di Tripoli,MF,12
787,class,58. Amministrazione parastatale,F) Impiegati,municipio di Tripoli,M,11
787,class,58. Amministrazione parastatale,F) Impiegati,municipio di Tripoli,F,1
787,class,58. Amministrazione parastatale,F) Impiegati,municipio di Bengasi,MF,5
787,class,58. Amministrazione parastatale,F) Impiegati,municipio di Bengasi,M,3
787,class,58. Amministrazione parastatale,F) Impiegati,municipio di Bengasi,F,2
788,class,58. Amministrazione parastatale,G) Personale di servizio e di fatica,Libia,MF,2
788,class,58. Amministrazione parastatale,G) Personale di servizio e di fatica,Libia,M,2
788,class,58. Amministrazione parastatale,G) Personale di servizio e di fatica,Libia,F,0
788,class,58. Amministrazione parastatale,G) Personale di servizio e di fatica,municipio di Tripoli,MF,0
788,class,58. Amministrazione parastatale,G) Personale di servizio e di fatica,municipio di Tripoli,M,0
788,class,58. Amministrazione parastatale,G) Personale di servizio e di fatica,municipio di Tripoli,F,0
788,class,58. Amministrazione parastatale,G) Personale di servizio e di fatica,municipio di Bengasi,MF,0
788,class,58. Amministrazione parastatale,G) Personale di servizio e di fatica,municipio di Bengasi,M,0
788,class,58. Amministrazione parastatale,G) Personale di servizio e di fatica,municipio di Bengasi,F,0
789,class,58. Amministrazione parastatale,H) Operai,Libia,MF,41
789,class,58. Amministrazione parastatale,H) Operai,Libia,M,40
789,class,58. Amministrazione parastatale,H) Operai,Libia,F,1
789,class,58. Amministrazione parastatale,H) Operai,municipio di Tripoli,MF,3
789,class,58. Amministrazione parastatale,H) Operai,municipio di Tripoli,M,2
789,class,58. Amministrazione parastatale,H) Operai,municipio di Tripoli,F,1
789,class,58. Amministrazione parastatale,H) Operai,municipio di Bengasi,MF,3
789,class,58. Amministrazione parastatale,H) Operai,municipio di Bengasi,M,3
789,class,58. Amministrazione parastatale,H) Operai,municipio di Bengasi,F,0
790,class,58. Amministrazione parastatale,Totale,Libia,MF,66
790,class,58. Amministrazione parastatale,Totale,Libia,M,62
790,class,58. Amministrazione parastatale,Totale,Libia,F,4
790,class,58. Amministrazione parastatale,Totale,municipio di Tripoli,MF,16
790,class,58. Amministrazione parastatale,Totale,municipio di Tripoli,M,14
790,class,58. Amministrazione parastatale,Totale,municipio di Tripoli,F,2
790,class,58. Amministrazione parastatale,Totale,municipio di Bengasi,MF,9
790,class,58. Amministrazione parastatale,Totale,municipio di Bengasi,M,7
790,class,58. Amministrazione parastatale,Totale,municipio di Bengasi,F,2
791,class,59. Amministrazione autarchica,E) Dirigenti,Libia,MF,17
791,class,59. Amministrazione autarchica,E) Dirigenti,Libia,M,16
791,class,59. Amministrazione autarchica,E) Dirigenti,Libia,F,1
791,class,59. Amministrazione autarchica,E) Dirigenti,municipio di Tripoli,MF,9
791,class,59. Amministrazione autarchica,E) Dirigenti,municipio di Tripoli,M,9
791,class,59. Amministrazione autarchica,E) Dirigenti,municipio di Tripoli,F,0
791,class,59. Amministrazione autarchica,E) Dirigenti,municipio di Bengasi,MF,3
791,class,59. Amministrazione autarchica,E) Dirigenti,municipio di Bengasi,M,2
791,class,59. Amministrazione autarchica,E) Dirigenti,municipio di Bengasi,F,1
792,class,59. Amministrazione autarchica,F) Impiegati,Libia,MF,542
792,class,59. Amministrazione autarchica,F) Impiegati,Libia,M,343
792,class,59. Amministrazione autarchica,F) Impiegati,Libia,F,199
792,class,59. Amministrazione autarchica,F) Impiegati,municipio di Tripoli,MF,263
792,class,59. Amministrazione autarchica,F) Impiegati,municipio di Tripoli,M,160
792,class,59. Amministrazione autarchica,F) Impiegati,municipio di Tripoli,F,103
792,class,59. Amministrazione autarchica,F) Impiegati,municipio di Bengasi,MF,165
792,class,59. Amministrazione autarchica,F) Impiegati,municipio di Bengasi,M,108
792,class,59. Amministrazione autarchica,F) Impiegati,municipio di Bengasi,F,57
793,class,59. Amministrazione autarchica,G) Personale di servizio e di fatica,Libia,MF,54
793,class,59. Amministrazione autarchica,G) Personale di servizio e di fatica,Libia,M,52
793,class,59. Amministrazione autarchica,G) Personale di servizio e di fatica,Libia,F,2
793,class,59. Amministrazione autarchica,G) Personale di servizio e di fatica,municipio di Tripoli,MF,34
793,class,59. Amministrazione autarchica,G) Personale di servizio e di fatica,municipio di Tripoli,M,33
793,class,59. Amministrazione autarchica,G) Personale di servizio e di fatica,municipio di Tripoli,F,1
793,class,59. Amministrazione autarchica,G) Personale di servizio e di fatica,municipio di Bengasi,MF,11
793,class,59. Amministrazione autarchica,G) Personale di servizio e di fatica,municipio di Bengasi,M,11
793,class,59. Amministrazione autarchica,G) Personale di servizio e di fatica,municipio di Bengasi,F,0
794,class,59. Amministrazione autarchica,H) Operai,Libia,MF,154
794,class,59. Amministrazione autarchica,H) Operai,Libia,M,145
794,class,59. Amministrazione autarchica,H) Operai,Libia,F,9
794,class,59. Amministrazione autarchica,H) Operai,municipio di Tripoli,MF,91
794,class,59. Amministrazione autarchica,H) Operai,municipio di Tripoli,M,82
794,class,59. Amministrazione autarchica,H) Operai,municipio di Tripoli,F,9
794,class,59. Amministrazione autarchica,H) Operai,municipio di Bengasi,MF,38
794,class,59. Amministrazione autarchica,H) Operai,municipio di Bengasi,M,38
794,class,59. Amministrazione autarchica,H) Operai,municipio di Bengasi,F,0
795,class,59. Amministrazione autarchica,Totale,Libia,MF,767
795,class,59. Amministrazione autarchica,Totale,Libia,M,556
795,class,59. Amministrazione autarchica,Totale,Libia,F,211
795,class,59. Amministrazione autarchica,Totale,municipio di Tripoli,MF,397
795,class,59. Amministrazione autarchica,Totale,municipio di Tripoli,M,284
795,class,59. Amministrazione autarchica,Totale,municipio di Tripoli,F,113
795,class,59. Amministrazione autarchica,Totale,municipio di Bengasi,MF,217
795,class,59. Amministrazione autarchica,Totale,municipio di Bengasi,M,159
795,class,59. Amministrazione autarchica,Totale,municipio di Bengasi,F,58
796,subclass,59.371 Amministrazioni comunali,F) Impiegati,Libia,MF,222
796,subclass,59.371 Amministrazioni comunali,F) Impiegati,Libia,M,186
796,subclass,59.371 Amministrazioni comunali,F) Impiegati,Libia,F,36
796,subclass,59.371 Amministrazioni comunali,F) Impiegati,municipio di Tripoli,MF,102
796,subclass,59.371 Amministrazioni comunali,F) Impiegati,municipio di Tripoli,M,88
796,subclass,59.371 Amministrazioni comunali,F) Impiegati,municipio di Tripoli,F,14
796,subclass,59.371 Amministrazioni comunali,F) Impiegati,municipio di Bengasi,MF,54
796,subclass,59.371 Amministrazioni comunali,F) Impiegati,municipio di Bengasi,M,45
796,subclass,59.371 Amministrazioni comunali,F) Impiegati,municipio di Bengasi,F,9
797,subclass,59.371 Amministrazioni comunali,G) Personale di servizio e di fatica,Libia,MF,30
797,subclass,59.371 Amministrazioni comunali,G) Personale di servizio e di fatica,Libia,M,30
797,subclass,59.371 Amministrazioni comunali,G) Personale di servizio e di fatica,Libia,F,0
797,subclass,59.371 Amministrazioni comunali,G) Personale di servizio e di fatica,municipio di Tripoli,MF,14
797,subclass,59.371 Amministrazioni comunali,G) Personale di servizio e di fatica,municipio di Tripoli,M,14
797,subclass,59.371 Amministrazioni comunali,G) Personale di servizio e di fatica,municipio di Tripoli,F,0
797,subclass,59.371 Amministrazioni comunali,G) Personale di servizio e di fatica,municipio di Bengasi,MF,9
797,subclass,59.371 Amministrazioni comunali,G) Personale di servizio e di fatica,municipio di Bengasi,M,9
797,subclass,59.371 Amministrazioni comunali,G) Personale di servizio e di fatica,municipio di Bengasi,F,0
798,subclass,59.371 Amministrazioni comunali,H) Operai,Libia,MF,93
798,subclass,59.371 Amministrazioni comunali,H) Operai,Libia,M,93
798,subclass,59.371 Amministrazioni comunali,H) Operai,Libia,F,0
798,subclass,59.371 Amministrazioni comunali,H) Operai,municipio di Tripoli,MF,49
798,subclass,59.371 Amministrazioni comunali,H) Operai,municipio di Tripoli,M,49
798,subclass,59.371 Amministrazioni comunali,H) Operai,municipio di Tripoli,F,0
798,subclass,59.371 Amministrazioni comunali,H) Operai,municipio di Bengasi,MF,24
798,subclass,59.371 Amministrazioni comunali,H) Operai,municipio di Bengasi,M,24
798,subclass,59.371 Amministrazioni comunali,H) Operai,municipio di Bengasi,F,0
799,subclass,59.371 Amministrazioni comunali,Totale,Libia,MF,345
799,subclass,59.371 Amministrazioni comunali,Totale,Libia,M,309
799,subclass,59.371 Amministrazioni comunali,Totale,Libia,F,36
799,subclass,59.371 Amministrazioni comunali,Totale,municipio di Tripoli,MF,165
799,subclass,59.371 Amministrazioni comunali,Totale,municipio di Tripoli,M,151
799,subclass,59.371 Amministrazioni comunali,Totale,municipio di Tripoli,F,14
799,subclass,59.371 Amministrazioni comunali,Totale,municipio di Bengasi,MF,87
799,subclass,59.371 Amministrazioni comunali,Totale,municipio di Bengasi,M,78
799,subclass,59.371 Amministrazioni comunali,Totale,municipio di Bengasi,F,9
800,subclass,59.372 Istituti di beneficenza ed altri enti morali,E) Dirigenti,Libia,MF,17
800,subclass,59.372 Istituti di beneficenza ed altri enti morali,E) Dirigenti,Libia,M,16
800,subclass,59.372 Istituti di beneficenza ed altri enti morali,E) Dirigenti,Libia,F,1
800,subclass,59.372 Istituti di beneficenza ed altri enti morali,E) Dirigenti,municipio di Tripoli,MF,9
800,subclass,59.372 Istituti di beneficenza ed altri enti morali,E) Dirigenti,municipio di Tripoli,M,9
800,subclass,59.372 Istituti di beneficenza ed altri enti morali,E) Dirigenti,municipio di Tripoli,F,0
800,subclass,59.372 Istituti di beneficenza ed altri enti morali,E) Dirigenti,municipio di Bengasi,MF,3
800,subclass,59.372 Istituti di beneficenza ed altri enti morali,E) Dirigenti,municipio di Bengasi,M,2
800,subclass,59.372 Istituti di beneficenza ed altri enti morali,E) Dirigenti,municipio di Bengasi,F,1
801,subclass,59.372 Istituti di beneficenza ed altri enti morali,F) Impiegati,Libia,MF,289
801,subclass,59.372 Istituti di beneficenza ed altri enti morali,F) Impiegati,Libia,M,130
801,subclass,59.372 Istituti di beneficenza ed altri enti morali,F) Impiegati,Libia,F,159
801,subclass,59.372 Istituti di beneficenza ed altri enti morali,F) Impiegati,municipio di Tripoli,MF,160
801,subclass,59.372 Istituti di beneficenza ed altri enti morali,F) Impiegati,municipio di Tripoli,M,71
801,subclass,59.372 Istituti di beneficenza ed altri enti morali,F) Impiegati,municipio di Tripoli,F,89
801,subclass,59.372 Istituti di beneficenza ed altri enti morali,F) Impiegati,municipio di Bengasi,MF,83
801,subclass,59.372 Istituti di beneficenza ed altri enti morali,F) Impiegati,municipio di Bengasi,M,37
801,subclass,59.372 Istituti di beneficenza ed altri enti morali,F) Impiegati,municipio di Bengasi,F,46
802,subclass,59.372 Istituti di beneficenza ed altri enti morali,G) Personale di servizio e di fatica,Libia,MF,24
802,subclass,59.372 Istituti di beneficenza ed altri enti morali,G) Personale di servizio e di fatica,Libia,M,22
802,subclass,59.372 Istituti di beneficenza ed altri enti morali,G) Personale di servizio e di fatica,Libia,F,2
802,subclass,59.372 Istituti di beneficenza ed altri enti morali,G) Personale di servizio e di fatica,municipio di Tripoli,MF,20
802,subclass,59.372 Istituti di beneficenza ed altri enti morali,G) Personale di servizio e di fatica,municipio di Tripoli,M,19
802,subclass,59.372 Istituti di beneficenza ed altri enti morali,G) Personale di servizio e di fatica,municipio di Tripoli,F,1
802,subclass,59.372 Istituti di beneficenza ed altri enti morali,G) Personale di servizio e di fatica,municipio di Bengasi,MF,2
802,subclass,59.372 Istituti di beneficenza ed altri enti morali,G) Personale di servizio e di fatica,municipio di Bengasi,M,2
802,subclass,59.372 Istituti di beneficenza ed altri enti morali,G) Personale di servizio e di fatica,municipio di Bengasi,F,0
803,subclass,59.372 Istituti di beneficenza ed altri enti morali,H) Operai,Libia,MF,56
803,subclass,59.372 Istituti di beneficenza ed altri enti morali,H) Operai,Libia,M,47
803,subclass,59.372 Istituti di beneficenza ed altri enti morali,H) Operai,Libia,F,9
803,subclass,59.372 Istituti di beneficenza ed altri enti morali,H) Operai,municipio di Tripoli,MF,42
803,subclass,59.372 Istituti di beneficenza ed altri enti morali,H) Operai,municipio di Tripoli,M,33
803,subclass,59.372 Istituti di beneficenza ed altri enti morali,H) Operai,municipio di Tripoli,F,9
803,subclass,59.372 Istituti di beneficenza ed altri enti morali,H) Operai,municipio di Bengasi,MF,9
803,subclass,59.372 Istituti di beneficenza ed altri enti morali,H) Operai,municipio di Bengasi,M,9
803,subclass,59.372 Istituti di beneficenza ed altri enti morali,H) Operai,municipio di Bengasi,F,0
804,subclass,59.372 Istituti di beneficenza ed altri enti morali,Totale,Libia,MF,386
804,subclass,59.372 Istituti di beneficenza ed altri enti morali,Totale,Libia,M,215
804,subclass,59.372 Istituti di beneficenza ed altri enti morali,Totale,Libia,F,171
804,subclass,59.372 Istituti di beneficenza ed altri enti morali,Totale,municipio di Tripoli,MF,231
804,subclass,59.372 Istituti di beneficenza ed altri enti morali,Totale,municipio di Tripoli,M,132
804,subclass,59.372 Istituti di beneficenza ed altri enti morali,Totale,municipio di Tripoli,F,99
804,subclass,59.372 Istituti di beneficenza ed altri enti morali,Totale,municipio di Bengasi,MF,97
804,subclass,59.372 Istituti di beneficenza ed altri enti morali,Totale,municipio di Bengasi,M,50
804,subclass,59.372 Istituti di beneficenza ed altri enti morali,Totale,municipio di Bengasi,F,47
805,class,60. Insegnamento pubblico,E) Dirigenti,Libia,MF,3
805,class,60. Insegnamento pubblico,E) Dirigenti,Libia,M,3
805,class,60. Insegnamento pubblico,E) Dirigenti,Libia,F,0
805,class,60. Insegnamento pubblico,E) Dirigenti,municipio di Tripoli,MF,1
805,class,60. Insegnamento pubblico,E) Dirigenti,municipio di Tripoli,M,1
805,class,60. Insegnamento pubblico,E) Dirigenti,municipio di Tripoli,F,0
805,class,60. Insegnamento pubblico,E) Dirigenti,municipio di Bengasi,MF,2
805,class,60. Insegnamento pubblico,E) Dirigenti,municipio di Bengasi,M,2
805,class,60. Insegnamento pubblico,E) Dirigenti,municipio di Bengasi,F,0
806,class,60. Insegnamento pubblico,F) Impiegati,Libia,MF,542
806,class,60. Insegnamento pubblico,F) Impiegati,Libia,M,222
806,class,60. Insegnamento pubblico,F) Impiegati,Libia,F,320
806,class,60. Insegnamento pubblico,F) Impiegati,municipio di Tripoli,MF,252
806,class,60. Insegnamento pubblico,F) Impiegati,municipio di Tripoli,M,87
806,class,60. Insegnamento pubblico,F) Impiegati,municipio di Tripoli,F,165
806,class,60. Insegnamento pubblico,F) Impiegati,municipio di Bengasi,MF,126
806,class,60. Insegnamento pubblico,F) Impiegati,municipio di Bengasi,M,49
806,class,60. Insegnamento pubblico,F) Impiegati,municipio di Bengasi,F,77
807,class,60. Insegnamento pubblico,G) Personale di servizio e di fatica,Libia,MF,17
807,class,60. Insegnamento pubblico,G) Personale di servizio e di fatica,Libia,M,0
807,class,60. Insegnamento pubblico,G) Personale di servizio e di fatica,Libia,F,17
807,class,60. Insegnamento pubblico,G) Personale di servizio e di fatica,municipio di Tripoli,MF,11
807,class,60. Insegnamento pubblico,G) Personale di servizio e di fatica,municipio di Tripoli,M,0
807,class,60. Insegnamento pubblico,G) Personale di servizio e di fatica,municipio di Tripoli,F,11
807,class,60. Insegnamento pubblico,G) Personale di servizio e di fatica,municipio di Bengasi,MF,2
807,class,60. Insegnamento pubblico,G) Personale di servizio e di fatica,municipio di Bengasi,M,0
807,class,60. Insegnamento pubblico,G) Personale di servizio e di fatica,municipio di Bengasi,F,2
808,class,60. Insegnamento pubblico,H) Operai,Libia,MF,5
808,class,60. Insegnamento pubblico,H) Operai,Libia,M,5
808,class,60. Insegnamento pubblico,H) Operai,Libia,F,0
808,class,60. Insegnamento pubblico,H) Operai,municipio di Tripoli,MF,2
808,class,60. Insegnamento pubblico,H) Operai,municipio di Tripoli,M,2
808,class,60. Insegnamento pubblico,H) Operai,municipio di Tripoli,F,0
808,class,60. Insegnamento pubblico,H) Operai,municipio di Bengasi,MF,3
808,class,60. Insegnamento pubblico,H) Operai,municipio di Bengasi,M,3
808,class,60. Insegnamento pubblico,H) Operai,municipio di Bengasi,F,0
809,class,60. Insegnamento pubblico,Totale,Libia,MF,567
809,class,60. Insegnamento pubblico,Totale,Libia,M,230
809,class,60. Insegnamento pubblico,Totale,Libia,F,337
809,class,60. Insegnamento pubblico,Totale,municipio di Tripoli,MF,266
809,class,60. Insegnamento pubblico,Totale,municipio di Tripoli,M,90
809,class,60. Insegnamento pubblico,Totale,municipio di Tripoli,F,176
809,class,60. Insegnamento pubblico,Totale,municipio di Bengasi,MF,133
809,class,60. Insegnamento pubblico,Totale,municipio di Bengasi,M,54
809,class,60. Insegnamento pubblico,Totale,municipio di Bengasi,F,79
810,class,61. Difesa del Paese,E) Dirigenti e assimilati,Libia,MF,28
810,class,61. Difesa del Paese,E) Dirigenti e assimilati,Libia,M,28
810,class,61. Difesa del Paese,E) Dirigenti e assimilati,Libia,F,0
810,class,61. Difesa del Paese,E) Dirigenti e assimilati,municipio di Tripoli,MF,8
810,class,61. Difesa del Paese,E) Dirigenti e assimilati,municipio di Tripoli,M,8
810,class,61. Difesa del Paese,E) Dirigenti e assimilati,municipio di Tripoli,F,0
810,class,61. Difesa del Paese,E) Dirigenti e assimilati,municipio di Bengasi,MF,8
810,class,61. Difesa del Paese,E) Dirigenti e assimilati,municipio di Bengasi,M,8
810,class,61. Difesa del Paese,E) Dirigenti e assimilati,municipio di Bengasi,F,0
811,class,61. Difesa del Paese,F) Impiegati e assimilati,Libia,MF,2737
811,class,61. Difesa del Paese,F) Impiegati e assimilati,Libia,M,2737
811,class,61. Difesa del Paese,F) Impiegati e assimilati,Libia,F,0
811,class,61. Difesa del Paese,F) Impiegati e assimilati,municipio di Tripoli,MF,775
811,class,61. Difesa del Paese,F) Impiegati e assimilati,municipio di Tripoli,M,775
811,class,61. Difesa del Paese,F) Impiegati e assimilati,municipio di Tripoli,F,0
811,class,61. Difesa del Paese,F) Impiegati e assimilati,municipio di Bengasi,MF,646
811,class,61. Difesa del Paese,F) Impiegati e assimilati,municipio di Bengasi,M,646
811,class,61. Difesa del Paese,F) Impiegati e assimilati,municipio di Bengasi,F,0
812,class,61. Difesa del Paese,G) Personale di servizio e di fatica,Libia,MF,136
812,class,61. Difesa del Paese,G) Personale di servizio e di fatica,Libia,M,136
812,class,61. Difesa del Paese,G) Personale di servizio e di fatica,Libia,F,0
812,class,61. Difesa del Paese,G) Personale di servizio e di fatica,municipio di Tripoli,MF,74
812,class,61. Difesa del Paese,G) Personale di servizio e di fatica,municipio di Tripoli,M,74
812,class,61. Difesa del Paese,G) Personale di servizio e di fatica,municipio di Tripoli,F,0
812,class,61. Difesa del Paese,G) Personale di servizio e di fatica,municipio di Bengasi,MF,35
812,class,61. Difesa del Paese,G) Personale di servizio e di fatica,municipio di Bengasi,M,35
812,class,61. Difesa del Paese,G) Personale di servizio e di fatica,municipio di Bengasi,F,0
813,class,61. Difesa del Paese,H) Operai e assimilati,Libia,MF,1272
813,class,61. Difesa del Paese,H) Operai e assimilati,Libia,M,1272
813,class,61. Difesa del Paese,H) Operai e assimilati,Libia,F,0
813,class,61. Difesa del Paese,H) Operai e assimilati,municipio di Tripoli,MF,190
813,class,61. Difesa del Paese,H) Operai e assimilati,municipio di Tripoli,M,190
813,class,61. Difesa del Paese,H) Operai e assimilati,municipio di Tripoli,F,0
813,class,61. Difesa del Paese,H) Operai e assimilati,municipio di Bengasi,MF,347
813,class,61. Difesa del Paese,H) Operai e assimilati,municipio di Bengasi,M,347
813,class,61. Difesa del Paese,H) Operai e assimilati,municipio di Bengasi,F,0
814,class,61. Difesa del Paese,Totale,Libia,MF,4173
814,class,61. Difesa del Paese,Totale,Libia,M,4173
814,class,61. Difesa del Paese,Totale,Libia,F,0
814,class,61. Difesa del Paese,Totale,municipio di Tripoli,MF,1047
814,class,61. Difesa del Paese,Totale,municipio di Tripoli,M,1047
814,class,61. Difesa del Paese,Totale,municipio di Tripoli,F,0
814,class,61. Difesa del Paese,Totale,municipio di Bengasi,MF,1036
814,class,61. Difesa del Paese,Totale,municipio di Bengasi,M,1036
814,class,61. Difesa del Paese,Totale,municipio di Bengasi,F,0
815,class,62. Organizzazione sindacale,F) Impiegati,Libia,MF,13
815,class,62. Organizzazione sindacale,F) Impiegati,Libia,M,12
815,class,62. Organizzazione sindacale,F) Impiegati,Libia,F,1
815,class,62. Organizzazione sindacale,F) Impiegati,municipio di Tripoli,MF,9
815,class,62. Organizzazione sindacale,F) Impiegati,municipio di Tripoli,M,8
815,class,62. Organizzazione sindacale,F) Impiegati,municipio di Tripoli,F,1
815,class,62. Organizzazione sindacale,F) Impiegati,municipio di Bengasi,MF,2
815,class,62. Organizzazione sindacale,F) Impiegati,municipio di Bengasi,M,2
815,class,62. Organizzazione sindacale,F) Impiegati,municipio di Bengasi,F,0
816,class,62. Organizzazione sindacale,G) Personale di servizio e di fatica,Libia,MF,1
816,class,62. Organizzazione sindacale,G) Personale di servizio e di fatica,Libia,M,1
816,class,62. Organizzazione sindacale,G) Personale di servizio e di fatica,Libia,F,0
816,class,62. Organizzazione sindacale,G) Personale di servizio e di fatica,municipio di Tripoli,MF,1
816,class,62. Organizzazione sindacale,G) Personale di servizio e di fatica,municipio di Tripoli,M,1
816,class,62. Organizzazione sindacale,G) Personale di servizio e di fatica,municipio di Tripoli,F,0
816,class,62. Organizzazione sindacale,G) Personale di servizio e di fatica,municipio di Bengasi,MF,0
816,class,62. Organizzazione sindacale,G) Personale di servizio e di fatica,municipio di Bengasi,M,0
816,class,62. Organizzazione sindacale,G) Personale di servizio e di fatica,municipio di Bengasi,F,0
817,class,62. Organizzazione sindacale,Totale,Libia,MF,14
817,class,62. Organizzazione sindacale,Totale,Libia,M,13
817,class,62. Organizzazione sindacale,Totale,Libia,F,1
817,class,62. Organizzazione sindacale,Totale,municipio di Tripoli,MF,10
817,class,62. Organizzazione sindacale,Totale,municipio di Tripoli,M,9
817,class,62. Organizzazione sindacale,Totale,municipio di Tripoli,F,1
817,class,62. Organizzazione sindacale,Totale,municipio di Bengasi,MF,2
817,class,62. Organizzazione sindacale,Totale,municipio di Bengasi,M,2
817,class,62. Organizzazione sindacale,Totale,municipio di Bengasi,F,0
818,class,63. Organizzazione politica,F) Impiegati,Libia,MF,11
818,class,63. Organizzazione politica,F) Impiegati,Libia,M,9
818,class,63. Organizzazione politica,F) Impiegati,Libia,F,2
818,class,63. Organizzazione politica,F) Impiegati,municipio di Tripoli,MF,5
818,class,63. Organizzazione politica,F) Impiegati,municipio di Tripoli,M,5
818,class,63. Organizzazione politica,F) Impiegati,municipio di Tripoli,F,0
818,class,63. Organizzazione politica,F) Impiegati,municipio di Bengasi,MF,6
818,class,63. Organizzazione politica,F) Impiegati,municipio di Bengasi,M,4
818,class,63. Organizzazione politica,F) Impiegati,municipio di Bengasi,F,2
819,class,63. Organizzazione politica,G) Personale di servizio e di fatica,Libia,MF,4
819,class,63. Organizzazione politica,G) Personale di servizio e di fatica,Libia,M,4
819,class,63. Organizzazione politica,G) Personale di servizio e di fatica,Libia,F,0
819,class,63. Organizzazione politica,G) Personale di servizio e di fatica,municipio di Tripoli,MF,3
819,class,63. Organizzazione politica,G) Personale di servizio e di fatica,municipio di Tripoli,M,3
819,class,63. Organizzazione politica,G) Personale di servizio e di fatica,municipio di Tripoli,F,0
819,class,63. Organizzazione politica,G) Personale di servizio e di fatica,municipio di Bengasi,MF,0
819,class,63. Organizzazione politica,G) Personale di servizio e di fatica,municipio di Bengasi,M,0
819,class,63. Organizzazione politica,G) Personale di servizio e di fatica,municipio di Bengasi,F,0
820,class,63. Organizzazione politica,H) Operai,Libia,MF,1
820,class,63. Organizzazione politica,H) Operai,Libia,M,1
820,class,63. Organizzazione politica,H) Operai,Libia,F,0
820,class,63. Organizzazione politica,H) Operai,municipio di Tripoli,MF,0
820,class,63. Organizzazione politica,H) Operai,municipio di Tripoli,M,0
820,class,63. Organizzazione politica,H) Operai,municipio di Tripoli,F,0
820,class,63. Organizzazione politica,H) Operai,municipio di Bengasi,MF,1
820,class,63. Organizzazione politica,H) Operai,municipio di Bengasi,M,1
820,class,63. Organizzazione politica,H) Operai,municipio di Bengasi,F,0
821,class,63. Organizzazione politica,Totale,Libia,MF,16
821,class,63. Organizzazione politica,Totale,Libia,M,14
821,class,63. Organizzazione politica,Totale,Libia,F,2
821,class,63. Organizzazione politica,Totale,municipio di Tripoli,MF,8
821,class,63. Organizzazione politica,Totale,municipio di Tripoli,M,8
821,class,63. Organizzazione politica,Totale,municipio di Tripoli,F,0
821,class,63. Organizzazione politica,Totale,municipio di Bengasi,MF,7
821,class,63. Organizzazione politica,Totale,municipio di Bengasi,M,5
821,class,63. Organizzazione politica,Totale,municipio di Bengasi,F,2
822,category,IX. Amministrazione privata,E) Dirigenti,Libia,MF,3
822,category,IX. Amministrazione privata,E) Dirigenti,Libia,M,2
822,category,IX. Amministrazione privata,E) Dirigenti,Libia,F,1
822,category,IX. Amministrazione privata,E) Dirigenti,municipio di Tripoli,MF,2
822,category,IX. Amministrazione privata,E) Dirigenti,municipio di Tripoli,M,1
822,category,IX. Amministrazione privata,E) Dirigenti,municipio di Tripoli,F,1
822,category,IX. Amministrazione privata,E) Dirigenti,municipio di Bengasi,MF,1
822,category,IX. Amministrazione privata,E) Dirigenti,municipio di Bengasi,M,1
822,category,IX. Amministrazione privata,E) Dirigenti,municipio di Bengasi,F,0
823,category,IX. Amministrazione privata,F) Impiegati,Libia,MF,59
823,category,IX. Amministrazione privata,F) Impiegati,Libia,M,32
823,category,IX. Amministrazione privata,F) Impiegati,Libia,F,27
823,category,IX. Amministrazione privata,F) Impiegati,municipio di Tripoli,MF,44
823,category,IX. Amministrazione privata,F) Impiegati,municipio di Tripoli,M,28
823,category,IX. Amministrazione privata,F) Impiegati,municipio di Tripoli,F,16
823,category,IX. Amministrazione privata,F) Impiegati,municipio di Bengasi,MF,3
823,category,IX. Amministrazione privata,F) Impiegati,municipio di Bengasi,M,1
823,category,IX. Amministrazione privata,F) Impiegati,municipio di Bengasi,F,2
824,category,IX. Amministrazione privata,G) Personale di servizio e di fatica,Libia,MF,1
824,category,IX. Amministrazione privata,G) Personale di servizio e di fatica,Libia,M,0
824,category,IX. Amministrazione privata,G) Personale di servizio e di fatica,Libia,F,1
824,category,IX. Amministrazione privata,G) Personale di servizio e di fatica,municipio di Tripoli,MF,1
824,category,IX. Amministrazione privata,G) Personale di servizio e di fatica,municipio di Tripoli,M,0
824,category,IX. Amministrazione privata,G) Personale di servizio e di fatica,municipio di Tripoli,F,1
824,category,IX. Amministrazione privata,G) Personale di servizio e di fatica,municipio di Bengasi,MF,0
824,category,IX. Amministrazione privata,G) Personale di servizio e di fatica,municipio di Bengasi,M,0
824,category,IX. Amministrazione privata,G) Personale di servizio e di fatica,municipio di Bengasi,F,0
825,category,IX. Amministrazione privata,H) Operai,Libia,MF,29
825,category,IX. Amministrazione privata,H) Operai,Libia,M,28
825,category,IX. Amministrazione privata,H) Operai,Libia,F,1
825,category,IX. Amministrazione privata,H) Operai,municipio di Tripoli,MF,29
825,category,IX. Amministrazione privata,H) Operai,municipio di Tripoli,M,28
825,category,IX. Amministrazione privata,H) Operai,municipio di Tripoli,F,1
825,category,IX. Amministrazione privata,H) Operai,municipio di Bengasi,MF,0
825,category,IX. Amministrazione privata,H) Operai,municipio di Bengasi,M,0
825,category,IX. Amministrazione privata,H) Operai,municipio di Bengasi,F,0
826,category,IX. Amministrazione privata,Totale,Libia,MF,92
826,category,IX. Amministrazione privata,Totale,Libia,M,62
826,category,IX. Amministrazione privata,Totale,Libia,F,30
826,category,IX. Amministrazione privata,Totale,municipio di Tripoli,MF,76
826,category,IX. Amministrazione privata,Totale,municipio di Tripoli,M,57
826,category,IX. Amministrazione privata,Totale,municipio di Tripoli,F,19
826,category,IX. Amministrazione privata,Totale,municipio di Bengasi,MF,4
826,category,IX. Amministrazione privata,Totale,municipio di Bengasi,M,2
826,category,IX. Amministrazione privata,Totale,municipio di Bengasi,F,2
827,class,64. Insegnamento privato,E) Dirigenti,Libia,MF,2
827,class,64. Insegnamento privato,E) Dirigenti,Libia,M,1
827,class,64. Insegnamento privato,E) Dirigenti,Libia,F,1
827,class,64. Insegnamento privato,E) Dirigenti,municipio di Tripoli,MF,1
827,class,64. Insegnamento privato,E) Dirigenti,municipio di Tripoli,M,0
827,class,64. Insegnamento privato,E) Dirigenti,municipio di Tripoli,F,1
827,class,64. Insegnamento privato,E) Dirigenti,municipio di Bengasi,MF,1
827,class,64. Insegnamento privato,E) Dirigenti,municipio di Bengasi,M,1
827,class,64. Insegnamento privato,E) Dirigenti,municipio di Bengasi,F,0
828,class,64. Insegnamento privato,F) Impiegati,Libia,MF,57
828,class,64. Insegnamento privato,F) Impiegati,Libia,M,30
828,class,64. Insegnamento privato,F) Impiegati,Libia,F,27
828,class,64. Insegnamento privato,F) Impiegati,municipio di Tripoli,MF,43
828,class,64. Insegnamento privato,F) Impiegati,municipio di Tripoli,M,27
828,class,64. Insegnamento privato,F) Impiegati,municipio di Tripoli,F,16
828,class,64. Insegnamento privato,F) Impiegati,municipio di Bengasi,MF,2
828,class,64. Insegnamento privato,F) Impiegati,municipio di Bengasi,M,0
828,class,64. Insegnamento privato,F) Impiegati,municipio di Bengasi,F,2
829,class,64. Insegnamento privato,G) Personale di servizio e di fatica,Libia,MF,1
829,class,64. Insegnamento privato,G) Personale di servizio e di fatica,Libia,M,0
829,class,64. Insegnamento privato,G) Personale di servizio e di fatica,Libia,F,1
829,class,64. Insegnamento privato,G) Personale di servizio e di fatica,municipio di Tripoli,MF,1
829,class,64. Insegnamento privato,G) Personale di servizio e di fatica,municipio di Tripoli,M,0
829,class,64. Insegnamento privato,G) Personale di servizio e di fatica,municipio di Tripoli,F,1
829,class,64. Insegnamento privato,G) Personale di servizio e di fatica,municipio di Bengasi,MF,0
829,class,64. Insegnamento privato,G) Personale di servizio e di fatica,municipio di Bengasi,M,0
829,class,64. Insegnamento privato,G) Personale di servizio e di fatica,municipio di Bengasi,F,0
830,class,64. Insegnamento privato,H) Operai,Libia,MF,29
830,class,64. Insegnamento privato,H) Operai,Libia,M,28
830,class,64. Insegnamento privato,H) Operai,Libia,F,1
830,class,64. Insegnamento privato,H) Operai,municipio di Tripoli,MF,29
830,class,64. Insegnamento privato,H) Operai,municipio di Tripoli,M,28
830,class,64. Insegnamento privato,H) Operai,municipio di Tripoli,F,1
830,class,64. Insegnamento privato,H) Operai,municipio di Bengasi,MF,0
830,class,64. Insegnamento privato,H) Operai,municipio di Bengasi,M,0
830,class,64. Insegnamento privato,H) Operai,municipio di Bengasi,F,0
831,class,64. Insegnamento privato,Totale,Libia,MF,89
831,class,64. Insegnamento privato,Totale,Libia,M,59
831,class,64. Insegnamento privato,Totale,Libia,F,30
831,class,64. Insegnamento privato,Totale,municipio di Tripoli,MF,74
831,class,64. Insegnamento privato,Totale,municipio di Tripoli,M,55
831,class,64. Insegnamento privato,Totale,municipio di Tripoli,F,19
831,class,64. Insegnamento privato,Totale,municipio di Bengasi,MF,3
831,class,64. Insegnamento privato,Totale,municipio di Bengasi,M,1
831,class,64. Insegnamento privato,Totale,municipio di Bengasi,F,2
832,class,65. Altre amministrazioni private,E) Dirigenti,Libia,MF,1
832,class,65. Altre amministrazioni private,E) Dirigenti,Libia,M,1
832,class,65. Altre amministrazioni private,E) Dirigenti,Libia,F,0
832,class,65. Altre amministrazioni private,E) Dirigenti,municipio di Tripoli,MF,1
832,class,65. Altre amministrazioni private,E) Dirigenti,municipio di Tripoli,M,1
832,class,65. Altre amministrazioni private,E) Dirigenti,municipio di Tripoli,F,0
832,class,65. Altre amministrazioni private,E) Dirigenti,municipio di Bengasi,MF,0
832,class,65. Altre amministrazioni private,E) Dirigenti,municipio di Bengasi,M,0
832,class,65. Altre amministrazioni private,E) Dirigenti,municipio di Bengasi,F,0
833,class,65. Altre amministrazioni private,F) Impiegati,Libia,MF,2
833,class,65. Altre amministrazioni private,F) Impiegati,Libia,M,2
833,class,65. Altre amministrazioni private,F) Impiegati,Libia,F,0
833,class,65. Altre amministrazioni private,F) Impiegati,municipio di Tripoli,MF,1
833,class,65. Altre amministrazioni private,F) Impiegati,municipio di Tripoli,M,1
833,class,65. Altre amministrazioni private,F) Impiegati,municipio di Tripoli,F,0
833,class,65. Altre amministrazioni private,F) Impiegati,municipio di Bengasi,MF,1
833,class,65. Altre amministrazioni private,F) Impiegati,municipio di Bengasi,M,1
833,class,65. Altre amministrazioni private,F) Impiegati,municipio di Bengasi,F,0
834,class,65. Altre amministrazioni private,Totale,Libia,MF,3
834,class,65. Altre amministrazioni private,Totale,Libia,M,3
834,class,65. Altre amministrazioni private,Totale,Libia,F,0
834,class,65. Altre amministrazioni private,Totale,municipio di Tripoli,MF,2
834,class,65. Altre amministrazioni private,Totale,municipio di Tripoli,M,2
834,class,65. Altre amministrazioni private,Totale,municipio di Tripoli,F,0
834,class,65. Altre amministrazioni private,Totale,municipio di Bengasi,MF,1
834,class,65. Altre amministrazioni private,Totale,municipio di Bengasi,M,1
834,class,65. Altre amministrazioni private,Totale,municipio di Bengasi,F,0
835,category,X. Culto,F) Impiegati e assimilati,Libia,MF,84
835,category,X. Culto,F) Impiegati e assimilati,Libia,M,65
835,category,X. Culto,F) Impiegati e assimilati,Libia,F,19
835,category,X. Culto,F) Impiegati e assimilati,municipio di Tripoli,MF,33
835,category,X. Culto,F) Impiegati e assimilati,municipio di Tripoli,M,23
835,category,X. Culto,F) Impiegati e assimilati,municipio di Tripoli,F,10
835,category,X. Culto,F) Impiegati e assimilati,municipio di Bengasi,MF,16
835,category,X. Culto,F) Impiegati e assimilati,municipio di Bengasi,M,14
835,category,X. Culto,F) Impiegati e assimilati,municipio di Bengasi,F,2
836,category,X. Culto,G) Personale di servizio e di fatica,Libia,MF,3
836,category,X. Culto,G) Personale di servizio e di fatica,Libia,M,3
836,category,X. Culto,G) Personale di servizio e di fatica,Libia,F,0
836,category,X. Culto,G) Personale di servizio e di fatica,municipio di Tripoli,MF,3
836,category,X. Culto,G) Personale di servizio e di fatica,municipio di Tripoli,M,3
836,category,X. Culto,G) Personale di servizio e di fatica,municipio di Tripoli,F,0
836,category,X. Culto,G) Personale di servizio e di fatica,municipio di Bengasi,MF,0
836,category,X. Culto,G) Personale di servizio e di fatica,municipio di Bengasi,M,0
836,category,X. Culto,G) Personale di servizio e di fatica,municipio di Bengasi,F,0
837,category,X. Culto,H) Operai e assimilati,Libia,MF,2
837,category,X. Culto,H) Operai e assimilati,Libia,M,2
837,category,X. Culto,H) Operai e assimilati,Libia,F,0
837,category,X. Culto,H) Operai e assimilati,municipio di Tripoli,MF,1
837,category,X. Culto,H) Operai e assimilati,municipio di Tripoli,M,1
837,category,X. Culto,H) Operai e assimilati,municipio di Tripoli,F,0
837,category,X. Culto,H) Operai e assimilati,municipio di Bengasi,MF,1
837,category,X. Culto,H) Operai e assimilati,municipio di Bengasi,M,1
837,category,X. Culto,H) Operai e assimilati,municipio di Bengasi,F,0
838,category,X. Culto,Totale,Libia,MF,89
838,category,X. Culto,Totale,Libia,M,70
838,category,X. Culto,Totale,Libia,F,19
838,category,X. Culto,Totale,municipio di Tripoli,MF,37
838,category,X. Culto,Totale,municipio di Tripoli,M,27
838,category,X. Culto,Totale,municipio di Tripoli,F,10
838,category,X. Culto,Totale,municipio di Bengasi,MF,17
838,category,X. Culto,Totale,municipio di Bengasi,M,15
838,category,X. Culto,Totale,municipio di Bengasi,F,2
839,class,66. Culto cattolico,F) Impiegati e assimilati,Libia,MF,77
839,class,66. Culto cattolico,F) Impiegati e assimilati,Libia,M,58
839,class,66. Culto cattolico,F) Impiegati e assimilati,Libia,F,19
839,class,66. Culto cattolico,F) Impiegati e assimilati,municipio di Tripoli,MF,27
839,class,66. Culto cattolico,F) Impiegati e assimilati,municipio di Tripoli,M,17
839,class,66. Culto cattolico,F) Impiegati e assimilati,municipio di Tripoli,F,10
839,class,66. Culto cattolico,F) Impiegati e assimilati,municipio di Bengasi,MF,15
839,class,66. Culto cattolico,F) Impiegati e assimilati,municipio di Bengasi,M,13
839,class,66. Culto cattolico,F) Impiegati e assimilati,municipio di Bengasi,F,2
840,class,66. Culto cattolico,G) Personale di servizio e di fatica,Libia,MF,3
840,class,66. Culto cattolico,G) Personale di servizio e di fatica,Libia,M,3
840,class,66. Culto cattolico,G) Personale di servizio e di fatica,Libia,F,0
840,class,66. Culto cattolico,G) Personale di servizio e di fatica,municipio di Tripoli,MF,3
840,class,66. Culto cattolico,G) Personale di servizio e di fatica,municipio di Tripoli,M,3
840,class,66. Culto cattolico,G) Personale di servizio e di fatica,municipio di Tripoli,F,0
840,class,66. Culto cattolico,G) Personale di servizio e di fatica,municipio di Bengasi,MF,0
840,class,66. Culto cattolico,G) Personale di servizio e di fatica,municipio di Bengasi,M,0
840,class,66. Culto cattolico,G) Personale di servizio e di fatica,municipio di Bengasi,F,0
841,class,66. Culto cattolico,H) Operai e assimilati,Libia,MF,2
841,class,66. Culto cattolico,H) Operai e assimilati,Libia,M,2
841,class,66. Culto cattolico,H) Operai e assimilati,Libia,F,0
841,class,66. Culto cattolico,H) Operai e assimilati,municipio di Tripoli,MF,1
841,class,66. Culto cattolico,H) Operai e assimilati,municipio di Tripoli,M,1
841,class,66. Culto cattolico,H) Operai e assimilati,municipio di Tripoli,F,0
841,class,66. Culto cattolico,H) Operai e assimilati,municipio di Bengasi,MF,1
841,class,66. Culto cattolico,H) Operai e assimilati,municipio di Bengasi,M,1
841,class,66. Culto cattolico,H) Operai e assimilati,municipio di Bengasi,F,0
842,class,66. Culto cattolico,Totale,Libia,MF,82
842,class,66. Culto cattolico,Totale,Libia,M,63
842,class,66. Culto cattolico,Totale,Libia,F,19
842,class,66. Culto cattolico,Totale,municipio di Tripoli,MF,31
842,class,66. Culto cattolico,Totale,municipio di Tripoli,M,21
842,class,66. Culto cattolico,Totale,municipio di Tripoli,F,10
842,class,66. Culto cattolico,Totale,municipio di Bengasi,MF,16
842,class,66. Culto cattolico,Totale,municipio di Bengasi,M,14
842,class,66. Culto cattolico,Totale,municipio di Bengasi,F,2
843,subclass,"66.391 Abbazie, conventi, eremitaggi",F) Impiegati e assimilati,Libia,MF,38
843,subclass,"66.391 Abbazie, conventi, eremitaggi",F) Impiegati e assimilati,Libia,M,20
843,subclass,"66.391 Abbazie, conventi, eremitaggi",F) Impiegati e assimilati,Libia,F,18
843,subclass,"66.391 Abbazie, conventi, eremitaggi",F) Impiegati e assimilati,municipio di Tripoli,MF,25
843,subclass,"66.391 Abbazie, conventi, eremitaggi",F) Impiegati e assimilati,municipio di Tripoli,M,16
843,subclass,"66.391 Abbazie, conventi, eremitaggi",F) Impiegati e assimilati,municipio di Tripoli,F,9
843,subclass,"66.391 Abbazie, conventi, eremitaggi",F) Impiegati e assimilati,municipio di Bengasi,MF,3
843,subclass,"66.391 Abbazie, conventi, eremitaggi",F) Impiegati e assimilati,municipio di Bengasi,M,1
843,subclass,"66.391 Abbazie, conventi, eremitaggi",F) Impiegati e assimilati,municipio di Bengasi,F,2
844,subclass,"66.391 Abbazie, conventi, eremitaggi",G) Personale di servizio e di fatica,Libia,MF,3
844,subclass,"66.391 Abbazie, conventi, eremitaggi",G) Personale di servizio e di fatica,Libia,M,3
844,subclass,"66.391 Abbazie, conventi, eremitaggi",G) Personale di servizio e di fatica,Libia,F,0
844,subclass,"66.391 Abbazie, conventi, eremitaggi",G) Personale di servizio e di fatica,municipio di Tripoli,MF,3
844,subclass,"66.391 Abbazie, conventi, eremitaggi",G) Personale di servizio e di fatica,municipio di Tripoli,M,3
844,subclass,"66.391 Abbazie, conventi, eremitaggi",G) Personale di servizio e di fatica,municipio di Tripoli,F,0
844,subclass,"66.391 Abbazie, conventi, eremitaggi",G) Personale di servizio e di fatica,municipio di Bengasi,MF,0
844,subclass,"66.391 Abbazie, conventi, eremitaggi",G) Personale di servizio e di fatica,municipio di Bengasi,M,0
844,subclass,"66.391 Abbazie, conventi, eremitaggi",G) Personale di servizio e di fatica,municipio di Bengasi,F,0
845,subclass,"66.391 Abbazie, conventi, eremitaggi",H) Operai e assimilati,Libia,MF,1
845,subclass,"66.391 Abbazie, conventi, eremitaggi",H) Operai e assimilati,Libia,M,1
845,subclass,"66.391 Abbazie, conventi, eremitaggi",H) Operai e assimilati,Libia,F,0
845,subclass,"66.391 Abbazie, conventi, eremitaggi",H) Operai e assimilati,municipio di Tripoli,MF,1
845,subclass,"66.391 Abbazie, conventi, eremitaggi",H) Operai e assimilati,municipio di Tripoli,M,1
845,subclass,"66.391 Abbazie, conventi, eremitaggi",H) Operai e assimilati,municipio di Tripoli,F,0
845,subclass,"66.391 Abbazie, conventi, eremitaggi",H) Operai e assimilati,municipio di Bengasi,MF,0
845,subclass,"66.391 Abbazie, conventi, eremitaggi",H) Operai e assimilati,municipio di Bengasi,M,0
845,subclass,"66.391 Abbazie, conventi, eremitaggi",H) Operai e assimilati,municipio di Bengasi,F,0
846,subclass,"66.391 Abbazie, conventi, eremitaggi",Totale,Libia,MF,42
846,subclass,"66.391 Abbazie, conventi, eremitaggi",Totale,Libia,M,24
846,subclass,"66.391 Abbazie, conventi, eremitaggi",Totale,Libia,F,18
846,subclass,"66.391 Abbazie, conventi, eremitaggi",Totale,municipio di Tripoli,MF,29
846,subclass,"66.391 Abbazie, conventi, eremitaggi",Totale,municipio di Tripoli,M,20
846,subclass,"66.391 Abbazie, conventi, eremitaggi",Totale,municipio di Tripoli,F,9
846,subclass,"66.391 Abbazie, conventi, eremitaggi",Totale,municipio di Bengasi,MF,3
846,subclass,"66.391 Abbazie, conventi, eremitaggi",Totale,municipio di Bengasi,M,1
846,subclass,"66.391 Abbazie, conventi, eremitaggi",Totale,municipio di Bengasi,F,2
847,class,67. Culto non cattolico,F) Impiegati e assimilati,Libia,MF,7
847,class,67. Culto non cattolico,F) Impiegati e assimilati,Libia,M,7
847,class,67. Culto non cattolico,F) Impiegati e assimilati,Libia,F,0
847,class,67. Culto non cattolico,F) Impiegati e assimilati,municipio di Tripoli,MF,6
847,class,67. Culto non cattolico,F) Impiegati e assimilati,municipio di Tripoli,M,6
847,class,67. Culto non cattolico,F) Impiegati e assimilati,municipio di Tripoli,F,0
847,class,67. Culto non cattolico,F) Impiegati e assimilati,municipio di Bengasi,MF,1
847,class,67. Culto non cattolico,F) Impiegati e assimilati,municipio di Bengasi,M,1
847,class,67. Culto non cattolico,F) Impiegati e assimilati,municipio di Bengasi,F,0
848,class,67. Culto non cattolico,Totale,Libia,MF,7
848,class,67. Culto non cattolico,Totale,Libia,M,7
848,class,67. Culto non cattolico,Totale,Libia,F,0
848,class,67. Culto non cattolico,Totale,municipio di Tripoli,MF,6
848,class,67. Culto non cattolico,Totale,municipio di Tripoli,M,6
848,class,67. Culto non cattolico,Totale,municipio di Tripoli,F,0
848,class,67. Culto non cattolico,Totale,municipio di Bengasi,MF,1
848,class,67. Culto non cattolico,Totale,municipio di Bengasi,M,1
848,class,67. Culto non cattolico,Totale,municipio di Bengasi,F,0
849,category,XI. Economia domestica,F) Impiegati,Libia,MF,3
849,category,XI. Economia domestica,F) Impiegati,Libia,M,0
849,category,XI. Economia domestica,F) Impiegati,Libia,F,3
849,category,XI. Economia domestica,F) Impiegati,municipio di Tripoli,MF,1
849,category,XI. Economia domestica,F) Impiegati,municipio di Tripoli,M,0
849,category,XI. Economia domestica,F) Impiegati,municipio di Tripoli,F,1
849,category,XI. Economia domestica,F) Impiegati,municipio di Bengasi,MF,2
849,category,XI. Economia domestica,F) Impiegati,municipio di Bengasi,M,0
849,category,XI. Economia domestica,F) Impiegati,municipio di Bengasi,F,2
850,category,XI. Economia domestica,G) Personale di servizio e di fatica,Libia,MF,1000
850,category,XI. Economia domestica,G) Personale di servizio e di fatica,Libia,M,29
850,category,XI. Economia domestica,G) Personale di servizio e di fatica,Libia,F,971
850,category,XI. Economia domestica,G) Personale di servizio e di fatica,municipio di Tripoli,MF,554
850,category,XI. Economia domestica,G) Personale di servizio e di fatica,municipio di Tripoli,M,15
850,category,XI. Economia domestica,G) Personale di servizio e di fatica,municipio di Tripoli,F,539
850,category,XI. Economia domestica,G) Personale di servizio e di fatica,municipio di Bengasi,MF,302
850,category,XI. Economia domestica,G) Personale di servizio e di fatica,municipio di Bengasi,M,4
850,category,XI. Economia domestica,G) Personale di servizio e di fatica,municipio di Bengasi,F,298
851,category,XI. Economia domestica,H) Operai,Libia,MF,22
851,category,XI. Economia domestica,H) Operai,Libia,M,22
851,category,XI. Economia domestica,H) Operai,Libia,F,0
851,category,XI. Economia domestica,H) Operai,municipio di Tripoli,MF,17
851,category,XI. Economia domestica,H) Operai,municipio di Tripoli,M,17
851,category,XI. Economia domestica,H) Operai,municipio di Tripoli,F,0
851,category,XI. Economia domestica,H) Operai,municipio di Bengasi,MF,3
851,category,XI. Economia domestica,H) Operai,municipio di Bengasi,M,3
851,category,XI. Economia domestica,H) Operai,municipio di Bengasi,F,0
852,category,XI. Economia domestica,Totale,Libia,MF,1025
852,category,XI. Economia domestica,Totale,Libia,M,51
852,category,XI. Economia domestica,Totale,Libia,F,974
852,category,XI. Economia domestica,Totale,municipio di Tripoli,MF,572
852,category,XI. Economia domestica,Totale,municipio di Tripoli,M,32
852,category,XI. Economia domestica,Totale,municipio di Tripoli,F,540
852,category,XI. Economia domestica,Totale,municipio di Bengasi,MF,307
852,category,XI. Economia domestica,Totale,municipio di Bengasi,M,7
852,category,XI. Economia domestica,Totale,municipio di Bengasi,F,300
853,class,68. Economia domestica,F) Impiegati,Libia,MF,3
853,class,68. Economia domestica,F) Impiegati,Libia,M,0
853,class,68. Economia domestica,F) Impiegati,Libia,F,3
853,class,68. Economia domestica,F) Impiegati,municipio di Tripoli,MF,1
853,class,68. Economia domestica,F) Impiegati,municipio di Tripoli,M,0
853,class,68. Economia domestica,F) Impiegati,municipio di Tripoli,F,1
853,class,68. Economia domestica,F) Impiegati,municipio di Bengasi,MF,2
853,class,68. Economia domestica,F) Impiegati,municipio di Bengasi,M,0
853,class,68. Economia domestica,F) Impiegati,municipio di Bengasi,F,2
854,class,68. Economia domestica,G) Personale di servizio e di fatica,Libia,MF,1000
854,class,68. Economia domestica,G) Personale di servizio e di fatica,Libia,M,29
854,class,68. Economia domestica,G) Personale di servizio e di fatica,Libia,F,971
854,class,68. Economia domestica,G) Personale di servizio e di fatica,municipio di Tripoli,MF,554
854,class,68. Economia domestica,G) Personale di servizio e di fatica,municipio di Tripoli,M,15
854,class,68. Economia domestica,G) Personale di servizio e di fatica,municipio di Tripoli,F,539
854,class,68. Economia domestica,G) Personale di servizio e di fatica,municipio di Bengasi,MF,302
854,class,68. Economia domestica,G) Personale di servizio e di fatica,municipio di Bengasi,M,4
854,class,68. Economia domestica,G) Personale di servizio e di fatica,municipio di Bengasi,F,298
855,class,68. Economia domestica,H) Operai,Libia,MF,22
855,class,68. Economia domestica,H) Operai,Libia,M,22
855,class,68. Economia domestica,H) Operai,Libia,F,0
855,class,68. Economia domestica,H) Operai,municipio di Tripoli,MF,17
855,class,68. Economia domestica,H) Operai,municipio di Tripoli,M,17
855,class,68. Economia domestica,H) Operai,municipio di Tripoli,F,0
855,class,68. Economia domestica,H) Operai,municipio di Bengasi,MF,3
855,class,68. Economia domestica,H) Operai,municipio di Bengasi,M,3
855,class,68. Economia domestica,H) Operai,municipio di Bengasi,F,0
856,class,68. Economia domestica,Totale,Libia,MF,1025
856,class,68. Economia domestica,Totale,Libia,M,51
856,class,68. Economia domestica,Totale,Libia,F,974
856,class,68. Economia domestica,Totale,municipio di Tripoli,MF,572
856,class,68. Economia domestica,Totale,municipio di Tripoli,M,32
856,class,68. Economia domestica,Totale,municipio di Tripoli,F,540
856,class,68. Economia domestica,Totale,municipio di Bengasi,MF,307
856,class,68. Economia domestica,Totale,municipio di Bengasi,M,7
856,class,68. Economia domestica,Totale,municipio di Bengasi,F,300
857,category,XII. Condizioni non professionali,69. Proprietari e benestanti,Libia,MF,145
857,category,XII. Condizioni non professionali,69. Proprietari e benestanti,Libia,M,106
857,category,XII. Condizioni non professionali,69. Proprietari e benestanti,Libia,F,39
857,category,XII. Condizioni non professionali,69. Proprietari e benestanti,municipio di Tripoli,MF,86
857,category,XII. Condizioni non professionali,69. Proprietari e benestanti,municipio di Tripoli,M,61
857,category,XII. Condizioni non professionali,69. Proprietari e benestanti,municipio di Tripoli,F,25
857,category,XII. Condizioni non professionali,69. Proprietari e benestanti,municipio di Bengasi,MF,45
857,category,XII. Condizioni non professionali,69. Proprietari e benestanti,municipio di Bengasi,M,36
857,category,XII. Condizioni non professionali,69. Proprietari e benestanti,municipio di Bengasi,F,9
858,category,XII. Condizioni non professionali,70. Pensionati,Libia,MF,173
858,category,XII. Condizioni non professionali,70. Pensionati,Libia,M,151
858,category,XII. Condizioni non professionali,70. Pensionati,Libia,F,22
858,category,XII. Condizioni non professionali,70. Pensionati,municipio di Tripoli,MF,125
858,category,XII. Condizioni non professionali,70. Pensionati,municipio di Tripoli,M,110
858,category,XII. Condizioni non professionali,70. Pensionati,municipio di Tripoli,F,15
858,category,XII. Condizioni non professionali,70. Pensionati,municipio di Bengasi,MF,32
858,category,XII. Condizioni non professionali,70. Pensionati,municipio di Bengasi,M,28
858,category,XII. Condizioni non professionali,70. Pensionati,municipio di Bengasi,F,4
859,category,XII. Condizioni non professionali,"71. Studenti, seminaristi, collegiali",Libia,MF,5197
859,category,XII. Condizioni non professionali,"71. Studenti, seminaristi, collegiali",Libia,M,3073
859,category,XII. Condizioni non professionali,"71. Studenti, seminaristi, collegiali",Libia,F,2124
859,category,XII. Condizioni non professionali,"71. Studenti, seminaristi, collegiali",municipio di Tripoli,MF,2774
859,category,XII. Condizioni non professionali,"71. Studenti, seminaristi, collegiali",municipio di Tripoli,M,1652
859,category,XII. Condizioni non professionali,"71. Studenti, seminaristi, collegiali",municipio di Tripoli,F,1122
859,category,XII. Condizioni non professionali,"71. Studenti, seminaristi, collegiali",municipio di Bengasi,MF,1251
859,category,XII. Condizioni non professionali,"71. Studenti, seminaristi, collegiali",municipio di Bengasi,M,737
859,category,XII. Condizioni non professionali,"71. Studenti, seminaristi, collegiali",municipio di Bengasi,F,514
860,category,XII. Condizioni non professionali,72. Attendenti alle cure domestiche,Libia,MF,16128
860,category,XII. Condizioni non professionali,72. Attendenti alle cure domestiche,Libia,M,0
860,category,XII. Condizioni non professionali,72. Attendenti alle cure domestiche,Libia,F,16128
860,category,XII. Condizioni non professionali,72. Attendenti alle cure domestiche,municipio di Tripoli,MF,8510
860,category,XII. Condizioni non professionali,72. Attendenti alle cure domestiche,municipio di Tripoli,M,0
860,category,XII. Condizioni non professionali,72. Attendenti alle cure domestiche,municipio di Tripoli,F,8510
860,category,XII. Condizioni non professionali,72. Attendenti alle cure domestiche,municipio di Bengasi,MF,3878
860,category,XII. Condizioni non professionali,72. Attendenti alle cure domestiche,municipio di Bengasi,M,0
860,category,XII. Condizioni non professionali,72. Attendenti alle cure domestiche,municipio di Bengasi,F,3878
861,category,XII. Condizioni non professionali,73. Altre condizioni non professionali,Libia,MF,551
861,category,XII. Condizioni non professionali,73. Altre condizioni non professionali,Libia,M,392
861,category,XII. Condizioni non professionali,73. Altre condizioni non professionali,Libia,F,159
861,category,XII. Condizioni non professionali,73. Altre condizioni non professionali,municipio di Tripoli,MF,336
861,category,XII. Condizioni non professionali,73. Altre condizioni non professionali,municipio di Tripoli,M,215
861,category,XII. Condizioni non professionali,73. Altre condizioni non professionali,municipio di Tripoli,F,121
861,category,XII. Condizioni non professionali,73. Altre condizioni non professionali,municipio di Bengasi,MF,70
861,category,XII. Condizioni non professionali,73. Altre condizioni non professionali,municipio di Bengasi,M,60
861,category,XII. Condizioni non professionali,73. Altre condizioni non professionali,municipio di Bengasi,F,10
862,category,XII. Condizioni non professionali,Totale,Libia,MF,22194
862,category,XII. Condizioni non professionali,Totale,Libia,M,3722
862,category,XII. Condizioni non professionali,Totale,Libia,F,18472
862,category,XII. Condizioni non professionali,Totale,municipio di Tripoli,MF,11831
862,category,XII. Condizioni non professionali,Totale,municipio di Tripoli,M,2038
862,category,XII. Condizioni non professionali,Totale,municipio di Tripoli,F,9793
862,category,XII. Condizioni non professionali,Totale,municipio di Bengasi,MF,5276
862,category,XII. Condizioni non professionali,Totale,municipio di Bengasi,M,861
862,category,XII. Condizioni non professionali,Totale,municipio di Bengasi,F,4415
863,subclass,73.401 Persone in attesa di prima occupazione,Totale,Libia,MF,108
863,subclass,73.401 Persone in attesa di prima occupazione,Totale,Libia,M,99
863,subclass,73.401 Persone in attesa di prima occupazione,Totale,Libia,F,9
863,subclass,73.401 Persone in attesa di prima occupazione,Totale,municipio di Tripoli,MF,49
863,subclass,73.401 Persone in attesa di prima occupazione,Totale,municipio di Tripoli,M,42
863,subclass,73.401 Persone in attesa di prima occupazione,Totale,municipio di Tripoli,F,7
863,subclass,73.401 Persone in attesa di prima occupazione,Totale,municipio di Bengasi,MF,0
863,subclass,73.401 Persone in attesa di prima occupazione,Totale,municipio di Bengasi,M,0
863,subclass,73.401 Persone in attesa di prima occupazione,Totale,municipio di Bengasi,F,0
864,subclass,"73.402 Ricoverati, invalidi, infermi",Totale,Libia,MF,386
864,subclass,"73.402 Ricoverati, invalidi, infermi",Totale,Libia,M,266
864,subclass,"73.402 Ricoverati, invalidi, infermi",Totale,Libia,F,120
864,subclass,"73.402 Ricoverati, invalidi, infermi",Totale,municipio di Tripoli,MF,264
864,subclass,"73.402 Ricoverati, invalidi, infermi",Totale,municipio di Tripoli,M,159
864,subclass,"73.402 Ricoverati, invalidi, infermi",Totale,municipio di Tripoli,F,105
864,subclass,"73.402 Ricoverati, invalidi, infermi",Totale,municipio di Bengasi,MF,69
864,subclass,"73.402 Ricoverati, invalidi, infermi",Totale,municipio di Bengasi,M,60
864,subclass,"73.402 Ricoverati, invalidi, infermi",Totale,municipio di Bengasi,F,9
865,category,Senza indicazione di attivita professionale,Totale,Libia,MF,201
865,category,Senza indicazione di attivita professionale,Totale,Libia,M,134
865,category,Senza indicazione di attivita professionale,Totale,Libia,F,67
865,category,Senza indicazione di attivita professionale,Totale,municipio di Tripoli,MF,53
865,category,Senza indicazione di attivita professionale,Totale,municipio di Tripoli,M,28
865,category,Senza indicazione di attivita professionale,Totale,municipio di Tripoli,F,25
865,category,Senza indicazione di attivita professionale,Totale,municipio di Bengasi,MF,38
865,category,Senza indicazione di attivita professionale,Totale,municipio di Bengasi,M,17
865,category,Senza indicazione di attivita professionale,Totale,municipio di Bengasi,F,21
866,group,"In complesso, per posizione",A) Padroni e assimilati,Libia,MF,3028
866,group,"In complesso, per posizione",A) Padroni e assimilati,Libia,M,2519
866,group,"In complesso, per posizione",A) Padroni e assimilati,Libia,F,509
866,group,"In complesso, per posizione",A) Padroni e assimilati,municipio di Tripoli,MF,1597
866,group,"In complesso, per posizione",A) Padroni e assimilati,municipio di Tripoli,M,1371
866,group,"In complesso, per posizione",A) Padroni e assimilati,municipio di Tripoli,F,226
866,group,"In complesso, per posizione",A) Padroni e assimilati,municipio di Bengasi,MF,752
866,group,"In complesso, per posizione",A) Padroni e assimilati,municipio di Bengasi,M,592
866,group,"In complesso, per posizione",A) Padroni e assimilati,municipio di Bengasi,F,160
867,group,"In complesso, per posizione",B) Artigiani con dipendenti,Libia,MF,309
867,group,"In complesso, per posizione",B) Artigiani con dipendenti,Libia,M,268
867,group,"In complesso, per posizione",B) Artigiani con dipendenti,Libia,F,41
867,group,"In complesso, per posizione",B) Artigiani con dipendenti,municipio di Tripoli,MF,192
867,group,"In complesso, per posizione",B) Artigiani con dipendenti,municipio di Tripoli,M,168
867,group,"In complesso, per posizione",B) Artigiani con dipendenti,municipio di Tripoli,F,24
867,group,"In complesso, per posizione",B) Artigiani con dipendenti,municipio di Bengasi,MF,84
867,group,"In complesso, per posizione",B) Artigiani con dipendenti,municipio di Bengasi,M,69
867,group,"In complesso, per posizione",B) Artigiani con dipendenti,municipio di Bengasi,F,15
868,group,"In complesso, per posizione",C) Artigiani senza dipendenti e assimilati,Libia,MF,3712
868,group,"In complesso, per posizione",C) Artigiani senza dipendenti e assimilati,Libia,M,3046
868,group,"In complesso, per posizione",C) Artigiani senza dipendenti e assimilati,Libia,F,666
868,group,"In complesso, per posizione",C) Artigiani senza dipendenti e assimilati,municipio di Tripoli,MF,637
868,group,"In complesso, per posizione",C) Artigiani senza dipendenti e assimilati,municipio di Tripoli,M,540
868,group,"In complesso, per posizione",C) Artigiani senza dipendenti e assimilati,municipio di Tripoli,F,97
868,group,"In complesso, per posizione",C) Artigiani senza dipendenti e assimilati,municipio di Bengasi,MF,326
868,group,"In complesso, per posizione",C) Artigiani senza dipendenti e assimilati,municipio di Bengasi,M,258
868,group,"In complesso, per posizione",C) Artigiani senza dipendenti e assimilati,municipio di Bengasi,F,68
869,group,"In complesso, per posizione",D) Liberi professionisti,Libia,MF,184
869,group,"In complesso, per posizione",D) Liberi professionisti,Libia,M,142
869,group,"In complesso, per posizione",D) Liberi professionisti,Libia,F,42
869,group,"In complesso, per posizione",D) Liberi professionisti,municipio di Tripoli,MF,118
869,group,"In complesso, per posizione",D) Liberi professionisti,municipio di Tripoli,M,90
869,group,"In complesso, per posizione",D) Liberi professionisti,municipio di Tripoli,F,28
869,group,"In complesso, per posizione",D) Liberi professionisti,municipio di Bengasi,MF,52
869,group,"In complesso, per posizione",D) Liberi professionisti,municipio di Bengasi,M,40
869,group,"In complesso, per posizione",D) Liberi professionisti,municipio di Bengasi,F,12
870,group,"In complesso, per posizione",E) Dirigenti e assimilati,Libia,MF,270
870,group,"In complesso, per posizione",E) Dirigenti e assimilati,Libia,M,262
870,group,"In complesso, per posizione",E) Dirigenti e assimilati,Libia,F,8
870,group,"In complesso, per posizione",E) Dirigenti e assimilati,municipio di Tripoli,MF,108
870,group,"In complesso, per posizione",E) Dirigenti e assimilati,municipio di Tripoli,M,104
870,group,"In complesso, per posizione",E) Dirigenti e assimilati,municipio di Tripoli,F,4
870,group,"In complesso, per posizione",E) Dirigenti e assimilati,municipio di Bengasi,MF,80
870,group,"In complesso, per posizione",E) Dirigenti e assimilati,municipio di Bengasi,M,76
870,group,"In complesso, per posizione",E) Dirigenti e assimilati,municipio di Bengasi,F,4
871,group,"In complesso, per posizione",F) Impiegati e assimilati,Libia,MF,7413
871,group,"In complesso, per posizione",F) Impiegati e assimilati,Libia,M,6591
871,group,"In complesso, per posizione",F) Impiegati e assimilati,Libia,F,822
871,group,"In complesso, per posizione",F) Impiegati e assimilati,municipio di Tripoli,MF,3197
871,group,"In complesso, per posizione",F) Impiegati e assimilati,municipio di Tripoli,M,2760
871,group,"In complesso, per posizione",F) Impiegati e assimilati,municipio di Tripoli,F,437
871,group,"In complesso, per posizione",F) Impiegati e assimilati,municipio di Bengasi,MF,1879
871,group,"In complesso, per posizione",F) Impiegati e assimilati,municipio di Bengasi,M,1657
871,group,"In complesso, per posizione",F) Impiegati e assimilati,municipio di Bengasi,F,222
872,group,"In complesso, per posizione",G) Personale di servizio e di fatica,Libia,MF,1436
872,group,"In complesso, per posizione",G) Personale di servizio e di fatica,Libia,M,431
872,group,"In complesso, per posizione",G) Personale di servizio e di fatica,Libia,F,1005
872,group,"In complesso, per posizione",G) Personale di servizio e di fatica,municipio di Tripoli,MF,838
872,group,"In complesso, per posizione",G) Personale di servizio e di fatica,municipio di Tripoli,M,274
872,group,"In complesso, per posizione",G) Personale di servizio e di fatica,municipio di Tripoli,F,564
872,group,"In complesso, per posizione",G) Personale di servizio e di fatica,municipio di Bengasi,MF,393
872,group,"In complesso, per posizione",G) Personale di servizio e di fatica,municipio di Bengasi,M,91
872,group,"In complesso, per posizione",G) Personale di servizio e di fatica,municipio di Bengasi,F,302
873,group,"In complesso, per posizione",H) Operai e assimilati,Libia,MF,10182
873,group,"In complesso, per posizione",H) Operai e assimilati,Libia,M,9515
873,group,"In complesso, per posizione",H) Operai e assimilati,Libia,F,667
873,group,"In complesso, per posizione",H) Operai e assimilati,municipio di Tripoli,MF,4580
873,group,"In complesso, per posizione",H) Operai e assimilati,municipio di Tripoli,M,4247
873,group,"In complesso, per posizione",H) Operai e assimilati,municipio di Tripoli,F,333
873,group,"In complesso, per posizione",H) Operai e assimilati,municipio di Bengasi,MF,2456
873,group,"In complesso, per posizione",H) Operai e assimilati,municipio di Bengasi,M,2290
873,group,"In complesso, per posizione",H) Operai e assimilati,municipio di Bengasi,F,166
874,group,"In complesso, per posizione",I) Lavoranti a domicilio,Libia,MF,52
874,group,"In complesso, per posizione",I) Lavoranti a domicilio,Libia,M,7
874,group,"In complesso, per posizione",I) Lavoranti a domicilio,Libia,F,45
874,group,"In complesso, per posizione",I) Lavoranti a domicilio,municipio di Tripoli,MF,35
874,group,"In complesso, per posizione",I) Lavoranti a domicilio,municipio di Tripoli,M,7
874,group,"In complesso, per posizione",I) Lavoranti a domicilio,municipio di Tripoli,F,28
874,group,"In complesso, per posizione",I) Lavoranti a domicilio,municipio di Bengasi,MF,17
874,group,"In complesso, per posizione",I) Lavoranti a domicilio,municipio di Bengasi,M,0
874,group,"In complesso, per posizione",I) Lavoranti a domicilio,municipio di Bengasi,F,17
875,group,"In complesso, per posizione",Condizioni non professionali,Libia,MF,22194
875,group,"In complesso, per posizione",Condizioni non professionali,Libia,M,3722
875,group,"In complesso, per posizione",Condizioni non professionali,Libia,F,18472
875,group,"In complesso, per posizione",Condizioni non professionali,municipio di Tripoli,MF,11831
875,group,"In complesso, per posizione",Condizioni non professionali,municipio di Tripoli,M,2038
875,group,"In complesso, per posizione",Condizioni non professionali,municipio di Tripoli,F,9793
875,group,"In complesso, per posizione",Condizioni non professionali,municipio di Bengasi,MF,5276
875,group,"In complesso, per posizione",Condizioni non professionali,municipio di Bengasi,M,861
875,group,"In complesso, per posizione",Condizioni non professionali,municipio di Bengasi,F,4415
876,group,"In complesso, per posizione",Senza indicazione di posizione,Libia,MF,201
876,group,"In complesso, per posizione",Senza indicazione di posizione,Libia,M,134
876,group,"In complesso, per posizione",Senza indicazione di posizione,Libia,F,67
876,group,"In complesso, per posizione",Senza indicazione di posizione,municipio di Tripoli,MF,53
876,group,"In complesso, per posizione",Senza indicazione di posizione,municipio di Tripoli,M,28
876,group,"In complesso, per posizione",Senza indicazione di posizione,municipio di Tripoli,F,25
876,group,"In complesso, per posizione",Senza indicazione di posizione,municipio di Bengasi,MF,38
876,group,"In complesso, per posizione",Senza indicazione di posizione,municipio di Bengasi,M,17
876,group,"In complesso, per posizione",Senza indicazione di posizione,municipio di Bengasi,F,21
877,group,"In complesso, per posizione",Totale,Libia,MF,48981
877,group,"In complesso, per posizione",Totale,Libia,M,26637
877,group,"In complesso, per posizione",Totale,Libia,F,22344
877,group,"In complesso, per posizione",Totale,municipio di Tripoli,MF,23186
877,group,"In complesso, per posizione",Totale,municipio di Tripoli,M,11627
877,group,"In complesso, per posizione",Totale,municipio di Tripoli,F,11559
877,group,"In complesso, per posizione",Totale,municipio di Bengasi,MF,11353
877,group,"In complesso, per posizione",Totale,municipio di Bengasi,M,5951
877,group,"In complesso, per posizione",Totale,municipio di Bengasi,F,5402
878,group,"In complesso, per posizione",di cui familiari coadiuvanti,Libia,MF,2113
878,group,"In complesso, per posizione",di cui familiari coadiuvanti,Libia,M,1437
878,group,"In complesso, per posizione",di cui familiari coadiuvanti,Libia,F,676
878,group,"In complesso, per posizione",di cui familiari coadiuvanti,municipio di Tripoli,MF,405
878,group,"In complesso, per posizione",di cui familiari coadiuvanti,municipio di Tripoli,M,289
878,group,"In complesso, per posizione",di cui familiari coadiuvanti,municipio di Tripoli,F,116
878,group,"In complesso, per posizione",di cui familiari coadiuvanti,municipio di Bengasi,MF,218
878,group,"In complesso, per posizione",di cui familiari coadiuvanti,municipio di Bengasi,M,138
878,group,"In complesso, per posizione",di cui familiari coadiuvanti,municipio di Bengasi,F,80
879,group,"Esclusa l'agricoltura, per posizione",A) Padroni,Libia,MF,2857
879,group,"Esclusa l'agricoltura, per posizione",A) Padroni,Libia,M,2366
879,group,"Esclusa l'agricoltura, per posizione",A) Padroni,Libia,F,491
879,group,"Esclusa l'agricoltura, per posizione",A) Padroni,municipio di Tripoli,MF,1518
879,group,"Esclusa l'agricoltura, per posizione",A) Padroni,municipio di Tripoli,M,1300
879,group,"Esclusa l'agricoltura, per posizione",A) Padroni,municipio di Tripoli,F,218
879,group,"Esclusa l'agricoltura, per posizione",A) Padroni,municipio di Bengasi,MF,743
879,group,"Esclusa l'agricoltura, per posizione",A) Padroni,municipio di Bengasi,M,583
879,group,"Esclusa l'agricoltura, per posizione",A) Padroni,municipio di Bengasi,F,160
880,group,"Esclusa l'agricoltura, per posizione",B) Artigiani con dipendenti,Libia,MF,309
880,group,"Esclusa l'agricoltura, per posizione",B) Artigiani con dipendenti,Libia,M,268
880,group,"Esclusa l'agricoltura, per posizione",B) Artigiani con dipendenti,Libia,F,41
880,group,"Esclusa l'agricoltura, per posizione",B) Artigiani con dipendenti,municipio di Tripoli,MF,192
880,group,"Esclusa l'agricoltura, per posizione",B) Artigiani con dipendenti,municipio di Tripoli,M,168
880,group,"Esclusa l'agricoltura, per posizione",B) Artigiani con dipendenti,municipio di Tripoli,F,24
880,group,"Esclusa l'agricoltura, per posizione",B) Artigiani con dipendenti,municipio di Bengasi,MF,84
880,group,"Esclusa l'agricoltura, per posizione",B) Artigiani con dipendenti,municipio di Bengasi,M,69
880,group,"Esclusa l'agricoltura, per posizione",B) Artigiani con dipendenti,municipio di Bengasi,F,15
881,group,"Esclusa l'agricoltura, per posizione",C) Artigiani senza dipendenti,Libia,MF,973
881,group,"Esclusa l'agricoltura, per posizione",C) Artigiani senza dipendenti,Libia,M,794
881,group,"Esclusa l'agricoltura, per posizione",C) Artigiani senza dipendenti,Libia,F,179
881,group,"Esclusa l'agricoltura, per posizione",C) Artigiani senza dipendenti,municipio di Tripoli,MF,531
881,group,"Esclusa l'agricoltura, per posizione",C) Artigiani senza dipendenti,municipio di Tripoli,M,436
881,group,"Esclusa l'agricoltura, per posizione",C) Artigiani senza dipendenti,municipio di Tripoli,F,95
881,group,"Esclusa l'agricoltura, per posizione",C) Artigiani senza dipendenti,municipio di Bengasi,MF,246
881,group,"Esclusa l'agricoltura, per posizione",C) Artigiani senza dipendenti,municipio di Bengasi,M,192
881,group,"Esclusa l'agricoltura, per posizione",C) Artigiani senza dipendenti,municipio di Bengasi,F,54
882,group,"Esclusa l'agricoltura, per posizione",D) Liberi professionisti,Libia,MF,184
882,group,"Esclusa l'agricoltura, per posizione",D) Liberi professionisti,Libia,M,142
882,group,"Esclusa l'agricoltura, per posizione",D) Liberi professionisti,Libia,F,42
882,group,"Esclusa l'agricoltura, per posizione",D) Liberi professionisti,municipio di Tripoli,MF,118
882,group,"Esclusa l'agricoltura, per posizione",D) Liberi professionisti,municipio di Tripoli,M,90
882,group,"Esclusa l'agricoltura, per posizione",D) Liberi professionisti,municipio di Tripoli,F,28
882,group,"Esclusa l'agricoltura, per posizione",D) Liberi professionisti,municipio di Bengasi,MF,52
882,group,"Esclusa l'agricoltura, per posizione",D) Liberi professionisti,municipio di Bengasi,M,40
882,group,"Esclusa l'agricoltura, per posizione",D) Liberi professionisti,municipio di Bengasi,F,12
883,group,"Esclusa l'agricoltura, per posizione",E) Dirigenti e assimilati,Libia,MF,231
883,group,"Esclusa l'agricoltura, per posizione",E) Dirigenti e assimilati,Libia,M,223
883,group,"Esclusa l'agricoltura, per posizione",E) Dirigenti e assimilati,Libia,F,8
883,group,"Esclusa l'agricoltura, per posizione",E) Dirigenti e assimilati,municipio di Tripoli,MF,102
883,group,"Esclusa l'agricoltura, per posizione",E) Dirigenti e assimilati,municipio di Tripoli,M,98
883,group,"Esclusa l'agricoltura, per posizione",E) Dirigenti e assimilati,municipio di Tripoli,F,4
883,group,"Esclusa l'agricoltura, per posizione",E) Dirigenti e assimilati,municipio di Bengasi,MF,78
883,group,"Esclusa l'agricoltura, per posizione",E) Dirigenti e assimilati,municipio di Bengasi,M,74
883,group,"Esclusa l'agricoltura, per posizione",E) Dirigenti e assimilati,municipio di Bengasi,F,4
884,group,"Esclusa l'agricoltura, per posizione",F) Impiegati e assimilati,Libia,MF,7310
884,group,"Esclusa l'agricoltura, per posizione",F) Impiegati e assimilati,Libia,M,6490
884,group,"Esclusa l'agricoltura, per posizione",F) Impiegati e assimilati,Libia,F,820
884,group,"Esclusa l'agricoltura, per posizione",F) Impiegati e assimilati,municipio di Tripoli,MF,3183
884,group,"Esclusa l'agricoltura, per posizione",F) Impiegati e assimilati,municipio di Tripoli,M,2747
884,group,"Esclusa l'agricoltura, per posizione",F) Impiegati e assimilati,municipio di Tripoli,F,436
884,group,"Esclusa l'agricoltura, per posizione",F) Impiegati e assimilati,municipio di Bengasi,MF,1872
884,group,"Esclusa l'agricoltura, per posizione",F) Impiegati e assimilati,municipio di Bengasi,M,1650
884,group,"Esclusa l'agricoltura, per posizione",F) Impiegati e assimilati,municipio di Bengasi,F,222
885,group,"Esclusa l'agricoltura, per posizione",G) Personale di servizio e di fatica,Libia,MF,1436
885,group,"Esclusa l'agricoltura, per posizione",G) Personale di servizio e di fatica,Libia,M,431
885,group,"Esclusa l'agricoltura, per posizione",G) Personale di servizio e di fatica,Libia,F,1005
885,group,"Esclusa l'agricoltura, per posizione",G) Personale di servizio e di fatica,municipio di Tripoli,MF,838
885,group,"Esclusa l'agricoltura, per posizione",G) Personale di servizio e di fatica,municipio di Tripoli,M,274
885,group,"Esclusa l'agricoltura, per posizione",G) Personale di servizio e di fatica,municipio di Tripoli,F,564
885,group,"Esclusa l'agricoltura, per posizione",G) Personale di servizio e di fatica,municipio di Bengasi,MF,393
885,group,"Esclusa l'agricoltura, per posizione",G) Personale di servizio e di fatica,municipio di Bengasi,M,91
885,group,"Esclusa l'agricoltura, per posizione",G) Personale di servizio e di fatica,municipio di Bengasi,F,302
886,group,"Esclusa l'agricoltura, per posizione",H) Operai e assimilati,Libia,MF,9152
886,group,"Esclusa l'agricoltura, per posizione",H) Operai e assimilati,Libia,M,8532
886,group,"Esclusa l'agricoltura, per posizione",H) Operai e assimilati,Libia,F,620
886,group,"Esclusa l'agricoltura, per posizione",H) Operai e assimilati,municipio di Tripoli,MF,4461
886,group,"Esclusa l'agricoltura, per posizione",H) Operai e assimilati,municipio di Tripoli,M,4130
886,group,"Esclusa l'agricoltura, per posizione",H) Operai e assimilati,municipio di Tripoli,F,331
886,group,"Esclusa l'agricoltura, per posizione",H) Operai e assimilati,municipio di Bengasi,MF,2406
886,group,"Esclusa l'agricoltura, per posizione",H) Operai e assimilati,municipio di Bengasi,M,2243
886,group,"Esclusa l'agricoltura, per posizione",H) Operai e assimilati,municipio di Bengasi,F,163
887,group,"Esclusa l'agricoltura, per posizione",I) Lavoranti a domicilio,Libia,MF,52
887,group,"Esclusa l'agricoltura, per posizione",I) Lavoranti a domicilio,Libia,M,7
887,group,"Esclusa l'agricoltura, per posizione",I) Lavoranti a domicilio,Libia,F,45
887,group,"Esclusa l'agricoltura, per posizione",I) Lavoranti a domicilio,municipio di Tripoli,MF,35
887,group,"Esclusa l'agricoltura, per posizione",I) Lavoranti a domicilio,municipio di Tripoli,M,7
887,group,"Esclusa l'agricoltura, per posizione",I) Lavoranti a domicilio,municipio di Tripoli,F,28
887,group,"Esclusa l'agricoltura, per posizione",I) Lavoranti a domicilio,municipio di Bengasi,MF,17
887,group,"Esclusa l'agricoltura, per posizione",I) Lavoranti a domicilio,municipio di Bengasi,M,0
887,group,"Esclusa l'agricoltura, per posizione",I) Lavoranti a domicilio,municipio di Bengasi,F,17
888,group,"Esclusa l'agricoltura, per posizione",Condizioni non professionali,Libia,MF,22194
888,group,"Esclusa l'agricoltura, per posizione",Condizioni non professionali,Libia,M,3722
888,group,"Esclusa l'agricoltura, per posizione",Condizioni non professionali,Libia,F,18472
888,group,"Esclusa l'agricoltura, per posizione",Condizioni non professionali,municipio di Tripoli,MF,11831
888,group,"Esclusa l'agricoltura, per posizione",Condizioni non professionali,municipio di Tripoli,M,2038
888,group,"Esclusa l'agricoltura, per posizione",Condizioni non professionali,municipio di Tripoli,F,9793
888,group,"Esclusa l'agricoltura, per posizione",Condizioni non professionali,municipio di Bengasi,MF,5276
888,group,"Esclusa l'agricoltura, per posizione",Condizioni non professionali,municipio di Bengasi,M,861
888,group,"Esclusa l'agricoltura, per posizione",Condizioni non professionali,municipio di Bengasi,F,4415
889,group,"Esclusa l'agricoltura, per posizione",Senza indicazione di posizione,Libia,MF,201
889,group,"Esclusa l'agricoltura, per posizione",Senza indicazione di posizione,Libia,M,134
889,group,"Esclusa l'agricoltura, per posizione",Senza indicazione di posizione,Libia,F,67
889,group,"Esclusa l'agricoltura, per posizione",Senza indicazione di posizione,municipio di Tripoli,MF,53
889,group,"Esclusa l'agricoltura, per posizione",Senza indicazione di posizione,municipio di Tripoli,M,28
889,group,"Esclusa l'agricoltura, per posizione",Senza indicazione di posizione,municipio di Tripoli,F,25
889,group,"Esclusa l'agricoltura, per posizione",Senza indicazione di posizione,municipio di Bengasi,MF,38
889,group,"Esclusa l'agricoltura, per posizione",Senza indicazione di posizione,municipio di Bengasi,M,17
889,group,"Esclusa l'agricoltura, per posizione",Senza indicazione di posizione,municipio di Bengasi,F,21
890,group,"Esclusa l'agricoltura, per posizione",Totale,Libia,MF,44899
890,group,"Esclusa l'agricoltura, per posizione",Totale,Libia,M,23109
890,group,"Esclusa l'agricoltura, per posizione",Totale,Libia,F,21790
890,group,"Esclusa l'agricoltura, per posizione",Totale,municipio di Tripoli,MF,22862
890,group,"Esclusa l'agricoltura, per posizione",Totale,municipio di Tripoli,M,11316
890,group,"Esclusa l'agricoltura, per posizione",Totale,municipio di Tripoli,F,11546
890,group,"Esclusa l'agricoltura, per posizione",Totale,municipio di Bengasi,MF,11205
890,group,"Esclusa l'agricoltura, per posizione",Totale,municipio di Bengasi,M,5820
890,group,"Esclusa l'agricoltura, per posizione",Totale,municipio di Bengasi,F,5385
891,group,"Esclusa l'agricoltura, per posizione",di cui familiari coadiuvanti,Libia,MF,720
891,group,"Esclusa l'agricoltura, per posizione",di cui familiari coadiuvanti,Libia,M,486
891,group,"Esclusa l'agricoltura, per posizione",di cui familiari coadiuvanti,Libia,F,234
891,group,"Esclusa l'agricoltura, per posizione",di cui familiari coadiuvanti,municipio di Tripoli,MF,371
891,group,"Esclusa l'agricoltura, per posizione",di cui familiari coadiuvanti,municipio di Tripoli,M,259
891,group,"Esclusa l'agricoltura, per posizione",di cui familiari coadiuvanti,municipio di Tripoli,F,112
891,group,"Esclusa l'agricoltura, per posizione",di cui familiari coadiuvanti,municipio di Bengasi,MF,184
891,group,"Esclusa l'agricoltura, per posizione",di cui familiari coadiuvanti,municipio di Bengasi,M,118
891,group,"Esclusa l'agricoltura, per posizione",di cui familiari coadiuvanti,municipio di Bengasi,F,66
