union,area,husband_age,husbands,wife_age,wives
monogamous,Libia,12-14,5,10,1
monogamous,Libia,12-14,5,11,0
monogamous,Libia,12-14,5,12,0
monogamous,Libia,12-14,5,13,0
monogamous,Libia,12-14,5,14,0
monogamous,Libia,12-14,5,15-19,4
monogamous,Libia,12-14,5,20-24,0
monogamous,Libia,12-14,5,25-29,0
monogamous,Libia,12-14,5,30-34,0
monogamous,Libia,12-14,5,35-39,0
monogamous,Libia,12-14,5,40-44,0
monogamous,Libia,12-14,5,45-49,0
monogamous,Libia,12-14,5,50-54,0
monogamous,Libia,12-14,5,55-59,0
monogamous,Libia,12-14,5,60-64,0
monogamous,Libia,12-14,5,65+,0
monogamous,Libia,15-19,382,10,0
monogamous,Libia,15-19,382,11,1
monogamous,Libia,15-19,382,12,3
monogamous,Libia,15-19,382,13,1
monogamous,Libia,15-19,382,14,11
monogamous,Libia,15-19,382,15-19,312
monogamous,Libia,15-19,382,20-24,40
monogamous,Libia,15-19,382,25-29,9
monogamous,Libia,15-19,382,30-34,4
monogamous,Libia,15-19,382,35-39,1
monogamous,Libia,15-19,382,40-44,0
monogamous,Libia,15-19,382,45-49,0
monogamous,Libia,15-19,382,50-54,0
monogamous,Libia,15-19,382,55-59,0
monogamous,Libia,15-19,382,60-64,0
monogamous,Libia,15-19,382,65+,0
monogamous,Libia,20-24,3664,10,0
monogamous,Libia,20-24,3664,11,0
monogamous,Libia,20-24,3664,12,5
monogamous,Libia,20-24,3664,13,11
monogamous,Libia,20-24,3664,14,29
monogamous,Libia,20-24,3664,15-19,1926
monogamous,Libia,20-24,3664,20-24,1362
monogamous,Libia,20-24,3664,25-29,192
monogamous,Libia,20-24,3664,30-34,93
monogamous,Libia,20-24,3664,35-39,31
monogamous,Libia,20-24,3664,40-44,7
monogamous,Libia,20-24,3664,45-49,1
monogamous,Libia,20-24,3664,50-54,4
monogamous,Libia,20-24,3664,55-59,1
monogamous,Libia,20-24,3664,60-64,2
monogamous,Libia,20-24,3664,65+,0
monogamous,Libia,25-29,12026,10,0
monogamous,Libia,25-29,12026,11,0
monogamous,Libia,25-29,12026,12,8
monogamous,Libia,25-29,12026,13,13
monogamous,Libia,25-29,12026,14,31
monogamous,Libia,25-29,12026,15-19,2395
monogamous,Libia,25-29,12026,20-24,6093
monogamous,Libia,25-29,12026,25-29,2608
monogamous,Libia,25-29,12026,30-34,610
monogamous,Libia,25-29,12026,35-39,157
monogamous,Libia,25-29,12026,40-44,75
monogamous,Libia,25-29,12026,45-49,24
monogamous,Libia,25-29,12026,50-54,8
monogamous,Libia,25-29,12026,55-59,1
monogamous,Libia,25-29,12026,60-64,2
monogamous,Libia,25-29,12026,65+,1
monogamous,Libia,30-34,17956,10,0
monogamous,Libia,30-34,17956,11,0
monogamous,Libia,30-34,17956,12,1
monogamous,Libia,30-34,17956,13,5
monogamous,Libia,30-34,17956,14,13
monogamous,Libia,30-34,17956,15-19,1200
monogamous,Libia,30-34,17956,20-24,4451
monogamous,Libia,30-34,17956,25-29,8466
monogamous,Libia,30-34,17956,30-34,2746
monogamous,Libia,30-34,17956,35-39,615
monogamous,Libia,30-34,17956,40-44,329
monogamous,Libia,30-34,17956,45-49,74
monogamous,Libia,30-34,17956,50-54,36
monogamous,Libia,30-34,17956,55-59,9
monogamous,Libia,30-34,17956,60-64,5
monogamous,Libia,30-34,17956,65+,6
monogamous,Libia,35-39,21116,10,0
monogamous,Libia,35-39,21116,11,0
monogamous,Libia,35-39,21116,12,0
monogamous,Libia,35-39,21116,13,1
monogamous,Libia,35-39,21116,14,11
monogamous,Libia,35-39,21116,15-19,676
monogamous,Libia,35-39,21116,20-24,2459
monogamous,Libia,35-39,21116,25-29,6353
monogamous,Libia,35-39,21116,30-34,8488
monogamous,Libia,35-39,21116,35-39,2113
monogamous,Libia,35-39,21116,40-44,741
monogamous,Libia,35-39,21116,45-49,165
monogamous,Libia,35-39,21116,50-54,75
monogamous,Libia,35-39,21116,55-59,17
monogamous,Libia,35-39,21116,60-64,14
monogamous,Libia,35-39,21116,65+,3
monogamous,Libia,40-44,18602,10,0
monogamous,Libia,40-44,18602,11,0
monogamous,Libia,40-44,18602,12,0
monogamous,Libia,40-44,18602,13,1
monogamous,Libia,40-44,18602,14,1
monogamous,Libia,40-44,18602,15-19,185
monogamous,Libia,40-44,18602,20-24,870
monogamous,Libia,40-44,18602,25-29,2210
monogamous,Libia,40-44,18602,30-34,6486
monogamous,Libia,40-44,18602,35-39,6537
monogamous,Libia,40-44,18602,40-44,1626
monogamous,Libia,40-44,18602,45-49,384
monogamous,Libia,40-44,18602,50-54,225
monogamous,Libia,40-44,18602,55-59,32
monogamous,Libia,40-44,18602,60-64,34
monogamous,Libia,40-44,18602,65+,11
monogamous,Libia,45-49,15327,10,0
monogamous,Libia,45-49,15327,11,0
monogamous,Libia,45-49,15327,12,1
monogamous,Libia,45-49,15327,13,1
monogamous,Libia,45-49,15327,14,2
monogamous,Libia,45-49,15327,15-19,96
monogamous,Libia,45-49,15327,20-24,383
monogamous,Libia,45-49,15327,25-29,1003
monogamous,Libia,45-49,15327,30-34,3179
monogamous,Libia,45-49,15327,35-39,4656
monogamous,Libia,45-49,15327,40-44,4695
monogamous,Libia,45-49,15327,45-49,830
monogamous,Libia,45-49,15327,50-54,371
monogamous,Libia,45-49,15327,55-59,72
monogamous,Libia,45-49,15327,60-64,27
monogamous,Libia,45-49,15327,65+,11
monogamous,Libia,50-54,16112,10,1
monogamous,Libia,50-54,16112,11,0
monogamous,Libia,50-54,16112,12,1
monogamous,Libia,50-54,16112,13,0
monogamous,Libia,50-54,16112,14,0
monogamous,Libia,50-54,16112,15-19,63
monogamous,Libia,50-54,16112,20-24,188
monogamous,Libia,50-54,16112,25-29,500
monogamous,Libia,50-54,16112,30-34,1787
monogamous,Libia,50-54,16112,35-39,2480
monogamous,Libia,50-54,16112,40-44,6147
monogamous,Libia,50-54,16112,45-49,3647
monogamous,Libia,50-54,16112,50-54,1005
monogamous,Libia,50-54,16112,55-59,140
monogamous,Libia,50-54,16112,60-64,115
monogamous,Libia,50-54,16112,65+,38
monogamous,Libia,55-59,10176,10,0
monogamous,Libia,55-59,10176,11,0
monogamous,Libia,55-59,10176,12,1
monogamous,Libia,55-59,10176,13,0
monogamous,Libia,55-59,10176,14,0
monogamous,Libia,55-59,10176,15-19,22
monogamous,Libia,55-59,10176,20-24,80
monogamous,Libia,55-59,10176,25-29,217
monogamous,Libia,55-59,10176,30-34,665
monogamous,Libia,55-59,10176,35-39,1090
monogamous,Libia,55-59,10176,40-44,2757
monogamous,Libia,55-59,10176,45-49,2468
monogamous,Libia,55-59,10176,50-54,2380
monogamous,Libia,55-59,10176,55-59,353
monogamous,Libia,55-59,10176,60-64,115
monogamous,Libia,55-59,10176,65+,28
monogamous,Libia,60-64,10787,10,0
monogamous,Libia,60-64,10787,11,0
monogamous,Libia,60-64,10787,12,0
monogamous,Libia,60-64,10787,13,0
monogamous,Libia,60-64,10787,14,0
monogamous,Libia,60-64,10787,15-19,13
monogamous,Libia,60-64,10787,20-24,67
monogamous,Libia,60-64,10787,25-29,138
monogamous,Libia,60-64,10787,30-34,472
monogamous,Libia,60-64,10787,35-39,638
monogamous,Libia,60-64,10787,40-44,2182
monogamous,Libia,60-64,10787,45-49,1582
monogamous,Libia,60-64,10787,50-54,3714
monogamous,Libia,60-64,10787,55-59,1455
monogamous,Libia,60-64,10787,60-64,414
monogamous,Libia,60-64,10787,65+,112
monogamous,Libia,65+,16840,10,0
monogamous,Libia,65+,16840,11,0
monogamous,Libia,65+,16840,12,0
monogamous,Libia,65+,16840,13,0
monogamous,Libia,65+,16840,14,0
monogamous,Libia,65+,16840,15-19,5
monogamous,Libia,65+,16840,20-24,49
monogamous,Libia,65+,16840,25-29,102
monogamous,Libia,65+,16840,30-34,356
monogamous,Libia,65+,16840,35-39,538
monogamous,Libia,65+,16840,40-44,1596
monogamous,Libia,65+,16840,45-49,1531
monogamous,Libia,65+,16840,50-54,3625
monogamous,Libia,65+,16840,55-59,2036
monogamous,Libia,65+,16840,60-64,3786
monogamous,Libia,65+,16840,65+,3216
monogamous,Libia,Totale,142993,10,2
monogamous,Libia,Totale,142993,11,1
monogamous,Libia,Totale,142993,12,20
monogamous,Libia,Totale,142993,13,33
monogamous,Libia,Totale,142993,14,98
monogamous,Libia,Totale,142993,15-19,6897
monogamous,Libia,Totale,142993,20-24,16042
monogamous,Libia,Totale,142993,25-29,21798
monogamous,Libia,Totale,142993,30-34,24886
monogamous,Libia,Totale,142993,35-39,18856
monogamous,Libia,Totale,142993,40-44,20155
monogamous,Libia,Totale,142993,45-49,10706
monogamous,Libia,Totale,142993,50-54,11443
monogamous,Libia,Totale,142993,55-59,4116
monogamous,Libia,Totale,142993,60-64,4514
monogamous,Libia,Totale,142993,65+,3426
monogamous,Provincia di Tripoli,15-19,204,10,0
monogamous,Provincia di Tripoli,15-19,204,11,1
monogamous,Provincia di Tripoli,15-19,204,12,2
monogamous,Provincia di Tripoli,15-19,204,13,0
monogamous,Provincia di Tripoli,15-19,204,14,8
monogamous,Provincia di Tripoli,15-19,204,15-19,171
monogamous,Provincia di Tripoli,15-19,204,20-24,16
monogamous,Provincia di Tripoli,15-19,204,25-29,6
monogamous,Provincia di Tripoli,15-19,204,30-34,0
monogamous,Provincia di Tripoli,15-19,204,35-39,0
monogamous,Provincia di Tripoli,15-19,204,40-44,0
monogamous,Provincia di Tripoli,15-19,204,45-49,0
monogamous,Provincia di Tripoli,15-19,204,50-54,0
monogamous,Provincia di Tripoli,15-19,204,55-59,0
monogamous,Provincia di Tripoli,15-19,204,60-64,0
monogamous,Provincia di Tripoli,15-19,204,65+,0
monogamous,Provincia di Tripoli,20-24,1752,10,0
monogamous,Provincia di Tripoli,20-24,1752,11,0
monogamous,Provincia di Tripoli,20-24,1752,12,2
monogamous,Provincia di Tripoli,20-24,1752,13,6
monogamous,Provincia di Tripoli,20-24,1752,14,21
monogamous,Provincia di Tripoli,20-24,1752,15-19,966
monogamous,Provincia di Tripoli,20-24,1752,20-24,650
monogamous,Provincia di Tripoli,20-24,1752,25-29,73
monogamous,Provincia di Tripoli,20-24,1752,30-34,19
monogamous,Provincia di Tripoli,20-24,1752,35-39,11
monogamous,Provincia di Tripoli,20-24,1752,40-44,2
monogamous,Provincia di Tripoli,20-24,1752,45-49,0
monogamous,Provincia di Tripoli,20-24,1752,50-54,1
monogamous,Provincia di Tripoli,20-24,1752,55-59,1
monogamous,Provincia di Tripoli,20-24,1752,60-64,0
monogamous,Provincia di Tripoli,20-24,1752,65+,0
monogamous,Provincia di Tripoli,25-29,5464,10,0
monogamous,Provincia di Tripoli,25-29,5464,11,0
monogamous,Provincia di Tripoli,25-29,5464,12,3
monogamous,Provincia di Tripoli,25-29,5464,13,6
monogamous,Provincia di Tripoli,25-29,5464,14,17
monogamous,Provincia di Tripoli,25-29,5464,15-19,1131
monogamous,Provincia di Tripoli,25-29,5464,20-24,2933
monogamous,Provincia di Tripoli,25-29,5464,25-29,1103
monogamous,Provincia di Tripoli,25-29,5464,30-34,185
monogamous,Provincia di Tripoli,25-29,5464,35-39,59
monogamous,Provincia di Tripoli,25-29,5464,40-44,21
monogamous,Provincia di Tripoli,25-29,5464,45-49,4
monogamous,Provincia di Tripoli,25-29,5464,50-54,1
monogamous,Provincia di Tripoli,25-29,5464,55-59,1
monogamous,Provincia di Tripoli,25-29,5464,60-64,0
monogamous,Provincia di Tripoli,25-29,5464,65+,0
monogamous,Provincia di Tripoli,30-34,7805,10,0
monogamous,Provincia di Tripoli,30-34,7805,11,0
monogamous,Provincia di Tripoli,30-34,7805,12,1
monogamous,Provincia di Tripoli,30-34,7805,13,2
monogamous,Provincia di Tripoli,30-34,7805,14,10
monogamous,Provincia di Tripoli,30-34,7805,15-19,513
monogamous,Provincia di Tripoli,30-34,7805,20-24,2043
monogamous,Provincia di Tripoli,30-34,7805,25-29,3825
monogamous,Provincia di Tripoli,30-34,7805,30-34,1059
monogamous,Provincia di Tripoli,30-34,7805,35-39,228
monogamous,Provincia di Tripoli,30-34,7805,40-44,81
monogamous,Provincia di Tripoli,30-34,7805,45-49,25
monogamous,Provincia di Tripoli,30-34,7805,50-54,12
monogamous,Provincia di Tripoli,30-34,7805,55-59,4
monogamous,Provincia di Tripoli,30-34,7805,60-64,1
monogamous,Provincia di Tripoli,30-34,7805,65+,1
monogamous,Provincia di Tripoli,35-39,9710,10,0
monogamous,Provincia di Tripoli,35-39,9710,11,0
monogamous,Provincia di Tripoli,35-39,9710,12,0
monogamous,Provincia di Tripoli,35-39,9710,13,1
monogamous,Provincia di Tripoli,35-39,9710,14,8
monogamous,Provincia di Tripoli,35-39,9710,15-19,271
monogamous,Provincia di Tripoli,35-39,9710,20-24,1085
monogamous,Provincia di Tripoli,35-39,9710,25-29,2959
monogamous,Provincia di Tripoli,35-39,9710,30-34,4132
monogamous,Provincia di Tripoli,35-39,9710,35-39,880
monogamous,Provincia di Tripoli,35-39,9710,40-44,277
monogamous,Provincia di Tripoli,35-39,9710,45-49,65
monogamous,Provincia di Tripoli,35-39,9710,50-54,18
monogamous,Provincia di Tripoli,35-39,9710,55-59,10
monogamous,Provincia di Tripoli,35-39,9710,60-64,4
monogamous,Provincia di Tripoli,35-39,9710,65+,0
monogamous,Provincia di Tripoli,40-44,8415,10,0
monogamous,Provincia di Tripoli,40-44,8415,11,0
monogamous,Provincia di Tripoli,40-44,8415,12,0
monogamous,Provincia di Tripoli,40-44,8415,13,0
monogamous,Provincia di Tripoli,40-44,8415,14,1
monogamous,Provincia di Tripoli,40-44,8415,15-19,65
monogamous,Provincia di Tripoli,40-44,8415,20-24,363
monogamous,Provincia di Tripoli,40-44,8415,25-29,915
monogamous,Provincia di Tripoli,40-44,8415,30-34,2889
monogamous,Provincia di Tripoli,40-44,8415,35-39,3197
monogamous,Provincia di Tripoli,40-44,8415,40-44,720
monogamous,Provincia di Tripoli,40-44,8415,45-49,156
monogamous,Provincia di Tripoli,40-44,8415,50-54,80
monogamous,Provincia di Tripoli,40-44,8415,55-59,13
monogamous,Provincia di Tripoli,40-44,8415,60-64,13
monogamous,Provincia di Tripoli,40-44,8415,65+,3
monogamous,Provincia di Tripoli,45-49,7033,10,0
monogamous,Provincia di Tripoli,45-49,7033,11,0
monogamous,Provincia di Tripoli,45-49,7033,12,0
monogamous,Provincia di Tripoli,45-49,7033,13,1
monogamous,Provincia di Tripoli,45-49,7033,14,1
monogamous,Provincia di Tripoli,45-49,7033,15-19,22
monogamous,Provincia di Tripoli,45-49,7033,20-24,150
monogamous,Provincia di Tripoli,45-49,7033,25-29,376
monogamous,Provincia di Tripoli,45-49,7033,30-34,1362
monogamous,Provincia di Tripoli,45-49,7033,35-39,2249
monogamous,Provincia di Tripoli,45-49,7033,40-44,2341
monogamous,Provincia di Tripoli,45-49,7033,45-49,349
monogamous,Provincia di Tripoli,45-49,7033,50-54,132
monogamous,Provincia di Tripoli,45-49,7033,55-59,34
monogamous,Provincia di Tripoli,45-49,7033,60-64,12
monogamous,Provincia di Tripoli,45-49,7033,65+,4
monogamous,Provincia di Tripoli,50-54,7051,10,0
monogamous,Provincia di Tripoli,50-54,7051,11,0
monogamous,Provincia di Tripoli,50-54,7051,12,0
monogamous,Provincia di Tripoli,50-54,7051,13,0
monogamous,Provincia di Tripoli,50-54,7051,14,0
monogamous,Provincia di Tripoli,50-54,7051,15-19,24
monogamous,Provincia di Tripoli,50-54,7051,20-24,74
monogamous,Provincia di Tripoli,50-54,7051,25-29,165
monogamous,Provincia di Tripoli,50-54,7051,30-34,678
monogamous,Provincia di Tripoli,50-54,7051,35-39,1003
monogamous,Provincia di Tripoli,50-54,7051,40-44,2859
monogamous,Provincia di Tripoli,50-54,7051,45-49,1726
monogamous,Provincia di Tripoli,50-54,7051,50-54,392
monogamous,Provincia di Tripoli,50-54,7051,55-59,73
monogamous,Provincia di Tripoli,50-54,7051,60-64,41
monogamous,Provincia di Tripoli,50-54,7051,65+,16
monogamous,Provincia di Tripoli,55-59,4701,10,0
monogamous,Provincia di Tripoli,55-59,4701,11,0
monogamous,Provincia di Tripoli,55-59,4701,12,1
monogamous,Provincia di Tripoli,55-59,4701,13,0
monogamous,Provincia di Tripoli,55-59,4701,14,0
monogamous,Provincia di Tripoli,55-59,4701,15-19,9
monogamous,Provincia di Tripoli,55-59,4701,20-24,22
monogamous,Provincia di Tripoli,55-59,4701,25-29,80
monogamous,Provincia di Tripoli,55-59,4701,30-34,246
monogamous,Provincia di Tripoli,55-59,4701,35-39,446
monogamous,Provincia di Tripoli,55-59,4701,40-44,1252
monogamous,Provincia di Tripoli,55-59,4701,45-49,1191
monogamous,Provincia di Tripoli,55-59,4701,50-54,1244
monogamous,Provincia di Tripoli,55-59,4701,55-59,165
monogamous,Provincia di Tripoli,55-59,4701,60-64,36
monogamous,Provincia di Tripoli,55-59,4701,65+,9
monogamous,Provincia di Tripoli,60-64,4822,10,0
monogamous,Provincia di Tripoli,60-64,4822,11,0
monogamous,Provincia di Tripoli,60-64,4822,12,0
monogamous,Provincia di Tripoli,60-64,4822,13,0
monogamous,Provincia di Tripoli,60-64,4822,14,0
monogamous,Provincia di Tripoli,60-64,4822,15-19,1
monogamous,Provincia di Tripoli,60-64,4822,20-24,18
monogamous,Provincia di Tripoli,60-64,4822,25-29,49
monogamous,Provincia di Tripoli,60-64,4822,30-34,154
monogamous,Provincia di Tripoli,60-64,4822,35-39,226
monogamous,Provincia di Tripoli,60-64,4822,40-44,907
monogamous,Provincia di Tripoli,60-64,4822,45-49,716
monogamous,Provincia di Tripoli,60-64,4822,50-54,1777
monogamous,Provincia di Tripoli,60-64,4822,55-59,744
monogamous,Provincia di Tripoli,60-64,4822,60-64,181
monogamous,Provincia di Tripoli,60-64,4822,65+,49
monogamous,Provincia di Tripoli,65+,7978,10,0
monogamous,Provincia di Tripoli,65+,7978,11,0
monogamous,Provincia di Tripoli,65+,7978,12,0
monogamous,Provincia di Tripoli,65+,7978,13,0
monogamous,Provincia di Tripoli,65+,7978,14,0
monogamous,Provincia di Tripoli,65+,7978,15-19,3
monogamous,Provincia di Tripoli,65+,7978,20-24,15
monogamous,Provincia di Tripoli,65+,7978,25-29,39
monogamous,Provincia di Tripoli,65+,7978,30-34,111
monogamous,Provincia di Tripoli,65+,7978,35-39,209
monogamous,Provincia di Tripoli,65+,7978,40-44,692
monogamous,Provincia di Tripoli,65+,7978,45-49,653
monogamous,Provincia di Tripoli,65+,7978,50-54,1729
monogamous,Provincia di Tripoli,65+,7978,55-59,1002
monogamous,Provincia di Tripoli,65+,7978,60-64,1927
monogamous,Provincia di Tripoli,65+,7978,65+,1598
monogamous,Provincia di Tripoli,Totale,64935,10,0
monogamous,Provincia di Tripoli,Totale,64935,11,1
monogamous,Provincia di Tripoli,Totale,64935,12,9
monogamous,Provincia di Tripoli,Totale,64935,13,16
monogamous,Provincia di Tripoli,Totale,64935,14,66
monogamous,Provincia di Tripoli,Totale,64935,15-19,3176
monogamous,Provincia di Tripoli,Totale,64935,20-24,7369
monogamous,Provincia di Tripoli,Totale,64935,25-29,9590
monogamous,Provincia di Tripoli,Totale,64935,30-34,10835
monogamous,Provincia di Tripoli,Totale,64935,35-39,8508
monogamous,Provincia di Tripoli,Totale,64935,40-44,9152
monogamous,Provincia di Tripoli,Totale,64935,45-49,4885
monogamous,Provincia di Tripoli,Totale,64935,50-54,5386
monogamous,Provincia di Tripoli,Totale,64935,55-59,2047
monogamous,Provincia di Tripoli,Totale,64935,60-64,2215
monogamous,Provincia di Tripoli,Totale,64935,65+,1680
monogamous,Provincia di Misurata,12-14,3,10,0
monogamous,Provincia di Misurata,12-14,3,11,0
monogamous,Provincia di Misurata,12-14,3,12,0
monogamous,Provincia di Misurata,12-14,3,13,0
monogamous,Provincia di Misurata,12-14,3,14,0
monogamous,Provincia di Misurata,12-14,3,15-19,3
monogamous,Provincia di Misurata,12-14,3,20-24,0
monogamous,Provincia di Misurata,12-14,3,25-29,0
monogamous,Provincia di Misurata,12-14,3,30-34,0
monogamous,Provincia di Misurata,12-14,3,35-39,0
monogamous,Provincia di Misurata,12-14,3,40-44,0
monogamous,Provincia di Misurata,12-14,3,45-49,0
monogamous,Provincia di Misurata,12-14,3,50-54,0
monogamous,Provincia di Misurata,12-14,3,55-59,0
monogamous,Provincia di Misurata,12-14,3,60-64,0
monogamous,Provincia di Misurata,12-14,3,65+,0
monogamous,Provincia di Misurata,15-19,117,10,0
monogamous,Provincia di Misurata,15-19,117,11,0
monogamous,Provincia di Misurata,15-19,117,12,0
monogamous,Provincia di Misurata,15-19,117,13,0
monogamous,Provincia di Misurata,15-19,117,14,1
monogamous,Provincia di Misurata,15-19,117,15-19,101
monogamous,Provincia di Misurata,15-19,117,20-24,13
monogamous,Provincia di Misurata,15-19,117,25-29,1
monogamous,Provincia di Misurata,15-19,117,30-34,1
monogamous,Provincia di Misurata,15-19,117,35-39,0
monogamous,Provincia di Misurata,15-19,117,40-44,0
monogamous,Provincia di Misurata,15-19,117,45-49,0
monogamous,Provincia di Misurata,15-19,117,50-54,0
monogamous,Provincia di Misurata,15-19,117,55-59,0
monogamous,Provincia di Misurata,15-19,117,60-64,0
monogamous,Provincia di Misurata,15-19,117,65+,0
monogamous,Provincia di Misurata,20-24,1091,10,0
monogamous,Provincia di Misurata,20-24,1091,11,0
monogamous,Provincia di Misurata,20-24,1091,12,0
monogamous,Provincia di Misurata,20-24,1091,13,3
monogamous,Provincia di Misurata,20-24,1091,14,3
monogamous,Provincia di Misurata,20-24,1091,15-19,599
monogamous,Provincia di Misurata,20-24,1091,20-24,414
monogamous,Provincia di Misurata,20-24,1091,25-29,37
monogamous,Provincia di Misurata,20-24,1091,30-34,19
monogamous,Provincia di Misurata,20-24,1091,35-39,11
monogamous,Provincia di Misurata,20-24,1091,40-44,2
monogamous,Provincia di Misurata,20-24,1091,45-49,1
monogamous,Provincia di Misurata,20-24,1091,50-54,0
monogamous,Provincia di Misurata,20-24,1091,55-59,0
monogamous,Provincia di Misurata,20-24,1091,60-64,2
monogamous,Provincia di Misurata,20-24,1091,65+,0
monogamous,Provincia di Misurata,25-29,3316,10,0
monogamous,Provincia di Misurata,25-29,3316,11,0
monogamous,Provincia di Misurata,25-29,3316,12,1
monogamous,Provincia di Misurata,25-29,3316,13,3
monogamous,Provincia di Misurata,25-29,3316,14,1
monogamous,Provincia di Misurata,25-29,3316,15-19,629
monogamous,Provincia di Misurata,25-29,3316,20-24,1899
monogamous,Provincia di Misurata,25-29,3316,25-29,646
monogamous,Provincia di Misurata,25-29,3316,30-34,95
monogamous,Provincia di Misurata,25-29,3316,35-39,18
monogamous,Provincia di Misurata,25-29,3316,40-44,17
monogamous,Provincia di Misurata,25-29,3316,45-49,5
monogamous,Provincia di Misurata,25-29,3316,50-54,1
monogamous,Provincia di Misurata,25-29,3316,55-59,0
monogamous,Provincia di Misurata,25-29,3316,60-64,1
monogamous,Provincia di Misurata,25-29,3316,65+,0
monogamous,Provincia di Misurata,30-34,5168,10,0
monogamous,Provincia di Misurata,30-34,5168,11,0
monogamous,Provincia di Misurata,30-34,5168,12,0
monogamous,Provincia di Misurata,30-34,5168,13,2
monogamous,Provincia di Misurata,30-34,5168,14,1
monogamous,Provincia di Misurata,30-34,5168,15-19,268
monogamous,Provincia di Misurata,30-34,5168,20-24,1372
monogamous,Provincia di Misurata,30-34,5168,25-29,2645
monogamous,Provincia di Misurata,30-34,5168,30-34,692
monogamous,Provincia di Misurata,30-34,5168,35-39,102
monogamous,Provincia di Misurata,30-34,5168,40-44,62
monogamous,Provincia di Misurata,30-34,5168,45-49,14
monogamous,Provincia di Misurata,30-34,5168,50-54,6
monogamous,Provincia di Misurata,30-34,5168,55-59,1
monogamous,Provincia di Misurata,30-34,5168,60-64,1
monogamous,Provincia di Misurata,30-34,5168,65+,2
monogamous,Provincia di Misurata,35-39,6091,10,0
monogamous,Provincia di Misurata,35-39,6091,11,0
monogamous,Provincia di Misurata,35-39,6091,12,0
monogamous,Provincia di Misurata,35-39,6091,13,0
monogamous,Provincia di Misurata,35-39,6091,14,1
monogamous,Provincia di Misurata,35-39,6091,15-19,157
monogamous,Provincia di Misurata,35-39,6091,20-24,750
monogamous,Provincia di Misurata,35-39,6091,25-29,1871
monogamous,Provincia di Misurata,35-39,6091,30-34,2566
monogamous,Provincia di Misurata,35-39,6091,35-39,551
monogamous,Provincia di Misurata,35-39,6091,40-44,142
monogamous,Provincia di Misurata,35-39,6091,45-49,33
monogamous,Provincia di Misurata,35-39,6091,50-54,16
monogamous,Provincia di Misurata,35-39,6091,55-59,1
monogamous,Provincia di Misurata,35-39,6091,60-64,0
monogamous,Provincia di Misurata,35-39,6091,65+,3
monogamous,Provincia di Misurata,40-44,5791,10,0
monogamous,Provincia di Misurata,40-44,5791,11,0
monogamous,Provincia di Misurata,40-44,5791,12,0
monogamous,Provincia di Misurata,40-44,5791,13,1
monogamous,Provincia di Misurata,40-44,5791,14,0
monogamous,Provincia di Misurata,40-44,5791,15-19,44
monogamous,Provincia di Misurata,40-44,5791,20-24,245
monogamous,Provincia di Misurata,40-44,5791,25-29,647
monogamous,Provincia di Misurata,40-44,5791,30-34,2221
monogamous,Provincia di Misurata,40-44,5791,35-39,2082
monogamous,Provincia di Misurata,40-44,5791,40-44,407
monogamous,Provincia di Misurata,40-44,5791,45-49,69
monogamous,Provincia di Misurata,40-44,5791,50-54,62
monogamous,Provincia di Misurata,40-44,5791,55-59,6
monogamous,Provincia di Misurata,40-44,5791,60-64,5
monogamous,Provincia di Misurata,40-44,5791,65+,2
monogamous,Provincia di Misurata,45-49,4760,10,0
monogamous,Provincia di Misurata,45-49,4760,11,0
monogamous,Provincia di Misurata,45-49,4760,12,1
monogamous,Provincia di Misurata,45-49,4760,13,0
monogamous,Provincia di Misurata,45-49,4760,14,0
monogamous,Provincia di Misurata,45-49,4760,15-19,24
monogamous,Provincia di Misurata,45-49,4760,20-24,114
monogamous,Provincia di Misurata,45-49,4760,25-29,279
monogamous,Provincia di Misurata,45-49,4760,30-34,972
monogamous,Provincia di Misurata,45-49,4760,35-39,1459
monogamous,Provincia di Misurata,45-49,4760,40-44,1566
monogamous,Provincia di Misurata,45-49,4760,45-49,239
monogamous,Provincia di Misurata,45-49,4760,50-54,83
monogamous,Provincia di Misurata,45-49,4760,55-59,16
monogamous,Provincia di Misurata,45-49,4760,60-64,5
monogamous,Provincia di Misurata,45-49,4760,65+,2
monogamous,Provincia di Misurata,50-54,4995,10,0
monogamous,Provincia di Misurata,50-54,4995,11,0
monogamous,Provincia di Misurata,50-54,4995,12,0
monogamous,Provincia di Misurata,50-54,4995,13,0
monogamous,Provincia di Misurata,50-54,4995,14,0
monogamous,Provincia di Misurata,50-54,4995,15-19,12
monogamous,Provincia di Misurata,50-54,4995,20-24,42
monogamous,Provincia di Misurata,50-54,4995,25-29,113
monogamous,Provincia di Misurata,50-54,4995,30-34,489
monogamous,Provincia di Misurata,50-54,4995,35-39,711
monogamous,Provincia di Misurata,50-54,4995,40-44,2033
monogamous,Provincia di Misurata,50-54,4995,45-49,1275
monogamous,Provincia di Misurata,50-54,4995,50-54,265
monogamous,Provincia di Misurata,50-54,4995,55-59,30
monogamous,Provincia di Misurata,50-54,4995,60-64,19
monogamous,Provincia di Misurata,50-54,4995,65+,6
monogamous,Provincia di Misurata,55-59,3052,10,0
monogamous,Provincia di Misurata,55-59,3052,11,0
monogamous,Provincia di Misurata,55-59,3052,12,0
monogamous,Provincia di Misurata,55-59,3052,13,0
monogamous,Provincia di Misurata,55-59,3052,14,0
monogamous,Provincia di Misurata,55-59,3052,15-19,3
monogamous,Provincia di Misurata,55-59,3052,20-24,20
monogamous,Provincia di Misurata,55-59,3052,25-29,42
monogamous,Provincia di Misurata,55-59,3052,30-34,152
monogamous,Provincia di Misurata,55-59,3052,35-39,276
monogamous,Provincia di Misurata,55-59,3052,40-44,855
monogamous,Provincia di Misurata,55-59,3052,45-49,786
monogamous,Provincia di Misurata,55-59,3052,50-54,782
monogamous,Provincia di Misurata,55-59,3052,55-59,88
monogamous,Provincia di Misurata,55-59,3052,60-64,46
monogamous,Provincia di Misurata,55-59,3052,65+,2
monogamous,Provincia di Misurata,60-64,3414,10,0
monogamous,Provincia di Misurata,60-64,3414,11,0
monogamous,Provincia di Misurata,60-64,3414,12,0
monogamous,Provincia di Misurata,60-64,3414,13,0
monogamous,Provincia di Misurata,60-64,3414,14,0
monogamous,Provincia di Misurata,60-64,3414,15-19,3
monogamous,Provincia di Misurata,60-64,3414,20-24,18
monogamous,Provincia di Misurata,60-64,3414,25-29,24
monogamous,Provincia di Misurata,60-64,3414,30-34,112
monogamous,Provincia di Misurata,60-64,3414,35-39,149
monogamous,Provincia di Misurata,60-64,3414,40-44,662
monogamous,Provincia di Misurata,60-64,3414,45-49,481
monogamous,Provincia di Misurata,60-64,3414,50-54,1321
monogamous,Provincia di Misurata,60-64,3414,55-59,508
monogamous,Provincia di Misurata,60-64,3414,60-64,116
monogamous,Provincia di Misurata,60-64,3414,65+,20
monogamous,Provincia di Misurata,65+,5658,10,0
monogamous,Provincia di Misurata,65+,5658,11,0
monogamous,Provincia di Misurata,65+,5658,12,0
monogamous,Provincia di Misurata,65+,5658,13,0
monogamous,Provincia di Misurata,65+,5658,14,0
monogamous,Provincia di Misurata,65+,5658,15-19,0
monogamous,Provincia di Misurata,65+,5658,20-24,6
monogamous,Provincia di Misurata,65+,5658,25-29,14
monogamous,Provincia di Misurata,65+,5658,30-34,75
monogamous,Provincia di Misurata,65+,5658,35-39,124
monogamous,Provincia di Misurata,65+,5658,40-44,475
monogamous,Provincia di Misurata,65+,5658,45-49,479
monogamous,Provincia di Misurata,65+,5658,50-54,1182
monogamous,Provincia di Misurata,65+,5658,55-59,710
monogamous,Provincia di Misurata,65+,5658,60-64,1381
monogamous,Provincia di Misurata,65+,5658,65+,1212
monogamous,Provincia di Misurata,Totale,43456,10,0
monogamous,Provincia di Misurata,Totale,43456,11,0
monogamous,Provincia di Misurata,Totale,43456,12,2
monogamous,Provincia di Misurata,Totale,43456,13,9
monogamous,Provincia di Misurata,Totale,43456,14,7
monogamous,Provincia di Misurata,Totale,43456,15-19,1843
monogamous,Provincia di Misurata,Totale,43456,20-24,4893
monogamous,Provincia di Misurata,Totale,43456,25-29,6319
monogamous,Provincia di Misurata,Totale,43456,30-34,7394
monogamous,Provincia di Misurata,Totale,43456,35-39,5483
monogamous,Provincia di Misurata,Totale,43456,40-44,6221
monogamous,Provincia di Misurata,Totale,43456,45-49,3382
monogamous,Provincia di Misurata,Totale,43456,50-54,3718
monogamous,Provincia di Misurata,Totale,43456,55-59,1360
monogamous,Provincia di Misurata,Totale,43456,60-64,1576
monogamous,Provincia di Misurata,Totale,43456,65+,1249
monogamous,Provincia di Bengasi,12-14,2,10,1
monogamous,Provincia di Bengasi,12-14,2,11,0
monogamous,Provincia di Bengasi,12-14,2,12,0
monogamous,Provincia di Bengasi,12-14,2,13,0
monogamous,Provincia di Bengasi,12-14,2,14,0
monogamous,Provincia di Bengasi,12-14,2,15-19,1
monogamous,Provincia di Bengasi,12-14,2,20-24,0
monogamous,Provincia di Bengasi,12-14,2,25-29,0
monogamous,Provincia di Bengasi,12-14,2,30-34,0
monogamous,Provincia di Bengasi,12-14,2,35-39,0
monogamous,Provincia di Bengasi,12-14,2,40-44,0
monogamous,Provincia di Bengasi,12-14,2,45-49,0
monogamous,Provincia di Bengasi,12-14,2,50-54,0
monogamous,Provincia di Bengasi,12-14,2,55-59,0
monogamous,Provincia di Bengasi,12-14,2,60-64,0
monogamous,Provincia di Bengasi,12-14,2,65+,0
monogamous,Provincia di Bengasi,15-19,37,10,0
monogamous,Provincia di Bengasi,15-19,37,11,0
monogamous,Provincia di Bengasi,15-19,37,12,1
monogamous,Provincia di Bengasi,15-19,37,13,0
monogamous,Provincia di Bengasi,15-19,37,14,1
monogamous,Provincia di Bengasi,15-19,37,15-19,24
monogamous,Provincia di Bengasi,15-19,37,20-24,7
monogamous,Provincia di Bengasi,15-19,37,25-29,1
monogamous,Provincia di Bengasi,15-19,37,30-34,2
monogamous,Provincia di Bengasi,15-19,37,35-39,1
monogamous,Provincia di Bengasi,15-19,37,40-44,0
monogamous,Provincia di Bengasi,15-19,37,45-49,0
monogamous,Provincia di Bengasi,15-19,37,50-54,0
monogamous,Provincia di Bengasi,15-19,37,55-59,0
monogamous,Provincia di Bengasi,15-19,37,60-64,0
monogamous,Provincia di Bengasi,15-19,37,65+,0
monogamous,Provincia di Bengasi,20-24,381,10,0
monogamous,Provincia di Bengasi,20-24,381,11,0
monogamous,Provincia di Bengasi,20-24,381,12,1
monogamous,Provincia di Bengasi,20-24,381,13,1
monogamous,Provincia di Bengasi,20-24,381,14,1
monogamous,Provincia di Bengasi,20-24,381,15-19,145
monogamous,Provincia di Bengasi,20-24,381,20-24,145
monogamous,Provincia di Bengasi,20-24,381,25-29,46
monogamous,Provincia di Bengasi,20-24,381,30-34,35
monogamous,Provincia di Bengasi,20-24,381,35-39,4
monogamous,Provincia di Bengasi,20-24,381,40-44,1
monogamous,Provincia di Bengasi,20-24,381,45-49,0
monogamous,Provincia di Bengasi,20-24,381,50-54,2
monogamous,Provincia di Bengasi,20-24,381,55-59,0
monogamous,Provincia di Bengasi,20-24,381,60-64,0
monogamous,Provincia di Bengasi,20-24,381,65+,0
monogamous,Provincia di Bengasi,25-29,1638,10,0
monogamous,Provincia di Bengasi,25-29,1638,11,0
monogamous,Provincia di Bengasi,25-29,1638,12,1
monogamous,Provincia di Bengasi,25-29,1638,13,1
monogamous,Provincia di Bengasi,25-29,1638,14,3
monogamous,Provincia di Bengasi,25-29,1638,15-19,315
monogamous,Provincia di Bengasi,25-29,1638,20-24,594
monogamous,Provincia di Bengasi,25-29,1638,25-29,448
monogamous,Provincia di Bengasi,25-29,1638,30-34,179
monogamous,Provincia di Bengasi,25-29,1638,35-39,54
monogamous,Provincia di Bengasi,25-29,1638,40-44,25
monogamous,Provincia di Bengasi,25-29,1638,45-49,11
monogamous,Provincia di Bengasi,25-29,1638,50-54,5
monogamous,Provincia di Bengasi,25-29,1638,55-59,0
monogamous,Provincia di Bengasi,25-29,1638,60-64,1
monogamous,Provincia di Bengasi,25-29,1638,65+,1
monogamous,Provincia di Bengasi,30-34,2627,10,0
monogamous,Provincia di Bengasi,30-34,2627,11,0
monogamous,Provincia di Bengasi,30-34,2627,12,0
monogamous,Provincia di Bengasi,30-34,2627,13,1
monogamous,Provincia di Bengasi,30-34,2627,14,0
monogamous,Provincia di Bengasi,30-34,2627,15-19,215
monogamous,Provincia di Bengasi,30-34,2627,20-24,537
monogamous,Provincia di Bengasi,30-34,2627,25-29,1029
monogamous,Provincia di Bengasi,30-34,2627,30-34,524
monogamous,Provincia di Bengasi,30-34,2627,35-39,166
monogamous,Provincia di Bengasi,30-34,2627,40-44,120
monogamous,Provincia di Bengasi,30-34,2627,45-49,21
monogamous,Provincia di Bengasi,30-34,2627,50-54,8
monogamous,Provincia di Bengasi,30-34,2627,55-59,2
monogamous,Provincia di Bengasi,30-34,2627,60-64,2
monogamous,Provincia di Bengasi,30-34,2627,65+,2
monogamous,Provincia di Bengasi,35-39,2704,10,0
monogamous,Provincia di Bengasi,35-39,2704,11,0
monogamous,Provincia di Bengasi,35-39,2704,12,0
monogamous,Provincia di Bengasi,35-39,2704,13,0
monogamous,Provincia di Bengasi,35-39,2704,14,1
monogamous,Provincia di Bengasi,35-39,2704,15-19,140
monogamous,Provincia di Bengasi,35-39,2704,20-24,301
monogamous,Provincia di Bengasi,35-39,2704,25-29,747
monogamous,Provincia di Bengasi,35-39,2704,30-34,885
monogamous,Provincia di Bengasi,35-39,2704,35-39,356
monogamous,Provincia di Bengasi,35-39,2704,40-44,196
monogamous,Provincia di Bengasi,35-39,2704,45-49,38
monogamous,Provincia di Bengasi,35-39,2704,50-54,29
monogamous,Provincia di Bengasi,35-39,2704,55-59,3
monogamous,Provincia di Bengasi,35-39,2704,60-64,8
monogamous,Provincia di Bengasi,35-39,2704,65+,0
monogamous,Provincia di Bengasi,40-44,2384,10,0
monogamous,Provincia di Bengasi,40-44,2384,11,0
monogamous,Provincia di Bengasi,40-44,2384,12,0
monogamous,Provincia di Bengasi,40-44,2384,13,0
monogamous,Provincia di Bengasi,40-44,2384,14,0
monogamous,Provincia di Bengasi,40-44,2384,15-19,54
monogamous,Provincia di Bengasi,40-44,2384,20-24,140
monogamous,Provincia di Bengasi,40-44,2384,25-29,314
monogamous,Provincia di Bengasi,40-44,2384,30-34,749
monogamous,Provincia di Bengasi,40-44,2384,35-39,680
monogamous,Provincia di Bengasi,40-44,2384,40-44,276
monogamous,Provincia di Bengasi,40-44,2384,45-49,93
monogamous,Provincia di Bengasi,40-44,2384,50-54,59
monogamous,Provincia di Bengasi,40-44,2384,55-59,7
monogamous,Provincia di Bengasi,40-44,2384,60-64,10
monogamous,Provincia di Bengasi,40-44,2384,65+,2
monogamous,Provincia di Bengasi,45-49,1840,10,0
monogamous,Provincia di Bengasi,45-49,1840,11,0
monogamous,Provincia di Bengasi,45-49,1840,12,0
monogamous,Provincia di Bengasi,45-49,1840,13,0
monogamous,Provincia di Bengasi,45-49,1840,14,1
monogamous,Provincia di Bengasi,45-49,1840,15-19,34
monogamous,Provincia di Bengasi,45-49,1840,20-24,48
monogamous,Provincia di Bengasi,45-49,1840,25-29,167
monogamous,Provincia di Bengasi,45-49,1840,30-34,434
monogamous,Provincia di Bengasi,45-49,1840,35-39,509
monogamous,Provincia di Bengasi,45-49,1840,40-44,400
monogamous,Provincia di Bengasi,45-49,1840,45-49,127
monogamous,Provincia di Bengasi,45-49,1840,50-54,96
monogamous,Provincia di Bengasi,45-49,1840,55-59,13
monogamous,Provincia di Bengasi,45-49,1840,60-64,8
monogamous,Provincia di Bengasi,45-49,1840,65+,3
monogamous,Provincia di Bengasi,50-54,2275,10,1
monogamous,Provincia di Bengasi,50-54,2275,11,0
monogamous,Provincia di Bengasi,50-54,2275,12,1
monogamous,Provincia di Bengasi,50-54,2275,13,0
monogamous,Provincia di Bengasi,50-54,2275,14,0
monogamous,Provincia di Bengasi,50-54,2275,15-19,17
monogamous,Provincia di Bengasi,50-54,2275,20-24,40
monogamous,Provincia di Bengasi,50-54,2275,25-29,115
monogamous,Provincia di Bengasi,50-54,2275,30-34,364
monogamous,Provincia di Bengasi,50-54,2275,35-39,425
monogamous,Provincia di Bengasi,50-54,2275,40-44,720
monogamous,Provincia di Bengasi,50-54,2275,45-49,332
monogamous,Provincia di Bengasi,50-54,2275,50-54,188
monogamous,Provincia di Bengasi,50-54,2275,55-59,23
monogamous,Provincia di Bengasi,50-54,2275,60-64,35
monogamous,Provincia di Bengasi,50-54,2275,65+,14
monogamous,Provincia di Bengasi,55-59,1342,10,0
monogamous,Provincia di Bengasi,55-59,1342,11,0
monogamous,Provincia di Bengasi,55-59,1342,12,0
monogamous,Provincia di Bengasi,55-59,1342,13,0
monogamous,Provincia di Bengasi,55-59,1342,14,0
monogamous,Provincia di Bengasi,55-59,1342,15-19,5
monogamous,Provincia di Bengasi,55-59,1342,20-24,19
monogamous,Provincia di Bengasi,55-59,1342,25-29,54
monogamous,Provincia di Bengasi,55-59,1342,30-34,142
monogamous,Provincia di Bengasi,55-59,1342,35-39,210
monogamous,Provincia di Bengasi,55-59,1342,40-44,349
monogamous,Provincia di Bengasi,55-59,1342,45-49,277
monogamous,Provincia di Bengasi,55-59,1342,50-54,196
monogamous,Provincia di Bengasi,55-59,1342,55-59,58
monogamous,Provincia di Bengasi,55-59,1342,60-64,19
monogamous,Provincia di Bengasi,55-59,1342,65+,13
monogamous,Provincia di Bengasi,60-64,1449,10,0
monogamous,Provincia di Bengasi,60-64,1449,11,0
monogamous,Provincia di Bengasi,60-64,1449,12,0
monogamous,Provincia di Bengasi,60-64,1449,13,0
monogamous,Provincia di Bengasi,60-64,1449,14,0
monogamous,Provincia di Bengasi,60-64,1449,15-19,5
monogamous,Provincia di Bengasi,60-64,1449,20-24,16
monogamous,Provincia di Bengasi,60-64,1449,25-29,39
monogamous,Provincia di Bengasi,60-64,1449,30-34,117
monogamous,Provincia di Bengasi,60-64,1449,35-39,141
monogamous,Provincia di Bengasi,60-64,1449,40-44,363
monogamous,Provincia di Bengasi,60-64,1449,45-49,205
monogamous,Provincia di Bengasi,60-64,1449,50-54,348
monogamous,Provincia di Bengasi,60-64,1449,55-59,114
monogamous,Provincia di Bengasi,60-64,1449,60-64,72
monogamous,Provincia di Bengasi,60-64,1449,65+,29
monogamous,Provincia di Bengasi,65+,1894,10,0
monogamous,Provincia di Bengasi,65+,1894,11,0
monogamous,Provincia di Bengasi,65+,1894,12,0
monogamous,Provincia di Bengasi,65+,1894,13,0
monogamous,Provincia di Bengasi,65+,1894,14,0
monogamous,Provincia di Bengasi,65+,1894,15-19,0
monogamous,Provincia di Bengasi,65+,1894,20-24,14
monogamous,Provincia di Bengasi,65+,1894,25-29,27
monogamous,Provincia di Bengasi,65+,1894,30-34,112
monogamous,Provincia di Bengasi,65+,1894,35-39,130
monogamous,Provincia di Bengasi,65+,1894,40-44,258
monogamous,Provincia di Bengasi,65+,1894,45-49,223
monogamous,Provincia di Bengasi,65+,1894,50-54,407
monogamous,Provincia di Bengasi,65+,1894,55-59,196
monogamous,Provincia di Bengasi,65+,1894,60-64,261
monogamous,Provincia di Bengasi,65+,1894,65+,266
monogamous,Provincia di Bengasi,Totale,18573,10,2
monogamous,Provincia di Bengasi,Totale,18573,11,0
monogamous,Provincia di Bengasi,Totale,18573,12,4
monogamous,Provincia di Bengasi,Totale,18573,13,3
monogamous,Provincia di Bengasi,Totale,18573,14,7
monogamous,Provincia di Bengasi,Totale,18573,15-19,955
monogamous,Provincia di Bengasi,Totale,18573,20-24,1861
monogamous,Provincia di Bengasi,Totale,18573,25-29,2987
monogamous,Provincia di Bengasi,Totale,18573,30-34,3543
monogamous,Provincia di Bengasi,Totale,18573,35-39,2676
monogamous,Provincia di Bengasi,Totale,18573,40-44,2708
monogamous,Provincia di Bengasi,Totale,18573,45-49,1327
monogamous,Provincia di Bengasi,Totale,18573,50-54,1338
monogamous,Provincia di Bengasi,Totale,18573,55-59,416
monogamous,Provincia di Bengasi,Totale,18573,60-64,416
monogamous,Provincia di Bengasi,Totale,18573,65+,330
monogamous,Provincia di Derna,15-19,7,10,0
monogamous,Provincia di Derna,15-19,7,11,0
monogamous,Provincia di Derna,15-19,7,12,0
monogamous,Provincia di Derna,15-19,7,13,0
monogamous,Provincia di Derna,15-19,7,14,0
monogamous,Provincia di Derna,15-19,7,15-19,5
monogamous,Provincia di Derna,15-19,7,20-24,1
monogamous,Provincia di Derna,15-19,7,25-29,1
monogamous,Provincia di Derna,15-19,7,30-34,0
monogamous,Provincia di Derna,15-19,7,35-39,0
monogamous,Provincia di Derna,15-19,7,40-44,0
monogamous,Provincia di Derna,15-19,7,45-49,0
monogamous,Provincia di Derna,15-19,7,50-54,0
monogamous,Provincia di Derna,15-19,7,55-59,0
monogamous,Provincia di Derna,15-19,7,60-64,0
monogamous,Provincia di Derna,15-19,7,65+,0
monogamous,Provincia di Derna,20-24,136,10,0
monogamous,Provincia di Derna,20-24,136,11,0
monogamous,Provincia di Derna,20-24,136,12,1
monogamous,Provincia di Derna,20-24,136,13,0
monogamous,Provincia di Derna,20-24,136,14,0
monogamous,Provincia di Derna,20-24,136,15-19,58
monogamous,Provincia di Derna,20-24,136,20-24,52
monogamous,Provincia di Derna,20-24,136,25-29,14
monogamous,Provincia di Derna,20-24,136,30-34,9
monogamous,Provincia di Derna,20-24,136,35-39,2
monogamous,Provincia di Derna,20-24,136,40-44,0
monogamous,Provincia di Derna,20-24,136,45-49,0
monogamous,Provincia di Derna,20-24,136,50-54,0
monogamous,Provincia di Derna,20-24,136,55-59,0
monogamous,Provincia di Derna,20-24,136,60-64,0
monogamous,Provincia di Derna,20-24,136,65+,0
monogamous,Provincia di Derna,25-29,766,10,0
monogamous,Provincia di Derna,25-29,766,11,0
monogamous,Provincia di Derna,25-29,766,12,0
monogamous,Provincia di Derna,25-29,766,13,0
monogamous,Provincia di Derna,25-29,766,14,1
monogamous,Provincia di Derna,25-29,766,15-19,108
monogamous,Provincia di Derna,25-29,766,20-24,278
monogamous,Provincia di Derna,25-29,766,25-29,266
monogamous,Provincia di Derna,25-29,766,30-34,95
monogamous,Provincia di Derna,25-29,766,35-39,12
monogamous,Provincia di Derna,25-29,766,40-44,6
monogamous,Provincia di Derna,25-29,766,45-49,0
monogamous,Provincia di Derna,25-29,766,50-54,0
monogamous,Provincia di Derna,25-29,766,55-59,0
monogamous,Provincia di Derna,25-29,766,60-64,0
monogamous,Provincia di Derna,25-29,766,65+,0
monogamous,Provincia di Derna,30-34,1160,10,0
monogamous,Provincia di Derna,30-34,1160,11,0
monogamous,Provincia di Derna,30-34,1160,12,0
monogamous,Provincia di Derna,30-34,1160,13,0
monogamous,Provincia di Derna,30-34,1160,14,0
monogamous,Provincia di Derna,30-34,1160,15-19,73
monogamous,Provincia di Derna,30-34,1160,20-24,185
monogamous,Provincia di Derna,30-34,1160,25-29,511
monogamous,Provincia di Derna,30-34,1160,30-34,276
monogamous,Provincia di Derna,30-34,1160,35-39,71
monogamous,Provincia di Derna,30-34,1160,40-44,36
monogamous,Provincia di Derna,30-34,1160,45-49,5
monogamous,Provincia di Derna,30-34,1160,50-54,2
monogamous,Provincia di Derna,30-34,1160,55-59,1
monogamous,Provincia di Derna,30-34,1160,60-64,0
monogamous,Provincia di Derna,30-34,1160,65+,0
monogamous,Provincia di Derna,35-39,1426,10,0
monogamous,Provincia di Derna,35-39,1426,11,0
monogamous,Provincia di Derna,35-39,1426,12,0
monogamous,Provincia di Derna,35-39,1426,13,0
monogamous,Provincia di Derna,35-39,1426,14,0
monogamous,Provincia di Derna,35-39,1426,15-19,49
monogamous,Provincia di Derna,35-39,1426,20-24,133
monogamous,Provincia di Derna,35-39,1426,25-29,420
monogamous,Provincia di Derna,35-39,1426,30-34,529
monogamous,Provincia di Derna,35-39,1426,35-39,207
monogamous,Provincia di Derna,35-39,1426,40-44,75
monogamous,Provincia di Derna,35-39,1426,45-49,10
monogamous,Provincia di Derna,35-39,1426,50-54,2
monogamous,Provincia di Derna,35-39,1426,55-59,1
monogamous,Provincia di Derna,35-39,1426,60-64,0
monogamous,Provincia di Derna,35-39,1426,65+,0
monogamous,Provincia di Derna,40-44,971,10,0
monogamous,Provincia di Derna,40-44,971,11,0
monogamous,Provincia di Derna,40-44,971,12,0
monogamous,Provincia di Derna,40-44,971,13,0
monogamous,Provincia di Derna,40-44,971,14,0
monogamous,Provincia di Derna,40-44,971,15-19,9
monogamous,Provincia di Derna,40-44,971,20-24,48
monogamous,Provincia di Derna,40-44,971,25-29,160
monogamous,Provincia di Derna,40-44,971,30-34,248
monogamous,Provincia di Derna,40-44,971,35-39,341
monogamous,Provincia di Derna,40-44,971,40-44,119
monogamous,Provincia di Derna,40-44,971,45-49,32
monogamous,Provincia di Derna,40-44,971,50-54,8
monogamous,Provincia di Derna,40-44,971,55-59,2
monogamous,Provincia di Derna,40-44,971,60-64,1
monogamous,Provincia di Derna,40-44,971,65+,3
monogamous,Provincia di Derna,45-49,799,10,0
monogamous,Provincia di Derna,45-49,799,11,0
monogamous,Provincia di Derna,45-49,799,12,0
monogamous,Provincia di Derna,45-49,799,13,0
monogamous,Provincia di Derna,45-49,799,14,0
monogamous,Provincia di Derna,45-49,799,15-19,5
monogamous,Provincia di Derna,45-49,799,20-24,18
monogamous,Provincia di Derna,45-49,799,25-29,78
monogamous,Provincia di Derna,45-49,799,30-34,185
monogamous,Provincia di Derna,45-49,799,35-39,220
monogamous,Provincia di Derna,45-49,799,40-44,193
monogamous,Provincia di Derna,45-49,799,45-49,63
monogamous,Provincia di Derna,45-49,799,50-54,32
monogamous,Provincia di Derna,45-49,799,55-59,3
monogamous,Provincia di Derna,45-49,799,60-64,1
monogamous,Provincia di Derna,45-49,799,65+,1
monogamous,Provincia di Derna,50-54,891,10,0
monogamous,Provincia di Derna,50-54,891,11,0
monogamous,Provincia di Derna,50-54,891,12,0
monogamous,Provincia di Derna,50-54,891,13,0
monogamous,Provincia di Derna,50-54,891,14,0
monogamous,Provincia di Derna,50-54,891,15-19,6
monogamous,Provincia di Derna,50-54,891,20-24,16
monogamous,Provincia di Derna,50-54,891,25-29,40
monogamous,Provincia di Derna,50-54,891,30-34,103
monogamous,Provincia di Derna,50-54,891,35-39,176
monogamous,Provincia di Derna,50-54,891,40-44,251
monogamous,Provincia di Derna,50-54,891,45-49,187
monogamous,Provincia di Derna,50-54,891,50-54,99
monogamous,Provincia di Derna,50-54,891,55-59,9
monogamous,Provincia di Derna,50-54,891,60-64,4
monogamous,Provincia di Derna,50-54,891,65+,0
monogamous,Provincia di Derna,55-59,526,10,0
monogamous,Provincia di Derna,55-59,526,11,0
monogamous,Provincia di Derna,55-59,526,12,0
monogamous,Provincia di Derna,55-59,526,13,0
monogamous,Provincia di Derna,55-59,526,14,0
monogamous,Provincia di Derna,55-59,526,15-19,3
monogamous,Provincia di Derna,55-59,526,20-24,4
monogamous,Provincia di Derna,55-59,526,25-29,12
monogamous,Provincia di Derna,55-59,526,30-34,55
monogamous,Provincia di Derna,55-59,526,35-39,77
monogamous,Provincia di Derna,55-59,526,40-44,147
monogamous,Provincia di Derna,55-59,526,45-49,119
monogamous,Provincia di Derna,55-59,526,50-54,83
monogamous,Provincia di Derna,55-59,526,55-59,17
monogamous,Provincia di Derna,55-59,526,60-64,7
monogamous,Provincia di Derna,55-59,526,65+,2
monogamous,Provincia di Derna,60-64,499,10,0
monogamous,Provincia di Derna,60-64,499,11,0
monogamous,Provincia di Derna,60-64,499,12,0
monogamous,Provincia di Derna,60-64,499,13,0
monogamous,Provincia di Derna,60-64,499,14,0
monogamous,Provincia di Derna,60-64,499,15-19,0
monogamous,Provincia di Derna,60-64,499,20-24,4
monogamous,Provincia di Derna,60-64,499,25-29,7
monogamous,Provincia di Derna,60-64,499,30-34,28
monogamous,Provincia di Derna,60-64,499,35-39,52
monogamous,Provincia di Derna,60-64,499,40-44,126
monogamous,Provincia di Derna,60-64,499,45-49,86
monogamous,Provincia di Derna,60-64,499,50-54,116
monogamous,Provincia di Derna,60-64,499,55-59,56
monogamous,Provincia di Derna,60-64,499,60-64,19
monogamous,Provincia di Derna,60-64,499,65+,5
monogamous,Provincia di Derna,65+,614,10,0
monogamous,Provincia di Derna,65+,614,11,0
monogamous,Provincia di Derna,65+,614,12,0
monogamous,Provincia di Derna,65+,614,13,0
monogamous,Provincia di Derna,65+,614,14,0
monogamous,Provincia di Derna,65+,614,15-19,1
monogamous,Provincia di Derna,65+,614,20-24,4
monogamous,Provincia di Derna,65+,614,25-29,6
monogamous,Provincia di Derna,65+,614,30-34,22
monogamous,Provincia di Derna,65+,614,35-39,33
monogamous,Provincia di Derna,65+,614,40-44,80
monogamous,Provincia di Derna,65+,614,45-49,100
monogamous,Provincia di Derna,65+,614,50-54,147
monogamous,Provincia di Derna,65+,614,55-59,62
monogamous,Provincia di Derna,65+,614,60-64,98
monogamous,Provincia di Derna,65+,614,65+,61
monogamous,Provincia di Derna,Totale,7795,10,0
monogamous,Provincia di Derna,Totale,7795,11,0
monogamous,Provincia di Derna,Totale,7795,12,1
monogamous,Provincia di Derna,Totale,7795,13,0
monogamous,Provincia di Derna,Totale,7795,14,1
monogamous,Provincia di Derna,Totale,7795,15-19,317
monogamous,Provincia di Derna,Totale,7795,20-24,743
monogamous,Provincia di Derna,Totale,7795,25-29,1515
monogamous,Provincia di Derna,Totale,7795,30-34,1550
monogamous,Provincia di Derna,Totale,7795,35-39,1191
monogamous,Provincia di Derna,Totale,7795,40-44,1033
monogamous,Provincia di Derna,Totale,7795,45-49,602
monogamous,Provincia di Derna,Totale,7795,50-54,489
monogamous,Provincia di Derna,Totale,7795,55-59,151
monogamous,Provincia di Derna,Totale,7795,60-64,130
monogamous,Provincia di Derna,Totale,7795,65+,72
monogamous,Territorio Militare del Sud,15-19,17,10,0
monogamous,Territorio Militare del Sud,15-19,17,11,0
monogamous,Territorio Militare del Sud,15-19,17,12,0
monogamous,Territorio Militare del Sud,15-19,17,13,1
monogamous,Territorio Militare del Sud,15-19,17,14,1
monogamous,Territorio Militare del Sud,15-19,17,15-19,11
monogamous,Territorio Militare del Sud,15-19,17,20-24,3
monogamous,Territorio Militare del Sud,15-19,17,25-29,0
monogamous,Territorio Militare del Sud,15-19,17,30-34,1
monogamous,Territorio Militare del Sud,15-19,17,35-39,0
monogamous,Territorio Militare del Sud,15-19,17,40-44,0
monogamous,Territorio Militare del Sud,15-19,17,45-49,0
monogamous,Territorio Militare del Sud,15-19,17,50-54,0
monogamous,Territorio Militare del Sud,15-19,17,55-59,0
monogamous,Territorio Militare del Sud,15-19,17,60-64,0
monogamous,Territorio Militare del Sud,15-19,17,65+,0
monogamous,Territorio Militare del Sud,20-24,304,10,0
monogamous,Territorio Militare del Sud,20-24,304,11,0
monogamous,Territorio Militare del Sud,20-24,304,12,1
monogamous,Territorio Militare del Sud,20-24,304,13,1
monogamous,Territorio Militare del Sud,20-24,304,14,4
monogamous,Territorio Militare del Sud,20-24,304,15-19,158
monogamous,Territorio Militare del Sud,20-24,304,20-24,101
monogamous,Territorio Militare del Sud,20-24,304,25-29,22
monogamous,Territorio Militare del Sud,20-24,304,30-34,11
monogamous,Territorio Militare del Sud,20-24,304,35-39,3
monogamous,Territorio Militare del Sud,20-24,304,40-44,2
monogamous,Territorio Militare del Sud,20-24,304,45-49,0
monogamous,Territorio Militare del Sud,20-24,304,50-54,1
monogamous,Territorio Militare del Sud,20-24,304,55-59,0
monogamous,Territorio Militare del Sud,20-24,304,60-64,0
monogamous,Territorio Militare del Sud,20-24,304,65+,0
monogamous,Territorio Militare del Sud,25-29,842,10,0
monogamous,Territorio Militare del Sud,25-29,842,11,0
monogamous,Territorio Militare del Sud,25-29,842,12,3
monogamous,Territorio Militare del Sud,25-29,842,13,3
monogamous,Territorio Militare del Sud,25-29,842,14,9
monogamous,Territorio Militare del Sud,25-29,842,15-19,212
monogamous,Territorio Militare del Sud,25-29,842,20-24,389
monogamous,Territorio Militare del Sud,25-29,842,25-29,145
monogamous,Territorio Militare del Sud,25-29,842,30-34,56
monogamous,Territorio Militare del Sud,25-29,842,35-39,14
monogamous,Territorio Militare del Sud,25-29,842,40-44,6
monogamous,Territorio Militare del Sud,25-29,842,45-49,4
monogamous,Territorio Militare del Sud,25-29,842,50-54,1
monogamous,Territorio Militare del Sud,25-29,842,55-59,0
monogamous,Territorio Militare del Sud,25-29,842,60-64,0
monogamous,Territorio Militare del Sud,25-29,842,65+,0
monogamous,Territorio Militare del Sud,30-34,1196,10,0
monogamous,Territorio Militare del Sud,30-34,1196,11,0
monogamous,Territorio Militare del Sud,30-34,1196,12,0
monogamous,Territorio Militare del Sud,30-34,1196,13,0
monogamous,Territorio Militare del Sud,30-34,1196,14,2
monogamous,Territorio Militare del Sud,30-34,1196,15-19,131
monogamous,Territorio Militare del Sud,30-34,1196,20-24,314
monogamous,Territorio Militare del Sud,30-34,1196,25-29,456
monogamous,Territorio Militare del Sud,30-34,1196,30-34,195
monogamous,Territorio Militare del Sud,30-34,1196,35-39,48
monogamous,Territorio Militare del Sud,30-34,1196,40-44,30
monogamous,Territorio Militare del Sud,30-34,1196,45-49,9
monogamous,Territorio Militare del Sud,30-34,1196,50-54,8
monogamous,Territorio Militare del Sud,30-34,1196,55-59,1
monogamous,Territorio Militare del Sud,30-34,1196,60-64,1
monogamous,Territorio Militare del Sud,30-34,1196,65+,1
monogamous,Territorio Militare del Sud,35-39,1185,10,0
monogamous,Territorio Militare del Sud,35-39,1185,11,0
monogamous,Territorio Militare del Sud,35-39,1185,12,0
monogamous,Territorio Militare del Sud,35-39,1185,13,0
monogamous,Territorio Militare del Sud,35-39,1185,14,1
monogamous,Territorio Militare del Sud,35-39,1185,15-19,59
monogamous,Territorio Militare del Sud,35-39,1185,20-24,190
monogamous,Territorio Militare del Sud,35-39,1185,25-29,356
monogamous,Territorio Militare del Sud,35-39,1185,30-34,376
monogamous,Territorio Militare del Sud,35-39,1185,35-39,119
monogamous,Territorio Militare del Sud,35-39,1185,40-44,51
monogamous,Territorio Militare del Sud,35-39,1185,45-49,19
monogamous,Territorio Militare del Sud,35-39,1185,50-54,10
monogamous,Territorio Militare del Sud,35-39,1185,55-59,2
monogamous,Territorio Militare del Sud,35-39,1185,60-64,2
monogamous,Territorio Militare del Sud,35-39,1185,65+,0
monogamous,Territorio Militare del Sud,40-44,1041,10,0
monogamous,Territorio Militare del Sud,40-44,1041,11,0
monogamous,Territorio Militare del Sud,40-44,1041,12,0
monogamous,Territorio Militare del Sud,40-44,1041,13,0
monogamous,Territorio Militare del Sud,40-44,1041,14,0
monogamous,Territorio Militare del Sud,40-44,1041,15-19,13
monogamous,Territorio Militare del Sud,40-44,1041,20-24,74
monogamous,Territorio Militare del Sud,40-44,1041,25-29,174
monogamous,Territorio Militare del Sud,40-44,1041,30-34,379
monogamous,Territorio Militare del Sud,40-44,1041,35-39,237
monogamous,Territorio Militare del Sud,40-44,1041,40-44,104
monogamous,Territorio Militare del Sud,40-44,1041,45-49,34
monogamous,Territorio Militare del Sud,40-44,1041,50-54,16
monogamous,Territorio Militare del Sud,40-44,1041,55-59,4
monogamous,Territorio Militare del Sud,40-44,1041,60-64,5
monogamous,Territorio Militare del Sud,40-44,1041,65+,1
monogamous,Territorio Militare del Sud,45-49,895,10,0
monogamous,Territorio Militare del Sud,45-49,895,11,0
monogamous,Territorio Militare del Sud,45-49,895,12,0
monogamous,Territorio Militare del Sud,45-49,895,13,0
monogamous,Territorio Militare del Sud,45-49,895,14,0
monogamous,Territorio Militare del Sud,45-49,895,15-19,11
monogamous,Territorio Militare del Sud,45-49,895,20-24,53
monogamous,Territorio Militare del Sud,45-49,895,25-29,103
monogamous,Territorio Militare del Sud,45-49,895,30-34,226
monogamous,Territorio Militare del Sud,45-49,895,35-39,219
monogamous,Territorio Militare del Sud,45-49,895,40-44,195
monogamous,Territorio Militare del Sud,45-49,895,45-49,52
monogamous,Territorio Militare del Sud,45-49,895,50-54,28
monogamous,Territorio Militare del Sud,45-49,895,55-59,6
monogamous,Territorio Militare del Sud,45-49,895,60-64,1
monogamous,Territorio Militare del Sud,45-49,895,65+,1
monogamous,Territorio Militare del Sud,50-54,900,10,0
monogamous,Territorio Militare del Sud,50-54,900,11,0
monogamous,Territorio Militare del Sud,50-54,900,12,0
monogamous,Territorio Militare del Sud,50-54,900,13,0
monogamous,Territorio Militare del Sud,50-54,900,14,0
monogamous,Territorio Militare del Sud,50-54,900,15-19,4
monogamous,Territorio Militare del Sud,50-54,900,20-24,16
monogamous,Territorio Militare del Sud,50-54,900,25-29,67
monogamous,Territorio Militare del Sud,50-54,900,30-34,153
monogamous,Territorio Militare del Sud,50-54,900,35-39,165
monogamous,Territorio Militare del Sud,50-54,900,40-44,284
monogamous,Territorio Militare del Sud,50-54,900,45-49,127
monogamous,Territorio Militare del Sud,50-54,900,50-54,61
monogamous,Territorio Militare del Sud,50-54,900,55-59,5
monogamous,Territorio Militare del Sud,50-54,900,60-64,16
monogamous,Territorio Militare del Sud,50-54,900,65+,2
monogamous,Territorio Militare del Sud,55-59,555,10,0
monogamous,Territorio Militare del Sud,55-59,555,11,0
monogamous,Territorio Militare del Sud,55-59,555,12,0
monogamous,Territorio Militare del Sud,55-59,555,13,0
monogamous,Territorio Militare del Sud,55-59,555,14,0
monogamous,Territorio Militare del Sud,55-59,555,15-19,2
monogamous,Territorio Militare del Sud,55-59,555,20-24,15
monogamous,Territorio Militare del Sud,55-59,555,25-29,29
monogamous,Territorio Militare del Sud,55-59,555,30-34,70
monogamous,Territorio Militare del Sud,55-59,555,35-39,81
monogamous,Territorio Militare del Sud,55-59,555,40-44,154
monogamous,Territorio Militare del Sud,55-59,555,45-49,95
monogamous,Territorio Militare del Sud,55-59,555,50-54,75
monogamous,Territorio Militare del Sud,55-59,555,55-59,25
monogamous,Territorio Militare del Sud,55-59,555,60-64,7
monogamous,Territorio Militare del Sud,55-59,555,65+,2
monogamous,Territorio Militare del Sud,60-64,603,10,0
monogamous,Territorio Militare del Sud,60-64,603,11,0
monogamous,Territorio Militare del Sud,60-64,603,12,0
monogamous,Territorio Militare del Sud,60-64,603,13,0
monogamous,Territorio Militare del Sud,60-64,603,14,0
monogamous,Territorio Militare del Sud,60-64,603,15-19,4
monogamous,Territorio Militare del Sud,60-64,603,20-24,11
monogamous,Territorio Militare del Sud,60-64,603,25-29,19
monogamous,Territorio Militare del Sud,60-64,603,30-34,61
monogamous,Territorio Militare del Sud,60-64,603,35-39,70
monogamous,Territorio Militare del Sud,60-64,603,40-44,124
monogamous,Territorio Militare del Sud,60-64,603,45-49,94
monogamous,Territorio Militare del Sud,60-64,603,50-54,152
monogamous,Territorio Militare del Sud,60-64,603,55-59,33
monogamous,Territorio Militare del Sud,60-64,603,60-64,26
monogamous,Territorio Militare del Sud,60-64,603,65+,9
monogamous,Territorio Militare del Sud,65+,696,10,0
monogamous,Territorio Militare del Sud,65+,696,11,0
monogamous,Territorio Militare del Sud,65+,696,12,0
monogamous,Territorio Militare del Sud,65+,696,13,0
monogamous,Territorio Militare del Sud,65+,696,14,0
monogamous,Territorio Militare del Sud,65+,696,15-19,1
monogamous,Territorio Militare del Sud,65+,696,20-24,10
monogamous,Territorio Militare del Sud,65+,696,25-29,16
monogamous,Territorio Militare del Sud,65+,696,30-34,36
monogamous,Territorio Militare del Sud,65+,696,35-39,42
monogamous,Territorio Militare del Sud,65+,696,40-44,91
monogamous,Territorio Militare del Sud,65+,696,45-49,76
monogamous,Territorio Militare del Sud,65+,696,50-54,160
monogamous,Territorio Militare del Sud,65+,696,55-59,66
monogamous,Territorio Militare del Sud,65+,696,60-64,119
monogamous,Territorio Militare del Sud,65+,696,65+,79
monogamous,Territorio Militare del Sud,Totale,8234,10,0
monogamous,Territorio Militare del Sud,Totale,8234,11,0
monogamous,Territorio Militare del Sud,Totale,8234,12,4
monogamous,Territorio Militare del Sud,Totale,8234,13,5
monogamous,Territorio Militare del Sud,Totale,8234,14,17
monogamous,Territorio Militare del Sud,Totale,8234,15-19,606
monogamous,Territorio Militare del Sud,Totale,8234,20-24,1176
monogamous,Territorio Militare del Sud,Totale,8234,25-29,1387
monogamous,Territorio Militare del Sud,Totale,8234,30-34,1564
monogamous,Territorio Militare del Sud,Totale,8234,35-39,998
monogamous,Territorio Militare del Sud,Totale,8234,40-44,1041
monogamous,Territorio Militare del Sud,Totale,8234,45-49,510
monogamous,Territorio Militare del Sud,Totale,8234,50-54,512
monogamous,Territorio Militare del Sud,Totale,8234,55-59,142
monogamous,Territorio Militare del Sud,Totale,8234,60-64,177
monogamous,Territorio Militare del Sud,Totale,8234,65+,95
polygamous,Libia,20-24,14,13,0
polygamous,Libia,20-24,14,14,0
polygamous,Libia,20-24,14,15-19,9
polygamous,Libia,20-24,14,20-24,18
polygamous,Libia,20-24,14,25-29,1
polygamous,Libia,20-24,14,30-34,0
polygamous,Libia,20-24,14,35-39,0
polygamous,Libia,20-24,14,40-44,0
polygamous,Libia,20-24,14,45-49,0
polygamous,Libia,20-24,14,50-54,0
polygamous,Libia,20-24,14,55-59,0
polygamous,Libia,20-24,14,60-64,0
polygamous,Libia,20-24,14,65+,0
polygamous,Libia,25-29,103,13,0
polygamous,Libia,25-29,103,14,0
polygamous,Libia,25-29,103,15-19,37
polygamous,Libia,25-29,103,20-24,78
polygamous,Libia,25-29,103,25-29,63
polygamous,Libia,25-29,103,30-34,16
polygamous,Libia,25-29,103,35-39,6
polygamous,Libia,25-29,103,40-44,3
polygamous,Libia,25-29,103,45-49,1
polygamous,Libia,25-29,103,50-54,1
polygamous,Libia,25-29,103,55-59,0
polygamous,Libia,25-29,103,60-64,1
polygamous,Libia,25-29,103,65+,0
polygamous,Libia,30-34,256,13,0
polygamous,Libia,30-34,256,14,0
polygamous,Libia,30-34,256,15-19,44
polygamous,Libia,30-34,256,20-24,123
polygamous,Libia,30-34,256,25-29,192
polygamous,Libia,30-34,256,30-34,91
polygamous,Libia,30-34,256,35-39,25
polygamous,Libia,30-34,256,40-44,27
polygamous,Libia,30-34,256,45-49,6
polygamous,Libia,30-34,256,50-54,7
polygamous,Libia,30-34,256,55-59,0
polygamous,Libia,30-34,256,60-64,2
polygamous,Libia,30-34,256,65+,0
polygamous,Libia,35-39,462,13,1
polygamous,Libia,35-39,462,14,0
polygamous,Libia,35-39,462,15-19,57
polygamous,Libia,35-39,462,20-24,146
polygamous,Libia,35-39,462,25-29,258
polygamous,Libia,35-39,462,30-34,273
polygamous,Libia,35-39,462,35-39,121
polygamous,Libia,35-39,462,40-44,54
polygamous,Libia,35-39,462,45-49,13
polygamous,Libia,35-39,462,50-54,7
polygamous,Libia,35-39,462,55-59,0
polygamous,Libia,35-39,462,60-64,1
polygamous,Libia,35-39,462,65+,1
polygamous,Libia,40-44,636,13,1
polygamous,Libia,40-44,636,14,1
polygamous,Libia,40-44,636,15-19,35
polygamous,Libia,40-44,636,20-24,97
polygamous,Libia,40-44,636,25-29,213
polygamous,Libia,40-44,636,30-34,351
polygamous,Libia,40-44,636,35-39,352
polygamous,Libia,40-44,636,40-44,157
polygamous,Libia,40-44,636,45-49,44
polygamous,Libia,40-44,636,50-54,36
polygamous,Libia,40-44,636,55-59,2
polygamous,Libia,40-44,636,60-64,3
polygamous,Libia,40-44,636,65+,1
polygamous,Libia,45-49,683,13,0
polygamous,Libia,45-49,683,14,0
polygamous,Libia,45-49,683,15-19,29
polygamous,Libia,45-49,683,20-24,59
polygamous,Libia,45-49,683,25-29,161
polygamous,Libia,45-49,683,30-34,275
polygamous,Libia,45-49,683,35-39,375
polygamous,Libia,45-49,683,40-44,338
polygamous,Libia,45-49,683,45-49,87
polygamous,Libia,45-49,683,50-54,54
polygamous,Libia,45-49,683,55-59,9
polygamous,Libia,45-49,683,60-64,7
polygamous,Libia,45-49,683,65+,2
polygamous,Libia,50-54,839,13,0
polygamous,Libia,50-54,839,14,1
polygamous,Libia,50-54,839,15-19,16
polygamous,Libia,50-54,839,20-24,36
polygamous,Libia,50-54,839,25-29,110
polygamous,Libia,50-54,839,30-34,246
polygamous,Libia,50-54,839,35-39,317
polygamous,Libia,50-54,839,40-44,478
polygamous,Libia,50-54,839,45-49,341
polygamous,Libia,50-54,839,50-54,123
polygamous,Libia,50-54,839,55-59,29
polygamous,Libia,50-54,839,60-64,16
polygamous,Libia,50-54,839,65+,2
polygamous,Libia,55-59,678,13,0
polygamous,Libia,55-59,678,14,0
polygamous,Libia,55-59,678,15-19,11
polygamous,Libia,55-59,678,20-24,20
polygamous,Libia,55-59,678,25-29,66
polygamous,Libia,55-59,678,30-34,146
polygamous,Libia,55-59,678,35-39,210
polygamous,Libia,55-59,678,40-44,319
polygamous,Libia,55-59,678,45-49,287
polygamous,Libia,55-59,678,50-54,260
polygamous,Libia,55-59,678,55-59,52
polygamous,Libia,55-59,678,60-64,26
polygamous,Libia,55-59,678,65+,7
polygamous,Libia,60-64,721,13,0
polygamous,Libia,60-64,721,14,1
polygamous,Libia,60-64,721,15-19,7
polygamous,Libia,60-64,721,20-24,19
polygamous,Libia,60-64,721,25-29,44
polygamous,Libia,60-64,721,30-34,117
polygamous,Libia,60-64,721,35-39,150
polygamous,Libia,60-64,721,40-44,286
polygamous,Libia,60-64,721,45-49,236
polygamous,Libia,60-64,721,50-54,391
polygamous,Libia,60-64,721,55-59,165
polygamous,Libia,60-64,721,60-64,64
polygamous,Libia,60-64,721,65+,16
polygamous,Libia,65+,1115,13,1
polygamous,Libia,65+,1115,14,1
polygamous,Libia,65+,1115,15-19,1
polygamous,Libia,65+,1115,20-24,10
polygamous,Libia,65+,1115,25-29,28
polygamous,Libia,65+,1115,30-34,98
polygamous,Libia,65+,1115,35-39,145
polygamous,Libia,65+,1115,40-44,307
polygamous,Libia,65+,1115,45-49,347
polygamous,Libia,65+,1115,50-54,492
polygamous,Libia,65+,1115,55-59,235
polygamous,Libia,65+,1115,60-64,383
polygamous,Libia,65+,1115,65+,270
polygamous,Libia,Totale,5507,13,3
polygamous,Libia,Totale,5507,14,4
polygamous,Libia,Totale,5507,15-19,246
polygamous,Libia,Totale,5507,20-24,606
polygamous,Libia,Totale,5507,25-29,1136
polygamous,Libia,Totale,5507,30-34,1613
polygamous,Libia,Totale,5507,35-39,1701
polygamous,Libia,Totale,5507,40-44,1969
polygamous,Libia,Totale,5507,45-49,1362
polygamous,Libia,Totale,5507,50-54,1371
polygamous,Libia,Totale,5507,55-59,492
polygamous,Libia,Totale,5507,60-64,503
polygamous,Libia,Totale,5507,65+,299
polygamous,Provincia di Tripoli,20-24,6,13,0
polygamous,Provincia di Tripoli,20-24,6,14,0
polygamous,Provincia di Tripoli,20-24,6,15-19,6
polygamous,Provincia di Tripoli,20-24,6,20-24,6
polygamous,Provincia di Tripoli,20-24,6,25-29,0
polygamous,Provincia di Tripoli,20-24,6,30-34,0
polygamous,Provincia di Tripoli,20-24,6,35-39,0
polygamous,Provincia di Tripoli,20-24,6,40-44,0
polygamous,Provincia di Tripoli,20-24,6,45-49,0
polygamous,Provincia di Tripoli,20-24,6,50-54,0
polygamous,Provincia di Tripoli,20-24,6,55-59,0
polygamous,Provincia di Tripoli,20-24,6,60-64,0
polygamous,Provincia di Tripoli,20-24,6,65+,0
polygamous,Provincia di Tripoli,25-29,55,13,0
polygamous,Provincia di Tripoli,25-29,55,14,0
polygamous,Provincia di Tripoli,25-29,55,15-19,21
polygamous,Provincia di Tripoli,25-29,55,20-24,45
polygamous,Provincia di Tripoli,25-29,55,25-29,32
polygamous,Provincia di Tripoli,25-29,55,30-34,5
polygamous,Provincia di Tripoli,25-29,55,35-39,2
polygamous,Provincia di Tripoli,25-29,55,40-44,2
polygamous,Provincia di Tripoli,25-29,55,45-49,1
polygamous,Provincia di Tripoli,25-29,55,50-54,1
polygamous,Provincia di Tripoli,25-29,55,55-59,0
polygamous,Provincia di Tripoli,25-29,55,60-64,1
polygamous,Provincia di Tripoli,25-29,55,65+,0
polygamous,Provincia di Tripoli,30-34,91,13,0
polygamous,Provincia di Tripoli,30-34,91,14,0
polygamous,Provincia di Tripoli,30-34,91,15-19,17
polygamous,Provincia di Tripoli,30-34,91,20-24,44
polygamous,Provincia di Tripoli,30-34,91,25-29,75
polygamous,Provincia di Tripoli,30-34,91,30-34,26
polygamous,Provincia di Tripoli,30-34,91,35-39,8
polygamous,Provincia di Tripoli,30-34,91,40-44,9
polygamous,Provincia di Tripoli,30-34,91,45-49,3
polygamous,Provincia di Tripoli,30-34,91,50-54,0
polygamous,Provincia di Tripoli,30-34,91,55-59,0
polygamous,Provincia di Tripoli,30-34,91,60-64,0
polygamous,Provincia di Tripoli,30-34,91,65+,0
polygamous,Provincia di Tripoli,35-39,186,13,0
polygamous,Provincia di Tripoli,35-39,186,14,0
polygamous,Provincia di Tripoli,35-39,186,15-19,20
polygamous,Provincia di Tripoli,35-39,186,20-24,45
polygamous,Provincia di Tripoli,35-39,186,25-29,112
polygamous,Provincia di Tripoli,35-39,186,30-34,123
polygamous,Provincia di Tripoli,35-39,186,35-39,53
polygamous,Provincia di Tripoli,35-39,186,40-44,14
polygamous,Provincia di Tripoli,35-39,186,45-49,3
polygamous,Provincia di Tripoli,35-39,186,50-54,3
polygamous,Provincia di Tripoli,35-39,186,55-59,0
polygamous,Provincia di Tripoli,35-39,186,60-64,0
polygamous,Provincia di Tripoli,35-39,186,65+,0
polygamous,Provincia di Tripoli,40-44,258,13,0
polygamous,Provincia di Tripoli,40-44,258,14,1
polygamous,Provincia di Tripoli,40-44,258,15-19,14
polygamous,Provincia di Tripoli,40-44,258,20-24,34
polygamous,Provincia di Tripoli,40-44,258,25-29,87
polygamous,Provincia di Tripoli,40-44,258,30-34,143
polygamous,Provincia di Tripoli,40-44,258,35-39,149
polygamous,Provincia di Tripoli,40-44,258,40-44,65
polygamous,Provincia di Tripoli,40-44,258,45-49,17
polygamous,Provincia di Tripoli,40-44,258,50-54,8
polygamous,Provincia di Tripoli,40-44,258,55-59,0
polygamous,Provincia di Tripoli,40-44,258,60-64,1
polygamous,Provincia di Tripoli,40-44,258,65+,1
polygamous,Provincia di Tripoli,45-49,287,13,0
polygamous,Provincia di Tripoli,45-49,287,14,0
polygamous,Provincia di Tripoli,45-49,287,15-19,11
polygamous,Provincia di Tripoli,45-49,287,20-24,23
polygamous,Provincia di Tripoli,45-49,287,25-29,49
polygamous,Provincia di Tripoli,45-49,287,30-34,106
polygamous,Provincia di Tripoli,45-49,287,35-39,171
polygamous,Provincia di Tripoli,45-49,287,40-44,164
polygamous,Provincia di Tripoli,45-49,287,45-49,39
polygamous,Provincia di Tripoli,45-49,287,50-54,13
polygamous,Provincia di Tripoli,45-49,287,55-59,3
polygamous,Provincia di Tripoli,45-49,287,60-64,2
polygamous,Provincia di Tripoli,45-49,287,65+,1
polygamous,Provincia di Tripoli,50-54,345,13,0
polygamous,Provincia di Tripoli,50-54,345,14,0
polygamous,Provincia di Tripoli,50-54,345,15-19,4
polygamous,Provincia di Tripoli,50-54,345,20-24,13
polygamous,Provincia di Tripoli,50-54,345,25-29,37
polygamous,Provincia di Tripoli,50-54,345,30-34,99
polygamous,Provincia di Tripoli,50-54,345,35-39,121
polygamous,Provincia di Tripoli,50-54,345,40-44,209
polygamous,Provincia di Tripoli,50-54,345,45-49,161
polygamous,Provincia di Tripoli,50-54,345,50-54,41
polygamous,Provincia di Tripoli,50-54,345,55-59,11
polygamous,Provincia di Tripoli,50-54,345,60-64,4
polygamous,Provincia di Tripoli,50-54,345,65+,1
polygamous,Provincia di Tripoli,55-59,259,13,0
polygamous,Provincia di Tripoli,55-59,259,14,0
polygamous,Provincia di Tripoli,55-59,259,15-19,3
polygamous,Provincia di Tripoli,55-59,259,20-24,4
polygamous,Provincia di Tripoli,55-59,259,25-29,17
polygamous,Provincia di Tripoli,55-59,259,30-34,49
polygamous,Provincia di Tripoli,55-59,259,35-39,71
polygamous,Provincia di Tripoli,55-59,259,40-44,109
polygamous,Provincia di Tripoli,55-59,259,45-49,128
polygamous,Provincia di Tripoli,55-59,259,50-54,123
polygamous,Provincia di Tripoli,55-59,259,55-59,21
polygamous,Provincia di Tripoli,55-59,259,60-64,9
polygamous,Provincia di Tripoli,55-59,259,65+,1
polygamous,Provincia di Tripoli,60-64,331,13,0
polygamous,Provincia di Tripoli,60-64,331,14,1
polygamous,Provincia di Tripoli,60-64,331,15-19,2
polygamous,Provincia di Tripoli,60-64,331,20-24,5
polygamous,Provincia di Tripoli,60-64,331,25-29,13
polygamous,Provincia di Tripoli,60-64,331,30-34,40
polygamous,Provincia di Tripoli,60-64,331,35-39,67
polygamous,Provincia di Tripoli,60-64,331,40-44,138
polygamous,Provincia di Tripoli,60-64,331,45-49,99
polygamous,Provincia di Tripoli,60-64,331,50-54,190
polygamous,Provincia di Tripoli,60-64,331,55-59,82
polygamous,Provincia di Tripoli,60-64,331,60-64,36
polygamous,Provincia di Tripoli,60-64,331,65+,8
polygamous,Provincia di Tripoli,65+,514,13,1
polygamous,Provincia di Tripoli,65+,514,14,0
polygamous,Provincia di Tripoli,65+,514,15-19,1
polygamous,Provincia di Tripoli,65+,514,20-24,5
polygamous,Provincia di Tripoli,65+,514,25-29,4
polygamous,Provincia di Tripoli,65+,514,30-34,34
polygamous,Provincia di Tripoli,65+,514,35-39,46
polygamous,Provincia di Tripoli,65+,514,40-44,137
polygamous,Provincia di Tripoli,65+,514,45-49,152
polygamous,Provincia di Tripoli,65+,514,50-54,248
polygamous,Provincia di Tripoli,65+,514,55-59,115
polygamous,Provincia di Tripoli,65+,514,60-64,188
polygamous,Provincia di Tripoli,65+,514,65+,135
polygamous,Provincia di Tripoli,Totale,2332,13,1
polygamous,Provincia di Tripoli,Totale,2332,14,2
polygamous,Provincia di Tripoli,Totale,2332,15-19,99
polygamous,Provincia di Tripoli,Totale,2332,20-24,224
polygamous,Provincia di Tripoli,Totale,2332,25-29,426
polygamous,Provincia di Tripoli,Totale,2332,30-34,625
polygamous,Provincia di Tripoli,Totale,2332,35-39,688
polygamous,Provincia di Tripoli,Totale,2332,40-44,847
polygamous,Provincia di Tripoli,Totale,2332,45-49,603
polygamous,Provincia di Tripoli,Totale,2332,50-54,627
polygamous,Provincia di Tripoli,Totale,2332,55-59,232
polygamous,Provincia di Tripoli,Totale,2332,60-64,241
polygamous,Provincia di Tripoli,Totale,2332,65+,147
polygamous,di cui municipio di Tripoli,20-24,1,13,0
polygamous,di cui municipio di Tripoli,20-24,1,14,0
polygamous,di cui municipio di Tripoli,20-24,1,15-19,1
polygamous,di cui municipio di Tripoli,20-24,1,20-24,1
polygamous,di cui municipio di Tripoli,20-24,1,25-29,0
polygamous,di cui municipio di Tripoli,20-24,1,30-34,0
polygamous,di cui municipio di Tripoli,20-24,1,35-39,0
polygamous,di cui municipio di Tripoli,20-24,1,40-44,0
polygamous,di cui municipio di Tripoli,20-24,1,45-49,0
polygamous,di cui municipio di Tripoli,20-24,1,50-54,0
polygamous,di cui municipio di Tripoli,20-24,1,55-59,0
polygamous,di cui municipio di Tripoli,20-24,1,60-64,0
polygamous,di cui municipio di Tripoli,20-24,1,65+,0
polygamous,di cui municipio di Tripoli,25-29,4,13,0
polygamous,di cui municipio di Tripoli,25-29,4,14,0
polygamous,di cui municipio di Tripoli,25-29,4,15-19,4
polygamous,di cui municipio di Tripoli,25-29,4,20-24,2
polygamous,di cui municipio di Tripoli,25-29,4,25-29,2
polygamous,di cui municipio di Tripoli,25-29,4,30-34,0
polygamous,di cui municipio di Tripoli,25-29,4,35-39,0
polygamous,di cui municipio di Tripoli,25-29,4,40-44,0
polygamous,di cui municipio di Tripoli,25-29,4,45-49,0
polygamous,di cui municipio di Tripoli,25-29,4,50-54,0
polygamous,di cui municipio di Tripoli,25-29,4,55-59,0
polygamous,di cui municipio di Tripoli,25-29,4,60-64,0
polygamous,di cui municipio di Tripoli,25-29,4,65+,0
polygamous,di cui municipio di Tripoli,30-34,5,13,0
polygamous,di cui municipio di Tripoli,30-34,5,14,0
polygamous,di cui municipio di Tripoli,30-34,5,15-19,3
polygamous,di cui municipio di Tripoli,30-34,5,20-24,0
polygamous,di cui municipio di Tripoli,30-34,5,25-29,1
polygamous,di cui municipio di Tripoli,30-34,5,30-34,3
polygamous,di cui municipio di Tripoli,30-34,5,35-39,1
polygamous,di cui municipio di Tripoli,30-34,5,40-44,2
polygamous,di cui municipio di Tripoli,30-34,5,45-49,0
polygamous,di cui municipio di Tripoli,30-34,5,50-54,0
polygamous,di cui municipio di Tripoli,30-34,5,55-59,0
polygamous,di cui municipio di Tripoli,30-34,5,60-64,0
polygamous,di cui municipio di Tripoli,30-34,5,65+,0
polygamous,di cui municipio di Tripoli,35-39,13,13,0
polygamous,di cui municipio di Tripoli,35-39,13,14,0
polygamous,di cui municipio di Tripoli,35-39,13,15-19,3
polygamous,di cui municipio di Tripoli,35-39,13,20-24,2
polygamous,di cui municipio di Tripoli,35-39,13,25-29,7
polygamous,di cui municipio di Tripoli,35-39,13,30-34,11
polygamous,di cui municipio di Tripoli,35-39,13,35-39,2
polygamous,di cui municipio di Tripoli,35-39,13,40-44,1
polygamous,di cui municipio di Tripoli,35-39,13,45-49,0
polygamous,di cui municipio di Tripoli,35-39,13,50-54,0
polygamous,di cui municipio di Tripoli,35-39,13,55-59,0
polygamous,di cui municipio di Tripoli,35-39,13,60-64,0
polygamous,di cui municipio di Tripoli,35-39,13,65+,0
polygamous,di cui municipio di Tripoli,40-44,14,13,0
polygamous,di cui municipio di Tripoli,40-44,14,14,0
polygamous,di cui municipio di Tripoli,40-44,14,15-19,0
polygamous,di cui municipio di Tripoli,40-44,14,20-24,4
polygamous,di cui municipio di Tripoli,40-44,14,25-29,2
polygamous,di cui municipio di Tripoli,40-44,14,30-34,10
polygamous,di cui municipio di Tripoli,40-44,14,35-39,6
polygamous,di cui municipio di Tripoli,40-44,14,40-44,6
polygamous,di cui municipio di Tripoli,40-44,14,45-49,0
polygamous,di cui municipio di Tripoli,40-44,14,50-54,0
polygamous,di cui municipio di Tripoli,40-44,14,55-59,0
polygamous,di cui municipio di Tripoli,40-44,14,60-64,0
polygamous,di cui municipio di Tripoli,40-44,14,65+,0
polygamous,di cui municipio di Tripoli,45-49,13,13,0
polygamous,di cui municipio di Tripoli,45-49,13,14,0
polygamous,di cui municipio di Tripoli,45-49,13,15-19,1
polygamous,di cui municipio di Tripoli,45-49,13,20-24,3
polygamous,di cui municipio di Tripoli,45-49,13,25-29,0
polygamous,di cui municipio di Tripoli,45-49,13,30-34,4
polygamous,di cui municipio di Tripoli,45-49,13,35-39,9
polygamous,di cui municipio di Tripoli,45-49,13,40-44,6
polygamous,di cui municipio di Tripoli,45-49,13,45-49,2
polygamous,di cui municipio di Tripoli,45-49,13,50-54,0
polygamous,di cui municipio di Tripoli,45-49,13,55-59,1
polygamous,di cui municipio di Tripoli,45-49,13,60-64,0
polygamous,di cui municipio di Tripoli,45-49,13,65+,0
polygamous,di cui municipio di Tripoli,50-54,28,13,0
polygamous,di cui municipio di Tripoli,50-54,28,14,0
polygamous,di cui municipio di Tripoli,50-54,28,15-19,2
polygamous,di cui municipio di Tripoli,50-54,28,20-24,1
polygamous,di cui municipio di Tripoli,50-54,28,25-29,4
polygamous,di cui municipio di Tripoli,50-54,28,30-34,6
polygamous,di cui municipio di Tripoli,50-54,28,35-39,9
polygamous,di cui municipio di Tripoli,50-54,28,40-44,14
polygamous,di cui municipio di Tripoli,50-54,28,45-49,15
polygamous,di cui municipio di Tripoli,50-54,28,50-54,3
polygamous,di cui municipio di Tripoli,50-54,28,55-59,0
polygamous,di cui municipio di Tripoli,50-54,28,60-64,1
polygamous,di cui municipio di Tripoli,50-54,28,65+,1
polygamous,di cui municipio di Tripoli,55-59,9,13,0
polygamous,di cui municipio di Tripoli,55-59,9,14,0
polygamous,di cui municipio di Tripoli,55-59,9,15-19,2
polygamous,di cui municipio di Tripoli,55-59,9,20-24,0
polygamous,di cui municipio di Tripoli,55-59,9,25-29,2
polygamous,di cui municipio di Tripoli,55-59,9,30-34,2
polygamous,di cui municipio di Tripoli,55-59,9,35-39,7
polygamous,di cui municipio di Tripoli,55-59,9,40-44,1
polygamous,di cui municipio di Tripoli,55-59,9,45-49,2
polygamous,di cui municipio di Tripoli,55-59,9,50-54,1
polygamous,di cui municipio di Tripoli,55-59,9,55-59,0
polygamous,di cui municipio di Tripoli,55-59,9,60-64,1
polygamous,di cui municipio di Tripoli,55-59,9,65+,0
polygamous,di cui municipio di Tripoli,60-64,18,13,0
polygamous,di cui municipio di Tripoli,60-64,18,14,0
polygamous,di cui municipio di Tripoli,60-64,18,15-19,0
polygamous,di cui municipio di Tripoli,60-64,18,20-24,0
polygamous,di cui municipio di Tripoli,60-64,18,25-29,1
polygamous,di cui municipio di Tripoli,60-64,18,30-34,2
polygamous,di cui municipio di Tripoli,60-64,18,35-39,4
polygamous,di cui municipio di Tripoli,60-64,18,40-44,7
polygamous,di cui municipio di Tripoli,60-64,18,45-49,2
polygamous,di cui municipio di Tripoli,60-64,18,50-54,11
polygamous,di cui municipio di Tripoli,60-64,18,55-59,4
polygamous,di cui municipio di Tripoli,60-64,18,60-64,4
polygamous,di cui municipio di Tripoli,60-64,18,65+,2
polygamous,di cui municipio di Tripoli,65+,28,13,0
polygamous,di cui municipio di Tripoli,65+,28,14,0
polygamous,di cui municipio di Tripoli,65+,28,15-19,0
polygamous,di cui municipio di Tripoli,65+,28,20-24,0
polygamous,di cui municipio di Tripoli,65+,28,25-29,0
polygamous,di cui municipio di Tripoli,65+,28,30-34,3
polygamous,di cui municipio di Tripoli,65+,28,35-39,4
polygamous,di cui municipio di Tripoli,65+,28,40-44,12
polygamous,di cui municipio di Tripoli,65+,28,45-49,6
polygamous,di cui municipio di Tripoli,65+,28,50-54,11
polygamous,di cui municipio di Tripoli,65+,28,55-59,7
polygamous,di cui municipio di Tripoli,65+,28,60-64,7
polygamous,di cui municipio di Tripoli,65+,28,65+,8
polygamous,di cui municipio di Tripoli,Totale,133,13,0
polygamous,di cui municipio di Tripoli,Totale,133,14,0
polygamous,di cui municipio di Tripoli,Totale,133,15-19,16
polygamous,di cui municipio di Tripoli,Totale,133,20-24,13
polygamous,di cui municipio di Tripoli,Totale,133,25-29,19
polygamous,di cui municipio di Tripoli,Totale,133,30-34,41
polygamous,di cui municipio di Tripoli,Totale,133,35-39,42
polygamous,di cui municipio di Tripoli,Totale,133,40-44,49
polygamous,di cui municipio di Tripoli,Totale,133,45-49,27
polygamous,di cui municipio di Tripoli,Totale,133,50-54,26
polygamous,di cui municipio di Tripoli,Totale,133,55-59,12
polygamous,di cui municipio di Tripoli,Totale,133,60-64,13
polygamous,di cui municipio di Tripoli,Totale,133,65+,11
polygamous,Provincia di Misurata,20-24,2,13,0
polygamous,Provincia di Misurata,20-24,2,14,0
polygamous,Provincia di Misurata,20-24,2,15-19,3
polygamous,Provincia di Misurata,20-24,2,20-24,1
polygamous,Provincia di Misurata,20-24,2,25-29,0
polygamous,Provincia di Misurata,20-24,2,30-34,0
polygamous,Provincia di Misurata,20-24,2,35-39,0
polygamous,Provincia di Misurata,20-24,2,40-44,0
polygamous,Provincia di Misurata,20-24,2,45-49,0
polygamous,Provincia di Misurata,20-24,2,50-54,0
polygamous,Provincia di Misurata,20-24,2,55-59,0
polygamous,Provincia di Misurata,20-24,2,60-64,0
polygamous,Provincia di Misurata,20-24,2,65+,0
polygamous,Provincia di Misurata,25-29,18,13,0
polygamous,Provincia di Misurata,25-29,18,14,0
polygamous,Provincia di Misurata,25-29,18,15-19,5
polygamous,Provincia di Misurata,25-29,18,20-24,14
polygamous,Provincia di Misurata,25-29,18,25-29,14
polygamous,Provincia di Misurata,25-29,18,30-34,3
polygamous,Provincia di Misurata,25-29,18,35-39,0
polygamous,Provincia di Misurata,25-29,18,40-44,0
polygamous,Provincia di Misurata,25-29,18,45-49,0
polygamous,Provincia di Misurata,25-29,18,50-54,0
polygamous,Provincia di Misurata,25-29,18,55-59,0
polygamous,Provincia di Misurata,25-29,18,60-64,0
polygamous,Provincia di Misurata,25-29,18,65+,0
polygamous,Provincia di Misurata,30-34,57,13,0
polygamous,Provincia di Misurata,30-34,57,14,0
polygamous,Provincia di Misurata,30-34,57,15-19,11
polygamous,Provincia di Misurata,30-34,57,20-24,28
polygamous,Provincia di Misurata,30-34,57,25-29,45
polygamous,Provincia di Misurata,30-34,57,30-34,20
polygamous,Provincia di Misurata,30-34,57,35-39,3
polygamous,Provincia di Misurata,30-34,57,40-44,4
polygamous,Provincia di Misurata,30-34,57,45-49,2
polygamous,Provincia di Misurata,30-34,57,50-54,3
polygamous,Provincia di Misurata,30-34,57,55-59,0
polygamous,Provincia di Misurata,30-34,57,60-64,0
polygamous,Provincia di Misurata,30-34,57,65+,0
polygamous,Provincia di Misurata,35-39,118,13,0
polygamous,Provincia di Misurata,35-39,118,14,0
polygamous,Provincia di Misurata,35-39,118,15-19,12
polygamous,Provincia di Misurata,35-39,118,20-24,45
polygamous,Provincia di Misurata,35-39,118,25-29,57
polygamous,Provincia di Misurata,35-39,118,30-34,78
polygamous,Provincia di Misurata,35-39,118,35-39,28
polygamous,Provincia di Misurata,35-39,118,40-44,11
polygamous,Provincia di Misurata,35-39,118,45-49,7
polygamous,Provincia di Misurata,35-39,118,50-54,2
polygamous,Provincia di Misurata,35-39,118,55-59,0
polygamous,Provincia di Misurata,35-39,118,60-64,0
polygamous,Provincia di Misurata,35-39,118,65+,0
polygamous,Provincia di Misurata,40-44,177,13,0
polygamous,Provincia di Misurata,40-44,177,14,0
polygamous,Provincia di Misurata,40-44,177,15-19,4
polygamous,Provincia di Misurata,40-44,177,20-24,25
polygamous,Provincia di Misurata,40-44,177,25-29,57
polygamous,Provincia di Misurata,40-44,177,30-34,98
polygamous,Provincia di Misurata,40-44,177,35-39,114
polygamous,Provincia di Misurata,40-44,177,40-44,43
polygamous,Provincia di Misurata,40-44,177,45-49,7
polygamous,Provincia di Misurata,40-44,177,50-54,13
polygamous,Provincia di Misurata,40-44,177,55-59,0
polygamous,Provincia di Misurata,40-44,177,60-64,1
polygamous,Provincia di Misurata,40-44,177,65+,0
polygamous,Provincia di Misurata,45-49,183,13,0
polygamous,Provincia di Misurata,45-49,183,14,0
polygamous,Provincia di Misurata,45-49,183,15-19,3
polygamous,Provincia di Misurata,45-49,183,20-24,16
polygamous,Provincia di Misurata,45-49,183,25-29,46
polygamous,Provincia di Misurata,45-49,183,30-34,62
polygamous,Provincia di Misurata,45-49,183,35-39,101
polygamous,Provincia di Misurata,45-49,183,40-44,99
polygamous,Provincia di Misurata,45-49,183,45-49,27
polygamous,Provincia di Misurata,45-49,183,50-54,14
polygamous,Provincia di Misurata,45-49,183,55-59,2
polygamous,Provincia di Misurata,45-49,183,60-64,1
polygamous,Provincia di Misurata,45-49,183,65+,1
polygamous,Provincia di Misurata,50-54,256,13,0
polygamous,Provincia di Misurata,50-54,256,14,0
polygamous,Provincia di Misurata,50-54,256,15-19,3
polygamous,Provincia di Misurata,50-54,256,20-24,12
polygamous,Provincia di Misurata,50-54,256,25-29,31
polygamous,Provincia di Misurata,50-54,256,30-34,64
polygamous,Provincia di Misurata,50-54,256,35-39,93
polygamous,Provincia di Misurata,50-54,256,40-44,150
polygamous,Provincia di Misurata,50-54,256,45-49,119
polygamous,Provincia di Misurata,50-54,256,50-54,41
polygamous,Provincia di Misurata,50-54,256,55-59,8
polygamous,Provincia di Misurata,50-54,256,60-64,6
polygamous,Provincia di Misurata,50-54,256,65+,0
polygamous,Provincia di Misurata,55-59,240,13,0
polygamous,Provincia di Misurata,55-59,240,14,0
polygamous,Provincia di Misurata,55-59,240,15-19,2
polygamous,Provincia di Misurata,55-59,240,20-24,6
polygamous,Provincia di Misurata,55-59,240,25-29,19
polygamous,Provincia di Misurata,55-59,240,30-34,50
polygamous,Provincia di Misurata,55-59,240,35-39,75
polygamous,Provincia di Misurata,55-59,240,40-44,124
polygamous,Provincia di Misurata,55-59,240,45-49,102
polygamous,Provincia di Misurata,55-59,240,50-54,88
polygamous,Provincia di Misurata,55-59,240,55-59,22
polygamous,Provincia di Misurata,55-59,240,60-64,9
polygamous,Provincia di Misurata,55-59,240,65+,2
polygamous,Provincia di Misurata,60-64,224,13,0
polygamous,Provincia di Misurata,60-64,224,14,0
polygamous,Provincia di Misurata,60-64,224,15-19,1
polygamous,Provincia di Misurata,60-64,224,20-24,7
polygamous,Provincia di Misurata,60-64,224,25-29,9
polygamous,Provincia di Misurata,60-64,224,30-34,28
polygamous,Provincia di Misurata,60-64,224,35-39,38
polygamous,Provincia di Misurata,60-64,224,40-44,83
polygamous,Provincia di Misurata,60-64,224,45-49,90
polygamous,Provincia di Misurata,60-64,224,50-54,137
polygamous,Provincia di Misurata,60-64,224,55-59,54
polygamous,Provincia di Misurata,60-64,224,60-64,14
polygamous,Provincia di Misurata,60-64,224,65+,6
polygamous,Provincia di Misurata,65+,389,13,0
polygamous,Provincia di Misurata,65+,389,14,1
polygamous,Provincia di Misurata,65+,389,15-19,0
polygamous,Provincia di Misurata,65+,389,20-24,1
polygamous,Provincia di Misurata,65+,389,25-29,3
polygamous,Provincia di Misurata,65+,389,30-34,24
polygamous,Provincia di Misurata,65+,389,35-39,44
polygamous,Provincia di Misurata,65+,389,40-44,101
polygamous,Provincia di Misurata,65+,389,45-49,124
polygamous,Provincia di Misurata,65+,389,50-54,163
polygamous,Provincia di Misurata,65+,389,55-59,91
polygamous,Provincia di Misurata,65+,389,60-64,155
polygamous,Provincia di Misurata,65+,389,65+,101
polygamous,Provincia di Misurata,Totale,1664,13,0
polygamous,Provincia di Misurata,Totale,1664,14,1
polygamous,Provincia di Misurata,Totale,1664,15-19,44
polygamous,Provincia di Misurata,Totale,1664,20-24,155
polygamous,Provincia di Misurata,Totale,1664,25-29,281
polygamous,Provincia di Misurata,Totale,1664,30-34,427
polygamous,Provincia di Misurata,Totale,1664,35-39,496
polygamous,Provincia di Misurata,Totale,1664,40-44,615
polygamous,Provincia di Misurata,Totale,1664,45-49,478
polygamous,Provincia di Misurata,Totale,1664,50-54,461
polygamous,Provincia di Misurata,Totale,1664,55-59,177
polygamous,Provincia di Misurata,Totale,1664,60-64,186
polygamous,Provincia di Misurata,Totale,1664,65+,110
polygamous,di cui municipio di Misurata,20-24,1,13,0
polygamous,di cui municipio di Misurata,20-24,1,14,0
polygamous,di cui municipio di Misurata,20-24,1,15-19,1
polygamous,di cui municipio di Misurata,20-24,1,20-24,1
polygamous,di cui municipio di Misurata,20-24,1,25-29,0
polygamous,di cui municipio di Misurata,20-24,1,30-34,0
polygamous,di cui municipio di Misurata,20-24,1,35-39,0
polygamous,di cui municipio di Misurata,20-24,1,40-44,0
polygamous,di cui municipio di Misurata,20-24,1,45-49,0
polygamous,di cui municipio di Misurata,20-24,1,50-54,0
polygamous,di cui municipio di Misurata,20-24,1,55-59,0
polygamous,di cui municipio di Misurata,20-24,1,60-64,0
polygamous,di cui municipio di Misurata,20-24,1,65+,0
polygamous,di cui municipio di Misurata,25-29,1,13,0
polygamous,di cui municipio di Misurata,25-29,1,14,0
polygamous,di cui municipio di Misurata,25-29,1,15-19,0
polygamous,di cui municipio di Misurata,25-29,1,20-24,1
polygamous,di cui municipio di Misurata,25-29,1,25-29,1
polygamous,di cui municipio di Misurata,25-29,1,30-34,0
polygamous,di cui municipio di Misurata,25-29,1,35-39,0
polygamous,di cui municipio di Misurata,25-29,1,40-44,0
polygamous,di cui municipio di Misurata,25-29,1,45-49,0
polygamous,di cui municipio di Misurata,25-29,1,50-54,0
polygamous,di cui municipio di Misurata,25-29,1,55-59,0
polygamous,di cui municipio di Misurata,25-29,1,60-64,0
polygamous,di cui municipio di Misurata,25-29,1,65+,0
polygamous,di cui municipio di Misurata,30-34,7,13,0
polygamous,di cui municipio di Misurata,30-34,7,14,0
polygamous,di cui municipio di Misurata,30-34,7,15-19,0
polygamous,di cui municipio di Misurata,30-34,7,20-24,1
polygamous,di cui municipio di Misurata,30-34,7,25-29,8
polygamous,di cui municipio di Misurata,30-34,7,30-34,3
polygamous,di cui municipio di Misurata,30-34,7,35-39,1
polygamous,di cui municipio di Misurata,30-34,7,40-44,1
polygamous,di cui municipio di Misurata,30-34,7,45-49,0
polygamous,di cui municipio di Misurata,30-34,7,50-54,0
polygamous,di cui municipio di Misurata,30-34,7,55-59,0
polygamous,di cui municipio di Misurata,30-34,7,60-64,0
polygamous,di cui municipio di Misurata,30-34,7,65+,0
polygamous,di cui municipio di Misurata,35-39,32,13,0
polygamous,di cui municipio di Misurata,35-39,32,14,0
polygamous,di cui municipio di Misurata,35-39,32,15-19,1
polygamous,di cui municipio di Misurata,35-39,32,20-24,5
polygamous,di cui municipio di Misurata,35-39,32,25-29,13
polygamous,di cui municipio di Misurata,35-39,32,30-34,31
polygamous,di cui municipio di Misurata,35-39,32,35-39,9
polygamous,di cui municipio di Misurata,35-39,32,40-44,3
polygamous,di cui municipio di Misurata,35-39,32,45-49,1
polygamous,di cui municipio di Misurata,35-39,32,50-54,2
polygamous,di cui municipio di Misurata,35-39,32,55-59,0
polygamous,di cui municipio di Misurata,35-39,32,60-64,0
polygamous,di cui municipio di Misurata,35-39,32,65+,0
polygamous,di cui municipio di Misurata,40-44,49,13,0
polygamous,di cui municipio di Misurata,40-44,49,14,0
polygamous,di cui municipio di Misurata,40-44,49,15-19,1
polygamous,di cui municipio di Misurata,40-44,49,20-24,5
polygamous,di cui municipio di Misurata,40-44,49,25-29,9
polygamous,di cui municipio di Misurata,40-44,49,30-34,26
polygamous,di cui municipio di Misurata,40-44,49,35-39,43
polygamous,di cui municipio di Misurata,40-44,49,40-44,7
polygamous,di cui municipio di Misurata,40-44,49,45-49,3
polygamous,di cui municipio di Misurata,40-44,49,50-54,7
polygamous,di cui municipio di Misurata,40-44,49,55-59,0
polygamous,di cui municipio di Misurata,40-44,49,60-64,0
polygamous,di cui municipio di Misurata,40-44,49,65+,0
polygamous,di cui municipio di Misurata,45-49,49,13,0
polygamous,di cui municipio di Misurata,45-49,49,14,0
polygamous,di cui municipio di Misurata,45-49,49,15-19,0
polygamous,di cui municipio di Misurata,45-49,49,20-24,2
polygamous,di cui municipio di Misurata,45-49,49,25-29,12
polygamous,di cui municipio di Misurata,45-49,49,30-34,14
polygamous,di cui municipio di Misurata,45-49,49,35-39,26
polygamous,di cui municipio di Misurata,45-49,49,40-44,31
polygamous,di cui municipio di Misurata,45-49,49,45-49,12
polygamous,di cui municipio di Misurata,45-49,49,50-54,2
polygamous,di cui municipio di Misurata,45-49,49,55-59,2
polygamous,di cui municipio di Misurata,45-49,49,60-64,0
polygamous,di cui municipio di Misurata,45-49,49,65+,0
polygamous,di cui municipio di Misurata,50-54,54,13,0
polygamous,di cui municipio di Misurata,50-54,54,14,0
polygamous,di cui municipio di Misurata,50-54,54,15-19,1
polygamous,di cui municipio di Misurata,50-54,54,20-24,2
polygamous,di cui municipio di Misurata,50-54,54,25-29,6
polygamous,di cui municipio di Misurata,50-54,54,30-34,9
polygamous,di cui municipio di Misurata,50-54,54,35-39,18
polygamous,di cui municipio di Misurata,50-54,54,40-44,27
polygamous,di cui municipio di Misurata,50-54,54,45-49,36
polygamous,di cui municipio di Misurata,50-54,54,50-54,9
polygamous,di cui municipio di Misurata,50-54,54,55-59,3
polygamous,di cui municipio di Misurata,50-54,54,60-64,1
polygamous,di cui municipio di Misurata,50-54,54,65+,0
polygamous,di cui municipio di Misurata,55-59,61,13,0
polygamous,di cui municipio di Misurata,55-59,61,14,0
polygamous,di cui municipio di Misurata,55-59,61,15-19,0
polygamous,di cui municipio di Misurata,55-59,61,20-24,1
polygamous,di cui municipio di Misurata,55-59,61,25-29,1
polygamous,di cui municipio di Misurata,55-59,61,30-34,10
polygamous,di cui municipio di Misurata,55-59,61,35-39,17
polygamous,di cui municipio di Misurata,55-59,61,40-44,31
polygamous,di cui municipio di Misurata,55-59,61,45-49,32
polygamous,di cui municipio di Misurata,55-59,61,50-54,26
polygamous,di cui municipio di Misurata,55-59,61,55-59,5
polygamous,di cui municipio di Misurata,55-59,61,60-64,2
polygamous,di cui municipio di Misurata,55-59,61,65+,0
polygamous,di cui municipio di Misurata,60-64,52,13,0
polygamous,di cui municipio di Misurata,60-64,52,14,0
polygamous,di cui municipio di Misurata,60-64,52,15-19,0
polygamous,di cui municipio di Misurata,60-64,52,20-24,0
polygamous,di cui municipio di Misurata,60-64,52,25-29,2
polygamous,di cui municipio di Misurata,60-64,52,30-34,3
polygamous,di cui municipio di Misurata,60-64,52,35-39,8
polygamous,di cui municipio di Misurata,60-64,52,40-44,12
polygamous,di cui municipio di Misurata,60-64,52,45-49,29
polygamous,di cui municipio di Misurata,60-64,52,50-54,29
polygamous,di cui municipio di Misurata,60-64,52,55-59,19
polygamous,di cui municipio di Misurata,60-64,52,60-64,4
polygamous,di cui municipio di Misurata,60-64,52,65+,3
polygamous,di cui municipio di Misurata,65+,74,13,0
polygamous,di cui municipio di Misurata,65+,74,14,0
polygamous,di cui municipio di Misurata,65+,74,15-19,0
polygamous,di cui municipio di Misurata,65+,74,20-24,0
polygamous,di cui municipio di Misurata,65+,74,25-29,3
polygamous,di cui municipio di Misurata,65+,74,30-34,3
polygamous,di cui municipio di Misurata,65+,74,35-39,6
polygamous,di cui municipio di Misurata,65+,74,40-44,17
polygamous,di cui municipio di Misurata,65+,74,45-49,25
polygamous,di cui municipio di Misurata,65+,74,50-54,27
polygamous,di cui municipio di Misurata,65+,74,55-59,24
polygamous,di cui municipio di Misurata,65+,74,60-64,31
polygamous,di cui municipio di Misurata,65+,74,65+,22
polygamous,di cui municipio di Misurata,Totale,380,13,0
polygamous,di cui municipio di Misurata,Totale,380,14,0
polygamous,di cui municipio di Misurata,Totale,380,15-19,4
polygamous,di cui municipio di Misurata,Totale,380,20-24,18
polygamous,di cui municipio di Misurata,Totale,380,25-29,55
polygamous,di cui municipio di Misurata,Totale,380,30-34,99
polygamous,di cui municipio di Misurata,Totale,380,35-39,128
polygamous,di cui municipio di Misurata,Totale,380,40-44,129
polygamous,di cui municipio di Misurata,Totale,380,45-49,138
polygamous,di cui municipio di Misurata,Totale,380,50-54,102
polygamous,di cui municipio di Misurata,Totale,380,55-59,53
polygamous,di cui municipio di Misurata,Totale,380,60-64,38
polygamous,di cui municipio di Misurata,Totale,380,65+,25
polygamous,Provincia di Bengasi,20-24,4,13,0
polygamous,Provincia di Bengasi,20-24,4,14,0
polygamous,Provincia di Bengasi,20-24,4,15-19,0
polygamous,Provincia di Bengasi,20-24,4,20-24,7
polygamous,Provincia di Bengasi,20-24,4,25-29,1
polygamous,Provincia di Bengasi,20-24,4,30-34,0
polygamous,Provincia di Bengasi,20-24,4,35-39,0
polygamous,Provincia di Bengasi,20-24,4,40-44,0
polygamous,Provincia di Bengasi,20-24,4,45-49,0
polygamous,Provincia di Bengasi,20-24,4,50-54,0
polygamous,Provincia di Bengasi,20-24,4,55-59,0
polygamous,Provincia di Bengasi,20-24,4,60-64,0
polygamous,Provincia di Bengasi,20-24,4,65+,0
polygamous,Provincia di Bengasi,25-29,4,13,0
polygamous,Provincia di Bengasi,25-29,4,14,0
polygamous,Provincia di Bengasi,25-29,4,15-19,2
polygamous,Provincia di Bengasi,25-29,4,20-24,4
polygamous,Provincia di Bengasi,25-29,4,25-29,1
polygamous,Provincia di Bengasi,25-29,4,30-34,1
polygamous,Provincia di Bengasi,25-29,4,35-39,0
polygamous,Provincia di Bengasi,25-29,4,40-44,0
polygamous,Provincia di Bengasi,25-29,4,45-49,0
polygamous,Provincia di Bengasi,25-29,4,50-54,0
polygamous,Provincia di Bengasi,25-29,4,55-59,0
polygamous,Provincia di Bengasi,25-29,4,60-64,0
polygamous,Provincia di Bengasi,25-29,4,65+,0
polygamous,Provincia di Bengasi,30-34,41,13,0
polygamous,Provincia di Bengasi,30-34,41,14,0
polygamous,Provincia di Bengasi,30-34,41,15-19,5
polygamous,Provincia di Bengasi,30-34,41,20-24,14
polygamous,Provincia di Bengasi,30-34,41,25-29,32
polygamous,Provincia di Bengasi,30-34,41,30-34,20
polygamous,Provincia di Bengasi,30-34,41,35-39,5
polygamous,Provincia di Bengasi,30-34,41,40-44,6
polygamous,Provincia di Bengasi,30-34,41,45-49,0
polygamous,Provincia di Bengasi,30-34,41,50-54,0
polygamous,Provincia di Bengasi,30-34,41,55-59,0
polygamous,Provincia di Bengasi,30-34,41,60-64,0
polygamous,Provincia di Bengasi,30-34,41,65+,0
polygamous,Provincia di Bengasi,35-39,51,13,1
polygamous,Provincia di Bengasi,35-39,51,14,0
polygamous,Provincia di Bengasi,35-39,51,15-19,11
polygamous,Provincia di Bengasi,35-39,51,20-24,19
polygamous,Provincia di Bengasi,35-39,51,25-29,26
polygamous,Provincia di Bengasi,35-39,51,30-34,21
polygamous,Provincia di Bengasi,35-39,51,35-39,10
polygamous,Provincia di Bengasi,35-39,51,40-44,12
polygamous,Provincia di Bengasi,35-39,51,45-49,0
polygamous,Provincia di Bengasi,35-39,51,50-54,0
polygamous,Provincia di Bengasi,35-39,51,55-59,0
polygamous,Provincia di Bengasi,35-39,51,60-64,1
polygamous,Provincia di Bengasi,35-39,51,65+,1
polygamous,Provincia di Bengasi,40-44,74,13,0
polygamous,Provincia di Bengasi,40-44,74,14,0
polygamous,Provincia di Bengasi,40-44,74,15-19,9
polygamous,Provincia di Bengasi,40-44,74,20-24,19
polygamous,Provincia di Bengasi,40-44,74,25-29,25
polygamous,Provincia di Bengasi,40-44,74,30-34,37
polygamous,Provincia di Bengasi,40-44,74,35-39,27
polygamous,Provincia di Bengasi,40-44,74,40-44,21
polygamous,Provincia di Bengasi,40-44,74,45-49,4
polygamous,Provincia di Bengasi,40-44,74,50-54,6
polygamous,Provincia di Bengasi,40-44,74,55-59,1
polygamous,Provincia di Bengasi,40-44,74,60-64,0
polygamous,Provincia di Bengasi,40-44,74,65+,0
polygamous,Provincia di Bengasi,45-49,67,13,0
polygamous,Provincia di Bengasi,45-49,67,14,0
polygamous,Provincia di Bengasi,45-49,67,15-19,6
polygamous,Provincia di Bengasi,45-49,67,20-24,9
polygamous,Provincia di Bengasi,45-49,67,25-29,15
polygamous,Provincia di Bengasi,45-49,67,30-34,33
polygamous,Provincia di Bengasi,45-49,67,35-39,33
polygamous,Provincia di Bengasi,45-49,67,40-44,27
polygamous,Provincia di Bengasi,45-49,67,45-49,8
polygamous,Provincia di Bengasi,45-49,67,50-54,10
polygamous,Provincia di Bengasi,45-49,67,55-59,0
polygamous,Provincia di Bengasi,45-49,67,60-64,2
polygamous,Provincia di Bengasi,45-49,67,65+,0
polygamous,Provincia di Bengasi,50-54,97,13,0
polygamous,Provincia di Bengasi,50-54,97,14,0
polygamous,Provincia di Bengasi,50-54,97,15-19,3
polygamous,Provincia di Bengasi,50-54,97,20-24,9
polygamous,Provincia di Bengasi,50-54,97,25-29,19
polygamous,Provincia di Bengasi,50-54,97,30-34,29
polygamous,Provincia di Bengasi,50-54,97,35-39,46
polygamous,Provincia di Bengasi,50-54,97,40-44,48
polygamous,Provincia di Bengasi,50-54,97,45-49,16
polygamous,Provincia di Bengasi,50-54,97,50-54,18
polygamous,Provincia di Bengasi,50-54,97,55-59,6
polygamous,Provincia di Bengasi,50-54,97,60-64,2
polygamous,Provincia di Bengasi,50-54,97,65+,0
polygamous,Provincia di Bengasi,55-59,94,13,0
polygamous,Provincia di Bengasi,55-59,94,14,0
polygamous,Provincia di Bengasi,55-59,94,15-19,3
polygamous,Provincia di Bengasi,55-59,94,20-24,6
polygamous,Provincia di Bengasi,55-59,94,25-29,15
polygamous,Provincia di Bengasi,55-59,94,30-34,24
polygamous,Provincia di Bengasi,55-59,94,35-39,36
polygamous,Provincia di Bengasi,55-59,94,40-44,42
polygamous,Provincia di Bengasi,55-59,94,45-49,29
polygamous,Provincia di Bengasi,55-59,94,50-54,29
polygamous,Provincia di Bengasi,55-59,94,55-59,3
polygamous,Provincia di Bengasi,55-59,94,60-64,4
polygamous,Provincia di Bengasi,55-59,94,65+,4
polygamous,Provincia di Bengasi,60-64,89,13,0
polygamous,Provincia di Bengasi,60-64,89,14,0
polygamous,Provincia di Bengasi,60-64,89,15-19,4
polygamous,Provincia di Bengasi,60-64,89,20-24,4
polygamous,Provincia di Bengasi,60-64,89,25-29,12
polygamous,Provincia di Bengasi,60-64,89,30-34,19
polygamous,Provincia di Bengasi,60-64,89,35-39,27
polygamous,Provincia di Bengasi,60-64,89,40-44,38
polygamous,Provincia di Bengasi,60-64,89,45-49,25
polygamous,Provincia di Bengasi,60-64,89,50-54,35
polygamous,Provincia di Bengasi,60-64,89,55-59,17
polygamous,Provincia di Bengasi,60-64,89,60-64,7
polygamous,Provincia di Bengasi,60-64,89,65+,0
polygamous,Provincia di Bengasi,65+,125,13,0
polygamous,Provincia di Bengasi,65+,125,14,0
polygamous,Provincia di Bengasi,65+,125,15-19,0
polygamous,Provincia di Bengasi,65+,125,20-24,1
polygamous,Provincia di Bengasi,65+,125,25-29,11
polygamous,Provincia di Bengasi,65+,125,30-34,24
polygamous,Provincia di Bengasi,65+,125,35-39,32
polygamous,Provincia di Bengasi,65+,125,40-44,39
polygamous,Provincia di Bengasi,65+,125,45-49,40
polygamous,Provincia di Bengasi,65+,125,50-54,49
polygamous,Provincia di Bengasi,65+,125,55-59,17
polygamous,Provincia di Bengasi,65+,125,60-64,26
polygamous,Provincia di Bengasi,65+,125,65+,20
polygamous,Provincia di Bengasi,Totale,646,13,1
polygamous,Provincia di Bengasi,Totale,646,14,0
polygamous,Provincia di Bengasi,Totale,646,15-19,43
polygamous,Provincia di Bengasi,Totale,646,20-24,92
polygamous,Provincia di Bengasi,Totale,646,25-29,157
polygamous,Provincia di Bengasi,Totale,646,30-34,208
polygamous,Provincia di Bengasi,Totale,646,35-39,216
polygamous,Provincia di Bengasi,Totale,646,40-44,233
polygamous,Provincia di Bengasi,Totale,646,45-49,122
polygamous,Provincia di Bengasi,Totale,646,50-54,147
polygamous,Provincia di Bengasi,Totale,646,55-59,44
polygamous,Provincia di Bengasi,Totale,646,60-64,42
polygamous,Provincia di Bengasi,Totale,646,65+,25
polygamous,di cui municipio di Bengasi,20-24,3,13,0
polygamous,di cui municipio di Bengasi,20-24,3,14,0
polygamous,di cui municipio di Bengasi,20-24,3,15-19,0
polygamous,di cui municipio di Bengasi,20-24,3,20-24,6
polygamous,di cui municipio di Bengasi,20-24,3,25-29,0
polygamous,di cui municipio di Bengasi,20-24,3,30-34,0
polygamous,di cui municipio di Bengasi,20-24,3,35-39,0
polygamous,di cui municipio di Bengasi,20-24,3,40-44,0
polygamous,di cui municipio di Bengasi,20-24,3,45-49,0
polygamous,di cui municipio di Bengasi,20-24,3,50-54,0
polygamous,di cui municipio di Bengasi,20-24,3,55-59,0
polygamous,di cui municipio di Bengasi,20-24,3,60-64,0
polygamous,di cui municipio di Bengasi,20-24,3,65+,0
polygamous,di cui municipio di Bengasi,25-29,4,13,0
polygamous,di cui municipio di Bengasi,25-29,4,14,0
polygamous,di cui municipio di Bengasi,25-29,4,15-19,2
polygamous,di cui municipio di Bengasi,25-29,4,20-24,4
polygamous,di cui municipio di Bengasi,25-29,4,25-29,1
polygamous,di cui municipio di Bengasi,25-29,4,30-34,1
polygamous,di cui municipio di Bengasi,25-29,4,35-39,0
polygamous,di cui municipio di Bengasi,25-29,4,40-44,0
polygamous,di cui municipio di Bengasi,25-29,4,45-49,0
polygamous,di cui municipio di Bengasi,25-29,4,50-54,0
polygamous,di cui municipio di Bengasi,25-29,4,55-59,0
polygamous,di cui municipio di Bengasi,25-29,4,60-64,0
polygamous,di cui municipio di Bengasi,25-29,4,65+,0
polygamous,di cui municipio di Bengasi,30-34,16,13,0
polygamous,di cui municipio di Bengasi,30-34,16,14,0
polygamous,di cui municipio di Bengasi,30-34,16,15-19,2
polygamous,di cui municipio di Bengasi,30-34,16,20-24,6
polygamous,di cui municipio di Bengasi,30-34,16,25-29,12
polygamous,di cui municipio di Bengasi,30-34,16,30-34,10
polygamous,di cui municipio di Bengasi,30-34,16,35-39,1
polygamous,di cui municipio di Bengasi,30-34,16,40-44,1
polygamous,di cui municipio di Bengasi,30-34,16,45-49,0
polygamous,di cui municipio di Bengasi,30-34,16,50-54,0
polygamous,di cui municipio di Bengasi,30-34,16,55-59,0
polygamous,di cui municipio di Bengasi,30-34,16,60-64,0
polygamous,di cui municipio di Bengasi,30-34,16,65+,0
polygamous,di cui municipio di Bengasi,35-39,26,13,1
polygamous,di cui municipio di Bengasi,35-39,26,14,0
polygamous,di cui municipio di Bengasi,35-39,26,15-19,7
polygamous,di cui municipio di Bengasi,35-39,26,20-24,10
polygamous,di cui municipio di Bengasi,35-39,26,25-29,14
polygamous,di cui municipio di Bengasi,35-39,26,30-34,8
polygamous,di cui municipio di Bengasi,35-39,26,35-39,5
polygamous,di cui municipio di Bengasi,35-39,26,40-44,7
polygamous,di cui municipio di Bengasi,35-39,26,45-49,0
polygamous,di cui municipio di Bengasi,35-39,26,50-54,0
polygamous,di cui municipio di Bengasi,35-39,26,55-59,0
polygamous,di cui municipio di Bengasi,35-39,26,60-64,0
polygamous,di cui municipio di Bengasi,35-39,26,65+,0
polygamous,di cui municipio di Bengasi,40-44,37,13,0
polygamous,di cui municipio di Bengasi,40-44,37,14,0
polygamous,di cui municipio di Bengasi,40-44,37,15-19,8
polygamous,di cui municipio di Bengasi,40-44,37,20-24,13
polygamous,di cui municipio di Bengasi,40-44,37,25-29,12
polygamous,di cui municipio di Bengasi,40-44,37,30-34,18
polygamous,di cui municipio di Bengasi,40-44,37,35-39,12
polygamous,di cui municipio di Bengasi,40-44,37,40-44,8
polygamous,di cui municipio di Bengasi,40-44,37,45-49,3
polygamous,di cui municipio di Bengasi,40-44,37,50-54,1
polygamous,di cui municipio di Bengasi,40-44,37,55-59,0
polygamous,di cui municipio di Bengasi,40-44,37,60-64,0
polygamous,di cui municipio di Bengasi,40-44,37,65+,0
polygamous,di cui municipio di Bengasi,45-49,27,13,0
polygamous,di cui municipio di Bengasi,45-49,27,14,0
polygamous,di cui municipio di Bengasi,45-49,27,15-19,4
polygamous,di cui municipio di Bengasi,45-49,27,20-24,3
polygamous,di cui municipio di Bengasi,45-49,27,25-29,5
polygamous,di cui municipio di Bengasi,45-49,27,30-34,13
polygamous,di cui municipio di Bengasi,45-49,27,35-39,16
polygamous,di cui municipio di Bengasi,45-49,27,40-44,13
polygamous,di cui municipio di Bengasi,45-49,27,45-49,4
polygamous,di cui municipio di Bengasi,45-49,27,50-54,2
polygamous,di cui municipio di Bengasi,45-49,27,55-59,0
polygamous,di cui municipio di Bengasi,45-49,27,60-64,0
polygamous,di cui municipio di Bengasi,45-49,27,65+,0
polygamous,di cui municipio di Bengasi,50-54,41,13,0
polygamous,di cui municipio di Bengasi,50-54,41,14,0
polygamous,di cui municipio di Bengasi,50-54,41,15-19,2
polygamous,di cui municipio di Bengasi,50-54,41,20-24,6
polygamous,di cui municipio di Bengasi,50-54,41,25-29,9
polygamous,di cui municipio di Bengasi,50-54,41,30-34,9
polygamous,di cui municipio di Bengasi,50-54,41,35-39,19
polygamous,di cui municipio di Bengasi,50-54,41,40-44,20
polygamous,di cui municipio di Bengasi,50-54,41,45-49,8
polygamous,di cui municipio di Bengasi,50-54,41,50-54,7
polygamous,di cui municipio di Bengasi,50-54,41,55-59,3
polygamous,di cui municipio di Bengasi,50-54,41,60-64,0
polygamous,di cui municipio di Bengasi,50-54,41,65+,0
polygamous,di cui municipio di Bengasi,55-59,40,13,0
polygamous,di cui municipio di Bengasi,55-59,40,14,0
polygamous,di cui municipio di Bengasi,55-59,40,15-19,3
polygamous,di cui municipio di Bengasi,55-59,40,20-24,3
polygamous,di cui municipio di Bengasi,55-59,40,25-29,5
polygamous,di cui municipio di Bengasi,55-59,40,30-34,12
polygamous,di cui municipio di Bengasi,55-59,40,35-39,16
polygamous,di cui municipio di Bengasi,55-59,40,40-44,19
polygamous,di cui municipio di Bengasi,55-59,40,45-49,9
polygamous,di cui municipio di Bengasi,55-59,40,50-54,13
polygamous,di cui municipio di Bengasi,55-59,40,55-59,2
polygamous,di cui municipio di Bengasi,55-59,40,60-64,1
polygamous,di cui municipio di Bengasi,55-59,40,65+,2
polygamous,di cui municipio di Bengasi,60-64,32,13,0
polygamous,di cui municipio di Bengasi,60-64,32,14,0
polygamous,di cui municipio di Bengasi,60-64,32,15-19,2
polygamous,di cui municipio di Bengasi,60-64,32,20-24,0
polygamous,di cui municipio di Bengasi,60-64,32,25-29,5
polygamous,di cui municipio di Bengasi,60-64,32,30-34,7
polygamous,di cui municipio di Bengasi,60-64,32,35-39,7
polygamous,di cui municipio di Bengasi,60-64,32,40-44,15
polygamous,di cui municipio di Bengasi,60-64,32,45-49,15
polygamous,di cui municipio di Bengasi,60-64,32,50-54,12
polygamous,di cui municipio di Bengasi,60-64,32,55-59,7
polygamous,di cui municipio di Bengasi,60-64,32,60-64,0
polygamous,di cui municipio di Bengasi,60-64,32,65+,0
polygamous,di cui municipio di Bengasi,65+,37,13,0
polygamous,di cui municipio di Bengasi,65+,37,14,0
polygamous,di cui municipio di Bengasi,65+,37,15-19,0
polygamous,di cui municipio di Bengasi,65+,37,20-24,0
polygamous,di cui municipio di Bengasi,65+,37,25-29,1
polygamous,di cui municipio di Bengasi,65+,37,30-34,4
polygamous,di cui municipio di Bengasi,65+,37,35-39,8
polygamous,di cui municipio di Bengasi,65+,37,40-44,13
polygamous,di cui municipio di Bengasi,65+,37,45-49,9
polygamous,di cui municipio di Bengasi,65+,37,50-54,18
polygamous,di cui municipio di Bengasi,65+,37,55-59,9
polygamous,di cui municipio di Bengasi,65+,37,60-64,8
polygamous,di cui municipio di Bengasi,65+,37,65+,6
polygamous,di cui municipio di Bengasi,Totale,263,13,1
polygamous,di cui municipio di Bengasi,Totale,263,14,0
polygamous,di cui municipio di Bengasi,Totale,263,15-19,30
polygamous,di cui municipio di Bengasi,Totale,263,20-24,51
polygamous,di cui municipio di Bengasi,Totale,263,25-29,64
polygamous,di cui municipio di Bengasi,Totale,263,30-34,82
polygamous,di cui municipio di Bengasi,Totale,263,35-39,84
polygamous,di cui municipio di Bengasi,Totale,263,40-44,96
polygamous,di cui municipio di Bengasi,Totale,263,45-49,48
polygamous,di cui municipio di Bengasi,Totale,263,50-54,53
polygamous,di cui municipio di Bengasi,Totale,263,55-59,21
polygamous,di cui municipio di Bengasi,Totale,263,60-64,9
polygamous,di cui municipio di Bengasi,Totale,263,65+,8
polygamous,Provincia di Derna,25-29,5,13,0
polygamous,Provincia di Derna,25-29,5,14,0
polygamous,Provincia di Derna,25-29,5,15-19,3
polygamous,Provincia di Derna,25-29,5,20-24,2
polygamous,Provincia di Derna,25-29,5,25-29,4
polygamous,Provincia di Derna,25-29,5,30-34,1
polygamous,Provincia di Derna,25-29,5,35-39,0
polygamous,Provincia di Derna,25-29,5,40-44,0
polygamous,Provincia di Derna,25-29,5,45-49,0
polygamous,Provincia di Derna,25-29,5,50-54,0
polygamous,Provincia di Derna,25-29,5,55-59,0
polygamous,Provincia di Derna,25-29,5,60-64,0
polygamous,Provincia di Derna,25-29,5,65+,0
polygamous,Provincia di Derna,30-34,26,13,0
polygamous,Provincia di Derna,30-34,26,14,0
polygamous,Provincia di Derna,30-34,26,15-19,5
polygamous,Provincia di Derna,30-34,26,20-24,13
polygamous,Provincia di Derna,30-34,26,25-29,19
polygamous,Provincia di Derna,30-34,26,30-34,12
polygamous,Provincia di Derna,30-34,26,35-39,2
polygamous,Provincia di Derna,30-34,26,40-44,2
polygamous,Provincia di Derna,30-34,26,45-49,0
polygamous,Provincia di Derna,30-34,26,50-54,0
polygamous,Provincia di Derna,30-34,26,55-59,0
polygamous,Provincia di Derna,30-34,26,60-64,0
polygamous,Provincia di Derna,30-34,26,65+,0
polygamous,Provincia di Derna,35-39,39,13,0
polygamous,Provincia di Derna,35-39,39,14,0
polygamous,Provincia di Derna,35-39,39,15-19,8
polygamous,Provincia di Derna,35-39,39,20-24,13
polygamous,Provincia di Derna,35-39,39,25-29,22
polygamous,Provincia di Derna,35-39,39,30-34,21
polygamous,Provincia di Derna,35-39,39,35-39,9
polygamous,Provincia di Derna,35-39,39,40-44,4
polygamous,Provincia di Derna,35-39,39,45-49,0
polygamous,Provincia di Derna,35-39,39,50-54,1
polygamous,Provincia di Derna,35-39,39,55-59,0
polygamous,Provincia di Derna,35-39,39,60-64,0
polygamous,Provincia di Derna,35-39,39,65+,0
polygamous,Provincia di Derna,40-44,35,13,0
polygamous,Provincia di Derna,40-44,35,14,0
polygamous,Provincia di Derna,40-44,35,15-19,8
polygamous,Provincia di Derna,40-44,35,20-24,3
polygamous,Provincia di Derna,40-44,35,25-29,9
polygamous,Provincia di Derna,40-44,35,30-34,19
polygamous,Provincia di Derna,40-44,35,35-39,20
polygamous,Provincia di Derna,40-44,35,40-44,10
polygamous,Provincia di Derna,40-44,35,45-49,3
polygamous,Provincia di Derna,40-44,35,50-54,1
polygamous,Provincia di Derna,40-44,35,55-59,0
polygamous,Provincia di Derna,40-44,35,60-64,1
polygamous,Provincia di Derna,40-44,35,65+,0
polygamous,Provincia di Derna,45-49,47,13,0
polygamous,Provincia di Derna,45-49,47,14,0
polygamous,Provincia di Derna,45-49,47,15-19,4
polygamous,Provincia di Derna,45-49,47,20-24,1
polygamous,Provincia di Derna,45-49,47,25-29,15
polygamous,Provincia di Derna,45-49,47,30-34,25
polygamous,Provincia di Derna,45-49,47,35-39,26
polygamous,Provincia di Derna,45-49,47,40-44,16
polygamous,Provincia di Derna,45-49,47,45-49,4
polygamous,Provincia di Derna,45-49,47,50-54,3
polygamous,Provincia di Derna,45-49,47,55-59,0
polygamous,Provincia di Derna,45-49,47,60-64,0
polygamous,Provincia di Derna,45-49,47,65+,0
polygamous,Provincia di Derna,50-54,54,13,0
polygamous,Provincia di Derna,50-54,54,14,0
polygamous,Provincia di Derna,50-54,54,15-19,4
polygamous,Provincia di Derna,50-54,54,20-24,2
polygamous,Provincia di Derna,50-54,54,25-29,4
polygamous,Provincia di Derna,50-54,54,30-34,16
polygamous,Provincia di Derna,50-54,54,35-39,25
polygamous,Provincia di Derna,50-54,54,40-44,30
polygamous,Provincia di Derna,50-54,54,45-49,18
polygamous,Provincia di Derna,50-54,54,50-54,10
polygamous,Provincia di Derna,50-54,54,55-59,0
polygamous,Provincia di Derna,50-54,54,60-64,2
polygamous,Provincia di Derna,50-54,54,65+,0
polygamous,Provincia di Derna,55-59,30,13,0
polygamous,Provincia di Derna,55-59,30,14,0
polygamous,Provincia di Derna,55-59,30,15-19,1
polygamous,Provincia di Derna,55-59,30,20-24,1
polygamous,Provincia di Derna,55-59,30,25-29,6
polygamous,Provincia di Derna,55-59,30,30-34,9
polygamous,Provincia di Derna,55-59,30,35-39,12
polygamous,Provincia di Derna,55-59,30,40-44,13
polygamous,Provincia di Derna,55-59,30,45-49,10
polygamous,Provincia di Derna,55-59,30,50-54,6
polygamous,Provincia di Derna,55-59,30,55-59,2
polygamous,Provincia di Derna,55-59,30,60-64,0
polygamous,Provincia di Derna,55-59,30,65+,0
polygamous,Provincia di Derna,60-64,24,13,0
polygamous,Provincia di Derna,60-64,24,14,0
polygamous,Provincia di Derna,60-64,24,15-19,0
polygamous,Provincia di Derna,60-64,24,20-24,2
polygamous,Provincia di Derna,60-64,24,25-29,1
polygamous,Provincia di Derna,60-64,24,30-34,7
polygamous,Provincia di Derna,60-64,24,35-39,9
polygamous,Provincia di Derna,60-64,24,40-44,6
polygamous,Provincia di Derna,60-64,24,45-49,6
polygamous,Provincia di Derna,60-64,24,50-54,10
polygamous,Provincia di Derna,60-64,24,55-59,5
polygamous,Provincia di Derna,60-64,24,60-64,3
polygamous,Provincia di Derna,60-64,24,65+,0
polygamous,Provincia di Derna,65+,31,13,0
polygamous,Provincia di Derna,65+,31,14,0
polygamous,Provincia di Derna,65+,31,15-19,0
polygamous,Provincia di Derna,65+,31,20-24,0
polygamous,Provincia di Derna,65+,31,25-29,3
polygamous,Provincia di Derna,65+,31,30-34,4
polygamous,Provincia di Derna,65+,31,35-39,12
polygamous,Provincia di Derna,65+,31,40-44,10
polygamous,Provincia di Derna,65+,31,45-49,15
polygamous,Provincia di Derna,65+,31,50-54,9
polygamous,Provincia di Derna,65+,31,55-59,5
polygamous,Provincia di Derna,65+,31,60-64,4
polygamous,Provincia di Derna,65+,31,65+,3
polygamous,Provincia di Derna,Totale,291,13,0
polygamous,Provincia di Derna,Totale,291,14,0
polygamous,Provincia di Derna,Totale,291,15-19,33
polygamous,Provincia di Derna,Totale,291,20-24,37
polygamous,Provincia di Derna,Totale,291,25-29,83
polygamous,Provincia di Derna,Totale,291,30-34,114
polygamous,Provincia di Derna,Totale,291,35-39,115
polygamous,Provincia di Derna,Totale,291,40-44,91
polygamous,Provincia di Derna,Totale,291,45-49,56
polygamous,Provincia di Derna,Totale,291,50-54,40
polygamous,Provincia di Derna,Totale,291,55-59,12
polygamous,Provincia di Derna,Totale,291,60-64,10
polygamous,Provincia di Derna,Totale,291,65+,3
polygamous,di cui municipio di Derna,25-29,2,13,0
polygamous,di cui municipio di Derna,25-29,2,14,0
polygamous,di cui municipio di Derna,25-29,2,15-19,2
polygamous,di cui municipio di Derna,25-29,2,20-24,0
polygamous,di cui municipio di Derna,25-29,2,25-29,2
polygamous,di cui municipio di Derna,25-29,2,30-34,0
polygamous,di cui municipio di Derna,25-29,2,35-39,0
polygamous,di cui municipio di Derna,25-29,2,40-44,0
polygamous,di cui municipio di Derna,25-29,2,45-49,0
polygamous,di cui municipio di Derna,25-29,2,50-54,0
polygamous,di cui municipio di Derna,25-29,2,55-59,0
polygamous,di cui municipio di Derna,25-29,2,60-64,0
polygamous,di cui municipio di Derna,25-29,2,65+,0
polygamous,di cui municipio di Derna,30-34,10,13,0
polygamous,di cui municipio di Derna,30-34,10,14,0
polygamous,di cui municipio di Derna,30-34,10,15-19,2
polygamous,di cui municipio di Derna,30-34,10,20-24,3
polygamous,di cui municipio di Derna,30-34,10,25-29,8
polygamous,di cui municipio di Derna,30-34,10,30-34,6
polygamous,di cui municipio di Derna,30-34,10,35-39,1
polygamous,di cui municipio di Derna,30-34,10,40-44,0
polygamous,di cui municipio di Derna,30-34,10,45-49,0
polygamous,di cui municipio di Derna,30-34,10,50-54,0
polygamous,di cui municipio di Derna,30-34,10,55-59,0
polygamous,di cui municipio di Derna,30-34,10,60-64,0
polygamous,di cui municipio di Derna,30-34,10,65+,0
polygamous,di cui municipio di Derna,35-39,18,13,0
polygamous,di cui municipio di Derna,35-39,18,14,0
polygamous,di cui municipio di Derna,35-39,18,15-19,2
polygamous,di cui municipio di Derna,35-39,18,20-24,5
polygamous,di cui municipio di Derna,35-39,18,25-29,13
polygamous,di cui municipio di Derna,35-39,18,30-34,9
polygamous,di cui municipio di Derna,35-39,18,35-39,4
polygamous,di cui municipio di Derna,35-39,18,40-44,2
polygamous,di cui municipio di Derna,35-39,18,45-49,0
polygamous,di cui municipio di Derna,35-39,18,50-54,1
polygamous,di cui municipio di Derna,35-39,18,55-59,0
polygamous,di cui municipio di Derna,35-39,18,60-64,0
polygamous,di cui municipio di Derna,35-39,18,65+,0
polygamous,di cui municipio di Derna,40-44,19,13,0
polygamous,di cui municipio di Derna,40-44,19,14,0
polygamous,di cui municipio di Derna,40-44,19,15-19,5
polygamous,di cui municipio di Derna,40-44,19,20-24,2
polygamous,di cui municipio di Derna,40-44,19,25-29,5
polygamous,di cui municipio di Derna,40-44,19,30-34,9
polygamous,di cui municipio di Derna,40-44,19,35-39,8
polygamous,di cui municipio di Derna,40-44,19,40-44,7
polygamous,di cui municipio di Derna,40-44,19,45-49,1
polygamous,di cui municipio di Derna,40-44,19,50-54,0
polygamous,di cui municipio di Derna,40-44,19,55-59,0
polygamous,di cui municipio di Derna,40-44,19,60-64,1
polygamous,di cui municipio di Derna,40-44,19,65+,0
polygamous,di cui municipio di Derna,45-49,15,13,0
polygamous,di cui municipio di Derna,45-49,15,14,0
polygamous,di cui municipio di Derna,45-49,15,15-19,0
polygamous,di cui municipio di Derna,45-49,15,20-24,1
polygamous,di cui municipio di Derna,45-49,15,25-29,8
polygamous,di cui municipio di Derna,45-49,15,30-34,8
polygamous,di cui municipio di Derna,45-49,15,35-39,9
polygamous,di cui municipio di Derna,45-49,15,40-44,2
polygamous,di cui municipio di Derna,45-49,15,45-49,0
polygamous,di cui municipio di Derna,45-49,15,50-54,2
polygamous,di cui municipio di Derna,45-49,15,55-59,0
polygamous,di cui municipio di Derna,45-49,15,60-64,0
polygamous,di cui municipio di Derna,45-49,15,65+,0
polygamous,di cui municipio di Derna,50-54,25,13,0
polygamous,di cui municipio di Derna,50-54,25,14,0
polygamous,di cui municipio di Derna,50-54,25,15-19,2
polygamous,di cui municipio di Derna,50-54,25,20-24,0
polygamous,di cui municipio di Derna,50-54,25,25-29,2
polygamous,di cui municipio di Derna,50-54,25,30-34,7
polygamous,di cui municipio di Derna,50-54,25,35-39,7
polygamous,di cui municipio di Derna,50-54,25,40-44,16
polygamous,di cui municipio di Derna,50-54,25,45-49,8
polygamous,di cui municipio di Derna,50-54,25,50-54,8
polygamous,di cui municipio di Derna,50-54,25,55-59,0
polygamous,di cui municipio di Derna,50-54,25,60-64,1
polygamous,di cui municipio di Derna,50-54,25,65+,0
polygamous,di cui municipio di Derna,55-59,9,13,0
polygamous,di cui municipio di Derna,55-59,9,14,0
polygamous,di cui municipio di Derna,55-59,9,15-19,0
polygamous,di cui municipio di Derna,55-59,9,20-24,0
polygamous,di cui municipio di Derna,55-59,9,25-29,3
polygamous,di cui municipio di Derna,55-59,9,30-34,1
polygamous,di cui municipio di Derna,55-59,9,35-39,5
polygamous,di cui municipio di Derna,55-59,9,40-44,3
polygamous,di cui municipio di Derna,55-59,9,45-49,3
polygamous,di cui municipio di Derna,55-59,9,50-54,2
polygamous,di cui municipio di Derna,55-59,9,55-59,1
polygamous,di cui municipio di Derna,55-59,9,60-64,0
polygamous,di cui municipio di Derna,55-59,9,65+,0
polygamous,di cui municipio di Derna,60-64,11,13,0
polygamous,di cui municipio di Derna,60-64,11,14,0
polygamous,di cui municipio di Derna,60-64,11,15-19,0
polygamous,di cui municipio di Derna,60-64,11,20-24,0
polygamous,di cui municipio di Derna,60-64,11,25-29,0
polygamous,di cui municipio di Derna,60-64,11,30-34,4
polygamous,di cui municipio di Derna,60-64,11,35-39,5
polygamous,di cui municipio di Derna,60-64,11,40-44,3
polygamous,di cui municipio di Derna,60-64,11,45-49,1
polygamous,di cui municipio di Derna,60-64,11,50-54,5
polygamous,di cui municipio di Derna,60-64,11,55-59,2
polygamous,di cui municipio di Derna,60-64,11,60-64,2
polygamous,di cui municipio di Derna,60-64,11,65+,0
polygamous,di cui municipio di Derna,65+,14,13,0
polygamous,di cui municipio di Derna,65+,14,14,0
polygamous,di cui municipio di Derna,65+,14,15-19,0
polygamous,di cui municipio di Derna,65+,14,20-24,0
polygamous,di cui municipio di Derna,65+,14,25-29,1
polygamous,di cui municipio di Derna,65+,14,30-34,2
polygamous,di cui municipio di Derna,65+,14,35-39,2
polygamous,di cui municipio di Derna,65+,14,40-44,5
polygamous,di cui municipio di Derna,65+,14,45-49,7
polygamous,di cui municipio di Derna,65+,14,50-54,4
polygamous,di cui municipio di Derna,65+,14,55-59,3
polygamous,di cui municipio di Derna,65+,14,60-64,3
polygamous,di cui municipio di Derna,65+,14,65+,2
polygamous,di cui municipio di Derna,Totale,123,13,0
polygamous,di cui municipio di Derna,Totale,123,14,0
polygamous,di cui municipio di Derna,Totale,123,15-19,13
polygamous,di cui municipio di Derna,Totale,123,20-24,11
polygamous,di cui municipio di Derna,Totale,123,25-29,42
polygamous,di cui municipio di Derna,Totale,123,30-34,46
polygamous,di cui municipio di Derna,Totale,123,35-39,41
polygamous,di cui municipio di Derna,Totale,123,40-44,38
polygamous,di cui municipio di Derna,Totale,123,45-49,20
polygamous,di cui municipio di Derna,Totale,123,50-54,22
polygamous,di cui municipio di Derna,Totale,123,55-59,6
polygamous,di cui municipio di Derna,Totale,123,60-64,7
polygamous,di cui municipio di Derna,Totale,123,65+,2
polygamous,Territorio Militare del Sud,20-24,2,13,0
polygamous,Territorio Militare del Sud,20-24,2,14,0
polygamous,Territorio Militare del Sud,20-24,2,15-19,0
polygamous,Territorio Militare del Sud,20-24,2,20-24,4
polygamous,Territorio Militare del Sud,20-24,2,25-29,0
polygamous,Territorio Militare del Sud,20-24,2,30-34,0
polygamous,Territorio Militare del Sud,20-24,2,35-39,0
polygamous,Territorio Militare del Sud,20-24,2,40-44,0
polygamous,Territorio Militare del Sud,20-24,2,45-49,0
polygamous,Territorio Militare del Sud,20-24,2,50-54,0
polygamous,Territorio Militare del Sud,20-24,2,55-59,0
polygamous,Territorio Militare del Sud,20-24,2,60-64,0
polygamous,Territorio Militare del Sud,20-24,2,65+,0
polygamous,Territorio Militare del Sud,25-29,21,13,0
polygamous,Territorio Militare del Sud,25-29,21,14,0
polygamous,Territorio Militare del Sud,25-29,21,15-19,6
polygamous,Territorio Militare del Sud,25-29,21,20-24,13
polygamous,Territorio Militare del Sud,25-29,21,25-29,12
polygamous,Territorio Militare del Sud,25-29,21,30-34,6
polygamous,Territorio Militare del Sud,25-29,21,35-39,4
polygamous,Territorio Militare del Sud,25-29,21,40-44,1
polygamous,Territorio Militare del Sud,25-29,21,45-49,0
polygamous,Territorio Militare del Sud,25-29,21,50-54,0
polygamous,Territorio Militare del Sud,25-29,21,55-59,0
polygamous,Territorio Militare del Sud,25-29,21,60-64,0
polygamous,Territorio Militare del Sud,25-29,21,65+,0
polygamous,Territorio Militare del Sud,30-34,41,13,0
polygamous,Territorio Militare del Sud,30-34,41,14,0
polygamous,Territorio Militare del Sud,30-34,41,15-19,6
polygamous,Territorio Militare del Sud,30-34,41,20-24,24
polygamous,Territorio Militare del Sud,30-34,41,25-29,21
polygamous,Territorio Militare del Sud,30-34,41,30-34,13
polygamous,Territorio Militare del Sud,30-34,41,35-39,7
polygamous,Territorio Militare del Sud,30-34,41,40-44,6
polygamous,Territorio Militare del Sud,30-34,41,45-49,1
polygamous,Territorio Militare del Sud,30-34,41,50-54,4
polygamous,Territorio Militare del Sud,30-34,41,55-59,0
polygamous,Territorio Militare del Sud,30-34,41,60-64,2
polygamous,Territorio Militare del Sud,30-34,41,65+,0
polygamous,Territorio Militare del Sud,35-39,68,13,0
polygamous,Territorio Militare del Sud,35-39,68,14,0
polygamous,Territorio Militare del Sud,35-39,68,15-19,6
polygamous,Territorio Militare del Sud,35-39,68,20-24,24
polygamous,Territorio Militare del Sud,35-39,68,25-29,41
polygamous,Territorio Militare del Sud,35-39,68,30-34,30
polygamous,Territorio Militare del Sud,35-39,68,35-39,21
polygamous,Territorio Militare del Sud,35-39,68,40-44,13
polygamous,Territorio Militare del Sud,35-39,68,45-49,3
polygamous,Territorio Militare del Sud,35-39,68,50-54,1
polygamous,Territorio Militare del Sud,35-39,68,55-59,0
polygamous,Territorio Militare del Sud,35-39,68,60-64,0
polygamous,Territorio Militare del Sud,35-39,68,65+,0
polygamous,Territorio Militare del Sud,40-44,92,13,1
polygamous,Territorio Militare del Sud,40-44,92,14,0
polygamous,Territorio Militare del Sud,40-44,92,15-19,0
polygamous,Territorio Militare del Sud,40-44,92,20-24,16
polygamous,Territorio Militare del Sud,40-44,92,25-29,35
polygamous,Territorio Militare del Sud,40-44,92,30-34,54
polygamous,Territorio Militare del Sud,40-44,92,35-39,42
polygamous,Territorio Militare del Sud,40-44,92,40-44,18
polygamous,Territorio Militare del Sud,40-44,92,45-49,13
polygamous,Territorio Militare del Sud,40-44,92,50-54,8
polygamous,Territorio Militare del Sud,40-44,92,55-59,1
polygamous,Territorio Militare del Sud,40-44,92,60-64,0
polygamous,Territorio Militare del Sud,40-44,92,65+,0
polygamous,Territorio Militare del Sud,45-49,99,13,0
polygamous,Territorio Militare del Sud,45-49,99,14,0
polygamous,Territorio Militare del Sud,45-49,99,15-19,5
polygamous,Territorio Militare del Sud,45-49,99,20-24,10
polygamous,Territorio Militare del Sud,45-49,99,25-29,36
polygamous,Territorio Militare del Sud,45-49,99,30-34,49
polygamous,Territorio Militare del Sud,45-49,99,35-39,44
polygamous,Territorio Militare del Sud,45-49,99,40-44,32
polygamous,Territorio Militare del Sud,45-49,99,45-49,9
polygamous,Territorio Militare del Sud,45-49,99,50-54,14
polygamous,Territorio Militare del Sud,45-49,99,55-59,4
polygamous,Territorio Militare del Sud,45-49,99,60-64,2
polygamous,Territorio Militare del Sud,45-49,99,65+,0
polygamous,Territorio Militare del Sud,50-54,87,13,0
polygamous,Territorio Militare del Sud,50-54,87,14,1
polygamous,Territorio Militare del Sud,50-54,87,15-19,2
polygamous,Territorio Militare del Sud,50-54,87,20-24,0
polygamous,Territorio Militare del Sud,50-54,87,25-29,19
polygamous,Territorio Militare del Sud,50-54,87,30-34,38
polygamous,Territorio Militare del Sud,50-54,87,35-39,32
polygamous,Territorio Militare del Sud,50-54,87,40-44,41
polygamous,Territorio Militare del Sud,50-54,87,45-49,27
polygamous,Territorio Militare del Sud,50-54,87,50-54,13
polygamous,Territorio Militare del Sud,50-54,87,55-59,4
polygamous,Territorio Militare del Sud,50-54,87,60-64,2
polygamous,Territorio Militare del Sud,50-54,87,65+,1
polygamous,Territorio Militare del Sud,55-59,55,13,0
polygamous,Territorio Militare del Sud,55-59,55,14,0
polygamous,Territorio Militare del Sud,55-59,55,15-19,2
polygamous,Territorio Militare del Sud,55-59,55,20-24,3
polygamous,Territorio Militare del Sud,55-59,55,25-29,9
polygamous,Territorio Militare del Sud,55-59,55,30-34,14
polygamous,Territorio Militare del Sud,55-59,55,35-39,16
polygamous,Territorio Militare del Sud,55-59,55,40-44,31
polygamous,Territorio Militare del Sud,55-59,55,45-49,18
polygamous,Territorio Militare del Sud,55-59,55,50-54,14
polygamous,Territorio Militare del Sud,55-59,55,55-59,4
polygamous,Territorio Militare del Sud,55-59,55,60-64,4
polygamous,Territorio Militare del Sud,55-59,55,65+,0
polygamous,Territorio Militare del Sud,60-64,53,13,0
polygamous,Territorio Militare del Sud,60-64,53,14,0
polygamous,Territorio Militare del Sud,60-64,53,15-19,0
polygamous,Territorio Militare del Sud,60-64,53,20-24,1
polygamous,Territorio Militare del Sud,60-64,53,25-29,9
polygamous,Territorio Militare del Sud,60-64,53,30-34,23
polygamous,Territorio Militare del Sud,60-64,53,35-39,9
polygamous,Territorio Militare del Sud,60-64,53,40-44,21
polygamous,Territorio Militare del Sud,60-64,53,45-49,16
polygamous,Territorio Militare del Sud,60-64,53,50-54,19
polygamous,Territorio Militare del Sud,60-64,53,55-59,7
polygamous,Territorio Militare del Sud,60-64,53,60-64,4
polygamous,Territorio Militare del Sud,60-64,53,65+,2
polygamous,Territorio Militare del Sud,65+,56,13,0
polygamous,Territorio Militare del Sud,65+,56,14,0
polygamous,Territorio Militare del Sud,65+,56,15-19,0
polygamous,Territorio Militare del Sud,65+,56,20-24,3
polygamous,Territorio Militare del Sud,65+,56,25-29,7
polygamous,Territorio Militare del Sud,65+,56,30-34,12
polygamous,Territorio Militare del Sud,65+,56,35-39,11
polygamous,Territorio Militare del Sud,65+,56,40-44,20
polygamous,Territorio Militare del Sud,65+,56,45-49,16
polygamous,Territorio Militare del Sud,65+,56,50-54,23
polygamous,Territorio Militare del Sud,65+,56,55-59,7
polygamous,Territorio Militare del Sud,65+,56,60-64,10
polygamous,Territorio Militare del Sud,65+,56,65+,11
polygamous,Territorio Militare del Sud,Totale,574,13,1
polygamous,Territorio Militare del Sud,Totale,574,14,1
polygamous,Territorio Militare del Sud,Totale,574,15-19,27
polygamous,Territorio Militare del Sud,Totale,574,20-24,98
polygamous,Territorio Militare del Sud,Totale,574,25-29,189
polygamous,Territorio Militare del Sud,Totale,574,30-34,239
polygamous,Territorio Militare del Sud,Totale,574,35-39,186
polygamous,Territorio Militare del Sud,Totale,574,40-44,183
polygamous,Territorio Militare del Sud,Totale,574,45-49,103
polygamous,Territorio Militare del Sud,Totale,574,50-54,96
polygamous,Territorio Militare del Sud,Totale,574,55-59,27
polygamous,Territorio Militare del Sud,Totale,574,60-64,24
polygamous,Territorio Militare del Sud,Totale,574,65+,14
