mahalla_id,shabiya_ar,shabiya_en,mahalla_ar,libyan_hh_households,libyan_hh_libyans,libyan_hh_non_libyans,libyan_hh_persons,non_libyan_hh_households,non_libyan_hh_libyans,non_libyan_hh_non_libyans,non_libyan_hh_persons,households,libyans,non_libyans,persons,identity_failures,imputed_cells,page,source_document,source_sha256
Nuqat al Khams-001,النقاط الخمس,Nuqat al Khams,الشمالية / زوارة,345,1365,19,1384,127,16,534,550,472,1381,553,1934,0,0,10,نتائج-التعداد-العام-لسكان-مدينة-المنطقة-الغربية-لسنة-2006.pdf,ff13674e63fbc068694fc6ce1829632e3cb295bf98ae1243053912eac9240bf8
Nuqat al Khams-002,النقاط الخمس,Nuqat al Khams,الشرقية / زوارة,1918,8059,96,8155,333,75,1377,1452,2251,8134,1473,9607,0,0,10,نتائج-التعداد-العام-لسكان-مدينة-المنطقة-الغربية-لسنة-2006.pdf,ff13674e63fbc068694fc6ce1829632e3cb295bf98ae1243053912eac9240bf8
Nuqat al Khams-003,النقاط الخمس,Nuqat al Khams,الجنوبية / زوارة,2242,9860,75,9935,315,64,1101,1165,2557,9924,1176,11100,0,0,10,نتائج-التعداد-العام-لسكان-مدينة-المنطقة-الغربية-لسنة-2006.pdf,ff13674e63fbc068694fc6ce1829632e3cb295bf98ae1243053912eac9240bf8
Nuqat al Khams-004,النقاط الخمس,Nuqat al Khams,الغربية / زوارة,1007,4247,78,4325,210,34,662,696,1217,4281,740,5021,0,0,10,نتائج-التعداد-العام-لسكان-مدينة-المنطقة-الغربية-لسنة-2006.pdf,ff13674e63fbc068694fc6ce1829632e3cb295bf98ae1243053912eac9240bf8
Nuqat al Khams-005,النقاط الخمس,Nuqat al Khams,فروة,714,3516,35,3551,125,4,245,249,839,3520,280,3800,0,0,10,نتائج-التعداد-العام-لسكان-مدينة-المنطقة-الغربية-لسنة-2006.pdf,ff13674e63fbc068694fc6ce1829632e3cb295bf98ae1243053912eac9240bf8
Nuqat al Khams-006,النقاط الخمس,Nuqat al Khams,راس اجدير,68,318,16,334,0,0,0,0,68,318,16,334,0,1,10,نتائج-التعداد-العام-لسكان-مدينة-المنطقة-الغربية-لسنة-2006.pdf,ff13674e63fbc068694fc6ce1829632e3cb295bf98ae1243053912eac9240bf8
Nuqat al Khams-007,النقاط الخمس,Nuqat al Khams,الجديدة,2167,11527,44,11571,61,12,171,183,2228,11539,215,11754,0,0,10,نتائج-التعداد-العام-لسكان-مدينة-المنطقة-الغربية-لسنة-2006.pdf,ff13674e63fbc068694fc6ce1829632e3cb295bf98ae1243053912eac9240bf8
Nuqat al Khams-008,النقاط الخمس,Nuqat al Khams,غوط الروضة,1550,8089,67,8156,259,41,702,743,1809,8130,769,8899,0,0,10,نتائج-التعداد-العام-لسكان-مدينة-المنطقة-الغربية-لسنة-2006.pdf,ff13674e63fbc068694fc6ce1829632e3cb295bf98ae1243053912eac9240bf8
Nuqat al Khams-009,النقاط الخمس,Nuqat al Khams,الجنانات,1731,9082,70,9152,340,25,1065,1090,2071,9107,1135,10242,0,0,10,نتائج-التعداد-العام-لسكان-مدينة-المنطقة-الغربية-لسنة-2006.pdf,ff13674e63fbc068694fc6ce1829632e3cb295bf98ae1243053912eac9240bf8
Nuqat al Khams-010,النقاط الخمس,Nuqat al Khams,الهنشير,2153,11304,66,11370,197,53,540,593,2350,11357,606,11963,0,0,10,نتائج-التعداد-العام-لسكان-مدينة-المنطقة-الغربية-لسنة-2006.pdf,ff13674e63fbc068694fc6ce1829632e3cb295bf98ae1243053912eac9240bf8
Nuqat al Khams-011,النقاط الخمس,Nuqat al Khams,السدرة,1050,5566,34,5600,63,13,176,189,1113,5579,210,5789,0,0,10,نتائج-التعداد-العام-لسكان-مدينة-المنطقة-الغربية-لسنة-2006.pdf,ff13674e63fbc068694fc6ce1829632e3cb295bf98ae1243053912eac9240bf8
Nuqat al Khams-012,النقاط الخمس,Nuqat al Khams,سيدي احمد,1423,7035,68,7103,345,43,848,891,1768,7078,916,7994,0,0,10,نتائج-التعداد-العام-لسكان-مدينة-المنطقة-الغربية-لسنة-2006.pdf,ff13674e63fbc068694fc6ce1829632e3cb295bf98ae1243053912eac9240bf8
Nuqat al Khams-013,النقاط الخمس,Nuqat al Khams,النصر,1859,9716,26,9742,49,4,111,115,1908,9720,137,9857,0,0,10,نتائج-التعداد-العام-لسكان-مدينة-المنطقة-الغربية-لسنة-2006.pdf,ff13674e63fbc068694fc6ce1829632e3cb295bf98ae1243053912eac9240bf8
Nuqat al Khams-014,النقاط الخمس,Nuqat al Khams,جنان عطية,1903,10212,60,10272,169,66,362,428,2072,10278,422,10700,0,0,10,نتائج-التعداد-العام-لسكان-مدينة-المنطقة-الغربية-لسنة-2006.pdf,ff13674e63fbc068694fc6ce1829632e3cb295bf98ae1243053912eac9240bf8
Nuqat al Khams-015,النقاط الخمس,Nuqat al Khams,ام عزيز,1808,10959,44,11003,178,21,394,415,1986,10980,438,11418,0,0,10,نتائج-التعداد-العام-لسكان-مدينة-المنطقة-الغربية-لسنة-2006.pdf,ff13674e63fbc068694fc6ce1829632e3cb295bf98ae1243053912eac9240bf8
Nuqat al Khams-016,النقاط الخمس,Nuqat al Khams,كبيرة الاخباء,1285,7480,37,7517,116,12,197,209,1401,7492,234,7726,0,0,10,نتائج-التعداد-العام-لسكان-مدينة-المنطقة-الغربية-لسنة-2006.pdf,ff13674e63fbc068694fc6ce1829632e3cb295bf98ae1243053912eac9240bf8
Nuqat al Khams-017,النقاط الخمس,Nuqat al Khams,حمدة,779,4632,24,4656,29,2,57,59,808,4634,81,4715,0,0,10,نتائج-التعداد-العام-لسكان-مدينة-المنطقة-الغربية-لسنة-2006.pdf,ff13674e63fbc068694fc6ce1829632e3cb295bf98ae1243053912eac9240bf8
Nuqat al Khams-018,النقاط الخمس,Nuqat al Khams,جنان بن نصيب,751,4141,13,4154,25,16,101,117,776,4157,114,4271,0,0,10,نتائج-التعداد-العام-لسكان-مدينة-المنطقة-الغربية-لسنة-2006.pdf,ff13674e63fbc068694fc6ce1829632e3cb295bf98ae1243053912eac9240bf8
Nuqat al Khams-019,النقاط الخمس,Nuqat al Khams,الميدان,976,5540,72,5612,77,24,298,322,1053,5564,370,5934,0,0,10,نتائج-التعداد-العام-لسكان-مدينة-المنطقة-الغربية-لسنة-2006.pdf,ff13674e63fbc068694fc6ce1829632e3cb295bf98ae1243053912eac9240bf8
Nuqat al Khams-020,النقاط الخمس,Nuqat al Khams,بن شعيب,2507,14720,98,14818,249,48,777,825,2756,14768,875,15643,0,0,10,نتائج-التعداد-العام-لسكان-مدينة-المنطقة-الغربية-لسنة-2006.pdf,ff13674e63fbc068694fc6ce1829632e3cb295bf98ae1243053912eac9240bf8
Nuqat al Khams-021,النقاط الخمس,Nuqat al Khams,المنشية,1851,10256,85,10341,249,65,847,912,2100,10321,932,11253,0,0,10,نتائج-التعداد-العام-لسكان-مدينة-المنطقة-الغربية-لسنة-2006.pdf,ff13674e63fbc068694fc6ce1829632e3cb295bf98ae1243053912eac9240bf8
Nuqat al Khams-022,النقاط الخمس,Nuqat al Khams,الوسط / رقدالين,1077,6076,40,6116,50,6,183,189,1127,6082,223,6305,0,0,10,نتائج-التعداد-العام-لسكان-مدينة-المنطقة-الغربية-لسنة-2006.pdf,ff13674e63fbc068694fc6ce1829632e3cb295bf98ae1243053912eac9240bf8
Nuqat al Khams-023,النقاط الخمس,Nuqat al Khams,زلطن,2151,11117,62,11179,95,26,330,356,2246,11143,392,11535,0,0,10,نتائج-التعداد-العام-لسكان-مدينة-المنطقة-الغربية-لسنة-2006.pdf,ff13674e63fbc068694fc6ce1829632e3cb295bf98ae1243053912eac9240bf8
Nuqat al Khams-024,النقاط الخمس,Nuqat al Khams,حمدون,3455,18819,117,18936,145,32,528,560,3600,18851,645,19496,0,0,10,نتائج-التعداد-العام-لسكان-مدينة-المنطقة-الغربية-لسنة-2006.pdf,ff13674e63fbc068694fc6ce1829632e3cb295bf98ae1243053912eac9240bf8
Nuqat al Khams-025,النقاط الخمس,Nuqat al Khams,العسة,184,984,4,988,4,0,17,17,188,984,21,1005,0,0,10,نتائج-التعداد-العام-لسكان-مدينة-المنطقة-الغربية-لسنة-2006.pdf,ff13674e63fbc068694fc6ce1829632e3cb295bf98ae1243053912eac9240bf8
Nuqat al Khams-026,النقاط الخمس,Nuqat al Khams,الطويلة,872,4371,12,4383,31,1,51,52,903,4372,63,4435,0,0,10,نتائج-التعداد-العام-لسكان-مدينة-المنطقة-الغربية-لسنة-2006.pdf,ff13674e63fbc068694fc6ce1829632e3cb295bf98ae1243053912eac9240bf8
Nuqat al Khams-027,النقاط الخمس,Nuqat al Khams,الوادي,1431,7835,71,7906,176,33,510,543,1607,7868,581,8449,0,0,10,نتائج-التعداد-العام-لسكان-مدينة-المنطقة-الغربية-لسنة-2006.pdf,ff13674e63fbc068694fc6ce1829632e3cb295bf98ae1243053912eac9240bf8
Nuqat al Khams-028,النقاط الخمس,Nuqat al Khams,الغوط,1532,7787,77,7864,300,26,909,935,1832,7813,986,8799,0,0,10,نتائج-التعداد-العام-لسكان-مدينة-المنطقة-الغربية-لسنة-2006.pdf,ff13674e63fbc068694fc6ce1829632e3cb295bf98ae1243053912eac9240bf8
Nuqat al Khams-029,النقاط الخمس,Nuqat al Khams,تليل,1241,6696,27,6723,51,11,252,263,1292,6707,279,6986,0,0,10,نتائج-التعداد-العام-لسكان-مدينة-المنطقة-الغربية-لسنة-2006.pdf,ff13674e63fbc068694fc6ce1829632e3cb295bf98ae1243053912eac9240bf8
Nuqat al Khams-030,النقاط الخمس,Nuqat al Khams,السوق \صبراتة,1930,10037,62,10099,199,39,488,527,2129,10076,550,10626,0,0,10,نتائج-التعداد-العام-لسكان-مدينة-المنطقة-الغربية-لسنة-2006.pdf,ff13674e63fbc068694fc6ce1829632e3cb295bf98ae1243053912eac9240bf8
Nuqat al Khams-031,النقاط الخمس,Nuqat al Khams,سيدي معروف,2312,12518,56,12574,70,14,144,158,2382,12532,200,12732,0,0,10,نتائج-التعداد-العام-لسكان-مدينة-المنطقة-الغربية-لسنة-2006.pdf,ff13674e63fbc068694fc6ce1829632e3cb295bf98ae1243053912eac9240bf8
Nuqat al Khams-032,النقاط الخمس,Nuqat al Khams,النهضة,1419,7993,42,8035,95,31,176,207,1514,8024,218,8242,0,0,10,نتائج-التعداد-العام-لسكان-مدينة-المنطقة-الغربية-لسنة-2006.pdf,ff13674e63fbc068694fc6ce1829632e3cb295bf98ae1243053912eac9240bf8
Nuqat al Khams-033,النقاط الخمس,Nuqat al Khams,دحمان الشرقية,316,1705,9,1714,14,4,49,53,330,1709,58,1767,0,0,10,نتائج-التعداد-العام-لسكان-مدينة-المنطقة-الغربية-لسنة-2006.pdf,ff13674e63fbc068694fc6ce1829632e3cb295bf98ae1243053912eac9240bf8
Nuqat al Khams-034,النقاط الخمس,Nuqat al Khams,دحمان الوسط,235,1258,9,1267,7,6,28,34,242,1264,37,1301,0,0,10,نتائج-التعداد-العام-لسكان-مدينة-المنطقة-الغربية-لسنة-2006.pdf,ff13674e63fbc068694fc6ce1829632e3cb295bf98ae1243053912eac9240bf8
Nuqat al Khams-035,النقاط الخمس,Nuqat al Khams,راس الدايون,2045,10345,122,10467,557,89,1687,1776,2602,10434,1809,12243,0,0,10,نتائج-التعداد-العام-لسكان-مدينة-المنطقة-الغربية-لسنة-2006.pdf,ff13674e63fbc068694fc6ce1829632e3cb295bf98ae1243053912eac9240bf8
Nuqat al Khams-036,النقاط الخمس,Nuqat al Khams,قاليل,652,3423,7,3430,11,9,45,54,663,3432,52,3484,0,0,10,نتائج-التعداد-العام-لسكان-مدينة-المنطقة-الغربية-لسنة-2006.pdf,ff13674e63fbc068694fc6ce1829632e3cb295bf98ae1243053912eac9240bf8
Jabal al Akhdar-001,الجبل الأخضر,Jabal al Akhdar,البيضاء الغربية,2177,12365,233,12598,268,72,1234,1306,2445,12437,1467,13904,0,0,10,نتائج-تعداد-العام-لسكان-مدينة-الجبل-الأخضر-لسنة-2006م.pdf,d621bc50a6c9864aa4261115bd38c138941f6e35415a1d47470f3367921ec9a6
Jabal al Akhdar-002,الجبل الأخضر,Jabal al Akhdar,البيضاء الشرقية,1978,12994,225,13219,121,50,511,561,2099,13044,736,13780,0,0,10,نتائج-تعداد-العام-لسكان-مدينة-الجبل-الأخضر-لسنة-2006م.pdf,d621bc50a6c9864aa4261115bd38c138941f6e35415a1d47470f3367921ec9a6
Jabal al Akhdar-003,الجبل الأخضر,Jabal al Akhdar,مراوة,530,4211,25,4236,76,7,268,275,606,4218,293,4511,0,0,10,نتائج-تعداد-العام-لسكان-مدينة-الجبل-الأخضر-لسنة-2006م.pdf,d621bc50a6c9864aa4261115bd38c138941f6e35415a1d47470f3367921ec9a6
Jabal al Akhdar-004,الجبل الأخضر,Jabal al Akhdar,الحمامة,264,1730,18,1748,20,7,62,69,284,1737,80,1817,0,0,10,نتائج-تعداد-العام-لسكان-مدينة-الجبل-الأخضر-لسنة-2006م.pdf,d621bc50a6c9864aa4261115bd38c138941f6e35415a1d47470f3367921ec9a6
Jabal al Akhdar-005,الجبل الأخضر,Jabal al Akhdar,الغريفة,8060,57496,861,58357,916,388,4123,4511,8976,57884,4984,62868,0,0,10,نتائج-تعداد-العام-لسكان-مدينة-الجبل-الأخضر-لسنة-2006م.pdf,d621bc50a6c9864aa4261115bd38c138941f6e35415a1d47470f3367921ec9a6
Jabal al Akhdar-006,الجبل الأخضر,Jabal al Akhdar,السوق القديم,1024,6683,197,6880,515,87,1791,1878,1539,6770,1988,8758,0,0,10,نتائج-تعداد-العام-لسكان-مدينة-الجبل-الأخضر-لسنة-2006م.pdf,d621bc50a6c9864aa4261115bd38c138941f6e35415a1d47470f3367921ec9a6
Jabal al Akhdar-007,الجبل الأخضر,Jabal al Akhdar,الزاوية القديمة,1210,5654,75,5729,235,39,581,620,1445,5693,656,6349,0,0,10,نتائج-تعداد-العام-لسكان-مدينة-الجبل-الأخضر-لسنة-2006م.pdf,d621bc50a6c9864aa4261115bd38c138941f6e35415a1d47470f3367921ec9a6
Jabal al Akhdar-008,الجبل الأخضر,Jabal al Akhdar,وردامة,1255,8634,101,8735,55,42,250,292,1310,8676,351,9027,0,0,10,نتائج-تعداد-العام-لسكان-مدينة-الجبل-الأخضر-لسنة-2006م.pdf,d621bc50a6c9864aa4261115bd38c138941f6e35415a1d47470f3367921ec9a6
Jabal al Akhdar-009,الجبل الأخضر,Jabal al Akhdar,شحات القديمة,1079,7074,79,7153,79,13,326,339,1158,7087,405,7492,0,0,10,نتائج-تعداد-العام-لسكان-مدينة-الجبل-الأخضر-لسنة-2006م.pdf,d621bc50a6c9864aa4261115bd38c138941f6e35415a1d47470f3367921ec9a6
Jabal al Akhdar-010,الجبل الأخضر,Jabal al Akhdar,شحات الجديدة,2296,15703,108,15811,119,37,501,538,2415,15740,609,16349,0,0,10,نتائج-تعداد-العام-لسكان-مدينة-الجبل-الأخضر-لسنة-2006م.pdf,d621bc50a6c9864aa4261115bd38c138941f6e35415a1d47470f3367921ec9a6
Jabal al Akhdar-011,الجبل الأخضر,Jabal al Akhdar,ناصر,167,1000,3,1003,18,0,89,89,185,1000,92,1092,0,0,10,نتائج-تعداد-العام-لسكان-مدينة-الجبل-الأخضر-لسنة-2006م.pdf,d621bc50a6c9864aa4261115bd38c138941f6e35415a1d47470f3367921ec9a6
Jabal al Akhdar-012,الجبل الأخضر,Jabal al Akhdar,سوسة المدينة,916,5502,80,5582,96,16,349,365,1012,5518,429,5947,0,0,10,نتائج-تعداد-العام-لسكان-مدينة-الجبل-الأخضر-لسنة-2006م.pdf,d621bc50a6c9864aa4261115bd38c138941f6e35415a1d47470f3367921ec9a6
Jabal al Akhdar-013,الجبل الأخضر,Jabal al Akhdar,المنصورة,243,1705,9,1714,9,0,30,30,252,1705,39,1744,0,0,10,نتائج-تعداد-العام-لسكان-مدينة-الجبل-الأخضر-لسنة-2006م.pdf,d621bc50a6c9864aa4261115bd38c138941f6e35415a1d47470f3367921ec9a6
Jabal al Akhdar-014,الجبل الأخضر,Jabal al Akhdar,الصفصاف,262,2007,9,2016,5,10,12,22,267,2017,21,2038,0,0,10,نتائج-تعداد-العام-لسكان-مدينة-الجبل-الأخضر-لسنة-2006م.pdf,d621bc50a6c9864aa4261115bd38c138941f6e35415a1d47470f3367921ec9a6
Jabal al Akhdar-015,الجبل الأخضر,Jabal al Akhdar,اقفنطة,94,767,4,771,0,0,0,0,94,767,4,771,0,0,10,نتائج-تعداد-العام-لسكان-مدينة-الجبل-الأخضر-لسنة-2006م.pdf,d621bc50a6c9864aa4261115bd38c138941f6e35415a1d47470f3367921ec9a6
Jabal al Akhdar-016,الجبل الأخضر,Jabal al Akhdar,سيدي عبد الواحد,295,2032,20,2052,1,0,5,5,296,2032,25,2057,0,0,10,نتائج-تعداد-العام-لسكان-مدينة-الجبل-الأخضر-لسنة-2006م.pdf,d621bc50a6c9864aa4261115bd38c138941f6e35415a1d47470f3367921ec9a6
Jabal al Akhdar-017,الجبل الأخضر,Jabal al Akhdar,الفجر الجديد,337,2654,18,2672,2,6,4,10,339,2660,22,2682,0,0,10,نتائج-تعداد-العام-لسكان-مدينة-الجبل-الأخضر-لسنة-2006م.pdf,d621bc50a6c9864aa4261115bd38c138941f6e35415a1d47470f3367921ec9a6
Jabal al Akhdar-018,الجبل الأخضر,Jabal al Akhdar,عمر المختار,1069,6438,41,6479,24,25,52,77,1093,6463,93,6556,0,0,10,نتائج-تعداد-العام-لسكان-مدينة-الجبل-الأخضر-لسنة-2006م.pdf,d621bc50a6c9864aa4261115bd38c138941f6e35415a1d47470f3367921ec9a6
Jabal al Akhdar-019,الجبل الأخضر,Jabal al Akhdar,اسلطنة,399,2635,24,2659,7,0,19,19,406,2635,43,2678,0,0,10,نتائج-تعداد-العام-لسكان-مدينة-الجبل-الأخضر-لسنة-2006م.pdf,d621bc50a6c9864aa4261115bd38c138941f6e35415a1d47470f3367921ec9a6
Jabal al Akhdar-020,الجبل الأخضر,Jabal al Akhdar,النيان,48,330,1,331,3,8,3,11,51,338,4,342,0,0,10,نتائج-تعداد-العام-لسكان-مدينة-الجبل-الأخضر-لسنة-2006م.pdf,d621bc50a6c9864aa4261115bd38c138941f6e35415a1d47470f3367921ec9a6
Jabal al Akhdar-021,الجبل الأخضر,Jabal al Akhdar,الخويمات,74,537,11,548,2,0,4,4,76,537,15,552,0,0,10,نتائج-تعداد-العام-لسكان-مدينة-الجبل-الأخضر-لسنة-2006م.pdf,d621bc50a6c9864aa4261115bd38c138941f6e35415a1d47470f3367921ec9a6
Jabal al Akhdar-022,الجبل الأخضر,Jabal al Akhdar,جردس الجراري,205,1197,5,1202,0,0,0,0,205,1197,5,1202,0,0,10,نتائج-تعداد-العام-لسكان-مدينة-الجبل-الأخضر-لسنة-2006م.pdf,d621bc50a6c9864aa4261115bd38c138941f6e35415a1d47470f3367921ec9a6
Jabal al Akhdar-023,الجبل الأخضر,Jabal al Akhdar,قندولة,957,6114,57,6171,32,17,147,164,989,6131,204,6335,0,0,10,نتائج-تعداد-العام-لسكان-مدينة-الجبل-الأخضر-لسنة-2006م.pdf,d621bc50a6c9864aa4261115bd38c138941f6e35415a1d47470f3367921ec9a6
Jabal al Akhdar-024,الجبل الأخضر,Jabal al Akhdar,الفائدية الشمالية,484,3455,23,3478,19,4,80,84,503,3459,103,3562,0,0,10,نتائج-تعداد-العام-لسكان-مدينة-الجبل-الأخضر-لسنة-2006م.pdf,d621bc50a6c9864aa4261115bd38c138941f6e35415a1d47470f3367921ec9a6
Jabal al Akhdar-025,الجبل الأخضر,Jabal al Akhdar,اشنيشن,153,1156,2,1158,0,0,0,0,153,1156,2,1158,0,0,10,نتائج-تعداد-العام-لسكان-مدينة-الجبل-الأخضر-لسنة-2006م.pdf,d621bc50a6c9864aa4261115bd38c138941f6e35415a1d47470f3367921ec9a6
Jabal al Akhdar-026,الجبل الأخضر,Jabal al Akhdar,الزاوية,122,784,9,793,2,4,2,6,124,788,11,799,0,0,10,نتائج-تعداد-العام-لسكان-مدينة-الجبل-الأخضر-لسنة-2006م.pdf,d621bc50a6c9864aa4261115bd38c138941f6e35415a1d47470f3367921ec9a6
Jabal al Akhdar-027,الجبل الأخضر,Jabal al Akhdar,قرنادة,488,3364,18,3382,13,14,38,52,501,3378,56,3434,0,0,10,نتائج-تعداد-العام-لسكان-مدينة-الجبل-الأخضر-لسنة-2006م.pdf,d621bc50a6c9864aa4261115bd38c138941f6e35415a1d47470f3367921ec9a6
Jabal al Akhdar-028,الجبل الأخضر,Jabal al Akhdar,بلقس,89,695,5,700,1,1,12,13,90,696,17,713,0,0,10,نتائج-تعداد-العام-لسكان-مدينة-الجبل-الأخضر-لسنة-2006م.pdf,d621bc50a6c9864aa4261115bd38c138941f6e35415a1d47470f3367921ec9a6
Jabal al Akhdar-029,الجبل الأخضر,Jabal al Akhdar,مسه الجنوبية,481,3190,30,3220,41,5,200,205,522,3195,230,3425,0,0,10,نتائج-تعداد-العام-لسكان-مدينة-الجبل-الأخضر-لسنة-2006م.pdf,d621bc50a6c9864aa4261115bd38c138941f6e35415a1d47470f3367921ec9a6
Jabal al Akhdar-030,الجبل الأخضر,Jabal al Akhdar,مسة الشمالية,886,6239,47,6286,20,1,106,107,906,6240,153,6393,0,0,10,نتائج-تعداد-العام-لسكان-مدينة-الجبل-الأخضر-لسنة-2006م.pdf,d621bc50a6c9864aa4261115bd38c138941f6e35415a1d47470f3367921ec9a6
Jabal al Akhdar-031,الجبل الأخضر,Jabal al Akhdar,الحنية,365,2760,33,2793,39,13,161,174,404,2773,194,2967,0,0,10,نتائج-تعداد-العام-لسكان-مدينة-الجبل-الأخضر-لسنة-2006م.pdf,d621bc50a6c9864aa4261115bd38c138941f6e35415a1d47470f3367921ec9a6
Jabal al Akhdar-032,الجبل الأخضر,Jabal al Akhdar,قصر ليبيا,550,4714,32,4746,43,4,128,132,593,4718,160,4878,0,0,10,نتائج-تعداد-العام-لسكان-مدينة-الجبل-الأخضر-لسنة-2006م.pdf,d621bc50a6c9864aa4261115bd38c138941f6e35415a1d47470f3367921ec9a6
Jabal al Gharbi-001,الجبل الغربي,Jabal al Gharbi,سيدي موسى,750,3789,25,3814,18,13,76,89,768,3802,101,3903,0,0,10,نتائج-تعداد-العام-لسكان-مدينة-الجبل-الغربي-لسنة-2006م.pdf,9f4187fbfba8718d5dc183761fdcbbd050421bc98b7513708a7d6095e6ba50c8
Jabal al Gharbi-002,الجبل الغربي,Jabal al Gharbi,تغسات,3543,18876,242,19118,582,144,2124,2268,4125,19020,2366,21386,0,0,10,نتائج-تعداد-العام-لسكان-مدينة-الجبل-الغربي-لسنة-2006م.pdf,9f4187fbfba8718d5dc183761fdcbbd050421bc98b7513708a7d6095e6ba50c8
Jabal al Gharbi-003,الجبل الغربي,Jabal al Gharbi,سيدي يعقوب,852,4470,19,4489,33,5,103,108,885,4475,122,4597,0,0,10,نتائج-تعداد-العام-لسكان-مدينة-الجبل-الغربي-لسنة-2006م.pdf,9f4187fbfba8718d5dc183761fdcbbd050421bc98b7513708a7d6095e6ba50c8
Jabal al Gharbi-004,الجبل الغربي,Jabal al Gharbi,قطيس,101,667,14,681,212,9,329,338,313,676,343,1019,0,0,10,نتائج-تعداد-العام-لسكان-مدينة-الجبل-الغربي-لسنة-2006م.pdf,9f4187fbfba8718d5dc183761fdcbbd050421bc98b7513708a7d6095e6ba50c8
Jabal al Gharbi-005,الجبل الغربي,Jabal al Gharbi,انصير,579,3240,16,3256,2,0,8,8,581,3240,24,3264,0,0,10,نتائج-تعداد-العام-لسكان-مدينة-الجبل-الغربي-لسنة-2006م.pdf,9f4187fbfba8718d5dc183761fdcbbd050421bc98b7513708a7d6095e6ba50c8
Jabal al Gharbi-006,الجبل الغربي,Jabal al Gharbi,تغرنة,668,3417,21,3438,51,8,191,199,719,3425,212,3637,0,0,10,نتائج-تعداد-العام-لسكان-مدينة-الجبل-الغربي-لسنة-2006م.pdf,9f4187fbfba8718d5dc183761fdcbbd050421bc98b7513708a7d6095e6ba50c8
Jabal al Gharbi-007,الجبل الغربي,Jabal al Gharbi,سيدي انطاط,827,4309,26,4335,29,4,127,131,856,4313,153,4466,0,0,10,نتائج-تعداد-العام-لسكان-مدينة-الجبل-الغربي-لسنة-2006م.pdf,9f4187fbfba8718d5dc183761fdcbbd050421bc98b7513708a7d6095e6ba50c8
Jabal al Gharbi-008,الجبل الغربي,Jabal al Gharbi,غوط الريح,28,200,0,200,0,0,0,0,28,200,0,200,0,0,10,نتائج-تعداد-العام-لسكان-مدينة-الجبل-الغربي-لسنة-2006م.pdf,9f4187fbfba8718d5dc183761fdcbbd050421bc98b7513708a7d6095e6ba50c8
Jabal al Gharbi-009,الجبل الغربي,Jabal al Gharbi,وادي الارباع,675,3328,5,3333,3,1,11,12,678,3329,16,3345,0,0,10,نتائج-تعداد-العام-لسكان-مدينة-الجبل-الغربي-لسنة-2006م.pdf,9f4187fbfba8718d5dc183761fdcbbd050421bc98b7513708a7d6095e6ba50c8
Jabal al Gharbi-010,الجبل الغربي,Jabal al Gharbi,ابو زيان,829,3849,14,3863,73,9,222,231,902,3858,236,4094,0,0,10,نتائج-تعداد-العام-لسكان-مدينة-الجبل-الغربي-لسنة-2006م.pdf,9f4187fbfba8718d5dc183761fdcbbd050421bc98b7513708a7d6095e6ba50c8
Jabal al Gharbi-011,الجبل الغربي,Jabal al Gharbi,اوسادن,591,3099,4,3103,4,0,15,15,595,3099,19,3118,0,0,10,نتائج-تعداد-العام-لسكان-مدينة-الجبل-الغربي-لسنة-2006م.pdf,9f4187fbfba8718d5dc183761fdcbbd050421bc98b7513708a7d6095e6ba50c8
Jabal al Gharbi-012,الجبل الغربي,Jabal al Gharbi,الجنوب \ ابو زيان,677,3430,13,3443,76,3,82,85,753,3433,95,3528,0,0,10,نتائج-تعداد-العام-لسكان-مدينة-الجبل-الغربي-لسنة-2006م.pdf,9f4187fbfba8718d5dc183761fdcbbd050421bc98b7513708a7d6095e6ba50c8
Jabal al Gharbi-013,الجبل الغربي,Jabal al Gharbi,الوسط \ ابو زيان,789,3968,8,3976,35,5,96,101,824,3973,104,4077,0,0,10,نتائج-تعداد-العام-لسكان-مدينة-الجبل-الغربي-لسنة-2006م.pdf,9f4187fbfba8718d5dc183761fdcbbd050421bc98b7513708a7d6095e6ba50c8
Jabal al Gharbi-014,الجبل الغربي,Jabal al Gharbi,سيدي خليفة,530,2883,6,2889,8,1,19,20,538,2884,25,2909,0,0,10,نتائج-تعداد-العام-لسكان-مدينة-الجبل-الغربي-لسنة-2006م.pdf,9f4187fbfba8718d5dc183761fdcbbd050421bc98b7513708a7d6095e6ba50c8
Jabal al Gharbi-015,الجبل الغربي,Jabal al Gharbi,البحرية,623,3455,13,3468,27,2,57,59,650,3457,70,3527,0,0,10,نتائج-تعداد-العام-لسكان-مدينة-الجبل-الغربي-لسنة-2006م.pdf,9f4187fbfba8718d5dc183761fdcbbd050421bc98b7513708a7d6095e6ba50c8
Jabal al Gharbi-016,الجبل الغربي,Jabal al Gharbi,ابو غيلان,1064,6395,16,6411,14,1,37,38,1078,6396,53,6449,0,0,10,نتائج-تعداد-العام-لسكان-مدينة-الجبل-الغربي-لسنة-2006م.pdf,9f4187fbfba8718d5dc183761fdcbbd050421bc98b7513708a7d6095e6ba50c8
Jabal al Gharbi-017,الجبل الغربي,Jabal al Gharbi,الوادي \ القواسم,581,3400,16,3416,41,0,61,61,622,3400,77,3477,0,0,10,نتائج-تعداد-العام-لسكان-مدينة-الجبل-الغربي-لسنة-2006م.pdf,9f4187fbfba8718d5dc183761fdcbbd050421bc98b7513708a7d6095e6ba50c8
Jabal al Gharbi-018,الجبل الغربي,Jabal al Gharbi,البوصيري,625,3379,7,3386,15,0,25,25,640,3379,32,3411,0,0,10,نتائج-تعداد-العام-لسكان-مدينة-الجبل-الغربي-لسنة-2006م.pdf,9f4187fbfba8718d5dc183761fdcbbd050421bc98b7513708a7d6095e6ba50c8
Jabal al Gharbi-019,الجبل الغربي,Jabal al Gharbi,الشيخ,591,3434,7,3441,23,2,50,52,614,3436,57,3493,0,0,10,نتائج-تعداد-العام-لسكان-مدينة-الجبل-الغربي-لسنة-2006م.pdf,9f4187fbfba8718d5dc183761fdcbbd050421bc98b7513708a7d6095e6ba50c8
Jabal al Gharbi-020,الجبل الغربي,Jabal al Gharbi,الوسط \ القواسم,901,4951,16,4967,71,8,375,383,972,4959,391,5350,0,0,10,نتائج-تعداد-العام-لسكان-مدينة-الجبل-الغربي-لسنة-2006م.pdf,9f4187fbfba8718d5dc183761fdcbbd050421bc98b7513708a7d6095e6ba50c8
Jabal al Gharbi-021,الجبل الغربي,Jabal al Gharbi,الوحدة,395,2066,1,2067,4,0,12,12,399,2066,13,2079,0,0,10,نتائج-تعداد-العام-لسكان-مدينة-الجبل-الغربي-لسنة-2006م.pdf,9f4187fbfba8718d5dc183761fdcbbd050421bc98b7513708a7d6095e6ba50c8
Jabal al Gharbi-022,الجبل الغربي,Jabal al Gharbi,البيضاء,912,6409,14,6423,29,1,128,129,941,6410,142,6552,0,0,10,نتائج-تعداد-العام-لسكان-مدينة-الجبل-الغربي-لسنة-2006م.pdf,9f4187fbfba8718d5dc183761fdcbbd050421bc98b7513708a7d6095e6ba50c8
Jabal al Gharbi-023,الجبل الغربي,Jabal al Gharbi,القصبة,383,2376,4,2380,12,7,43,50,395,2383,47,2430,0,0,10,نتائج-تعداد-العام-لسكان-مدينة-الجبل-الغربي-لسنة-2006م.pdf,9f4187fbfba8718d5dc183761fdcbbd050421bc98b7513708a7d6095e6ba50c8
Jabal al Gharbi-024,الجبل الغربي,Jabal al Gharbi,ابو جعفر,541,3360,12,3372,21,9,75,84,562,3369,87,3456,0,0,10,نتائج-تعداد-العام-لسكان-مدينة-الجبل-الغربي-لسنة-2006م.pdf,9f4187fbfba8718d5dc183761fdcbbd050421bc98b7513708a7d6095e6ba50c8
Jabal al Gharbi-025,الجبل الغربي,Jabal al Gharbi,اسنان,466,2834,1,2835,4,3,14,17,470,2837,15,2852,0,0,10,نتائج-تعداد-العام-لسكان-مدينة-الجبل-الغربي-لسنة-2006م.pdf,9f4187fbfba8718d5dc183761fdcbbd050421bc98b7513708a7d6095e6ba50c8
Jabal al Gharbi-026,الجبل الغربي,Jabal al Gharbi,الظاهر,846,4852,25,4877,114,8,381,389,960,4860,406,5266,0,0,10,نتائج-تعداد-العام-لسكان-مدينة-الجبل-الغربي-لسنة-2006م.pdf,9f4187fbfba8718d5dc183761fdcbbd050421bc98b7513708a7d6095e6ba50c8
Jabal al Gharbi-027,الجبل الغربي,Jabal al Gharbi,الهنشير,877,4821,25,4846,106,6,394,400,983,4827,419,5246,0,0,10,نتائج-تعداد-العام-لسكان-مدينة-الجبل-الغربي-لسنة-2006م.pdf,9f4187fbfba8718d5dc183761fdcbbd050421bc98b7513708a7d6095e6ba50c8
Jabal al Gharbi-028,الجبل الغربي,Jabal al Gharbi,الوسط \ الاصابعة,1048,6191,16,6207,9,4,26,30,1057,6195,42,6237,0,0,10,نتائج-تعداد-العام-لسكان-مدينة-الجبل-الغربي-لسنة-2006م.pdf,9f4187fbfba8718d5dc183761fdcbbd050421bc98b7513708a7d6095e6ba50c8
Jabal al Gharbi-029,الجبل الغربي,Jabal al Gharbi,جندوبة,666,3836,7,3843,1,0,5,5,667,3836,12,3848,0,0,10,نتائج-تعداد-العام-لسكان-مدينة-الجبل-الغربي-لسنة-2006م.pdf,9f4187fbfba8718d5dc183761fdcbbd050421bc98b7513708a7d6095e6ba50c8
Jabal al Gharbi-030,الجبل الغربي,Jabal al Gharbi,الشرف,973,5658,18,5676,38,24,173,197,1011,5682,191,5873,0,0,10,نتائج-تعداد-العام-لسكان-مدينة-الجبل-الغربي-لسنة-2006م.pdf,9f4187fbfba8718d5dc183761fdcbbd050421bc98b7513708a7d6095e6ba50c8
Jabal al Gharbi-031,الجبل الغربي,Jabal al Gharbi,الرابطة,723,3635,30,3665,96,10,326,336,819,3645,356,4001,0,0,10,نتائج-تعداد-العام-لسكان-مدينة-الجبل-الغربي-لسنة-2006م.pdf,9f4187fbfba8718d5dc183761fdcbbd050421bc98b7513708a7d6095e6ba50c8
Jabal al Gharbi-032,الجبل الغربي,Jabal al Gharbi,الوادي الحي,738,4483,28,4511,211,25,384,409,949,4508,412,4920,0,0,11,نتائج-تعداد-العام-لسكان-مدينة-الجبل-الغربي-لسنة-2006م.pdf,9f4187fbfba8718d5dc183761fdcbbd050421bc98b7513708a7d6095e6ba50c8
Jabal al Gharbi-033,الجبل الغربي,Jabal al Gharbi,الغربية \ ككلة,1032,5679,11,5690,21,2,67,69,1053,5681,78,5759,0,0,11,نتائج-تعداد-العام-لسكان-مدينة-الجبل-الغربي-لسنة-2006م.pdf,9f4187fbfba8718d5dc183761fdcbbd050421bc98b7513708a7d6095e6ba50c8
Jabal al Gharbi-034,الجبل الغربي,Jabal al Gharbi,الوادي \ ككلة,65,261,0,261,5,0,6,6,70,261,6,267,0,0,11,نتائج-تعداد-العام-لسكان-مدينة-الجبل-الغربي-لسنة-2006م.pdf,9f4187fbfba8718d5dc183761fdcbbd050421bc98b7513708a7d6095e6ba50c8
Jabal al Gharbi-035,الجبل الغربي,Jabal al Gharbi,ابو ماضي,95,566,1,567,1,0,3,3,96,566,4,570,0,0,11,نتائج-تعداد-العام-لسكان-مدينة-الجبل-الغربي-لسنة-2006م.pdf,9f4187fbfba8718d5dc183761fdcbbd050421bc98b7513708a7d6095e6ba50c8
Jabal al Gharbi-036,الجبل الغربي,Jabal al Gharbi,القواليش,694,4248,8,4256,22,7,107,114,716,4255,115,4370,0,0,11,نتائج-تعداد-العام-لسكان-مدينة-الجبل-الغربي-لسنة-2006م.pdf,9f4187fbfba8718d5dc183761fdcbbd050421bc98b7513708a7d6095e6ba50c8
Jabal al Gharbi-037,الجبل الغربي,Jabal al Gharbi,الشمالية \ ككلة,235,1176,4,1180,2,0,4,4,237,1176,8,1184,0,0,11,نتائج-تعداد-العام-لسكان-مدينة-الجبل-الغربي-لسنة-2006م.pdf,9f4187fbfba8718d5dc183761fdcbbd050421bc98b7513708a7d6095e6ba50c8
Jabal al Gharbi-038,الجبل الغربي,Jabal al Gharbi,الوسط \ ككلة,551,2603,6,2609,15,6,55,61,566,2609,61,2670,0,0,11,نتائج-تعداد-العام-لسكان-مدينة-الجبل-الغربي-لسنة-2006م.pdf,9f4187fbfba8718d5dc183761fdcbbd050421bc98b7513708a7d6095e6ba50c8
Jabal al Gharbi-039,الجبل الغربي,Jabal al Gharbi,الزاوية,182,1353,1,1354,2,1,5,6,184,1354,6,1360,0,0,11,نتائج-تعداد-العام-لسكان-مدينة-الجبل-الغربي-لسنة-2006م.pdf,9f4187fbfba8718d5dc183761fdcbbd050421bc98b7513708a7d6095e6ba50c8
Jabal al Gharbi-040,الجبل الغربي,Jabal al Gharbi,العوينية,993,8315,24,8339,52,21,315,336,1045,8336,339,8675,0,0,11,نتائج-تعداد-العام-لسكان-مدينة-الجبل-الغربي-لسنة-2006م.pdf,9f4187fbfba8718d5dc183761fdcbbd050421bc98b7513708a7d6095e6ba50c8
Jabal al Gharbi-041,الجبل الغربي,Jabal al Gharbi,القصر,844,4254,30,4284,147,26,503,529,991,4280,533,4813,0,0,11,نتائج-تعداد-العام-لسكان-مدينة-الجبل-الغربي-لسنة-2006م.pdf,9f4187fbfba8718d5dc183761fdcbbd050421bc98b7513708a7d6095e6ba50c8
Jabal al Gharbi-042,الجبل الغربي,Jabal al Gharbi,الشمالية \يفرن,448,2281,21,2302,57,5,126,131,505,2286,147,2433,0,0,11,نتائج-تعداد-العام-لسكان-مدينة-الجبل-الغربي-لسنة-2006م.pdf,9f4187fbfba8718d5dc183761fdcbbd050421bc98b7513708a7d6095e6ba50c8
Jabal al Gharbi-043,الجبل الغربي,Jabal al Gharbi,الجديدة,517,2443,12,2455,33,16,122,138,550,2459,134,2593,0,0,11,نتائج-تعداد-العام-لسكان-مدينة-الجبل-الغربي-لسنة-2006م.pdf,9f4187fbfba8718d5dc183761fdcbbd050421bc98b7513708a7d6095e6ba50c8
Jabal al Gharbi-044,الجبل الغربي,Jabal al Gharbi,ام الجرسان,825,4772,6,4778,49,10,124,134,874,4782,130,4912,0,0,11,نتائج-تعداد-العام-لسكان-مدينة-الجبل-الغربي-لسنة-2006م.pdf,9f4187fbfba8718d5dc183761fdcbbd050421bc98b7513708a7d6095e6ba50c8
Jabal al Gharbi-045,الجبل الغربي,Jabal al Gharbi,الظاهر,738,4905,15,4920,9,1,49,50,747,4906,64,4970,0,0,11,نتائج-تعداد-العام-لسكان-مدينة-الجبل-الغربي-لسنة-2006م.pdf,9f4187fbfba8718d5dc183761fdcbbd050421bc98b7513708a7d6095e6ba50c8
Jabal al Gharbi-046,الجبل الغربي,Jabal al Gharbi,الوادي \ القلعة,718,3822,9,3831,18,6,97,103,736,3828,106,3934,0,0,11,نتائج-تعداد-العام-لسكان-مدينة-الجبل-الغربي-لسنة-2006م.pdf,9f4187fbfba8718d5dc183761fdcbbd050421bc98b7513708a7d6095e6ba50c8
Jabal al Gharbi-047,الجبل الغربي,Jabal al Gharbi,العليا,722,3613,21,3634,127,11,477,488,849,3624,498,4122,0,0,11,نتائج-تعداد-العام-لسكان-مدينة-الجبل-الغربي-لسنة-2006م.pdf,9f4187fbfba8718d5dc183761fdcbbd050421bc98b7513708a7d6095e6ba50c8
Jabal al Gharbi-048,الجبل الغربي,Jabal al Gharbi,الشرقية \ الرياينة,507,3550,7,3557,12,0,25,25,519,3550,32,3582,0,0,11,نتائج-تعداد-العام-لسكان-مدينة-الجبل-الغربي-لسنة-2006م.pdf,9f4187fbfba8718d5dc183761fdcbbd050421bc98b7513708a7d6095e6ba50c8
Jabal al Gharbi-049,الجبل الغربي,Jabal al Gharbi,الوسط \ الرياينة,217,1338,12,1350,3,0,18,18,220,1338,30,1368,0,0,11,نتائج-تعداد-العام-لسكان-مدينة-الجبل-الغربي-لسنة-2006م.pdf,9f4187fbfba8718d5dc183761fdcbbd050421bc98b7513708a7d6095e6ba50c8
Jabal al Gharbi-050,الجبل الغربي,Jabal al Gharbi,العين \ الرياينة,561,3405,28,3433,83,15,353,368,644,3420,381,3801,0,0,11,نتائج-تعداد-العام-لسكان-مدينة-الجبل-الغربي-لسنة-2006م.pdf,9f4187fbfba8718d5dc183761fdcbbd050421bc98b7513708a7d6095e6ba50c8
Jabal al Gharbi-051,الجبل الغربي,Jabal al Gharbi,الغربية \ الرياينة,349,2065,3,2068,3,0,12,12,352,2065,15,2080,0,0,11,نتائج-تعداد-العام-لسكان-مدينة-الجبل-الغربي-لسنة-2006م.pdf,9f4187fbfba8718d5dc183761fdcbbd050421bc98b7513708a7d6095e6ba50c8
Jabal al Gharbi-052,الجبل الغربي,Jabal al Gharbi,ابو لجام,246,1420,6,1426,3,7,6,13,249,1427,12,1439,0,0,11,نتائج-تعداد-العام-لسكان-مدينة-الجبل-الغربي-لسنة-2006م.pdf,9f4187fbfba8718d5dc183761fdcbbd050421bc98b7513708a7d6095e6ba50c8
Jabal al Gharbi-053,الجبل الغربي,Jabal al Gharbi,الغربية \ الزنتان,1252,8560,24,8584,20,11,60,71,1272,8571,84,8655,0,0,11,نتائج-تعداد-العام-لسكان-مدينة-الجبل-الغربي-لسنة-2006م.pdf,9f4187fbfba8718d5dc183761fdcbbd050421bc98b7513708a7d6095e6ba50c8
Jabal al Gharbi-054,الجبل الغربي,Jabal al Gharbi,الجنوبية \ الزنتان,1117,6930,48,6978,114,20,422,442,1231,6950,470,7420,0,0,11,نتائج-تعداد-العام-لسكان-مدينة-الجبل-الغربي-لسنة-2006م.pdf,9f4187fbfba8718d5dc183761fdcbbd050421bc98b7513708a7d6095e6ba50c8
Jabal al Gharbi-055,الجبل الغربي,Jabal al Gharbi,المركز \ الزنتان,332,1992,14,2006,39,11,145,156,371,2003,159,2162,0,0,11,نتائج-تعداد-العام-لسكان-مدينة-الجبل-الغربي-لسنة-2006م.pdf,9f4187fbfba8718d5dc183761fdcbbd050421bc98b7513708a7d6095e6ba50c8
Jabal al Gharbi-056,الجبل الغربي,Jabal al Gharbi,الشرقية \ الزنتان,754,5288,13,5301,20,4,109,113,774,5292,122,5414,0,0,11,نتائج-تعداد-العام-لسكان-مدينة-الجبل-الغربي-لسنة-2006م.pdf,9f4187fbfba8718d5dc183761fdcbbd050421bc98b7513708a7d6095e6ba50c8
Jabal al Gharbi-057,الجبل الغربي,Jabal al Gharbi,الشمالية \ الزنتان,405,2500,7,2507,6,8,21,29,411,2508,28,2536,0,0,11,نتائج-تعداد-العام-لسكان-مدينة-الجبل-الغربي-لسنة-2006م.pdf,9f4187fbfba8718d5dc183761fdcbbd050421bc98b7513708a7d6095e6ba50c8
Jabal al Gharbi-058,الجبل الغربي,Jabal al Gharbi,القصبة \ جادو,269,1478,6,1484,3,2,9,11,272,1480,15,1495,0,0,11,نتائج-تعداد-العام-لسكان-مدينة-الجبل-الغربي-لسنة-2006م.pdf,9f4187fbfba8718d5dc183761fdcbbd050421bc98b7513708a7d6095e6ba50c8
Jabal al Gharbi-059,الجبل الغربي,Jabal al Gharbi,شكشوك,274,1566,2,1568,16,2,53,55,290,1568,55,1623,0,0,11,نتائج-تعداد-العام-لسكان-مدينة-الجبل-الغربي-لسنة-2006م.pdf,9f4187fbfba8718d5dc183761fdcbbd050421bc98b7513708a7d6095e6ba50c8
Jabal al Gharbi-060,الجبل الغربي,Jabal al Gharbi,الشمالية \ جادو,358,1813,7,1820,24,4,89,93,382,1817,96,1913,0,0,11,نتائج-تعداد-العام-لسكان-مدينة-الجبل-الغربي-لسنة-2006م.pdf,9f4187fbfba8718d5dc183761fdcbbd050421bc98b7513708a7d6095e6ba50c8
Jabal al Gharbi-061,الجبل الغربي,Jabal al Gharbi,المركز \ جادو,567,2383,42,2425,129,22,444,466,696,2405,486,2891,0,0,11,نتائج-تعداد-العام-لسكان-مدينة-الجبل-الغربي-لسنة-2006م.pdf,9f4187fbfba8718d5dc183761fdcbbd050421bc98b7513708a7d6095e6ba50c8
Jabal al Gharbi-062,الجبل الغربي,Jabal al Gharbi,الوسط \ جادو,466,2175,5,2180,19,6,52,58,485,2181,57,2238,0,0,11,نتائج-تعداد-العام-لسكان-مدينة-الجبل-الغربي-لسنة-2006م.pdf,9f4187fbfba8718d5dc183761fdcbbd050421bc98b7513708a7d6095e6ba50c8
Jabal al Gharbi-063,الجبل الغربي,Jabal al Gharbi,الغربية \ جادو,300,1660,4,1664,2,5,4,9,302,1665,8,1673,0,0,12,نتائج-تعداد-العام-لسكان-مدينة-الجبل-الغربي-لسنة-2006م.pdf,9f4187fbfba8718d5dc183761fdcbbd050421bc98b7513708a7d6095e6ba50c8
Jabal al Gharbi-064,الجبل الغربي,Jabal al Gharbi,قصر الحاج,118,776,12,788,32,1,80,81,150,777,92,869,0,0,12,نتائج-تعداد-العام-لسكان-مدينة-الجبل-الغربي-لسنة-2006م.pdf,9f4187fbfba8718d5dc183761fdcbbd050421bc98b7513708a7d6095e6ba50c8
Jabal al Gharbi-065,الجبل الغربي,Jabal al Gharbi,الغربية \ الرجبان,762,4855,31,4886,68,14,340,354,830,4869,371,5240,0,0,12,نتائج-تعداد-العام-لسكان-مدينة-الجبل-الغربي-لسنة-2006م.pdf,9f4187fbfba8718d5dc183761fdcbbd050421bc98b7513708a7d6095e6ba50c8
Jabal al Gharbi-066,الجبل الغربي,Jabal al Gharbi,الوسط \ الرجبان,314,2189,6,2195,14,3,41,44,328,2192,47,2239,0,0,12,نتائج-تعداد-العام-لسكان-مدينة-الجبل-الغربي-لسنة-2006م.pdf,9f4187fbfba8718d5dc183761fdcbbd050421bc98b7513708a7d6095e6ba50c8
Jabal al Gharbi-067,الجبل الغربي,Jabal al Gharbi,الشرقية \ الرجبان,280,1897,7,1904,5,2,14,16,285,1899,21,1920,0,0,12,نتائج-تعداد-العام-لسكان-مدينة-الجبل-الغربي-لسنة-2006م.pdf,9f4187fbfba8718d5dc183761fdcbbd050421bc98b7513708a7d6095e6ba50c8
Jabal al Gharbi-068,الجبل الغربي,Jabal al Gharbi,الزملة,708,5087,12,5099,8,4,36,40,716,5091,48,5139,0,0,12,نتائج-تعداد-العام-لسكان-مدينة-الجبل-الغربي-لسنة-2006م.pdf,9f4187fbfba8718d5dc183761fdcbbd050421bc98b7513708a7d6095e6ba50c8
Jabal al Gharbi-069,الجبل الغربي,Jabal al Gharbi,الوسط \ الرحيبات,365,1841,27,1868,40,12,162,174,405,1853,189,2042,0,0,12,نتائج-تعداد-العام-لسكان-مدينة-الجبل-الغربي-لسنة-2006م.pdf,9f4187fbfba8718d5dc183761fdcbbd050421bc98b7513708a7d6095e6ba50c8
Jabal al Gharbi-070,الجبل الغربي,Jabal al Gharbi,امسين,336,1809,14,1823,55,12,186,198,391,1821,200,2021,0,0,12,نتائج-تعداد-العام-لسكان-مدينة-الجبل-الغربي-لسنة-2006م.pdf,9f4187fbfba8718d5dc183761fdcbbd050421bc98b7513708a7d6095e6ba50c8
Jabal al Gharbi-071,الجبل الغربي,Jabal al Gharbi,الشمالية \ الرحيبات,137,770,1,771,3,2,14,16,140,772,15,787,0,0,12,نتائج-تعداد-العام-لسكان-مدينة-الجبل-الغربي-لسنة-2006م.pdf,9f4187fbfba8718d5dc183761fdcbbd050421bc98b7513708a7d6095e6ba50c8
Jabal al Gharbi-072,الجبل الغربي,Jabal al Gharbi,مزدة المركز,1917,12717,90,12807,194,47,807,854,2111,12764,897,13661,0,0,12,نتائج-تعداد-العام-لسكان-مدينة-الجبل-الغربي-لسنة-2006م.pdf,9f4187fbfba8718d5dc183761fdcbbd050421bc98b7513708a7d6095e6ba50c8
Jabal al Gharbi-073,الجبل الغربي,Jabal al Gharbi,فسانو,167,1118,2,1120,2,1,8,9,169,1119,10,1129,0,0,12,نتائج-تعداد-العام-لسكان-مدينة-الجبل-الغربي-لسنة-2006م.pdf,9f4187fbfba8718d5dc183761fdcbbd050421bc98b7513708a7d6095e6ba50c8
Jabal al Gharbi-074,الجبل الغربي,Jabal al Gharbi,قصر وامس,250,1746,0,1746,4,0,9,9,254,1746,9,1755,0,0,12,نتائج-تعداد-العام-لسكان-مدينة-الجبل-الغربي-لسنة-2006م.pdf,9f4187fbfba8718d5dc183761fdcbbd050421bc98b7513708a7d6095e6ba50c8
Jabal al Gharbi-075,الجبل الغربي,Jabal al Gharbi,الشقيقة,479,3626,8,3634,14,3,54,57,493,3629,62,3691,0,0,12,نتائج-تعداد-العام-لسكان-مدينة-الجبل-الغربي-لسنة-2006م.pdf,9f4187fbfba8718d5dc183761fdcbbd050421bc98b7513708a7d6095e6ba50c8
Jabal al Gharbi-076,الجبل الغربي,Jabal al Gharbi,عطاء الله,205,1674,0,1674,1,0,6,6,206,1674,6,1680,0,0,12,نتائج-تعداد-العام-لسكان-مدينة-الجبل-الغربي-لسنة-2006م.pdf,9f4187fbfba8718d5dc183761fdcbbd050421bc98b7513708a7d6095e6ba50c8
Jabal al Gharbi-077,الجبل الغربي,Jabal al Gharbi,نسمة المركز,775,4854,28,4882,25,1,61,62,800,4855,89,4944,0,0,12,نتائج-تعداد-العام-لسكان-مدينة-الجبل-الغربي-لسنة-2006م.pdf,9f4187fbfba8718d5dc183761fdcbbd050421bc98b7513708a7d6095e6ba50c8
Jabal al Gharbi-078,الجبل الغربي,Jabal al Gharbi,راس الطبل,74,450,0,450,1,2,3,5,75,452,3,455,0,0,12,نتائج-تعداد-العام-لسكان-مدينة-الجبل-الغربي-لسنة-2006م.pdf,9f4187fbfba8718d5dc183761fdcbbd050421bc98b7513708a7d6095e6ba50c8
Jabal al Gharbi-079,الجبل الغربي,Jabal al Gharbi,المكمورة,36,236,0,236,0,0,0,0,36,236,0,236,0,0,12,نتائج-تعداد-العام-لسكان-مدينة-الجبل-الغربي-لسنة-2006م.pdf,9f4187fbfba8718d5dc183761fdcbbd050421bc98b7513708a7d6095e6ba50c8
Jabal al Gharbi-080,الجبل الغربي,Jabal al Gharbi,القرية الشرقية,378,2345,3,2348,36,6,80,86,414,2351,83,2434,0,0,12,نتائج-تعداد-العام-لسكان-مدينة-الجبل-الغربي-لسنة-2006م.pdf,9f4187fbfba8718d5dc183761fdcbbd050421bc98b7513708a7d6095e6ba50c8
Jabal al Gharbi-081,الجبل الغربي,Jabal al Gharbi,القرية الغربية,189,1127,0,1127,3,1,10,11,192,1128,10,1138,0,0,12,نتائج-تعداد-العام-لسكان-مدينة-الجبل-الغربي-لسنة-2006م.pdf,9f4187fbfba8718d5dc183761fdcbbd050421bc98b7513708a7d6095e6ba50c8
Jabal al Gharbi-082,الجبل الغربي,Jabal al Gharbi,طبقة,314,2200,1,2201,14,18,92,110,328,2218,93,2311,0,0,12,نتائج-تعداد-العام-لسكان-مدينة-الجبل-الغربي-لسنة-2006م.pdf,9f4187fbfba8718d5dc183761fdcbbd050421bc98b7513708a7d6095e6ba50c8
Jabal al Gharbi-083,الجبل الغربي,Jabal al Gharbi,الشويرف الشرقية,320,2119,27,2146,75,25,320,345,395,2144,347,2491,0,0,12,نتائج-تعداد-العام-لسكان-مدينة-الجبل-الغربي-لسنة-2006م.pdf,9f4187fbfba8718d5dc183761fdcbbd050421bc98b7513708a7d6095e6ba50c8
Jabal al Gharbi-084,الجبل الغربي,Jabal al Gharbi,الشويرف الغربية,206,1323,0,1323,68,16,252,268,274,1339,252,1591,0,0,12,نتائج-تعداد-العام-لسكان-مدينة-الجبل-الغربي-لسنة-2006م.pdf,9f4187fbfba8718d5dc183761fdcbbd050421bc98b7513708a7d6095e6ba50c8
Jafara-001,الجفارة,Jafara,جنزور السوق,2153,10768,97,10865,383,44,1424,1468,2536,10812,1521,12333,0,0,10,نتائج-تعداد-العام-لسكان-مدينة-الجفارة-لسنة-2006م.pdf,14e00e70b4aa3e858fec0628208a37c5133a6a1a38808ad2747207238336b79a
Jafara-002,الجفارة,Jafara,جنزور الشرقية,8016,45610,413,46023,608,145,1744,1889,8624,45755,2157,47912,0,0,10,نتائج-تعداد-العام-لسكان-مدينة-الجفارة-لسنة-2006م.pdf,14e00e70b4aa3e858fec0628208a37c5133a6a1a38808ad2747207238336b79a
Jafara-003,الجفارة,Jafara,الحشان,1238,6721,59,6780,270,23,673,696,1508,6744,732,7476,0,0,10,نتائج-تعداد-العام-لسكان-مدينة-الجفارة-لسنة-2006م.pdf,14e00e70b4aa3e858fec0628208a37c5133a6a1a38808ad2747207238336b79a
Jafara-004,الجفارة,Jafara,صياد,2993,16574,158,16732,365,75,1046,1121,3358,16649,1204,17853,0,0,10,نتائج-تعداد-العام-لسكان-مدينة-الجفارة-لسنة-2006م.pdf,14e00e70b4aa3e858fec0628208a37c5133a6a1a38808ad2747207238336b79a
Jafara-005,الجفارة,Jafara,سيدي عبد اللطيف,1715,8874,109,8983,474,58,1859,1917,2189,8932,1968,10900,0,0,10,نتائج-تعداد-العام-لسكان-مدينة-الجفارة-لسنة-2006م.pdf,14e00e70b4aa3e858fec0628208a37c5133a6a1a38808ad2747207238336b79a
Jafara-006,الجفارة,Jafara,جنزور الوسط,5613,28093,179,28272,316,174,1105,1279,5929,28267,1284,29551,0,0,10,نتائج-تعداد-العام-لسكان-مدينة-الجفارة-لسنة-2006م.pdf,14e00e70b4aa3e858fec0628208a37c5133a6a1a38808ad2747207238336b79a
Jafara-007,الجفارة,Jafara,وادي الهيرة,344,1871,12,1883,58,0,120,120,402,1871,132,2003,0,0,10,نتائج-تعداد-العام-لسكان-مدينة-الجفارة-لسنة-2006م.pdf,14e00e70b4aa3e858fec0628208a37c5133a6a1a38808ad2747207238336b79a
Jafara-008,الجفارة,Jafara,الشرقية \العزيزية,1540,8842,67,8909,209,33,566,599,1749,8875,633,9508,0,0,10,نتائج-تعداد-العام-لسكان-مدينة-الجفارة-لسنة-2006م.pdf,14e00e70b4aa3e858fec0628208a37c5133a6a1a38808ad2747207238336b79a
Jafara-009,الجفارة,Jafara,الغربية \العزيزية,917,5412,30,5442,77,8,149,157,994,5420,179,5599,0,0,10,نتائج-تعداد-العام-لسكان-مدينة-الجفارة-لسنة-2006م.pdf,14e00e70b4aa3e858fec0628208a37c5133a6a1a38808ad2747207238336b79a
Jafara-010,الجفارة,Jafara,بئر الجديد,1471,8320,20,8340,78,22,314,336,1549,8342,334,8676,0,0,10,نتائج-تعداد-العام-لسكان-مدينة-الجفارة-لسنة-2006م.pdf,14e00e70b4aa3e858fec0628208a37c5133a6a1a38808ad2747207238336b79a
Jafara-011,الجفارة,Jafara,الساعدية,1338,7805,31,7836,144,10,286,296,1482,7815,317,8132,0,0,10,نتائج-تعداد-العام-لسكان-مدينة-الجفارة-لسنة-2006م.pdf,14e00e70b4aa3e858fec0628208a37c5133a6a1a38808ad2747207238336b79a
Jafara-012,الجفارة,Jafara,العامرية,1873,10405,57,10462,133,12,388,400,2006,10417,445,10862,0,0,10,نتائج-تعداد-العام-لسكان-مدينة-الجفارة-لسنة-2006م.pdf,14e00e70b4aa3e858fec0628208a37c5133a6a1a38808ad2747207238336b79a
Jafara-013,الجفارة,Jafara,السواني,3844,20692,152,20844,756,100,2135,2235,4600,20792,2287,23079,0,0,10,نتائج-تعداد-العام-لسكان-مدينة-الجفارة-لسنة-2006م.pdf,14e00e70b4aa3e858fec0628208a37c5133a6a1a38808ad2747207238336b79a
Jafara-014,الجفارة,Jafara,النجيلة,2460,14018,83,14101,155,19,445,464,2615,14037,528,14565,0,0,10,نتائج-تعداد-العام-لسكان-مدينة-الجفارة-لسنة-2006م.pdf,14e00e70b4aa3e858fec0628208a37c5133a6a1a38808ad2747207238336b79a
Jafara-015,الجفارة,Jafara,جامع التوغار,1444,8681,33,8714,70,12,215,227,1514,8693,248,8941,0,0,10,نتائج-تعداد-العام-لسكان-مدينة-الجفارة-لسنة-2006م.pdf,14e00e70b4aa3e858fec0628208a37c5133a6a1a38808ad2747207238336b79a
Jafara-016,الجفارة,Jafara,الماية,1964,10634,85,10719,289,44,831,875,2253,10678,916,11594,0,0,10,نتائج-تعداد-العام-لسكان-مدينة-الجفارة-لسنة-2006م.pdf,14e00e70b4aa3e858fec0628208a37c5133a6a1a38808ad2747207238336b79a
Jafara-017,الجفارة,Jafara,الطويبية,916,4957,39,4996,81,12,199,211,997,4969,238,5207,0,0,10,نتائج-تعداد-العام-لسكان-مدينة-الجفارة-لسنة-2006م.pdf,14e00e70b4aa3e858fec0628208a37c5133a6a1a38808ad2747207238336b79a
Jafara-018,الجفارة,Jafara,الطينة,1091,6131,23,6154,62,10,196,206,1153,6141,219,6360,0,0,10,نتائج-تعداد-العام-لسكان-مدينة-الجفارة-لسنة-2006م.pdf,14e00e70b4aa3e858fec0628208a37c5133a6a1a38808ad2747207238336b79a
Jafara-019,الجفارة,Jafara,المعمورة,1085,6006,54,6060,190,11,352,363,1275,6017,406,6423,0,0,10,نتائج-تعداد-العام-لسكان-مدينة-الجفارة-لسنة-2006م.pdf,14e00e70b4aa3e858fec0628208a37c5133a6a1a38808ad2747207238336b79a
Jafara-020,الجفارة,Jafara,قرقوزة,2265,13588,73,13661,142,27,475,502,2407,13615,548,14163,0,0,10,نتائج-تعداد-العام-لسكان-مدينة-الجفارة-لسنة-2006م.pdf,14e00e70b4aa3e858fec0628208a37c5133a6a1a38808ad2747207238336b79a
Jafara-021,الجفارة,Jafara,الزهراء,3442,19493,122,19615,477,63,1288,1351,3919,19556,1410,20966,0,0,10,نتائج-تعداد-العام-لسكان-مدينة-الجفارة-لسنة-2006م.pdf,14e00e70b4aa3e858fec0628208a37c5133a6a1a38808ad2747207238336b79a
Jafara-022,الجفارة,Jafara,الناصرية,2611,15871,105,15976,382,47,864,911,2993,15918,969,16887,0,0,10,نتائج-تعداد-العام-لسكان-مدينة-الجفارة-لسنة-2006م.pdf,14e00e70b4aa3e858fec0628208a37c5133a6a1a38808ad2747207238336b79a
Jafara-023,الجفارة,Jafara,المطار,2902,17123,107,17230,254,45,731,776,3156,17168,838,18006,0,0,10,نتائج-تعداد-العام-لسكان-مدينة-الجفارة-لسنة-2006م.pdf,14e00e70b4aa3e858fec0628208a37c5133a6a1a38808ad2747207238336b79a
Jafara-024,الجفارة,Jafara,سوق السبت,2453,14625,101,14726,421,48,1326,1374,2874,14673,1427,16100,0,0,10,نتائج-تعداد-العام-لسكان-مدينة-الجفارة-لسنة-2006م.pdf,14e00e70b4aa3e858fec0628208a37c5133a6a1a38808ad2747207238336b79a
Jafara-025,الجفارة,Jafara,العوانين,2204,12729,153,12882,621,107,1948,2055,2825,12836,2101,14937,0,0,10,نتائج-تعداد-العام-لسكان-مدينة-الجفارة-لسنة-2006م.pdf,14e00e70b4aa3e858fec0628208a37c5133a6a1a38808ad2747207238336b79a
Jafara-026,الجفارة,Jafara,ردود الزاوية,2993,16755,134,16889,509,77,1330,1407,3502,16832,1464,18296,0,0,10,نتائج-تعداد-العام-لسكان-مدينة-الجفارة-لسنة-2006م.pdf,14e00e70b4aa3e858fec0628208a37c5133a6a1a38808ad2747207238336b79a
Jafara-027,الجفارة,Jafara,خويلد,715,4091,37,4128,104,13,200,213,819,4104,237,4341,0,0,10,نتائج-تعداد-العام-لسكان-مدينة-الجفارة-لسنة-2006م.pdf,14e00e70b4aa3e858fec0628208a37c5133a6a1a38808ad2747207238336b79a
Jafara-028,الجفارة,Jafara,بئر التوتة,2367,13531,54,13585,323,50,711,761,2690,13581,765,14346,0,0,11,نتائج-تعداد-العام-لسكان-مدينة-الجفارة-لسنة-2006م.pdf,14e00e70b4aa3e858fec0628208a37c5133a6a1a38808ad2747207238336b79a
Jafara-029,الجفارة,Jafara,ابو عائشة,248,1621,2,1623,4,0,18,18,252,1621,20,1641,0,0,11,نتائج-تعداد-العام-لسكان-مدينة-الجفارة-لسنة-2006م.pdf,14e00e70b4aa3e858fec0628208a37c5133a6a1a38808ad2747207238336b79a
Jafara-030,الجفارة,Jafara,بئر دياب,1326,8433,59,8492,364,39,561,600,1690,8472,620,9092,0,0,11,نتائج-تعداد-العام-لسكان-مدينة-الجفارة-لسنة-2006م.pdf,14e00e70b4aa3e858fec0628208a37c5133a6a1a38808ad2747207238336b79a
Jafara-031,الجفارة,Jafara,بئر الطوبة,406,3221,20,3241,13,1,31,32,419,3222,51,3273,0,0,11,نتائج-تعداد-العام-لسكان-مدينة-الجفارة-لسنة-2006م.pdf,14e00e70b4aa3e858fec0628208a37c5133a6a1a38808ad2747207238336b79a
Jafara-032,الجفارة,Jafara,سيدي السائح,615,3826,18,3844,49,10,184,194,664,3836,202,4038,0,0,11,نتائج-تعداد-العام-لسكان-مدينة-الجفارة-لسنة-2006م.pdf,14e00e70b4aa3e858fec0628208a37c5133a6a1a38808ad2747207238336b79a
Jafara-033,الجفارة,Jafara,الغلالبة,548,3696,13,3709,53,3,98,101,601,3699,111,3810,0,0,11,نتائج-تعداد-العام-لسكان-مدينة-الجفارة-لسنة-2006م.pdf,14e00e70b4aa3e858fec0628208a37c5133a6a1a38808ad2747207238336b79a
Jafara-034,الجفارة,Jafara,امسيحل,1109,7791,58,7849,177,32,531,563,1286,7823,589,8412,0,0,11,نتائج-تعداد-العام-لسكان-مدينة-الجفارة-لسنة-2006م.pdf,14e00e70b4aa3e858fec0628208a37c5133a6a1a38808ad2747207238336b79a
Jafara-035,الجفارة,Jafara,ابو الريش,995,5695,13,5708,85,4,174,178,1080,5699,187,5886,0,0,11,نتائج-تعداد-العام-لسكان-مدينة-الجفارة-لسنة-2006م.pdf,14e00e70b4aa3e858fec0628208a37c5133a6a1a38808ad2747207238336b79a
Jafara-036,الجفارة,Jafara,سيدي جابر,340,2375,1,2376,1,0,4,4,341,2375,5,2380,0,0,11,نتائج-تعداد-العام-لسكان-مدينة-الجفارة-لسنة-2006م.pdf,14e00e70b4aa3e858fec0628208a37c5133a6a1a38808ad2747207238336b79a
Jafara-037,الجفارة,Jafara,اولاد ابو عائشة,223,1422,1,1423,36,1,87,88,259,1423,88,1511,0,0,11,نتائج-تعداد-العام-لسكان-مدينة-الجفارة-لسنة-2006م.pdf,14e00e70b4aa3e858fec0628208a37c5133a6a1a38808ad2747207238336b79a
Jafara-038,الجفارة,Jafara,اولاد احمد,243,1547,10,1557,57,6,125,131,300,1553,135,1688,0,0,11,نتائج-تعداد-العام-لسكان-مدينة-الجفارة-لسنة-2006م.pdf,14e00e70b4aa3e858fec0628208a37c5133a6a1a38808ad2747207238336b79a
Jafara-039,الجفارة,Jafara,بن عطية,1128,7408,30,7438,36,10,112,122,1164,7418,142,7560,0,0,11,نتائج-تعداد-العام-لسكان-مدينة-الجفارة-لسنة-2006م.pdf,14e00e70b4aa3e858fec0628208a37c5133a6a1a38808ad2747207238336b79a
Jafara-040,الجفارة,Jafara,ابو عرقوب,1086,6876,55,6931,121,16,337,353,1207,6892,392,7284,0,0,11,نتائج-تعداد-العام-لسكان-مدينة-الجفارة-لسنة-2006م.pdf,14e00e70b4aa3e858fec0628208a37c5133a6a1a38808ad2747207238336b79a
Jafara-041,الجفارة,Jafara,اولاد مرغم,460,2779,7,2786,35,6,55,61,495,2785,62,2847,0,0,11,نتائج-تعداد-العام-لسكان-مدينة-الجفارة-لسنة-2006م.pdf,14e00e70b4aa3e858fec0628208a37c5133a6a1a38808ad2747207238336b79a
Jafara-042,الجفارة,Jafara,سيدي الجيلاني,1043,6656,11,6667,20,16,54,70,1063,6672,65,6737,0,0,11,نتائج-تعداد-العام-لسكان-مدينة-الجفارة-لسنة-2006م.pdf,14e00e70b4aa3e858fec0628208a37c5133a6a1a38808ad2747207238336b79a
Jufra-001,الجفرة,Jufra,هون الشمالية,1547,8786,76,8862,254,81,745,826,1801,8867,821,9688,0,0,10,نتائج-تعداد-العام-لسكان-مدينة-الجفرة-لسنة-2006م.pdf,a5135f9f1191bdaf77bc36fc1b28ccdb324d77c4fd84965c1d74acdc9dbd6589
Jufra-002,الجفرة,Jufra,هون الجنوبية,1647,8945,64,9009,385,91,1155,1246,2032,9036,1219,10255,0,0,10,نتائج-تعداد-العام-لسكان-مدينة-الجفرة-لسنة-2006م.pdf,a5135f9f1191bdaf77bc36fc1b28ccdb324d77c4fd84965c1d74acdc9dbd6589
Jufra-003,الجفرة,Jufra,ودان الشمالية,718,3991,46,4037,226,35,616,651,944,4026,662,4688,0,0,10,نتائج-تعداد-العام-لسكان-مدينة-الجفرة-لسنة-2006م.pdf,a5135f9f1191bdaf77bc36fc1b28ccdb324d77c4fd84965c1d74acdc9dbd6589
Jufra-004,الجفرة,Jufra,ودان الجنوبية,1135,7125,57,7182,372,74,1030,1104,1507,7199,1087,8286,0,0,10,نتائج-تعداد-العام-لسكان-مدينة-الجفرة-لسنة-2006م.pdf,a5135f9f1191bdaf77bc36fc1b28ccdb324d77c4fd84965c1d74acdc9dbd6589
Jufra-005,الجفرة,Jufra,سوكنة المركز,1525,9020,90,9110,188,43,706,749,1713,9063,796,9859,0,0,10,نتائج-تعداد-العام-لسكان-مدينة-الجفرة-لسنة-2006م.pdf,a5135f9f1191bdaf77bc36fc1b28ccdb324d77c4fd84965c1d74acdc9dbd6589
Jufra-006,الجفرة,Jufra,الفقهاء,181,1065,20,1085,13,7,36,43,194,1072,56,1128,0,0,10,نتائج-تعداد-العام-لسكان-مدينة-الجفرة-لسنة-2006م.pdf,a5135f9f1191bdaf77bc36fc1b28ccdb324d77c4fd84965c1d74acdc9dbd6589
Jufra-007,الجفرة,Jufra,زلة المركز,1295,7599,64,7663,188,37,488,525,1483,7636,552,8188,0,0,10,نتائج-تعداد-العام-لسكان-مدينة-الجفرة-لسنة-2006م.pdf,a5135f9f1191bdaf77bc36fc1b28ccdb324d77c4fd84965c1d74acdc9dbd6589
Zawiya-001,الزاوية,Zawiya,جود دائم,2165,11730,70,11800,217,28,456,484,2382,11758,526,12284,0,0,10,نتائج-تعداد-العام-لسكان-مدينة-الزاوية-لسنة-2006م.pdf,cc305224169513611599f556b7a0f00b0ce67c78c569230e07e9f34897c6543f
Zawiya-002,الزاوية,Zawiya,سيدي عيسى,5392,30017,217,30234,475,130,1532,1662,5867,30147,1749,31896,0,0,10,نتائج-تعداد-العام-لسكان-مدينة-الزاوية-لسنة-2006م.pdf,cc305224169513611599f556b7a0f00b0ce67c78c569230e07e9f34897c6543f
Zawiya-003,الزاوية,Zawiya,ضى الهلال,1880,9741,68,9809,87,32,290,322,1967,9773,358,10131,0,0,10,نتائج-تعداد-العام-لسكان-مدينة-الزاوية-لسنة-2006م.pdf,cc305224169513611599f556b7a0f00b0ce67c78c569230e07e9f34897c6543f
Zawiya-004,الزاوية,Zawiya,سيدي نصر,2070,10900,75,10975,76,45,241,286,2146,10945,316,11261,0,0,10,نتائج-تعداد-العام-لسكان-مدينة-الزاوية-لسنة-2006م.pdf,cc305224169513611599f556b7a0f00b0ce67c78c569230e07e9f34897c6543f
Zawiya-005,الزاوية,Zawiya,بن سباع,977,5456,31,5487,57,14,184,198,1034,5470,215,5685,0,0,10,نتائج-تعداد-العام-لسكان-مدينة-الزاوية-لسنة-2006م.pdf,cc305224169513611599f556b7a0f00b0ce67c78c569230e07e9f34897c6543f
Zawiya-006,الزاوية,Zawiya,بحر السماح,1434,7523,51,7574,174,44,664,708,1608,7567,715,8282,0,0,10,نتائج-تعداد-العام-لسكان-مدينة-الزاوية-لسنة-2006م.pdf,cc305224169513611599f556b7a0f00b0ce67c78c569230e07e9f34897c6543f
Zawiya-007,الزاوية,Zawiya,الحي القديم,609,3111,30,3141,91,16,326,342,700,3127,356,3483,0,0,10,نتائج-تعداد-العام-لسكان-مدينة-الزاوية-لسنة-2006م.pdf,cc305224169513611599f556b7a0f00b0ce67c78c569230e07e9f34897c6543f
Zawiya-008,الزاوية,Zawiya,الولاني,1553,8624,57,8681,203,42,680,722,1756,8666,737,9403,0,0,10,نتائج-تعداد-العام-لسكان-مدينة-الزاوية-لسنة-2006م.pdf,cc305224169513611599f556b7a0f00b0ce67c78c569230e07e9f34897c6543f
Zawiya-009,الزاوية,Zawiya,المقطع,1176,6352,91,6443,447,40,1491,1531,1623,6392,1582,7974,0,0,10,نتائج-تعداد-العام-لسكان-مدينة-الزاوية-لسنة-2006م.pdf,cc305224169513611599f556b7a0f00b0ce67c78c569230e07e9f34897c6543f
Zawiya-010,الزاوية,Zawiya,جامع الحاجة,1326,7397,91,7488,252,66,881,947,1578,7463,972,8435,0,0,10,نتائج-تعداد-العام-لسكان-مدينة-الزاوية-لسنة-2006م.pdf,cc305224169513611599f556b7a0f00b0ce67c78c569230e07e9f34897c6543f
Zawiya-011,الزاوية,Zawiya,جامع القمودي,1883,10065,161,10226,665,60,2125,2185,2548,10125,2286,12411,0,0,10,نتائج-تعداد-العام-لسكان-مدينة-الزاوية-لسنة-2006م.pdf,cc305224169513611599f556b7a0f00b0ce67c78c569230e07e9f34897c6543f
Zawiya-012,الزاوية,Zawiya,الفاسي,1201,7139,42,7181,77,11,197,208,1278,7150,239,7389,0,0,10,نتائج-تعداد-العام-لسكان-مدينة-الزاوية-لسنة-2006م.pdf,cc305224169513611599f556b7a0f00b0ce67c78c569230e07e9f34897c6543f
Zawiya-013,الزاوية,Zawiya,الحاج عبيد,1203,6777,29,6806,185,27,557,584,1388,6804,586,7390,0,0,10,نتائج-تعداد-العام-لسكان-مدينة-الزاوية-لسنة-2006م.pdf,cc305224169513611599f556b7a0f00b0ce67c78c569230e07e9f34897c6543f
Zawiya-014,الزاوية,Zawiya,بن شعيب,281,1582,14,1596,145,3,293,296,426,1585,307,1892,0,0,10,نتائج-تعداد-العام-لسكان-مدينة-الزاوية-لسنة-2006م.pdf,cc305224169513611599f556b7a0f00b0ce67c78c569230e07e9f34897c6543f
Zawiya-015,الزاوية,Zawiya,الزاوية الجنوبية,306,2041,3,2044,44,2,53,55,350,2043,56,2099,0,0,10,نتائج-تعداد-العام-لسكان-مدينة-الزاوية-لسنة-2006م.pdf,cc305224169513611599f556b7a0f00b0ce67c78c569230e07e9f34897c6543f
Zawiya-016,الزاوية,Zawiya,الزاوية الشرقية,843,5014,53,5067,176,45,517,562,1019,5059,570,5629,0,0,10,نتائج-تعداد-العام-لسكان-مدينة-الزاوية-لسنة-2006م.pdf,cc305224169513611599f556b7a0f00b0ce67c78c569230e07e9f34897c6543f
Zawiya-017,الزاوية,Zawiya,الصابرية \الشرقية,1670,9769,37,9806,99,5,263,268,1769,9774,300,10074,0,0,10,نتائج-تعداد-العام-لسكان-مدينة-الزاوية-لسنة-2006م.pdf,cc305224169513611599f556b7a0f00b0ce67c78c569230e07e9f34897c6543f
Zawiya-018,الزاوية,Zawiya,الصابرية \الغربية,1091,5766,18,5784,45,13,178,191,1136,5779,196,5975,0,0,10,نتائج-تعداد-العام-لسكان-مدينة-الزاوية-لسنة-2006م.pdf,cc305224169513611599f556b7a0f00b0ce67c78c569230e07e9f34897c6543f
Zawiya-019,الزاوية,Zawiya,الحرشة,1512,8147,59,8206,54,17,201,218,1566,8164,260,8424,0,0,10,نتائج-تعداد-العام-لسكان-مدينة-الزاوية-لسنة-2006م.pdf,cc305224169513611599f556b7a0f00b0ce67c78c569230e07e9f34897c6543f
Zawiya-020,الزاوية,Zawiya,الطيانية,1602,9267,30,9297,72,12,177,189,1674,9279,207,9486,0,0,10,نتائج-تعداد-العام-لسكان-مدينة-الزاوية-لسنة-2006م.pdf,cc305224169513611599f556b7a0f00b0ce67c78c569230e07e9f34897c6543f
Zawiya-021,الزاوية,Zawiya,الرابطة,1628,9235,55,9290,107,40,328,368,1735,9275,383,9658,0,0,10,نتائج-تعداد-العام-لسكان-مدينة-الزاوية-لسنة-2006م.pdf,cc305224169513611599f556b7a0f00b0ce67c78c569230e07e9f34897c6543f
Zawiya-022,الزاوية,Zawiya,المطردالشرقية,1119,5726,57,5783,297,23,985,1008,1416,5749,1042,6791,0,0,10,نتائج-تعداد-العام-لسكان-مدينة-الزاوية-لسنة-2006م.pdf,cc305224169513611599f556b7a0f00b0ce67c78c569230e07e9f34897c6543f
Zawiya-023,الزاوية,Zawiya,المطرد الغربية,871,4490,26,4516,140,14,397,411,1011,4504,423,4927,0,0,10,نتائج-تعداد-العام-لسكان-مدينة-الزاوية-لسنة-2006م.pdf,cc305224169513611599f556b7a0f00b0ce67c78c569230e07e9f34897c6543f
Zawiya-024,الزاوية,Zawiya,بئر الغنم المركز,519,3091,24,3115,77,15,284,299,596,3106,308,3414,0,0,10,نتائج-تعداد-العام-لسكان-مدينة-الزاوية-لسنة-2006م.pdf,cc305224169513611599f556b7a0f00b0ce67c78c569230e07e9f34897c6543f
Zawiya-025,الزاوية,Zawiya,بئر الغنم الشرقية,481,2638,32,2670,75,3,276,279,556,2641,308,2949,0,0,10,نتائج-تعداد-العام-لسكان-مدينة-الزاوية-لسنة-2006م.pdf,cc305224169513611599f556b7a0f00b0ce67c78c569230e07e9f34897c6543f
Zawiya-026,الزاوية,Zawiya,عطاف,1078,5365,33,5398,50,21,215,236,1128,5386,248,5634,0,0,10,نتائج-تعداد-العام-لسكان-مدينة-الزاوية-لسنة-2006م.pdf,cc305224169513611599f556b7a0f00b0ce67c78c569230e07e9f34897c6543f
Zawiya-027,الزاوية,Zawiya,ابو الهلال,2196,12237,133,12370,387,60,1375,1435,2583,12297,1508,13805,0,0,11,نتائج-تعداد-العام-لسكان-مدينة-الزاوية-لسنة-2006م.pdf,cc305224169513611599f556b7a0f00b0ce67c78c569230e07e9f34897c6543f
Zawiya-028,الزاوية,Zawiya,الشاطئ,1393,7213,33,7246,104,26,245,271,1497,7239,278,7517,0,0,11,نتائج-تعداد-العام-لسكان-مدينة-الزاوية-لسنة-2006م.pdf,cc305224169513611599f556b7a0f00b0ce67c78c569230e07e9f34897c6543f
Zawiya-029,الزاوية,Zawiya,ابو الريش,1815,9739,46,9785,87,27,308,335,1902,9766,354,10120,0,0,11,نتائج-تعداد-العام-لسكان-مدينة-الزاوية-لسنة-2006م.pdf,cc305224169513611599f556b7a0f00b0ce67c78c569230e07e9f34897c6543f
Zawiya-030,الزاوية,Zawiya,زكري,908,4813,38,4851,112,24,425,449,1020,4837,463,5300,0,0,11,نتائج-تعداد-العام-لسكان-مدينة-الزاوية-لسنة-2006م.pdf,cc305224169513611599f556b7a0f00b0ce67c78c569230e07e9f34897c6543f
Zawiya-031,الزاوية,Zawiya,مخلوف,2040,11178,55,11233,234,37,567,604,2274,11215,622,11837,0,0,11,نتائج-تعداد-العام-لسكان-مدينة-الزاوية-لسنة-2006م.pdf,cc305224169513611599f556b7a0f00b0ce67c78c569230e07e9f34897c6543f
Zawiya-032,الزاوية,Zawiya,العين,1470,8161,41,8202,83,30,502,532,1553,8191,543,8734,0,0,11,نتائج-تعداد-العام-لسكان-مدينة-الزاوية-لسنة-2006م.pdf,cc305224169513611599f556b7a0f00b0ce67c78c569230e07e9f34897c6543f
Zawiya-033,الزاوية,Zawiya,السوق \ ابو عيسى,355,1912,12,1924,31,10,87,97,386,1922,99,2021,0,0,11,نتائج-تعداد-العام-لسكان-مدينة-الزاوية-لسنة-2006م.pdf,cc305224169513611599f556b7a0f00b0ce67c78c569230e07e9f34897c6543f
Zawiya-034,الزاوية,Zawiya,الراقوبة,458,2300,13,2313,50,11,130,141,508,2311,143,2454,0,0,11,نتائج-تعداد-العام-لسكان-مدينة-الزاوية-لسنة-2006م.pdf,cc305224169513611599f556b7a0f00b0ce67c78c569230e07e9f34897c6543f
Zawiya-035,الزاوية,Zawiya,الخضراء,1911,10510,41,10551,104,23,307,330,2015,10533,348,10881,0,0,11,نتائج-تعداد-العام-لسكان-مدينة-الزاوية-لسنة-2006م.pdf,cc305224169513611599f556b7a0f00b0ce67c78c569230e07e9f34897c6543f
Zawiya-036,الزاوية,Zawiya,العموري,908,4692,34,4726,70,17,249,266,978,4709,283,4992,0,0,11,نتائج-تعداد-العام-لسكان-مدينة-الزاوية-لسنة-2006م.pdf,cc305224169513611599f556b7a0f00b0ce67c78c569230e07e9f34897c6543f
Wadi al Shatii-001,وادي الشاطئ,Wadi al Shatii,قيرة,812,5554,20,5574,33,10,128,138,845,5564,148,5712,0,0,10,نتائج-تعداد-العام-لسكان-مدينة-الشاطئ-لسنة-2006م.pdf,8cfd9aaad05e4f79b16ef0791f3535dd11bec8b0f9bf0d256568044fcecc4085
Wadi al Shatii-002,وادي الشاطئ,Wadi al Shatii,اشكدة,369,2313,11,2324,28,4,94,98,397,2317,105,2422,0,0,10,نتائج-تعداد-العام-لسكان-مدينة-الشاطئ-لسنة-2006م.pdf,8cfd9aaad05e4f79b16ef0791f3535dd11bec8b0f9bf0d256568044fcecc4085
Wadi al Shatii-003,وادي الشاطئ,Wadi al Shatii,زلواز,500,3000,7,3007,23,3,98,101,523,3003,105,3108,0,0,10,نتائج-تعداد-العام-لسكان-مدينة-الشاطئ-لسنة-2006م.pdf,8cfd9aaad05e4f79b16ef0791f3535dd11bec8b0f9bf0d256568044fcecc4085
Wadi al Shatii-004,وادي الشاطئ,Wadi al Shatii,الزوية,461,3138,17,3155,60,7,172,179,521,3145,189,3334,0,0,10,نتائج-تعداد-العام-لسكان-مدينة-الشاطئ-لسنة-2006م.pdf,8cfd9aaad05e4f79b16ef0791f3535dd11bec8b0f9bf0d256568044fcecc4085
Wadi al Shatii-005,وادي الشاطئ,Wadi al Shatii,القصر,617,3943,20,3963,72,35,254,289,689,3978,274,4252,0,0,10,نتائج-تعداد-العام-لسكان-مدينة-الشاطئ-لسنة-2006م.pdf,8cfd9aaad05e4f79b16ef0791f3535dd11bec8b0f9bf0d256568044fcecc4085
Wadi al Shatii-006,وادي الشاطئ,Wadi al Shatii,الزاوية,677,3910,72,3982,204,62,620,682,881,3972,692,4664,0,0,10,نتائج-تعداد-العام-لسكان-مدينة-الشاطئ-لسنة-2006م.pdf,8cfd9aaad05e4f79b16ef0791f3535dd11bec8b0f9bf0d256568044fcecc4085
Wadi al Shatii-007,وادي الشاطئ,Wadi al Shatii,المصلي,244,1476,35,1511,135,5,434,439,379,1481,469,1950,0,0,10,نتائج-تعداد-العام-لسكان-مدينة-الشاطئ-لسنة-2006م.pdf,8cfd9aaad05e4f79b16ef0791f3535dd11bec8b0f9bf0d256568044fcecc4085
Wadi al Shatii-008,وادي الشاطئ,Wadi al Shatii,العافية,332,2106,26,2132,49,8,218,226,381,2114,244,2358,0,0,10,نتائج-تعداد-العام-لسكان-مدينة-الشاطئ-لسنة-2006م.pdf,8cfd9aaad05e4f79b16ef0791f3535dd11bec8b0f9bf0d256568044fcecc4085
Wadi al Shatii-009,وادي الشاطئ,Wadi al Shatii,اقار,603,3847,8,3855,29,8,82,90,632,3855,90,3945,0,0,10,نتائج-تعداد-العام-لسكان-مدينة-الشاطئ-لسنة-2006م.pdf,8cfd9aaad05e4f79b16ef0791f3535dd11bec8b0f9bf0d256568044fcecc4085
Wadi al Shatii-010,وادي الشاطئ,Wadi al Shatii,تامزاوة,915,5676,33,5709,91,4,336,340,1006,5680,369,6049,0,0,10,نتائج-تعداد-العام-لسكان-مدينة-الشاطئ-لسنة-2006م.pdf,8cfd9aaad05e4f79b16ef0791f3535dd11bec8b0f9bf0d256568044fcecc4085
Wadi al Shatii-011,وادي الشاطئ,Wadi al Shatii,القرضة,763,4097,21,4118,96,27,320,347,859,4124,341,4465,0,0,10,نتائج-تعداد-العام-لسكان-مدينة-الشاطئ-لسنة-2006م.pdf,8cfd9aaad05e4f79b16ef0791f3535dd11bec8b0f9bf0d256568044fcecc4085
Wadi al Shatii-012,وادي الشاطئ,Wadi al Shatii,الديسة,175,1193,13,1206,23,8,92,100,198,1201,105,1306,0,0,10,نتائج-تعداد-العام-لسكان-مدينة-الشاطئ-لسنة-2006م.pdf,8cfd9aaad05e4f79b16ef0791f3535dd11bec8b0f9bf0d256568044fcecc4085
Wadi al Shatii-013,وادي الشاطئ,Wadi al Shatii,تاروت,367,2205,6,2211,20,3,59,62,387,2208,65,2273,0,0,10,نتائج-تعداد-العام-لسكان-مدينة-الشاطئ-لسنة-2006م.pdf,8cfd9aaad05e4f79b16ef0791f3535dd11bec8b0f9bf0d256568044fcecc4085
Wadi al Shatii-014,وادي الشاطئ,Wadi al Shatii,محروقة,914,4738,10,4748,42,3,137,140,956,4741,147,4888,0,0,10,نتائج-تعداد-العام-لسكان-مدينة-الشاطئ-لسنة-2006م.pdf,8cfd9aaad05e4f79b16ef0791f3535dd11bec8b0f9bf0d256568044fcecc4085
Wadi al Shatii-015,وادي الشاطئ,Wadi al Shatii,العيون,363,1810,4,1814,19,5,73,78,382,1815,77,1892,0,0,10,نتائج-تعداد-العام-لسكان-مدينة-الشاطئ-لسنة-2006م.pdf,8cfd9aaad05e4f79b16ef0791f3535dd11bec8b0f9bf0d256568044fcecc4085
Wadi al Shatii-016,وادي الشاطئ,Wadi al Shatii,برقن,660,4165,45,4210,161,29,579,608,821,4194,624,4818,0,0,10,نتائج-تعداد-العام-لسكان-مدينة-الشاطئ-لسنة-2006م.pdf,8cfd9aaad05e4f79b16ef0791f3535dd11bec8b0f9bf0d256568044fcecc4085
Wadi al Shatii-017,وادي الشاطئ,Wadi al Shatii,ابو قدقود,295,1714,5,1719,10,6,44,50,305,1720,49,1769,0,0,10,نتائج-تعداد-العام-لسكان-مدينة-الشاطئ-لسنة-2006م.pdf,8cfd9aaad05e4f79b16ef0791f3535dd11bec8b0f9bf0d256568044fcecc4085
Wadi al Shatii-018,وادي الشاطئ,Wadi al Shatii,الزهراء,248,1582,12,1594,10,6,46,52,258,1588,58,1646,0,0,10,نتائج-تعداد-العام-لسكان-مدينة-الشاطئ-لسنة-2006م.pdf,8cfd9aaad05e4f79b16ef0791f3535dd11bec8b0f9bf0d256568044fcecc4085
Wadi al Shatii-019,وادي الشاطئ,Wadi al Shatii,ادري,589,3539,38,3577,80,23,234,257,669,3562,272,3834,0,0,10,نتائج-تعداد-العام-لسكان-مدينة-الشاطئ-لسنة-2006م.pdf,8cfd9aaad05e4f79b16ef0791f3535dd11bec8b0f9bf0d256568044fcecc4085
Wadi al Shatii-020,وادي الشاطئ,Wadi al Shatii,المنصورة,229,1553,3,1556,11,4,34,38,240,1557,37,1594,0,0,10,نتائج-تعداد-العام-لسكان-مدينة-الشاطئ-لسنة-2006م.pdf,8cfd9aaad05e4f79b16ef0791f3535dd11bec8b0f9bf0d256568044fcecc4085
Wadi al Shatii-021,وادي الشاطئ,Wadi al Shatii,تمسان,413,2559,17,2576,33,17,114,131,446,2576,131,2707,0,0,10,نتائج-تعداد-العام-لسكان-مدينة-الشاطئ-لسنة-2006م.pdf,8cfd9aaad05e4f79b16ef0791f3535dd11bec8b0f9bf0d256568044fcecc4085
Wadi al Shatii-022,وادي الشاطئ,Wadi al Shatii,ونزريك,646,3965,29,3994,66,36,176,212,712,4001,205,4206,0,0,10,نتائج-تعداد-العام-لسكان-مدينة-الشاطئ-لسنة-2006م.pdf,8cfd9aaad05e4f79b16ef0791f3535dd11bec8b0f9bf0d256568044fcecc4085
Wadi al Shatii-023,وادي الشاطئ,Wadi al Shatii,ققم,341,2199,21,2220,40,1,160,161,381,2200,181,2381,0,0,10,نتائج-تعداد-العام-لسكان-مدينة-الشاطئ-لسنة-2006م.pdf,8cfd9aaad05e4f79b16ef0791f3535dd11bec8b0f9bf0d256568044fcecc4085
Wadi al Shatii-024,وادي الشاطئ,Wadi al Shatii,قطة,489,2831,14,2845,31,16,129,145,520,2847,143,2990,0,0,10,نتائج-تعداد-العام-لسكان-مدينة-الشاطئ-لسنة-2006م.pdf,8cfd9aaad05e4f79b16ef0791f3535dd11bec8b0f9bf0d256568044fcecc4085
Kufra-001,الكفرة,Kufra,الجوف,4537,29747,445,30192,1237,327,3830,4157,5774,30074,4275,34349,0,0,10,نتائج-تعداد-العام-لسكان-مدينة-الكفرة-لسنة-2006م.pdf,d7f492c8600b851cf719d3327d8e31a0bb366ed3d5b152e3042778e90ba8aa35
Kufra-002,الكفرة,Kufra,الهواري,263,1643,5,1648,44,6,112,118,307,1649,117,1766,0,0,10,نتائج-تعداد-العام-لسكان-مدينة-الكفرة-لسنة-2006م.pdf,d7f492c8600b851cf719d3327d8e31a0bb366ed3d5b152e3042778e90ba8aa35
Kufra-003,الكفرة,Kufra,الطلاب,32,325,4,329,5,9,18,27,37,334,22,356,0,0,10,نتائج-تعداد-العام-لسكان-مدينة-الكفرة-لسنة-2006م.pdf,d7f492c8600b851cf719d3327d8e31a0bb366ed3d5b152e3042778e90ba8aa35
Kufra-004,الكفرة,Kufra,ربيانة,174,1219,21,1240,41,27,224,251,215,1246,245,1491,0,0,10,نتائج-تعداد-العام-لسكان-مدينة-الكفرة-لسنة-2006م.pdf,d7f492c8600b851cf719d3327d8e31a0bb366ed3d5b152e3042778e90ba8aa35
Kufra-005,الكفرة,Kufra,بزيمة,467,3298,42,3340,126,38,388,426,593,3336,430,3766,0,0,10,نتائج-تعداد-العام-لسكان-مدينة-الكفرة-لسنة-2006م.pdf,d7f492c8600b851cf719d3327d8e31a0bb366ed3d5b152e3042778e90ba8aa35
Kufra-006,الكفرة,Kufra,تازربو,921,6095,19,6114,125,35,451,486,1046,6130,470,6600,0,0,10,نتائج-تعداد-العام-لسكان-مدينة-الكفرة-لسنة-2006م.pdf,d7f492c8600b851cf719d3327d8e31a0bb366ed3d5b152e3042778e90ba8aa35
Marj-001,المرج,Marj,المرج الغربية,4054,27374,261,27635,489,78,2307,2385,4543,27452,2568,30020,0,0,10,نتائج-تعداد-العام-لسكان-مدينة-المرج-لسنة-2006م.pdf,bb79404305e478d04299277ba150a3fb447d2c508624222fbeb6184992357844
Marj-002,المرج,Marj,المرج الشرقية,4326,30661,261,30922,326,107,1546,1653,4652,30768,1807,32575,0,0,10,نتائج-تعداد-العام-لسكان-مدينة-المرج-لسنة-2006م.pdf,bb79404305e478d04299277ba150a3fb447d2c508624222fbeb6184992357844
Marj-003,المرج,Marj,العويلية الشرقية,754,5742,55,5797,86,4,320,324,840,5746,375,6121,0,0,10,نتائج-تعداد-العام-لسكان-مدينة-المرج-لسنة-2006م.pdf,bb79404305e478d04299277ba150a3fb447d2c508624222fbeb6184992357844
Marj-004,المرج,Marj,العويلية الغربية,279,2925,12,2937,2,6,9,15,281,2931,21,2952,0,0,10,نتائج-تعداد-العام-لسكان-مدينة-المرج-لسنة-2006م.pdf,bb79404305e478d04299277ba150a3fb447d2c508624222fbeb6184992357844
Marj-005,المرج,Marj,فرزوغة,402,3439,21,3460,10,3,31,34,412,3442,52,3494,0,0,10,نتائج-تعداد-العام-لسكان-مدينة-المرج-لسنة-2006م.pdf,bb79404305e478d04299277ba150a3fb447d2c508624222fbeb6184992357844
Marj-006,المرج,Marj,سيدي ابو زيد,257,2359,23,2382,2,0,14,14,259,2359,37,2396,0,0,10,نتائج-تعداد-العام-لسكان-مدينة-المرج-لسنة-2006م.pdf,bb79404305e478d04299277ba150a3fb447d2c508624222fbeb6184992357844
Marj-007,المرج,Marj,جردس الجنوبية,839,5398,45,5443,23,2,60,62,862,5400,105,5505,0,0,10,نتائج-تعداد-العام-لسكان-مدينة-المرج-لسنة-2006م.pdf,bb79404305e478d04299277ba150a3fb447d2c508624222fbeb6184992357844
Marj-008,المرج,Marj,جردس الشمالية,261,1648,3,1651,0,0,0,0,261,1648,3,1651,0,0,10,نتائج-تعداد-العام-لسكان-مدينة-المرج-لسنة-2006م.pdf,bb79404305e478d04299277ba150a3fb447d2c508624222fbeb6184992357844
Marj-009,المرج,Marj,البنية,266,1784,4,1788,1,0,2,2,267,1784,6,1790,0,0,10,نتائج-تعداد-العام-لسكان-مدينة-المرج-لسنة-2006م.pdf,bb79404305e478d04299277ba150a3fb447d2c508624222fbeb6184992357844
Marj-010,المرج,Marj,تاكنس الغربية,287,2714,15,2729,2,0,2,2,289,2714,17,2731,0,0,10,نتائج-تعداد-العام-لسكان-مدينة-المرج-لسنة-2006م.pdf,bb79404305e478d04299277ba150a3fb447d2c508624222fbeb6184992357844
Marj-011,المرج,Marj,تاكنس الشرقية,597,4718,36,4754,49,3,177,180,646,4721,213,4934,0,0,10,نتائج-تعداد-العام-لسكان-مدينة-المرج-لسنة-2006م.pdf,bb79404305e478d04299277ba150a3fb447d2c508624222fbeb6184992357844
Marj-012,المرج,Marj,البياضة الشرقية,635,5424,14,5438,29,1,99,100,664,5425,113,5538,0,0,10,نتائج-تعداد-العام-لسكان-مدينة-المرج-لسنة-2006م.pdf,bb79404305e478d04299277ba150a3fb447d2c508624222fbeb6184992357844
Marj-013,المرج,Marj,البياضة الغربية,254,2247,28,2275,16,14,41,55,270,2261,69,2330,0,0,10,نتائج-تعداد-العام-لسكان-مدينة-المرج-لسنة-2006م.pdf,bb79404305e478d04299277ba150a3fb447d2c508624222fbeb6184992357844
Marj-014,المرج,Marj,الجهاد,742,6769,44,6813,51,20,273,293,793,6789,317,7106,0,0,10,نتائج-تعداد-العام-لسكان-مدينة-المرج-لسنة-2006م.pdf,bb79404305e478d04299277ba150a3fb447d2c508624222fbeb6184992357844
Marj-015,المرج,Marj,الزحف الاخضر الشرقية,636,4769,44,4813,30,5,107,112,666,4774,151,4925,0,0,10,نتائج-تعداد-العام-لسكان-مدينة-المرج-لسنة-2006م.pdf,bb79404305e478d04299277ba150a3fb447d2c508624222fbeb6184992357844
Marj-016,المرج,Marj,الزحف الاخضر الغربية,347,2890,26,2916,35,8,91,99,382,2898,117,3015,0,0,10,نتائج-تعداد-العام-لسكان-مدينة-المرج-لسنة-2006م.pdf,bb79404305e478d04299277ba150a3fb447d2c508624222fbeb6184992357844
Marj-017,المرج,Marj,الابيار الجديدة,1374,9365,70,9435,137,20,487,507,1511,9385,557,9942,0,0,10,نتائج-تعداد-العام-لسكان-مدينة-المرج-لسنة-2006م.pdf,bb79404305e478d04299277ba150a3fb447d2c508624222fbeb6184992357844
Marj-018,المرج,Marj,الردماني,1754,12937,126,13063,173,41,635,676,1927,12978,761,13739,0,0,10,نتائج-تعداد-العام-لسكان-مدينة-المرج-لسنة-2006م.pdf,bb79404305e478d04299277ba150a3fb447d2c508624222fbeb6184992357844
Marj-019,المرج,Marj,ابو مريم,468,3408,17,3425,19,10,85,95,487,3418,102,3520,0,0,10,نتائج-تعداد-العام-لسكان-مدينة-المرج-لسنة-2006م.pdf,bb79404305e478d04299277ba150a3fb447d2c508624222fbeb6184992357844
Marj-020,المرج,Marj,قبر جيرة,229,1800,7,1807,4,4,30,34,233,1804,37,1841,0,0,10,نتائج-تعداد-العام-لسكان-مدينة-المرج-لسنة-2006م.pdf,bb79404305e478d04299277ba150a3fb447d2c508624222fbeb6184992357844
Marj-021,المرج,Marj,المليطانية,439,2936,20,2956,15,7,56,63,454,2943,76,3019,0,0,10,نتائج-تعداد-العام-لسكان-مدينة-المرج-لسنة-2006م.pdf,bb79404305e478d04299277ba150a3fb447d2c508624222fbeb6184992357844
Marj-022,المرج,Marj,ابراهيم ابو راس,78,578,1,579,11,0,21,21,89,578,22,600,0,0,10,نتائج-تعداد-العام-لسكان-مدينة-المرج-لسنة-2006م.pdf,bb79404305e478d04299277ba150a3fb447d2c508624222fbeb6184992357844
Marj-023,المرج,Marj,سيدي مهيوس,268,1809,7,1816,7,4,41,45,275,1813,48,1861,0,0,10,نتائج-تعداد-العام-لسكان-مدينة-المرج-لسنة-2006م.pdf,bb79404305e478d04299277ba150a3fb447d2c508624222fbeb6184992357844
Marj-024,المرج,Marj,العقورية المركز,1377,9651,112,9763,92,93,424,517,1469,9744,536,10280,0,0,10,نتائج-تعداد-العام-لسكان-مدينة-المرج-لسنة-2006م.pdf,bb79404305e478d04299277ba150a3fb447d2c508624222fbeb6184992357844
Marj-025,المرج,Marj,المبنى,331,2611,11,2622,25,2,72,74,356,2613,83,2696,0,0,10,نتائج-تعداد-العام-لسكان-مدينة-المرج-لسنة-2006م.pdf,bb79404305e478d04299277ba150a3fb447d2c508624222fbeb6184992357844
Marj-026,المرج,Marj,برسس,373,2894,31,2925,13,11,74,85,386,2905,105,3010,0,0,10,نتائج-تعداد-العام-لسكان-مدينة-المرج-لسنة-2006م.pdf,bb79404305e478d04299277ba150a3fb447d2c508624222fbeb6184992357844
Marj-027,المرج,Marj,بوجرار,154,1176,4,1180,8,1,24,25,162,1177,28,1205,0,0,10,نتائج-تعداد-العام-لسكان-مدينة-المرج-لسنة-2006م.pdf,bb79404305e478d04299277ba150a3fb447d2c508624222fbeb6184992357844
Marj-028,المرج,Marj,اردانو,23,218,2,220,0,0,0,0,23,218,2,220,0,0,10,نتائج-تعداد-العام-لسكان-مدينة-المرج-لسنة-2006م.pdf,bb79404305e478d04299277ba150a3fb447d2c508624222fbeb6184992357844
Marj-029,المرج,Marj,دريانة,768,5964,53,6017,33,8,145,153,801,5972,198,6170,0,0,10,نتائج-تعداد-العام-لسكان-مدينة-المرج-لسنة-2006م.pdf,bb79404305e478d04299277ba150a3fb447d2c508624222fbeb6184992357844
Marj-030,المرج,Marj,سيدي أسويكر,158,1026,12,1038,19,9,65,74,177,1035,77,1112,0,0,10,نتائج-تعداد-العام-لسكان-مدينة-المرج-لسنة-2006م.pdf,bb79404305e478d04299277ba150a3fb447d2c508624222fbeb6184992357844
Marj-031,المرج,Marj,الرجمة,450,3104,33,3137,7,26,19,45,457,3130,52,3182,0,0,10,نتائج-تعداد-العام-لسكان-مدينة-المرج-لسنة-2006م.pdf,bb79404305e478d04299277ba150a3fb447d2c508624222fbeb6184992357844
Marj-032,المرج,Marj,الحمدة,247,1854,14,1868,9,2,43,45,256,1856,57,1913,0,0,10,نتائج-تعداد-العام-لسكان-مدينة-المرج-لسنة-2006م.pdf,bb79404305e478d04299277ba150a3fb447d2c508624222fbeb6184992357844
Marj-033,المرج,Marj,الابيارالقديمة,430,2761,68,2829,46,13,296,309,476,2774,364,3138,0,0,10,نتائج-تعداد-العام-لسكان-مدينة-المرج-لسنة-2006م.pdf,bb79404305e478d04299277ba150a3fb447d2c508624222fbeb6184992357844
Murqub-001,المرقب,Murqub,البلدية,1081,5756,53,5809,317,38,1256,1294,1398,5794,1309,7103,0,0,10,نتائج-تعداد-العام-لسكان-مدينة-المرقب-لسنة-2006م.pdf,d4eca0016c85368c88799f7c91a215d23f839ffc14b25ab3d213540cac8d129c
Murqub-002,المرقب,Murqub,بن جحا,2401,13570,111,13681,253,51,952,1003,2654,13621,1063,14684,0,0,10,نتائج-تعداد-العام-لسكان-مدينة-المرقب-لسنة-2006م.pdf,d4eca0016c85368c88799f7c91a215d23f839ffc14b25ab3d213540cac8d129c
Murqub-003,المرقب,Murqub,المرقب,1139,6398,10,6408,25,6,85,91,1164,6404,95,6499,0,0,10,نتائج-تعداد-العام-لسكان-مدينة-المرقب-لسنة-2006م.pdf,d4eca0016c85368c88799f7c91a215d23f839ffc14b25ab3d213540cac8d129c
Murqub-004,المرقب,Murqub,سيلين,1801,10724,44,10768,62,1,136,137,1863,10725,180,10905,0,0,10,نتائج-تعداد-العام-لسكان-مدينة-المرقب-لسنة-2006م.pdf,d4eca0016c85368c88799f7c91a215d23f839ffc14b25ab3d213540cac8d129c
Murqub-005,المرقب,Murqub,لبدة,2144,13014,91,13105,293,20,795,815,2437,13034,886,13920,0,0,10,نتائج-تعداد-العام-لسكان-مدينة-المرقب-لسنة-2006م.pdf,d4eca0016c85368c88799f7c91a215d23f839ffc14b25ab3d213540cac8d129c
Murqub-006,المرقب,Murqub,الجحاوات,988,5837,5,5842,7,0,33,33,995,5837,38,5875,0,0,10,نتائج-تعداد-العام-لسكان-مدينة-المرقب-لسنة-2006م.pdf,d4eca0016c85368c88799f7c91a215d23f839ffc14b25ab3d213540cac8d129c
Murqub-007,المرقب,Murqub,الحمام,1300,7956,19,7975,86,17,190,207,1386,7973,209,8182,0,0,10,نتائج-تعداد-العام-لسكان-مدينة-المرقب-لسنة-2006م.pdf,d4eca0016c85368c88799f7c91a215d23f839ffc14b25ab3d213540cac8d129c
Murqub-008,المرقب,Murqub,سيدي خليفة,1758,10571,54,10625,86,7,252,259,1844,10578,306,10884,0,0,10,نتائج-تعداد-العام-لسكان-مدينة-المرقب-لسنة-2006م.pdf,d4eca0016c85368c88799f7c91a215d23f839ffc14b25ab3d213540cac8d129c
Murqub-009,المرقب,Murqub,المعقولة,2089,11652,79,11731,124,12,488,500,2213,11664,567,12231,0,0,10,نتائج-تعداد-العام-لسكان-مدينة-المرقب-لسنة-2006م.pdf,d4eca0016c85368c88799f7c91a215d23f839ffc14b25ab3d213540cac8d129c
Murqub-010,المرقب,Murqub,الوادي,1944,12301,104,12405,267,24,1092,1116,2211,12325,1196,13521,0,0,10,نتائج-تعداد-العام-لسكان-مدينة-المرقب-لسنة-2006م.pdf,d4eca0016c85368c88799f7c91a215d23f839ffc14b25ab3d213540cac8d129c
Murqub-011,المرقب,Murqub,بندار,2088,12045,51,12096,45,16,134,150,2133,12061,185,12246,0,0,10,نتائج-تعداد-العام-لسكان-مدينة-المرقب-لسنة-2006م.pdf,d4eca0016c85368c88799f7c91a215d23f839ffc14b25ab3d213540cac8d129c
Murqub-012,المرقب,Murqub,كعام\الخمس,2991,17180,72,17252,112,38,240,278,3103,17218,312,17530,0,0,10,نتائج-تعداد-العام-لسكان-مدينة-المرقب-لسنة-2006م.pdf,d4eca0016c85368c88799f7c91a215d23f839ffc14b25ab3d213540cac8d129c
Murqub-013,المرقب,Murqub,قوقاس,993,6009,14,6023,168,3,263,266,1161,6012,277,6289,0,0,10,نتائج-تعداد-العام-لسكان-مدينة-المرقب-لسنة-2006م.pdf,d4eca0016c85368c88799f7c91a215d23f839ffc14b25ab3d213540cac8d129c
Murqub-014,المرقب,Murqub,غنيمة,683,4169,13,4182,26,0,62,62,709,4169,75,4244,0,0,10,نتائج-تعداد-العام-لسكان-مدينة-المرقب-لسنة-2006م.pdf,d4eca0016c85368c88799f7c91a215d23f839ffc14b25ab3d213540cac8d129c
Murqub-015,المرقب,Murqub,السوق,1038,6434,66,6500,319,44,1240,1284,1357,6478,1306,7784,0,0,10,نتائج-تعداد-العام-لسكان-مدينة-المرقب-لسنة-2006م.pdf,d4eca0016c85368c88799f7c91a215d23f839ffc14b25ab3d213540cac8d129c
Murqub-016,المرقب,Murqub,القلعة,942,5237,56,5293,140,20,542,562,1082,5257,598,5855,0,0,10,نتائج-تعداد-العام-لسكان-مدينة-المرقب-لسنة-2006م.pdf,d4eca0016c85368c88799f7c91a215d23f839ffc14b25ab3d213540cac8d129c
Murqub-017,المرقب,Murqub,الاشراف,1085,6100,49,6149,143,22,527,549,1228,6122,576,6698,0,0,10,نتائج-تعداد-العام-لسكان-مدينة-المرقب-لسنة-2006م.pdf,d4eca0016c85368c88799f7c91a215d23f839ffc14b25ab3d213540cac8d129c
Murqub-018,المرقب,Murqub,وادي أوعينى,457,3288,7,3295,1,0,3,3,458,3288,10,3298,0,0,10,نتائج-تعداد-العام-لسكان-مدينة-المرقب-لسنة-2006م.pdf,d4eca0016c85368c88799f7c91a215d23f839ffc14b25ab3d213540cac8d129c
Murqub-019,المرقب,Murqub,الدوكالي,398,3099,6,3105,4,2,15,17,402,3101,21,3122,0,0,10,نتائج-تعداد-العام-لسكان-مدينة-المرقب-لسنة-2006م.pdf,d4eca0016c85368c88799f7c91a215d23f839ffc14b25ab3d213540cac8d129c
Murqub-020,المرقب,Murqub,المسيد,491,2792,8,2800,3,0,11,11,494,2792,19,2811,0,0,10,نتائج-تعداد-العام-لسكان-مدينة-المرقب-لسنة-2006م.pdf,d4eca0016c85368c88799f7c91a215d23f839ffc14b25ab3d213540cac8d129c
Murqub-021,المرقب,Murqub,الفاسي,446,2885,5,2890,8,0,20,20,454,2885,25,50,1,0,11,نتائج-تعداد-العام-لسكان-مدينة-المرقب-لسنة-2006م.pdf,d4eca0016c85368c88799f7c91a215d23f839ffc14b25ab3d213540cac8d129c
Murqub-022,المرقب,Murqub,قصر الجديد,877,4721,15,4736,34,0,91,91,911,4721,106,4827,0,0,11,نتائج-تعداد-العام-لسكان-مدينة-المرقب-لسنة-2006م.pdf,d4eca0016c85368c88799f7c91a215d23f839ffc14b25ab3d213540cac8d129c
Murqub-023,المرقب,Murqub,بن ناصر,1356,8714,19,8733,9,4,27,31,1365,8718,46,8764,0,0,11,نتائج-تعداد-العام-لسكان-مدينة-المرقب-لسنة-2006م.pdf,d4eca0016c85368c88799f7c91a215d23f839ffc14b25ab3d213540cac8d129c
Murqub-024,المرقب,Murqub,سم الديس,600,3630,5,3635,9,3,23,26,609,3633,28,3661,0,0,11,نتائج-تعداد-العام-لسكان-مدينة-المرقب-لسنة-2006م.pdf,d4eca0016c85368c88799f7c91a215d23f839ffc14b25ab3d213540cac8d129c
Murqub-025,المرقب,Murqub,الخشش,216,1717,8,1725,2,1,9,10,218,1718,17,1735,0,0,11,نتائج-تعداد-العام-لسكان-مدينة-المرقب-لسنة-2006م.pdf,d4eca0016c85368c88799f7c91a215d23f839ffc14b25ab3d213540cac8d129c
Murqub-026,المرقب,Murqub,القطارة,641,4636,8,4644,13,9,31,40,654,4645,39,4684,0,0,11,نتائج-تعداد-العام-لسكان-مدينة-المرقب-لسنة-2006م.pdf,d4eca0016c85368c88799f7c91a215d23f839ffc14b25ab3d213540cac8d129c
Murqub-027,المرقب,Murqub,المعطن,839,6082,16,6098,17,0,48,48,856,6082,64,6146,0,0,11,نتائج-تعداد-العام-لسكان-مدينة-المرقب-لسنة-2006م.pdf,d4eca0016c85368c88799f7c91a215d23f839ffc14b25ab3d213540cac8d129c
Murqub-028,المرقب,Murqub,الوادي,81,560,2,562,0,0,0,0,81,560,2,562,0,1,11,نتائج-تعداد-العام-لسكان-مدينة-المرقب-لسنة-2006م.pdf,d4eca0016c85368c88799f7c91a215d23f839ffc14b25ab3d213540cac8d129c
Murqub-029,المرقب,Murqub,الاكوام,1568,9229,47,9276,143,18,640,658,1711,9247,687,9934,0,0,11,نتائج-تعداد-العام-لسكان-مدينة-المرقب-لسنة-2006م.pdf,d4eca0016c85368c88799f7c91a215d23f839ffc14b25ab3d213540cac8d129c
Murqub-030,المرقب,Murqub,سيدي احميد,1646,8819,32,8851,68,14,272,286,1714,8833,304,9137,0,0,11,نتائج-تعداد-العام-لسكان-مدينة-المرقب-لسنة-2006م.pdf,d4eca0016c85368c88799f7c91a215d23f839ffc14b25ab3d213540cac8d129c
Murqub-031,المرقب,Murqub,الشرشارة,546,3535,16,3551,4,9,13,22,550,3544,29,3573,0,0,11,نتائج-تعداد-العام-لسكان-مدينة-المرقب-لسنة-2006م.pdf,d4eca0016c85368c88799f7c91a215d23f839ffc14b25ab3d213540cac8d129c
Murqub-032,المرقب,Murqub,البلدية,1936,10730,82,10812,159,46,703,749,2095,10776,785,11561,0,0,11,نتائج-تعداد-العام-لسكان-مدينة-المرقب-لسنة-2006م.pdf,d4eca0016c85368c88799f7c91a215d23f839ffc14b25ab3d213540cac8d129c
Murqub-033,المرقب,Murqub,الشقيقة,738,4184,32,4216,125,32,407,439,863,4216,439,4655,0,0,11,نتائج-تعداد-العام-لسكان-مدينة-المرقب-لسنة-2006م.pdf,d4eca0016c85368c88799f7c91a215d23f839ffc14b25ab3d213540cac8d129c
Murqub-034,المرقب,Murqub,دوغة,860,4757,13,4770,9,1,32,33,869,4758,45,4803,0,0,11,نتائج-تعداد-العام-لسكان-مدينة-المرقب-لسنة-2006م.pdf,d4eca0016c85368c88799f7c91a215d23f839ffc14b25ab3d213540cac8d129c
Murqub-035,المرقب,Murqub,الابيار,853,5219,11,5230,7,1,21,22,860,5220,32,5252,0,0,11,نتائج-تعداد-العام-لسكان-مدينة-المرقب-لسنة-2006م.pdf,d4eca0016c85368c88799f7c91a215d23f839ffc14b25ab3d213540cac8d129c
Murqub-036,المرقب,Murqub,ترغلات,1184,6931,16,6947,8,2,47,49,1192,6933,63,6996,0,0,11,نتائج-تعداد-العام-لسكان-مدينة-المرقب-لسنة-2006م.pdf,d4eca0016c85368c88799f7c91a215d23f839ffc14b25ab3d213540cac8d129c
Murqub-037,المرقب,Murqub,القصيعة,1202,7355,20,7375,17,6,46,52,1219,7361,66,7427,0,0,11,نتائج-تعداد-العام-لسكان-مدينة-المرقب-لسنة-2006م.pdf,d4eca0016c85368c88799f7c91a215d23f839ffc14b25ab3d213540cac8d129c
Murqub-038,المرقب,Murqub,سيدي معمر,1504,8962,32,8994,30,20,77,97,1534,8982,109,9091,0,0,11,نتائج-تعداد-العام-لسكان-مدينة-المرقب-لسنة-2006م.pdf,d4eca0016c85368c88799f7c91a215d23f839ffc14b25ab3d213540cac8d129c
Murqub-039,المرقب,Murqub,الفرجان,1749,10557,46,10603,47,2,195,197,1796,10559,241,10800,0,0,11,نتائج-تعداد-العام-لسكان-مدينة-المرقب-لسنة-2006م.pdf,d4eca0016c85368c88799f7c91a215d23f839ffc14b25ab3d213540cac8d129c
Murqub-040,المرقب,Murqub,اولادعلي,863,5894,15,5909,2,0,14,14,865,5894,29,5923,0,0,12,نتائج-تعداد-العام-لسكان-مدينة-المرقب-لسنة-2006م.pdf,d4eca0016c85368c88799f7c91a215d23f839ffc14b25ab3d213540cac8d129c
Murqub-041,المرقب,Murqub,الشمالية سيدي الصيد,1346,7887,26,7913,38,5,99,104,1384,7892,125,8017,0,0,12,نتائج-تعداد-العام-لسكان-مدينة-المرقب-لسنة-2006م.pdf,d4eca0016c85368c88799f7c91a215d23f839ffc14b25ab3d213540cac8d129c
Murqub-042,المرقب,Murqub,الجنوبية سيدي الصيد,643,3915,13,3928,21,1,49,50,664,3916,62,3978,0,0,12,نتائج-تعداد-العام-لسكان-مدينة-المرقب-لسنة-2006م.pdf,d4eca0016c85368c88799f7c91a215d23f839ffc14b25ab3d213540cac8d129c
Murqub-043,المرقب,Murqub,الشويرف,323,2200,12,2212,0,0,0,0,323,2200,12,2212,0,1,12,نتائج-تعداد-العام-لسكان-مدينة-المرقب-لسنة-2006م.pdf,d4eca0016c85368c88799f7c91a215d23f839ffc14b25ab3d213540cac8d129c
Murqub-044,المرقب,Murqub,جبل معروف,395,2179,6,2185,20,3,54,57,415,2182,60,2242,0,0,12,نتائج-تعداد-العام-لسكان-مدينة-المرقب-لسنة-2006م.pdf,d4eca0016c85368c88799f7c91a215d23f839ffc14b25ab3d213540cac8d129c
Murqub-045,المرقب,Murqub,بئر معتوق,613,3892,13,3905,29,1,62,63,642,3893,75,3968,0,0,12,نتائج-تعداد-العام-لسكان-مدينة-المرقب-لسنة-2006م.pdf,d4eca0016c85368c88799f7c91a215d23f839ffc14b25ab3d213540cac8d129c
Murqub-046,المرقب,Murqub,سوق الاحد,587,3272,20,3292,48,12,112,124,635,3284,132,3416,0,0,12,نتائج-تعداد-العام-لسكان-مدينة-المرقب-لسنة-2006م.pdf,d4eca0016c85368c88799f7c91a215d23f839ffc14b25ab3d213540cac8d129c
Murqub-047,المرقب,Murqub,سوق الجمعة,1118,5899,18,5917,51,4,103,107,1169,5903,121,6024,0,0,12,نتائج-تعداد-العام-لسكان-مدينة-المرقب-لسنة-2006م.pdf,d4eca0016c85368c88799f7c91a215d23f839ffc14b25ab3d213540cac8d129c
Murqub-048,المرقب,Murqub,ترغت,788,4328,11,4339,30,12,61,73,818,4340,72,4412,0,0,12,نتائج-تعداد-العام-لسكان-مدينة-المرقب-لسنة-2006م.pdf,d4eca0016c85368c88799f7c91a215d23f839ffc14b25ab3d213540cac8d129c
Murqub-049,المرقب,Murqub,الكراوة,2236,13222,87,13309,201,35,785,820,2437,13257,872,14129,0,0,12,نتائج-تعداد-العام-لسكان-مدينة-المرقب-لسنة-2006م.pdf,d4eca0016c85368c88799f7c91a215d23f839ffc14b25ab3d213540cac8d129c
Murqub-050,المرقب,Murqub,الشرقية القرابوللي,959,5650,23,5673,38,4,142,146,997,5654,165,5819,0,0,12,نتائج-تعداد-العام-لسكان-مدينة-المرقب-لسنة-2006م.pdf,d4eca0016c85368c88799f7c91a215d23f839ffc14b25ab3d213540cac8d129c
Murqub-051,المرقب,Murqub,الرواجح,982,5618,18,5636,53,3,124,127,1035,5621,142,5763,0,0,12,نتائج-تعداد-العام-لسكان-مدينة-المرقب-لسنة-2006م.pdf,d4eca0016c85368c88799f7c91a215d23f839ffc14b25ab3d213540cac8d129c
Murqub-052,المرقب,Murqub,العطايا,1538,8997,45,9042,143,14,371,385,1681,9011,416,9427,0,0,12,نتائج-تعداد-العام-لسكان-مدينة-المرقب-لسنة-2006م.pdf,d4eca0016c85368c88799f7c91a215d23f839ffc14b25ab3d213540cac8d129c
Murqub-053,المرقب,Murqub,القويعة,886,5000,27,5027,127,18,313,331,1013,5018,340,5358,0,0,12,نتائج-تعداد-العام-لسكان-مدينة-المرقب-لسنة-2006م.pdf,d4eca0016c85368c88799f7c91a215d23f839ffc14b25ab3d213540cac8d129c
Murqub-054,المرقب,Murqub,الخوالق,596,3292,9,3301,11,4,23,27,607,3296,32,3328,0,0,12,نتائج-تعداد-العام-لسكان-مدينة-المرقب-لسنة-2006م.pdf,d4eca0016c85368c88799f7c91a215d23f839ffc14b25ab3d213540cac8d129c
Murqub-055,المرقب,Murqub,العلوص,2276,12998,64,13062,336,40,875,915,2612,13038,939,13977,0,0,12,نتائج-تعداد-العام-لسكان-مدينة-المرقب-لسنة-2006م.pdf,d4eca0016c85368c88799f7c91a215d23f839ffc14b25ab3d213540cac8d129c
Murqub-056,المرقب,Murqub,الاخيار المركز,2376,15350,89,15439,322,57,1212,1269,2698,15407,1301,16708,0,0,12,نتائج-تعداد-العام-لسكان-مدينة-المرقب-لسنة-2006م.pdf,d4eca0016c85368c88799f7c91a215d23f839ffc14b25ab3d213540cac8d129c
Murqub-057,المرقب,Murqub,الاخيار الغربية,1239,8328,24,8352,25,20,83,103,1264,8348,107,8455,0,0,12,نتائج-تعداد-العام-لسكان-مدينة-المرقب-لسنة-2006م.pdf,d4eca0016c85368c88799f7c91a215d23f839ffc14b25ab3d213540cac8d129c
Murqub-058,المرقب,Murqub,سيدي عمير,1030,6546,38,6584,48,6,169,175,1078,6552,207,6759,0,0,12,نتائج-تعداد-العام-لسكان-مدينة-المرقب-لسنة-2006م.pdf,d4eca0016c85368c88799f7c91a215d23f839ffc14b25ab3d213540cac8d129c
Murqub-059,المرقب,Murqub,الخضراء,1305,7631,20,7651,35,6,115,121,1340,7637,135,7772,0,0,12,نتائج-تعداد-العام-لسكان-مدينة-المرقب-لسنة-2006م.pdf,d4eca0016c85368c88799f7c91a215d23f839ffc14b25ab3d213540cac8d129c
Al Wahat-001,الواحات,Al Wahat,الزحف الاخضر,3527,26727,323,27050,425,232,1692,1924,3952,26959,2015,28974,0,0,10,نتائج-تعداد-العام-لسكان-مدينة-الواحات-لسنة-2006م.pdf,d5336dbaf7c43469b86dceb34d6284f198c33ee249c8b746c036b9669bafcbb5
Al Wahat-002,الواحات,Al Wahat,الفاتح,3527,27205,267,27472,329,183,1330,1513,3856,27388,1597,28985,0,0,10,نتائج-تعداد-العام-لسكان-مدينة-الواحات-لسنة-2006م.pdf,d5336dbaf7c43469b86dceb34d6284f198c33ee249c8b746c036b9669bafcbb5
Al Wahat-003,الواحات,Al Wahat,الوحدة العربية,3416,25642,245,25887,472,215,1747,1962,3888,25857,1992,27849,0,0,10,نتائج-تعداد-العام-لسكان-مدينة-الواحات-لسنة-2006م.pdf,d5336dbaf7c43469b86dceb34d6284f198c33ee249c8b746c036b9669bafcbb5
Al Wahat-004,الواحات,Al Wahat,الثورة الشعبية,2761,20358,169,20527,293,105,1124,1229,3054,20463,1293,21756,0,0,10,نتائج-تعداد-العام-لسكان-مدينة-الواحات-لسنة-2006م.pdf,d5336dbaf7c43469b86dceb34d6284f198c33ee249c8b746c036b9669bafcbb5
Al Wahat-005,الواحات,Al Wahat,سيدي فرج,18,124,0,124,16,0,19,19,34,124,19,143,0,0,10,نتائج-تعداد-العام-لسكان-مدينة-الواحات-لسنة-2006م.pdf,d5336dbaf7c43469b86dceb34d6284f198c33ee249c8b746c036b9669bafcbb5
Al Wahat-006,الواحات,Al Wahat,الزويتينة,644,4394,30,4424,67,12,218,230,711,4406,248,4654,0,0,10,نتائج-تعداد-العام-لسكان-مدينة-الواحات-لسنة-2006م.pdf,d5336dbaf7c43469b86dceb34d6284f198c33ee249c8b746c036b9669bafcbb5
Al Wahat-007,الواحات,Al Wahat,سلطان الجنوبي,397,2890,13,2903,25,5,90,95,422,2895,103,2998,0,0,10,نتائج-تعداد-العام-لسكان-مدينة-الواحات-لسنة-2006م.pdf,d5336dbaf7c43469b86dceb34d6284f198c33ee249c8b746c036b9669bafcbb5
Al Wahat-008,الواحات,Al Wahat,سلطان الشمالية,150,941,6,947,17,12,47,59,167,953,53,1006,0,0,10,نتائج-تعداد-العام-لسكان-مدينة-الواحات-لسنة-2006م.pdf,d5336dbaf7c43469b86dceb34d6284f198c33ee249c8b746c036b9669bafcbb5
Al Wahat-009,الواحات,Al Wahat,البريقة,319,2316,17,2333,128,15,361,376,447,2331,378,2709,0,0,10,نتائج-تعداد-العام-لسكان-مدينة-الواحات-لسنة-2006م.pdf,d5336dbaf7c43469b86dceb34d6284f198c33ee249c8b746c036b9669bafcbb5
Al Wahat-010,الواحات,Al Wahat,المرسى,3084,21401,175,21576,298,138,1127,1265,3382,21539,1302,22841,0,0,10,نتائج-تعداد-العام-لسكان-مدينة-الواحات-لسنة-2006م.pdf,d5336dbaf7c43469b86dceb34d6284f198c33ee249c8b746c036b9669bafcbb5
Al Wahat-011,الواحات,Al Wahat,بشر,404,3163,34,3197,46,6,186,192,450,3169,220,3389,0,0,10,نتائج-تعداد-العام-لسكان-مدينة-الواحات-لسنة-2006م.pdf,d5336dbaf7c43469b86dceb34d6284f198c33ee249c8b746c036b9669bafcbb5
Al Wahat-012,الواحات,Al Wahat,العقيلة,75,527,0,527,9,3,21,24,84,530,21,551,0,0,10,نتائج-تعداد-العام-لسكان-مدينة-الواحات-لسنة-2006م.pdf,d5336dbaf7c43469b86dceb34d6284f198c33ee249c8b746c036b9669bafcbb5
Al Wahat-013,الواحات,Al Wahat,مرادة,321,2469,24,2493,22,6,110,116,343,2475,134,2609,0,0,10,نتائج-تعداد-العام-لسكان-مدينة-الواحات-لسنة-2006م.pdf,d5336dbaf7c43469b86dceb34d6284f198c33ee249c8b746c036b9669bafcbb5
Al Wahat-014,الواحات,Al Wahat,السواني,512,3311,26,3337,270,19,681,700,782,3330,707,4037,0,0,10,نتائج-تعداد-العام-لسكان-مدينة-الواحات-لسنة-2006م.pdf,d5336dbaf7c43469b86dceb34d6284f198c33ee249c8b746c036b9669bafcbb5
Al Wahat-015,الواحات,Al Wahat,عبد الله بن السرح,620,3854,15,3869,141,27,288,315,761,3881,303,4184,0,0,10,نتائج-تعداد-العام-لسكان-مدينة-الواحات-لسنة-2006م.pdf,d5336dbaf7c43469b86dceb34d6284f198c33ee249c8b746c036b9669bafcbb5
Al Wahat-016,الواحات,Al Wahat,اجخرة,593,3716,23,3739,65,22,315,337,658,3738,338,4076,0,0,10,نتائج-تعداد-العام-لسكان-مدينة-الواحات-لسنة-2006م.pdf,d5336dbaf7c43469b86dceb34d6284f198c33ee249c8b746c036b9669bafcbb5
Al Wahat-017,الواحات,Al Wahat,الشرف,466,2909,21,2930,238,35,682,717,704,2944,703,3647,0,0,10,نتائج-تعداد-العام-لسكان-مدينة-الواحات-لسنة-2006م.pdf,d5336dbaf7c43469b86dceb34d6284f198c33ee249c8b746c036b9669bafcbb5
Al Wahat-018,الواحات,Al Wahat,العرق,836,4487,91,4578,457,53,1602,1655,1293,4540,1693,6233,0,0,10,نتائج-تعداد-العام-لسكان-مدينة-الواحات-لسنة-2006م.pdf,d5336dbaf7c43469b86dceb34d6284f198c33ee249c8b746c036b9669bafcbb5
Al Wahat-019,الواحات,Al Wahat,اللبة,689,3982,52,4034,306,36,636,672,995,4018,688,4706,0,0,10,نتائج-تعداد-العام-لسكان-مدينة-الواحات-لسنة-2006م.pdf,d5336dbaf7c43469b86dceb34d6284f198c33ee249c8b746c036b9669bafcbb5
Al Wahat-020,الواحات,Al Wahat,راشدة,536,3165,60,3225,295,13,570,583,831,3178,630,3808,0,0,10,نتائج-تعداد-العام-لسكان-مدينة-الواحات-لسنة-2006م.pdf,d5336dbaf7c43469b86dceb34d6284f198c33ee249c8b746c036b9669bafcbb5
Benghazi-001,بنغازي,Benghazi,الشابي,184,864,41,905,35,8,158,166,219,872,199,1071,0,0,10,نتائج-تعداد-العام-لسكان-مدينة-بنغازي-لسنة-2006م.pdf,9fa6935d521954c4742d81a2095801d256aa05dcb42739a144e90c17ff1bdd55
Benghazi-002,بنغازي,Benghazi,اغربيل,1619,7861,210,8071,289,92,1295,1387,1908,7953,1505,9458,0,0,10,نتائج-تعداد-العام-لسكان-مدينة-بنغازي-لسنة-2006م.pdf,9fa6935d521954c4742d81a2095801d256aa05dcb42739a144e90c17ff1bdd55
Benghazi-003,بنغازي,Benghazi,سيدي سالم,224,996,35,1031,46,11,147,158,270,1007,182,1189,0,0,10,نتائج-تعداد-العام-لسكان-مدينة-بنغازي-لسنة-2006م.pdf,9fa6935d521954c4742d81a2095801d256aa05dcb42739a144e90c17ff1bdd55
Benghazi-004,بنغازي,Benghazi,الدراوي,684,3318,72,3390,214,24,951,975,898,3342,1023,4365,0,0,10,نتائج-تعداد-العام-لسكان-مدينة-بنغازي-لسنة-2006م.pdf,9fa6935d521954c4742d81a2095801d256aa05dcb42739a144e90c17ff1bdd55
Benghazi-005,بنغازي,Benghazi,بالخير,43,194,4,198,11,7,31,38,54,201,35,236,0,0,10,نتائج-تعداد-العام-لسكان-مدينة-بنغازي-لسنة-2006م.pdf,9fa6935d521954c4742d81a2095801d256aa05dcb42739a144e90c17ff1bdd55
Benghazi-006,بنغازي,Benghazi,الوحيشي,397,1809,42,1851,96,18,366,384,493,1827,408,2235,0,0,10,نتائج-تعداد-العام-لسكان-مدينة-بنغازي-لسنة-2006م.pdf,9fa6935d521954c4742d81a2095801d256aa05dcb42739a144e90c17ff1bdd55
Benghazi-007,بنغازي,Benghazi,اخربيش,702,3580,143,3723,335,26,1482,1508,1037,3606,1625,5231,0,0,10,نتائج-تعداد-العام-لسكان-مدينة-بنغازي-لسنة-2006م.pdf,9fa6935d521954c4742d81a2095801d256aa05dcb42739a144e90c17ff1bdd55
Benghazi-008,بنغازي,Benghazi,بن عيسى,292,1392,27,1419,76,13,278,291,368,1405,305,1710,0,0,10,نتائج-تعداد-العام-لسكان-مدينة-بنغازي-لسنة-2006م.pdf,9fa6935d521954c4742d81a2095801d256aa05dcb42739a144e90c17ff1bdd55
Benghazi-009,بنغازي,Benghazi,الشريف,410,2106,57,2163,126,19,641,660,536,2125,698,2823,0,0,10,نتائج-تعداد-العام-لسكان-مدينة-بنغازي-لسنة-2006م.pdf,9fa6935d521954c4742d81a2095801d256aa05dcb42739a144e90c17ff1bdd55
Benghazi-010,بنغازي,Benghazi,الجزيرة,356,1845,44,1889,219,13,631,644,575,1858,675,2533,0,0,10,نتائج-تعداد-العام-لسكان-مدينة-بنغازي-لسنة-2006م.pdf,9fa6935d521954c4742d81a2095801d256aa05dcb42739a144e90c17ff1bdd55
Benghazi-011,بنغازي,Benghazi,سيدي حسين,3271,17346,391,17737,447,130,1887,2017,3718,17476,2278,19754,0,0,10,نتائج-تعداد-العام-لسكان-مدينة-بنغازي-لسنة-2006م.pdf,9fa6935d521954c4742d81a2095801d256aa05dcb42739a144e90c17ff1bdd55
Benghazi-012,بنغازي,Benghazi,السلماني الغربي,8982,50395,821,51216,838,297,3863,4160,9820,50692,4684,55376,0,0,10,نتائج-تعداد-العام-لسكان-مدينة-بنغازي-لسنة-2006م.pdf,9fa6935d521954c4742d81a2095801d256aa05dcb42739a144e90c17ff1bdd55
Benghazi-013,بنغازي,Benghazi,الصابري الشرقي,4127,22688,369,23057,275,100,1199,1299,4402,22788,1568,24356,0,0,10,نتائج-تعداد-العام-لسكان-مدينة-بنغازي-لسنة-2006م.pdf,9fa6935d521954c4742d81a2095801d256aa05dcb42739a144e90c17ff1bdd55
Benghazi-014,بنغازي,Benghazi,الصابري الغربي,3317,18087,388,18475,567,92,2448,2540,3884,18179,2836,21015,0,0,10,نتائج-تعداد-العام-لسكان-مدينة-بنغازي-لسنة-2006م.pdf,9fa6935d521954c4742d81a2095801d256aa05dcb42739a144e90c17ff1bdd55
Benghazi-015,بنغازي,Benghazi,داود البحرية,1047,5408,119,5527,194,61,835,896,1241,5469,954,6423,0,0,10,نتائج-تعداد-العام-لسكان-مدينة-بنغازي-لسنة-2006م.pdf,9fa6935d521954c4742d81a2095801d256aa05dcb42739a144e90c17ff1bdd55
Benghazi-016,بنغازي,Benghazi,خالد بن وليد,4613,24956,401,25357,396,123,1766,1889,5009,25079,2167,27246,0,0,10,نتائج-تعداد-العام-لسكان-مدينة-بنغازي-لسنة-2006م.pdf,9fa6935d521954c4742d81a2095801d256aa05dcb42739a144e90c17ff1bdd55
Benghazi-017,بنغازي,Benghazi,داودالغربي,8125,45046,544,45590,434,246,1456,1702,8559,45292,2000,47292,0,0,10,نتائج-تعداد-العام-لسكان-مدينة-بنغازي-لسنة-2006م.pdf,9fa6935d521954c4742d81a2095801d256aa05dcb42739a144e90c17ff1bdd55
Benghazi-018,بنغازي,Benghazi,الفويهات الغربية,2242,12021,126,12147,54,45,194,239,2296,12066,320,12386,0,0,10,نتائج-تعداد-العام-لسكان-مدينة-بنغازي-لسنة-2006م.pdf,9fa6935d521954c4742d81a2095801d256aa05dcb42739a144e90c17ff1bdd55
Benghazi-019,بنغازي,Benghazi,بنغازي الجديدة,14053,88884,1112,89996,469,298,1601,1899,14522,89182,2713,91895,0,0,10,نتائج-تعداد-العام-لسكان-مدينة-بنغازي-لسنة-2006م.pdf,9fa6935d521954c4742d81a2095801d256aa05dcb42739a144e90c17ff1bdd55
Benghazi-020,بنغازي,Benghazi,داود القبلي,6038,32232,524,32756,693,175,3100,3275,6731,32407,3624,36031,0,0,10,نتائج-تعداد-العام-لسكان-مدينة-بنغازي-لسنة-2006م.pdf,9fa6935d521954c4742d81a2095801d256aa05dcb42739a144e90c17ff1bdd55
Benghazi-021,بنغازي,Benghazi,الثورة الشعبية,8429,47471,488,47959,549,193,2107,2300,8978,47664,2595,50259,0,0,10,نتائج-تعداد-العام-لسكان-مدينة-بنغازي-لسنة-2006م.pdf,9fa6935d521954c4742d81a2095801d256aa05dcb42739a144e90c17ff1bdd55
Benghazi-022,بنغازي,Benghazi,المختار,15060,94168,1237,95405,796,366,3349,3715,15856,94534,4586,99120,0,0,10,نتائج-تعداد-العام-لسكان-مدينة-بنغازي-لسنة-2006م.pdf,9fa6935d521954c4742d81a2095801d256aa05dcb42739a144e90c17ff1bdd55
Benghazi-023,بنغازي,Benghazi,بنينة,1503,9299,97,9396,411,22,1342,1364,1914,9321,1439,10760,0,0,10,نتائج-تعداد-العام-لسكان-مدينة-بنغازي-لسنة-2006م.pdf,9fa6935d521954c4742d81a2095801d256aa05dcb42739a144e90c17ff1bdd55
Benghazi-024,بنغازي,Benghazi,بو عطني,4862,29899,531,30430,949,208,3615,3823,5811,30107,4146,34253,0,0,10,نتائج-تعداد-العام-لسكان-مدينة-بنغازي-لسنة-2006م.pdf,9fa6935d521954c4742d81a2095801d256aa05dcb42739a144e90c17ff1bdd55
Benghazi-025,بنغازي,Benghazi,القوارشة,1289,7566,162,7728,283,46,956,1002,1572,7612,1118,8730,0,0,10,نتائج-تعداد-العام-لسكان-مدينة-بنغازي-لسنة-2006م.pdf,9fa6935d521954c4742d81a2095801d256aa05dcb42739a144e90c17ff1bdd55
Benghazi-026,بنغازي,Benghazi,قاريونس,2326,13109,125,13234,231,39,625,664,2557,13148,750,13898,0,0,10,نتائج-تعداد-العام-لسكان-مدينة-بنغازي-لسنة-2006م.pdf,9fa6935d521954c4742d81a2095801d256aa05dcb42739a144e90c17ff1bdd55
Benghazi-027,بنغازي,Benghazi,الفعكات,476,2975,36,3011,25,15,132,147,501,2990,168,3158,0,0,11,نتائج-تعداد-العام-لسكان-مدينة-بنغازي-لسنة-2006م.pdf,9fa6935d521954c4742d81a2095801d256aa05dcb42739a144e90c17ff1bdd55
Benghazi-028,بنغازي,Benghazi,قنفودة,527,3039,69,3108,198,21,496,517,725,3060,565,3625,0,0,11,نتائج-تعداد-العام-لسكان-مدينة-بنغازي-لسنة-2006م.pdf,9fa6935d521954c4742d81a2095801d256aa05dcb42739a144e90c17ff1bdd55
Benghazi-029,بنغازي,Benghazi,تيكة,290,1598,10,1608,36,1,62,63,326,1599,72,1671,0,0,11,نتائج-تعداد-العام-لسكان-مدينة-بنغازي-لسنة-2006م.pdf,9fa6935d521954c4742d81a2095801d256aa05dcb42739a144e90c17ff1bdd55
Benghazi-030,بنغازي,Benghazi,بو فاخرة,372,2515,34,2549,25,16,72,88,397,2531,106,2637,0,0,11,نتائج-تعداد-العام-لسكان-مدينة-بنغازي-لسنة-2006م.pdf,9fa6935d521954c4742d81a2095801d256aa05dcb42739a144e90c17ff1bdd55
Benghazi-031,بنغازي,Benghazi,التربة,136,888,19,907,35,0,86,86,171,888,105,993,0,0,11,نتائج-تعداد-العام-لسكان-مدينة-بنغازي-لسنة-2006م.pdf,9fa6935d521954c4742d81a2095801d256aa05dcb42739a144e90c17ff1bdd55
Benghazi-032,بنغازي,Benghazi,الكويفية,1516,9281,127,9408,266,46,1212,1258,1782,9327,1339,10666,0,0,11,نتائج-تعداد-العام-لسكان-مدينة-بنغازي-لسنة-2006م.pdf,9fa6935d521954c4742d81a2095801d256aa05dcb42739a144e90c17ff1bdd55
Benghazi-033,بنغازي,Benghazi,بو دزيرة,988,5639,52,5691,572,27,1254,1281,1560,5666,1306,6972,0,0,11,نتائج-تعداد-العام-لسكان-مدينة-بنغازي-لسنة-2006م.pdf,9fa6935d521954c4742d81a2095801d256aa05dcb42739a144e90c17ff1bdd55
Benghazi-034,بنغازي,Benghazi,سيدي خليفة,996,6469,113,6582,255,39,796,835,1251,6508,909,7417,0,0,11,نتائج-تعداد-العام-لسكان-مدينة-بنغازي-لسنة-2006م.pdf,9fa6935d521954c4742d81a2095801d256aa05dcb42739a144e90c17ff1bdd55
Benghazi-035,بنغازي,Benghazi,دار العربيات,457,2774,30,2804,129,2,328,330,586,2776,358,3134,0,0,11,نتائج-تعداد-العام-لسكان-مدينة-بنغازي-لسنة-2006م.pdf,9fa6935d521954c4742d81a2095801d256aa05dcb42739a144e90c17ff1bdd55
Benghazi-036,بنغازي,Benghazi,النواقية,680,3304,18,3322,639,57,801,858,1319,3361,819,4180,0,0,11,نتائج-تعداد-العام-لسكان-مدينة-بنغازي-لسنة-2006م.pdf,9fa6935d521954c4742d81a2095801d256aa05dcb42739a144e90c17ff1bdd55
Benghazi-037,بنغازي,Benghazi,قمينس الشرقية,690,4483,53,4536,102,6,309,315,792,4489,362,4851,0,0,11,نتائج-تعداد-العام-لسكان-مدينة-بنغازي-لسنة-2006م.pdf,9fa6935d521954c4742d81a2095801d256aa05dcb42739a144e90c17ff1bdd55
Benghazi-038,بنغازي,Benghazi,قمينس الغربية,300,2161,7,2168,16,6,67,73,316,2167,74,2241,0,0,11,نتائج-تعداد-العام-لسكان-مدينة-بنغازي-لسنة-2006م.pdf,9fa6935d521954c4742d81a2095801d256aa05dcb42739a144e90c17ff1bdd55
Benghazi-039,بنغازي,Benghazi,الحرز,662,4551,55,4606,94,14,283,297,756,4565,338,4903,0,0,11,نتائج-تعداد-العام-لسكان-مدينة-بنغازي-لسنة-2006م.pdf,9fa6935d521954c4742d81a2095801d256aa05dcb42739a144e90c17ff1bdd55
Benghazi-040,بنغازي,Benghazi,المقرون,423,2925,20,2945,57,9,260,269,480,2934,280,3214,0,0,11,نتائج-تعداد-العام-لسكان-مدينة-بنغازي-لسنة-2006م.pdf,9fa6935d521954c4742d81a2095801d256aa05dcb42739a144e90c17ff1bdd55
Benghazi-041,بنغازي,Benghazi,كركورة,134,808,1,809,12,0,40,40,146,808,41,849,0,0,11,نتائج-تعداد-العام-لسكان-مدينة-بنغازي-لسنة-2006م.pdf,9fa6935d521954c4742d81a2095801d256aa05dcb42739a144e90c17ff1bdd55
Benghazi-042,بنغازي,Benghazi,شط البدين,226,1520,11,1531,19,0,53,53,245,1520,64,1584,0,0,11,نتائج-تعداد-العام-لسكان-مدينة-بنغازي-لسنة-2006م.pdf,9fa6935d521954c4742d81a2095801d256aa05dcb42739a144e90c17ff1bdd55
Benghazi-043,بنغازي,Benghazi,الرقطة,96,664,4,668,6,6,28,34,102,670,32,702,0,0,11,نتائج-تعداد-العام-لسكان-مدينة-بنغازي-لسنة-2006م.pdf,9fa6935d521954c4742d81a2095801d256aa05dcb42739a144e90c17ff1bdd55
Benghazi-044,بنغازي,Benghazi,سلوق الشرقية,449,2759,33,2792,99,35,315,350,548,2794,348,3142,0,0,11,نتائج-تعداد-العام-لسكان-مدينة-بنغازي-لسنة-2006م.pdf,9fa6935d521954c4742d81a2095801d256aa05dcb42739a144e90c17ff1bdd55
Benghazi-045,بنغازي,Benghazi,سلوق\الغربية,940,6026,40,6066,95,17,431,448,1035,6043,471,6514,0,0,11,نتائج-تعداد-العام-لسكان-مدينة-بنغازي-لسنة-2006م.pdf,9fa6935d521954c4742d81a2095801d256aa05dcb42739a144e90c17ff1bdd55
Benghazi-046,بنغازي,Benghazi,عمر المختار,967,6302,47,6349,55,21,233,254,1022,6323,280,6603,0,0,11,نتائج-تعداد-العام-لسكان-مدينة-بنغازي-لسنة-2006م.pdf,9fa6935d521954c4742d81a2095801d256aa05dcb42739a144e90c17ff1bdd55
Benghazi-047,بنغازي,Benghazi,الطيلمون,74,586,6,592,2,1,16,17,76,587,22,609,0,0,11,نتائج-تعداد-العام-لسكان-مدينة-بنغازي-لسنة-2006م.pdf,9fa6935d521954c4742d81a2095801d256aa05dcb42739a144e90c17ff1bdd55
Benghazi-048,بنغازي,Benghazi,مسوس,188,1193,22,1215,13,2,51,53,201,1195,73,1268,0,0,11,نتائج-تعداد-العام-لسكان-مدينة-بنغازي-لسنة-2006م.pdf,9fa6935d521954c4742d81a2095801d256aa05dcb42739a144e90c17ff1bdd55
Benghazi-049,بنغازي,Benghazi,الخضراء الشرقية,295,1819,18,1837,48,2,175,177,343,1821,193,2014,0,0,11,نتائج-تعداد-العام-لسكان-مدينة-بنغازي-لسنة-2006م.pdf,9fa6935d521954c4742d81a2095801d256aa05dcb42739a144e90c17ff1bdd55
Benghazi-050,بنغازي,Benghazi,الخضراء الغربية,351,2300,22,2322,7,14,23,37,358,2314,45,2359,0,0,11,نتائج-تعداد-العام-لسكان-مدينة-بنغازي-لسنة-2006م.pdf,9fa6935d521954c4742d81a2095801d256aa05dcb42739a144e90c17ff1bdd55
Derna-001,درنة,Derna,ابو منصور,6498,35605,566,36171,327,306,1228,1534,6825,35911,1794,37705,0,0,10,نتائج-تعداد-العام-لسكان-مدينة-درنة-لسنة-2006م.pdf,76178c5c9932bc74b65f919feedd035f8deeb842f7b008a8cbb1022b0855f057
Derna-002,درنة,Derna,البلاد,372,1924,64,1988,78,19,373,392,450,1943,437,2380,0,0,10,نتائج-تعداد-العام-لسكان-مدينة-درنة-لسنة-2006م.pdf,76178c5c9932bc74b65f919feedd035f8deeb842f7b008a8cbb1022b0855f057
Derna-003,درنة,Derna,الجبيلة,3213,16072,265,16337,251,155,950,1105,3464,16227,1215,17442,0,0,10,نتائج-تعداد-العام-لسكان-مدينة-درنة-لسنة-2006م.pdf,76178c5c9932bc74b65f919feedd035f8deeb842f7b008a8cbb1022b0855f057
Derna-004,درنة,Derna,المغار,4499,25079,333,25412,166,202,594,796,4665,25281,927,26208,0,0,10,نتائج-تعداد-العام-لسكان-مدينة-درنة-لسنة-2006م.pdf,76178c5c9932bc74b65f919feedd035f8deeb842f7b008a8cbb1022b0855f057
Derna-005,درنة,Derna,كرسة,386,2120,47,2167,4,7,22,29,390,2127,69,2196,0,0,10,نتائج-تعداد-العام-لسكان-مدينة-درنة-لسنة-2006م.pdf,76178c5c9932bc74b65f919feedd035f8deeb842f7b008a8cbb1022b0855f057
Derna-006,درنة,Derna,راس الهلال,234,1355,12,1367,5,0,9,9,239,1355,21,1376,0,0,10,نتائج-تعداد-العام-لسكان-مدينة-درنة-لسنة-2006م.pdf,76178c5c9932bc74b65f919feedd035f8deeb842f7b008a8cbb1022b0855f057
Derna-007,درنة,Derna,الاترون,139,821,17,838,7,2,20,22,146,823,37,860,0,0,10,نتائج-تعداد-العام-لسكان-مدينة-درنة-لسنة-2006م.pdf,76178c5c9932bc74b65f919feedd035f8deeb842f7b008a8cbb1022b0855f057
Derna-008,درنة,Derna,ابو الفرائس,34,277,6,283,2,1,6,7,36,278,12,290,0,0,10,نتائج-تعداد-العام-لسكان-مدينة-درنة-لسنة-2006م.pdf,76178c5c9932bc74b65f919feedd035f8deeb842f7b008a8cbb1022b0855f057
Derna-009,درنة,Derna,التميمي,574,4028,44,4072,55,6,289,295,629,4034,333,4367,0,0,10,نتائج-تعداد-العام-لسكان-مدينة-درنة-لسنة-2006م.pdf,76178c5c9932bc74b65f919feedd035f8deeb842f7b008a8cbb1022b0855f057
Derna-010,درنة,Derna,البمبة,471,3323,24,3347,10,14,26,40,481,3337,50,3387,0,0,10,نتائج-تعداد-العام-لسكان-مدينة-درنة-لسنة-2006م.pdf,76178c5c9932bc74b65f919feedd035f8deeb842f7b008a8cbb1022b0855f057
Derna-011,درنة,Derna,ام الرزم,1066,6762,110,6872,53,28,236,264,1119,6790,346,7136,0,0,10,نتائج-تعداد-العام-لسكان-مدينة-درنة-لسنة-2006م.pdf,76178c5c9932bc74b65f919feedd035f8deeb842f7b008a8cbb1022b0855f057
Derna-012,درنة,Derna,ام حفين,213,1421,14,1435,9,10,33,43,222,1431,47,1478,0,0,10,نتائج-تعداد-العام-لسكان-مدينة-درنة-لسنة-2006م.pdf,76178c5c9932bc74b65f919feedd035f8deeb842f7b008a8cbb1022b0855f057
Derna-013,درنة,Derna,مرتوبة,1112,7399,51,7450,33,22,166,188,1145,7421,217,7638,0,0,10,نتائج-تعداد-العام-لسكان-مدينة-درنة-لسنة-2006م.pdf,76178c5c9932bc74b65f919feedd035f8deeb842f7b008a8cbb1022b0855f057
Derna-014,درنة,Derna,سرسرة,258,1726,5,1731,9,7,31,38,267,1733,36,1769,0,0,10,نتائج-تعداد-العام-لسكان-مدينة-درنة-لسنة-2006م.pdf,76178c5c9932bc74b65f919feedd035f8deeb842f7b008a8cbb1022b0855f057
Derna-015,درنة,Derna,عين مارة,592,3885,18,3903,13,6,45,51,605,3891,63,3954,0,0,10,نتائج-تعداد-العام-لسكان-مدينة-درنة-لسنة-2006م.pdf,76178c5c9932bc74b65f919feedd035f8deeb842f7b008a8cbb1022b0855f057
Derna-016,درنة,Derna,بيت تامر,251,1890,15,1905,17,9,35,44,268,1899,50,1949,0,0,10,نتائج-تعداد-العام-لسكان-مدينة-درنة-لسنة-2006م.pdf,76178c5c9932bc74b65f919feedd035f8deeb842f7b008a8cbb1022b0855f057
Derna-017,درنة,Derna,الدبوسية,114,949,7,956,1,0,2,2,115,949,9,958,0,0,10,نتائج-تعداد-العام-لسكان-مدينة-درنة-لسنة-2006م.pdf,76178c5c9932bc74b65f919feedd035f8deeb842f7b008a8cbb1022b0855f057
Derna-018,درنة,Derna,القبة الشمالية,844,6182,39,6221,40,12,199,211,884,6194,238,6432,0,0,10,نتائج-تعداد-العام-لسكان-مدينة-درنة-لسنة-2006م.pdf,76178c5c9932bc74b65f919feedd035f8deeb842f7b008a8cbb1022b0855f057
Derna-019,درنة,Derna,القبة الجنوبية,1636,12311,68,12379,86,27,353,380,1722,12338,421,12759,0,0,10,نتائج-تعداد-العام-لسكان-مدينة-درنة-لسنة-2006م.pdf,76178c5c9932bc74b65f919feedd035f8deeb842f7b008a8cbb1022b0855f057
Derna-020,درنة,Derna,لملودة,362,2456,6,2462,21,2,85,87,383,2458,91,2549,0,0,10,نتائج-تعداد-العام-لسكان-مدينة-درنة-لسنة-2006م.pdf,76178c5c9932bc74b65f919feedd035f8deeb842f7b008a8cbb1022b0855f057
Derna-021,درنة,Derna,الابرق الشمالي,915,6504,31,6535,41,20,201,221,956,6524,232,6756,0,0,10,نتائج-تعداد-العام-لسكان-مدينة-درنة-لسنة-2006م.pdf,76178c5c9932bc74b65f919feedd035f8deeb842f7b008a8cbb1022b0855f057
Derna-022,درنة,Derna,الابرق الجنوبي,287,1752,33,1785,74,9,236,245,361,1761,269,2030,0,0,10,نتائج-تعداد-العام-لسكان-مدينة-درنة-لسنة-2006م.pdf,76178c5c9932bc74b65f919feedd035f8deeb842f7b008a8cbb1022b0855f057
Derna-023,درنة,Derna,القيقب الشمالي,529,3709,26,3735,39,6,125,131,568,3715,151,3866,0,0,10,نتائج-تعداد-العام-لسكان-مدينة-درنة-لسنة-2006م.pdf,76178c5c9932bc74b65f919feedd035f8deeb842f7b008a8cbb1022b0855f057
Derna-024,درنة,Derna,القيقب الجنوبي,428,3111,25,3136,32,25,89,114,460,3136,114,3250,0,0,10,نتائج-تعداد-العام-لسكان-مدينة-درنة-لسنة-2006م.pdf,76178c5c9932bc74b65f919feedd035f8deeb842f7b008a8cbb1022b0855f057
Derna-025,درنة,Derna,خولان,59,496,0,496,1,0,5,5,60,496,5,501,0,0,10,نتائج-تعداد-العام-لسكان-مدينة-درنة-لسنة-2006م.pdf,76178c5c9932bc74b65f919feedd035f8deeb842f7b008a8cbb1022b0855f057
Derna-026,درنة,Derna,العزيات,251,1797,8,1805,22,4,48,52,273,1801,56,1857,0,0,10,نتائج-تعداد-العام-لسكان-مدينة-درنة-لسنة-2006م.pdf,76178c5c9932bc74b65f919feedd035f8deeb842f7b008a8cbb1022b0855f057
Derna-027,درنة,Derna,المخيلي,234,1535,28,1563,34,14,187,201,268,1549,215,1764,0,0,10,نتائج-تعداد-العام-لسكان-مدينة-درنة-لسنة-2006م.pdf,76178c5c9932bc74b65f919feedd035f8deeb842f7b008a8cbb1022b0855f057
Sabha-001,سبها,Sabha,المنشية,3369,19538,281,19819,677,144,2037,2181,4046,19682,2318,22000,0,0,1,نتائج-تعداد-العام-لسكان-مدينة-سبها-لسنة-2006م.pdf,accadd7b9f323ed14415a63f2b541af7a0bd6d390057ef0d809eb76e7bbc90d3
Sabha-002,سبها,Sabha,القرضة,3750,22686,328,23014,581,152,2013,2165,4331,22838,2341,25179,0,0,1,نتائج-تعداد-العام-لسكان-مدينة-سبها-لسنة-2006م.pdf,accadd7b9f323ed14415a63f2b541af7a0bd6d390057ef0d809eb76e7bbc90d3
Sabha-003,سبها,Sabha,الجديدة,3696,22204,259,22463,639,339,2427,2766,4335,22543,2686,25229,0,0,1,نتائج-تعداد-العام-لسكان-مدينة-سبها-لسنة-2006م.pdf,accadd7b9f323ed14415a63f2b541af7a0bd6d390057ef0d809eb76e7bbc90d3
Sabha-004,سبها,Sabha,سكرة,2026,12107,172,12279,502,167,2045,2212,2528,12274,2217,14491,0,0,1,نتائج-تعداد-العام-لسكان-مدينة-سبها-لسنة-2006م.pdf,accadd7b9f323ed14415a63f2b541af7a0bd6d390057ef0d809eb76e7bbc90d3
Sabha-005,سبها,Sabha,المهدية,2528,15293,205,15498,409,115,1522,1637,2937,15408,1727,17135,0,0,1,نتائج-تعداد-العام-لسكان-مدينة-سبها-لسنة-2006م.pdf,accadd7b9f323ed14415a63f2b541af7a0bd6d390057ef0d809eb76e7bbc90d3
Sabha-006,سبها,Sabha,القاهرة,2712,15818,139,15957,922,165,1739,1904,3634,15983,1878,17861,0,0,1,نتائج-تعداد-العام-لسكان-مدينة-سبها-لسنة-2006م.pdf,accadd7b9f323ed14415a63f2b541af7a0bd6d390057ef0d809eb76e7bbc90d3
Sabha-007,سبها,Sabha,غدوة,402,2716,24,2740,45,11,178,189,447,2727,202,2929,0,0,1,نتائج-تعداد-العام-لسكان-مدينة-سبها-لسنة-2006م.pdf,accadd7b9f323ed14415a63f2b541af7a0bd6d390057ef0d809eb76e7bbc90d3
Sabha-008,سبها,Sabha,تمنهنت,380,2246,32,2278,42,17,162,179,422,2263,194,2457,0,0,1,نتائج-تعداد-العام-لسكان-مدينة-سبها-لسنة-2006م.pdf,accadd7b9f323ed14415a63f2b541af7a0bd6d390057ef0d809eb76e7bbc90d3
Sabha-009,سبها,Sabha,سمنو,590,3196,38,3234,248,16,417,433,838,3212,455,3667,0,0,1,نتائج-تعداد-العام-لسكان-مدينة-سبها-لسنة-2006م.pdf,accadd7b9f323ed14415a63f2b541af7a0bd6d390057ef0d809eb76e7bbc90d3
Sabha-010,سبها,Sabha,الزيغن,324,2104,7,2111,81,4,143,147,405,2108,150,2258,0,0,1,نتائج-تعداد-العام-لسكان-مدينة-سبها-لسنة-2006م.pdf,accadd7b9f323ed14415a63f2b541af7a0bd6d390057ef0d809eb76e7bbc90d3
Sirte-001,سرت,Sirte,ابو زاهية,726,6185,26,6211,146,22,411,433,872,6207,437,6644,0,0,10,نتائج-تعداد-العام-لسكان-مدينة-سرت-لسنة-2006م.pdf,74a28f90d1fc0624684e8e799b8af5dde515edf83048a7df47b898180775e2ed
Sirte-002,سرت,Sirte,القرضابية,1041,9175,93,9268,175,77,830,907,1216,9252,923,10175,0,0,10,نتائج-تعداد-العام-لسكان-مدينة-سرت-لسنة-2006م.pdf,74a28f90d1fc0624684e8e799b8af5dde515edf83048a7df47b898180775e2ed
Sirte-003,سرت,Sirte,المنارة,1602,11810,93,11903,174,112,750,862,1776,11922,843,12765,0,0,10,نتائج-تعداد-العام-لسكان-مدينة-سرت-لسنة-2006م.pdf,74a28f90d1fc0624684e8e799b8af5dde515edf83048a7df47b898180775e2ed
Sirte-004,سرت,Sirte,الزعفران,1717,12827,148,12975,486,116,1820,1936,2203,12943,1968,14911,0,0,10,نتائج-تعداد-العام-لسكان-مدينة-سرت-لسنة-2006م.pdf,74a28f90d1fc0624684e8e799b8af5dde515edf83048a7df47b898180775e2ed
Sirte-005,سرت,Sirte,الجزيرة,3020,21660,173,21833,574,136,1830,1966,3594,21796,2003,23799,0,0,10,نتائج-تعداد-العام-لسكان-مدينة-سرت-لسنة-2006م.pdf,74a28f90d1fc0624684e8e799b8af5dde515edf83048a7df47b898180775e2ed
Sirte-006,سرت,Sirte,الغربيات,479,3708,7,3715,31,6,94,100,510,3714,101,3815,0,0,10,نتائج-تعداد-العام-لسكان-مدينة-سرت-لسنة-2006م.pdf,74a28f90d1fc0624684e8e799b8af5dde515edf83048a7df47b898180775e2ed
Sirte-007,سرت,Sirte,تلال,1114,8851,24,8875,25,13,116,129,1139,8864,140,9004,0,0,10,نتائج-تعداد-العام-لسكان-مدينة-سرت-لسنة-2006م.pdf,74a28f90d1fc0624684e8e799b8af5dde515edf83048a7df47b898180775e2ed
Sirte-008,سرت,Sirte,الحنيوة,420,4068,24,4092,39,10,143,153,459,4078,167,4245,0,0,10,نتائج-تعداد-العام-لسكان-مدينة-سرت-لسنة-2006م.pdf,74a28f90d1fc0624684e8e799b8af5dde515edf83048a7df47b898180775e2ed
Sirte-009,سرت,Sirte,قضوار,289,2662,3,2665,10,5,38,43,299,2667,41,2708,0,0,10,نتائج-تعداد-العام-لسكان-مدينة-سرت-لسنة-2006م.pdf,74a28f90d1fc0624684e8e799b8af5dde515edf83048a7df47b898180775e2ed
Sirte-010,سرت,Sirte,السد,228,1805,10,1815,50,16,176,192,278,1821,186,2007,0,0,10,نتائج-تعداد-العام-لسكان-مدينة-سرت-لسنة-2006م.pdf,74a28f90d1fc0624684e8e799b8af5dde515edf83048a7df47b898180775e2ed
Sirte-011,سرت,Sirte,القبيبة,424,2697,14,2711,85,8,157,165,509,2705,171,2876,0,0,10,نتائج-تعداد-العام-لسكان-مدينة-سرت-لسنة-2006م.pdf,74a28f90d1fc0624684e8e799b8af5dde515edf83048a7df47b898180775e2ed
Sirte-012,سرت,Sirte,ناصر,1388,8765,60,8825,236,49,930,979,1624,8814,990,9804,0,0,10,نتائج-تعداد-العام-لسكان-مدينة-سرت-لسنة-2006م.pdf,74a28f90d1fc0624684e8e799b8af5dde515edf83048a7df47b898180775e2ed
Sirte-013,سرت,Sirte,السدرة,1814,12457,55,12512,33,58,90,148,1847,12515,145,12660,0,0,10,نتائج-تعداد-العام-لسكان-مدينة-سرت-لسنة-2006م.pdf,74a28f90d1fc0624684e8e799b8af5dde515edf83048a7df47b898180775e2ed
Sirte-014,سرت,Sirte,النوفلية,297,1928,6,1934,8,3,57,60,305,1931,63,1994,0,0,10,نتائج-تعداد-العام-لسكان-مدينة-سرت-لسنة-2006م.pdf,74a28f90d1fc0624684e8e799b8af5dde515edf83048a7df47b898180775e2ed
Sirte-015,سرت,Sirte,الجرم,286,2114,11,2125,14,15,21,36,300,2129,32,2161,0,0,10,نتائج-تعداد-العام-لسكان-مدينة-سرت-لسنة-2006م.pdf,74a28f90d1fc0624684e8e799b8af5dde515edf83048a7df47b898180775e2ed
Sirte-016,سرت,Sirte,الوادي الاحمر,250,1731,8,1739,31,10,74,84,281,1741,82,1823,0,0,10,نتائج-تعداد-العام-لسكان-مدينة-سرت-لسنة-2006م.pdf,74a28f90d1fc0624684e8e799b8af5dde515edf83048a7df47b898180775e2ed
Sirte-017,سرت,Sirte,هراوة,497,3676,34,3710,99,27,375,402,596,3703,409,4112,0,0,10,نتائج-تعداد-العام-لسكان-مدينة-سرت-لسنة-2006م.pdf,74a28f90d1fc0624684e8e799b8af5dde515edf83048a7df47b898180775e2ed
Sirte-018,سرت,Sirte,العامرة,112,813,13,826,3,0,10,10,115,813,23,836,0,0,10,نتائج-تعداد-العام-لسكان-مدينة-سرت-لسنة-2006م.pdf,74a28f90d1fc0624684e8e799b8af5dde515edf83048a7df47b898180775e2ed
Sirte-019,سرت,Sirte,الوشكة,287,2498,6,2504,51,18,117,135,338,2516,123,2639,0,0,10,نتائج-تعداد-العام-لسكان-مدينة-سرت-لسنة-2006م.pdf,74a28f90d1fc0624684e8e799b8af5dde515edf83048a7df47b898180775e2ed
Sirte-020,سرت,Sirte,الهيشة الجديدة,425,3395,23,3418,36,5,153,158,461,3400,176,3576,0,0,10,نتائج-تعداد-العام-لسكان-مدينة-سرت-لسنة-2006م.pdf,74a28f90d1fc0624684e8e799b8af5dde515edf83048a7df47b898180775e2ed
Sirte-021,سرت,Sirte,عبادلة الهيشة,28,171,8,179,62,7,135,142,90,178,143,321,0,0,10,نتائج-تعداد-العام-لسكان-مدينة-سرت-لسنة-2006م.pdf,74a28f90d1fc0624684e8e799b8af5dde515edf83048a7df47b898180775e2ed
Sirte-022,سرت,Sirte,القداحية,373,3188,23,3211,126,16,300,316,499,3204,323,3527,0,0,10,نتائج-تعداد-العام-لسكان-مدينة-سرت-لسنة-2006م.pdf,74a28f90d1fc0624684e8e799b8af5dde515edf83048a7df47b898180775e2ed
Sirte-023,سرت,Sirte,زمزم,348,3094,12,3106,103,5,180,185,451,3099,192,3291,0,0,10,نتائج-تعداد-العام-لسكان-مدينة-سرت-لسنة-2006م.pdf,74a28f90d1fc0624684e8e799b8af5dde515edf83048a7df47b898180775e2ed
Sirte-024,سرت,Sirte,ابو نجيم,279,1770,7,1777,11,4,21,25,290,1774,28,1802,0,0,10,نتائج-تعداد-العام-لسكان-مدينة-سرت-لسنة-2006م.pdf,74a28f90d1fc0624684e8e799b8af5dde515edf83048a7df47b898180775e2ed
Butnan-001,البطنان,Butnan,عين الغزالة,81,604,7,611,3,0,16,16,84,604,23,627,0,0,10,نتائج-تعداد-العام-لسكان-مدينة-طبرق-لسنة-2006م.pdf,265462ebe09e53bd0aba355013006d0ec4544f54cf18de71a04286b2fffdf8fb
Butnan-002,البطنان,Butnan,القرضبة,309,2428,3,2431,20,4,50,54,329,2432,53,2485,0,0,10,نتائج-تعداد-العام-لسكان-مدينة-طبرق-لسنة-2006م.pdf,265462ebe09e53bd0aba355013006d0ec4544f54cf18de71a04286b2fffdf8fb
Butnan-003,البطنان,Butnan,المرصص,163,1481,15,1496,27,18,51,69,190,1499,66,1565,0,0,10,نتائج-تعداد-العام-لسكان-مدينة-طبرق-لسنة-2006م.pdf,265462ebe09e53bd0aba355013006d0ec4544f54cf18de71a04286b2fffdf8fb
Butnan-004,البطنان,Butnan,المدينة,3831,26438,560,26998,333,364,1229,1593,4164,26802,1789,28591,0,0,10,نتائج-تعداد-العام-لسكان-مدينة-طبرق-لسنة-2006م.pdf,265462ebe09e53bd0aba355013006d0ec4544f54cf18de71a04286b2fffdf8fb
Butnan-005,البطنان,Butnan,شاهر روحة,6300,44462,276,44738,611,130,2373,2503,6911,44592,2649,47241,0,0,10,نتائج-تعداد-العام-لسكان-مدينة-طبرق-لسنة-2006م.pdf,265462ebe09e53bd0aba355013006d0ec4544f54cf18de71a04286b2fffdf8fb
Butnan-006,البطنان,Butnan,سوق العجاج,4130,31155,175,31330,371,60,1067,1127,4501,31215,1242,32457,0,0,10,نتائج-تعداد-العام-لسكان-مدينة-طبرق-لسنة-2006م.pdf,265462ebe09e53bd0aba355013006d0ec4544f54cf18de71a04286b2fffdf8fb
Butnan-007,البطنان,Butnan,عمر المختار,918,7020,108,7128,14,20,66,86,932,7040,174,7214,0,0,10,نتائج-تعداد-العام-لسكان-مدينة-طبرق-لسنة-2006م.pdf,265462ebe09e53bd0aba355013006d0ec4544f54cf18de71a04286b2fffdf8fb
Butnan-008,البطنان,Butnan,القعرة,465,4006,43,4049,12,2,14,16,477,4008,57,4065,0,0,10,نتائج-تعداد-العام-لسكان-مدينة-طبرق-لسنة-2006م.pdf,265462ebe09e53bd0aba355013006d0ec4544f54cf18de71a04286b2fffdf8fb
Butnan-009,البطنان,Butnan,الجغبوب,465,2586,7,2593,35,9,146,155,500,2595,153,2748,0,0,10,نتائج-تعداد-العام-لسكان-مدينة-طبرق-لسنة-2006م.pdf,265462ebe09e53bd0aba355013006d0ec4544f54cf18de71a04286b2fffdf8fb
Butnan-010,البطنان,Butnan,امساعد,1013,6535,131,6666,118,36,330,366,1131,6571,461,7032,0,0,10,نتائج-تعداد-العام-لسكان-مدينة-طبرق-لسنة-2006م.pdf,265462ebe09e53bd0aba355013006d0ec4544f54cf18de71a04286b2fffdf8fb
Butnan-011,البطنان,Butnan,البردي,717,4633,17,4650,24,10,56,66,741,4643,73,4716,0,0,10,نتائج-تعداد-العام-لسكان-مدينة-طبرق-لسنة-2006م.pdf,265462ebe09e53bd0aba355013006d0ec4544f54cf18de71a04286b2fffdf8fb
Butnan-012,البطنان,Butnan,كمبوت الشمالية,279,1793,2,1795,77,8,103,111,356,1801,105,1906,0,0,10,نتائج-تعداد-العام-لسكان-مدينة-طبرق-لسنة-2006م.pdf,265462ebe09e53bd0aba355013006d0ec4544f54cf18de71a04286b2fffdf8fb
Butnan-013,البطنان,Butnan,كمبوت الجنوبية,531,3734,1,3735,17,0,51,51,548,3734,52,3786,0,0,10,نتائج-تعداد-العام-لسكان-مدينة-طبرق-لسنة-2006م.pdf,265462ebe09e53bd0aba355013006d0ec4544f54cf18de71a04286b2fffdf8fb
Butnan-014,البطنان,Butnan,بئر الاشهب,480,3384,48,3432,62,26,172,198,542,3410,220,3630,0,0,10,نتائج-تعداد-العام-لسكان-مدينة-طبرق-لسنة-2006م.pdf,265462ebe09e53bd0aba355013006d0ec4544f54cf18de71a04286b2fffdf8fb
Butnan-015,البطنان,Butnan,جنزور,369,2993,6,2999,19,1,41,42,388,2994,47,3041,0,0,10,نتائج-تعداد-العام-لسكان-مدينة-طبرق-لسنة-2006م.pdf,265462ebe09e53bd0aba355013006d0ec4544f54cf18de71a04286b2fffdf8fb
Butnan-016,البطنان,Butnan,قصر الجدي,550,4286,42,4328,41,19,116,135,591,4305,158,4463,0,0,10,نتائج-تعداد-العام-لسكان-مدينة-طبرق-لسنة-2006م.pdf,265462ebe09e53bd0aba355013006d0ec4544f54cf18de71a04286b2fffdf8fb
Butnan-017,البطنان,Butnan,ام ركبة,306,2092,36,2128,22,16,36,52,328,2108,72,2180,0,0,10,نتائج-تعداد-العام-لسكان-مدينة-طبرق-لسنة-2006م.pdf,265462ebe09e53bd0aba355013006d0ec4544f54cf18de71a04286b2fffdf8fb
Tripoli-001,طرابلس,Tripoli,الظهرة,1974,10046,168,10214,142,92,453,545,2116,10138,621,10759,0,0,10,نتائج-التعداد-العام-لسكان-مدينة-طرابلس-لسنة-2006.pdf,0d7109914d2ea154055014f2e1e513869a19de7ea1c9035c4aabf7989b1c24e2
Tripoli-002,طرابلس,Tripoli,المدينة القديمة,2507,12685,392,13077,236,190,742,932,2743,12875,1134,14009,0,0,10,نتائج-التعداد-العام-لسكان-مدينة-طرابلس-لسنة-2006.pdf,0d7109914d2ea154055014f2e1e513869a19de7ea1c9035c4aabf7989b1c24e2
Tripoli-003,طرابلس,Tripoli,المسيرة الكبرى,3570,16910,406,17316,444,193,1685,1878,4014,17103,2091,19194,0,0,10,نتائج-التعداد-العام-لسكان-مدينة-طرابلس-لسنة-2006.pdf,0d7109914d2ea154055014f2e1e513869a19de7ea1c9035c4aabf7989b1c24e2
Tripoli-004,طرابلس,Tripoli,شهداء الشط,4716,23983,285,24268,469,103,1723,1826,5185,24086,2008,26094,0,0,10,نتائج-التعداد-العام-لسكان-مدينة-طرابلس-لسنة-2006.pdf,0d7109914d2ea154055014f2e1e513869a19de7ea1c9035c4aabf7989b1c24e2
Tripoli-005,طرابلس,Tripoli,السابع من ابريل,4142,20997,283,21280,312,167,1162,1329,4454,21164,1445,22609,0,0,10,نتائج-التعداد-العام-لسكان-مدينة-طرابلس-لسنة-2006.pdf,0d7109914d2ea154055014f2e1e513869a19de7ea1c9035c4aabf7989b1c24e2
Tripoli-006,طرابلس,Tripoli,المنشية,3973,19124,231,19355,406,86,1310,1396,4379,19210,1541,20751,0,0,10,نتائج-التعداد-العام-لسكان-مدينة-طرابلس-لسنة-2006.pdf,0d7109914d2ea154055014f2e1e513869a19de7ea1c9035c4aabf7989b1c24e2
Tripoli-007,طرابلس,Tripoli,المنصورة,2998,15416,163,15579,192,87,631,718,3190,15503,794,16297,0,0,10,نتائج-التعداد-العام-لسكان-مدينة-طرابلس-لسنة-2006.pdf,0d7109914d2ea154055014f2e1e513869a19de7ea1c9035c4aabf7989b1c24e2
Tripoli-008,طرابلس,Tripoli,عمر بن العاص,2858,15288,116,15404,304,59,1040,1099,3162,15347,1156,16503,0,0,10,نتائج-التعداد-العام-لسكان-مدينة-طرابلس-لسنة-2006.pdf,0d7109914d2ea154055014f2e1e513869a19de7ea1c9035c4aabf7989b1c24e2
Tripoli-009,طرابلس,Tripoli,شهداء الهاني,2170,12698,85,12783,68,39,254,293,2238,12737,339,13076,0,0,10,نتائج-التعداد-العام-لسكان-مدينة-طرابلس-لسنة-2006.pdf,0d7109914d2ea154055014f2e1e513869a19de7ea1c9035c4aabf7989b1c24e2
Tripoli-010,طرابلس,Tripoli,الحارات,1836,9668,173,9841,446,59,1751,1810,2282,9727,1924,11651,0,0,10,نتائج-التعداد-العام-لسكان-مدينة-طرابلس-لسنة-2006.pdf,0d7109914d2ea154055014f2e1e513869a19de7ea1c9035c4aabf7989b1c24e2
Tripoli-011,طرابلس,Tripoli,عرادة,2008,10514,147,10661,473,87,1800,1887,2481,10601,1947,12548,0,0,10,نتائج-التعداد-العام-لسكان-مدينة-طرابلس-لسنة-2006.pdf,0d7109914d2ea154055014f2e1e513869a19de7ea1c9035c4aabf7989b1c24e2
Tripoli-012,طرابلس,Tripoli,الجلاء,1723,8908,134,9042,387,61,1242,1303,2110,8969,1376,10345,0,0,10,نتائج-التعداد-العام-لسكان-مدينة-طرابلس-لسنة-2006.pdf,0d7109914d2ea154055014f2e1e513869a19de7ea1c9035c4aabf7989b1c24e2
Tripoli-013,طرابلس,Tripoli,عقبة بن نافع,2015,10778,108,10886,215,64,808,872,2230,10842,916,11758,0,0,10,نتائج-التعداد-العام-لسكان-مدينة-طرابلس-لسنة-2006.pdf,0d7109914d2ea154055014f2e1e513869a19de7ea1c9035c4aabf7989b1c24e2
Tripoli-014,طرابلس,Tripoli,النصر,1363,7355,64,7419,87,43,250,293,1450,7398,314,7712,0,0,10,نتائج-التعداد-العام-لسكان-مدينة-طرابلس-لسنة-2006.pdf,0d7109914d2ea154055014f2e1e513869a19de7ea1c9035c4aabf7989b1c24e2
Tripoli-015,طرابلس,Tripoli,الساحل,3439,17938,178,18116,491,119,1513,1632,3930,18057,1691,19748,0,0,10,نتائج-التعداد-العام-لسكان-مدينة-طرابلس-لسنة-2006.pdf,0d7109914d2ea154055014f2e1e513869a19de7ea1c9035c4aabf7989b1c24e2
Tripoli-016,طرابلس,Tripoli,الجهاد,3435,18210,197,18407,284,152,998,1150,3719,18362,1195,19557,0,0,10,نتائج-التعداد-العام-لسكان-مدينة-طرابلس-لسنة-2006.pdf,0d7109914d2ea154055014f2e1e513869a19de7ea1c9035c4aabf7989b1c24e2
Tripoli-017,طرابلس,Tripoli,عين زارة,16298,92163,1038,93201,1487,541,5049,5590,17785,92704,6087,98791,0,0,10,نتائج-التعداد-العام-لسكان-مدينة-طرابلس-لسنة-2006.pdf,0d7109914d2ea154055014f2e1e513869a19de7ea1c9035c4aabf7989b1c24e2
Tripoli-018,طرابلس,Tripoli,فوز زناتة,3426,20285,253,20538,601,158,2324,2482,4027,20443,2577,23020,0,0,10,نتائج-التعداد-العام-لسكان-مدينة-طرابلس-لسنة-2006.pdf,0d7109914d2ea154055014f2e1e513869a19de7ea1c9035c4aabf7989b1c24e2
Tripoli-019,طرابلس,Tripoli,الحشان,3882,21253,163,21416,211,57,904,961,4093,21310,1067,22377,0,0,10,نتائج-التعداد-العام-لسكان-مدينة-طرابلس-لسنة-2006.pdf,0d7109914d2ea154055014f2e1e513869a19de7ea1c9035c4aabf7989b1c24e2
Tripoli-020,طرابلس,Tripoli,سيدي ابو غرارة,5036,27477,237,27714,466,108,1543,1651,5502,27585,1780,29365,0,0,10,نتائج-التعداد-العام-لسكان-مدينة-طرابلس-لسنة-2006.pdf,0d7109914d2ea154055014f2e1e513869a19de7ea1c9035c4aabf7989b1c24e2
Tripoli-021,طرابلس,Tripoli,الفتح,5628,30650,231,30881,481,84,1539,1623,6109,30734,1770,32504,0,0,10,نتائج-التعداد-العام-لسكان-مدينة-طرابلس-لسنة-2006.pdf,0d7109914d2ea154055014f2e1e513869a19de7ea1c9035c4aabf7989b1c24e2
Tripoli-022,طرابلس,Tripoli,المجد,2260,12753,177,12930,660,90,2264,2354,2920,12843,2441,15284,0,0,10,نتائج-التعداد-العام-لسكان-مدينة-طرابلس-لسنة-2006.pdf,0d7109914d2ea154055014f2e1e513869a19de7ea1c9035c4aabf7989b1c24e2
Tripoli-023,طرابلس,Tripoli,قرقارش,7635,40314,459,40773,680,275,2097,2372,8315,40589,2556,43145,0,0,10,نتائج-التعداد-العام-لسكان-مدينة-طرابلس-لسنة-2006.pdf,0d7109914d2ea154055014f2e1e513869a19de7ea1c9035c4aabf7989b1c24e2
Tripoli-024,طرابلس,Tripoli,الشارع الغربي,6112,34789,472,35261,863,283,3440,3723,6975,35072,3912,38984,0,0,10,نتائج-التعداد-العام-لسكان-مدينة-طرابلس-لسنة-2006.pdf,0d7109914d2ea154055014f2e1e513869a19de7ea1c9035c4aabf7989b1c24e2
Tripoli-025,طرابلس,Tripoli,غوط الشعال,12716,76414,858,77272,812,478,3095,3573,13528,76892,3953,80845,0,0,10,نتائج-التعداد-العام-لسكان-مدينة-طرابلس-لسنة-2006.pdf,0d7109914d2ea154055014f2e1e513869a19de7ea1c9035c4aabf7989b1c24e2
Tripoli-026,طرابلس,Tripoli,الحي الصناعي,12129,74824,534,75358,642,317,2079,2396,12771,75141,2613,77754,0,0,10,نتائج-التعداد-العام-لسكان-مدينة-طرابلس-لسنة-2006.pdf,0d7109914d2ea154055014f2e1e513869a19de7ea1c9035c4aabf7989b1c24e2
Tripoli-027,طرابلس,Tripoli,باب السلام )عكار(,7386,43285,372,43657,545,174,1939,2113,7931,43459,2311,45770,0,0,11,نتائج-التعداد-العام-لسكان-مدينة-طرابلس-لسنة-2006.pdf,0d7109914d2ea154055014f2e1e513869a19de7ea1c9035c4aabf7989b1c24e2
Tripoli-028,طرابلس,Tripoli,ابو سليم الجنوبي,11864,72279,517,72796,1067,236,3552,3788,12931,72515,4069,76584,0,0,11,نتائج-التعداد-العام-لسكان-مدينة-طرابلس-لسنة-2006.pdf,0d7109914d2ea154055014f2e1e513869a19de7ea1c9035c4aabf7989b1c24e2
Tripoli-029,طرابلس,Tripoli,شارع الزاوية,2434,12796,16,12812,172,17,697,714,2606,12813,713,13526,0,0,11,نتائج-التعداد-العام-لسكان-مدينة-طرابلس-لسنة-2006.pdf,0d7109914d2ea154055014f2e1e513869a19de7ea1c9035c4aabf7989b1c24e2
Tripoli-030,طرابلس,Tripoli,الزحف الاخضر,2366,12158,139,12297,133,81,457,538,2499,12239,596,12835,0,0,11,نتائج-التعداد-العام-لسكان-مدينة-طرابلس-لسنة-2006.pdf,0d7109914d2ea154055014f2e1e513869a19de7ea1c9035c4aabf7989b1c24e2
Tripoli-031,طرابلس,Tripoli,شهداء ابو مليانة,1526,8089,86,8175,99,79,342,421,1625,8168,428,8596,0,0,11,نتائج-التعداد-العام-لسكان-مدينة-طرابلس-لسنة-2006.pdf,0d7109914d2ea154055014f2e1e513869a19de7ea1c9035c4aabf7989b1c24e2
Tripoli-032,طرابلس,Tripoli,باب بن غشير,3026,17186,161,17347,185,46,591,637,3211,17232,752,17984,0,0,11,نتائج-التعداد-العام-لسكان-مدينة-طرابلس-لسنة-2006.pdf,0d7109914d2ea154055014f2e1e513869a19de7ea1c9035c4aabf7989b1c24e2
Tripoli-033,طرابلس,Tripoli,حي 12 مارس,8167,50388,498,50886,281,194,1093,1287,8448,50582,1591,52173,0,0,11,نتائج-التعداد-العام-لسكان-مدينة-طرابلس-لسنة-2006.pdf,0d7109914d2ea154055014f2e1e513869a19de7ea1c9035c4aabf7989b1c24e2
Tripoli-034,طرابلس,Tripoli,الحمدية,4284,23703,159,23862,458,110,1212,1322,4742,23813,1371,25184,0,0,11,نتائج-التعداد-العام-لسكان-مدينة-طرابلس-لسنة-2006.pdf,0d7109914d2ea154055014f2e1e513869a19de7ea1c9035c4aabf7989b1c24e2
Tripoli-035,طرابلس,Tripoli,المشاي,3962,21960,161,22121,363,97,1219,1316,4325,22057,1380,23437,0,0,11,نتائج-التعداد-العام-لسكان-مدينة-طرابلس-لسنة-2006.pdf,0d7109914d2ea154055014f2e1e513869a19de7ea1c9035c4aabf7989b1c24e2
Tripoli-036,طرابلس,Tripoli,الحرية,2275,12147,109,12256,133,40,438,478,2408,12187,547,12734,0,0,11,نتائج-التعداد-العام-لسكان-مدينة-طرابلس-لسنة-2006.pdf,0d7109914d2ea154055014f2e1e513869a19de7ea1c9035c4aabf7989b1c24e2
Tripoli-037,طرابلس,Tripoli,البرهانية,1541,8099,85,8184,279,55,871,926,1820,8154,956,9110,0,0,11,نتائج-التعداد-العام-لسكان-مدينة-طرابلس-لسنة-2006.pdf,0d7109914d2ea154055014f2e1e513869a19de7ea1c9035c4aabf7989b1c24e2
Tripoli-038,طرابلس,Tripoli,ابي الاشهر,3372,18447,110,18557,171,55,627,682,3543,18502,737,19239,0,0,11,نتائج-التعداد-العام-لسكان-مدينة-طرابلس-لسنة-2006.pdf,0d7109914d2ea154055014f2e1e513869a19de7ea1c9035c4aabf7989b1c24e2
Tripoli-039,طرابلس,Tripoli,الوادي الغربي,3289,17986,97,18083,501,33,890,923,3790,18019,987,19006,0,0,11,نتائج-التعداد-العام-لسكان-مدينة-طرابلس-لسنة-2006.pdf,0d7109914d2ea154055014f2e1e513869a19de7ea1c9035c4aabf7989b1c24e2
Tripoli-040,طرابلس,Tripoli,الوادي الشرقي,2044,11858,84,11942,367,35,736,771,2411,11893,820,12713,0,0,11,نتائج-التعداد-العام-لسكان-مدينة-طرابلس-لسنة-2006.pdf,0d7109914d2ea154055014f2e1e513869a19de7ea1c9035c4aabf7989b1c24e2
Ghat-001,غات,Ghat,غات,1757,10561,87,10648,312,147,1148,1295,2069,10708,1235,11943,0,0,10,نتائج-تعداد-العام-لسكان-مدينة-غات-لسنة-2006م.pdf,1d4b4d17ff7ab56497274031930bc3df66c9bb09f2de3d37809972a91a7cd315
Ghat-002,غات,Ghat,العوينات,470,2899,31,2930,55,11,227,238,525,2910,258,3168,0,0,10,نتائج-تعداد-العام-لسكان-مدينة-غات-لسنة-2006م.pdf,1d4b4d17ff7ab56497274031930bc3df66c9bb09f2de3d37809972a91a7cd315
Ghat-003,غات,Ghat,البركت,1130,7671,25,7696,91,40,352,392,1221,7711,377,8088,0,0,10,نتائج-تعداد-العام-لسكان-مدينة-غات-لسنة-2006م.pdf,1d4b4d17ff7ab56497274031930bc3df66c9bb09f2de3d37809972a91a7cd315
Murzuq-001,مرزق,Murzuq,الوسطى/ مرزق,1720,10446,90,10536,162,90,539,629,1882,10536,629,11165,0,0,10,نتائج-تعداد-العام-لسكان-مدينة-مرزق-لسنة-2006م.pdf,e50911b2564e64b72403cf30cdaa22cfac7146ed1daf12b95e8fef063d275ecd
Murzuq-002,مرزق,Murzuq,الغربية / مرزق,1242,7755,58,7813,136,23,434,457,1378,7778,492,8270,0,0,10,نتائج-تعداد-العام-لسكان-مدينة-مرزق-لسنة-2006م.pdf,e50911b2564e64b72403cf30cdaa22cfac7146ed1daf12b95e8fef063d275ecd
Murzuq-003,مرزق,Murzuq,الشرقية / مرزق,798,5300,20,5320,38,19,116,135,836,5319,136,5455,0,0,10,نتائج-تعداد-العام-لسكان-مدينة-مرزق-لسنة-2006م.pdf,e50911b2564e64b72403cf30cdaa22cfac7146ed1daf12b95e8fef063d275ecd
Murzuq-004,مرزق,Murzuq,الوسط / تراغن,946,5830,86,5916,233,42,709,751,1179,5872,795,6667,0,0,10,نتائج-تعداد-العام-لسكان-مدينة-مرزق-لسنة-2006م.pdf,e50911b2564e64b72403cf30cdaa22cfac7146ed1daf12b95e8fef063d275ecd
Murzuq-005,مرزق,Murzuq,الغربية / تراغن,388,2455,16,2471,33,7,81,88,421,2462,97,2559,0,0,10,نتائج-تعداد-العام-لسكان-مدينة-مرزق-لسنة-2006م.pdf,e50911b2564e64b72403cf30cdaa22cfac7146ed1daf12b95e8fef063d275ecd
Murzuq-006,مرزق,Murzuq,الجنوبية / تراغن,207,1280,1,1281,19,0,54,54,226,1280,55,1335,0,0,10,نتائج-تعداد-العام-لسكان-مدينة-مرزق-لسنة-2006م.pdf,e50911b2564e64b72403cf30cdaa22cfac7146ed1daf12b95e8fef063d275ecd
Murzuq-007,مرزق,Murzuq,الشرقية / تراغن,54,364,0,364,2,0,8,8,56,364,8,372,0,0,10,نتائج-تعداد-العام-لسكان-مدينة-مرزق-لسنة-2006م.pdf,e50911b2564e64b72403cf30cdaa22cfac7146ed1daf12b95e8fef063d275ecd
Murzuq-008,مرزق,Murzuq,المركز / ام الارنب,1219,7422,50,7472,484,27,1067,1094,1703,7449,1117,8566,0,0,10,نتائج-تعداد-العام-لسكان-مدينة-مرزق-لسنة-2006م.pdf,e50911b2564e64b72403cf30cdaa22cfac7146ed1daf12b95e8fef063d275ecd
Murzuq-009,مرزق,Murzuq,الشرقية / ام الارنب,179,1022,5,1027,65,2,73,75,244,1024,78,1102,0,0,10,نتائج-تعداد-العام-لسكان-مدينة-مرزق-لسنة-2006م.pdf,e50911b2564e64b72403cf30cdaa22cfac7146ed1daf12b95e8fef063d275ecd
Murzuq-010,مرزق,Murzuq,زويلة,489,3165,32,3197,168,24,399,423,657,3189,431,3620,0,0,10,نتائج-تعداد-العام-لسكان-مدينة-مرزق-لسنة-2006م.pdf,e50911b2564e64b72403cf30cdaa22cfac7146ed1daf12b95e8fef063d275ecd
Murzuq-011,مرزق,Murzuq,تمسة,324,2024,14,2038,38,2,132,134,362,2026,146,2172,0,0,10,نتائج-تعداد-العام-لسكان-مدينة-مرزق-لسنة-2006م.pdf,e50911b2564e64b72403cf30cdaa22cfac7146ed1daf12b95e8fef063d275ecd
Murzuq-012,مرزق,Murzuq,مجدول,184,1201,11,1212,14,6,39,45,198,1207,50,1257,0,0,10,نتائج-تعداد-العام-لسكان-مدينة-مرزق-لسنة-2006م.pdf,e50911b2564e64b72403cf30cdaa22cfac7146ed1daf12b95e8fef063d275ecd
Murzuq-013,مرزق,Murzuq,تربو وأم زوير,51,380,0,380,1,0,10,10,52,380,10,390,0,0,10,نتائج-تعداد-العام-لسكان-مدينة-مرزق-لسنة-2006م.pdf,e50911b2564e64b72403cf30cdaa22cfac7146ed1daf12b95e8fef063d275ecd
Murzuq-014,مرزق,Murzuq,القطرون,748,4564,126,4690,358,129,1094,1223,1106,4693,1220,5913,0,0,10,نتائج-تعداد-العام-لسكان-مدينة-مرزق-لسنة-2006م.pdf,e50911b2564e64b72403cf30cdaa22cfac7146ed1daf12b95e8fef063d275ecd
Murzuq-015,مرزق,Murzuq,الجنوبية / القطرون,695,4118,75,4193,171,69,508,577,866,4187,583,4770,0,0,10,نتائج-تعداد-العام-لسكان-مدينة-مرزق-لسنة-2006م.pdf,e50911b2564e64b72403cf30cdaa22cfac7146ed1daf12b95e8fef063d275ecd
Murzuq-016,مرزق,Murzuq,تجرهي,239,1426,4,1430,11,17,42,59,250,1443,46,1489,0,0,10,نتائج-تعداد-العام-لسكان-مدينة-مرزق-لسنة-2006م.pdf,e50911b2564e64b72403cf30cdaa22cfac7146ed1daf12b95e8fef063d275ecd
Murzuq-017,مرزق,Murzuq,الغربية / وادي عتبة,1254,7855,21,7876,67,17,266,283,1321,7872,287,8159,0,0,10,نتائج-تعداد-العام-لسكان-مدينة-مرزق-لسنة-2006م.pdf,e50911b2564e64b72403cf30cdaa22cfac7146ed1daf12b95e8fef063d275ecd
Murzuq-018,مرزق,Murzuq,الشرقية / وادي عتبة,852,5421,13,5434,27,11,66,77,879,5432,79,5511,0,0,10,نتائج-تعداد-العام-لسكان-مدينة-مرزق-لسنة-2006م.pdf,e50911b2564e64b72403cf30cdaa22cfac7146ed1daf12b95e8fef063d275ecd
Misrata-001,مصراته,Misrata,ابو شعيرة,1848,10605,62,10667,152,42,566,608,2000,10647,628,11275,0,0,10,نتائج-تعداد-العام-لسكان-مدينة-مصراتة-لسنة-2006م.pdf,9bd2d712f9fc7fa3533c452fd699eb83f1c031dd85f1923c4d53f343b6b98c1d
Misrata-002,مصراته,Misrata,الرويسات,3710,22158,266,22424,762,198,2789,2987,4472,22356,3055,25411,0,0,10,نتائج-تعداد-العام-لسكان-مدينة-مصراتة-لسنة-2006م.pdf,9bd2d712f9fc7fa3533c452fd699eb83f1c031dd85f1923c4d53f343b6b98c1d
Misrata-003,مصراته,Misrata,راس التوتة,2186,12385,118,12503,244,118,886,1004,2430,12503,1004,13507,0,0,10,نتائج-تعداد-العام-لسكان-مدينة-مصراتة-لسنة-2006م.pdf,9bd2d712f9fc7fa3533c452fd699eb83f1c031dd85f1923c4d53f343b6b98c1d
Misrata-004,مصراته,Misrata,الجزيرة,2027,11953,63,12016,154,59,596,655,2181,12012,659,12671,0,0,10,نتائج-تعداد-العام-لسكان-مدينة-مصراتة-لسنة-2006م.pdf,9bd2d712f9fc7fa3533c452fd699eb83f1c031dd85f1923c4d53f343b6b98c1d
Misrata-005,مصراته,Misrata,راس عمار,1264,7139,118,7257,180,72,718,790,1444,7211,836,8047,0,0,10,نتائج-تعداد-العام-لسكان-مدينة-مصراتة-لسنة-2006م.pdf,9bd2d712f9fc7fa3533c452fd699eb83f1c031dd85f1923c4d53f343b6b98c1d
Misrata-006,مصراته,Misrata,الخروبة,1973,11970,152,12122,290,114,1114,1228,2263,12084,1266,13350,0,0,10,نتائج-تعداد-العام-لسكان-مدينة-مصراتة-لسنة-2006م.pdf,9bd2d712f9fc7fa3533c452fd699eb83f1c031dd85f1923c4d53f343b6b98c1d
Misrata-007,مصراته,Misrata,راس فريدغ,2508,15198,67,15265,289,52,787,839,2797,15250,854,16104,0,0,10,نتائج-تعداد-العام-لسكان-مدينة-مصراتة-لسنة-2006م.pdf,9bd2d712f9fc7fa3533c452fd699eb83f1c031dd85f1923c4d53f343b6b98c1d
Misrata-008,مصراته,Misrata,الرميلة,708,4550,55,4605,137,25,460,485,845,4575,515,5090,0,0,10,نتائج-تعداد-العام-لسكان-مدينة-مصراتة-لسنة-2006م.pdf,9bd2d712f9fc7fa3533c452fd699eb83f1c031dd85f1923c4d53f343b6b98c1d
Misrata-009,مصراته,Misrata,القوشي,4085,23902,201,24103,403,155,1549,1704,4488,24057,1750,25807,0,0,10,نتائج-تعداد-العام-لسكان-مدينة-مصراتة-لسنة-2006م.pdf,9bd2d712f9fc7fa3533c452fd699eb83f1c031dd85f1923c4d53f343b6b98c1d
Misrata-010,مصراته,Misrata,الغيران,4433,27790,90,27880,134,47,417,464,4567,27837,507,28344,0,0,10,نتائج-تعداد-العام-لسكان-مدينة-مصراتة-لسنة-2006م.pdf,9bd2d712f9fc7fa3533c452fd699eb83f1c031dd85f1923c4d53f343b6b98c1d
Misrata-011,مصراته,Misrata,راس الماجل,1442,8635,27,8662,100,13,317,330,1542,8648,344,8992,0,0,10,نتائج-تعداد-العام-لسكان-مدينة-مصراتة-لسنة-2006م.pdf,9bd2d712f9fc7fa3533c452fd699eb83f1c031dd85f1923c4d53f343b6b98c1d
Misrata-012,مصراته,Misrata,الزروق,2814,16142,95,16237,461,62,1321,1383,3275,16204,1416,17620,0,0,10,نتائج-تعداد-العام-لسكان-مدينة-مصراتة-لسنة-2006م.pdf,9bd2d712f9fc7fa3533c452fd699eb83f1c031dd85f1923c4d53f343b6b98c1d
Misrata-013,مصراته,Misrata,قصر احمد,2680,16056,71,16127,114,29,388,417,2794,16085,459,16544,0,0,10,نتائج-تعداد-العام-لسكان-مدينة-مصراتة-لسنة-2006م.pdf,9bd2d712f9fc7fa3533c452fd699eb83f1c031dd85f1923c4d53f343b6b98c1d
Misrata-014,مصراته,Misrata,المرسي,1370,7712,36,7748,39,14,146,160,1409,7726,182,7908,0,0,10,نتائج-تعداد-العام-لسكان-مدينة-مصراتة-لسنة-2006م.pdf,9bd2d712f9fc7fa3533c452fd699eb83f1c031dd85f1923c4d53f343b6b98c1d
Misrata-015,مصراته,Misrata,المحجوب,2196,13367,46,13413,47,26,199,225,2243,13393,245,13638,0,0,10,نتائج-تعداد-العام-لسكان-مدينة-مصراتة-لسنة-2006م.pdf,9bd2d712f9fc7fa3533c452fd699eb83f1c031dd85f1923c4d53f343b6b98c1d
Misrata-016,مصراته,Misrata,سيدي امبارك,1358,8588,30,8618,23,19,81,100,1381,8607,111,8718,0,0,10,نتائج-تعداد-العام-لسكان-مدينة-مصراتة-لسنة-2006م.pdf,9bd2d712f9fc7fa3533c452fd699eb83f1c031dd85f1923c4d53f343b6b98c1d
Misrata-017,مصراته,Misrata,طمينة,1476,9287,24,9311,140,10,244,254,1616,9297,268,9565,0,0,10,نتائج-تعداد-العام-لسكان-مدينة-مصراتة-لسنة-2006م.pdf,9bd2d712f9fc7fa3533c452fd699eb83f1c031dd85f1923c4d53f343b6b98c1d
Misrata-018,مصراته,Misrata,كرزاز,1269,7941,17,7958,44,36,164,200,1313,7977,181,8158,0,0,10,نتائج-تعداد-العام-لسكان-مدينة-مصراتة-لسنة-2006م.pdf,9bd2d712f9fc7fa3533c452fd699eb83f1c031dd85f1923c4d53f343b6b98c1d
Misrata-019,مصراته,Misrata,الكراريم,511,3028,6,3034,42,5,89,94,553,3033,95,3128,0,0,10,نتائج-تعداد-العام-لسكان-مدينة-مصراتة-لسنة-2006م.pdf,9bd2d712f9fc7fa3533c452fd699eb83f1c031dd85f1923c4d53f343b6b98c1d
Misrata-020,مصراته,Misrata,الدافنية / مصراتة,661,4184,15,4199,15,4,23,27,676,4188,38,4226,0,0,10,نتائج-تعداد-العام-لسكان-مدينة-مصراتة-لسنة-2006م.pdf,9bd2d712f9fc7fa3533c452fd699eb83f1c031dd85f1923c4d53f343b6b98c1d
Misrata-021,مصراته,Misrata,ابو روية,2040,12853,30,12883,93,22,292,314,2133,12875,322,13197,0,0,10,نتائج-تعداد-العام-لسكان-مدينة-مصراتة-لسنة-2006م.pdf,9bd2d712f9fc7fa3533c452fd699eb83f1c031dd85f1923c4d53f343b6b98c1d
Misrata-022,مصراته,Misrata,وادي الازرق,113,707,2,709,1,0,5,5,114,707,7,714,0,0,10,نتائج-تعداد-العام-لسكان-مدينة-مصراتة-لسنة-2006م.pdf,9bd2d712f9fc7fa3533c452fd699eb83f1c031dd85f1923c4d53f343b6b98c1d
Misrata-023,مصراته,Misrata,مقاس,3077,21244,113,21357,179,59,728,787,3256,21303,841,22144,0,0,10,نتائج-تعداد-العام-لسكان-مدينة-مصراتة-لسنة-2006م.pdf,9bd2d712f9fc7fa3533c452fd699eb83f1c031dd85f1923c4d53f343b6b98c1d
Misrata-024,مصراته,Misrata,غزوان,180,1281,2,1283,1,2,2,4,181,1283,4,1287,0,0,10,نتائج-تعداد-العام-لسكان-مدينة-مصراتة-لسنة-2006م.pdf,9bd2d712f9fc7fa3533c452fd699eb83f1c031dd85f1923c4d53f343b6b98c1d
Misrata-025,مصراته,Misrata,المربوعة,430,2667,4,2671,4,5,16,21,434,2672,20,2692,0,0,10,نتائج-تعداد-العام-لسكان-مدينة-مصراتة-لسنة-2006م.pdf,9bd2d712f9fc7fa3533c452fd699eb83f1c031dd85f1923c4d53f343b6b98c1d
Misrata-026,مصراته,Misrata,ابو راوي,696,4142,32,4174,31,5,108,113,727,4147,140,4287,0,0,10,نتائج-تعداد-العام-لسكان-مدينة-مصراتة-لسنة-2006م.pdf,9bd2d712f9fc7fa3533c452fd699eb83f1c031dd85f1923c4d53f343b6b98c1d
Misrata-027,مصراته,Misrata,الوحدة,476,2951,3,2954,11,16,48,64,487,2967,51,3018,0,0,10,نتائج-تعداد-العام-لسكان-مدينة-مصراتة-لسنة-2006م.pdf,9bd2d712f9fc7fa3533c452fd699eb83f1c031dd85f1923c4d53f343b6b98c1d
Misrata-028,مصراته,Misrata,ابو عمود,415,2437,16,2453,39,7,179,186,454,2444,195,2639,0,0,10,نتائج-تعداد-العام-لسكان-مدينة-مصراتة-لسنة-2006م.pdf,9bd2d712f9fc7fa3533c452fd699eb83f1c031dd85f1923c4d53f343b6b98c1d
Misrata-029,مصراته,Misrata,السند,187,1172,5,1177,29,5,168,173,216,1177,173,1350,0,0,10,نتائج-تعداد-العام-لسكان-مدينة-مصراتة-لسنة-2006م.pdf,9bd2d712f9fc7fa3533c452fd699eb83f1c031dd85f1923c4d53f343b6b98c1d
Misrata-030,مصراته,Misrata,ميمون,445,2453,9,2462,77,7,214,221,522,2460,223,2683,0,0,10,نتائج-تعداد-العام-لسكان-مدينة-مصراتة-لسنة-2006م.pdf,9bd2d712f9fc7fa3533c452fd699eb83f1c031dd85f1923c4d53f343b6b98c1d
Misrata-031,مصراته,Misrata,الخرماني,695,4619,17,4636,20,3,98,101,715,4622,115,4737,0,0,11,نتائج-تعداد-العام-لسكان-مدينة-مصراتة-لسنة-2006م.pdf,9bd2d712f9fc7fa3533c452fd699eb83f1c031dd85f1923c4d53f343b6b98c1d
Misrata-032,مصراته,Misrata,بو نجرة,1002,5904,13,5917,49,13,117,130,1051,5917,130,6047,0,0,11,نتائج-تعداد-العام-لسكان-مدينة-مصراتة-لسنة-2006م.pdf,9bd2d712f9fc7fa3533c452fd699eb83f1c031dd85f1923c4d53f343b6b98c1d
Misrata-033,مصراته,Misrata,ابو راس,355,2246,1,2247,18,2,40,42,373,2248,41,2289,0,0,11,نتائج-تعداد-العام-لسكان-مدينة-مصراتة-لسنة-2006م.pdf,9bd2d712f9fc7fa3533c452fd699eb83f1c031dd85f1923c4d53f343b6b98c1d
Misrata-034,مصراته,Misrata,سوف الجين,425,2381,10,2391,13,0,24,24,438,2381,34,2415,0,0,11,نتائج-تعداد-العام-لسكان-مدينة-مصراتة-لسنة-2006م.pdf,9bd2d712f9fc7fa3533c452fd699eb83f1c031dd85f1923c4d53f343b6b98c1d
Misrata-035,مصراته,Misrata,البلدية,1429,8147,129,8276,506,64,2442,2506,1935,8211,2571,10782,0,0,11,نتائج-تعداد-العام-لسكان-مدينة-مصراتة-لسنة-2006م.pdf,9bd2d712f9fc7fa3533c452fd699eb83f1c031dd85f1923c4d53f343b6b98c1d
Misrata-036,مصراته,Misrata,شميخ,940,5528,27,5555,87,16,426,442,1027,5544,453,5997,0,0,11,نتائج-تعداد-العام-لسكان-مدينة-مصراتة-لسنة-2006م.pdf,9bd2d712f9fc7fa3533c452fd699eb83f1c031dd85f1923c4d53f343b6b98c1d
Misrata-037,مصراته,Misrata,الثنية البيضاء,1158,7104,84,7188,118,50,535,585,1276,7154,619,7773,0,0,11,نتائج-تعداد-العام-لسكان-مدينة-مصراتة-لسنة-2006م.pdf,9bd2d712f9fc7fa3533c452fd699eb83f1c031dd85f1923c4d53f343b6b98c1d
Misrata-038,مصراته,Misrata,الظهره,996,6419,15,6434,67,27,272,299,1063,6446,287,6733,0,0,11,نتائج-تعداد-العام-لسكان-مدينة-مصراتة-لسنة-2006م.pdf,9bd2d712f9fc7fa3533c452fd699eb83f1c031dd85f1923c4d53f343b6b98c1d
Misrata-039,مصراته,Misrata,تينيناي,640,4060,13,4073,26,17,111,128,666,4077,124,4201,0,0,11,نتائج-تعداد-العام-لسكان-مدينة-مصراتة-لسنة-2006م.pdf,9bd2d712f9fc7fa3533c452fd699eb83f1c031dd85f1923c4d53f343b6b98c1d
Misrata-040,مصراته,Misrata,المنطرحة,1993,10796,140,10936,958,91,2676,2767,2951,10887,2816,13703,0,0,11,نتائج-تعداد-العام-لسكان-مدينة-مصراتة-لسنة-2006م.pdf,9bd2d712f9fc7fa3533c452fd699eb83f1c031dd85f1923c4d53f343b6b98c1d
Misrata-041,مصراته,Misrata,ابوجريدة,956,5464,13,5477,57,3,137,140,1013,5467,150,5617,0,0,11,نتائج-تعداد-العام-لسكان-مدينة-مصراتة-لسنة-2006م.pdf,9bd2d712f9fc7fa3533c452fd699eb83f1c031dd85f1923c4d53f343b6b98c1d
Misrata-042,مصراته,Misrata,البازة,1483,8604,73,8677,122,56,491,547,1605,8660,564,9224,0,0,11,نتائج-تعداد-العام-لسكان-مدينة-مصراتة-لسنة-2006م.pdf,9bd2d712f9fc7fa3533c452fd699eb83f1c031dd85f1923c4d53f343b6b98c1d
Misrata-043,مصراته,Misrata,كادوش,1519,8603,69,8672,197,40,521,561,1716,8643,590,9233,0,0,11,نتائج-تعداد-العام-لسكان-مدينة-مصراتة-لسنة-2006م.pdf,9bd2d712f9fc7fa3533c452fd699eb83f1c031dd85f1923c4d53f343b6b98c1d
Misrata-044,مصراته,Misrata,الشيخ,1570,8212,118,8330,453,58,1397,1455,2023,8270,1515,9785,0,0,11,نتائج-تعداد-العام-لسكان-مدينة-مصراتة-لسنة-2006م.pdf,9bd2d712f9fc7fa3533c452fd699eb83f1c031dd85f1923c4d53f343b6b98c1d
Misrata-045,مصراته,Misrata,ابو رقية,791,4269,27,4296,174,22,719,741,965,4291,746,5037,0,0,11,نتائج-تعداد-العام-لسكان-مدينة-مصراتة-لسنة-2006م.pdf,9bd2d712f9fc7fa3533c452fd699eb83f1c031dd85f1923c4d53f343b6b98c1d
Misrata-046,مصراته,Misrata,ازدو الجنوبية,1256,7182,38,7220,178,29,608,637,1434,7211,646,7857,0,0,11,نتائج-تعداد-العام-لسكان-مدينة-مصراتة-لسنة-2006م.pdf,9bd2d712f9fc7fa3533c452fd699eb83f1c031dd85f1923c4d53f343b6b98c1d
Misrata-047,مصراته,Misrata,ازدو الشمالية,1550,9646,40,9686,67,4,260,264,1617,9650,300,9950,0,0,11,نتائج-تعداد-العام-لسكان-مدينة-مصراتة-لسنة-2006م.pdf,9bd2d712f9fc7fa3533c452fd699eb83f1c031dd85f1923c4d53f343b6b98c1d
Misrata-048,مصراته,Misrata,السبعة,1821,11362,61,11423,58,6,213,219,1879,11368,274,11642,0,0,11,نتائج-تعداد-العام-لسكان-مدينة-مصراتة-لسنة-2006م.pdf,9bd2d712f9fc7fa3533c452fd699eb83f1c031dd85f1923c4d53f343b6b98c1d
Misrata-049,مصراته,Misrata,القاعة,1422,8693,57,8750,61,14,179,193,1483,8707,236,8943,0,0,11,نتائج-تعداد-العام-لسكان-مدينة-مصراتة-لسنة-2006م.pdf,9bd2d712f9fc7fa3533c452fd699eb83f1c031dd85f1923c4d53f343b6b98c1d
Misrata-050,مصراته,Misrata,ادواو,758,4740,19,4759,66,1,111,112,824,4741,130,4871,0,0,11,نتائج-تعداد-العام-لسكان-مدينة-مصراتة-لسنة-2006م.pdf,9bd2d712f9fc7fa3533c452fd699eb83f1c031dd85f1923c4d53f343b6b98c1d
Misrata-051,مصراته,Misrata,ماجر,2113,14047,60,14107,254,46,488,534,2367,14093,548,14641,0,0,11,نتائج-تعداد-العام-لسكان-مدينة-مصراتة-لسنة-2006م.pdf,9bd2d712f9fc7fa3533c452fd699eb83f1c031dd85f1923c4d53f343b6b98c1d
Misrata-052,مصراته,Misrata,الدافنية / زليتن,2403,15767,61,15828,167,20,407,427,2570,15787,468,16255,0,0,11,نتائج-تعداد-العام-لسكان-مدينة-مصراتة-لسنة-2006م.pdf,9bd2d712f9fc7fa3533c452fd699eb83f1c031dd85f1923c4d53f343b6b98c1d
Misrata-053,مصراته,Misrata,الجهاد,659,4391,15,4406,2,0,2,2,661,4391,17,4408,0,0,11,نتائج-تعداد-العام-لسكان-مدينة-مصراتة-لسنة-2006م.pdf,9bd2d712f9fc7fa3533c452fd699eb83f1c031dd85f1923c4d53f343b6b98c1d
Misrata-054,مصراته,Misrata,الظهيرة,1192,7155,19,7174,55,4,152,156,1247,7159,171,7330,0,0,11,نتائج-تعداد-العام-لسكان-مدينة-مصراتة-لسنة-2006م.pdf,9bd2d712f9fc7fa3533c452fd699eb83f1c031dd85f1923c4d53f343b6b98c1d
Misrata-055,مصراته,Misrata,القصبة,1651,10877,69,10946,138,35,352,387,1789,10912,421,11333,0,0,11,نتائج-تعداد-العام-لسكان-مدينة-مصراتة-لسنة-2006م.pdf,9bd2d712f9fc7fa3533c452fd699eb83f1c031dd85f1923c4d53f343b6b98c1d
Misrata-056,مصراته,Misrata,مغر غرين,730,4508,26,4534,57,25,174,199,787,4533,200,4733,0,0,11,نتائج-تعداد-العام-لسكان-مدينة-مصراتة-لسنة-2006م.pdf,9bd2d712f9fc7fa3533c452fd699eb83f1c031dd85f1923c4d53f343b6b98c1d
Misrata-057,مصراته,Misrata,كعام \زليتن,1960,11230,73,11303,151,37,344,381,2111,11267,417,11684,0,0,11,نتائج-تعداد-العام-لسكان-مدينة-مصراتة-لسنة-2006م.pdf,9bd2d712f9fc7fa3533c452fd699eb83f1c031dd85f1923c4d53f343b6b98c1d
Misrata-058,مصراته,Misrata,القزاحية,671,4434,21,4455,26,5,90,95,697,4439,111,4550,0,0,11,نتائج-تعداد-العام-لسكان-مدينة-مصراتة-لسنة-2006م.pdf,9bd2d712f9fc7fa3533c452fd699eb83f1c031dd85f1923c4d53f343b6b98c1d
Misrata-059,مصراته,Misrata,الغويلات,1428,8803,62,8865,114,24,356,380,1542,8827,418,9245,0,0,11,نتائج-تعداد-العام-لسكان-مدينة-مصراتة-لسنة-2006م.pdf,9bd2d712f9fc7fa3533c452fd699eb83f1c031dd85f1923c4d53f343b6b98c1d
Nalut-001,نالوت,Nalut,سيدي خليفة,1397,7305,22,7327,29,6,111,117,1426,7311,133,7444,0,0,10,نتائج-تعداد-العام-لسكان-مدينة-نالوت-لسنة-2006م.pdf,91174499e2ab56935ac00a191069014231ed1af9170c21a7581f10259e3b1e5a
Nalut-002,نالوت,Nalut,القصر,462,2305,12,2317,135,4,481,485,597,2309,493,2802,0,0,10,نتائج-تعداد-العام-لسكان-مدينة-نالوت-لسنة-2006م.pdf,91174499e2ab56935ac00a191069014231ed1af9170c21a7581f10259e3b1e5a
Nalut-003,نالوت,Nalut,شداد,1223,6583,13,6596,102,28,222,250,1325,6611,235,6846,0,0,10,نتائج-تعداد-العام-لسكان-مدينة-نالوت-لسنة-2006م.pdf,91174499e2ab56935ac00a191069014231ed1af9170c21a7581f10259e3b1e5a
Nalut-004,نالوت,Nalut,الهمالية,849,5463,34,5497,174,56,563,619,1023,5519,597,6116,0,0,10,نتائج-تعداد-العام-لسكان-مدينة-نالوت-لسنة-2006م.pdf,91174499e2ab56935ac00a191069014231ed1af9170c21a7581f10259e3b1e5a
Nalut-005,نالوت,Nalut,الغزايا,284,1570,1,1571,14,4,59,63,298,1574,60,1634,0,0,10,نتائج-تعداد-العام-لسكان-مدينة-نالوت-لسنة-2006م.pdf,91174499e2ab56935ac00a191069014231ed1af9170c21a7581f10259e3b1e5a
Nalut-006,نالوت,Nalut,اولاد محمود,293,1483,3,1486,14,2,49,51,307,1485,52,1537,0,0,10,نتائج-تعداد-العام-لسكان-مدينة-نالوت-لسنة-2006م.pdf,91174499e2ab56935ac00a191069014231ed1af9170c21a7581f10259e3b1e5a
Nalut-007,نالوت,Nalut,المجابرة,309,1646,10,1656,37,8,103,111,346,1654,113,1767,0,0,10,نتائج-تعداد-العام-لسكان-مدينة-نالوت-لسنة-2006م.pdf,91174499e2ab56935ac00a191069014231ed1af9170c21a7581f10259e3b1e5a
Nalut-008,نالوت,Nalut,الجنوبية \ كباو,574,3248,4,3252,45,9,162,171,619,3257,166,3423,0,0,10,نتائج-تعداد-العام-لسكان-مدينة-نالوت-لسنة-2006م.pdf,91174499e2ab56935ac00a191069014231ed1af9170c21a7581f10259e3b1e5a
Nalut-009,نالوت,Nalut,الشمالية \ كباو,506,2800,3,2803,22,2,46,48,528,2802,49,2851,0,0,10,نتائج-تعداد-العام-لسكان-مدينة-نالوت-لسنة-2006م.pdf,91174499e2ab56935ac00a191069014231ed1af9170c21a7581f10259e3b1e5a
Nalut-010,نالوت,Nalut,طمزرين الهمايلة,655,4011,6,4017,46,3,72,75,701,4014,78,4092,0,0,10,نتائج-تعداد-العام-لسكان-مدينة-نالوت-لسنة-2006م.pdf,91174499e2ab56935ac00a191069014231ed1af9170c21a7581f10259e3b1e5a
Nalut-011,نالوت,Nalut,اولاد سلام,164,1328,4,1332,15,1,22,23,179,1329,26,1355,0,0,10,نتائج-تعداد-العام-لسكان-مدينة-نالوت-لسنة-2006م.pdf,91174499e2ab56935ac00a191069014231ed1af9170c21a7581f10259e3b1e5a
Nalut-012,نالوت,Nalut,تيجي,810,5272,34,5306,104,30,301,331,914,5302,335,5637,0,0,10,نتائج-تعداد-العام-لسكان-مدينة-نالوت-لسنة-2006م.pdf,91174499e2ab56935ac00a191069014231ed1af9170c21a7581f10259e3b1e5a
Nalut-013,نالوت,Nalut,الحوامد,467,3248,9,3257,92,10,454,464,559,3258,463,3721,0,0,10,نتائج-تعداد-العام-لسكان-مدينة-نالوت-لسنة-2006م.pdf,91174499e2ab56935ac00a191069014231ed1af9170c21a7581f10259e3b1e5a
Nalut-014,نالوت,Nalut,الجوش,500,2654,31,2685,38,12,166,178,538,2666,197,2863,0,0,10,نتائج-تعداد-العام-لسكان-مدينة-نالوت-لسنة-2006م.pdf,91174499e2ab56935ac00a191069014231ed1af9170c21a7581f10259e3b1e5a
Nalut-015,نالوت,Nalut,اولاد احمد,250,1540,10,1550,60,8,139,147,310,1548,149,1697,0,0,10,نتائج-تعداد-العام-لسكان-مدينة-نالوت-لسنة-2006م.pdf,91174499e2ab56935ac00a191069014231ed1af9170c21a7581f10259e3b1e5a
Nalut-016,نالوت,Nalut,ظهرة الماجن,241,1354,3,1357,23,1,51,52,264,1355,54,1409,0,0,10,نتائج-تعداد-العام-لسكان-مدينة-نالوت-لسنة-2006م.pdf,91174499e2ab56935ac00a191069014231ed1af9170c21a7581f10259e3b1e5a
Nalut-017,نالوت,Nalut,اولاد شراد,370,2158,7,2165,8,7,42,49,378,2165,49,2214,0,0,10,نتائج-تعداد-العام-لسكان-مدينة-نالوت-لسنة-2006م.pdf,91174499e2ab56935ac00a191069014231ed1af9170c21a7581f10259e3b1e5a
Nalut-018,نالوت,Nalut,بدر,545,2985,26,3011,35,10,79,89,580,2995,105,3100,0,0,10,نتائج-تعداد-العام-لسكان-مدينة-نالوت-لسنة-2006م.pdf,91174499e2ab56935ac00a191069014231ed1af9170c21a7581f10259e3b1e5a
Nalut-019,نالوت,Nalut,وازن,630,3749,11,3760,20,5,84,89,650,3754,95,3849,0,0,10,نتائج-تعداد-العام-لسكان-مدينة-نالوت-لسنة-2006م.pdf,91174499e2ab56935ac00a191069014231ed1af9170c21a7581f10259e3b1e5a
Nalut-020,نالوت,Nalut,الحرابة الغربية,678,3757,0,3757,22,2,70,72,700,3759,70,3829,0,0,10,نتائج-تعداد-العام-لسكان-مدينة-نالوت-لسنة-2006م.pdf,91174499e2ab56935ac00a191069014231ed1af9170c21a7581f10259e3b1e5a
Nalut-021,نالوت,Nalut,الوسط \ الحرابة,247,1439,8,1447,15,0,45,45,262,1439,53,1492,0,0,10,نتائج-تعداد-العام-لسكان-مدينة-نالوت-لسنة-2006م.pdf,91174499e2ab56935ac00a191069014231ed1af9170c21a7581f10259e3b1e5a
Nalut-022,نالوت,Nalut,الشرقية \ الحرابة,596,3252,11,3263,68,11,214,225,664,3263,225,3488,0,0,10,نتائج-تعداد-العام-لسكان-مدينة-نالوت-لسنة-2006م.pdf,91174499e2ab56935ac00a191069014231ed1af9170c21a7581f10259e3b1e5a
Nalut-023,نالوت,Nalut,سيناون,466,2897,25,2922,105,5,387,392,571,2902,412,3314,0,0,10,نتائج-تعداد-العام-لسكان-مدينة-نالوت-لسنة-2006م.pdf,91174499e2ab56935ac00a191069014231ed1af9170c21a7581f10259e3b1e5a
Nalut-024,نالوت,Nalut,درج,642,4391,31,4422,120,42,476,518,762,4433,507,4940,0,0,10,نتائج-تعداد-العام-لسكان-مدينة-نالوت-لسنة-2006م.pdf,91174499e2ab56935ac00a191069014231ed1af9170c21a7581f10259e3b1e5a
Nalut-025,نالوت,Nalut,بنغستان,333,2321,21,2342,59,7,253,260,392,2328,274,2602,0,0,10,نتائج-تعداد-العام-لسكان-مدينة-نالوت-لسنة-2006م.pdf,91174499e2ab56935ac00a191069014231ed1af9170c21a7581f10259e3b1e5a
Nalut-026,نالوت,Nalut,وليد,758,4738,32,4770,58,55,285,340,816,4793,317,5110,0,0,10,نتائج-تعداد-العام-لسكان-مدينة-نالوت-لسنة-2006م.pdf,91174499e2ab56935ac00a191069014231ed1af9170c21a7581f10259e3b1e5a
Nalut-027,نالوت,Nalut,وازيت,462,2672,9,2681,68,12,174,186,530,2684,183,2867,0,0,10,نتائج-تعداد-العام-لسكان-مدينة-نالوت-لسنة-2006م.pdf,91174499e2ab56935ac00a191069014231ed1af9170c21a7581f10259e3b1e5a
Nalut-028,نالوت,Nalut,افوغاس,240,1228,34,1262,86,35,600,635,326,1263,634,1897,0,0,10,نتائج-تعداد-العام-لسكان-مدينة-نالوت-لسنة-2006م.pdf,91174499e2ab56935ac00a191069014231ed1af9170c21a7581f10259e3b1e5a
Wadi al Hayaa-001,وادي الحياة,Wadi al Hayaa,اوباري,4355,25720,180,25900,437,143,1359,1502,4792,25863,1539,27402,0,0,10,نتائج-تعداد-العام-لسكان-مدينة-وادي-الحياة-لسنة-2006م.pdf,04e835c1759e8142629248766c7a5cb81326b055f4f3c8179be4956dd13870d2
Wadi al Hayaa-002,وادي الحياة,Wadi al Hayaa,الغريفة,990,6525,65,6590,180,47,678,725,1170,6572,743,7315,0,0,10,نتائج-تعداد-العام-لسكان-مدينة-وادي-الحياة-لسنة-2006م.pdf,04e835c1759e8142629248766c7a5cb81326b055f4f3c8179be4956dd13870d2
Wadi al Hayaa-003,وادي الحياة,Wadi al Hayaa,القعيرات,923,5489,41,5530,138,28,344,372,1061,5517,385,5902,0,0,10,نتائج-تعداد-العام-لسكان-مدينة-وادي-الحياة-لسنة-2006م.pdf,04e835c1759e8142629248766c7a5cb81326b055f4f3c8179be4956dd13870d2
Wadi al Hayaa-004,وادي الحياة,Wadi al Hayaa,جرمة,513,3435,19,3454,27,14,84,98,540,3449,103,3552,0,0,10,نتائج-تعداد-العام-لسكان-مدينة-وادي-الحياة-لسنة-2006م.pdf,04e835c1759e8142629248766c7a5cb81326b055f4f3c8179be4956dd13870d2
Wadi al Hayaa-005,وادي الحياة,Wadi al Hayaa,بريك,740,4377,25,4402,63,23,175,198,803,4400,200,4600,0,0,10,نتائج-تعداد-العام-لسكان-مدينة-وادي-الحياة-لسنة-2006م.pdf,04e835c1759e8142629248766c7a5cb81326b055f4f3c8179be4956dd13870d2
Wadi al Hayaa-006,وادي الحياة,Wadi al Hayaa,تويوة,448,2696,6,2702,24,9,69,78,472,2705,75,2780,0,0,10,نتائج-تعداد-العام-لسكان-مدينة-وادي-الحياة-لسنة-2006م.pdf,04e835c1759e8142629248766c7a5cb81326b055f4f3c8179be4956dd13870d2
Wadi al Hayaa-007,وادي الحياة,Wadi al Hayaa,الشمالية \ الغريفة,918,5346,34,5380,167,40,504,544,1085,5386,538,5924,0,0,10,نتائج-تعداد-العام-لسكان-مدينة-وادي-الحياة-لسنة-2006م.pdf,04e835c1759e8142629248766c7a5cb81326b055f4f3c8179be4956dd13870d2
Wadi al Hayaa-008,وادي الحياة,Wadi al Hayaa,بنت بية \ المركز,752,4505,39,4544,122,16,359,375,874,4521,398,4919,0,0,10,نتائج-تعداد-العام-لسكان-مدينة-وادي-الحياة-لسنة-2006م.pdf,04e835c1759e8142629248766c7a5cb81326b055f4f3c8179be4956dd13870d2
Wadi al Hayaa-009,وادي الحياة,Wadi al Hayaa,بنت بية \ الشمالية,629,3964,28,3992,194,25,435,460,823,3989,463,4452,0,0,10,نتائج-تعداد-العام-لسكان-مدينة-وادي-الحياة-لسنة-2006م.pdf,04e835c1759e8142629248766c7a5cb81326b055f4f3c8179be4956dd13870d2
Wadi al Hayaa-010,وادي الحياة,Wadi al Hayaa,بنت بية \ الغربية,275,1629,15,1644,78,11,248,259,353,1640,263,1903,0,0,10,نتائج-تعداد-العام-لسكان-مدينة-وادي-الحياة-لسنة-2006م.pdf,04e835c1759e8142629248766c7a5cb81326b055f4f3c8179be4956dd13870d2
Wadi al Hayaa-011,وادي الحياة,Wadi al Hayaa,بنت بية \ الوسطى,686,4379,37,4416,235,26,649,675,921,4405,686,5091,0,0,10,نتائج-تعداد-العام-لسكان-مدينة-وادي-الحياة-لسنة-2006م.pdf,04e835c1759e8142629248766c7a5cb81326b055f4f3c8179be4956dd13870d2
Wadi al Hayaa-012,وادي الحياة,Wadi al Hayaa,بنت بية \ الجنوبية,316,2259,15,2274,54,5,139,144,370,2264,154,2418,0,0,10,نتائج-تعداد-العام-لسكان-مدينة-وادي-الحياة-لسنة-2006م.pdf,04e835c1759e8142629248766c7a5cb81326b055f4f3c8179be4956dd13870d2
