year,month,date,group_code,group_name,index,weight,base_year,base_year_source,has_conflict,mom_change_pct,annual_average,family,source_document,source_sha256
2021,8,2021-08,00,General Index,277.4,100.0,,unresolved,0,,,B,تقرير-حول-التضخم-والأرقام-القياسية-لأسعار-المستهلك-عن-شهر-سبتمبر-2021.pdf,6d10e3cc1bafff7be69c32e0d6345bce47a528695dd2aef22b10ccae8bcf19b0
2021,8,2021-08,01,Food and Beverages,316.9,38.8,,unresolved,0,,,B,تقرير-حول-التضخم-والأرقام-القياسية-لأسعار-المستهلك-عن-شهر-سبتمبر-2021.pdf,6d10e3cc1bafff7be69c32e0d6345bce47a528695dd2aef22b10ccae8bcf19b0
2021,8,2021-08,02,Tobacco,264.1,0.7,,unresolved,0,,,B,تقرير-حول-التضخم-والأرقام-القياسية-لأسعار-المستهلك-عن-شهر-سبتمبر-2021.pdf,6d10e3cc1bafff7be69c32e0d6345bce47a528695dd2aef22b10ccae8bcf19b0
2021,8,2021-08,03,Clothing and Footwear,416.5,6.4,,unresolved,0,,,B,تقرير-حول-التضخم-والأرقام-القياسية-لأسعار-المستهلك-عن-شهر-سبتمبر-2021.pdf,6d10e3cc1bafff7be69c32e0d6345bce47a528695dd2aef22b10ccae8bcf19b0
2021,8,2021-08,04,"Housing, Water, Electricity and Other Fuels",176.7,22.7,,unresolved,0,,,B,تقرير-حول-التضخم-والأرقام-القياسية-لأسعار-المستهلك-عن-شهر-سبتمبر-2021.pdf,6d10e3cc1bafff7be69c32e0d6345bce47a528695dd2aef22b10ccae8bcf19b0
2021,8,2021-08,05,Furniture and Household Equipment,355.5,4.9,,unresolved,0,,,B,تقرير-حول-التضخم-والأرقام-القياسية-لأسعار-المستهلك-عن-شهر-سبتمبر-2021.pdf,6d10e3cc1bafff7be69c32e0d6345bce47a528695dd2aef22b10ccae8bcf19b0
2021,8,2021-08,06,Health,337.6,4.1,,unresolved,0,,,B,تقرير-حول-التضخم-والأرقام-القياسية-لأسعار-المستهلك-عن-شهر-سبتمبر-2021.pdf,6d10e3cc1bafff7be69c32e0d6345bce47a528695dd2aef22b10ccae8bcf19b0
2021,8,2021-08,07,Transport,202.9,8.1,,unresolved,0,,,B,تقرير-حول-التضخم-والأرقام-القياسية-لأسعار-المستهلك-عن-شهر-سبتمبر-2021.pdf,6d10e3cc1bafff7be69c32e0d6345bce47a528695dd2aef22b10ccae8bcf19b0
2021,8,2021-08,08,Communication,83.3,2.7,,unresolved,0,,,B,تقرير-حول-التضخم-والأرقام-القياسية-لأسعار-المستهلك-عن-شهر-سبتمبر-2021.pdf,6d10e3cc1bafff7be69c32e0d6345bce47a528695dd2aef22b10ccae8bcf19b0
2021,8,2021-08,09,Recreation and Culture,205.0,2.8,,unresolved,0,,,B,تقرير-حول-التضخم-والأرقام-القياسية-لأسعار-المستهلك-عن-شهر-سبتمبر-2021.pdf,6d10e3cc1bafff7be69c32e0d6345bce47a528695dd2aef22b10ccae8bcf19b0
2021,8,2021-08,10,Education,380.0,4.0,,unresolved,0,,,B,تقرير-حول-التضخم-والأرقام-القياسية-لأسعار-المستهلك-عن-شهر-سبتمبر-2021.pdf,6d10e3cc1bafff7be69c32e0d6345bce47a528695dd2aef22b10ccae8bcf19b0
2021,8,2021-08,11,Restaurants and Hotels,342.8,1.7,,unresolved,0,,,B,تقرير-حول-التضخم-والأرقام-القياسية-لأسعار-المستهلك-عن-شهر-سبتمبر-2021.pdf,6d10e3cc1bafff7be69c32e0d6345bce47a528695dd2aef22b10ccae8bcf19b0
2021,8,2021-08,12,Miscellaneous Goods and Services,290.3,3.1,,unresolved,0,,,B,تقرير-حول-التضخم-والأرقام-القياسية-لأسعار-المستهلك-عن-شهر-سبتمبر-2021.pdf,6d10e3cc1bafff7be69c32e0d6345bce47a528695dd2aef22b10ccae8bcf19b0
2021,9,2021-09,00,General Index,277.8,100.0,,unresolved,0,,,B,تقرير-حول-التضخم-والأرقام-القياسية-لأسعار-المستهلك-عن-شهر-أكتوبر-2021.pdf,9d5fd6f921e2853d4e788fe5170a92e052e356e6897951af1d722a44f0f5ec55
2021,9,2021-09,01,Food and Beverages,316.8,38.8,,unresolved,0,,,B,تقرير-حول-التضخم-والأرقام-القياسية-لأسعار-المستهلك-عن-شهر-أكتوبر-2021.pdf,9d5fd6f921e2853d4e788fe5170a92e052e356e6897951af1d722a44f0f5ec55
2021,9,2021-09,02,Tobacco,264.1,0.7,,unresolved,0,,,B,تقرير-حول-التضخم-والأرقام-القياسية-لأسعار-المستهلك-عن-شهر-أكتوبر-2021.pdf,9d5fd6f921e2853d4e788fe5170a92e052e356e6897951af1d722a44f0f5ec55
2021,9,2021-09,03,Clothing and Footwear,417.7,6.4,,unresolved,0,,,B,تقرير-حول-التضخم-والأرقام-القياسية-لأسعار-المستهلك-عن-شهر-أكتوبر-2021.pdf,9d5fd6f921e2853d4e788fe5170a92e052e356e6897951af1d722a44f0f5ec55
2021,9,2021-09,04,"Housing, Water, Electricity and Other Fuels",177.9,22.7,,unresolved,0,,,B,تقرير-حول-التضخم-والأرقام-القياسية-لأسعار-المستهلك-عن-شهر-أكتوبر-2021.pdf,9d5fd6f921e2853d4e788fe5170a92e052e356e6897951af1d722a44f0f5ec55
2021,9,2021-09,05,Furniture and Household Equipment,355.8,4.9,,unresolved,0,,,B,تقرير-حول-التضخم-والأرقام-القياسية-لأسعار-المستهلك-عن-شهر-أكتوبر-2021.pdf,9d5fd6f921e2853d4e788fe5170a92e052e356e6897951af1d722a44f0f5ec55
2021,9,2021-09,06,Health,339.0,4.1,,unresolved,0,,,B,تقرير-حول-التضخم-والأرقام-القياسية-لأسعار-المستهلك-عن-شهر-أكتوبر-2021.pdf,9d5fd6f921e2853d4e788fe5170a92e052e356e6897951af1d722a44f0f5ec55
2021,9,2021-09,07,Transport,203.6,8.1,,unresolved,0,,,B,تقرير-حول-التضخم-والأرقام-القياسية-لأسعار-المستهلك-عن-شهر-أكتوبر-2021.pdf,9d5fd6f921e2853d4e788fe5170a92e052e356e6897951af1d722a44f0f5ec55
2021,9,2021-09,08,Communication,83.3,2.7,,unresolved,0,,,B,تقرير-حول-التضخم-والأرقام-القياسية-لأسعار-المستهلك-عن-شهر-أكتوبر-2021.pdf,9d5fd6f921e2853d4e788fe5170a92e052e356e6897951af1d722a44f0f5ec55
2021,9,2021-09,09,Recreation and Culture,204.8,2.8,,unresolved,0,,,B,تقرير-حول-التضخم-والأرقام-القياسية-لأسعار-المستهلك-عن-شهر-أكتوبر-2021.pdf,9d5fd6f921e2853d4e788fe5170a92e052e356e6897951af1d722a44f0f5ec55
2021,9,2021-09,10,Education,380.0,4.0,,unresolved,0,,,B,تقرير-حول-التضخم-والأرقام-القياسية-لأسعار-المستهلك-عن-شهر-أكتوبر-2021.pdf,9d5fd6f921e2853d4e788fe5170a92e052e356e6897951af1d722a44f0f5ec55
2021,9,2021-09,11,Restaurants and Hotels,343.0,1.7,,unresolved,0,,,B,تقرير-حول-التضخم-والأرقام-القياسية-لأسعار-المستهلك-عن-شهر-أكتوبر-2021.pdf,9d5fd6f921e2853d4e788fe5170a92e052e356e6897951af1d722a44f0f5ec55
2021,9,2021-09,12,Miscellaneous Goods and Services,290.3,3.1,,unresolved,0,,,B,تقرير-حول-التضخم-والأرقام-القياسية-لأسعار-المستهلك-عن-شهر-أكتوبر-2021.pdf,9d5fd6f921e2853d4e788fe5170a92e052e356e6897951af1d722a44f0f5ec55
2021,10,2021-10,00,General Index,279.2,100.0,,unresolved,0,0.5,,B,تقرير-حول-التضخم-والأرقام-القياسية-لأسعار-المستهلك-عن-شهر-أكتوبر-2021.pdf,9d5fd6f921e2853d4e788fe5170a92e052e356e6897951af1d722a44f0f5ec55
2021,10,2021-10,01,Food and Beverages,319.3,38.8,,unresolved,0,0.8,,B,تقرير-حول-التضخم-والأرقام-القياسية-لأسعار-المستهلك-عن-شهر-أكتوبر-2021.pdf,9d5fd6f921e2853d4e788fe5170a92e052e356e6897951af1d722a44f0f5ec55
2021,10,2021-10,02,Tobacco,264.1,0.7,,unresolved,0,0.0,,B,تقرير-حول-التضخم-والأرقام-القياسية-لأسعار-المستهلك-عن-شهر-أكتوبر-2021.pdf,9d5fd6f921e2853d4e788fe5170a92e052e356e6897951af1d722a44f0f5ec55
2021,10,2021-10,03,Clothing and Footwear,420.7,6.4,,unresolved,0,0.7,,B,تقرير-حول-التضخم-والأرقام-القياسية-لأسعار-المستهلك-عن-شهر-أكتوبر-2021.pdf,9d5fd6f921e2853d4e788fe5170a92e052e356e6897951af1d722a44f0f5ec55
2021,10,2021-10,04,"Housing, Water, Electricity and Other Fuels",178.0,22.7,,unresolved,0,0.1,,B,تقرير-حول-التضخم-والأرقام-القياسية-لأسعار-المستهلك-عن-شهر-أكتوبر-2021.pdf,9d5fd6f921e2853d4e788fe5170a92e052e356e6897951af1d722a44f0f5ec55
2021,10,2021-10,05,Furniture and Household Equipment,357.3,4.9,,unresolved,0,0.4,,B,تقرير-حول-التضخم-والأرقام-القياسية-لأسعار-المستهلك-عن-شهر-أكتوبر-2021.pdf,9d5fd6f921e2853d4e788fe5170a92e052e356e6897951af1d722a44f0f5ec55
2021,10,2021-10,06,Health,340.5,4.1,,unresolved,0,0.4,,B,تقرير-حول-التضخم-والأرقام-القياسية-لأسعار-المستهلك-عن-شهر-أكتوبر-2021.pdf,9d5fd6f921e2853d4e788fe5170a92e052e356e6897951af1d722a44f0f5ec55
2021,10,2021-10,07,Transport,203.7,8.1,,unresolved,0,0.0,,B,تقرير-حول-التضخم-والأرقام-القياسية-لأسعار-المستهلك-عن-شهر-أكتوبر-2021.pdf,9d5fd6f921e2853d4e788fe5170a92e052e356e6897951af1d722a44f0f5ec55
2021,10,2021-10,08,Communication,83.4,2.7,,unresolved,0,0.1,,B,تقرير-حول-التضخم-والأرقام-القياسية-لأسعار-المستهلك-عن-شهر-أكتوبر-2021.pdf,9d5fd6f921e2853d4e788fe5170a92e052e356e6897951af1d722a44f0f5ec55
2021,10,2021-10,09,Recreation and Culture,205.1,2.8,,unresolved,0,0.1,,B,تقرير-حول-التضخم-والأرقام-القياسية-لأسعار-المستهلك-عن-شهر-أكتوبر-2021.pdf,9d5fd6f921e2853d4e788fe5170a92e052e356e6897951af1d722a44f0f5ec55
2021,10,2021-10,10,Education,380.0,4.0,,unresolved,0,0.0,,B,تقرير-حول-التضخم-والأرقام-القياسية-لأسعار-المستهلك-عن-شهر-أكتوبر-2021.pdf,9d5fd6f921e2853d4e788fe5170a92e052e356e6897951af1d722a44f0f5ec55
2021,10,2021-10,11,Restaurants and Hotels,343.0,1.7,,unresolved,0,0.0,,B,تقرير-حول-التضخم-والأرقام-القياسية-لأسعار-المستهلك-عن-شهر-أكتوبر-2021.pdf,9d5fd6f921e2853d4e788fe5170a92e052e356e6897951af1d722a44f0f5ec55
2021,10,2021-10,12,Miscellaneous Goods and Services,292.3,3.1,,unresolved,0,0.7,,B,تقرير-حول-التضخم-والأرقام-القياسية-لأسعار-المستهلك-عن-شهر-أكتوبر-2021.pdf,9d5fd6f921e2853d4e788fe5170a92e052e356e6897951af1d722a44f0f5ec55
2021,11,2021-11,00,General Index,280.7,100.0,,unresolved,0,,,B,تقرير-حول-التضخم-والأرقام-القياسية-لأسعار-المستهلك-عن-شهر-ديسمبر-2021.pdf,03d5da0e8a3744ca58dba5ddf06628a5f782910f9db513a7ff010dedad1da8d8
2021,11,2021-11,01,Food and Beverages,320.4,38.8,,unresolved,0,,,B,تقرير-حول-التضخم-والأرقام-القياسية-لأسعار-المستهلك-عن-شهر-ديسمبر-2021.pdf,03d5da0e8a3744ca58dba5ddf06628a5f782910f9db513a7ff010dedad1da8d8
2021,11,2021-11,02,Tobacco,264.1,0.7,,unresolved,0,,,B,تقرير-حول-التضخم-والأرقام-القياسية-لأسعار-المستهلك-عن-شهر-ديسمبر-2021.pdf,03d5da0e8a3744ca58dba5ddf06628a5f782910f9db513a7ff010dedad1da8d8
2021,11,2021-11,03,Clothing and Footwear,423.2,6.4,,unresolved,0,,,B,تقرير-حول-التضخم-والأرقام-القياسية-لأسعار-المستهلك-عن-شهر-ديسمبر-2021.pdf,03d5da0e8a3744ca58dba5ddf06628a5f782910f9db513a7ff010dedad1da8d8
2021,11,2021-11,04,"Housing, Water, Electricity and Other Fuels",180.7,22.7,,unresolved,0,,,B,تقرير-حول-التضخم-والأرقام-القياسية-لأسعار-المستهلك-عن-شهر-ديسمبر-2021.pdf,03d5da0e8a3744ca58dba5ddf06628a5f782910f9db513a7ff010dedad1da8d8
2021,11,2021-11,05,Furniture and Household Equipment,358.3,4.9,,unresolved,0,,,B,تقرير-حول-التضخم-والأرقام-القياسية-لأسعار-المستهلك-عن-شهر-ديسمبر-2021.pdf,03d5da0e8a3744ca58dba5ddf06628a5f782910f9db513a7ff010dedad1da8d8
2021,11,2021-11,06,Health,341.4,4.1,,unresolved,0,,,B,تقرير-حول-التضخم-والأرقام-القياسية-لأسعار-المستهلك-عن-شهر-ديسمبر-2021.pdf,03d5da0e8a3744ca58dba5ddf06628a5f782910f9db513a7ff010dedad1da8d8
2021,11,2021-11,07,Transport,205.0,8.1,,unresolved,0,,,B,تقرير-حول-التضخم-والأرقام-القياسية-لأسعار-المستهلك-عن-شهر-ديسمبر-2021.pdf,03d5da0e8a3744ca58dba5ddf06628a5f782910f9db513a7ff010dedad1da8d8
2021,11,2021-11,08,Communication,83.6,2.7,,unresolved,0,,,B,تقرير-حول-التضخم-والأرقام-القياسية-لأسعار-المستهلك-عن-شهر-ديسمبر-2021.pdf,03d5da0e8a3744ca58dba5ddf06628a5f782910f9db513a7ff010dedad1da8d8
2021,11,2021-11,09,Recreation and Culture,205.9,2.8,,unresolved,0,,,B,تقرير-حول-التضخم-والأرقام-القياسية-لأسعار-المستهلك-عن-شهر-ديسمبر-2021.pdf,03d5da0e8a3744ca58dba5ddf06628a5f782910f9db513a7ff010dedad1da8d8
2021,11,2021-11,10,Education,380.1,4.0,,unresolved,0,,,B,تقرير-حول-التضخم-والأرقام-القياسية-لأسعار-المستهلك-عن-شهر-ديسمبر-2021.pdf,03d5da0e8a3744ca58dba5ddf06628a5f782910f9db513a7ff010dedad1da8d8
2021,11,2021-11,11,Restaurants and Hotels,344.9,1.7,,unresolved,0,,,B,تقرير-حول-التضخم-والأرقام-القياسية-لأسعار-المستهلك-عن-شهر-ديسمبر-2021.pdf,03d5da0e8a3744ca58dba5ddf06628a5f782910f9db513a7ff010dedad1da8d8
2021,11,2021-11,12,Miscellaneous Goods and Services,293.8,3.1,,unresolved,0,,,B,تقرير-حول-التضخم-والأرقام-القياسية-لأسعار-المستهلك-عن-شهر-ديسمبر-2021.pdf,03d5da0e8a3744ca58dba5ddf06628a5f782910f9db513a7ff010dedad1da8d8
2021,12,2021-12,00,General Index,280.5,100.0,,unresolved,0,-0.1,,B,تقرير-حول-التضخم-والأرقام-القياسية-لأسعار-المستهلك-عن-شهر-ديسمبر-2021.pdf,03d5da0e8a3744ca58dba5ddf06628a5f782910f9db513a7ff010dedad1da8d8
2021,12,2021-12,01,Food and Beverages,319.2,38.8,,unresolved,0,-0.4,,B,تقرير-حول-التضخم-والأرقام-القياسية-لأسعار-المستهلك-عن-شهر-ديسمبر-2021.pdf,03d5da0e8a3744ca58dba5ddf06628a5f782910f9db513a7ff010dedad1da8d8
2021,12,2021-12,02,Tobacco,264.1,0.7,,unresolved,0,0.0,,B,تقرير-حول-التضخم-والأرقام-القياسية-لأسعار-المستهلك-عن-شهر-ديسمبر-2021.pdf,03d5da0e8a3744ca58dba5ddf06628a5f782910f9db513a7ff010dedad1da8d8
2021,12,2021-12,03,Clothing and Footwear,424.8,6.4,,unresolved,0,0.4,,B,تقرير-حول-التضخم-والأرقام-القياسية-لأسعار-المستهلك-عن-شهر-ديسمبر-2021.pdf,03d5da0e8a3744ca58dba5ddf06628a5f782910f9db513a7ff010dedad1da8d8
2021,12,2021-12,04,"Housing, Water, Electricity and Other Fuels",180.7,22.7,,unresolved,0,0.0,,B,تقرير-حول-التضخم-والأرقام-القياسية-لأسعار-المستهلك-عن-شهر-ديسمبر-2021.pdf,03d5da0e8a3744ca58dba5ddf06628a5f782910f9db513a7ff010dedad1da8d8
2021,12,2021-12,05,Furniture and Household Equipment,359.7,4.9,,unresolved,0,0.4,,B,تقرير-حول-التضخم-والأرقام-القياسية-لأسعار-المستهلك-عن-شهر-ديسمبر-2021.pdf,03d5da0e8a3744ca58dba5ddf06628a5f782910f9db513a7ff010dedad1da8d8
2021,12,2021-12,06,Health,341.4,4.1,,unresolved,0,0.0,,B,تقرير-حول-التضخم-والأرقام-القياسية-لأسعار-المستهلك-عن-شهر-ديسمبر-2021.pdf,03d5da0e8a3744ca58dba5ddf06628a5f782910f9db513a7ff010dedad1da8d8
2021,12,2021-12,07,Transport,205.2,8.1,,unresolved,0,0.1,,B,تقرير-حول-التضخم-والأرقام-القياسية-لأسعار-المستهلك-عن-شهر-ديسمبر-2021.pdf,03d5da0e8a3744ca58dba5ddf06628a5f782910f9db513a7ff010dedad1da8d8
2021,12,2021-12,08,Communication,83.6,2.7,,unresolved,0,0.0,,B,تقرير-حول-التضخم-والأرقام-القياسية-لأسعار-المستهلك-عن-شهر-ديسمبر-2021.pdf,03d5da0e8a3744ca58dba5ddf06628a5f782910f9db513a7ff010dedad1da8d8
2021,12,2021-12,09,Recreation and Culture,206.7,2.8,,unresolved,0,0.4,,B,تقرير-حول-التضخم-والأرقام-القياسية-لأسعار-المستهلك-عن-شهر-ديسمبر-2021.pdf,03d5da0e8a3744ca58dba5ddf06628a5f782910f9db513a7ff010dedad1da8d8
2021,12,2021-12,10,Education,380.1,4.0,,unresolved,0,0.0,,B,تقرير-حول-التضخم-والأرقام-القياسية-لأسعار-المستهلك-عن-شهر-ديسمبر-2021.pdf,03d5da0e8a3744ca58dba5ddf06628a5f782910f9db513a7ff010dedad1da8d8
2021,12,2021-12,11,Restaurants and Hotels,344.9,1.7,,unresolved,0,0.0,,B,تقرير-حول-التضخم-والأرقام-القياسية-لأسعار-المستهلك-عن-شهر-ديسمبر-2021.pdf,03d5da0e8a3744ca58dba5ddf06628a5f782910f9db513a7ff010dedad1da8d8
2021,12,2021-12,12,Miscellaneous Goods and Services,294.5,3.1,,unresolved,0,0.2,,B,تقرير-حول-التضخم-والأرقام-القياسية-لأسعار-المستهلك-عن-شهر-ديسمبر-2021.pdf,03d5da0e8a3744ca58dba5ddf06628a5f782910f9db513a7ff010dedad1da8d8
2026,3,2026-03,00,General Index,113.9,100.0,,unresolved,0,,,B,تقرير-حول-التضخم-والأرقام-القياسية-لأسعار-المستهلك-عن-شهر-أبريل-2026.pdf,ba5893c5ebc6e26f6a95db78e97ee1c124668c6827d8fb92d4d37dfb041d3231
2026,3,2026-03,01,Food and Beverages,119.5,40.39,,unresolved,0,,,B,تقرير-حول-التضخم-والأرقام-القياسية-لأسعار-المستهلك-عن-شهر-أبريل-2026.pdf,ba5893c5ebc6e26f6a95db78e97ee1c124668c6827d8fb92d4d37dfb041d3231
2026,3,2026-03,02,Tobacco,108.4,0.34,,unresolved,0,,,B,تقرير-حول-التضخم-والأرقام-القياسية-لأسعار-المستهلك-عن-شهر-أبريل-2026.pdf,ba5893c5ebc6e26f6a95db78e97ee1c124668c6827d8fb92d4d37dfb041d3231
2026,3,2026-03,03,Clothing and Footwear,120.4,10.25,,unresolved,0,,,B,تقرير-حول-التضخم-والأرقام-القياسية-لأسعار-المستهلك-عن-شهر-أبريل-2026.pdf,ba5893c5ebc6e26f6a95db78e97ee1c124668c6827d8fb92d4d37dfb041d3231
2026,3,2026-03,04,"Housing, Water, Electricity and Other Fuels",107.4,24.09,,unresolved,0,,,B,تقرير-حول-التضخم-والأرقام-القياسية-لأسعار-المستهلك-عن-شهر-أبريل-2026.pdf,ba5893c5ebc6e26f6a95db78e97ee1c124668c6827d8fb92d4d37dfb041d3231
2026,3,2026-03,06,Health,112.2,4.03,,unresolved,0,,,B,تقرير-حول-التضخم-والأرقام-القياسية-لأسعار-المستهلك-عن-شهر-أبريل-2026.pdf,ba5893c5ebc6e26f6a95db78e97ee1c124668c6827d8fb92d4d37dfb041d3231
2026,3,2026-03,07,Transport,110.1,3.6,,unresolved,0,,,B,تقرير-حول-التضخم-والأرقام-القياسية-لأسعار-المستهلك-عن-شهر-أبريل-2026.pdf,ba5893c5ebc6e26f6a95db78e97ee1c124668c6827d8fb92d4d37dfb041d3231
2026,3,2026-03,08,Communication,105.8,4.06,,unresolved,0,,,B,تقرير-حول-التضخم-والأرقام-القياسية-لأسعار-المستهلك-عن-شهر-أبريل-2026.pdf,ba5893c5ebc6e26f6a95db78e97ee1c124668c6827d8fb92d4d37dfb041d3231
2026,3,2026-03,09,Recreation and Culture,105.8,0.88,,unresolved,0,,,B,تقرير-حول-التضخم-والأرقام-القياسية-لأسعار-المستهلك-عن-شهر-أبريل-2026.pdf,ba5893c5ebc6e26f6a95db78e97ee1c124668c6827d8fb92d4d37dfb041d3231
2026,3,2026-03,10,Education,103.8,4.06,,unresolved,0,,,B,تقرير-حول-التضخم-والأرقام-القياسية-لأسعار-المستهلك-عن-شهر-أبريل-2026.pdf,ba5893c5ebc6e26f6a95db78e97ee1c124668c6827d8fb92d4d37dfb041d3231
2026,3,2026-03,11,Restaurants and Hotels,110.8,0.64,,unresolved,0,,,B,تقرير-حول-التضخم-والأرقام-القياسية-لأسعار-المستهلك-عن-شهر-أبريل-2026.pdf,ba5893c5ebc6e26f6a95db78e97ee1c124668c6827d8fb92d4d37dfb041d3231
2026,3,2026-03,12,Miscellaneous Goods and Services,114.6,2.57,,unresolved,0,,,B,تقرير-حول-التضخم-والأرقام-القياسية-لأسعار-المستهلك-عن-شهر-أبريل-2026.pdf,ba5893c5ebc6e26f6a95db78e97ee1c124668c6827d8fb92d4d37dfb041d3231
2026,4,2026-04,00,General Index,116.0,100.0,,unresolved,0,1.8,,B,تقرير-حول-التضخم-والأرقام-القياسية-لأسعار-المستهلك-عن-شهر-أبريل-2026.pdf,ba5893c5ebc6e26f6a95db78e97ee1c124668c6827d8fb92d4d37dfb041d3231
2026,4,2026-04,01,Food and Beverages,121.9,40.39,,unresolved,0,2.0,,B,تقرير-حول-التضخم-والأرقام-القياسية-لأسعار-المستهلك-عن-شهر-أبريل-2026.pdf,ba5893c5ebc6e26f6a95db78e97ee1c124668c6827d8fb92d4d37dfb041d3231
2026,4,2026-04,02,Tobacco,109.6,0.34,,unresolved,0,1.1,,B,تقرير-حول-التضخم-والأرقام-القياسية-لأسعار-المستهلك-عن-شهر-أبريل-2026.pdf,ba5893c5ebc6e26f6a95db78e97ee1c124668c6827d8fb92d4d37dfb041d3231
2026,4,2026-04,03,Clothing and Footwear,126.1,10.25,,unresolved,0,4.8,,B,تقرير-حول-التضخم-والأرقام-القياسية-لأسعار-المستهلك-عن-شهر-أبريل-2026.pdf,ba5893c5ebc6e26f6a95db78e97ee1c124668c6827d8fb92d4d37dfb041d3231
2026,4,2026-04,04,"Housing, Water, Electricity and Other Fuels",107.4,24.09,,unresolved,0,0.0,,B,تقرير-حول-التضخم-والأرقام-القياسية-لأسعار-المستهلك-عن-شهر-أبريل-2026.pdf,ba5893c5ebc6e26f6a95db78e97ee1c124668c6827d8fb92d4d37dfb041d3231
2026,4,2026-04,06,Health,115.1,4.03,,unresolved,0,2.6,,B,تقرير-حول-التضخم-والأرقام-القياسية-لأسعار-المستهلك-عن-شهر-أبريل-2026.pdf,ba5893c5ebc6e26f6a95db78e97ee1c124668c6827d8fb92d4d37dfb041d3231
2026,4,2026-04,07,Transport,113.1,3.6,,unresolved,0,2.7,,B,تقرير-حول-التضخم-والأرقام-القياسية-لأسعار-المستهلك-عن-شهر-أبريل-2026.pdf,ba5893c5ebc6e26f6a95db78e97ee1c124668c6827d8fb92d4d37dfb041d3231
2026,4,2026-04,08,Communication,108.1,4.06,,unresolved,0,2.2,,B,تقرير-حول-التضخم-والأرقام-القياسية-لأسعار-المستهلك-عن-شهر-أبريل-2026.pdf,ba5893c5ebc6e26f6a95db78e97ee1c124668c6827d8fb92d4d37dfb041d3231
2026,4,2026-04,09,Recreation and Culture,108.4,0.88,,unresolved,0,2.5,,B,تقرير-حول-التضخم-والأرقام-القياسية-لأسعار-المستهلك-عن-شهر-أبريل-2026.pdf,ba5893c5ebc6e26f6a95db78e97ee1c124668c6827d8fb92d4d37dfb041d3231
2026,4,2026-04,10,Education,104.2,4.06,,unresolved,0,0.4,,B,تقرير-حول-التضخم-والأرقام-القياسية-لأسعار-المستهلك-عن-شهر-أبريل-2026.pdf,ba5893c5ebc6e26f6a95db78e97ee1c124668c6827d8fb92d4d37dfb041d3231
2026,4,2026-04,11,Restaurants and Hotels,117.6,0.64,,unresolved,0,6.1,,B,تقرير-حول-التضخم-والأرقام-القياسية-لأسعار-المستهلك-عن-شهر-أبريل-2026.pdf,ba5893c5ebc6e26f6a95db78e97ee1c124668c6827d8fb92d4d37dfb041d3231
2026,4,2026-04,12,Miscellaneous Goods and Services,111.7,2.57,,unresolved,0,-2.5,,B,تقرير-حول-التضخم-والأرقام-القياسية-لأسعار-المستهلك-عن-شهر-أبريل-2026.pdf,ba5893c5ebc6e26f6a95db78e97ee1c124668c6827d8fb92d4d37dfb041d3231
2015,1,2015-01,00,General Index,141.7,100.0,2008.0,stated,0,,150.8,A,الأرقام-القياسية-الشهرية-لأسعار-المستهلك-لسنة-2015م-2019م.pdf,71c26f7616a31d2427d3687fca18c23afff7dea2a9c60365863656d8ec8eb9e4
2015,1,2015-01,02,Tobacco,258.1,0.7,2008.0,stated,0,,260.9,A,الأرقام-القياسية-الشهرية-لأسعار-المستهلك-لسنة-2015م-2019م.pdf,71c26f7616a31d2427d3687fca18c23afff7dea2a9c60365863656d8ec8eb9e4
2015,1,2015-01,06,Health,166.5,4.1,2008.0,stated,0,,175.1,A,الأرقام-القياسية-الشهرية-لأسعار-المستهلك-لسنة-2015م-2019م.pdf,71c26f7616a31d2427d3687fca18c23afff7dea2a9c60365863656d8ec8eb9e4
2015,1,2015-01,07,Transport,133.2,8.1,2008.0,stated,0,,133.6,A,الأرقام-القياسية-الشهرية-لأسعار-المستهلك-لسنة-2015م-2019م.pdf,71c26f7616a31d2427d3687fca18c23afff7dea2a9c60365863656d8ec8eb9e4
2015,1,2015-01,08,Communication,71.7,2.7,2008.0,stated,0,,74.3,A,الأرقام-القياسية-الشهرية-لأسعار-المستهلك-لسنة-2015م-2019م.pdf,71c26f7616a31d2427d3687fca18c23afff7dea2a9c60365863656d8ec8eb9e4
2015,1,2015-01,10,Education,132.7,4.0,2008.0,stated,0,,142.8,A,الأرقام-القياسية-الشهرية-لأسعار-المستهلك-لسنة-2015م-2019م.pdf,71c26f7616a31d2427d3687fca18c23afff7dea2a9c60365863656d8ec8eb9e4
2015,2,2015-02,00,General Index,143.2,100.0,2008.0,stated,0,,150.8,A,الأرقام-القياسية-الشهرية-لأسعار-المستهلك-لسنة-2015م-2019م.pdf,71c26f7616a31d2427d3687fca18c23afff7dea2a9c60365863656d8ec8eb9e4
2015,2,2015-02,02,Tobacco,257.2,0.7,2008.0,stated,0,,260.9,A,الأرقام-القياسية-الشهرية-لأسعار-المستهلك-لسنة-2015م-2019م.pdf,71c26f7616a31d2427d3687fca18c23afff7dea2a9c60365863656d8ec8eb9e4
2015,2,2015-02,06,Health,167.4,4.1,2008.0,stated,0,,175.1,A,الأرقام-القياسية-الشهرية-لأسعار-المستهلك-لسنة-2015م-2019م.pdf,71c26f7616a31d2427d3687fca18c23afff7dea2a9c60365863656d8ec8eb9e4
2015,2,2015-02,07,Transport,133.2,8.1,2008.0,stated,0,,133.6,A,الأرقام-القياسية-الشهرية-لأسعار-المستهلك-لسنة-2015م-2019م.pdf,71c26f7616a31d2427d3687fca18c23afff7dea2a9c60365863656d8ec8eb9e4
2015,2,2015-02,08,Communication,71.7,2.7,2008.0,stated,0,,74.3,A,الأرقام-القياسية-الشهرية-لأسعار-المستهلك-لسنة-2015م-2019م.pdf,71c26f7616a31d2427d3687fca18c23afff7dea2a9c60365863656d8ec8eb9e4
2015,2,2015-02,10,Education,132.7,4.0,2008.0,stated,0,,142.8,A,الأرقام-القياسية-الشهرية-لأسعار-المستهلك-لسنة-2015م-2019م.pdf,71c26f7616a31d2427d3687fca18c23afff7dea2a9c60365863656d8ec8eb9e4
2015,3,2015-03,00,General Index,143.6,100.0,2008.0,stated,0,,150.8,A,الأرقام-القياسية-الشهرية-لأسعار-المستهلك-لسنة-2015م-2019م.pdf,71c26f7616a31d2427d3687fca18c23afff7dea2a9c60365863656d8ec8eb9e4
2015,3,2015-03,02,Tobacco,261.8,0.7,2008.0,stated,0,,260.9,A,الأرقام-القياسية-الشهرية-لأسعار-المستهلك-لسنة-2015م-2019م.pdf,71c26f7616a31d2427d3687fca18c23afff7dea2a9c60365863656d8ec8eb9e4
2015,3,2015-03,06,Health,167.8,4.1,2008.0,stated,0,,175.1,A,الأرقام-القياسية-الشهرية-لأسعار-المستهلك-لسنة-2015م-2019م.pdf,71c26f7616a31d2427d3687fca18c23afff7dea2a9c60365863656d8ec8eb9e4
2015,3,2015-03,07,Transport,133.2,8.1,2008.0,stated,0,,133.6,A,الأرقام-القياسية-الشهرية-لأسعار-المستهلك-لسنة-2015م-2019م.pdf,71c26f7616a31d2427d3687fca18c23afff7dea2a9c60365863656d8ec8eb9e4
2015,3,2015-03,08,Communication,71.7,2.7,2008.0,stated,0,,74.3,A,الأرقام-القياسية-الشهرية-لأسعار-المستهلك-لسنة-2015م-2019م.pdf,71c26f7616a31d2427d3687fca18c23afff7dea2a9c60365863656d8ec8eb9e4
2015,3,2015-03,10,Education,132.7,4.0,2008.0,stated,0,,142.8,A,الأرقام-القياسية-الشهرية-لأسعار-المستهلك-لسنة-2015م-2019م.pdf,71c26f7616a31d2427d3687fca18c23afff7dea2a9c60365863656d8ec8eb9e4
2015,4,2015-04,00,General Index,145.1,100.0,2008.0,stated,0,,150.8,A,الأرقام-القياسية-الشهرية-لأسعار-المستهلك-لسنة-2015م-2019م.pdf,71c26f7616a31d2427d3687fca18c23afff7dea2a9c60365863656d8ec8eb9e4
2015,4,2015-04,02,Tobacco,258.1,0.7,2008.0,stated,0,,260.9,A,الأرقام-القياسية-الشهرية-لأسعار-المستهلك-لسنة-2015م-2019م.pdf,71c26f7616a31d2427d3687fca18c23afff7dea2a9c60365863656d8ec8eb9e4
2015,4,2015-04,06,Health,171.5,4.1,2008.0,stated,0,,175.1,A,الأرقام-القياسية-الشهرية-لأسعار-المستهلك-لسنة-2015م-2019م.pdf,71c26f7616a31d2427d3687fca18c23afff7dea2a9c60365863656d8ec8eb9e4
2015,4,2015-04,07,Transport,132.9,8.1,2008.0,stated,0,,133.6,A,الأرقام-القياسية-الشهرية-لأسعار-المستهلك-لسنة-2015م-2019م.pdf,71c26f7616a31d2427d3687fca18c23afff7dea2a9c60365863656d8ec8eb9e4
2015,4,2015-04,08,Communication,75.2,2.7,2008.0,stated,0,,74.3,A,الأرقام-القياسية-الشهرية-لأسعار-المستهلك-لسنة-2015م-2019م.pdf,71c26f7616a31d2427d3687fca18c23afff7dea2a9c60365863656d8ec8eb9e4
2015,4,2015-04,10,Education,132.7,4.0,2008.0,stated,0,,142.8,A,الأرقام-القياسية-الشهرية-لأسعار-المستهلك-لسنة-2015م-2019م.pdf,71c26f7616a31d2427d3687fca18c23afff7dea2a9c60365863656d8ec8eb9e4
2015,5,2015-05,00,General Index,144.5,100.0,2008.0,stated,0,,150.8,A,الأرقام-القياسية-الشهرية-لأسعار-المستهلك-لسنة-2015م-2019م.pdf,71c26f7616a31d2427d3687fca18c23afff7dea2a9c60365863656d8ec8eb9e4
2015,5,2015-05,02,Tobacco,257.7,0.7,2008.0,stated,0,,260.9,A,الأرقام-القياسية-الشهرية-لأسعار-المستهلك-لسنة-2015م-2019م.pdf,71c26f7616a31d2427d3687fca18c23afff7dea2a9c60365863656d8ec8eb9e4
2015,5,2015-05,06,Health,171.6,4.1,2008.0,stated,0,,175.1,A,الأرقام-القياسية-الشهرية-لأسعار-المستهلك-لسنة-2015م-2019م.pdf,71c26f7616a31d2427d3687fca18c23afff7dea2a9c60365863656d8ec8eb9e4
2015,5,2015-05,07,Transport,132.9,8.1,2008.0,stated,0,,133.6,A,الأرقام-القياسية-الشهرية-لأسعار-المستهلك-لسنة-2015م-2019م.pdf,71c26f7616a31d2427d3687fca18c23afff7dea2a9c60365863656d8ec8eb9e4
2015,5,2015-05,08,Communication,75.2,2.7,2008.0,stated,0,,74.3,A,الأرقام-القياسية-الشهرية-لأسعار-المستهلك-لسنة-2015م-2019م.pdf,71c26f7616a31d2427d3687fca18c23afff7dea2a9c60365863656d8ec8eb9e4
2015,5,2015-05,10,Education,132.7,4.0,2008.0,stated,0,,142.8,A,الأرقام-القياسية-الشهرية-لأسعار-المستهلك-لسنة-2015م-2019م.pdf,71c26f7616a31d2427d3687fca18c23afff7dea2a9c60365863656d8ec8eb9e4
2015,6,2015-06,00,General Index,145.1,100.0,2008.0,stated,0,,150.8,A,الأرقام-القياسية-الشهرية-لأسعار-المستهلك-لسنة-2015م-2019م.pdf,71c26f7616a31d2427d3687fca18c23afff7dea2a9c60365863656d8ec8eb9e4
2015,6,2015-06,02,Tobacco,259.0,0.7,2008.0,stated,0,,260.9,A,الأرقام-القياسية-الشهرية-لأسعار-المستهلك-لسنة-2015م-2019م.pdf,71c26f7616a31d2427d3687fca18c23afff7dea2a9c60365863656d8ec8eb9e4
2015,6,2015-06,06,Health,174.1,4.1,2008.0,stated,0,,175.1,A,الأرقام-القياسية-الشهرية-لأسعار-المستهلك-لسنة-2015م-2019م.pdf,71c26f7616a31d2427d3687fca18c23afff7dea2a9c60365863656d8ec8eb9e4
2015,6,2015-06,07,Transport,132.9,8.1,2008.0,stated,0,,133.6,A,الأرقام-القياسية-الشهرية-لأسعار-المستهلك-لسنة-2015م-2019م.pdf,71c26f7616a31d2427d3687fca18c23afff7dea2a9c60365863656d8ec8eb9e4
2015,6,2015-06,08,Communication,75.2,2.7,2008.0,stated,0,,74.3,A,الأرقام-القياسية-الشهرية-لأسعار-المستهلك-لسنة-2015م-2019م.pdf,71c26f7616a31d2427d3687fca18c23afff7dea2a9c60365863656d8ec8eb9e4
2015,6,2015-06,10,Education,132.7,4.0,2008.0,stated,0,,142.8,A,الأرقام-القياسية-الشهرية-لأسعار-المستهلك-لسنة-2015م-2019م.pdf,71c26f7616a31d2427d3687fca18c23afff7dea2a9c60365863656d8ec8eb9e4
2015,7,2015-07,00,General Index,146.5,100.0,2008.0,stated,0,,150.8,A,الأرقام-القياسية-الشهرية-لأسعار-المستهلك-لسنة-2015م-2019م.pdf,71c26f7616a31d2427d3687fca18c23afff7dea2a9c60365863656d8ec8eb9e4
2015,7,2015-07,02,Tobacco,259.0,0.7,2008.0,stated,0,,260.9,A,الأرقام-القياسية-الشهرية-لأسعار-المستهلك-لسنة-2015م-2019م.pdf,71c26f7616a31d2427d3687fca18c23afff7dea2a9c60365863656d8ec8eb9e4
2015,7,2015-07,06,Health,174.7,4.1,2008.0,stated,0,,175.1,A,الأرقام-القياسية-الشهرية-لأسعار-المستهلك-لسنة-2015م-2019م.pdf,71c26f7616a31d2427d3687fca18c23afff7dea2a9c60365863656d8ec8eb9e4
2015,7,2015-07,07,Transport,133.3,8.1,2008.0,stated,0,,133.6,A,الأرقام-القياسية-الشهرية-لأسعار-المستهلك-لسنة-2015م-2019م.pdf,71c26f7616a31d2427d3687fca18c23afff7dea2a9c60365863656d8ec8eb9e4
2015,7,2015-07,08,Communication,75.2,2.7,2008.0,stated,0,,74.3,A,الأرقام-القياسية-الشهرية-لأسعار-المستهلك-لسنة-2015م-2019م.pdf,71c26f7616a31d2427d3687fca18c23afff7dea2a9c60365863656d8ec8eb9e4
2015,7,2015-07,10,Education,139.9,4.0,2008.0,stated,0,,142.8,A,الأرقام-القياسية-الشهرية-لأسعار-المستهلك-لسنة-2015م-2019م.pdf,71c26f7616a31d2427d3687fca18c23afff7dea2a9c60365863656d8ec8eb9e4
2015,8,2015-08,00,General Index,151.6,100.0,2008.0,stated,0,,150.8,A,الأرقام-القياسية-الشهرية-لأسعار-المستهلك-لسنة-2015م-2019م.pdf,71c26f7616a31d2427d3687fca18c23afff7dea2a9c60365863656d8ec8eb9e4
2015,8,2015-08,02,Tobacco,260.8,0.7,2008.0,stated,0,,260.9,A,الأرقام-القياسية-الشهرية-لأسعار-المستهلك-لسنة-2015م-2019م.pdf,71c26f7616a31d2427d3687fca18c23afff7dea2a9c60365863656d8ec8eb9e4
2015,8,2015-08,06,Health,174.7,4.1,2008.0,stated,0,,175.1,A,الأرقام-القياسية-الشهرية-لأسعار-المستهلك-لسنة-2015م-2019م.pdf,71c26f7616a31d2427d3687fca18c23afff7dea2a9c60365863656d8ec8eb9e4
2015,8,2015-08,07,Transport,133.3,8.1,2008.0,stated,0,,133.6,A,الأرقام-القياسية-الشهرية-لأسعار-المستهلك-لسنة-2015م-2019م.pdf,71c26f7616a31d2427d3687fca18c23afff7dea2a9c60365863656d8ec8eb9e4
2015,8,2015-08,08,Communication,75.2,2.7,2008.0,stated,0,,74.3,A,الأرقام-القياسية-الشهرية-لأسعار-المستهلك-لسنة-2015م-2019م.pdf,71c26f7616a31d2427d3687fca18c23afff7dea2a9c60365863656d8ec8eb9e4
2015,8,2015-08,10,Education,155.2,4.0,2008.0,stated,0,,142.8,A,الأرقام-القياسية-الشهرية-لأسعار-المستهلك-لسنة-2015م-2019م.pdf,71c26f7616a31d2427d3687fca18c23afff7dea2a9c60365863656d8ec8eb9e4
2015,9,2015-09,00,General Index,154.7,100.0,2008.0,stated,0,,150.8,A,الأرقام-القياسية-الشهرية-لأسعار-المستهلك-لسنة-2015م-2019م.pdf,71c26f7616a31d2427d3687fca18c23afff7dea2a9c60365863656d8ec8eb9e4
2015,9,2015-09,02,Tobacco,264.6,0.7,2008.0,stated,0,,260.9,A,الأرقام-القياسية-الشهرية-لأسعار-المستهلك-لسنة-2015م-2019م.pdf,71c26f7616a31d2427d3687fca18c23afff7dea2a9c60365863656d8ec8eb9e4
2015,9,2015-09,06,Health,178.3,4.1,2008.0,stated,0,,175.1,A,الأرقام-القياسية-الشهرية-لأسعار-المستهلك-لسنة-2015م-2019م.pdf,71c26f7616a31d2427d3687fca18c23afff7dea2a9c60365863656d8ec8eb9e4
2015,9,2015-09,07,Transport,133.3,8.1,2008.0,stated,0,,133.6,A,الأرقام-القياسية-الشهرية-لأسعار-المستهلك-لسنة-2015م-2019م.pdf,71c26f7616a31d2427d3687fca18c23afff7dea2a9c60365863656d8ec8eb9e4
2015,9,2015-09,08,Communication,75.2,2.7,2008.0,stated,0,,74.3,A,الأرقام-القياسية-الشهرية-لأسعار-المستهلك-لسنة-2015م-2019م.pdf,71c26f7616a31d2427d3687fca18c23afff7dea2a9c60365863656d8ec8eb9e4
2015,9,2015-09,10,Education,155.2,4.0,2008.0,stated,0,,142.8,A,الأرقام-القياسية-الشهرية-لأسعار-المستهلك-لسنة-2015م-2019م.pdf,71c26f7616a31d2427d3687fca18c23afff7dea2a9c60365863656d8ec8eb9e4
2015,10,2015-10,00,General Index,161.9,100.0,2008.0,stated,0,,150.8,A,الأرقام-القياسية-الشهرية-لأسعار-المستهلك-لسنة-2015م-2019م.pdf,71c26f7616a31d2427d3687fca18c23afff7dea2a9c60365863656d8ec8eb9e4
2015,10,2015-10,02,Tobacco,264.6,0.7,2008.0,stated,0,,260.9,A,الأرقام-القياسية-الشهرية-لأسعار-المستهلك-لسنة-2015م-2019م.pdf,71c26f7616a31d2427d3687fca18c23afff7dea2a9c60365863656d8ec8eb9e4
2015,10,2015-10,06,Health,176.6,4.1,2008.0,stated,0,,175.1,A,الأرقام-القياسية-الشهرية-لأسعار-المستهلك-لسنة-2015م-2019م.pdf,71c26f7616a31d2427d3687fca18c23afff7dea2a9c60365863656d8ec8eb9e4
2015,10,2015-10,07,Transport,134.5,8.1,2008.0,stated,0,,133.6,A,الأرقام-القياسية-الشهرية-لأسعار-المستهلك-لسنة-2015م-2019م.pdf,71c26f7616a31d2427d3687fca18c23afff7dea2a9c60365863656d8ec8eb9e4
2015,10,2015-10,08,Communication,75.2,2.7,2008.0,stated,0,,74.3,A,الأرقام-القياسية-الشهرية-لأسعار-المستهلك-لسنة-2015م-2019م.pdf,71c26f7616a31d2427d3687fca18c23afff7dea2a9c60365863656d8ec8eb9e4
2015,10,2015-10,10,Education,155.2,4.0,2008.0,stated,0,,142.8,A,الأرقام-القياسية-الشهرية-لأسعار-المستهلك-لسنة-2015م-2019م.pdf,71c26f7616a31d2427d3687fca18c23afff7dea2a9c60365863656d8ec8eb9e4
2015,11,2015-11,00,General Index,164.3,100.0,2008.0,stated,0,,150.8,A,الأرقام-القياسية-الشهرية-لأسعار-المستهلك-لسنة-2015م-2019م.pdf,71c26f7616a31d2427d3687fca18c23afff7dea2a9c60365863656d8ec8eb9e4
2015,11,2015-11,02,Tobacco,264.6,0.7,2008.0,stated,0,,260.9,A,الأرقام-القياسية-الشهرية-لأسعار-المستهلك-لسنة-2015م-2019م.pdf,71c26f7616a31d2427d3687fca18c23afff7dea2a9c60365863656d8ec8eb9e4
2015,11,2015-11,06,Health,188.9,4.1,2008.0,stated,0,,175.1,A,الأرقام-القياسية-الشهرية-لأسعار-المستهلك-لسنة-2015م-2019م.pdf,71c26f7616a31d2427d3687fca18c23afff7dea2a9c60365863656d8ec8eb9e4
2015,11,2015-11,07,Transport,134.8,8.1,2008.0,stated,0,,133.6,A,الأرقام-القياسية-الشهرية-لأسعار-المستهلك-لسنة-2015م-2019م.pdf,71c26f7616a31d2427d3687fca18c23afff7dea2a9c60365863656d8ec8eb9e4
2015,11,2015-11,08,Communication,75.2,2.7,2008.0,stated,0,,74.3,A,الأرقام-القياسية-الشهرية-لأسعار-المستهلك-لسنة-2015م-2019م.pdf,71c26f7616a31d2427d3687fca18c23afff7dea2a9c60365863656d8ec8eb9e4
2015,11,2015-11,10,Education,155.6,4.0,2008.0,stated,0,,142.8,A,الأرقام-القياسية-الشهرية-لأسعار-المستهلك-لسنة-2015م-2019م.pdf,71c26f7616a31d2427d3687fca18c23afff7dea2a9c60365863656d8ec8eb9e4
2015,12,2015-12,00,General Index,167.2,100.0,2008.0,stated,0,,150.8,A,الأرقام-القياسية-الشهرية-لأسعار-المستهلك-لسنة-2015م-2019م.pdf,71c26f7616a31d2427d3687fca18c23afff7dea2a9c60365863656d8ec8eb9e4
2015,12,2015-12,02,Tobacco,264.6,0.7,2008.0,stated,0,,260.9,A,الأرقام-القياسية-الشهرية-لأسعار-المستهلك-لسنة-2015م-2019م.pdf,71c26f7616a31d2427d3687fca18c23afff7dea2a9c60365863656d8ec8eb9e4
2015,12,2015-12,06,Health,189.4,4.1,2008.0,stated,0,,175.1,A,الأرقام-القياسية-الشهرية-لأسعار-المستهلك-لسنة-2015م-2019م.pdf,71c26f7616a31d2427d3687fca18c23afff7dea2a9c60365863656d8ec8eb9e4
2015,12,2015-12,07,Transport,135.4,8.1,2008.0,stated,0,,133.6,A,الأرقام-القياسية-الشهرية-لأسعار-المستهلك-لسنة-2015م-2019م.pdf,71c26f7616a31d2427d3687fca18c23afff7dea2a9c60365863656d8ec8eb9e4
2015,12,2015-12,08,Communication,75.2,2.7,2008.0,stated,0,,74.3,A,الأرقام-القياسية-الشهرية-لأسعار-المستهلك-لسنة-2015م-2019م.pdf,71c26f7616a31d2427d3687fca18c23afff7dea2a9c60365863656d8ec8eb9e4
2015,12,2015-12,10,Education,155.6,4.0,2008.0,stated,0,,142.8,A,الأرقام-القياسية-الشهرية-لأسعار-المستهلك-لسنة-2015م-2019م.pdf,71c26f7616a31d2427d3687fca18c23afff7dea2a9c60365863656d8ec8eb9e4
2016,1,2016-01,00,General Index,173.1,100.0,2008.0,stated,0,,189.8,A,الأرقام-القياسية-الشهرية-لأسعار-المستهلك-لسنة-2015م-2019م.pdf,71c26f7616a31d2427d3687fca18c23afff7dea2a9c60365863656d8ec8eb9e4
2016,1,2016-01,02,Tobacco,267.9,0.7,2008.0,stated,0,,278.5,A,الأرقام-القياسية-الشهرية-لأسعار-المستهلك-لسنة-2015م-2019م.pdf,71c26f7616a31d2427d3687fca18c23afff7dea2a9c60365863656d8ec8eb9e4
2016,1,2016-01,06,Health,204.7,4.1,2008.0,stated,0,,230.3,A,الأرقام-القياسية-الشهرية-لأسعار-المستهلك-لسنة-2015م-2019م.pdf,71c26f7616a31d2427d3687fca18c23afff7dea2a9c60365863656d8ec8eb9e4
2016,1,2016-01,07,Transport,155.8,8.1,2008.0,stated,0,,159.7,A,الأرقام-القياسية-الشهرية-لأسعار-المستهلك-لسنة-2015م-2019م.pdf,71c26f7616a31d2427d3687fca18c23afff7dea2a9c60365863656d8ec8eb9e4
2016,1,2016-01,08,Communication,75.2,2.7,2008.0,stated,0,,75.3,A,الأرقام-القياسية-الشهرية-لأسعار-المستهلك-لسنة-2015م-2019م.pdf,71c26f7616a31d2427d3687fca18c23afff7dea2a9c60365863656d8ec8eb9e4
2016,1,2016-01,10,Education,165.0,4.0,2008.0,stated,0,,192.1,A,الأرقام-القياسية-الشهرية-لأسعار-المستهلك-لسنة-2015م-2019م.pdf,71c26f7616a31d2427d3687fca18c23afff7dea2a9c60365863656d8ec8eb9e4
2016,2,2016-02,00,General Index,175.7,100.0,2008.0,stated,0,,189.8,A,الأرقام-القياسية-الشهرية-لأسعار-المستهلك-لسنة-2015م-2019م.pdf,71c26f7616a31d2427d3687fca18c23afff7dea2a9c60365863656d8ec8eb9e4
2016,2,2016-02,02,Tobacco,267.9,0.7,2008.0,stated,0,,278.5,A,الأرقام-القياسية-الشهرية-لأسعار-المستهلك-لسنة-2015م-2019م.pdf,71c26f7616a31d2427d3687fca18c23afff7dea2a9c60365863656d8ec8eb9e4
2016,2,2016-02,06,Health,207.6,4.1,2008.0,stated,0,,230.3,A,الأرقام-القياسية-الشهرية-لأسعار-المستهلك-لسنة-2015م-2019م.pdf,71c26f7616a31d2427d3687fca18c23afff7dea2a9c60365863656d8ec8eb9e4
2016,2,2016-02,07,Transport,156.2,8.1,2008.0,stated,0,,159.7,A,الأرقام-القياسية-الشهرية-لأسعار-المستهلك-لسنة-2015م-2019م.pdf,71c26f7616a31d2427d3687fca18c23afff7dea2a9c60365863656d8ec8eb9e4
2016,2,2016-02,08,Communication,75.2,2.7,2008.0,stated,0,,75.3,A,الأرقام-القياسية-الشهرية-لأسعار-المستهلك-لسنة-2015م-2019م.pdf,71c26f7616a31d2427d3687fca18c23afff7dea2a9c60365863656d8ec8eb9e4
2016,2,2016-02,10,Education,165.0,4.0,2008.0,stated,0,,192.1,A,الأرقام-القياسية-الشهرية-لأسعار-المستهلك-لسنة-2015م-2019م.pdf,71c26f7616a31d2427d3687fca18c23afff7dea2a9c60365863656d8ec8eb9e4
2016,3,2016-03,00,General Index,181.6,100.0,2008.0,stated,0,,189.8,A,الأرقام-القياسية-الشهرية-لأسعار-المستهلك-لسنة-2015م-2019م.pdf,71c26f7616a31d2427d3687fca18c23afff7dea2a9c60365863656d8ec8eb9e4
2016,3,2016-03,02,Tobacco,269.1,0.7,2008.0,stated,0,,278.5,A,الأرقام-القياسية-الشهرية-لأسعار-المستهلك-لسنة-2015م-2019م.pdf,71c26f7616a31d2427d3687fca18c23afff7dea2a9c60365863656d8ec8eb9e4
2016,3,2016-03,06,Health,223.8,4.1,2008.0,stated,0,,230.3,A,الأرقام-القياسية-الشهرية-لأسعار-المستهلك-لسنة-2015م-2019م.pdf,71c26f7616a31d2427d3687fca18c23afff7dea2a9c60365863656d8ec8eb9e4
2016,3,2016-03,07,Transport,157.0,8.1,2008.0,stated,0,,159.7,A,الأرقام-القياسية-الشهرية-لأسعار-المستهلك-لسنة-2015م-2019م.pdf,71c26f7616a31d2427d3687fca18c23afff7dea2a9c60365863656d8ec8eb9e4
2016,3,2016-03,08,Communication,75.2,2.7,2008.0,stated,0,,75.3,A,الأرقام-القياسية-الشهرية-لأسعار-المستهلك-لسنة-2015م-2019م.pdf,71c26f7616a31d2427d3687fca18c23afff7dea2a9c60365863656d8ec8eb9e4
2016,3,2016-03,10,Education,165.0,4.0,2008.0,stated,0,,192.1,A,الأرقام-القياسية-الشهرية-لأسعار-المستهلك-لسنة-2015م-2019م.pdf,71c26f7616a31d2427d3687fca18c23afff7dea2a9c60365863656d8ec8eb9e4
2016,4,2016-04,00,General Index,179.2,100.0,2008.0,stated,0,,189.8,A,الأرقام-القياسية-الشهرية-لأسعار-المستهلك-لسنة-2015م-2019م.pdf,71c26f7616a31d2427d3687fca18c23afff7dea2a9c60365863656d8ec8eb9e4
2016,4,2016-04,02,Tobacco,269.1,0.7,2008.0,stated,0,,278.5,A,الأرقام-القياسية-الشهرية-لأسعار-المستهلك-لسنة-2015م-2019م.pdf,71c26f7616a31d2427d3687fca18c23afff7dea2a9c60365863656d8ec8eb9e4
2016,4,2016-04,06,Health,224.5,4.1,2008.0,stated,0,,230.3,A,الأرقام-القياسية-الشهرية-لأسعار-المستهلك-لسنة-2015م-2019م.pdf,71c26f7616a31d2427d3687fca18c23afff7dea2a9c60365863656d8ec8eb9e4
2016,4,2016-04,07,Transport,157.6,8.1,2008.0,stated,0,,159.7,A,الأرقام-القياسية-الشهرية-لأسعار-المستهلك-لسنة-2015م-2019م.pdf,71c26f7616a31d2427d3687fca18c23afff7dea2a9c60365863656d8ec8eb9e4
2016,4,2016-04,08,Communication,75.2,2.7,2008.0,stated,0,,75.3,A,الأرقام-القياسية-الشهرية-لأسعار-المستهلك-لسنة-2015م-2019م.pdf,71c26f7616a31d2427d3687fca18c23afff7dea2a9c60365863656d8ec8eb9e4
2016,4,2016-04,10,Education,165.0,4.0,2008.0,stated,0,,192.1,A,الأرقام-القياسية-الشهرية-لأسعار-المستهلك-لسنة-2015م-2019م.pdf,71c26f7616a31d2427d3687fca18c23afff7dea2a9c60365863656d8ec8eb9e4
2016,5,2016-05,00,General Index,179.8,100.0,2008.0,stated,0,,189.8,A,الأرقام-القياسية-الشهرية-لأسعار-المستهلك-لسنة-2015م-2019م.pdf,71c26f7616a31d2427d3687fca18c23afff7dea2a9c60365863656d8ec8eb9e4
2016,5,2016-05,02,Tobacco,269.5,0.7,2008.0,stated,0,,278.5,A,الأرقام-القياسية-الشهرية-لأسعار-المستهلك-لسنة-2015م-2019م.pdf,71c26f7616a31d2427d3687fca18c23afff7dea2a9c60365863656d8ec8eb9e4
2016,5,2016-05,06,Health,225.2,4.1,2008.0,stated,0,,230.3,A,الأرقام-القياسية-الشهرية-لأسعار-المستهلك-لسنة-2015م-2019م.pdf,71c26f7616a31d2427d3687fca18c23afff7dea2a9c60365863656d8ec8eb9e4
2016,5,2016-05,07,Transport,157.9,8.1,2008.0,stated,0,,159.7,A,الأرقام-القياسية-الشهرية-لأسعار-المستهلك-لسنة-2015م-2019م.pdf,71c26f7616a31d2427d3687fca18c23afff7dea2a9c60365863656d8ec8eb9e4
2016,5,2016-05,08,Communication,75.2,2.7,2008.0,stated,0,,75.3,A,الأرقام-القياسية-الشهرية-لأسعار-المستهلك-لسنة-2015م-2019م.pdf,71c26f7616a31d2427d3687fca18c23afff7dea2a9c60365863656d8ec8eb9e4
2016,5,2016-05,10,Education,165.0,4.0,2008.0,stated,0,,192.1,A,الأرقام-القياسية-الشهرية-لأسعار-المستهلك-لسنة-2015م-2019م.pdf,71c26f7616a31d2427d3687fca18c23afff7dea2a9c60365863656d8ec8eb9e4
2016,6,2016-06,00,General Index,184.9,100.0,2008.0,stated,0,,189.8,A,الأرقام-القياسية-الشهرية-لأسعار-المستهلك-لسنة-2015م-2019م.pdf,71c26f7616a31d2427d3687fca18c23afff7dea2a9c60365863656d8ec8eb9e4
2016,6,2016-06,02,Tobacco,269.5,0.7,2008.0,stated,0,,278.5,A,الأرقام-القياسية-الشهرية-لأسعار-المستهلك-لسنة-2015م-2019م.pdf,71c26f7616a31d2427d3687fca18c23afff7dea2a9c60365863656d8ec8eb9e4
2016,6,2016-06,06,Health,226.0,4.1,2008.0,stated,0,,230.3,A,الأرقام-القياسية-الشهرية-لأسعار-المستهلك-لسنة-2015م-2019م.pdf,71c26f7616a31d2427d3687fca18c23afff7dea2a9c60365863656d8ec8eb9e4
2016,6,2016-06,07,Transport,158.2,8.1,2008.0,stated,0,,159.7,A,الأرقام-القياسية-الشهرية-لأسعار-المستهلك-لسنة-2015م-2019م.pdf,71c26f7616a31d2427d3687fca18c23afff7dea2a9c60365863656d8ec8eb9e4
2016,6,2016-06,08,Communication,75.2,2.7,2008.0,stated,0,,75.3,A,الأرقام-القياسية-الشهرية-لأسعار-المستهلك-لسنة-2015م-2019م.pdf,71c26f7616a31d2427d3687fca18c23afff7dea2a9c60365863656d8ec8eb9e4
2016,6,2016-06,10,Education,168.2,4.0,2008.0,stated,0,,192.1,A,الأرقام-القياسية-الشهرية-لأسعار-المستهلك-لسنة-2015م-2019م.pdf,71c26f7616a31d2427d3687fca18c23afff7dea2a9c60365863656d8ec8eb9e4
2016,7,2016-07,00,General Index,192.8,100.0,2008.0,stated,0,,189.8,A,الأرقام-القياسية-الشهرية-لأسعار-المستهلك-لسنة-2015م-2019م.pdf,71c26f7616a31d2427d3687fca18c23afff7dea2a9c60365863656d8ec8eb9e4
2016,7,2016-07,02,Tobacco,278.1,0.7,2008.0,stated,0,,278.5,A,الأرقام-القياسية-الشهرية-لأسعار-المستهلك-لسنة-2015م-2019م.pdf,71c26f7616a31d2427d3687fca18c23afff7dea2a9c60365863656d8ec8eb9e4
2016,7,2016-07,06,Health,227.3,4.1,2008.0,stated,0,,230.3,A,الأرقام-القياسية-الشهرية-لأسعار-المستهلك-لسنة-2015م-2019م.pdf,71c26f7616a31d2427d3687fca18c23afff7dea2a9c60365863656d8ec8eb9e4
2016,7,2016-07,07,Transport,158.8,8.1,2008.0,stated,0,,159.7,A,الأرقام-القياسية-الشهرية-لأسعار-المستهلك-لسنة-2015م-2019م.pdf,71c26f7616a31d2427d3687fca18c23afff7dea2a9c60365863656d8ec8eb9e4
2016,7,2016-07,08,Communication,75.2,2.7,2008.0,stated,0,,75.3,A,الأرقام-القياسية-الشهرية-لأسعار-المستهلك-لسنة-2015م-2019م.pdf,71c26f7616a31d2427d3687fca18c23afff7dea2a9c60365863656d8ec8eb9e4
2016,7,2016-07,10,Education,182.1,4.0,2008.0,stated,0,,192.1,A,الأرقام-القياسية-الشهرية-لأسعار-المستهلك-لسنة-2015م-2019م.pdf,71c26f7616a31d2427d3687fca18c23afff7dea2a9c60365863656d8ec8eb9e4
2016,8,2016-08,00,General Index,197.2,100.0,2008.0,stated,0,,189.8,A,الأرقام-القياسية-الشهرية-لأسعار-المستهلك-لسنة-2015م-2019م.pdf,71c26f7616a31d2427d3687fca18c23afff7dea2a9c60365863656d8ec8eb9e4
2016,8,2016-08,02,Tobacco,282.4,0.7,2008.0,stated,0,,278.5,A,الأرقام-القياسية-الشهرية-لأسعار-المستهلك-لسنة-2015م-2019م.pdf,71c26f7616a31d2427d3687fca18c23afff7dea2a9c60365863656d8ec8eb9e4
2016,8,2016-08,06,Health,232.0,4.1,2008.0,stated,0,,230.3,A,الأرقام-القياسية-الشهرية-لأسعار-المستهلك-لسنة-2015م-2019م.pdf,71c26f7616a31d2427d3687fca18c23afff7dea2a9c60365863656d8ec8eb9e4
2016,8,2016-08,07,Transport,160.1,8.1,2008.0,stated,0,,159.7,A,الأرقام-القياسية-الشهرية-لأسعار-المستهلك-لسنة-2015م-2019م.pdf,71c26f7616a31d2427d3687fca18c23afff7dea2a9c60365863656d8ec8eb9e4
2016,8,2016-08,08,Communication,75.2,2.7,2008.0,stated,0,,75.3,A,الأرقام-القياسية-الشهرية-لأسعار-المستهلك-لسنة-2015م-2019م.pdf,71c26f7616a31d2427d3687fca18c23afff7dea2a9c60365863656d8ec8eb9e4
2016,8,2016-08,10,Education,211.4,4.0,2008.0,stated,0,,192.1,A,الأرقام-القياسية-الشهرية-لأسعار-المستهلك-لسنة-2015م-2019م.pdf,71c26f7616a31d2427d3687fca18c23afff7dea2a9c60365863656d8ec8eb9e4
2016,9,2016-09,00,General Index,199.6,100.0,2008.0,stated,0,,189.8,A,الأرقام-القياسية-الشهرية-لأسعار-المستهلك-لسنة-2015م-2019م.pdf,71c26f7616a31d2427d3687fca18c23afff7dea2a9c60365863656d8ec8eb9e4
2016,9,2016-09,02,Tobacco,288.7,0.7,2008.0,stated,0,,278.5,A,الأرقام-القياسية-الشهرية-لأسعار-المستهلك-لسنة-2015م-2019م.pdf,71c26f7616a31d2427d3687fca18c23afff7dea2a9c60365863656d8ec8eb9e4
2016,9,2016-09,06,Health,235.8,4.1,2008.0,stated,0,,230.3,A,الأرقام-القياسية-الشهرية-لأسعار-المستهلك-لسنة-2015م-2019م.pdf,71c26f7616a31d2427d3687fca18c23afff7dea2a9c60365863656d8ec8eb9e4
2016,9,2016-09,07,Transport,161.4,8.1,2008.0,stated,0,,159.7,A,الأرقام-القياسية-الشهرية-لأسعار-المستهلك-لسنة-2015م-2019م.pdf,71c26f7616a31d2427d3687fca18c23afff7dea2a9c60365863656d8ec8eb9e4
2016,9,2016-09,08,Communication,75.2,2.7,2008.0,stated,0,,75.3,A,الأرقام-القياسية-الشهرية-لأسعار-المستهلك-لسنة-2015م-2019م.pdf,71c26f7616a31d2427d3687fca18c23afff7dea2a9c60365863656d8ec8eb9e4
2016,9,2016-09,10,Education,213.1,4.0,2008.0,stated,0,,192.1,A,الأرقام-القياسية-الشهرية-لأسعار-المستهلك-لسنة-2015م-2019م.pdf,71c26f7616a31d2427d3687fca18c23afff7dea2a9c60365863656d8ec8eb9e4
2016,10,2016-10,00,General Index,201.4,100.0,2008.0,stated,0,,189.8,A,الأرقام-القياسية-الشهرية-لأسعار-المستهلك-لسنة-2015م-2019م.pdf,71c26f7616a31d2427d3687fca18c23afff7dea2a9c60365863656d8ec8eb9e4
2016,10,2016-10,02,Tobacco,292.9,0.7,2008.0,stated,0,,278.5,A,الأرقام-القياسية-الشهرية-لأسعار-المستهلك-لسنة-2015م-2019م.pdf,71c26f7616a31d2427d3687fca18c23afff7dea2a9c60365863656d8ec8eb9e4
2016,10,2016-10,06,Health,250.9,4.1,2008.0,stated,0,,230.3,A,الأرقام-القياسية-الشهرية-لأسعار-المستهلك-لسنة-2015م-2019م.pdf,71c26f7616a31d2427d3687fca18c23afff7dea2a9c60365863656d8ec8eb9e4
2016,10,2016-10,07,Transport,162.8,8.1,2008.0,stated,0,,159.7,A,الأرقام-القياسية-الشهرية-لأسعار-المستهلك-لسنة-2015م-2019م.pdf,71c26f7616a31d2427d3687fca18c23afff7dea2a9c60365863656d8ec8eb9e4
2016,10,2016-10,08,Communication,75.2,2.7,2008.0,stated,0,,75.3,A,الأرقام-القياسية-الشهرية-لأسعار-المستهلك-لسنة-2015م-2019م.pdf,71c26f7616a31d2427d3687fca18c23afff7dea2a9c60365863656d8ec8eb9e4
2016,10,2016-10,10,Education,227.1,4.0,2008.0,stated,0,,192.1,A,الأرقام-القياسية-الشهرية-لأسعار-المستهلك-لسنة-2015م-2019م.pdf,71c26f7616a31d2427d3687fca18c23afff7dea2a9c60365863656d8ec8eb9e4
2016,11,2016-11,00,General Index,204.6,100.0,2008.0,stated,0,,189.8,A,الأرقام-القياسية-الشهرية-لأسعار-المستهلك-لسنة-2015م-2019م.pdf,71c26f7616a31d2427d3687fca18c23afff7dea2a9c60365863656d8ec8eb9e4
2016,11,2016-11,02,Tobacco,293.7,0.7,2008.0,stated,0,,278.5,A,الأرقام-القياسية-الشهرية-لأسعار-المستهلك-لسنة-2015م-2019م.pdf,71c26f7616a31d2427d3687fca18c23afff7dea2a9c60365863656d8ec8eb9e4
2016,11,2016-11,06,Health,252.1,4.1,2008.0,stated,0,,230.3,A,الأرقام-القياسية-الشهرية-لأسعار-المستهلك-لسنة-2015م-2019م.pdf,71c26f7616a31d2427d3687fca18c23afff7dea2a9c60365863656d8ec8eb9e4
2016,11,2016-11,07,Transport,164.2,8.1,2008.0,stated,0,,159.7,A,الأرقام-القياسية-الشهرية-لأسعار-المستهلك-لسنة-2015م-2019م.pdf,71c26f7616a31d2427d3687fca18c23afff7dea2a9c60365863656d8ec8eb9e4
2016,11,2016-11,08,Communication,75.2,2.7,2008.0,stated,0,,75.3,A,الأرقام-القياسية-الشهرية-لأسعار-المستهلك-لسنة-2015م-2019م.pdf,71c26f7616a31d2427d3687fca18c23afff7dea2a9c60365863656d8ec8eb9e4
2016,11,2016-11,10,Education,237.4,4.0,2008.0,stated,0,,192.1,A,الأرقام-القياسية-الشهرية-لأسعار-المستهلك-لسنة-2015م-2019م.pdf,71c26f7616a31d2427d3687fca18c23afff7dea2a9c60365863656d8ec8eb9e4
2016,12,2016-12,00,General Index,207.3,100.0,2008.0,stated,0,,189.8,A,الأرقام-القياسية-الشهرية-لأسعار-المستهلك-لسنة-2015م-2019م.pdf,71c26f7616a31d2427d3687fca18c23afff7dea2a9c60365863656d8ec8eb9e4
2016,12,2016-12,02,Tobacco,293.7,0.7,2008.0,stated,0,,278.5,A,الأرقام-القياسية-الشهرية-لأسعار-المستهلك-لسنة-2015م-2019م.pdf,71c26f7616a31d2427d3687fca18c23afff7dea2a9c60365863656d8ec8eb9e4
2016,12,2016-12,06,Health,253.7,4.1,2008.0,stated,0,,230.3,A,الأرقام-القياسية-الشهرية-لأسعار-المستهلك-لسنة-2015م-2019م.pdf,71c26f7616a31d2427d3687fca18c23afff7dea2a9c60365863656d8ec8eb9e4
2016,12,2016-12,07,Transport,166.8,8.1,2008.0,stated,0,,159.7,A,الأرقام-القياسية-الشهرية-لأسعار-المستهلك-لسنة-2015م-2019م.pdf,71c26f7616a31d2427d3687fca18c23afff7dea2a9c60365863656d8ec8eb9e4
2016,12,2016-12,08,Communication,75.7,2.7,2008.0,stated,0,,75.3,A,الأرقام-القياسية-الشهرية-لأسعار-المستهلك-لسنة-2015م-2019م.pdf,71c26f7616a31d2427d3687fca18c23afff7dea2a9c60365863656d8ec8eb9e4
2016,12,2016-12,10,Education,241.1,4.0,2008.0,stated,0,,192.1,A,الأرقام-القياسية-الشهرية-لأسعار-المستهلك-لسنة-2015م-2019م.pdf,71c26f7616a31d2427d3687fca18c23afff7dea2a9c60365863656d8ec8eb9e4
2017,1,2017-01,00,General Index,212.5,100.0,2008.0,stated,0,,238.7,A,الأرقام-القياسية-الشهرية-لأسعار-المستهلك-لسنة-2015م-2019م.pdf,71c26f7616a31d2427d3687fca18c23afff7dea2a9c60365863656d8ec8eb9e4
2017,1,2017-01,02,Tobacco,293.7,0.7,2008.0,stated,0,,304.8,A,الأرقام-القياسية-الشهرية-لأسعار-المستهلك-لسنة-2015م-2019م.pdf,71c26f7616a31d2427d3687fca18c23afff7dea2a9c60365863656d8ec8eb9e4
2017,1,2017-01,06,Health,256.7,4.1,2008.0,stated,0,,278.3,A,الأرقام-القياسية-الشهرية-لأسعار-المستهلك-لسنة-2015م-2019م.pdf,71c26f7616a31d2427d3687fca18c23afff7dea2a9c60365863656d8ec8eb9e4
2017,1,2017-01,07,Transport,168.9,8.1,2008.0,stated,0,,178.5,A,الأرقام-القياسية-الشهرية-لأسعار-المستهلك-لسنة-2015م-2019م.pdf,71c26f7616a31d2427d3687fca18c23afff7dea2a9c60365863656d8ec8eb9e4
2017,1,2017-01,08,Communication,75.7,2.7,2008.0,stated,0,,79.7,A,الأرقام-القياسية-الشهرية-لأسعار-المستهلك-لسنة-2015م-2019م.pdf,71c26f7616a31d2427d3687fca18c23afff7dea2a9c60365863656d8ec8eb9e4
2017,1,2017-01,10,Education,243.8,4.0,2008.0,stated,0,,256.5,A,الأرقام-القياسية-الشهرية-لأسعار-المستهلك-لسنة-2015م-2019م.pdf,71c26f7616a31d2427d3687fca18c23afff7dea2a9c60365863656d8ec8eb9e4
2017,2,2017-02,00,General Index,216.9,100.0,2008.0,stated,0,,238.7,A,الأرقام-القياسية-الشهرية-لأسعار-المستهلك-لسنة-2015م-2019م.pdf,71c26f7616a31d2427d3687fca18c23afff7dea2a9c60365863656d8ec8eb9e4
2017,2,2017-02,02,Tobacco,293.7,0.7,2008.0,stated,0,,304.8,A,الأرقام-القياسية-الشهرية-لأسعار-المستهلك-لسنة-2015م-2019م.pdf,71c26f7616a31d2427d3687fca18c23afff7dea2a9c60365863656d8ec8eb9e4
2017,2,2017-02,06,Health,258.5,4.1,2008.0,stated,0,,278.3,A,الأرقام-القياسية-الشهرية-لأسعار-المستهلك-لسنة-2015م-2019م.pdf,71c26f7616a31d2427d3687fca18c23afff7dea2a9c60365863656d8ec8eb9e4
2017,2,2017-02,07,Transport,170.8,8.1,2008.0,stated,0,,178.5,A,الأرقام-القياسية-الشهرية-لأسعار-المستهلك-لسنة-2015م-2019م.pdf,71c26f7616a31d2427d3687fca18c23afff7dea2a9c60365863656d8ec8eb9e4
2017,2,2017-02,08,Communication,76.2,2.7,2008.0,stated,0,,79.7,A,الأرقام-القياسية-الشهرية-لأسعار-المستهلك-لسنة-2015م-2019م.pdf,71c26f7616a31d2427d3687fca18c23afff7dea2a9c60365863656d8ec8eb9e4
2017,2,2017-02,10,Education,245.1,4.0,2008.0,stated,0,,256.5,A,الأرقام-القياسية-الشهرية-لأسعار-المستهلك-لسنة-2015م-2019م.pdf,71c26f7616a31d2427d3687fca18c23afff7dea2a9c60365863656d8ec8eb9e4
2017,3,2017-03,00,General Index,227.6,100.0,2008.0,stated,0,,238.7,A,الأرقام-القياسية-الشهرية-لأسعار-المستهلك-لسنة-2015م-2019م.pdf,71c26f7616a31d2427d3687fca18c23afff7dea2a9c60365863656d8ec8eb9e4
2017,3,2017-03,02,Tobacco,293.7,0.7,2008.0,stated,0,,304.8,A,الأرقام-القياسية-الشهرية-لأسعار-المستهلك-لسنة-2015م-2019م.pdf,71c26f7616a31d2427d3687fca18c23afff7dea2a9c60365863656d8ec8eb9e4
2017,3,2017-03,06,Health,268.5,4.1,2008.0,stated,0,,278.3,A,الأرقام-القياسية-الشهرية-لأسعار-المستهلك-لسنة-2015م-2019م.pdf,71c26f7616a31d2427d3687fca18c23afff7dea2a9c60365863656d8ec8eb9e4
2017,3,2017-03,07,Transport,171.6,8.1,2008.0,stated,0,,178.5,A,الأرقام-القياسية-الشهرية-لأسعار-المستهلك-لسنة-2015م-2019م.pdf,71c26f7616a31d2427d3687fca18c23afff7dea2a9c60365863656d8ec8eb9e4
2017,3,2017-03,08,Communication,76.6,2.7,2008.0,stated,0,,79.7,A,الأرقام-القياسية-الشهرية-لأسعار-المستهلك-لسنة-2015م-2019م.pdf,71c26f7616a31d2427d3687fca18c23afff7dea2a9c60365863656d8ec8eb9e4
2017,3,2017-03,10,Education,247.0,4.0,2008.0,stated,0,,256.5,A,الأرقام-القياسية-الشهرية-لأسعار-المستهلك-لسنة-2015م-2019م.pdf,71c26f7616a31d2427d3687fca18c23afff7dea2a9c60365863656d8ec8eb9e4
2017,4,2017-04,00,General Index,232.0,100.0,2008.0,stated,0,,238.7,A,الأرقام-القياسية-الشهرية-لأسعار-المستهلك-لسنة-2015م-2019م.pdf,71c26f7616a31d2427d3687fca18c23afff7dea2a9c60365863656d8ec8eb9e4
2017,4,2017-04,02,Tobacco,293.7,0.7,2008.0,stated,0,,304.8,A,الأرقام-القياسية-الشهرية-لأسعار-المستهلك-لسنة-2015م-2019م.pdf,71c26f7616a31d2427d3687fca18c23afff7dea2a9c60365863656d8ec8eb9e4
2017,4,2017-04,06,Health,274.4,4.1,2008.0,stated,0,,278.3,A,الأرقام-القياسية-الشهرية-لأسعار-المستهلك-لسنة-2015م-2019م.pdf,71c26f7616a31d2427d3687fca18c23afff7dea2a9c60365863656d8ec8eb9e4
2017,4,2017-04,07,Transport,174.0,8.1,2008.0,stated,0,,178.5,A,الأرقام-القياسية-الشهرية-لأسعار-المستهلك-لسنة-2015م-2019م.pdf,71c26f7616a31d2427d3687fca18c23afff7dea2a9c60365863656d8ec8eb9e4
2017,4,2017-04,08,Communication,77.6,2.7,2008.0,stated,0,,79.7,A,الأرقام-القياسية-الشهرية-لأسعار-المستهلك-لسنة-2015م-2019م.pdf,71c26f7616a31d2427d3687fca18c23afff7dea2a9c60365863656d8ec8eb9e4
2017,4,2017-04,10,Education,250.2,4.0,2008.0,stated,0,,256.5,A,الأرقام-القياسية-الشهرية-لأسعار-المستهلك-لسنة-2015م-2019م.pdf,71c26f7616a31d2427d3687fca18c23afff7dea2a9c60365863656d8ec8eb9e4
2017,5,2017-05,00,General Index,236.5,100.0,2008.0,stated,0,,238.7,A,الأرقام-القياسية-الشهرية-لأسعار-المستهلك-لسنة-2015م-2019م.pdf,71c26f7616a31d2427d3687fca18c23afff7dea2a9c60365863656d8ec8eb9e4
2017,5,2017-05,02,Tobacco,296.4,0.7,2008.0,stated,0,,304.8,A,الأرقام-القياسية-الشهرية-لأسعار-المستهلك-لسنة-2015م-2019م.pdf,71c26f7616a31d2427d3687fca18c23afff7dea2a9c60365863656d8ec8eb9e4
2017,5,2017-05,06,Health,277.5,4.1,2008.0,stated,0,,278.3,A,الأرقام-القياسية-الشهرية-لأسعار-المستهلك-لسنة-2015م-2019م.pdf,71c26f7616a31d2427d3687fca18c23afff7dea2a9c60365863656d8ec8eb9e4
2017,5,2017-05,07,Transport,175.7,8.1,2008.0,stated,0,,178.5,A,الأرقام-القياسية-الشهرية-لأسعار-المستهلك-لسنة-2015م-2019م.pdf,71c26f7616a31d2427d3687fca18c23afff7dea2a9c60365863656d8ec8eb9e4
2017,5,2017-05,08,Communication,78.5,2.7,2008.0,stated,0,,79.7,A,الأرقام-القياسية-الشهرية-لأسعار-المستهلك-لسنة-2015م-2019م.pdf,71c26f7616a31d2427d3687fca18c23afff7dea2a9c60365863656d8ec8eb9e4
2017,5,2017-05,10,Education,252.8,4.0,2008.0,stated,0,,256.5,A,الأرقام-القياسية-الشهرية-لأسعار-المستهلك-لسنة-2015م-2019م.pdf,71c26f7616a31d2427d3687fca18c23afff7dea2a9c60365863656d8ec8eb9e4
2017,6,2017-06,00,General Index,236.7,100.0,2008.0,stated,0,,238.7,A,الأرقام-القياسية-الشهرية-لأسعار-المستهلك-لسنة-2015م-2019م.pdf,71c26f7616a31d2427d3687fca18c23afff7dea2a9c60365863656d8ec8eb9e4
2017,6,2017-06,02,Tobacco,305.4,0.7,2008.0,stated,0,,304.8,A,الأرقام-القياسية-الشهرية-لأسعار-المستهلك-لسنة-2015م-2019م.pdf,71c26f7616a31d2427d3687fca18c23afff7dea2a9c60365863656d8ec8eb9e4
2017,6,2017-06,06,Health,281.2,4.1,2008.0,stated,0,,278.3,A,الأرقام-القياسية-الشهرية-لأسعار-المستهلك-لسنة-2015م-2019م.pdf,71c26f7616a31d2427d3687fca18c23afff7dea2a9c60365863656d8ec8eb9e4
2017,6,2017-06,07,Transport,177.7,8.1,2008.0,stated,0,,178.5,A,الأرقام-القياسية-الشهرية-لأسعار-المستهلك-لسنة-2015م-2019م.pdf,71c26f7616a31d2427d3687fca18c23afff7dea2a9c60365863656d8ec8eb9e4
2017,6,2017-06,08,Communication,79.7,2.7,2008.0,stated,0,,79.7,A,الأرقام-القياسية-الشهرية-لأسعار-المستهلك-لسنة-2015م-2019م.pdf,71c26f7616a31d2427d3687fca18c23afff7dea2a9c60365863656d8ec8eb9e4
2017,6,2017-06,10,Education,254.2,4.0,2008.0,stated,0,,256.5,A,الأرقام-القياسية-الشهرية-لأسعار-المستهلك-لسنة-2015م-2019م.pdf,71c26f7616a31d2427d3687fca18c23afff7dea2a9c60365863656d8ec8eb9e4
2017,7,2017-07,00,General Index,238.4,100.0,2008.0,stated,0,,238.7,A,الأرقام-القياسية-الشهرية-لأسعار-المستهلك-لسنة-2015م-2019م.pdf,71c26f7616a31d2427d3687fca18c23afff7dea2a9c60365863656d8ec8eb9e4
2017,7,2017-07,02,Tobacco,308.1,0.7,2008.0,stated,0,,304.8,A,الأرقام-القياسية-الشهرية-لأسعار-المستهلك-لسنة-2015م-2019م.pdf,71c26f7616a31d2427d3687fca18c23afff7dea2a9c60365863656d8ec8eb9e4
2017,7,2017-07,06,Health,282.6,4.1,2008.0,stated,0,,278.3,A,الأرقام-القياسية-الشهرية-لأسعار-المستهلك-لسنة-2015م-2019م.pdf,71c26f7616a31d2427d3687fca18c23afff7dea2a9c60365863656d8ec8eb9e4
2017,7,2017-07,07,Transport,179.2,8.1,2008.0,stated,0,,178.5,A,الأرقام-القياسية-الشهرية-لأسعار-المستهلك-لسنة-2015م-2019م.pdf,71c26f7616a31d2427d3687fca18c23afff7dea2a9c60365863656d8ec8eb9e4
2017,7,2017-07,08,Communication,80.1,2.7,2008.0,stated,0,,79.7,A,الأرقام-القياسية-الشهرية-لأسعار-المستهلك-لسنة-2015م-2019م.pdf,71c26f7616a31d2427d3687fca18c23afff7dea2a9c60365863656d8ec8eb9e4
2017,7,2017-07,10,Education,257.3,4.0,2008.0,stated,0,,256.5,A,الأرقام-القياسية-الشهرية-لأسعار-المستهلك-لسنة-2015م-2019م.pdf,71c26f7616a31d2427d3687fca18c23afff7dea2a9c60365863656d8ec8eb9e4
2017,8,2017-08,00,General Index,244.0,100.0,2008.0,stated,0,,238.7,A,الأرقام-القياسية-الشهرية-لأسعار-المستهلك-لسنة-2015م-2019م.pdf,71c26f7616a31d2427d3687fca18c23afff7dea2a9c60365863656d8ec8eb9e4
2017,8,2017-08,02,Tobacco,308.1,0.7,2008.0,stated,0,,304.8,A,الأرقام-القياسية-الشهرية-لأسعار-المستهلك-لسنة-2015م-2019م.pdf,71c26f7616a31d2427d3687fca18c23afff7dea2a9c60365863656d8ec8eb9e4
2017,8,2017-08,06,Health,284.6,4.1,2008.0,stated,0,,278.3,A,الأرقام-القياسية-الشهرية-لأسعار-المستهلك-لسنة-2015م-2019م.pdf,71c26f7616a31d2427d3687fca18c23afff7dea2a9c60365863656d8ec8eb9e4
2017,8,2017-08,07,Transport,182.2,8.1,2008.0,stated,0,,178.5,A,الأرقام-القياسية-الشهرية-لأسعار-المستهلك-لسنة-2015م-2019م.pdf,71c26f7616a31d2427d3687fca18c23afff7dea2a9c60365863656d8ec8eb9e4
2017,8,2017-08,08,Communication,81.3,2.7,2008.0,stated,0,,79.7,A,الأرقام-القياسية-الشهرية-لأسعار-المستهلك-لسنة-2015م-2019م.pdf,71c26f7616a31d2427d3687fca18c23afff7dea2a9c60365863656d8ec8eb9e4
2017,8,2017-08,10,Education,260.7,4.0,2008.0,stated,0,,256.5,A,الأرقام-القياسية-الشهرية-لأسعار-المستهلك-لسنة-2015م-2019م.pdf,71c26f7616a31d2427d3687fca18c23afff7dea2a9c60365863656d8ec8eb9e4
2017,9,2017-09,00,General Index,243.8,100.0,2008.0,stated,0,,238.7,A,الأرقام-القياسية-الشهرية-لأسعار-المستهلك-لسنة-2015م-2019م.pdf,71c26f7616a31d2427d3687fca18c23afff7dea2a9c60365863656d8ec8eb9e4
2017,9,2017-09,02,Tobacco,313.7,0.7,2008.0,stated,0,,304.8,A,الأرقام-القياسية-الشهرية-لأسعار-المستهلك-لسنة-2015م-2019م.pdf,71c26f7616a31d2427d3687fca18c23afff7dea2a9c60365863656d8ec8eb9e4
2017,9,2017-09,06,Health,286.5,4.1,2008.0,stated,0,,278.3,A,الأرقام-القياسية-الشهرية-لأسعار-المستهلك-لسنة-2015م-2019م.pdf,71c26f7616a31d2427d3687fca18c23afff7dea2a9c60365863656d8ec8eb9e4
2017,9,2017-09,07,Transport,183.4,8.1,2008.0,stated,0,,178.5,A,الأرقام-القياسية-الشهرية-لأسعار-المستهلك-لسنة-2015م-2019م.pdf,71c26f7616a31d2427d3687fca18c23afff7dea2a9c60365863656d8ec8eb9e4
2017,9,2017-09,08,Communication,81.6,2.7,2008.0,stated,0,,79.7,A,الأرقام-القياسية-الشهرية-لأسعار-المستهلك-لسنة-2015م-2019م.pdf,71c26f7616a31d2427d3687fca18c23afff7dea2a9c60365863656d8ec8eb9e4
2017,9,2017-09,10,Education,262.6,4.0,2008.0,stated,0,,256.5,A,الأرقام-القياسية-الشهرية-لأسعار-المستهلك-لسنة-2015م-2019م.pdf,71c26f7616a31d2427d3687fca18c23afff7dea2a9c60365863656d8ec8eb9e4
2017,10,2017-10,00,General Index,250.7,100.0,2008.0,stated,0,,238.7,A,الأرقام-القياسية-الشهرية-لأسعار-المستهلك-لسنة-2015م-2019م.pdf,71c26f7616a31d2427d3687fca18c23afff7dea2a9c60365863656d8ec8eb9e4
2017,10,2017-10,02,Tobacco,315.6,0.7,2008.0,stated,0,,304.8,A,الأرقام-القياسية-الشهرية-لأسعار-المستهلك-لسنة-2015م-2019م.pdf,71c26f7616a31d2427d3687fca18c23afff7dea2a9c60365863656d8ec8eb9e4
2017,10,2017-10,06,Health,287.7,4.1,2008.0,stated,0,,278.3,A,الأرقام-القياسية-الشهرية-لأسعار-المستهلك-لسنة-2015م-2019م.pdf,71c26f7616a31d2427d3687fca18c23afff7dea2a9c60365863656d8ec8eb9e4
2017,10,2017-10,07,Transport,184.6,8.1,2008.0,stated,0,,178.5,A,الأرقام-القياسية-الشهرية-لأسعار-المستهلك-لسنة-2015م-2019م.pdf,71c26f7616a31d2427d3687fca18c23afff7dea2a9c60365863656d8ec8eb9e4
2017,10,2017-10,08,Communication,82.2,2.7,2008.0,stated,0,,79.7,A,الأرقام-القياسية-الشهرية-لأسعار-المستهلك-لسنة-2015م-2019م.pdf,71c26f7616a31d2427d3687fca18c23afff7dea2a9c60365863656d8ec8eb9e4
2017,10,2017-10,10,Education,265.2,4.0,2008.0,stated,0,,256.5,A,الأرقام-القياسية-الشهرية-لأسعار-المستهلك-لسنة-2015م-2019م.pdf,71c26f7616a31d2427d3687fca18c23afff7dea2a9c60365863656d8ec8eb9e4
2017,11,2017-11,00,General Index,260.4,100.0,2008.0,stated,0,,238.7,A,الأرقام-القياسية-الشهرية-لأسعار-المستهلك-لسنة-2015م-2019م.pdf,71c26f7616a31d2427d3687fca18c23afff7dea2a9c60365863656d8ec8eb9e4
2017,11,2017-11,02,Tobacco,315.6,0.7,2008.0,stated,0,,304.8,A,الأرقام-القياسية-الشهرية-لأسعار-المستهلك-لسنة-2015م-2019م.pdf,71c26f7616a31d2427d3687fca18c23afff7dea2a9c60365863656d8ec8eb9e4
2017,11,2017-11,06,Health,289.8,4.1,2008.0,stated,0,,278.3,A,الأرقام-القياسية-الشهرية-لأسعار-المستهلك-لسنة-2015م-2019م.pdf,71c26f7616a31d2427d3687fca18c23afff7dea2a9c60365863656d8ec8eb9e4
2017,11,2017-11,07,Transport,186.4,8.1,2008.0,stated,0,,178.5,A,الأرقام-القياسية-الشهرية-لأسعار-المستهلك-لسنة-2015م-2019م.pdf,71c26f7616a31d2427d3687fca18c23afff7dea2a9c60365863656d8ec8eb9e4
2017,11,2017-11,08,Communication,83.3,2.7,2008.0,stated,0,,79.7,A,الأرقام-القياسية-الشهرية-لأسعار-المستهلك-لسنة-2015م-2019م.pdf,71c26f7616a31d2427d3687fca18c23afff7dea2a9c60365863656d8ec8eb9e4
2017,11,2017-11,10,Education,268.3,4.0,2008.0,stated,0,,256.5,A,الأرقام-القياسية-الشهرية-لأسعار-المستهلك-لسنة-2015م-2019م.pdf,71c26f7616a31d2427d3687fca18c23afff7dea2a9c60365863656d8ec8eb9e4
2017,12,2017-12,00,General Index,265.3,100.0,2008.0,stated,0,,238.7,A,الأرقام-القياسية-الشهرية-لأسعار-المستهلك-لسنة-2015م-2019م.pdf,71c26f7616a31d2427d3687fca18c23afff7dea2a9c60365863656d8ec8eb9e4
2017,12,2017-12,02,Tobacco,320.3,0.7,2008.0,stated,0,,304.8,A,الأرقام-القياسية-الشهرية-لأسعار-المستهلك-لسنة-2015م-2019م.pdf,71c26f7616a31d2427d3687fca18c23afff7dea2a9c60365863656d8ec8eb9e4
2017,12,2017-12,06,Health,292.2,4.1,2008.0,stated,0,,278.3,A,الأرقام-القياسية-الشهرية-لأسعار-المستهلك-لسنة-2015م-2019م.pdf,71c26f7616a31d2427d3687fca18c23afff7dea2a9c60365863656d8ec8eb9e4
2017,12,2017-12,07,Transport,187.7,8.1,2008.0,stated,0,,178.5,A,الأرقام-القياسية-الشهرية-لأسعار-المستهلك-لسنة-2015م-2019م.pdf,71c26f7616a31d2427d3687fca18c23afff7dea2a9c60365863656d8ec8eb9e4
2017,12,2017-12,08,Communication,83.8,2.7,2008.0,stated,0,,79.7,A,الأرقام-القياسية-الشهرية-لأسعار-المستهلك-لسنة-2015م-2019م.pdf,71c26f7616a31d2427d3687fca18c23afff7dea2a9c60365863656d8ec8eb9e4
2017,12,2017-12,10,Education,270.4,4.0,2008.0,stated,0,,256.5,A,الأرقام-القياسية-الشهرية-لأسعار-المستهلك-لسنة-2015م-2019م.pdf,71c26f7616a31d2427d3687fca18c23afff7dea2a9c60365863656d8ec8eb9e4
2018,1,2018-01,00,General Index,272.1,100.0,2008.0,stated,0,,270.2,A,الأرقام-القياسية-الشهرية-لأسعار-المستهلك-لسنة-2015م-2019م.pdf,71c26f7616a31d2427d3687fca18c23afff7dea2a9c60365863656d8ec8eb9e4
2018,1,2018-01,02,Tobacco,345.0,0.7,2008.0,stated,0,,334.0,A,الأرقام-القياسية-الشهرية-لأسعار-المستهلك-لسنة-2015م-2019م.pdf,71c26f7616a31d2427d3687fca18c23afff7dea2a9c60365863656d8ec8eb9e4
2018,1,2018-01,06,Health,290.0,4.1,2008.0,stated,0,,298.1,A,الأرقام-القياسية-الشهرية-لأسعار-المستهلك-لسنة-2015م-2019م.pdf,71c26f7616a31d2427d3687fca18c23afff7dea2a9c60365863656d8ec8eb9e4
2018,1,2018-01,07,Transport,188.2,8.1,2008.0,stated,0,,187.6,A,الأرقام-القياسية-الشهرية-لأسعار-المستهلك-لسنة-2015م-2019م.pdf,71c26f7616a31d2427d3687fca18c23afff7dea2a9c60365863656d8ec8eb9e4
2018,1,2018-01,08,Communication,81.6,2.7,2008.0,stated,0,,82.0,A,الأرقام-القياسية-الشهرية-لأسعار-المستهلك-لسنة-2015م-2019م.pdf,71c26f7616a31d2427d3687fca18c23afff7dea2a9c60365863656d8ec8eb9e4
2018,1,2018-01,10,Education,331.1,4.0,2008.0,stated,0,,333.2,A,الأرقام-القياسية-الشهرية-لأسعار-المستهلك-لسنة-2015م-2019م.pdf,71c26f7616a31d2427d3687fca18c23afff7dea2a9c60365863656d8ec8eb9e4
2018,2,2018-02,00,General Index,263.9,100.0,2008.0,stated,0,,270.2,A,الأرقام-القياسية-الشهرية-لأسعار-المستهلك-لسنة-2015م-2019م.pdf,71c26f7616a31d2427d3687fca18c23afff7dea2a9c60365863656d8ec8eb9e4
2018,2,2018-02,02,Tobacco,345.0,0.7,2008.0,stated,0,,334.0,A,الأرقام-القياسية-الشهرية-لأسعار-المستهلك-لسنة-2015م-2019م.pdf,71c26f7616a31d2427d3687fca18c23afff7dea2a9c60365863656d8ec8eb9e4
2018,2,2018-02,06,Health,291.6,4.1,2008.0,stated,0,,298.1,A,الأرقام-القياسية-الشهرية-لأسعار-المستهلك-لسنة-2015م-2019م.pdf,71c26f7616a31d2427d3687fca18c23afff7dea2a9c60365863656d8ec8eb9e4
2018,2,2018-02,07,Transport,188.2,8.1,2008.0,stated,0,,187.6,A,الأرقام-القياسية-الشهرية-لأسعار-المستهلك-لسنة-2015م-2019م.pdf,71c26f7616a31d2427d3687fca18c23afff7dea2a9c60365863656d8ec8eb9e4
2018,2,2018-02,08,Communication,81.2,2.7,2008.0,stated,0,,82.0,A,الأرقام-القياسية-الشهرية-لأسعار-المستهلك-لسنة-2015م-2019م.pdf,71c26f7616a31d2427d3687fca18c23afff7dea2a9c60365863656d8ec8eb9e4
2018,2,2018-02,10,Education,331.1,4.0,2008.0,stated,0,,333.2,A,الأرقام-القياسية-الشهرية-لأسعار-المستهلك-لسنة-2015م-2019م.pdf,71c26f7616a31d2427d3687fca18c23afff7dea2a9c60365863656d8ec8eb9e4
2018,3,2018-03,00,General Index,266.1,100.0,2008.0,stated,0,,270.2,A,الأرقام-القياسية-الشهرية-لأسعار-المستهلك-لسنة-2015م-2019م.pdf,71c26f7616a31d2427d3687fca18c23afff7dea2a9c60365863656d8ec8eb9e4
2018,3,2018-03,02,Tobacco,345.0,0.7,2008.0,stated,0,,334.0,A,الأرقام-القياسية-الشهرية-لأسعار-المستهلك-لسنة-2015م-2019م.pdf,71c26f7616a31d2427d3687fca18c23afff7dea2a9c60365863656d8ec8eb9e4
2018,3,2018-03,06,Health,291.5,4.1,2008.0,stated,0,,298.1,A,الأرقام-القياسية-الشهرية-لأسعار-المستهلك-لسنة-2015م-2019م.pdf,71c26f7616a31d2427d3687fca18c23afff7dea2a9c60365863656d8ec8eb9e4
2018,3,2018-03,07,Transport,187.9,8.1,2008.0,stated,0,,187.6,A,الأرقام-القياسية-الشهرية-لأسعار-المستهلك-لسنة-2015م-2019م.pdf,71c26f7616a31d2427d3687fca18c23afff7dea2a9c60365863656d8ec8eb9e4
2018,3,2018-03,08,Communication,80.6,2.7,2008.0,stated,0,,82.0,A,الأرقام-القياسية-الشهرية-لأسعار-المستهلك-لسنة-2015م-2019م.pdf,71c26f7616a31d2427d3687fca18c23afff7dea2a9c60365863656d8ec8eb9e4
2018,3,2018-03,10,Education,331.1,4.0,2008.0,stated,0,,333.2,A,الأرقام-القياسية-الشهرية-لأسعار-المستهلك-لسنة-2015م-2019م.pdf,71c26f7616a31d2427d3687fca18c23afff7dea2a9c60365863656d8ec8eb9e4
2018,4,2018-04,00,General Index,265.2,100.0,2008.0,stated,0,,270.2,A,الأرقام-القياسية-الشهرية-لأسعار-المستهلك-لسنة-2015م-2019م.pdf,71c26f7616a31d2427d3687fca18c23afff7dea2a9c60365863656d8ec8eb9e4
2018,4,2018-04,02,Tobacco,345.0,0.7,2008.0,stated,0,,334.0,A,الأرقام-القياسية-الشهرية-لأسعار-المستهلك-لسنة-2015م-2019م.pdf,71c26f7616a31d2427d3687fca18c23afff7dea2a9c60365863656d8ec8eb9e4
2018,4,2018-04,06,Health,293.1,4.1,2008.0,stated,0,,298.1,A,الأرقام-القياسية-الشهرية-لأسعار-المستهلك-لسنة-2015م-2019م.pdf,71c26f7616a31d2427d3687fca18c23afff7dea2a9c60365863656d8ec8eb9e4
2018,4,2018-04,07,Transport,188.2,8.1,2008.0,stated,0,,187.6,A,الأرقام-القياسية-الشهرية-لأسعار-المستهلك-لسنة-2015م-2019م.pdf,71c26f7616a31d2427d3687fca18c23afff7dea2a9c60365863656d8ec8eb9e4
2018,4,2018-04,08,Communication,81.0,2.7,2008.0,stated,0,,82.0,A,الأرقام-القياسية-الشهرية-لأسعار-المستهلك-لسنة-2015م-2019م.pdf,71c26f7616a31d2427d3687fca18c23afff7dea2a9c60365863656d8ec8eb9e4
2018,4,2018-04,10,Education,320.3,4.0,2008.0,stated,0,,333.2,A,الأرقام-القياسية-الشهرية-لأسعار-المستهلك-لسنة-2015م-2019م.pdf,71c26f7616a31d2427d3687fca18c23afff7dea2a9c60365863656d8ec8eb9e4
2018,5,2018-05,00,General Index,270.8,100.0,2008.0,stated,0,,270.2,A,الأرقام-القياسية-الشهرية-لأسعار-المستهلك-لسنة-2015م-2019م.pdf,71c26f7616a31d2427d3687fca18c23afff7dea2a9c60365863656d8ec8eb9e4
2018,5,2018-05,02,Tobacco,345.0,0.7,2008.0,stated,0,,334.0,A,الأرقام-القياسية-الشهرية-لأسعار-المستهلك-لسنة-2015م-2019م.pdf,71c26f7616a31d2427d3687fca18c23afff7dea2a9c60365863656d8ec8eb9e4
2018,5,2018-05,06,Health,294.9,4.1,2008.0,stated,0,,298.1,A,الأرقام-القياسية-الشهرية-لأسعار-المستهلك-لسنة-2015م-2019م.pdf,71c26f7616a31d2427d3687fca18c23afff7dea2a9c60365863656d8ec8eb9e4
2018,5,2018-05,07,Transport,188.5,8.1,2008.0,stated,0,,187.6,A,الأرقام-القياسية-الشهرية-لأسعار-المستهلك-لسنة-2015م-2019م.pdf,71c26f7616a31d2427d3687fca18c23afff7dea2a9c60365863656d8ec8eb9e4
2018,5,2018-05,08,Communication,81.7,2.7,2008.0,stated,0,,82.0,A,الأرقام-القياسية-الشهرية-لأسعار-المستهلك-لسنة-2015م-2019م.pdf,71c26f7616a31d2427d3687fca18c23afff7dea2a9c60365863656d8ec8eb9e4
2018,5,2018-05,10,Education,320.3,4.0,2008.0,stated,0,,333.2,A,الأرقام-القياسية-الشهرية-لأسعار-المستهلك-لسنة-2015م-2019م.pdf,71c26f7616a31d2427d3687fca18c23afff7dea2a9c60365863656d8ec8eb9e4
2018,6,2018-06,00,General Index,272.9,100.0,2008.0,stated,0,,270.2,A,الأرقام-القياسية-الشهرية-لأسعار-المستهلك-لسنة-2015م-2019م.pdf,71c26f7616a31d2427d3687fca18c23afff7dea2a9c60365863656d8ec8eb9e4
2018,6,2018-06,02,Tobacco,282.3,0.7,2008.0,stated,1,,,B,الرقم-القياسي-لأسعار-المستهلكين-لشهر-يونيو-لسنة-2019م.pdf,7f8621452097cd859624d48d9533b7aead7ad7311c3d1ec91bc13b51200c7c2a
2018,6,2018-06,04,"Housing, Water, Electricity and Other Fuels",172.9,22.7,2008.0,stated,0,,,B,الرقم-القياسي-لأسعار-المستهلكين-لشهر-يونيو-لسنة-2019م.pdf,7f8621452097cd859624d48d9533b7aead7ad7311c3d1ec91bc13b51200c7c2a
2018,6,2018-06,06,Health,302.9,4.1,2008.0,stated,1,,,B,الرقم-القياسي-لأسعار-المستهلكين-لشهر-يونيو-لسنة-2019م.pdf,7f8621452097cd859624d48d9533b7aead7ad7311c3d1ec91bc13b51200c7c2a
2018,6,2018-06,07,Transport,186.5,8.1,2008.0,stated,1,,,B,الرقم-القياسي-لأسعار-المستهلكين-لشهر-يونيو-لسنة-2019م.pdf,7f8621452097cd859624d48d9533b7aead7ad7311c3d1ec91bc13b51200c7c2a
2018,6,2018-06,08,Communication,79.4,2.7,2008.0,stated,1,,,B,الرقم-القياسي-لأسعار-المستهلكين-لشهر-يونيو-لسنة-2019م.pdf,7f8621452097cd859624d48d9533b7aead7ad7311c3d1ec91bc13b51200c7c2a
2018,6,2018-06,10,Education,320.9,4.0,2008.0,stated,0,,333.2,A,الأرقام-القياسية-الشهرية-لأسعار-المستهلك-لسنة-2015م-2019م.pdf,71c26f7616a31d2427d3687fca18c23afff7dea2a9c60365863656d8ec8eb9e4
2018,6,2018-06,11,Restaurants and Hotels,367.5,1.7,2008.0,stated,0,,,B,الرقم-القياسي-لأسعار-المستهلكين-لشهر-يونيو-لسنة-2019م.pdf,7f8621452097cd859624d48d9533b7aead7ad7311c3d1ec91bc13b51200c7c2a
2018,7,2018-07,00,General Index,276.3,100.0,2008.0,stated,0,,270.2,A,الأرقام-القياسية-الشهرية-لأسعار-المستهلك-لسنة-2015م-2019م.pdf,71c26f7616a31d2427d3687fca18c23afff7dea2a9c60365863656d8ec8eb9e4
2018,7,2018-07,01,Food and Beverages,300.0,38.8,2008.0,stated,0,,,B,الرقم-القياسي-لأسعار-المستهلكين-لشهر-يوليو-لسنة-2019م.pdf,2c1fd6b885034e07277087ea5d49f28c5cfb83da3e590019a5adc13f07546787
2018,7,2018-07,02,Tobacco,321.8,0.7,2008.0,stated,0,,334.0,A,الأرقام-القياسية-الشهرية-لأسعار-المستهلك-لسنة-2015م-2019م.pdf,71c26f7616a31d2427d3687fca18c23afff7dea2a9c60365863656d8ec8eb9e4
2018,7,2018-07,06,Health,307.1,4.1,2008.0,stated,1,,,B,الرقم-القياسي-لأسعار-المستهلكين-لشهر-يوليو-لسنة-2019م.pdf,2c1fd6b885034e07277087ea5d49f28c5cfb83da3e590019a5adc13f07546787
2018,7,2018-07,07,Transport,187.4,8.1,2008.0,stated,0,,187.6,A,الأرقام-القياسية-الشهرية-لأسعار-المستهلك-لسنة-2015م-2019م.pdf,71c26f7616a31d2427d3687fca18c23afff7dea2a9c60365863656d8ec8eb9e4
2018,7,2018-07,08,Communication,79.6,2.7,2008.0,stated,1,,,B,الرقم-القياسي-لأسعار-المستهلكين-لشهر-يوليو-لسنة-2019م.pdf,2c1fd6b885034e07277087ea5d49f28c5cfb83da3e590019a5adc13f07546787
2018,7,2018-07,10,Education,375.1,4.0,2008.0,stated,1,,,B,الرقم-القياسي-لأسعار-المستهلكين-لشهر-يوليو-لسنة-2019م.pdf,2c1fd6b885034e07277087ea5d49f28c5cfb83da3e590019a5adc13f07546787
2018,7,2018-07,12,Miscellaneous Goods and Services,275.6,3.1,2008.0,stated,0,,,B,الرقم-القياسي-لأسعار-المستهلكين-لشهر-يوليو-لسنة-2019م.pdf,2c1fd6b885034e07277087ea5d49f28c5cfb83da3e590019a5adc13f07546787
2018,8,2018-08,00,General Index,280.3,100.0,2008.0,stated,0,,270.2,A,الأرقام-القياسية-الشهرية-لأسعار-المستهلك-لسنة-2015م-2019م.pdf,71c26f7616a31d2427d3687fca18c23afff7dea2a9c60365863656d8ec8eb9e4
2018,8,2018-08,01,Food and Beverages,201.0,22.2,2008.0,stated,0,,,B,الرقم-القياسي-لأسعار-المستهلكين-لشهر-أغسطس-لسنة-2019م.pdf,c69ff11213569aa27f0d77da3ccccaef21b280d634659658136bc5dca32cc217
2018,8,2018-08,02,Tobacco,315.6,0.7,2008.0,stated,0,,334.0,A,الأرقام-القياسية-الشهرية-لأسعار-المستهلك-لسنة-2015م-2019م.pdf,71c26f7616a31d2427d3687fca18c23afff7dea2a9c60365863656d8ec8eb9e4
2018,8,2018-08,05,Furniture and Household Equipment,220.0,0.2,2008.0,stated,0,,,B,الرقم-القياسي-لأسعار-المستهلكين-لشهر-أغسطس-لسنة-2019م.pdf,c69ff11213569aa27f0d77da3ccccaef21b280d634659658136bc5dca32cc217
2018,8,2018-08,06,Health,302.2,4.1,2008.0,stated,0,,298.1,A,الأرقام-القياسية-الشهرية-لأسعار-المستهلك-لسنة-2015م-2019م.pdf,71c26f7616a31d2427d3687fca18c23afff7dea2a9c60365863656d8ec8eb9e4
2018,8,2018-08,07,Transport,188.5,8.1,2008.0,stated,0,,187.6,A,الأرقام-القياسية-الشهرية-لأسعار-المستهلك-لسنة-2015م-2019م.pdf,71c26f7616a31d2427d3687fca18c23afff7dea2a9c60365863656d8ec8eb9e4
2018,8,2018-08,08,Communication,83.1,2.7,2008.0,stated,0,,82.0,A,الأرقام-القياسية-الشهرية-لأسعار-المستهلك-لسنة-2015م-2019م.pdf,71c26f7616a31d2427d3687fca18c23afff7dea2a9c60365863656d8ec8eb9e4
2018,8,2018-08,09,Recreation and Culture,802.5,8.2,2008.0,stated,0,,,B,الرقم-القياسي-لأسعار-المستهلكين-لشهر-أغسطس-لسنة-2019م.pdf,c69ff11213569aa27f0d77da3ccccaef21b280d634659658136bc5dca32cc217
2018,8,2018-08,10,Education,332.9,4.0,2008.0,stated,0,,333.2,A,الأرقام-القياسية-الشهرية-لأسعار-المستهلك-لسنة-2015م-2019م.pdf,71c26f7616a31d2427d3687fca18c23afff7dea2a9c60365863656d8ec8eb9e4
2018,9,2018-09,00,General Index,279.3,100.0,2008.0,stated,0,,270.2,A,الأرقام-القياسية-الشهرية-لأسعار-المستهلك-لسنة-2015م-2019م.pdf,71c26f7616a31d2427d3687fca18c23afff7dea2a9c60365863656d8ec8eb9e4
2018,9,2018-09,02,Tobacco,821.8,0.0,2008.0,stated,1,,,B,الرقم-القياسي-لأسعار-المستهلكين-لشهر-سبتمبر-لسنة-2019م.pdf,af3e5abcd71fbbd74d7198c1bca34f2046c12a800659f49abcfcf3cc7206e105
2018,9,2018-09,05,Furniture and Household Equipment,220.2,0.2,2008.0,stated,0,,,B,الرقم-القياسي-لأسعار-المستهلكين-لشهر-سبتمبر-لسنة-2019م.pdf,af3e5abcd71fbbd74d7198c1bca34f2046c12a800659f49abcfcf3cc7206e105
2018,9,2018-09,06,Health,302.6,4.1,2008.0,stated,0,,298.1,A,الأرقام-القياسية-الشهرية-لأسعار-المستهلك-لسنة-2015م-2019م.pdf,71c26f7616a31d2427d3687fca18c23afff7dea2a9c60365863656d8ec8eb9e4
2018,9,2018-09,07,Transport,189.2,8.1,2008.0,stated,0,,187.6,A,الأرقام-القياسية-الشهرية-لأسعار-المستهلك-لسنة-2015م-2019م.pdf,71c26f7616a31d2427d3687fca18c23afff7dea2a9c60365863656d8ec8eb9e4
2018,9,2018-09,08,Communication,83.4,2.7,2008.0,stated,0,,82.0,A,الأرقام-القياسية-الشهرية-لأسعار-المستهلك-لسنة-2015م-2019م.pdf,71c26f7616a31d2427d3687fca18c23afff7dea2a9c60365863656d8ec8eb9e4
2018,9,2018-09,10,Education,340.3,4.0,2008.0,stated,0,,333.2,A,الأرقام-القياسية-الشهرية-لأسعار-المستهلك-لسنة-2015م-2019م.pdf,71c26f7616a31d2427d3687fca18c23afff7dea2a9c60365863656d8ec8eb9e4
2018,9,2018-09,11,Restaurants and Hotels,220.2,1.0,2008.0,stated,0,,,B,الرقم-القياسي-لأسعار-المستهلكين-لشهر-سبتمبر-لسنة-2019م.pdf,af3e5abcd71fbbd74d7198c1bca34f2046c12a800659f49abcfcf3cc7206e105
2018,10,2018-10,00,General Index,268.6,100.0,2008.0,stated,0,,270.2,A,الأرقام-القياسية-الشهرية-لأسعار-المستهلك-لسنة-2015م-2019م.pdf,71c26f7616a31d2427d3687fca18c23afff7dea2a9c60365863656d8ec8eb9e4
2018,10,2018-10,02,Tobacco,323.6,0.7,2008.0,stated,0,,334.0,A,الأرقام-القياسية-الشهرية-لأسعار-المستهلك-لسنة-2015م-2019م.pdf,71c26f7616a31d2427d3687fca18c23afff7dea2a9c60365863656d8ec8eb9e4
2018,10,2018-10,06,Health,303.4,4.1,2008.0,stated,0,,298.1,A,الأرقام-القياسية-الشهرية-لأسعار-المستهلك-لسنة-2015م-2019م.pdf,71c26f7616a31d2427d3687fca18c23afff7dea2a9c60365863656d8ec8eb9e4
2018,10,2018-10,07,Transport,188.9,8.1,2008.0,stated,0,,187.6,A,الأرقام-القياسية-الشهرية-لأسعار-المستهلك-لسنة-2015م-2019م.pdf,71c26f7616a31d2427d3687fca18c23afff7dea2a9c60365863656d8ec8eb9e4
2018,10,2018-10,08,Communication,82.5,2.7,2008.0,stated,0,,82.0,A,الأرقام-القياسية-الشهرية-لأسعار-المستهلك-لسنة-2015م-2019م.pdf,71c26f7616a31d2427d3687fca18c23afff7dea2a9c60365863656d8ec8eb9e4
2018,10,2018-10,10,Education,340.3,4.0,2008.0,stated,0,,333.2,A,الأرقام-القياسية-الشهرية-لأسعار-المستهلك-لسنة-2015م-2019م.pdf,71c26f7616a31d2427d3687fca18c23afff7dea2a9c60365863656d8ec8eb9e4
2018,11,2018-11,00,General Index,266.2,100.0,2008.0,stated,0,,270.2,A,الأرقام-القياسية-الشهرية-لأسعار-المستهلك-لسنة-2015م-2019م.pdf,71c26f7616a31d2427d3687fca18c23afff7dea2a9c60365863656d8ec8eb9e4
2018,11,2018-11,02,Tobacco,319.2,0.7,2008.0,stated,0,,334.0,A,الأرقام-القياسية-الشهرية-لأسعار-المستهلك-لسنة-2015م-2019م.pdf,71c26f7616a31d2427d3687fca18c23afff7dea2a9c60365863656d8ec8eb9e4
2018,11,2018-11,06,Health,302.9,4.1,2008.0,stated,0,,298.1,A,الأرقام-القياسية-الشهرية-لأسعار-المستهلك-لسنة-2015م-2019م.pdf,71c26f7616a31d2427d3687fca18c23afff7dea2a9c60365863656d8ec8eb9e4
2018,11,2018-11,07,Transport,186.4,8.1,2008.0,stated,0,,187.6,A,الأرقام-القياسية-الشهرية-لأسعار-المستهلك-لسنة-2015م-2019م.pdf,71c26f7616a31d2427d3687fca18c23afff7dea2a9c60365863656d8ec8eb9e4
2018,11,2018-11,08,Communication,82.2,2.7,2008.0,stated,0,,82.0,A,الأرقام-القياسية-الشهرية-لأسعار-المستهلك-لسنة-2015م-2019م.pdf,71c26f7616a31d2427d3687fca18c23afff7dea2a9c60365863656d8ec8eb9e4
2018,11,2018-11,10,Education,340.2,4.0,2008.0,stated,0,,333.2,A,الأرقام-القياسية-الشهرية-لأسعار-المستهلك-لسنة-2015م-2019م.pdf,71c26f7616a31d2427d3687fca18c23afff7dea2a9c60365863656d8ec8eb9e4
2018,12,2018-12,00,General Index,260.4,100.0,2008.0,stated,0,,270.2,A,الأرقام-القياسية-الشهرية-لأسعار-المستهلك-لسنة-2015م-2019م.pdf,71c26f7616a31d2427d3687fca18c23afff7dea2a9c60365863656d8ec8eb9e4
2018,12,2018-12,02,Tobacco,341.9,0.7,2008.0,stated,0,,334.0,A,الأرقام-القياسية-الشهرية-لأسعار-المستهلك-لسنة-2015م-2019م.pdf,71c26f7616a31d2427d3687fca18c23afff7dea2a9c60365863656d8ec8eb9e4
2018,12,2018-12,06,Health,306.4,4.1,2008.0,stated,0,,298.1,A,الأرقام-القياسية-الشهرية-لأسعار-المستهلك-لسنة-2015م-2019م.pdf,71c26f7616a31d2427d3687fca18c23afff7dea2a9c60365863656d8ec8eb9e4
2018,12,2018-12,07,Transport,180.5,8.1,2008.0,stated,0,,187.6,A,الأرقام-القياسية-الشهرية-لأسعار-المستهلك-لسنة-2015م-2019م.pdf,71c26f7616a31d2427d3687fca18c23afff7dea2a9c60365863656d8ec8eb9e4
2018,12,2018-12,08,Communication,82.1,2.7,2008.0,stated,0,,82.0,A,الأرقام-القياسية-الشهرية-لأسعار-المستهلك-لسنة-2015م-2019م.pdf,71c26f7616a31d2427d3687fca18c23afff7dea2a9c60365863656d8ec8eb9e4
2018,12,2018-12,10,Education,357.6,4.0,2008.0,stated,0,,333.2,A,الأرقام-القياسية-الشهرية-لأسعار-المستهلك-لسنة-2015م-2019م.pdf,71c26f7616a31d2427d3687fca18c23afff7dea2a9c60365863656d8ec8eb9e4
2019,1,2019-01,00,General Index,261.3,100.0,2008.0,stated,0,,264.6,A,الأرقام-القياسية-الشهرية-لأسعار-المستهلك-حسب-المجموعات-الرئيسية-لسنة-2019م.pdf,21af89f97beba13243e688f8c8d31d067fb005562aa958e465a78295f9806773
2019,1,2019-01,02,Tobacco,315.6,0.7,2008.0,stated,0,,285.2,A,الأرقام-القياسية-الشهرية-لأسعار-المستهلك-حسب-المجموعات-الرئيسية-لسنة-2019م.pdf,21af89f97beba13243e688f8c8d31d067fb005562aa958e465a78295f9806773
2019,1,2019-01,06,Health,303.2,4.1,2008.0,stated,0,,303.7,A,الأرقام-القياسية-الشهرية-لأسعار-المستهلك-حسب-المجموعات-الرئيسية-لسنة-2019م.pdf,21af89f97beba13243e688f8c8d31d067fb005562aa958e465a78295f9806773
2019,1,2019-01,07,Transport,184.2,8.1,2008.0,stated,0,,184.3,A,الأرقام-القياسية-الشهرية-لأسعار-المستهلك-حسب-المجموعات-الرئيسية-لسنة-2019م.pdf,21af89f97beba13243e688f8c8d31d067fb005562aa958e465a78295f9806773
2019,1,2019-01,08,Communication,80.4,2.7,2008.0,stated,0,,79.9,A,الأرقام-القياسية-الشهرية-لأسعار-المستهلك-حسب-المجموعات-الرئيسية-لسنة-2019م.pdf,21af89f97beba13243e688f8c8d31d067fb005562aa958e465a78295f9806773
2019,1,2019-01,10,Education,357.6,4.0,2008.0,stated,0,,374.5,A,الأرقام-القياسية-الشهرية-لأسعار-المستهلك-حسب-المجموعات-الرئيسية-لسنة-2019م.pdf,21af89f97beba13243e688f8c8d31d067fb005562aa958e465a78295f9806773
2019,2,2019-02,00,General Index,263.0,100.0,2008.0,stated,0,,264.6,A,الأرقام-القياسية-الشهرية-لأسعار-المستهلك-حسب-المجموعات-الرئيسية-لسنة-2019م.pdf,21af89f97beba13243e688f8c8d31d067fb005562aa958e465a78295f9806773
2019,2,2019-02,02,Tobacco,315.6,0.7,2008.0,stated,0,,285.2,A,الأرقام-القياسية-الشهرية-لأسعار-المستهلك-حسب-المجموعات-الرئيسية-لسنة-2019م.pdf,21af89f97beba13243e688f8c8d31d067fb005562aa958e465a78295f9806773
2019,2,2019-02,06,Health,302.3,4.1,2008.0,stated,0,,303.7,A,الأرقام-القياسية-الشهرية-لأسعار-المستهلك-حسب-المجموعات-الرئيسية-لسنة-2019م.pdf,21af89f97beba13243e688f8c8d31d067fb005562aa958e465a78295f9806773
2019,2,2019-02,07,Transport,183.0,8.1,2008.0,stated,0,,184.3,A,الأرقام-القياسية-الشهرية-لأسعار-المستهلك-حسب-المجموعات-الرئيسية-لسنة-2019م.pdf,21af89f97beba13243e688f8c8d31d067fb005562aa958e465a78295f9806773
2019,2,2019-02,08,Communication,81.7,2.7,2008.0,stated,0,,79.9,A,الأرقام-القياسية-الشهرية-لأسعار-المستهلك-حسب-المجموعات-الرئيسية-لسنة-2019م.pdf,21af89f97beba13243e688f8c8d31d067fb005562aa958e465a78295f9806773
2019,2,2019-02,10,Education,376.3,4.0,2008.0,stated,0,,374.5,A,الأرقام-القياسية-الشهرية-لأسعار-المستهلك-حسب-المجموعات-الرئيسية-لسنة-2019م.pdf,21af89f97beba13243e688f8c8d31d067fb005562aa958e465a78295f9806773
2019,3,2019-03,00,General Index,264.1,100.0,2008.0,stated,0,,264.6,A,الأرقام-القياسية-الشهرية-لأسعار-المستهلك-حسب-المجموعات-الرئيسية-لسنة-2019م.pdf,21af89f97beba13243e688f8c8d31d067fb005562aa958e465a78295f9806773
2019,3,2019-03,02,Tobacco,305.3,0.7,2008.0,stated,0,,285.2,A,الأرقام-القياسية-الشهرية-لأسعار-المستهلك-حسب-المجموعات-الرئيسية-لسنة-2019م.pdf,21af89f97beba13243e688f8c8d31d067fb005562aa958e465a78295f9806773
2019,3,2019-03,06,Health,298.6,4.1,2008.0,stated,0,,303.7,A,الأرقام-القياسية-الشهرية-لأسعار-المستهلك-حسب-المجموعات-الرئيسية-لسنة-2019م.pdf,21af89f97beba13243e688f8c8d31d067fb005562aa958e465a78295f9806773
2019,3,2019-03,07,Transport,182.7,8.1,2008.0,stated,0,,184.3,A,الأرقام-القياسية-الشهرية-لأسعار-المستهلك-حسب-المجموعات-الرئيسية-لسنة-2019م.pdf,21af89f97beba13243e688f8c8d31d067fb005562aa958e465a78295f9806773
2019,3,2019-03,08,Communication,81.8,2.7,2008.0,stated,0,,79.9,A,الأرقام-القياسية-الشهرية-لأسعار-المستهلك-حسب-المجموعات-الرئيسية-لسنة-2019م.pdf,21af89f97beba13243e688f8c8d31d067fb005562aa958e465a78295f9806773
2019,3,2019-03,10,Education,376.3,4.0,2008.0,stated,0,,374.5,A,الأرقام-القياسية-الشهرية-لأسعار-المستهلك-حسب-المجموعات-الرئيسية-لسنة-2019م.pdf,21af89f97beba13243e688f8c8d31d067fb005562aa958e465a78295f9806773
2019,4,2019-04,00,General Index,268.6,100.0,2008.0,stated,0,,264.6,A,الأرقام-القياسية-الشهرية-لأسعار-المستهلك-حسب-المجموعات-الرئيسية-لسنة-2019م.pdf,21af89f97beba13243e688f8c8d31d067fb005562aa958e465a78295f9806773
2019,4,2019-04,02,Tobacco,282.3,0.7,2008.0,stated,0,,285.2,A,الأرقام-القياسية-الشهرية-لأسعار-المستهلك-حسب-المجموعات-الرئيسية-لسنة-2019م.pdf,21af89f97beba13243e688f8c8d31d067fb005562aa958e465a78295f9806773
2019,4,2019-04,06,Health,300.7,4.1,2008.0,stated,0,,303.7,A,الأرقام-القياسية-الشهرية-لأسعار-المستهلك-حسب-المجموعات-الرئيسية-لسنة-2019م.pdf,21af89f97beba13243e688f8c8d31d067fb005562aa958e465a78295f9806773
2019,4,2019-04,07,Transport,186.4,8.1,2008.0,stated,0,,184.3,A,الأرقام-القياسية-الشهرية-لأسعار-المستهلك-حسب-المجموعات-الرئيسية-لسنة-2019م.pdf,21af89f97beba13243e688f8c8d31d067fb005562aa958e465a78295f9806773
2019,4,2019-04,08,Communication,78.5,2.7,2008.0,stated,0,,79.9,A,الأرقام-القياسية-الشهرية-لأسعار-المستهلك-حسب-المجموعات-الرئيسية-لسنة-2019م.pdf,21af89f97beba13243e688f8c8d31d067fb005562aa958e465a78295f9806773
2019,4,2019-04,10,Education,377.0,4.0,2008.0,stated,0,,374.5,A,الأرقام-القياسية-الشهرية-لأسعار-المستهلك-حسب-المجموعات-الرئيسية-لسنة-2019م.pdf,21af89f97beba13243e688f8c8d31d067fb005562aa958e465a78295f9806773
2019,5,2019-05,00,General Index,270.6,100.0,2008.0,stated,0,,264.6,A,الأرقام-القياسية-الشهرية-لأسعار-المستهلك-حسب-المجموعات-الرئيسية-لسنة-2019م.pdf,21af89f97beba13243e688f8c8d31d067fb005562aa958e465a78295f9806773
2019,5,2019-05,02,Tobacco,282.3,0.7,2008.0,stated,0,0.0,,B,الرقم-القياسي-لأسعار-المستهلكين-لشهر-يونيو-لسنة-2019م.pdf,7f8621452097cd859624d48d9533b7aead7ad7311c3d1ec91bc13b51200c7c2a
2019,5,2019-05,04,"Housing, Water, Electricity and Other Fuels",170.8,22.7,2008.0,stated,0,1.2,,B,الرقم-القياسي-لأسعار-المستهلكين-لشهر-يونيو-لسنة-2019م.pdf,7f8621452097cd859624d48d9533b7aead7ad7311c3d1ec91bc13b51200c7c2a
2019,5,2019-05,06,Health,301.7,4.1,2008.0,stated,0,0.4,,B,الرقم-القياسي-لأسعار-المستهلكين-لشهر-يونيو-لسنة-2019م.pdf,7f8621452097cd859624d48d9533b7aead7ad7311c3d1ec91bc13b51200c7c2a
2019,5,2019-05,07,Transport,186.5,8.1,2008.0,stated,1,0.0,,B,الرقم-القياسي-لأسعار-المستهلكين-لشهر-يونيو-لسنة-2019م.pdf,7f8621452097cd859624d48d9533b7aead7ad7311c3d1ec91bc13b51200c7c2a
2019,5,2019-05,08,Communication,79.4,2.7,2008.0,stated,0,0.0,,B,الرقم-القياسي-لأسعار-المستهلكين-لشهر-يونيو-لسنة-2019م.pdf,7f8621452097cd859624d48d9533b7aead7ad7311c3d1ec91bc13b51200c7c2a
2019,5,2019-05,10,Education,377.1,4.0,2008.0,stated,0,,374.5,A,الأرقام-القياسية-الشهرية-لأسعار-المستهلك-حسب-المجموعات-الرئيسية-لسنة-2019م.pdf,21af89f97beba13243e688f8c8d31d067fb005562aa958e465a78295f9806773
2019,5,2019-05,11,Restaurants and Hotels,367.5,1.7,2008.0,stated,0,0.0,,B,الرقم-القياسي-لأسعار-المستهلكين-لشهر-يونيو-لسنة-2019م.pdf,7f8621452097cd859624d48d9533b7aead7ad7311c3d1ec91bc13b51200c7c2a
2019,6,2019-06,00,General Index,264.4,100.0,2008.0,stated,0,,264.6,A,الأرقام-القياسية-الشهرية-لأسعار-المستهلك-حسب-المجموعات-الرئيسية-لسنة-2019م.pdf,21af89f97beba13243e688f8c8d31d067fb005562aa958e465a78295f9806773
2019,6,2019-06,01,Food and Beverages,299.5,38.8,2008.0,stated,0,0.2,,B,الرقم-القياسي-لأسعار-المستهلكين-لشهر-يوليو-لسنة-2019م.pdf,2c1fd6b885034e07277087ea5d49f28c5cfb83da3e590019a5adc13f07546787
2019,6,2019-06,02,Tobacco,282.3,0.7,2008.0,stated,0,,285.2,A,الأرقام-القياسية-الشهرية-لأسعار-المستهلك-حسب-المجموعات-الرئيسية-لسنة-2019م.pdf,21af89f97beba13243e688f8c8d31d067fb005562aa958e465a78295f9806773
2019,6,2019-06,06,Health,302.9,4.1,2008.0,stated,0,1.4,,B,الرقم-القياسي-لأسعار-المستهلكين-لشهر-يوليو-لسنة-2019م.pdf,2c1fd6b885034e07277087ea5d49f28c5cfb83da3e590019a5adc13f07546787
2019,6,2019-06,07,Transport,186.5,8.1,2008.0,stated,0,,184.3,A,الأرقام-القياسية-الشهرية-لأسعار-المستهلك-حسب-المجموعات-الرئيسية-لسنة-2019م.pdf,21af89f97beba13243e688f8c8d31d067fb005562aa958e465a78295f9806773
2019,6,2019-06,08,Communication,79.4,2.7,2008.0,stated,0,0.3,,B,الرقم-القياسي-لأسعار-المستهلكين-لشهر-يوليو-لسنة-2019م.pdf,2c1fd6b885034e07277087ea5d49f28c5cfb83da3e590019a5adc13f07546787
2019,6,2019-06,10,Education,375.1,4.0,2008.0,stated,0,0.0,,B,الرقم-القياسي-لأسعار-المستهلكين-لشهر-يوليو-لسنة-2019م.pdf,2c1fd6b885034e07277087ea5d49f28c5cfb83da3e590019a5adc13f07546787
2019,6,2019-06,12,Miscellaneous Goods and Services,273.6,3.1,2008.0,stated,0,0.7,,B,الرقم-القياسي-لأسعار-المستهلكين-لشهر-يوليو-لسنة-2019م.pdf,2c1fd6b885034e07277087ea5d49f28c5cfb83da3e590019a5adc13f07546787
2019,7,2019-07,00,General Index,263.6,100.0,2008.0,stated,0,,264.6,A,الأرقام-القياسية-الشهرية-لأسعار-المستهلك-حسب-المجموعات-الرئيسية-لسنة-2019م.pdf,21af89f97beba13243e688f8c8d31d067fb005562aa958e465a78295f9806773
2019,7,2019-07,01,Food and Beverages,200.0,22.2,2008.0,stated,0,0.0,,B,الرقم-القياسي-لأسعار-المستهلكين-لشهر-أغسطس-لسنة-2019م.pdf,c69ff11213569aa27f0d77da3ccccaef21b280d634659658136bc5dca32cc217
2019,7,2019-07,02,Tobacco,261.2,0.7,2008.0,stated,0,,285.2,A,الأرقام-القياسية-الشهرية-لأسعار-المستهلك-حسب-المجموعات-الرئيسية-لسنة-2019م.pdf,21af89f97beba13243e688f8c8d31d067fb005562aa958e465a78295f9806773
2019,7,2019-07,05,Furniture and Household Equipment,220.5,0.2,2008.0,stated,0,1.2,,B,الرقم-القياسي-لأسعار-المستهلكين-لشهر-أغسطس-لسنة-2019م.pdf,c69ff11213569aa27f0d77da3ccccaef21b280d634659658136bc5dca32cc217
2019,7,2019-07,06,Health,307.1,4.1,2008.0,stated,0,,303.7,A,الأرقام-القياسية-الشهرية-لأسعار-المستهلك-حسب-المجموعات-الرئيسية-لسنة-2019م.pdf,21af89f97beba13243e688f8c8d31d067fb005562aa958e465a78295f9806773
2019,7,2019-07,07,Transport,184.2,8.1,2008.0,stated,0,,184.3,A,الأرقام-القياسية-الشهرية-لأسعار-المستهلك-حسب-المجموعات-الرئيسية-لسنة-2019م.pdf,21af89f97beba13243e688f8c8d31d067fb005562aa958e465a78295f9806773
2019,7,2019-07,08,Communication,79.6,2.7,2008.0,stated,0,,79.9,A,الأرقام-القياسية-الشهرية-لأسعار-المستهلك-حسب-المجموعات-الرئيسية-لسنة-2019م.pdf,21af89f97beba13243e688f8c8d31d067fb005562aa958e465a78295f9806773
2019,7,2019-07,09,Recreation and Culture,802.0,8.2,2008.0,stated,0,0.0,,B,الرقم-القياسي-لأسعار-المستهلكين-لشهر-أغسطس-لسنة-2019م.pdf,c69ff11213569aa27f0d77da3ccccaef21b280d634659658136bc5dca32cc217
2019,7,2019-07,10,Education,375.1,4.0,2008.0,stated,0,,374.5,A,الأرقام-القياسية-الشهرية-لأسعار-المستهلك-حسب-المجموعات-الرئيسية-لسنة-2019م.pdf,21af89f97beba13243e688f8c8d31d067fb005562aa958e465a78295f9806773
2019,8,2019-08,00,General Index,263.3,100.0,2008.0,stated,0,,264.6,A,الأرقام-القياسية-الشهرية-لأسعار-المستهلك-حسب-المجموعات-الرئيسية-لسنة-2019م.pdf,21af89f97beba13243e688f8c8d31d067fb005562aa958e465a78295f9806773
2019,8,2019-08,02,Tobacco,821.8,0.0,2008.0,stated,1,0.0,,B,الرقم-القياسي-لأسعار-المستهلكين-لشهر-سبتمبر-لسنة-2019م.pdf,af3e5abcd71fbbd74d7198c1bca34f2046c12a800659f49abcfcf3cc7206e105
2019,8,2019-08,05,Furniture and Household Equipment,220.0,0.2,2008.0,stated,0,0.0,,B,الرقم-القياسي-لأسعار-المستهلكين-لشهر-سبتمبر-لسنة-2019م.pdf,af3e5abcd71fbbd74d7198c1bca34f2046c12a800659f49abcfcf3cc7206e105
2019,8,2019-08,06,Health,307.1,4.1,2008.0,stated,0,,303.7,A,الأرقام-القياسية-الشهرية-لأسعار-المستهلك-حسب-المجموعات-الرئيسية-لسنة-2019م.pdf,21af89f97beba13243e688f8c8d31d067fb005562aa958e465a78295f9806773
2019,8,2019-08,07,Transport,183.2,8.1,2008.0,stated,0,,184.3,A,الأرقام-القياسية-الشهرية-لأسعار-المستهلك-حسب-المجموعات-الرئيسية-لسنة-2019م.pdf,21af89f97beba13243e688f8c8d31d067fb005562aa958e465a78295f9806773
2019,8,2019-08,08,Communication,79.9,2.7,2008.0,stated,0,,79.9,A,الأرقام-القياسية-الشهرية-لأسعار-المستهلك-حسب-المجموعات-الرئيسية-لسنة-2019م.pdf,21af89f97beba13243e688f8c8d31d067fb005562aa958e465a78295f9806773
2019,8,2019-08,10,Education,376.5,4.0,2008.0,stated,0,,374.5,A,الأرقام-القياسية-الشهرية-لأسعار-المستهلك-حسب-المجموعات-الرئيسية-لسنة-2019م.pdf,21af89f97beba13243e688f8c8d31d067fb005562aa958e465a78295f9806773
2019,8,2019-08,11,Restaurants and Hotels,220.2,1.0,2008.0,stated,0,0.0,,B,الرقم-القياسي-لأسعار-المستهلكين-لشهر-سبتمبر-لسنة-2019م.pdf,af3e5abcd71fbbd74d7198c1bca34f2046c12a800659f49abcfcf3cc7206e105
2019,9,2019-09,00,General Index,262.6,100.0,2008.0,stated,0,,264.6,A,الأرقام-القياسية-الشهرية-لأسعار-المستهلك-حسب-المجموعات-الرئيسية-لسنة-2019م.pdf,21af89f97beba13243e688f8c8d31d067fb005562aa958e465a78295f9806773
2019,9,2019-09,02,Tobacco,261.2,0.7,2008.0,stated,0,,285.2,A,الأرقام-القياسية-الشهرية-لأسعار-المستهلك-حسب-المجموعات-الرئيسية-لسنة-2019م.pdf,21af89f97beba13243e688f8c8d31d067fb005562aa958e465a78295f9806773
2019,9,2019-09,06,Health,309.5,4.1,2008.0,stated,0,,303.7,A,الأرقام-القياسية-الشهرية-لأسعار-المستهلك-حسب-المجموعات-الرئيسية-لسنة-2019م.pdf,21af89f97beba13243e688f8c8d31d067fb005562aa958e465a78295f9806773
2019,9,2019-09,07,Transport,181.7,8.1,2008.0,stated,0,,184.3,A,الأرقام-القياسية-الشهرية-لأسعار-المستهلك-حسب-المجموعات-الرئيسية-لسنة-2019م.pdf,21af89f97beba13243e688f8c8d31d067fb005562aa958e465a78295f9806773
2019,9,2019-09,08,Communication,78.3,2.7,2008.0,stated,0,,79.9,A,الأرقام-القياسية-الشهرية-لأسعار-المستهلك-حسب-المجموعات-الرئيسية-لسنة-2019م.pdf,21af89f97beba13243e688f8c8d31d067fb005562aa958e465a78295f9806773
2019,9,2019-09,10,Education,379.9,4.0,2008.0,stated,0,,374.5,A,الأرقام-القياسية-الشهرية-لأسعار-المستهلك-حسب-المجموعات-الرئيسية-لسنة-2019م.pdf,21af89f97beba13243e688f8c8d31d067fb005562aa958e465a78295f9806773
2020,1,2020-01,00,General Index,263.4,100.0,2008.0,stated,0,,266.8,A,الأرقام-القياسية-الشهرية-لأسعار-المستهلك-حسب-المجموعات-الرئيسية-لسنة-2020م.pdf,5bff2f77ac159f9d0bef3a878b1cf8eab016821670e63de149d5147409097c57
2020,1,2020-01,02,Tobacco,261.2,0.7,2008.0,stated,0,,261.9,A,الأرقام-القياسية-الشهرية-لأسعار-المستهلك-حسب-المجموعات-الرئيسية-لسنة-2020م.pdf,5bff2f77ac159f9d0bef3a878b1cf8eab016821670e63de149d5147409097c57
2020,1,2020-01,06,Health,318.3,4.1,2008.0,stated,0,,321.1,A,الأرقام-القياسية-الشهرية-لأسعار-المستهلك-حسب-المجموعات-الرئيسية-لسنة-2020م.pdf,5bff2f77ac159f9d0bef3a878b1cf8eab016821670e63de149d5147409097c57
2020,1,2020-01,07,Transport,179.3,8.1,2008.0,stated,0,,180.9,A,الأرقام-القياسية-الشهرية-لأسعار-المستهلك-حسب-المجموعات-الرئيسية-لسنة-2020م.pdf,5bff2f77ac159f9d0bef3a878b1cf8eab016821670e63de149d5147409097c57
2020,1,2020-01,08,Communication,77.9,2.7,2008.0,stated,0,,78.1,A,الأرقام-القياسية-الشهرية-لأسعار-المستهلك-حسب-المجموعات-الرئيسية-لسنة-2020م.pdf,5bff2f77ac159f9d0bef3a878b1cf8eab016821670e63de149d5147409097c57
2020,1,2020-01,10,Education,379.9,4.0,2008.0,stated,0,,379.9,A,الأرقام-القياسية-الشهرية-لأسعار-المستهلك-حسب-المجموعات-الرئيسية-لسنة-2020م.pdf,5bff2f77ac159f9d0bef3a878b1cf8eab016821670e63de149d5147409097c57
2020,2,2020-02,00,General Index,264.1,100.0,2008.0,stated,0,,266.8,A,الأرقام-القياسية-الشهرية-لأسعار-المستهلك-حسب-المجموعات-الرئيسية-لسنة-2020م.pdf,5bff2f77ac159f9d0bef3a878b1cf8eab016821670e63de149d5147409097c57
2020,2,2020-02,02,Tobacco,261.2,0.7,2008.0,stated,0,,261.9,A,الأرقام-القياسية-الشهرية-لأسعار-المستهلك-حسب-المجموعات-الرئيسية-لسنة-2020م.pdf,5bff2f77ac159f9d0bef3a878b1cf8eab016821670e63de149d5147409097c57
2020,2,2020-02,06,Health,319.3,4.1,2008.0,stated,0,,321.1,A,الأرقام-القياسية-الشهرية-لأسعار-المستهلك-حسب-المجموعات-الرئيسية-لسنة-2020م.pdf,5bff2f77ac159f9d0bef3a878b1cf8eab016821670e63de149d5147409097c57
2020,2,2020-02,07,Transport,178.5,8.1,2008.0,stated,0,,180.9,A,الأرقام-القياسية-الشهرية-لأسعار-المستهلك-حسب-المجموعات-الرئيسية-لسنة-2020م.pdf,5bff2f77ac159f9d0bef3a878b1cf8eab016821670e63de149d5147409097c57
2020,2,2020-02,08,Communication,77.9,2.7,2008.0,stated,0,,78.1,A,الأرقام-القياسية-الشهرية-لأسعار-المستهلك-حسب-المجموعات-الرئيسية-لسنة-2020م.pdf,5bff2f77ac159f9d0bef3a878b1cf8eab016821670e63de149d5147409097c57
2020,2,2020-02,10,Education,379.9,4.0,2008.0,stated,0,,379.9,A,الأرقام-القياسية-الشهرية-لأسعار-المستهلك-حسب-المجموعات-الرئيسية-لسنة-2020م.pdf,5bff2f77ac159f9d0bef3a878b1cf8eab016821670e63de149d5147409097c57
2020,3,2020-03,00,General Index,267.7,100.0,2008.0,stated,0,,266.8,A,الأرقام-القياسية-الشهرية-لأسعار-المستهلك-حسب-المجموعات-الرئيسية-لسنة-2020م.pdf,5bff2f77ac159f9d0bef3a878b1cf8eab016821670e63de149d5147409097c57
2020,3,2020-03,02,Tobacco,261.2,0.7,2008.0,stated,0,,261.9,A,الأرقام-القياسية-الشهرية-لأسعار-المستهلك-حسب-المجموعات-الرئيسية-لسنة-2020م.pdf,5bff2f77ac159f9d0bef3a878b1cf8eab016821670e63de149d5147409097c57
2020,3,2020-03,06,Health,321.7,4.1,2008.0,stated,0,,321.1,A,الأرقام-القياسية-الشهرية-لأسعار-المستهلك-حسب-المجموعات-الرئيسية-لسنة-2020م.pdf,5bff2f77ac159f9d0bef3a878b1cf8eab016821670e63de149d5147409097c57
2020,3,2020-03,07,Transport,181.1,8.1,2008.0,stated,0,,180.9,A,الأرقام-القياسية-الشهرية-لأسعار-المستهلك-حسب-المجموعات-الرئيسية-لسنة-2020م.pdf,5bff2f77ac159f9d0bef3a878b1cf8eab016821670e63de149d5147409097c57
2020,3,2020-03,08,Communication,77.9,2.7,2008.0,stated,0,,78.1,A,الأرقام-القياسية-الشهرية-لأسعار-المستهلك-حسب-المجموعات-الرئيسية-لسنة-2020م.pdf,5bff2f77ac159f9d0bef3a878b1cf8eab016821670e63de149d5147409097c57
2020,3,2020-03,10,Education,379.9,4.0,2008.0,stated,0,,379.9,A,الأرقام-القياسية-الشهرية-لأسعار-المستهلك-حسب-المجموعات-الرئيسية-لسنة-2020م.pdf,5bff2f77ac159f9d0bef3a878b1cf8eab016821670e63de149d5147409097c57
2020,4,2020-04,00,General Index,272.1,100.0,2008.0,stated,0,,266.8,A,الأرقام-القياسية-الشهرية-لأسعار-المستهلك-حسب-المجموعات-الرئيسية-لسنة-2020م.pdf,5bff2f77ac159f9d0bef3a878b1cf8eab016821670e63de149d5147409097c57
2020,4,2020-04,02,Tobacco,264.0,0.7,2008.0,stated,0,,261.9,A,الأرقام-القياسية-الشهرية-لأسعار-المستهلك-حسب-المجموعات-الرئيسية-لسنة-2020م.pdf,5bff2f77ac159f9d0bef3a878b1cf8eab016821670e63de149d5147409097c57
2020,4,2020-04,06,Health,325.1,4.1,2008.0,stated,0,,321.1,A,الأرقام-القياسية-الشهرية-لأسعار-المستهلك-حسب-المجموعات-الرئيسية-لسنة-2020م.pdf,5bff2f77ac159f9d0bef3a878b1cf8eab016821670e63de149d5147409097c57
2020,4,2020-04,07,Transport,184.5,8.1,2008.0,stated,0,,180.9,A,الأرقام-القياسية-الشهرية-لأسعار-المستهلك-حسب-المجموعات-الرئيسية-لسنة-2020م.pdf,5bff2f77ac159f9d0bef3a878b1cf8eab016821670e63de149d5147409097c57
2020,4,2020-04,08,Communication,78.6,2.7,2008.0,stated,0,,78.1,A,الأرقام-القياسية-الشهرية-لأسعار-المستهلك-حسب-المجموعات-الرئيسية-لسنة-2020م.pdf,5bff2f77ac159f9d0bef3a878b1cf8eab016821670e63de149d5147409097c57
2020,4,2020-04,10,Education,379.9,4.0,2008.0,stated,0,,379.9,A,الأرقام-القياسية-الشهرية-لأسعار-المستهلك-حسب-المجموعات-الرئيسية-لسنة-2020م.pdf,5bff2f77ac159f9d0bef3a878b1cf8eab016821670e63de149d5147409097c57
2021,1,2021-01,00,General Index,270.8,100.0,2008.0,stated,0,,272.6,A,الأرقام-القياسية-الشهرية-لأسعار-المستهلك-حسب-المجاميع-الرئيسية-لسنة-2021م.pdf,acb2d468b37fc62c044036e9f606a308433cb073cfa2e2a3fb9086f5ded6c373
2021,1,2021-01,01,Food and Beverages,306.2,38.8,2008.0,stated,0,,310.0,A,الأرقام-القياسية-الشهرية-لأسعار-المستهلك-حسب-المجاميع-الرئيسية-لسنة-2021م.pdf,acb2d468b37fc62c044036e9f606a308433cb073cfa2e2a3fb9086f5ded6c373
2021,1,2021-01,02,Tobacco,264.5,0.7,2008.0,stated,0,,264.2,A,الأرقام-القياسية-الشهرية-لأسعار-المستهلك-حسب-المجاميع-الرئيسية-لسنة-2021م.pdf,acb2d468b37fc62c044036e9f606a308433cb073cfa2e2a3fb9086f5ded6c373
2021,1,2021-01,03,Clothing and Footwear,414.3,6.4,2008.0,stated,0,,413.1,A,الأرقام-القياسية-الشهرية-لأسعار-المستهلك-حسب-المجاميع-الرئيسية-لسنة-2021م.pdf,acb2d468b37fc62c044036e9f606a308433cb073cfa2e2a3fb9086f5ded6c373
2021,1,2021-01,04,"Housing, Water, Electricity and Other Fuels",175.9,22.7,2008.0,stated,0,,176.1,A,الأرقام-القياسية-الشهرية-لأسعار-المستهلك-حسب-المجاميع-الرئيسية-لسنة-2021م.pdf,acb2d468b37fc62c044036e9f606a308433cb073cfa2e2a3fb9086f5ded6c373
2021,1,2021-01,05,Furniture and Household Equipment,346.8,4.9,2008.0,stated,0,,349.5,A,الأرقام-القياسية-الشهرية-لأسعار-المستهلك-حسب-المجاميع-الرئيسية-لسنة-2021م.pdf,acb2d468b37fc62c044036e9f606a308433cb073cfa2e2a3fb9086f5ded6c373
2021,1,2021-01,06,Health,334.3,4.1,2008.0,stated,0,,335.6,A,الأرقام-القياسية-الشهرية-لأسعار-المستهلك-حسب-المجاميع-الرئيسية-لسنة-2021م.pdf,acb2d468b37fc62c044036e9f606a308433cb073cfa2e2a3fb9086f5ded6c373
2021,1,2021-01,07,Transport,186.7,8.1,2008.0,stated,0,,188.0,A,الأرقام-القياسية-الشهرية-لأسعار-المستهلك-حسب-المجاميع-الرئيسية-لسنة-2021م.pdf,acb2d468b37fc62c044036e9f606a308433cb073cfa2e2a3fb9086f5ded6c373
2021,1,2021-01,08,Communication,83.0,2.7,2008.0,stated,0,,83.0,A,الأرقام-القياسية-الشهرية-لأسعار-المستهلك-حسب-المجاميع-الرئيسية-لسنة-2021م.pdf,acb2d468b37fc62c044036e9f606a308433cb073cfa2e2a3fb9086f5ded6c373
2021,1,2021-01,09,Recreation and Culture,205.0,2.8,2008.0,stated,0,,204.2,A,الأرقام-القياسية-الشهرية-لأسعار-المستهلك-حسب-المجاميع-الرئيسية-لسنة-2021م.pdf,acb2d468b37fc62c044036e9f606a308433cb073cfa2e2a3fb9086f5ded6c373
2021,1,2021-01,10,Education,380.0,4.0,2008.0,stated,0,,380.0,A,الأرقام-القياسية-الشهرية-لأسعار-المستهلك-حسب-المجاميع-الرئيسية-لسنة-2021م.pdf,acb2d468b37fc62c044036e9f606a308433cb073cfa2e2a3fb9086f5ded6c373
2021,1,2021-01,11,Restaurants and Hotels,339.9,1.7,2008.0,stated,0,,340.6,A,الأرقام-القياسية-الشهرية-لأسعار-المستهلك-حسب-المجاميع-الرئيسية-لسنة-2021م.pdf,acb2d468b37fc62c044036e9f606a308433cb073cfa2e2a3fb9086f5ded6c373
2021,1,2021-01,12,Miscellaneous Goods and Services,284.8,3.1,2008.0,stated,0,,286.8,A,الأرقام-القياسية-الشهرية-لأسعار-المستهلك-حسب-المجاميع-الرئيسية-لسنة-2021م.pdf,acb2d468b37fc62c044036e9f606a308433cb073cfa2e2a3fb9086f5ded6c373
2021,2,2021-02,00,General Index,271.3,100.0,2008.0,stated,0,,272.6,A,الأرقام-القياسية-الشهرية-لأسعار-المستهلك-حسب-المجاميع-الرئيسية-لسنة-2021م.pdf,acb2d468b37fc62c044036e9f606a308433cb073cfa2e2a3fb9086f5ded6c373
2021,2,2021-02,01,Food and Beverages,307.4,38.8,2008.0,stated,0,,310.0,A,الأرقام-القياسية-الشهرية-لأسعار-المستهلك-حسب-المجاميع-الرئيسية-لسنة-2021م.pdf,acb2d468b37fc62c044036e9f606a308433cb073cfa2e2a3fb9086f5ded6c373
2021,2,2021-02,02,Tobacco,264.5,0.7,2008.0,stated,0,,264.2,A,الأرقام-القياسية-الشهرية-لأسعار-المستهلك-حسب-المجاميع-الرئيسية-لسنة-2021م.pdf,acb2d468b37fc62c044036e9f606a308433cb073cfa2e2a3fb9086f5ded6c373
2021,2,2021-02,03,Clothing and Footwear,412.2,6.4,2008.0,stated,0,,413.1,A,الأرقام-القياسية-الشهرية-لأسعار-المستهلك-حسب-المجاميع-الرئيسية-لسنة-2021م.pdf,acb2d468b37fc62c044036e9f606a308433cb073cfa2e2a3fb9086f5ded6c373
2021,2,2021-02,04,"Housing, Water, Electricity and Other Fuels",176.0,22.7,2008.0,stated,0,,176.1,A,الأرقام-القياسية-الشهرية-لأسعار-المستهلك-حسب-المجاميع-الرئيسية-لسنة-2021م.pdf,acb2d468b37fc62c044036e9f606a308433cb073cfa2e2a3fb9086f5ded6c373
2021,2,2021-02,05,Furniture and Household Equipment,347.5,4.9,2008.0,stated,0,,349.5,A,الأرقام-القياسية-الشهرية-لأسعار-المستهلك-حسب-المجاميع-الرئيسية-لسنة-2021م.pdf,acb2d468b37fc62c044036e9f606a308433cb073cfa2e2a3fb9086f5ded6c373
2021,2,2021-02,06,Health,335.0,4.1,2008.0,stated,0,,335.6,A,الأرقام-القياسية-الشهرية-لأسعار-المستهلك-حسب-المجاميع-الرئيسية-لسنة-2021م.pdf,acb2d468b37fc62c044036e9f606a308433cb073cfa2e2a3fb9086f5ded6c373
2021,2,2021-02,07,Transport,187.3,8.1,2008.0,stated,0,,188.0,A,الأرقام-القياسية-الشهرية-لأسعار-المستهلك-حسب-المجاميع-الرئيسية-لسنة-2021م.pdf,acb2d468b37fc62c044036e9f606a308433cb073cfa2e2a3fb9086f5ded6c373
2021,2,2021-02,08,Communication,83.0,2.7,2008.0,stated,0,,83.0,A,الأرقام-القياسية-الشهرية-لأسعار-المستهلك-حسب-المجاميع-الرئيسية-لسنة-2021م.pdf,acb2d468b37fc62c044036e9f606a308433cb073cfa2e2a3fb9086f5ded6c373
2021,2,2021-02,09,Recreation and Culture,203.9,2.8,2008.0,stated,0,,204.2,A,الأرقام-القياسية-الشهرية-لأسعار-المستهلك-حسب-المجاميع-الرئيسية-لسنة-2021م.pdf,acb2d468b37fc62c044036e9f606a308433cb073cfa2e2a3fb9086f5ded6c373
2021,2,2021-02,10,Education,380.0,4.0,2008.0,stated,0,,380.0,A,الأرقام-القياسية-الشهرية-لأسعار-المستهلك-حسب-المجاميع-الرئيسية-لسنة-2021م.pdf,acb2d468b37fc62c044036e9f606a308433cb073cfa2e2a3fb9086f5ded6c373
2021,2,2021-02,11,Restaurants and Hotels,340.7,1.7,2008.0,stated,0,,340.6,A,الأرقام-القياسية-الشهرية-لأسعار-المستهلك-حسب-المجاميع-الرئيسية-لسنة-2021م.pdf,acb2d468b37fc62c044036e9f606a308433cb073cfa2e2a3fb9086f5ded6c373
2021,2,2021-02,12,Miscellaneous Goods and Services,284.9,3.1,2008.0,stated,0,,286.8,A,الأرقام-القياسية-الشهرية-لأسعار-المستهلك-حسب-المجاميع-الرئيسية-لسنة-2021م.pdf,acb2d468b37fc62c044036e9f606a308433cb073cfa2e2a3fb9086f5ded6c373
2021,3,2021-03,00,General Index,272.0,100.0,2008.0,stated,0,,272.6,A,الأرقام-القياسية-الشهرية-لأسعار-المستهلك-حسب-المجاميع-الرئيسية-لسنة-2021م.pdf,acb2d468b37fc62c044036e9f606a308433cb073cfa2e2a3fb9086f5ded6c373
2021,3,2021-03,01,Food and Beverages,309.4,38.8,2008.0,stated,0,,310.0,A,الأرقام-القياسية-الشهرية-لأسعار-المستهلك-حسب-المجاميع-الرئيسية-لسنة-2021م.pdf,acb2d468b37fc62c044036e9f606a308433cb073cfa2e2a3fb9086f5ded6c373
2021,3,2021-03,02,Tobacco,264.1,0.7,2008.0,stated,0,,264.2,A,الأرقام-القياسية-الشهرية-لأسعار-المستهلك-حسب-المجاميع-الرئيسية-لسنة-2021م.pdf,acb2d468b37fc62c044036e9f606a308433cb073cfa2e2a3fb9086f5ded6c373
2021,3,2021-03,03,Clothing and Footwear,409.0,6.4,2008.0,stated,0,,413.1,A,الأرقام-القياسية-الشهرية-لأسعار-المستهلك-حسب-المجاميع-الرئيسية-لسنة-2021م.pdf,acb2d468b37fc62c044036e9f606a308433cb073cfa2e2a3fb9086f5ded6c373
2021,3,2021-03,04,"Housing, Water, Electricity and Other Fuels",176.1,22.7,2008.0,stated,0,,176.1,A,الأرقام-القياسية-الشهرية-لأسعار-المستهلك-حسب-المجاميع-الرئيسية-لسنة-2021م.pdf,acb2d468b37fc62c044036e9f606a308433cb073cfa2e2a3fb9086f5ded6c373
2021,3,2021-03,05,Furniture and Household Equipment,348.7,4.9,2008.0,stated,0,,349.5,A,الأرقام-القياسية-الشهرية-لأسعار-المستهلك-حسب-المجاميع-الرئيسية-لسنة-2021م.pdf,acb2d468b37fc62c044036e9f606a308433cb073cfa2e2a3fb9086f5ded6c373
2021,3,2021-03,06,Health,335.0,4.1,2008.0,stated,0,,335.6,A,الأرقام-القياسية-الشهرية-لأسعار-المستهلك-حسب-المجاميع-الرئيسية-لسنة-2021م.pdf,acb2d468b37fc62c044036e9f606a308433cb073cfa2e2a3fb9086f5ded6c373
2021,3,2021-03,07,Transport,187.5,8.1,2008.0,stated,0,,188.0,A,الأرقام-القياسية-الشهرية-لأسعار-المستهلك-حسب-المجاميع-الرئيسية-لسنة-2021م.pdf,acb2d468b37fc62c044036e9f606a308433cb073cfa2e2a3fb9086f5ded6c373
2021,3,2021-03,08,Communication,83.0,2.7,2008.0,stated,0,,83.0,A,الأرقام-القياسية-الشهرية-لأسعار-المستهلك-حسب-المجاميع-الرئيسية-لسنة-2021م.pdf,acb2d468b37fc62c044036e9f606a308433cb073cfa2e2a3fb9086f5ded6c373
2021,3,2021-03,09,Recreation and Culture,203.9,2.8,2008.0,stated,0,,204.2,A,الأرقام-القياسية-الشهرية-لأسعار-المستهلك-حسب-المجاميع-الرئيسية-لسنة-2021م.pdf,acb2d468b37fc62c044036e9f606a308433cb073cfa2e2a3fb9086f5ded6c373
2021,3,2021-03,10,Education,380.0,4.0,2008.0,stated,0,,380.0,A,الأرقام-القياسية-الشهرية-لأسعار-المستهلك-حسب-المجاميع-الرئيسية-لسنة-2021م.pdf,acb2d468b37fc62c044036e9f606a308433cb073cfa2e2a3fb9086f5ded6c373
2021,3,2021-03,11,Restaurants and Hotels,340.7,1.7,2008.0,stated,0,,340.6,A,الأرقام-القياسية-الشهرية-لأسعار-المستهلك-حسب-المجاميع-الرئيسية-لسنة-2021م.pdf,acb2d468b37fc62c044036e9f606a308433cb073cfa2e2a3fb9086f5ded6c373
2021,3,2021-03,12,Miscellaneous Goods and Services,286.6,3.1,2008.0,stated,0,,286.8,A,الأرقام-القياسية-الشهرية-لأسعار-المستهلك-حسب-المجاميع-الرئيسية-لسنة-2021م.pdf,acb2d468b37fc62c044036e9f606a308433cb073cfa2e2a3fb9086f5ded6c373
2021,4,2021-04,00,General Index,273.4,100.0,2008.0,stated,0,,272.6,A,الأرقام-القياسية-الشهرية-لأسعار-المستهلك-حسب-المجاميع-الرئيسية-لسنة-2021م.pdf,acb2d468b37fc62c044036e9f606a308433cb073cfa2e2a3fb9086f5ded6c373
2021,4,2021-04,01,Food and Beverages,312.0,38.8,2008.0,stated,0,,310.0,A,الأرقام-القياسية-الشهرية-لأسعار-المستهلك-حسب-المجاميع-الرئيسية-لسنة-2021م.pdf,acb2d468b37fc62c044036e9f606a308433cb073cfa2e2a3fb9086f5ded6c373
2021,4,2021-04,02,Tobacco,264.1,0.7,2008.0,stated,0,,264.2,A,الأرقام-القياسية-الشهرية-لأسعار-المستهلك-حسب-المجاميع-الرئيسية-لسنة-2021م.pdf,acb2d468b37fc62c044036e9f606a308433cb073cfa2e2a3fb9086f5ded6c373
2021,4,2021-04,03,Clothing and Footwear,413.2,6.4,2008.0,stated,0,,413.1,A,الأرقام-القياسية-الشهرية-لأسعار-المستهلك-حسب-المجاميع-الرئيسية-لسنة-2021م.pdf,acb2d468b37fc62c044036e9f606a308433cb073cfa2e2a3fb9086f5ded6c373
2021,4,2021-04,04,"Housing, Water, Electricity and Other Fuels",176.1,22.7,2008.0,stated,0,,176.1,A,الأرقام-القياسية-الشهرية-لأسعار-المستهلك-حسب-المجاميع-الرئيسية-لسنة-2021م.pdf,acb2d468b37fc62c044036e9f606a308433cb073cfa2e2a3fb9086f5ded6c373
2021,4,2021-04,05,Furniture and Household Equipment,349.5,4.9,2008.0,stated,0,,349.5,A,الأرقام-القياسية-الشهرية-لأسعار-المستهلك-حسب-المجاميع-الرئيسية-لسنة-2021م.pdf,acb2d468b37fc62c044036e9f606a308433cb073cfa2e2a3fb9086f5ded6c373
2021,4,2021-04,06,Health,335.5,4.1,2008.0,stated,0,,335.6,A,الأرقام-القياسية-الشهرية-لأسعار-المستهلك-حسب-المجاميع-الرئيسية-لسنة-2021م.pdf,acb2d468b37fc62c044036e9f606a308433cb073cfa2e2a3fb9086f5ded6c373
2021,4,2021-04,07,Transport,187.9,8.1,2008.0,stated,0,,188.0,A,الأرقام-القياسية-الشهرية-لأسعار-المستهلك-حسب-المجاميع-الرئيسية-لسنة-2021م.pdf,acb2d468b37fc62c044036e9f606a308433cb073cfa2e2a3fb9086f5ded6c373
2021,4,2021-04,08,Communication,83.0,2.7,2008.0,stated,0,,83.0,A,الأرقام-القياسية-الشهرية-لأسعار-المستهلك-حسب-المجاميع-الرئيسية-لسنة-2021م.pdf,acb2d468b37fc62c044036e9f606a308433cb073cfa2e2a3fb9086f5ded6c373
2021,4,2021-04,09,Recreation and Culture,203.9,2.8,2008.0,stated,0,,204.2,A,الأرقام-القياسية-الشهرية-لأسعار-المستهلك-حسب-المجاميع-الرئيسية-لسنة-2021م.pdf,acb2d468b37fc62c044036e9f606a308433cb073cfa2e2a3fb9086f5ded6c373
2021,4,2021-04,10,Education,380.0,4.0,2008.0,stated,0,,380.0,A,الأرقام-القياسية-الشهرية-لأسعار-المستهلك-حسب-المجاميع-الرئيسية-لسنة-2021م.pdf,acb2d468b37fc62c044036e9f606a308433cb073cfa2e2a3fb9086f5ded6c373
2021,4,2021-04,11,Restaurants and Hotels,340.8,1.7,2008.0,stated,0,,340.6,A,الأرقام-القياسية-الشهرية-لأسعار-المستهلك-حسب-المجاميع-الرئيسية-لسنة-2021م.pdf,acb2d468b37fc62c044036e9f606a308433cb073cfa2e2a3fb9086f5ded6c373
2021,4,2021-04,12,Miscellaneous Goods and Services,286.7,3.1,2008.0,stated,0,,286.8,A,الأرقام-القياسية-الشهرية-لأسعار-المستهلك-حسب-المجاميع-الرئيسية-لسنة-2021م.pdf,acb2d468b37fc62c044036e9f606a308433cb073cfa2e2a3fb9086f5ded6c373
2021,5,2021-05,00,General Index,273.7,100.0,2008.0,stated,0,,272.6,A,الأرقام-القياسية-الشهرية-لأسعار-المستهلك-حسب-المجاميع-الرئيسية-لسنة-2021م.pdf,acb2d468b37fc62c044036e9f606a308433cb073cfa2e2a3fb9086f5ded6c373
2021,5,2021-05,01,Food and Beverages,311.7,38.8,2008.0,stated,0,,310.0,A,الأرقام-القياسية-الشهرية-لأسعار-المستهلك-حسب-المجاميع-الرئيسية-لسنة-2021م.pdf,acb2d468b37fc62c044036e9f606a308433cb073cfa2e2a3fb9086f5ded6c373
2021,5,2021-05,02,Tobacco,264.1,0.7,2008.0,stated,0,,264.2,A,الأرقام-القياسية-الشهرية-لأسعار-المستهلك-حسب-المجاميع-الرئيسية-لسنة-2021م.pdf,acb2d468b37fc62c044036e9f606a308433cb073cfa2e2a3fb9086f5ded6c373
2021,5,2021-05,03,Clothing and Footwear,414.6,6.4,2008.0,stated,0,,413.1,A,الأرقام-القياسية-الشهرية-لأسعار-المستهلك-حسب-المجاميع-الرئيسية-لسنة-2021م.pdf,acb2d468b37fc62c044036e9f606a308433cb073cfa2e2a3fb9086f5ded6c373
2021,5,2021-05,04,"Housing, Water, Electricity and Other Fuels",176.3,22.7,2008.0,stated,0,,176.1,A,الأرقام-القياسية-الشهرية-لأسعار-المستهلك-حسب-المجاميع-الرئيسية-لسنة-2021م.pdf,acb2d468b37fc62c044036e9f606a308433cb073cfa2e2a3fb9086f5ded6c373
2021,5,2021-05,05,Furniture and Household Equipment,351.8,4.9,2008.0,stated,0,,349.5,A,الأرقام-القياسية-الشهرية-لأسعار-المستهلك-حسب-المجاميع-الرئيسية-لسنة-2021م.pdf,acb2d468b37fc62c044036e9f606a308433cb073cfa2e2a3fb9086f5ded6c373
2021,5,2021-05,06,Health,336.8,4.1,2008.0,stated,0,,335.6,A,الأرقام-القياسية-الشهرية-لأسعار-المستهلك-حسب-المجاميع-الرئيسية-لسنة-2021م.pdf,acb2d468b37fc62c044036e9f606a308433cb073cfa2e2a3fb9086f5ded6c373
2021,5,2021-05,07,Transport,189.1,8.1,2008.0,stated,0,,188.0,A,الأرقام-القياسية-الشهرية-لأسعار-المستهلك-حسب-المجاميع-الرئيسية-لسنة-2021م.pdf,acb2d468b37fc62c044036e9f606a308433cb073cfa2e2a3fb9086f5ded6c373
2021,5,2021-05,08,Communication,83.0,2.7,2008.0,stated,0,,83.0,A,الأرقام-القياسية-الشهرية-لأسعار-المستهلك-حسب-المجاميع-الرئيسية-لسنة-2021م.pdf,acb2d468b37fc62c044036e9f606a308433cb073cfa2e2a3fb9086f5ded6c373
2021,5,2021-05,09,Recreation and Culture,203.7,2.8,2008.0,stated,0,,204.2,A,الأرقام-القياسية-الشهرية-لأسعار-المستهلك-حسب-المجاميع-الرئيسية-لسنة-2021م.pdf,acb2d468b37fc62c044036e9f606a308433cb073cfa2e2a3fb9086f5ded6c373
2021,5,2021-05,10,Education,380.0,4.0,2008.0,stated,0,,380.0,A,الأرقام-القياسية-الشهرية-لأسعار-المستهلك-حسب-المجاميع-الرئيسية-لسنة-2021م.pdf,acb2d468b37fc62c044036e9f606a308433cb073cfa2e2a3fb9086f5ded6c373
2021,5,2021-05,11,Restaurants and Hotels,340.8,1.7,2008.0,stated,0,,340.6,A,الأرقام-القياسية-الشهرية-لأسعار-المستهلك-حسب-المجاميع-الرئيسية-لسنة-2021م.pdf,acb2d468b37fc62c044036e9f606a308433cb073cfa2e2a3fb9086f5ded6c373
2021,5,2021-05,12,Miscellaneous Goods and Services,288.8,3.1,2008.0,stated,0,,286.8,A,الأرقام-القياسية-الشهرية-لأسعار-المستهلك-حسب-المجاميع-الرئيسية-لسنة-2021م.pdf,acb2d468b37fc62c044036e9f606a308433cb073cfa2e2a3fb9086f5ded6c373
2021,6,2021-06,00,General Index,274.4,100.0,2008.0,stated,0,,272.6,A,الأرقام-القياسية-الشهرية-لأسعار-المستهلك-حسب-المجاميع-الرئيسية-لسنة-2021م.pdf,acb2d468b37fc62c044036e9f606a308433cb073cfa2e2a3fb9086f5ded6c373
2021,6,2021-06,01,Food and Beverages,313.1,38.8,2008.0,stated,0,,310.0,A,الأرقام-القياسية-الشهرية-لأسعار-المستهلك-حسب-المجاميع-الرئيسية-لسنة-2021م.pdf,acb2d468b37fc62c044036e9f606a308433cb073cfa2e2a3fb9086f5ded6c373
2021,6,2021-06,02,Tobacco,264.1,0.7,2008.0,stated,0,,264.2,A,الأرقام-القياسية-الشهرية-لأسعار-المستهلك-حسب-المجاميع-الرئيسية-لسنة-2021م.pdf,acb2d468b37fc62c044036e9f606a308433cb073cfa2e2a3fb9086f5ded6c373
2021,6,2021-06,03,Clothing and Footwear,415.4,6.4,2008.0,stated,0,,413.1,A,الأرقام-القياسية-الشهرية-لأسعار-المستهلك-حسب-المجاميع-الرئيسية-لسنة-2021م.pdf,acb2d468b37fc62c044036e9f606a308433cb073cfa2e2a3fb9086f5ded6c373
2021,6,2021-06,04,"Housing, Water, Electricity and Other Fuels",176.5,22.7,2008.0,stated,0,,176.1,A,الأرقام-القياسية-الشهرية-لأسعار-المستهلك-حسب-المجاميع-الرئيسية-لسنة-2021م.pdf,acb2d468b37fc62c044036e9f606a308433cb073cfa2e2a3fb9086f5ded6c373
2021,6,2021-06,05,Furniture and Household Equipment,352.4,4.9,2008.0,stated,0,,349.5,A,الأرقام-القياسية-الشهرية-لأسعار-المستهلك-حسب-المجاميع-الرئيسية-لسنة-2021م.pdf,acb2d468b37fc62c044036e9f606a308433cb073cfa2e2a3fb9086f5ded6c373
2021,6,2021-06,06,Health,336.8,4.1,2008.0,stated,0,,335.6,A,الأرقام-القياسية-الشهرية-لأسعار-المستهلك-حسب-المجاميع-الرئيسية-لسنة-2021م.pdf,acb2d468b37fc62c044036e9f606a308433cb073cfa2e2a3fb9086f5ded6c373
2021,6,2021-06,07,Transport,189.1,8.1,2008.0,stated,0,,188.0,A,الأرقام-القياسية-الشهرية-لأسعار-المستهلك-حسب-المجاميع-الرئيسية-لسنة-2021م.pdf,acb2d468b37fc62c044036e9f606a308433cb073cfa2e2a3fb9086f5ded6c373
2021,6,2021-06,08,Communication,83.0,2.7,2008.0,stated,0,,83.0,A,الأرقام-القياسية-الشهرية-لأسعار-المستهلك-حسب-المجاميع-الرئيسية-لسنة-2021م.pdf,acb2d468b37fc62c044036e9f606a308433cb073cfa2e2a3fb9086f5ded6c373
2021,6,2021-06,09,Recreation and Culture,204.7,2.8,2008.0,stated,0,,204.2,A,الأرقام-القياسية-الشهرية-لأسعار-المستهلك-حسب-المجاميع-الرئيسية-لسنة-2021م.pdf,acb2d468b37fc62c044036e9f606a308433cb073cfa2e2a3fb9086f5ded6c373
2021,6,2021-06,10,Education,380.0,4.0,2008.0,stated,0,,380.0,A,الأرقام-القياسية-الشهرية-لأسعار-المستهلك-حسب-المجاميع-الرئيسية-لسنة-2021م.pdf,acb2d468b37fc62c044036e9f606a308433cb073cfa2e2a3fb9086f5ded6c373
2021,6,2021-06,11,Restaurants and Hotels,340.8,1.7,2008.0,stated,0,,340.6,A,الأرقام-القياسية-الشهرية-لأسعار-المستهلك-حسب-المجاميع-الرئيسية-لسنة-2021م.pdf,acb2d468b37fc62c044036e9f606a308433cb073cfa2e2a3fb9086f5ded6c373
2021,6,2021-06,12,Miscellaneous Goods and Services,288.9,3.1,2008.0,stated,0,,286.8,A,الأرقام-القياسية-الشهرية-لأسعار-المستهلك-حسب-المجاميع-الرئيسية-لسنة-2021م.pdf,acb2d468b37fc62c044036e9f606a308433cb073cfa2e2a3fb9086f5ded6c373
2022,1,2022-01,00,General Index,281.9,100.0,2008.0,matched,0,,,B,تقرير-حول-التضخم-والأرقام-القياسية-لأسعار-المستهلك-عن-شهر-فبراير-2022.pdf,b6c0d318e33eea3b5701a1a23f7b6befeb5cbc98696b0ae1cd6f9626c167691a
2022,1,2022-01,01,Food and Beverages,321.6,38.8,2008.0,matched,0,,,B,تقرير-حول-التضخم-والأرقام-القياسية-لأسعار-المستهلك-عن-شهر-فبراير-2022.pdf,b6c0d318e33eea3b5701a1a23f7b6befeb5cbc98696b0ae1cd6f9626c167691a
2022,1,2022-01,02,Tobacco,264.1,0.7,2008.0,matched,0,,,B,تقرير-حول-التضخم-والأرقام-القياسية-لأسعار-المستهلك-عن-شهر-فبراير-2022.pdf,b6c0d318e33eea3b5701a1a23f7b6befeb5cbc98696b0ae1cd6f9626c167691a
2022,1,2022-01,03,Clothing and Footwear,427.6,6.4,2008.0,matched,0,,,B,تقرير-حول-التضخم-والأرقام-القياسية-لأسعار-المستهلك-عن-شهر-فبراير-2022.pdf,b6c0d318e33eea3b5701a1a23f7b6befeb5cbc98696b0ae1cd6f9626c167691a
2022,1,2022-01,04,"Housing, Water, Electricity and Other Fuels",180.9,22.7,2008.0,matched,0,,,B,تقرير-حول-التضخم-والأرقام-القياسية-لأسعار-المستهلك-عن-شهر-فبراير-2022.pdf,b6c0d318e33eea3b5701a1a23f7b6befeb5cbc98696b0ae1cd6f9626c167691a
2022,1,2022-01,05,Furniture and Household Equipment,359.9,4.9,2008.0,matched,0,,,B,تقرير-حول-التضخم-والأرقام-القياسية-لأسعار-المستهلك-عن-شهر-فبراير-2022.pdf,b6c0d318e33eea3b5701a1a23f7b6befeb5cbc98696b0ae1cd6f9626c167691a
2022,1,2022-01,06,Health,343.2,4.1,2008.0,matched,0,,,B,تقرير-حول-التضخم-والأرقام-القياسية-لأسعار-المستهلك-عن-شهر-فبراير-2022.pdf,b6c0d318e33eea3b5701a1a23f7b6befeb5cbc98696b0ae1cd6f9626c167691a
2022,1,2022-01,07,Transport,206.4,8.1,2008.0,matched,0,,,B,تقرير-حول-التضخم-والأرقام-القياسية-لأسعار-المستهلك-عن-شهر-فبراير-2022.pdf,b6c0d318e33eea3b5701a1a23f7b6befeb5cbc98696b0ae1cd6f9626c167691a
2022,1,2022-01,08,Communication,83.5,2.7,2008.0,matched,0,,,B,تقرير-حول-التضخم-والأرقام-القياسية-لأسعار-المستهلك-عن-شهر-فبراير-2022.pdf,b6c0d318e33eea3b5701a1a23f7b6befeb5cbc98696b0ae1cd6f9626c167691a
2022,1,2022-01,09,Recreation and Culture,207.1,2.8,2008.0,matched,0,,,B,تقرير-حول-التضخم-والأرقام-القياسية-لأسعار-المستهلك-عن-شهر-فبراير-2022.pdf,b6c0d318e33eea3b5701a1a23f7b6befeb5cbc98696b0ae1cd6f9626c167691a
2022,1,2022-01,10,Education,380.1,4.0,2008.0,matched,0,,,B,تقرير-حول-التضخم-والأرقام-القياسية-لأسعار-المستهلك-عن-شهر-فبراير-2022.pdf,b6c0d318e33eea3b5701a1a23f7b6befeb5cbc98696b0ae1cd6f9626c167691a
2022,1,2022-01,11,Restaurants and Hotels,344.9,1.7,2008.0,matched,0,,,B,تقرير-حول-التضخم-والأرقام-القياسية-لأسعار-المستهلك-عن-شهر-فبراير-2022.pdf,b6c0d318e33eea3b5701a1a23f7b6befeb5cbc98696b0ae1cd6f9626c167691a
2022,1,2022-01,12,Miscellaneous Goods and Services,296.3,3.1,2008.0,matched,0,,,B,تقرير-حول-التضخم-والأرقام-القياسية-لأسعار-المستهلك-عن-شهر-فبراير-2022.pdf,b6c0d318e33eea3b5701a1a23f7b6befeb5cbc98696b0ae1cd6f9626c167691a
2022,2,2022-02,00,General Index,284.4,100.0,2008.0,matched,0,0.9,,B,تقرير-حول-التضخم-والأرقام-القياسية-لأسعار-المستهلك-عن-شهر-فبراير-2022.pdf,b6c0d318e33eea3b5701a1a23f7b6befeb5cbc98696b0ae1cd6f9626c167691a
2022,2,2022-02,01,Food and Beverages,322.4,38.8,2008.0,matched,0,0.2,,B,تقرير-حول-التضخم-والأرقام-القياسية-لأسعار-المستهلك-عن-شهر-فبراير-2022.pdf,b6c0d318e33eea3b5701a1a23f7b6befeb5cbc98696b0ae1cd6f9626c167691a
2022,2,2022-02,02,Tobacco,264.1,0.7,2008.0,matched,0,0.0,,B,تقرير-حول-التضخم-والأرقام-القياسية-لأسعار-المستهلك-عن-شهر-فبراير-2022.pdf,b6c0d318e33eea3b5701a1a23f7b6befeb5cbc98696b0ae1cd6f9626c167691a
2022,2,2022-02,03,Clothing and Footwear,428.3,6.4,2008.0,matched,0,0.2,,B,تقرير-حول-التضخم-والأرقام-القياسية-لأسعار-المستهلك-عن-شهر-فبراير-2022.pdf,b6c0d318e33eea3b5701a1a23f7b6befeb5cbc98696b0ae1cd6f9626c167691a
2022,2,2022-02,04,"Housing, Water, Electricity and Other Fuels",189.4,22.7,2008.0,matched,0,4.7,,B,تقرير-حول-التضخم-والأرقام-القياسية-لأسعار-المستهلك-عن-شهر-فبراير-2022.pdf,b6c0d318e33eea3b5701a1a23f7b6befeb5cbc98696b0ae1cd6f9626c167691a
2022,2,2022-02,05,Furniture and Household Equipment,361.8,4.9,2008.0,matched,0,0.5,,B,تقرير-حول-التضخم-والأرقام-القياسية-لأسعار-المستهلك-عن-شهر-فبراير-2022.pdf,b6c0d318e33eea3b5701a1a23f7b6befeb5cbc98696b0ae1cd6f9626c167691a
2022,2,2022-02,06,Health,345.0,4.1,2008.0,matched,0,0.5,,B,تقرير-حول-التضخم-والأرقام-القياسية-لأسعار-المستهلك-عن-شهر-فبراير-2022.pdf,b6c0d318e33eea3b5701a1a23f7b6befeb5cbc98696b0ae1cd6f9626c167691a
2022,2,2022-02,07,Transport,206.7,8.1,2008.0,matched,0,0.1,,B,تقرير-حول-التضخم-والأرقام-القياسية-لأسعار-المستهلك-عن-شهر-فبراير-2022.pdf,b6c0d318e33eea3b5701a1a23f7b6befeb5cbc98696b0ae1cd6f9626c167691a
2022,2,2022-02,08,Communication,83.5,2.7,2008.0,matched,0,0.0,,B,تقرير-حول-التضخم-والأرقام-القياسية-لأسعار-المستهلك-عن-شهر-فبراير-2022.pdf,b6c0d318e33eea3b5701a1a23f7b6befeb5cbc98696b0ae1cd6f9626c167691a
2022,2,2022-02,09,Recreation and Culture,205.8,2.8,2008.0,matched,0,-0.6,,B,تقرير-حول-التضخم-والأرقام-القياسية-لأسعار-المستهلك-عن-شهر-فبراير-2022.pdf,b6c0d318e33eea3b5701a1a23f7b6befeb5cbc98696b0ae1cd6f9626c167691a
2022,2,2022-02,10,Education,380.1,4.0,2008.0,matched,0,0.0,,B,تقرير-حول-التضخم-والأرقام-القياسية-لأسعار-المستهلك-عن-شهر-فبراير-2022.pdf,b6c0d318e33eea3b5701a1a23f7b6befeb5cbc98696b0ae1cd6f9626c167691a
2022,2,2022-02,11,Restaurants and Hotels,344.9,1.7,2008.0,matched,0,0.0,,B,تقرير-حول-التضخم-والأرقام-القياسية-لأسعار-المستهلك-عن-شهر-فبراير-2022.pdf,b6c0d318e33eea3b5701a1a23f7b6befeb5cbc98696b0ae1cd6f9626c167691a
2022,2,2022-02,12,Miscellaneous Goods and Services,296.6,3.1,2008.0,matched,0,0.1,,B,تقرير-حول-التضخم-والأرقام-القياسية-لأسعار-المستهلك-عن-شهر-فبراير-2022.pdf,b6c0d318e33eea3b5701a1a23f7b6befeb5cbc98696b0ae1cd6f9626c167691a
2022,3,2022-03,00,General Index,287.5,100.0,2008.0,matched,0,,,B,تقرير-حول-التضخم-والأرقام-القياسية-لأسعار-المستهلك-عن-شهر-أبريل-2022.pdf,060b6a5acde15409be78e702dd07692edb6157ea6aaf98414fe61a17e76dd6c5
2022,3,2022-03,01,Food and Beverages,326.5,38.8,2008.0,matched,0,,,B,تقرير-حول-التضخم-والأرقام-القياسية-لأسعار-المستهلك-عن-شهر-أبريل-2022.pdf,060b6a5acde15409be78e702dd07692edb6157ea6aaf98414fe61a17e76dd6c5
2022,3,2022-03,02,Tobacco,264.1,0.7,2008.0,matched,0,,,B,تقرير-حول-التضخم-والأرقام-القياسية-لأسعار-المستهلك-عن-شهر-أبريل-2022.pdf,060b6a5acde15409be78e702dd07692edb6157ea6aaf98414fe61a17e76dd6c5
2022,3,2022-03,03,Clothing and Footwear,430.9,6.4,2008.0,matched,0,,,B,تقرير-حول-التضخم-والأرقام-القياسية-لأسعار-المستهلك-عن-شهر-أبريل-2022.pdf,060b6a5acde15409be78e702dd07692edb6157ea6aaf98414fe61a17e76dd6c5
2022,3,2022-03,04,"Housing, Water, Electricity and Other Fuels",189.5,22.7,2008.0,matched,0,,,B,تقرير-حول-التضخم-والأرقام-القياسية-لأسعار-المستهلك-عن-شهر-أبريل-2022.pdf,060b6a5acde15409be78e702dd07692edb6157ea6aaf98414fe61a17e76dd6c5
2022,3,2022-03,05,Furniture and Household Equipment,363.0,4.9,2008.0,matched,0,,,B,تقرير-حول-التضخم-والأرقام-القياسية-لأسعار-المستهلك-عن-شهر-أبريل-2022.pdf,060b6a5acde15409be78e702dd07692edb6157ea6aaf98414fe61a17e76dd6c5
2022,3,2022-03,06,Health,346.8,4.1,2008.0,matched,0,,,B,تقرير-حول-التضخم-والأرقام-القياسية-لأسعار-المستهلك-عن-شهر-أبريل-2022.pdf,060b6a5acde15409be78e702dd07692edb6157ea6aaf98414fe61a17e76dd6c5
2022,3,2022-03,07,Transport,208.1,8.1,2008.0,matched,0,,,B,تقرير-حول-التضخم-والأرقام-القياسية-لأسعار-المستهلك-عن-شهر-أبريل-2022.pdf,060b6a5acde15409be78e702dd07692edb6157ea6aaf98414fe61a17e76dd6c5
2022,3,2022-03,08,Communication,83.9,2.7,2008.0,matched,0,,,B,تقرير-حول-التضخم-والأرقام-القياسية-لأسعار-المستهلك-عن-شهر-أبريل-2022.pdf,060b6a5acde15409be78e702dd07692edb6157ea6aaf98414fe61a17e76dd6c5
2022,3,2022-03,09,Recreation and Culture,206.6,2.8,2008.0,matched,0,,,B,تقرير-حول-التضخم-والأرقام-القياسية-لأسعار-المستهلك-عن-شهر-أبريل-2022.pdf,060b6a5acde15409be78e702dd07692edb6157ea6aaf98414fe61a17e76dd6c5
2022,3,2022-03,10,Education,380.1,4.0,2008.0,matched,0,,,B,تقرير-حول-التضخم-والأرقام-القياسية-لأسعار-المستهلك-عن-شهر-أبريل-2022.pdf,060b6a5acde15409be78e702dd07692edb6157ea6aaf98414fe61a17e76dd6c5
2022,3,2022-03,11,Restaurants and Hotels,346.2,1.7,2008.0,matched,0,,,B,تقرير-حول-التضخم-والأرقام-القياسية-لأسعار-المستهلك-عن-شهر-أبريل-2022.pdf,060b6a5acde15409be78e702dd07692edb6157ea6aaf98414fe61a17e76dd6c5
2022,3,2022-03,12,Miscellaneous Goods and Services,297.2,3.1,2008.0,matched,0,,,B,تقرير-حول-التضخم-والأرقام-القياسية-لأسعار-المستهلك-عن-شهر-أبريل-2022.pdf,060b6a5acde15409be78e702dd07692edb6157ea6aaf98414fe61a17e76dd6c5
2022,4,2022-04,00,General Index,288.4,100.0,2008.0,matched,0,0.3,,B,تقرير-حول-التضخم-والأرقام-القياسية-لأسعار-المستهلك-عن-شهر-أبريل-2022.pdf,060b6a5acde15409be78e702dd07692edb6157ea6aaf98414fe61a17e76dd6c5
2022,4,2022-04,01,Food and Beverages,327.9,38.8,2008.0,matched,0,0.4,,B,تقرير-حول-التضخم-والأرقام-القياسية-لأسعار-المستهلك-عن-شهر-أبريل-2022.pdf,060b6a5acde15409be78e702dd07692edb6157ea6aaf98414fe61a17e76dd6c5
2022,4,2022-04,02,Tobacco,264.1,0.7,2008.0,matched,0,0.0,,B,تقرير-حول-التضخم-والأرقام-القياسية-لأسعار-المستهلك-عن-شهر-أبريل-2022.pdf,060b6a5acde15409be78e702dd07692edb6157ea6aaf98414fe61a17e76dd6c5
2022,4,2022-04,03,Clothing and Footwear,433.8,6.4,2008.0,matched,0,0.7,,B,تقرير-حول-التضخم-والأرقام-القياسية-لأسعار-المستهلك-عن-شهر-أبريل-2022.pdf,060b6a5acde15409be78e702dd07692edb6157ea6aaf98414fe61a17e76dd6c5
2022,4,2022-04,04,"Housing, Water, Electricity and Other Fuels",189.6,22.7,2008.0,matched,0,0.1,,B,تقرير-حول-التضخم-والأرقام-القياسية-لأسعار-المستهلك-عن-شهر-أبريل-2022.pdf,060b6a5acde15409be78e702dd07692edb6157ea6aaf98414fe61a17e76dd6c5
2022,4,2022-04,05,Furniture and Household Equipment,365.0,4.9,2008.0,matched,0,0.6,,B,تقرير-حول-التضخم-والأرقام-القياسية-لأسعار-المستهلك-عن-شهر-أبريل-2022.pdf,060b6a5acde15409be78e702dd07692edb6157ea6aaf98414fe61a17e76dd6c5
2022,4,2022-04,06,Health,347.0,4.1,2008.0,matched,0,0.1,,B,تقرير-حول-التضخم-والأرقام-القياسية-لأسعار-المستهلك-عن-شهر-أبريل-2022.pdf,060b6a5acde15409be78e702dd07692edb6157ea6aaf98414fe61a17e76dd6c5
2022,4,2022-04,07,Transport,208.1,8.1,2008.0,matched,0,0.0,,B,تقرير-حول-التضخم-والأرقام-القياسية-لأسعار-المستهلك-عن-شهر-أبريل-2022.pdf,060b6a5acde15409be78e702dd07692edb6157ea6aaf98414fe61a17e76dd6c5
2022,4,2022-04,08,Communication,83.9,2.7,2008.0,matched,0,0.0,,B,تقرير-حول-التضخم-والأرقام-القياسية-لأسعار-المستهلك-عن-شهر-أبريل-2022.pdf,060b6a5acde15409be78e702dd07692edb6157ea6aaf98414fe61a17e76dd6c5
2022,4,2022-04,09,Recreation and Culture,207.3,2.8,2008.0,matched,0,0.3,,B,تقرير-حول-التضخم-والأرقام-القياسية-لأسعار-المستهلك-عن-شهر-أبريل-2022.pdf,060b6a5acde15409be78e702dd07692edb6157ea6aaf98414fe61a17e76dd6c5
2022,4,2022-04,10,Education,380.1,4.0,2008.0,matched,0,0.0,,B,تقرير-حول-التضخم-والأرقام-القياسية-لأسعار-المستهلك-عن-شهر-أبريل-2022.pdf,060b6a5acde15409be78e702dd07692edb6157ea6aaf98414fe61a17e76dd6c5
2022,4,2022-04,11,Restaurants and Hotels,346.2,1.7,2008.0,matched,0,0.0,,B,تقرير-حول-التضخم-والأرقام-القياسية-لأسعار-المستهلك-عن-شهر-أبريل-2022.pdf,060b6a5acde15409be78e702dd07692edb6157ea6aaf98414fe61a17e76dd6c5
2022,4,2022-04,12,Miscellaneous Goods and Services,298.6,3.1,2008.0,matched,0,0.5,,B,تقرير-حول-التضخم-والأرقام-القياسية-لأسعار-المستهلك-عن-شهر-أبريل-2022.pdf,060b6a5acde15409be78e702dd07692edb6157ea6aaf98414fe61a17e76dd6c5
2022,5,2022-05,00,General Index,287.9,100.0,2008.0,matched,0,-0.2,,B,تقرير-حول-التضخم-والأرقام-القياسية-لأسعار-المستهلك-عن-شهر-مايو-2022.pdf,b7eac2138ea827de97168423fec32d7bc0705fd3165aa8aa07c468f1533dbe9b
2022,5,2022-05,01,Food and Beverages,326.9,38.8,2008.0,matched,0,-0.3,,B,تقرير-حول-التضخم-والأرقام-القياسية-لأسعار-المستهلك-عن-شهر-مايو-2022.pdf,b7eac2138ea827de97168423fec32d7bc0705fd3165aa8aa07c468f1533dbe9b
2022,5,2022-05,02,Tobacco,264.1,0.7,2008.0,matched,0,0.0,,B,تقرير-حول-التضخم-والأرقام-القياسية-لأسعار-المستهلك-عن-شهر-مايو-2022.pdf,b7eac2138ea827de97168423fec32d7bc0705fd3165aa8aa07c468f1533dbe9b
2022,5,2022-05,03,Clothing and Footwear,434.9,6.4,2008.0,matched,0,0.3,,B,تقرير-حول-التضخم-والأرقام-القياسية-لأسعار-المستهلك-عن-شهر-مايو-2022.pdf,b7eac2138ea827de97168423fec32d7bc0705fd3165aa8aa07c468f1533dbe9b
2022,5,2022-05,04,"Housing, Water, Electricity and Other Fuels",192.0,22.7,2008.0,matched,0,1.3,,B,تقرير-حول-التضخم-والأرقام-القياسية-لأسعار-المستهلك-عن-شهر-مايو-2022.pdf,b7eac2138ea827de97168423fec32d7bc0705fd3165aa8aa07c468f1533dbe9b
2022,5,2022-05,05,Furniture and Household Equipment,365.4,4.9,2008.0,matched,0,0.1,,B,تقرير-حول-التضخم-والأرقام-القياسية-لأسعار-المستهلك-عن-شهر-مايو-2022.pdf,b7eac2138ea827de97168423fec32d7bc0705fd3165aa8aa07c468f1533dbe9b
2022,5,2022-05,06,Health,347.9,4.1,2008.0,matched,0,0.3,,B,تقرير-حول-التضخم-والأرقام-القياسية-لأسعار-المستهلك-عن-شهر-مايو-2022.pdf,b7eac2138ea827de97168423fec32d7bc0705fd3165aa8aa07c468f1533dbe9b
2022,5,2022-05,07,Transport,209.3,8.1,2008.0,matched,0,0.6,,B,تقرير-حول-التضخم-والأرقام-القياسية-لأسعار-المستهلك-عن-شهر-مايو-2022.pdf,b7eac2138ea827de97168423fec32d7bc0705fd3165aa8aa07c468f1533dbe9b
2022,5,2022-05,08,Communication,83.9,2.7,2008.0,matched,0,0.0,,B,تقرير-حول-التضخم-والأرقام-القياسية-لأسعار-المستهلك-عن-شهر-مايو-2022.pdf,b7eac2138ea827de97168423fec32d7bc0705fd3165aa8aa07c468f1533dbe9b
2022,5,2022-05,09,Recreation and Culture,207.8,2.8,2008.0,matched,0,0.2,,B,تقرير-حول-التضخم-والأرقام-القياسية-لأسعار-المستهلك-عن-شهر-مايو-2022.pdf,b7eac2138ea827de97168423fec32d7bc0705fd3165aa8aa07c468f1533dbe9b
2022,5,2022-05,10,Education,380.1,4.0,2008.0,matched,0,0.0,,B,تقرير-حول-التضخم-والأرقام-القياسية-لأسعار-المستهلك-عن-شهر-مايو-2022.pdf,b7eac2138ea827de97168423fec32d7bc0705fd3165aa8aa07c468f1533dbe9b
2022,5,2022-05,11,Restaurants and Hotels,347.0,1.7,2008.0,matched,0,0.2,,B,تقرير-حول-التضخم-والأرقام-القياسية-لأسعار-المستهلك-عن-شهر-مايو-2022.pdf,b7eac2138ea827de97168423fec32d7bc0705fd3165aa8aa07c468f1533dbe9b
2022,5,2022-05,12,Miscellaneous Goods and Services,301.3,3.1,2008.0,matched,0,0.9,,B,تقرير-حول-التضخم-والأرقام-القياسية-لأسعار-المستهلك-عن-شهر-مايو-2022.pdf,b7eac2138ea827de97168423fec32d7bc0705fd3165aa8aa07c468f1533dbe9b
2022,6,2022-06,00,General Index,288.2,100.0,2008.0,matched,0,,,B,تقرير-حول-التضخم-والأرقام-القياسية-لأسعار-المستهلك-عن-شهر-يوليو-2022.pdf,7ff8208c608a6c165ef2ddcfd5370bf3908612b173c6d7fa795ebef293201e2a
2022,6,2022-06,01,Food and Beverages,327.3,38.8,2008.0,matched,0,,,B,تقرير-حول-التضخم-والأرقام-القياسية-لأسعار-المستهلك-عن-شهر-يوليو-2022.pdf,7ff8208c608a6c165ef2ddcfd5370bf3908612b173c6d7fa795ebef293201e2a
2022,6,2022-06,02,Tobacco,264.1,0.7,2008.0,matched,0,,,B,تقرير-حول-التضخم-والأرقام-القياسية-لأسعار-المستهلك-عن-شهر-يوليو-2022.pdf,7ff8208c608a6c165ef2ddcfd5370bf3908612b173c6d7fa795ebef293201e2a
2022,6,2022-06,03,Clothing and Footwear,435.3,6.4,2008.0,matched,0,,,B,تقرير-حول-التضخم-والأرقام-القياسية-لأسعار-المستهلك-عن-شهر-يوليو-2022.pdf,7ff8208c608a6c165ef2ddcfd5370bf3908612b173c6d7fa795ebef293201e2a
2022,6,2022-06,04,"Housing, Water, Electricity and Other Fuels",192.2,22.7,2008.0,matched,0,,,B,تقرير-حول-التضخم-والأرقام-القياسية-لأسعار-المستهلك-عن-شهر-يوليو-2022.pdf,7ff8208c608a6c165ef2ddcfd5370bf3908612b173c6d7fa795ebef293201e2a
2022,6,2022-06,05,Furniture and Household Equipment,365.8,4.9,2008.0,matched,0,,,B,تقرير-حول-التضخم-والأرقام-القياسية-لأسعار-المستهلك-عن-شهر-يوليو-2022.pdf,7ff8208c608a6c165ef2ddcfd5370bf3908612b173c6d7fa795ebef293201e2a
2022,6,2022-06,06,Health,349.6,4.1,2008.0,matched,0,,,B,تقرير-حول-التضخم-والأرقام-القياسية-لأسعار-المستهلك-عن-شهر-يوليو-2022.pdf,7ff8208c608a6c165ef2ddcfd5370bf3908612b173c6d7fa795ebef293201e2a
2022,6,2022-06,07,Transport,210.2,8.1,2008.0,matched,0,,,B,تقرير-حول-التضخم-والأرقام-القياسية-لأسعار-المستهلك-عن-شهر-يوليو-2022.pdf,7ff8208c608a6c165ef2ddcfd5370bf3908612b173c6d7fa795ebef293201e2a
2022,6,2022-06,08,Communication,83.9,2.7,2008.0,matched,0,,,B,تقرير-حول-التضخم-والأرقام-القياسية-لأسعار-المستهلك-عن-شهر-يوليو-2022.pdf,7ff8208c608a6c165ef2ddcfd5370bf3908612b173c6d7fa795ebef293201e2a
2022,6,2022-06,09,Recreation and Culture,207.1,2.8,2008.0,matched,0,,,B,تقرير-حول-التضخم-والأرقام-القياسية-لأسعار-المستهلك-عن-شهر-يوليو-2022.pdf,7ff8208c608a6c165ef2ddcfd5370bf3908612b173c6d7fa795ebef293201e2a
2022,6,2022-06,10,Education,380.1,4.0,2008.0,matched,0,,,B,تقرير-حول-التضخم-والأرقام-القياسية-لأسعار-المستهلك-عن-شهر-يوليو-2022.pdf,7ff8208c608a6c165ef2ddcfd5370bf3908612b173c6d7fa795ebef293201e2a
2022,6,2022-06,11,Restaurants and Hotels,347.0,1.7,2008.0,matched,0,,,B,تقرير-حول-التضخم-والأرقام-القياسية-لأسعار-المستهلك-عن-شهر-يوليو-2022.pdf,7ff8208c608a6c165ef2ddcfd5370bf3908612b173c6d7fa795ebef293201e2a
2022,6,2022-06,12,Miscellaneous Goods and Services,301.9,3.1,2008.0,matched,0,,,B,تقرير-حول-التضخم-والأرقام-القياسية-لأسعار-المستهلك-عن-شهر-يوليو-2022.pdf,7ff8208c608a6c165ef2ddcfd5370bf3908612b173c6d7fa795ebef293201e2a
2022,7,2022-07,00,General Index,288.6,100.0,2008.0,matched,1,,,B,تقرير-حول-التضخم-والأرقام-القياسية-لأسعار-المستهلك-عن-شهر-أغسطس-2022.pdf,040afb26bcfe49719dcd38ec2ef3fcf7725ac01d5c5129c7696e0acf067cf6dd
2022,7,2022-07,01,Food and Beverages,327.0,38.8,2008.0,matched,1,,,B,تقرير-حول-التضخم-والأرقام-القياسية-لأسعار-المستهلك-عن-شهر-أغسطس-2022.pdf,040afb26bcfe49719dcd38ec2ef3fcf7725ac01d5c5129c7696e0acf067cf6dd
2022,7,2022-07,02,Tobacco,264.1,0.7,2008.0,matched,1,,,B,تقرير-حول-التضخم-والأرقام-القياسية-لأسعار-المستهلك-عن-شهر-أغسطس-2022.pdf,040afb26bcfe49719dcd38ec2ef3fcf7725ac01d5c5129c7696e0acf067cf6dd
2022,7,2022-07,03,Clothing and Footwear,435.7,6.4,2008.0,matched,1,,,B,تقرير-حول-التضخم-والأرقام-القياسية-لأسعار-المستهلك-عن-شهر-أغسطس-2022.pdf,040afb26bcfe49719dcd38ec2ef3fcf7725ac01d5c5129c7696e0acf067cf6dd
2022,7,2022-07,04,"Housing, Water, Electricity and Other Fuels",193.6,22.7,2008.0,matched,1,,,B,تقرير-حول-التضخم-والأرقام-القياسية-لأسعار-المستهلك-عن-شهر-أغسطس-2022.pdf,040afb26bcfe49719dcd38ec2ef3fcf7725ac01d5c5129c7696e0acf067cf6dd
2022,7,2022-07,05,Furniture and Household Equipment,367.5,4.9,2008.0,matched,1,,,B,تقرير-حول-التضخم-والأرقام-القياسية-لأسعار-المستهلك-عن-شهر-أغسطس-2022.pdf,040afb26bcfe49719dcd38ec2ef3fcf7725ac01d5c5129c7696e0acf067cf6dd
2022,7,2022-07,06,Health,349.6,4.1,2008.0,matched,1,,,B,تقرير-حول-التضخم-والأرقام-القياسية-لأسعار-المستهلك-عن-شهر-أغسطس-2022.pdf,040afb26bcfe49719dcd38ec2ef3fcf7725ac01d5c5129c7696e0acf067cf6dd
2022,7,2022-07,07,Transport,210.9,8.1,2008.0,matched,1,,,B,تقرير-حول-التضخم-والأرقام-القياسية-لأسعار-المستهلك-عن-شهر-أغسطس-2022.pdf,040afb26bcfe49719dcd38ec2ef3fcf7725ac01d5c5129c7696e0acf067cf6dd
2022,7,2022-07,08,Communication,83.9,2.7,2008.0,matched,0,,,B,تقرير-حول-التضخم-والأرقام-القياسية-لأسعار-المستهلك-عن-شهر-أغسطس-2022.pdf,040afb26bcfe49719dcd38ec2ef3fcf7725ac01d5c5129c7696e0acf067cf6dd
2022,7,2022-07,09,Recreation and Culture,207.7,2.8,2008.0,matched,1,,,B,تقرير-حول-التضخم-والأرقام-القياسية-لأسعار-المستهلك-عن-شهر-أغسطس-2022.pdf,040afb26bcfe49719dcd38ec2ef3fcf7725ac01d5c5129c7696e0acf067cf6dd
2022,7,2022-07,10,Education,380.1,4.0,2008.0,matched,1,,,B,تقرير-حول-التضخم-والأرقام-القياسية-لأسعار-المستهلك-عن-شهر-أغسطس-2022.pdf,040afb26bcfe49719dcd38ec2ef3fcf7725ac01d5c5129c7696e0acf067cf6dd
2022,7,2022-07,11,Restaurants and Hotels,347.0,1.7,2008.0,matched,1,,,B,تقرير-حول-التضخم-والأرقام-القياسية-لأسعار-المستهلك-عن-شهر-أغسطس-2022.pdf,040afb26bcfe49719dcd38ec2ef3fcf7725ac01d5c5129c7696e0acf067cf6dd
2022,7,2022-07,12,Miscellaneous Goods and Services,301.9,3.1,2008.0,matched,1,,,B,تقرير-حول-التضخم-والأرقام-القياسية-لأسعار-المستهلك-عن-شهر-أغسطس-2022.pdf,040afb26bcfe49719dcd38ec2ef3fcf7725ac01d5c5129c7696e0acf067cf6dd
2022,8,2022-08,00,General Index,289.2,100.0,2008.0,matched,1,0.2,,B,تقرير-حول-التضخم-والأرقام-القياسية-لأسعار-المستهلك-عن-شهر-أغسطس-2022.pdf,040afb26bcfe49719dcd38ec2ef3fcf7725ac01d5c5129c7696e0acf067cf6dd
2022,8,2022-08,01,Food and Beverages,328.4,38.8,2008.0,matched,1,0.4,,B,تقرير-حول-التضخم-والأرقام-القياسية-لأسعار-المستهلك-عن-شهر-أغسطس-2022.pdf,040afb26bcfe49719dcd38ec2ef3fcf7725ac01d5c5129c7696e0acf067cf6dd
2022,8,2022-08,02,Tobacco,265.5,0.7,2008.0,matched,0,0.5,,B,تقرير-حول-التضخم-والأرقام-القياسية-لأسعار-المستهلك-عن-شهر-أغسطس-2022.pdf,040afb26bcfe49719dcd38ec2ef3fcf7725ac01d5c5129c7696e0acf067cf6dd
2022,8,2022-08,03,Clothing and Footwear,436.4,6.4,2008.0,matched,1,0.2,,B,تقرير-حول-التضخم-والأرقام-القياسية-لأسعار-المستهلك-عن-شهر-أغسطس-2022.pdf,040afb26bcfe49719dcd38ec2ef3fcf7725ac01d5c5129c7696e0acf067cf6dd
2022,8,2022-08,04,"Housing, Water, Electricity and Other Fuels",193.5,22.7,2008.0,matched,1,-0.1,,B,تقرير-حول-التضخم-والأرقام-القياسية-لأسعار-المستهلك-عن-شهر-أغسطس-2022.pdf,040afb26bcfe49719dcd38ec2ef3fcf7725ac01d5c5129c7696e0acf067cf6dd
2022,8,2022-08,05,Furniture and Household Equipment,367.3,4.9,2008.0,matched,1,-0.1,,B,تقرير-حول-التضخم-والأرقام-القياسية-لأسعار-المستهلك-عن-شهر-أغسطس-2022.pdf,040afb26bcfe49719dcd38ec2ef3fcf7725ac01d5c5129c7696e0acf067cf6dd
2022,8,2022-08,06,Health,349.7,4.1,2008.0,matched,1,0.0,,B,تقرير-حول-التضخم-والأرقام-القياسية-لأسعار-المستهلك-عن-شهر-أغسطس-2022.pdf,040afb26bcfe49719dcd38ec2ef3fcf7725ac01d5c5129c7696e0acf067cf6dd
2022,8,2022-08,07,Transport,210.9,8.1,2008.0,matched,1,0.0,,B,تقرير-حول-التضخم-والأرقام-القياسية-لأسعار-المستهلك-عن-شهر-أغسطس-2022.pdf,040afb26bcfe49719dcd38ec2ef3fcf7725ac01d5c5129c7696e0acf067cf6dd
2022,8,2022-08,08,Communication,83.6,2.7,2008.0,matched,1,-0.4,,B,تقرير-حول-التضخم-والأرقام-القياسية-لأسعار-المستهلك-عن-شهر-أغسطس-2022.pdf,040afb26bcfe49719dcd38ec2ef3fcf7725ac01d5c5129c7696e0acf067cf6dd
2022,8,2022-08,09,Recreation and Culture,207.6,2.8,2008.0,matched,1,0.0,,B,تقرير-حول-التضخم-والأرقام-القياسية-لأسعار-المستهلك-عن-شهر-أغسطس-2022.pdf,040afb26bcfe49719dcd38ec2ef3fcf7725ac01d5c5129c7696e0acf067cf6dd
2022,8,2022-08,10,Education,381.1,4.0,2008.0,matched,1,0.3,,B,تقرير-حول-التضخم-والأرقام-القياسية-لأسعار-المستهلك-عن-شهر-أغسطس-2022.pdf,040afb26bcfe49719dcd38ec2ef3fcf7725ac01d5c5129c7696e0acf067cf6dd
2022,8,2022-08,11,Restaurants and Hotels,347.0,1.7,2008.0,matched,1,0.0,,B,تقرير-حول-التضخم-والأرقام-القياسية-لأسعار-المستهلك-عن-شهر-أغسطس-2022.pdf,040afb26bcfe49719dcd38ec2ef3fcf7725ac01d5c5129c7696e0acf067cf6dd
2022,8,2022-08,12,Miscellaneous Goods and Services,301.1,3.1,2008.0,matched,1,-0.3,,B,تقرير-حول-التضخم-والأرقام-القياسية-لأسعار-المستهلك-عن-شهر-أغسطس-2022.pdf,040afb26bcfe49719dcd38ec2ef3fcf7725ac01d5c5129c7696e0acf067cf6dd
2022,9,2022-09,00,General Index,289.8,100.0,2008.0,matched,0,,,B,تقرير-حول-التضخم-والأرقام-القياسية-لأسعار-المستهلك-عن-شهر-أكتوبر-2022.pdf,dcc704f6f0db2c2b454df7e735312257fbef281c182de2baa72aad795ff46cbd
2022,9,2022-09,01,Food and Beverages,329.2,38.8,2008.0,matched,0,,,B,تقرير-حول-التضخم-والأرقام-القياسية-لأسعار-المستهلك-عن-شهر-أكتوبر-2022.pdf,dcc704f6f0db2c2b454df7e735312257fbef281c182de2baa72aad795ff46cbd
2022,9,2022-09,02,Tobacco,265.5,0.7,2008.0,matched,0,,,B,تقرير-حول-التضخم-والأرقام-القياسية-لأسعار-المستهلك-عن-شهر-أكتوبر-2022.pdf,dcc704f6f0db2c2b454df7e735312257fbef281c182de2baa72aad795ff46cbd
2022,9,2022-09,03,Clothing and Footwear,435.7,6.4,2008.0,matched,0,,,B,تقرير-حول-التضخم-والأرقام-القياسية-لأسعار-المستهلك-عن-شهر-أكتوبر-2022.pdf,dcc704f6f0db2c2b454df7e735312257fbef281c182de2baa72aad795ff46cbd
2022,9,2022-09,04,"Housing, Water, Electricity and Other Fuels",193.5,22.7,2008.0,matched,0,,,B,تقرير-حول-التضخم-والأرقام-القياسية-لأسعار-المستهلك-عن-شهر-أكتوبر-2022.pdf,dcc704f6f0db2c2b454df7e735312257fbef281c182de2baa72aad795ff46cbd
2022,9,2022-09,05,Furniture and Household Equipment,368.3,4.9,2008.0,matched,0,,,B,تقرير-حول-التضخم-والأرقام-القياسية-لأسعار-المستهلك-عن-شهر-أكتوبر-2022.pdf,dcc704f6f0db2c2b454df7e735312257fbef281c182de2baa72aad795ff46cbd
2022,9,2022-09,06,Health,350.9,4.1,2008.0,matched,0,,,B,تقرير-حول-التضخم-والأرقام-القياسية-لأسعار-المستهلك-عن-شهر-أكتوبر-2022.pdf,dcc704f6f0db2c2b454df7e735312257fbef281c182de2baa72aad795ff46cbd
2022,9,2022-09,07,Transport,211.3,8.1,2008.0,matched,0,,,B,تقرير-حول-التضخم-والأرقام-القياسية-لأسعار-المستهلك-عن-شهر-أكتوبر-2022.pdf,dcc704f6f0db2c2b454df7e735312257fbef281c182de2baa72aad795ff46cbd
2022,9,2022-09,08,Communication,84.3,2.7,2008.0,matched,0,,,B,تقرير-حول-التضخم-والأرقام-القياسية-لأسعار-المستهلك-عن-شهر-أكتوبر-2022.pdf,dcc704f6f0db2c2b454df7e735312257fbef281c182de2baa72aad795ff46cbd
2022,9,2022-09,09,Recreation and Culture,209.0,2.8,2008.0,matched,0,,,B,تقرير-حول-التضخم-والأرقام-القياسية-لأسعار-المستهلك-عن-شهر-أكتوبر-2022.pdf,dcc704f6f0db2c2b454df7e735312257fbef281c182de2baa72aad795ff46cbd
2022,9,2022-09,10,Education,381.2,4.0,2008.0,matched,0,,,B,تقرير-حول-التضخم-والأرقام-القياسية-لأسعار-المستهلك-عن-شهر-أكتوبر-2022.pdf,dcc704f6f0db2c2b454df7e735312257fbef281c182de2baa72aad795ff46cbd
2022,9,2022-09,11,Restaurants and Hotels,348.8,1.7,2008.0,matched,0,,,B,تقرير-حول-التضخم-والأرقام-القياسية-لأسعار-المستهلك-عن-شهر-أكتوبر-2022.pdf,dcc704f6f0db2c2b454df7e735312257fbef281c182de2baa72aad795ff46cbd
2022,9,2022-09,12,Miscellaneous Goods and Services,302.8,3.1,2008.0,matched,0,,,B,تقرير-حول-التضخم-والأرقام-القياسية-لأسعار-المستهلك-عن-شهر-أكتوبر-2022.pdf,dcc704f6f0db2c2b454df7e735312257fbef281c182de2baa72aad795ff46cbd
2022,10,2022-10,00,General Index,290.6,100.0,2008.0,matched,0,0.3,,B,تقرير-حول-التضخم-والأرقام-القياسية-لأسعار-المستهلك-عن-شهر-أكتوبر-2022.pdf,dcc704f6f0db2c2b454df7e735312257fbef281c182de2baa72aad795ff46cbd
2022,10,2022-10,01,Food and Beverages,330.9,38.8,2008.0,matched,0,0.5,,B,تقرير-حول-التضخم-والأرقام-القياسية-لأسعار-المستهلك-عن-شهر-أكتوبر-2022.pdf,dcc704f6f0db2c2b454df7e735312257fbef281c182de2baa72aad795ff46cbd
2022,10,2022-10,02,Tobacco,265.5,0.7,2008.0,matched,0,0.0,,B,تقرير-حول-التضخم-والأرقام-القياسية-لأسعار-المستهلك-عن-شهر-أكتوبر-2022.pdf,dcc704f6f0db2c2b454df7e735312257fbef281c182de2baa72aad795ff46cbd
2022,10,2022-10,03,Clothing and Footwear,436.9,6.4,2008.0,matched,0,0.3,,B,تقرير-حول-التضخم-والأرقام-القياسية-لأسعار-المستهلك-عن-شهر-أكتوبر-2022.pdf,dcc704f6f0db2c2b454df7e735312257fbef281c182de2baa72aad795ff46cbd
2022,10,2022-10,04,"Housing, Water, Electricity and Other Fuels",193.6,22.7,2008.0,matched,0,0.1,,B,تقرير-حول-التضخم-والأرقام-القياسية-لأسعار-المستهلك-عن-شهر-أكتوبر-2022.pdf,dcc704f6f0db2c2b454df7e735312257fbef281c182de2baa72aad795ff46cbd
2022,10,2022-10,05,Furniture and Household Equipment,368.4,4.9,2008.0,matched,0,0.0,,B,تقرير-حول-التضخم-والأرقام-القياسية-لأسعار-المستهلك-عن-شهر-أكتوبر-2022.pdf,dcc704f6f0db2c2b454df7e735312257fbef281c182de2baa72aad795ff46cbd
2022,10,2022-10,06,Health,351.4,4.1,2008.0,matched,0,0.1,,B,تقرير-حول-التضخم-والأرقام-القياسية-لأسعار-المستهلك-عن-شهر-أكتوبر-2022.pdf,dcc704f6f0db2c2b454df7e735312257fbef281c182de2baa72aad795ff46cbd
2022,10,2022-10,07,Transport,211.3,8.1,2008.0,matched,0,0.0,,B,تقرير-حول-التضخم-والأرقام-القياسية-لأسعار-المستهلك-عن-شهر-أكتوبر-2022.pdf,dcc704f6f0db2c2b454df7e735312257fbef281c182de2baa72aad795ff46cbd
2022,10,2022-10,08,Communication,84.3,2.7,2008.0,matched,0,0.0,,B,تقرير-حول-التضخم-والأرقام-القياسية-لأسعار-المستهلك-عن-شهر-أكتوبر-2022.pdf,dcc704f6f0db2c2b454df7e735312257fbef281c182de2baa72aad795ff46cbd
2022,10,2022-10,09,Recreation and Culture,209.7,2.8,2008.0,matched,0,0.3,,B,تقرير-حول-التضخم-والأرقام-القياسية-لأسعار-المستهلك-عن-شهر-أكتوبر-2022.pdf,dcc704f6f0db2c2b454df7e735312257fbef281c182de2baa72aad795ff46cbd
2022,10,2022-10,10,Education,381.2,4.0,2008.0,matched,0,0.0,,B,تقرير-حول-التضخم-والأرقام-القياسية-لأسعار-المستهلك-عن-شهر-أكتوبر-2022.pdf,dcc704f6f0db2c2b454df7e735312257fbef281c182de2baa72aad795ff46cbd
2022,10,2022-10,11,Restaurants and Hotels,348.8,1.7,2008.0,matched,0,0.0,,B,تقرير-حول-التضخم-والأرقام-القياسية-لأسعار-المستهلك-عن-شهر-أكتوبر-2022.pdf,dcc704f6f0db2c2b454df7e735312257fbef281c182de2baa72aad795ff46cbd
2022,10,2022-10,12,Miscellaneous Goods and Services,303.2,3.1,2008.0,matched,0,0.1,,B,تقرير-حول-التضخم-والأرقام-القياسية-لأسعار-المستهلك-عن-شهر-أكتوبر-2022.pdf,dcc704f6f0db2c2b454df7e735312257fbef281c182de2baa72aad795ff46cbd
2022,11,2022-11,00,General Index,291.4,100.0,2008.0,matched,0,,,B,تقرير-حول-التضخم-والأرقام-القياسية-لأسعار-المستهلك-عن-شهر-ديسمبر-2022.pdf,2b0cc9350f5c43a260be489e9b49a783d64cab752db2fdb392bb8cbdb05b02e1
2022,11,2022-11,01,Food and Beverages,332.4,38.8,2008.0,matched,0,,,B,تقرير-حول-التضخم-والأرقام-القياسية-لأسعار-المستهلك-عن-شهر-ديسمبر-2022.pdf,2b0cc9350f5c43a260be489e9b49a783d64cab752db2fdb392bb8cbdb05b02e1
2022,11,2022-11,02,Tobacco,265.5,0.7,2008.0,matched,0,,,B,تقرير-حول-التضخم-والأرقام-القياسية-لأسعار-المستهلك-عن-شهر-ديسمبر-2022.pdf,2b0cc9350f5c43a260be489e9b49a783d64cab752db2fdb392bb8cbdb05b02e1
2022,11,2022-11,03,Clothing and Footwear,438.4,6.4,2008.0,matched,0,,,B,تقرير-حول-التضخم-والأرقام-القياسية-لأسعار-المستهلك-عن-شهر-ديسمبر-2022.pdf,2b0cc9350f5c43a260be489e9b49a783d64cab752db2fdb392bb8cbdb05b02e1
2022,11,2022-11,04,"Housing, Water, Electricity and Other Fuels",193.6,22.7,2008.0,matched,0,,,B,تقرير-حول-التضخم-والأرقام-القياسية-لأسعار-المستهلك-عن-شهر-ديسمبر-2022.pdf,2b0cc9350f5c43a260be489e9b49a783d64cab752db2fdb392bb8cbdb05b02e1
2022,11,2022-11,05,Furniture and Household Equipment,369.4,4.9,2008.0,matched,0,,,B,تقرير-حول-التضخم-والأرقام-القياسية-لأسعار-المستهلك-عن-شهر-ديسمبر-2022.pdf,2b0cc9350f5c43a260be489e9b49a783d64cab752db2fdb392bb8cbdb05b02e1
2022,11,2022-11,06,Health,351.6,4.1,2008.0,matched,0,,,B,تقرير-حول-التضخم-والأرقام-القياسية-لأسعار-المستهلك-عن-شهر-ديسمبر-2022.pdf,2b0cc9350f5c43a260be489e9b49a783d64cab752db2fdb392bb8cbdb05b02e1
2022,11,2022-11,07,Transport,211.7,8.1,2008.0,matched,0,,,B,تقرير-حول-التضخم-والأرقام-القياسية-لأسعار-المستهلك-عن-شهر-ديسمبر-2022.pdf,2b0cc9350f5c43a260be489e9b49a783d64cab752db2fdb392bb8cbdb05b02e1
2022,11,2022-11,08,Communication,84.3,2.7,2008.0,matched,0,,,B,تقرير-حول-التضخم-والأرقام-القياسية-لأسعار-المستهلك-عن-شهر-ديسمبر-2022.pdf,2b0cc9350f5c43a260be489e9b49a783d64cab752db2fdb392bb8cbdb05b02e1
2022,11,2022-11,09,Recreation and Culture,209.8,2.8,2008.0,matched,0,,,B,تقرير-حول-التضخم-والأرقام-القياسية-لأسعار-المستهلك-عن-شهر-ديسمبر-2022.pdf,2b0cc9350f5c43a260be489e9b49a783d64cab752db2fdb392bb8cbdb05b02e1
2022,11,2022-11,10,Education,381.2,4.0,2008.0,matched,0,,,B,تقرير-حول-التضخم-والأرقام-القياسية-لأسعار-المستهلك-عن-شهر-ديسمبر-2022.pdf,2b0cc9350f5c43a260be489e9b49a783d64cab752db2fdb392bb8cbdb05b02e1
2022,11,2022-11,11,Restaurants and Hotels,348.8,1.7,2008.0,matched,0,,,B,تقرير-حول-التضخم-والأرقام-القياسية-لأسعار-المستهلك-عن-شهر-ديسمبر-2022.pdf,2b0cc9350f5c43a260be489e9b49a783d64cab752db2fdb392bb8cbdb05b02e1
2022,11,2022-11,12,Miscellaneous Goods and Services,303.5,3.1,2008.0,matched,0,,,B,تقرير-حول-التضخم-والأرقام-القياسية-لأسعار-المستهلك-عن-شهر-ديسمبر-2022.pdf,2b0cc9350f5c43a260be489e9b49a783d64cab752db2fdb392bb8cbdb05b02e1
2022,12,2022-12,00,General Index,291.6,100.0,2008.0,matched,0,0.1,,B,تقرير-حول-التضخم-والأرقام-القياسية-لأسعار-المستهلك-عن-شهر-ديسمبر-2022.pdf,2b0cc9350f5c43a260be489e9b49a783d64cab752db2fdb392bb8cbdb05b02e1
2022,12,2022-12,01,Food and Beverages,332.7,38.8,2008.0,matched,0,0.1,,B,تقرير-حول-التضخم-والأرقام-القياسية-لأسعار-المستهلك-عن-شهر-ديسمبر-2022.pdf,2b0cc9350f5c43a260be489e9b49a783d64cab752db2fdb392bb8cbdb05b02e1
2022,12,2022-12,02,Tobacco,265.5,0.7,2008.0,matched,0,0.0,,B,تقرير-حول-التضخم-والأرقام-القياسية-لأسعار-المستهلك-عن-شهر-ديسمبر-2022.pdf,2b0cc9350f5c43a260be489e9b49a783d64cab752db2fdb392bb8cbdb05b02e1
2022,12,2022-12,03,Clothing and Footwear,440.7,6.4,2008.0,matched,0,0.5,,B,تقرير-حول-التضخم-والأرقام-القياسية-لأسعار-المستهلك-عن-شهر-ديسمبر-2022.pdf,2b0cc9350f5c43a260be489e9b49a783d64cab752db2fdb392bb8cbdb05b02e1
2022,12,2022-12,04,"Housing, Water, Electricity and Other Fuels",193.7,22.7,2008.0,matched,0,0.1,,B,تقرير-حول-التضخم-والأرقام-القياسية-لأسعار-المستهلك-عن-شهر-ديسمبر-2022.pdf,2b0cc9350f5c43a260be489e9b49a783d64cab752db2fdb392bb8cbdb05b02e1
2022,12,2022-12,05,Furniture and Household Equipment,368.7,4.9,2008.0,matched,0,-0.2,,B,تقرير-حول-التضخم-والأرقام-القياسية-لأسعار-المستهلك-عن-شهر-ديسمبر-2022.pdf,2b0cc9350f5c43a260be489e9b49a783d64cab752db2fdb392bb8cbdb05b02e1
2022,12,2022-12,06,Health,352.5,4.1,2008.0,matched,0,0.3,,B,تقرير-حول-التضخم-والأرقام-القياسية-لأسعار-المستهلك-عن-شهر-ديسمبر-2022.pdf,2b0cc9350f5c43a260be489e9b49a783d64cab752db2fdb392bb8cbdb05b02e1
2022,12,2022-12,07,Transport,211.8,8.1,2008.0,matched,0,0.1,,B,تقرير-حول-التضخم-والأرقام-القياسية-لأسعار-المستهلك-عن-شهر-ديسمبر-2022.pdf,2b0cc9350f5c43a260be489e9b49a783d64cab752db2fdb392bb8cbdb05b02e1
2022,12,2022-12,08,Communication,83.9,2.7,2008.0,matched,0,-0.5,,B,تقرير-حول-التضخم-والأرقام-القياسية-لأسعار-المستهلك-عن-شهر-ديسمبر-2022.pdf,2b0cc9350f5c43a260be489e9b49a783d64cab752db2fdb392bb8cbdb05b02e1
2022,12,2022-12,09,Recreation and Culture,208.9,2.8,2008.0,matched,0,-0.4,,B,تقرير-حول-التضخم-والأرقام-القياسية-لأسعار-المستهلك-عن-شهر-ديسمبر-2022.pdf,2b0cc9350f5c43a260be489e9b49a783d64cab752db2fdb392bb8cbdb05b02e1
2022,12,2022-12,10,Education,381.2,4.0,2008.0,matched,0,0.0,,B,تقرير-حول-التضخم-والأرقام-القياسية-لأسعار-المستهلك-عن-شهر-ديسمبر-2022.pdf,2b0cc9350f5c43a260be489e9b49a783d64cab752db2fdb392bb8cbdb05b02e1
2022,12,2022-12,11,Restaurants and Hotels,348.8,1.7,2008.0,matched,0,0.0,,B,تقرير-حول-التضخم-والأرقام-القياسية-لأسعار-المستهلك-عن-شهر-ديسمبر-2022.pdf,2b0cc9350f5c43a260be489e9b49a783d64cab752db2fdb392bb8cbdb05b02e1
2022,12,2022-12,12,Miscellaneous Goods and Services,303.6,3.1,2008.0,matched,0,0.0,,B,تقرير-حول-التضخم-والأرقام-القياسية-لأسعار-المستهلك-عن-شهر-ديسمبر-2022.pdf,2b0cc9350f5c43a260be489e9b49a783d64cab752db2fdb392bb8cbdb05b02e1
2023,1,2023-01,00,General Index,292.7,100.0,2008.0,matched,0,,,B,تقرير-حول-التضخم-والأرقام-القياسية-لأسعار-المستهلك-عن-شهر-فبراير-2023.pdf,d78bceac90d0b46f96afab0918c16f38a2cb7620574c4013bf1283daea720738
2023,1,2023-01,01,Food and Beverages,334.8,38.8,2008.0,matched,0,,,B,تقرير-حول-التضخم-والأرقام-القياسية-لأسعار-المستهلك-عن-شهر-فبراير-2023.pdf,d78bceac90d0b46f96afab0918c16f38a2cb7620574c4013bf1283daea720738
2023,1,2023-01,02,Tobacco,265.5,0.7,2008.0,matched,0,,,B,تقرير-حول-التضخم-والأرقام-القياسية-لأسعار-المستهلك-عن-شهر-فبراير-2023.pdf,d78bceac90d0b46f96afab0918c16f38a2cb7620574c4013bf1283daea720738
2023,1,2023-01,03,Clothing and Footwear,441.8,6.4,2008.0,matched,0,,,B,تقرير-حول-التضخم-والأرقام-القياسية-لأسعار-المستهلك-عن-شهر-فبراير-2023.pdf,d78bceac90d0b46f96afab0918c16f38a2cb7620574c4013bf1283daea720738
2023,1,2023-01,04,"Housing, Water, Electricity and Other Fuels",193.9,22.7,2008.0,matched,0,,,B,تقرير-حول-التضخم-والأرقام-القياسية-لأسعار-المستهلك-عن-شهر-فبراير-2023.pdf,d78bceac90d0b46f96afab0918c16f38a2cb7620574c4013bf1283daea720738
2023,1,2023-01,05,Furniture and Household Equipment,369.5,4.9,2008.0,matched,0,,,B,تقرير-حول-التضخم-والأرقام-القياسية-لأسعار-المستهلك-عن-شهر-فبراير-2023.pdf,d78bceac90d0b46f96afab0918c16f38a2cb7620574c4013bf1283daea720738
2023,1,2023-01,06,Health,353.8,4.1,2008.0,matched,0,,,B,تقرير-حول-التضخم-والأرقام-القياسية-لأسعار-المستهلك-عن-شهر-فبراير-2023.pdf,d78bceac90d0b46f96afab0918c16f38a2cb7620574c4013bf1283daea720738
2023,1,2023-01,07,Transport,212.7,8.1,2008.0,matched,0,,,B,تقرير-حول-التضخم-والأرقام-القياسية-لأسعار-المستهلك-عن-شهر-فبراير-2023.pdf,d78bceac90d0b46f96afab0918c16f38a2cb7620574c4013bf1283daea720738
2023,1,2023-01,08,Communication,83.9,2.7,2008.0,matched,0,,,B,تقرير-حول-التضخم-والأرقام-القياسية-لأسعار-المستهلك-عن-شهر-فبراير-2023.pdf,d78bceac90d0b46f96afab0918c16f38a2cb7620574c4013bf1283daea720738
2023,1,2023-01,09,Recreation and Culture,209.4,2.8,2008.0,matched,0,,,B,تقرير-حول-التضخم-والأرقام-القياسية-لأسعار-المستهلك-عن-شهر-فبراير-2023.pdf,d78bceac90d0b46f96afab0918c16f38a2cb7620574c4013bf1283daea720738
2023,1,2023-01,10,Education,381.2,4.0,2008.0,matched,0,,,B,تقرير-حول-التضخم-والأرقام-القياسية-لأسعار-المستهلك-عن-شهر-فبراير-2023.pdf,d78bceac90d0b46f96afab0918c16f38a2cb7620574c4013bf1283daea720738
2023,1,2023-01,11,Restaurants and Hotels,348.8,1.7,2008.0,matched,0,,,B,تقرير-حول-التضخم-والأرقام-القياسية-لأسعار-المستهلك-عن-شهر-فبراير-2023.pdf,d78bceac90d0b46f96afab0918c16f38a2cb7620574c4013bf1283daea720738
2023,1,2023-01,12,Miscellaneous Goods and Services,304.4,3.1,2008.0,matched,0,,,B,تقرير-حول-التضخم-والأرقام-القياسية-لأسعار-المستهلك-عن-شهر-فبراير-2023.pdf,d78bceac90d0b46f96afab0918c16f38a2cb7620574c4013bf1283daea720738
2023,2,2023-02,00,General Index,293.3,100.0,2008.0,matched,0,,,B,التقرير-الشهري-حول-التضخم-والارقام-القياسية-لاسعار-المستهلك-عن-شهر-مارس-2023-م.pdf,5d6489a751f383239e802e1a741ea234265a73f0b5868aa6baa0f3f957ea266c
2023,2,2023-02,01,Food and Beverages,336.0,38.8,2008.0,matched,0,,,B,التقرير-الشهري-حول-التضخم-والارقام-القياسية-لاسعار-المستهلك-عن-شهر-مارس-2023-م.pdf,5d6489a751f383239e802e1a741ea234265a73f0b5868aa6baa0f3f957ea266c
2023,2,2023-02,02,Tobacco,265.5,0.7,2008.0,matched,0,,,B,التقرير-الشهري-حول-التضخم-والارقام-القياسية-لاسعار-المستهلك-عن-شهر-مارس-2023-م.pdf,5d6489a751f383239e802e1a741ea234265a73f0b5868aa6baa0f3f957ea266c
2023,2,2023-02,03,Clothing and Footwear,442.2,6.4,2008.0,matched,0,,,B,التقرير-الشهري-حول-التضخم-والارقام-القياسية-لاسعار-المستهلك-عن-شهر-مارس-2023-م.pdf,5d6489a751f383239e802e1a741ea234265a73f0b5868aa6baa0f3f957ea266c
2023,2,2023-02,04,"Housing, Water, Electricity and Other Fuels",193.9,22.7,2008.0,matched,0,,,B,التقرير-الشهري-حول-التضخم-والارقام-القياسية-لاسعار-المستهلك-عن-شهر-مارس-2023-م.pdf,5d6489a751f383239e802e1a741ea234265a73f0b5868aa6baa0f3f957ea266c
2023,2,2023-02,05,Furniture and Household Equipment,369.7,4.9,2008.0,matched,0,,,B,التقرير-الشهري-حول-التضخم-والارقام-القياسية-لاسعار-المستهلك-عن-شهر-مارس-2023-م.pdf,5d6489a751f383239e802e1a741ea234265a73f0b5868aa6baa0f3f957ea266c
2023,2,2023-02,06,Health,353.8,4.1,2008.0,matched,0,,,B,التقرير-الشهري-حول-التضخم-والارقام-القياسية-لاسعار-المستهلك-عن-شهر-مارس-2023-م.pdf,5d6489a751f383239e802e1a741ea234265a73f0b5868aa6baa0f3f957ea266c
2023,2,2023-02,07,Transport,212.8,8.1,2008.0,matched,0,,,B,التقرير-الشهري-حول-التضخم-والارقام-القياسية-لاسعار-المستهلك-عن-شهر-مارس-2023-م.pdf,5d6489a751f383239e802e1a741ea234265a73f0b5868aa6baa0f3f957ea266c
2023,2,2023-02,08,Communication,83.9,2.7,2008.0,matched,0,,,B,التقرير-الشهري-حول-التضخم-والارقام-القياسية-لاسعار-المستهلك-عن-شهر-مارس-2023-م.pdf,5d6489a751f383239e802e1a741ea234265a73f0b5868aa6baa0f3f957ea266c
2023,2,2023-02,09,Recreation and Culture,209.5,2.8,2008.0,matched,0,,,B,التقرير-الشهري-حول-التضخم-والارقام-القياسية-لاسعار-المستهلك-عن-شهر-مارس-2023-م.pdf,5d6489a751f383239e802e1a741ea234265a73f0b5868aa6baa0f3f957ea266c
2023,2,2023-02,10,Education,381.2,4.0,2008.0,matched,0,,,B,التقرير-الشهري-حول-التضخم-والارقام-القياسية-لاسعار-المستهلك-عن-شهر-مارس-2023-م.pdf,5d6489a751f383239e802e1a741ea234265a73f0b5868aa6baa0f3f957ea266c
2023,2,2023-02,11,Restaurants and Hotels,348.9,1.7,2008.0,matched,0,,,B,التقرير-الشهري-حول-التضخم-والارقام-القياسية-لاسعار-المستهلك-عن-شهر-مارس-2023-م.pdf,5d6489a751f383239e802e1a741ea234265a73f0b5868aa6baa0f3f957ea266c
2023,2,2023-02,12,Miscellaneous Goods and Services,306.3,3.1,2008.0,matched,0,,,B,التقرير-الشهري-حول-التضخم-والارقام-القياسية-لاسعار-المستهلك-عن-شهر-مارس-2023-م.pdf,5d6489a751f383239e802e1a741ea234265a73f0b5868aa6baa0f3f957ea266c
2023,3,2023-03,00,General Index,294.5,100.0,2008.0,matched,0,0.4,,B,التقرير-الشهري-حول-التضخم-والارقام-القياسية-لاسعار-المستهلك-عن-شهر-مارس-2023-م.pdf,5d6489a751f383239e802e1a741ea234265a73f0b5868aa6baa0f3f957ea266c
2023,3,2023-03,01,Food and Beverages,338.0,38.8,2008.0,matched,0,0.6,,B,التقرير-الشهري-حول-التضخم-والارقام-القياسية-لاسعار-المستهلك-عن-شهر-مارس-2023-م.pdf,5d6489a751f383239e802e1a741ea234265a73f0b5868aa6baa0f3f957ea266c
2023,3,2023-03,02,Tobacco,265.5,0.7,2008.0,matched,0,0.0,,B,التقرير-الشهري-حول-التضخم-والارقام-القياسية-لاسعار-المستهلك-عن-شهر-مارس-2023-م.pdf,5d6489a751f383239e802e1a741ea234265a73f0b5868aa6baa0f3f957ea266c
2023,3,2023-03,03,Clothing and Footwear,444.9,6.4,2008.0,matched,0,0.6,,B,التقرير-الشهري-حول-التضخم-والارقام-القياسية-لاسعار-المستهلك-عن-شهر-مارس-2023-م.pdf,5d6489a751f383239e802e1a741ea234265a73f0b5868aa6baa0f3f957ea266c
2023,3,2023-03,04,"Housing, Water, Electricity and Other Fuels",193.9,22.7,2008.0,matched,0,0.0,,B,التقرير-الشهري-حول-التضخم-والارقام-القياسية-لاسعار-المستهلك-عن-شهر-مارس-2023-م.pdf,5d6489a751f383239e802e1a741ea234265a73f0b5868aa6baa0f3f957ea266c
2023,3,2023-03,05,Furniture and Household Equipment,370.3,4.9,2008.0,matched,0,0.2,,B,التقرير-الشهري-حول-التضخم-والارقام-القياسية-لاسعار-المستهلك-عن-شهر-مارس-2023-م.pdf,5d6489a751f383239e802e1a741ea234265a73f0b5868aa6baa0f3f957ea266c
2023,3,2023-03,06,Health,355.6,4.1,2008.0,matched,0,0.5,,B,التقرير-الشهري-حول-التضخم-والارقام-القياسية-لاسعار-المستهلك-عن-شهر-مارس-2023-م.pdf,5d6489a751f383239e802e1a741ea234265a73f0b5868aa6baa0f3f957ea266c
2023,3,2023-03,07,Transport,214.1,8.1,2008.0,matched,0,0.6,,B,التقرير-الشهري-حول-التضخم-والارقام-القياسية-لاسعار-المستهلك-عن-شهر-مارس-2023-م.pdf,5d6489a751f383239e802e1a741ea234265a73f0b5868aa6baa0f3f957ea266c
2023,3,2023-03,08,Communication,83.9,2.7,2008.0,matched,0,0.0,,B,التقرير-الشهري-حول-التضخم-والارقام-القياسية-لاسعار-المستهلك-عن-شهر-مارس-2023-م.pdf,5d6489a751f383239e802e1a741ea234265a73f0b5868aa6baa0f3f957ea266c
2023,3,2023-03,09,Recreation and Culture,210.5,2.8,2008.0,matched,0,0.5,,B,التقرير-الشهري-حول-التضخم-والارقام-القياسية-لاسعار-المستهلك-عن-شهر-مارس-2023-م.pdf,5d6489a751f383239e802e1a741ea234265a73f0b5868aa6baa0f3f957ea266c
2023,3,2023-03,10,Education,381.2,4.0,2008.0,matched,0,0.0,,B,التقرير-الشهري-حول-التضخم-والارقام-القياسية-لاسعار-المستهلك-عن-شهر-مارس-2023-م.pdf,5d6489a751f383239e802e1a741ea234265a73f0b5868aa6baa0f3f957ea266c
2023,3,2023-03,11,Restaurants and Hotels,348.9,1.7,2008.0,matched,0,0.0,,B,التقرير-الشهري-حول-التضخم-والارقام-القياسية-لاسعار-المستهلك-عن-شهر-مارس-2023-م.pdf,5d6489a751f383239e802e1a741ea234265a73f0b5868aa6baa0f3f957ea266c
2023,3,2023-03,12,Miscellaneous Goods and Services,306.4,3.1,2008.0,matched,0,0.0,,B,التقرير-الشهري-حول-التضخم-والارقام-القياسية-لاسعار-المستهلك-عن-شهر-مارس-2023-م.pdf,5d6489a751f383239e802e1a741ea234265a73f0b5868aa6baa0f3f957ea266c
2023,4,2023-04,00,General Index,295.0,100.0,2008.0,matched,0,,,B,التقرير-الشهري-حول-التضخم-والارقام-القياسية-لاسعار-المستهلك-عن-شهر-مايو-2023-م.pdf,f443a2cf482788556abe74ad96011983998ea17a24528a47db0871ab206454e4
2023,4,2023-04,01,Food and Beverages,338.7,38.8,2008.0,matched,0,,,B,التقرير-الشهري-حول-التضخم-والارقام-القياسية-لاسعار-المستهلك-عن-شهر-مايو-2023-م.pdf,f443a2cf482788556abe74ad96011983998ea17a24528a47db0871ab206454e4
2023,4,2023-04,02,Tobacco,265.5,0.7,2008.0,matched,0,,,B,التقرير-الشهري-حول-التضخم-والارقام-القياسية-لاسعار-المستهلك-عن-شهر-مايو-2023-م.pdf,f443a2cf482788556abe74ad96011983998ea17a24528a47db0871ab206454e4
2023,4,2023-04,03,Clothing and Footwear,446.4,6.4,2008.0,matched,0,,,B,التقرير-الشهري-حول-التضخم-والارقام-القياسية-لاسعار-المستهلك-عن-شهر-مايو-2023-م.pdf,f443a2cf482788556abe74ad96011983998ea17a24528a47db0871ab206454e4
2023,4,2023-04,04,"Housing, Water, Electricity and Other Fuels",193.8,22.7,2008.0,matched,0,,,B,التقرير-الشهري-حول-التضخم-والارقام-القياسية-لاسعار-المستهلك-عن-شهر-مايو-2023-م.pdf,f443a2cf482788556abe74ad96011983998ea17a24528a47db0871ab206454e4
2023,4,2023-04,05,Furniture and Household Equipment,371.5,4.9,2008.0,matched,0,,,B,التقرير-الشهري-حول-التضخم-والارقام-القياسية-لاسعار-المستهلك-عن-شهر-مايو-2023-م.pdf,f443a2cf482788556abe74ad96011983998ea17a24528a47db0871ab206454e4
2023,4,2023-04,06,Health,355.7,4.1,2008.0,matched,0,,,B,التقرير-الشهري-حول-التضخم-والارقام-القياسية-لاسعار-المستهلك-عن-شهر-مايو-2023-م.pdf,f443a2cf482788556abe74ad96011983998ea17a24528a47db0871ab206454e4
2023,4,2023-04,07,Transport,214.4,8.1,2008.0,matched,0,,,B,التقرير-الشهري-حول-التضخم-والارقام-القياسية-لاسعار-المستهلك-عن-شهر-مايو-2023-م.pdf,f443a2cf482788556abe74ad96011983998ea17a24528a47db0871ab206454e4
2023,4,2023-04,08,Communication,83.9,2.7,2008.0,matched,0,,,B,التقرير-الشهري-حول-التضخم-والارقام-القياسية-لاسعار-المستهلك-عن-شهر-مايو-2023-م.pdf,f443a2cf482788556abe74ad96011983998ea17a24528a47db0871ab206454e4
2023,4,2023-04,09,Recreation and Culture,210.7,2.8,2008.0,matched,0,,,B,التقرير-الشهري-حول-التضخم-والارقام-القياسية-لاسعار-المستهلك-عن-شهر-مايو-2023-م.pdf,f443a2cf482788556abe74ad96011983998ea17a24528a47db0871ab206454e4
2023,4,2023-04,10,Education,381.2,4.0,2008.0,matched,0,,,B,التقرير-الشهري-حول-التضخم-والارقام-القياسية-لاسعار-المستهلك-عن-شهر-مايو-2023-م.pdf,f443a2cf482788556abe74ad96011983998ea17a24528a47db0871ab206454e4
2023,4,2023-04,11,Restaurants and Hotels,348.9,1.7,2008.0,matched,0,,,B,التقرير-الشهري-حول-التضخم-والارقام-القياسية-لاسعار-المستهلك-عن-شهر-مايو-2023-م.pdf,f443a2cf482788556abe74ad96011983998ea17a24528a47db0871ab206454e4
2023,4,2023-04,12,Miscellaneous Goods and Services,308.8,3.1,2008.0,matched,0,,,B,التقرير-الشهري-حول-التضخم-والارقام-القياسية-لاسعار-المستهلك-عن-شهر-مايو-2023-م.pdf,f443a2cf482788556abe74ad96011983998ea17a24528a47db0871ab206454e4
2023,5,2023-05,00,General Index,295.2,100.0,2008.0,matched,0,0.1,,B,التقرير-الشهري-حول-التضخم-والارقام-القياسية-لاسعار-المستهلك-عن-شهر-مايو-2023-م.pdf,f443a2cf482788556abe74ad96011983998ea17a24528a47db0871ab206454e4
2023,5,2023-05,01,Food and Beverages,339.2,38.8,2008.0,matched,0,0.1,,B,التقرير-الشهري-حول-التضخم-والارقام-القياسية-لاسعار-المستهلك-عن-شهر-مايو-2023-م.pdf,f443a2cf482788556abe74ad96011983998ea17a24528a47db0871ab206454e4
2023,5,2023-05,02,Tobacco,265.5,0.7,2008.0,matched,0,0.0,,B,التقرير-الشهري-حول-التضخم-والارقام-القياسية-لاسعار-المستهلك-عن-شهر-مايو-2023-م.pdf,f443a2cf482788556abe74ad96011983998ea17a24528a47db0871ab206454e4
2023,5,2023-05,03,Clothing and Footwear,445.5,6.4,2008.0,matched,0,-0.2,,B,التقرير-الشهري-حول-التضخم-والارقام-القياسية-لاسعار-المستهلك-عن-شهر-مايو-2023-م.pdf,f443a2cf482788556abe74ad96011983998ea17a24528a47db0871ab206454e4
2023,5,2023-05,04,"Housing, Water, Electricity and Other Fuels",193.9,22.7,2008.0,matched,0,0.1,,B,التقرير-الشهري-حول-التضخم-والارقام-القياسية-لاسعار-المستهلك-عن-شهر-مايو-2023-م.pdf,f443a2cf482788556abe74ad96011983998ea17a24528a47db0871ab206454e4
2023,5,2023-05,05,Furniture and Household Equipment,371.5,4.9,2008.0,matched,0,0.0,,B,التقرير-الشهري-حول-التضخم-والارقام-القياسية-لاسعار-المستهلك-عن-شهر-مايو-2023-م.pdf,f443a2cf482788556abe74ad96011983998ea17a24528a47db0871ab206454e4
2023,5,2023-05,06,Health,356.0,4.1,2008.0,matched,0,0.1,,B,التقرير-الشهري-حول-التضخم-والارقام-القياسية-لاسعار-المستهلك-عن-شهر-مايو-2023-م.pdf,f443a2cf482788556abe74ad96011983998ea17a24528a47db0871ab206454e4
2023,5,2023-05,07,Transport,214.4,8.1,2008.0,matched,0,0.0,,B,التقرير-الشهري-حول-التضخم-والارقام-القياسية-لاسعار-المستهلك-عن-شهر-مايو-2023-م.pdf,f443a2cf482788556abe74ad96011983998ea17a24528a47db0871ab206454e4
2023,5,2023-05,08,Communication,83.9,2.7,2008.0,matched,0,0.0,,B,التقرير-الشهري-حول-التضخم-والارقام-القياسية-لاسعار-المستهلك-عن-شهر-مايو-2023-م.pdf,f443a2cf482788556abe74ad96011983998ea17a24528a47db0871ab206454e4
2023,5,2023-05,09,Recreation and Culture,210.5,2.8,2008.0,matched,0,-0.1,,B,التقرير-الشهري-حول-التضخم-والارقام-القياسية-لاسعار-المستهلك-عن-شهر-مايو-2023-م.pdf,f443a2cf482788556abe74ad96011983998ea17a24528a47db0871ab206454e4
2023,5,2023-05,10,Education,381.2,4.0,2008.0,matched,0,0.0,,B,التقرير-الشهري-حول-التضخم-والارقام-القياسية-لاسعار-المستهلك-عن-شهر-مايو-2023-م.pdf,f443a2cf482788556abe74ad96011983998ea17a24528a47db0871ab206454e4
2023,5,2023-05,11,Restaurants and Hotels,348.9,1.7,2008.0,matched,0,0.0,,B,التقرير-الشهري-حول-التضخم-والارقام-القياسية-لاسعار-المستهلك-عن-شهر-مايو-2023-م.pdf,f443a2cf482788556abe74ad96011983998ea17a24528a47db0871ab206454e4
2023,5,2023-05,12,Miscellaneous Goods and Services,308.8,3.1,2008.0,matched,0,0.0,,B,التقرير-الشهري-حول-التضخم-والارقام-القياسية-لاسعار-المستهلك-عن-شهر-مايو-2023-م.pdf,f443a2cf482788556abe74ad96011983998ea17a24528a47db0871ab206454e4
2023,6,2023-06,00,General Index,295.1,100.0,2008.0,matched,0,,,B,تقرير-حول-التضخم-والأرقام-القياسية-لأسعار-المستهلك-عن-شهر-يوليو-2023.pdf,f252f914729b3408718e2cb9a6b390c88ae7a03fba0a5b80ca8bead0970877ce
2023,6,2023-06,01,Food and Beverages,338.9,38.8,2008.0,matched,0,,,B,تقرير-حول-التضخم-والأرقام-القياسية-لأسعار-المستهلك-عن-شهر-يوليو-2023.pdf,f252f914729b3408718e2cb9a6b390c88ae7a03fba0a5b80ca8bead0970877ce
2023,6,2023-06,02,Tobacco,265.5,0.7,2008.0,matched,0,,,B,تقرير-حول-التضخم-والأرقام-القياسية-لأسعار-المستهلك-عن-شهر-يوليو-2023.pdf,f252f914729b3408718e2cb9a6b390c88ae7a03fba0a5b80ca8bead0970877ce
2023,6,2023-06,03,Clothing and Footwear,445.6,6.4,2008.0,matched,0,,,B,تقرير-حول-التضخم-والأرقام-القياسية-لأسعار-المستهلك-عن-شهر-يوليو-2023.pdf,f252f914729b3408718e2cb9a6b390c88ae7a03fba0a5b80ca8bead0970877ce
2023,6,2023-06,04,"Housing, Water, Electricity and Other Fuels",194.3,22.7,2008.0,matched,0,,,B,تقرير-حول-التضخم-والأرقام-القياسية-لأسعار-المستهلك-عن-شهر-يوليو-2023.pdf,f252f914729b3408718e2cb9a6b390c88ae7a03fba0a5b80ca8bead0970877ce
2023,6,2023-06,05,Furniture and Household Equipment,372.0,4.9,2008.0,matched,0,,,B,تقرير-حول-التضخم-والأرقام-القياسية-لأسعار-المستهلك-عن-شهر-يوليو-2023.pdf,f252f914729b3408718e2cb9a6b390c88ae7a03fba0a5b80ca8bead0970877ce
2023,6,2023-06,06,Health,356.0,4.1,2008.0,matched,0,,,B,تقرير-حول-التضخم-والأرقام-القياسية-لأسعار-المستهلك-عن-شهر-يوليو-2023.pdf,f252f914729b3408718e2cb9a6b390c88ae7a03fba0a5b80ca8bead0970877ce
2023,6,2023-06,07,Transport,214.4,8.1,2008.0,matched,0,,,B,تقرير-حول-التضخم-والأرقام-القياسية-لأسعار-المستهلك-عن-شهر-يوليو-2023.pdf,f252f914729b3408718e2cb9a6b390c88ae7a03fba0a5b80ca8bead0970877ce
2023,6,2023-06,08,Communication,83.9,2.7,2008.0,matched,0,,,B,تقرير-حول-التضخم-والأرقام-القياسية-لأسعار-المستهلك-عن-شهر-يوليو-2023.pdf,f252f914729b3408718e2cb9a6b390c88ae7a03fba0a5b80ca8bead0970877ce
2023,6,2023-06,09,Recreation and Culture,209.8,2.8,2008.0,matched,0,,,B,تقرير-حول-التضخم-والأرقام-القياسية-لأسعار-المستهلك-عن-شهر-يوليو-2023.pdf,f252f914729b3408718e2cb9a6b390c88ae7a03fba0a5b80ca8bead0970877ce
2023,6,2023-06,10,Education,381.2,4.0,2008.0,matched,0,,,B,تقرير-حول-التضخم-والأرقام-القياسية-لأسعار-المستهلك-عن-شهر-يوليو-2023.pdf,f252f914729b3408718e2cb9a6b390c88ae7a03fba0a5b80ca8bead0970877ce
2023,6,2023-06,11,Restaurants and Hotels,348.9,1.7,2008.0,matched,0,,,B,تقرير-حول-التضخم-والأرقام-القياسية-لأسعار-المستهلك-عن-شهر-يوليو-2023.pdf,f252f914729b3408718e2cb9a6b390c88ae7a03fba0a5b80ca8bead0970877ce
2023,6,2023-06,12,Miscellaneous Goods and Services,307.7,3.1,2008.0,matched,0,,,B,تقرير-حول-التضخم-والأرقام-القياسية-لأسعار-المستهلك-عن-شهر-يوليو-2023.pdf,f252f914729b3408718e2cb9a6b390c88ae7a03fba0a5b80ca8bead0970877ce
2023,7,2023-07,00,General Index,294.8,100.0,2008.0,matched,1,-0.1,,B,تقرير-حول-التضخم-والأرقام-القياسية-لأسعار-المستهلك-عن-شهر-يوليو-2023.pdf,f252f914729b3408718e2cb9a6b390c88ae7a03fba0a5b80ca8bead0970877ce
2023,7,2023-07,01,Food and Beverages,338.0,38.8,2008.0,matched,1,-0.3,,B,تقرير-حول-التضخم-والأرقام-القياسية-لأسعار-المستهلك-عن-شهر-يوليو-2023.pdf,f252f914729b3408718e2cb9a6b390c88ae7a03fba0a5b80ca8bead0970877ce
2023,7,2023-07,02,Tobacco,265.5,0.7,2008.0,matched,1,0.0,,B,تقرير-حول-التضخم-والأرقام-القياسية-لأسعار-المستهلك-عن-شهر-يوليو-2023.pdf,f252f914729b3408718e2cb9a6b390c88ae7a03fba0a5b80ca8bead0970877ce
2023,7,2023-07,03,Clothing and Footwear,445.8,6.4,2008.0,matched,1,0.0,,B,تقرير-حول-التضخم-والأرقام-القياسية-لأسعار-المستهلك-عن-شهر-يوليو-2023.pdf,f252f914729b3408718e2cb9a6b390c88ae7a03fba0a5b80ca8bead0970877ce
2023,7,2023-07,04,"Housing, Water, Electricity and Other Fuels",194.4,22.7,2008.0,matched,1,0.1,,B,تقرير-حول-التضخم-والأرقام-القياسية-لأسعار-المستهلك-عن-شهر-يوليو-2023.pdf,f252f914729b3408718e2cb9a6b390c88ae7a03fba0a5b80ca8bead0970877ce
2023,7,2023-07,05,Furniture and Household Equipment,372.1,4.9,2008.0,matched,1,0.0,,B,تقرير-حول-التضخم-والأرقام-القياسية-لأسعار-المستهلك-عن-شهر-يوليو-2023.pdf,f252f914729b3408718e2cb9a6b390c88ae7a03fba0a5b80ca8bead0970877ce
2023,7,2023-07,06,Health,356.4,4.1,2008.0,matched,1,0.1,,B,تقرير-حول-التضخم-والأرقام-القياسية-لأسعار-المستهلك-عن-شهر-يوليو-2023.pdf,f252f914729b3408718e2cb9a6b390c88ae7a03fba0a5b80ca8bead0970877ce
2023,7,2023-07,07,Transport,214.5,8.1,2008.0,matched,1,0.0,,B,تقرير-حول-التضخم-والأرقام-القياسية-لأسعار-المستهلك-عن-شهر-يوليو-2023.pdf,f252f914729b3408718e2cb9a6b390c88ae7a03fba0a5b80ca8bead0970877ce
2023,7,2023-07,08,Communication,83.9,2.7,2008.0,matched,1,0.0,,B,تقرير-حول-التضخم-والأرقام-القياسية-لأسعار-المستهلك-عن-شهر-يوليو-2023.pdf,f252f914729b3408718e2cb9a6b390c88ae7a03fba0a5b80ca8bead0970877ce
2023,7,2023-07,09,Recreation and Culture,209.8,2.8,2008.0,matched,1,0.0,,B,تقرير-حول-التضخم-والأرقام-القياسية-لأسعار-المستهلك-عن-شهر-يوليو-2023.pdf,f252f914729b3408718e2cb9a6b390c88ae7a03fba0a5b80ca8bead0970877ce
2023,7,2023-07,10,Education,381.2,4.0,2008.0,matched,1,0.0,,B,تقرير-حول-التضخم-والأرقام-القياسية-لأسعار-المستهلك-عن-شهر-يوليو-2023.pdf,f252f914729b3408718e2cb9a6b390c88ae7a03fba0a5b80ca8bead0970877ce
2023,7,2023-07,11,Restaurants and Hotels,348.9,1.7,2008.0,matched,1,0.0,,B,تقرير-حول-التضخم-والأرقام-القياسية-لأسعار-المستهلك-عن-شهر-يوليو-2023.pdf,f252f914729b3408718e2cb9a6b390c88ae7a03fba0a5b80ca8bead0970877ce
2023,7,2023-07,12,Miscellaneous Goods and Services,307.7,3.1,2008.0,matched,1,0.0,,B,تقرير-حول-التضخم-والأرقام-القياسية-لأسعار-المستهلك-عن-شهر-يوليو-2023.pdf,f252f914729b3408718e2cb9a6b390c88ae7a03fba0a5b80ca8bead0970877ce
2023,8,2023-08,00,General Index,295.4,100.0,2008.0,matched,1,,,B,تقرير-حول-التضخم-والأرقام-القياسية-لأسعار-المستهلك-عن-شهر-سبتمبر-2023.pdf,a55e6d61211d1cb9a181ce1feec78644db7e69c155e4fa49ce59a3aed19c5cb5
2023,8,2023-08,01,Food and Beverages,339.2,38.8,2008.0,matched,1,,,B,تقرير-حول-التضخم-والأرقام-القياسية-لأسعار-المستهلك-عن-شهر-سبتمبر-2023.pdf,a55e6d61211d1cb9a181ce1feec78644db7e69c155e4fa49ce59a3aed19c5cb5
2023,8,2023-08,02,Tobacco,265.5,0.7,2008.0,matched,1,,,B,تقرير-حول-التضخم-والأرقام-القياسية-لأسعار-المستهلك-عن-شهر-سبتمبر-2023.pdf,a55e6d61211d1cb9a181ce1feec78644db7e69c155e4fa49ce59a3aed19c5cb5
2023,8,2023-08,03,Clothing and Footwear,444.9,6.4,2008.0,matched,1,,,B,تقرير-حول-التضخم-والأرقام-القياسية-لأسعار-المستهلك-عن-شهر-سبتمبر-2023.pdf,a55e6d61211d1cb9a181ce1feec78644db7e69c155e4fa49ce59a3aed19c5cb5
2023,8,2023-08,04,"Housing, Water, Electricity and Other Fuels",194.4,22.7,2008.0,matched,1,,,B,تقرير-حول-التضخم-والأرقام-القياسية-لأسعار-المستهلك-عن-شهر-سبتمبر-2023.pdf,a55e6d61211d1cb9a181ce1feec78644db7e69c155e4fa49ce59a3aed19c5cb5
2023,8,2023-08,05,Furniture and Household Equipment,372.9,4.9,2008.0,matched,1,,,B,تقرير-حول-التضخم-والأرقام-القياسية-لأسعار-المستهلك-عن-شهر-سبتمبر-2023.pdf,a55e6d61211d1cb9a181ce1feec78644db7e69c155e4fa49ce59a3aed19c5cb5
2023,8,2023-08,06,Health,356.5,4.1,2008.0,matched,1,,,B,تقرير-حول-التضخم-والأرقام-القياسية-لأسعار-المستهلك-عن-شهر-سبتمبر-2023.pdf,a55e6d61211d1cb9a181ce1feec78644db7e69c155e4fa49ce59a3aed19c5cb5
2023,8,2023-08,07,Transport,215.0,8.1,2008.0,matched,1,,,B,تقرير-حول-التضخم-والأرقام-القياسية-لأسعار-المستهلك-عن-شهر-سبتمبر-2023.pdf,a55e6d61211d1cb9a181ce1feec78644db7e69c155e4fa49ce59a3aed19c5cb5
2023,8,2023-08,08,Communication,83.9,2.7,2008.0,matched,1,,,B,تقرير-حول-التضخم-والأرقام-القياسية-لأسعار-المستهلك-عن-شهر-سبتمبر-2023.pdf,a55e6d61211d1cb9a181ce1feec78644db7e69c155e4fa49ce59a3aed19c5cb5
2023,8,2023-08,09,Recreation and Culture,210.7,2.8,2008.0,matched,1,,,B,تقرير-حول-التضخم-والأرقام-القياسية-لأسعار-المستهلك-عن-شهر-سبتمبر-2023.pdf,a55e6d61211d1cb9a181ce1feec78644db7e69c155e4fa49ce59a3aed19c5cb5
2023,8,2023-08,10,Education,382.1,4.0,2008.0,matched,1,,,B,تقرير-حول-التضخم-والأرقام-القياسية-لأسعار-المستهلك-عن-شهر-سبتمبر-2023.pdf,a55e6d61211d1cb9a181ce1feec78644db7e69c155e4fa49ce59a3aed19c5cb5
2023,8,2023-08,11,Restaurants and Hotels,349.0,1.7,2008.0,matched,1,,,B,تقرير-حول-التضخم-والأرقام-القياسية-لأسعار-المستهلك-عن-شهر-سبتمبر-2023.pdf,a55e6d61211d1cb9a181ce1feec78644db7e69c155e4fa49ce59a3aed19c5cb5
2023,8,2023-08,12,Miscellaneous Goods and Services,308.0,3.1,2008.0,matched,1,,,B,تقرير-حول-التضخم-والأرقام-القياسية-لأسعار-المستهلك-عن-شهر-سبتمبر-2023.pdf,a55e6d61211d1cb9a181ce1feec78644db7e69c155e4fa49ce59a3aed19c5cb5
2023,9,2023-09,00,General Index,295.9,100.0,2008.0,matched,0,0.2,,B,تقرير-حول-التضخم-والأرقام-القياسية-لأسعار-المستهلك-عن-شهر-سبتمبر-2023.pdf,a55e6d61211d1cb9a181ce1feec78644db7e69c155e4fa49ce59a3aed19c5cb5
2023,9,2023-09,01,Food and Beverages,340.5,38.8,2008.0,matched,0,0.4,,B,تقرير-حول-التضخم-والأرقام-القياسية-لأسعار-المستهلك-عن-شهر-سبتمبر-2023.pdf,a55e6d61211d1cb9a181ce1feec78644db7e69c155e4fa49ce59a3aed19c5cb5
2023,9,2023-09,02,Tobacco,265.5,0.7,2008.0,matched,0,0.0,,B,تقرير-حول-التضخم-والأرقام-القياسية-لأسعار-المستهلك-عن-شهر-سبتمبر-2023.pdf,a55e6d61211d1cb9a181ce1feec78644db7e69c155e4fa49ce59a3aed19c5cb5
2023,9,2023-09,03,Clothing and Footwear,445.1,6.4,2008.0,matched,0,0.0,,B,تقرير-حول-التضخم-والأرقام-القياسية-لأسعار-المستهلك-عن-شهر-سبتمبر-2023.pdf,a55e6d61211d1cb9a181ce1feec78644db7e69c155e4fa49ce59a3aed19c5cb5
2023,9,2023-09,04,"Housing, Water, Electricity and Other Fuels",194.3,22.7,2008.0,matched,0,-0.1,,B,تقرير-حول-التضخم-والأرقام-القياسية-لأسعار-المستهلك-عن-شهر-سبتمبر-2023.pdf,a55e6d61211d1cb9a181ce1feec78644db7e69c155e4fa49ce59a3aed19c5cb5
2023,9,2023-09,05,Furniture and Household Equipment,372.8,4.9,2008.0,matched,0,0.0,,B,تقرير-حول-التضخم-والأرقام-القياسية-لأسعار-المستهلك-عن-شهر-سبتمبر-2023.pdf,a55e6d61211d1cb9a181ce1feec78644db7e69c155e4fa49ce59a3aed19c5cb5
2023,9,2023-09,06,Health,356.7,4.1,2008.0,matched,0,0.1,,B,تقرير-حول-التضخم-والأرقام-القياسية-لأسعار-المستهلك-عن-شهر-سبتمبر-2023.pdf,a55e6d61211d1cb9a181ce1feec78644db7e69c155e4fa49ce59a3aed19c5cb5
2023,9,2023-09,07,Transport,215.0,8.1,2008.0,matched,0,0.0,,B,تقرير-حول-التضخم-والأرقام-القياسية-لأسعار-المستهلك-عن-شهر-سبتمبر-2023.pdf,a55e6d61211d1cb9a181ce1feec78644db7e69c155e4fa49ce59a3aed19c5cb5
2023,9,2023-09,08,Communication,83.9,2.7,2008.0,matched,0,0.0,,B,تقرير-حول-التضخم-والأرقام-القياسية-لأسعار-المستهلك-عن-شهر-سبتمبر-2023.pdf,a55e6d61211d1cb9a181ce1feec78644db7e69c155e4fa49ce59a3aed19c5cb5
2023,9,2023-09,09,Recreation and Culture,210.9,2.8,2008.0,matched,0,0.1,,B,تقرير-حول-التضخم-والأرقام-القياسية-لأسعار-المستهلك-عن-شهر-سبتمبر-2023.pdf,a55e6d61211d1cb9a181ce1feec78644db7e69c155e4fa49ce59a3aed19c5cb5
2023,9,2023-09,10,Education,382.1,4.0,2008.0,matched,0,0.0,,B,تقرير-حول-التضخم-والأرقام-القياسية-لأسعار-المستهلك-عن-شهر-سبتمبر-2023.pdf,a55e6d61211d1cb9a181ce1feec78644db7e69c155e4fa49ce59a3aed19c5cb5
2023,9,2023-09,11,Restaurants and Hotels,349.0,1.7,2008.0,matched,0,0.0,,B,تقرير-حول-التضخم-والأرقام-القياسية-لأسعار-المستهلك-عن-شهر-سبتمبر-2023.pdf,a55e6d61211d1cb9a181ce1feec78644db7e69c155e4fa49ce59a3aed19c5cb5
2023,9,2023-09,12,Miscellaneous Goods and Services,308.3,3.1,2008.0,matched,0,0.1,,B,تقرير-حول-التضخم-والأرقام-القياسية-لأسعار-المستهلك-عن-شهر-سبتمبر-2023.pdf,a55e6d61211d1cb9a181ce1feec78644db7e69c155e4fa49ce59a3aed19c5cb5
2023,10,2023-10,00,General Index,296.3,100.0,2008.0,stated,0,,,B,تقرير-حول-التضخم-والأرقام-القياسية-لأسعار-المستهلك-حسب-المجاميع-الرئيسية-والرقم-القياسي-العام-لشهر-أكتوبر-لسنة-2024-مقارنة-بشهر-أكت_compressed.pdf,613ecd19a194f9e7be47c490aaeddd74c06cea76175f82c1b433bfe7c5101d30
2023,10,2023-10,01,Food and Beverages,341.2,38.8,2008.0,stated,0,,,B,تقرير-حول-التضخم-والأرقام-القياسية-لأسعار-المستهلك-حسب-المجاميع-الرئيسية-والرقم-القياسي-العام-لشهر-أكتوبر-لسنة-2024-مقارنة-بشهر-أكت_compressed.pdf,613ecd19a194f9e7be47c490aaeddd74c06cea76175f82c1b433bfe7c5101d30
2023,10,2023-10,02,Tobacco,265.5,0.7,2008.0,stated,0,,,B,تقرير-حول-التضخم-والأرقام-القياسية-لأسعار-المستهلك-حسب-المجاميع-الرئيسية-والرقم-القياسي-العام-لشهر-أكتوبر-لسنة-2024-مقارنة-بشهر-أكت_compressed.pdf,613ecd19a194f9e7be47c490aaeddd74c06cea76175f82c1b433bfe7c5101d30
2023,10,2023-10,03,Clothing and Footwear,445.6,6.4,2008.0,stated,0,,,B,تقرير-حول-التضخم-والأرقام-القياسية-لأسعار-المستهلك-حسب-المجاميع-الرئيسية-والرقم-القياسي-العام-لشهر-أكتوبر-لسنة-2024-مقارنة-بشهر-أكت_compressed.pdf,613ecd19a194f9e7be47c490aaeddd74c06cea76175f82c1b433bfe7c5101d30
2023,10,2023-10,04,"Housing, Water, Electricity and Other Fuels",194.4,22.7,2008.0,stated,0,,,B,تقرير-حول-التضخم-والأرقام-القياسية-لأسعار-المستهلك-حسب-المجاميع-الرئيسية-والرقم-القياسي-العام-لشهر-أكتوبر-لسنة-2024-مقارنة-بشهر-أكت_compressed.pdf,613ecd19a194f9e7be47c490aaeddd74c06cea76175f82c1b433bfe7c5101d30
2023,10,2023-10,05,Furniture and Household Equipment,373.7,4.9,2008.0,stated,0,,,B,تقرير-حول-التضخم-والأرقام-القياسية-لأسعار-المستهلك-حسب-المجاميع-الرئيسية-والرقم-القياسي-العام-لشهر-أكتوبر-لسنة-2024-مقارنة-بشهر-أكت_compressed.pdf,613ecd19a194f9e7be47c490aaeddd74c06cea76175f82c1b433bfe7c5101d30
2023,10,2023-10,06,Health,357.3,4.1,2008.0,stated,0,,,B,تقرير-حول-التضخم-والأرقام-القياسية-لأسعار-المستهلك-حسب-المجاميع-الرئيسية-والرقم-القياسي-العام-لشهر-أكتوبر-لسنة-2024-مقارنة-بشهر-أكت_compressed.pdf,613ecd19a194f9e7be47c490aaeddd74c06cea76175f82c1b433bfe7c5101d30
2023,10,2023-10,07,Transport,215.2,8.1,2008.0,stated,0,,,B,تقرير-حول-التضخم-والأرقام-القياسية-لأسعار-المستهلك-حسب-المجاميع-الرئيسية-والرقم-القياسي-العام-لشهر-أكتوبر-لسنة-2024-مقارنة-بشهر-أكت_compressed.pdf,613ecd19a194f9e7be47c490aaeddd74c06cea76175f82c1b433bfe7c5101d30
2023,10,2023-10,08,Communication,83.9,2.7,2008.0,stated,0,,,B,تقرير-حول-التضخم-والأرقام-القياسية-لأسعار-المستهلك-حسب-المجاميع-الرئيسية-والرقم-القياسي-العام-لشهر-أكتوبر-لسنة-2024-مقارنة-بشهر-أكت_compressed.pdf,613ecd19a194f9e7be47c490aaeddd74c06cea76175f82c1b433bfe7c5101d30
2023,10,2023-10,09,Recreation and Culture,211.4,2.8,2008.0,stated,0,,,B,تقرير-حول-التضخم-والأرقام-القياسية-لأسعار-المستهلك-حسب-المجاميع-الرئيسية-والرقم-القياسي-العام-لشهر-أكتوبر-لسنة-2024-مقارنة-بشهر-أكت_compressed.pdf,613ecd19a194f9e7be47c490aaeddd74c06cea76175f82c1b433bfe7c5101d30
2023,10,2023-10,10,Education,382.1,4.0,2008.0,stated,0,,,B,تقرير-حول-التضخم-والأرقام-القياسية-لأسعار-المستهلك-حسب-المجاميع-الرئيسية-والرقم-القياسي-العام-لشهر-أكتوبر-لسنة-2024-مقارنة-بشهر-أكت_compressed.pdf,613ecd19a194f9e7be47c490aaeddd74c06cea76175f82c1b433bfe7c5101d30
2023,10,2023-10,11,Restaurants and Hotels,349.0,1.7,2008.0,stated,0,,,B,تقرير-حول-التضخم-والأرقام-القياسية-لأسعار-المستهلك-حسب-المجاميع-الرئيسية-والرقم-القياسي-العام-لشهر-أكتوبر-لسنة-2024-مقارنة-بشهر-أكت_compressed.pdf,613ecd19a194f9e7be47c490aaeddd74c06cea76175f82c1b433bfe7c5101d30
2023,10,2023-10,12,Miscellaneous Goods and Services,308.5,3.1,2008.0,stated,0,,,B,تقرير-حول-التضخم-والأرقام-القياسية-لأسعار-المستهلك-حسب-المجاميع-الرئيسية-والرقم-القياسي-العام-لشهر-أكتوبر-لسنة-2024-مقارنة-بشهر-أكت_compressed.pdf,613ecd19a194f9e7be47c490aaeddd74c06cea76175f82c1b433bfe7c5101d30
2023,11,2023-11,00,General Index,296.5,100.0,2008.0,stated,0,,,B,تقرير-حول-التضخم-والأرقام-القياسية-لأسعار-المستهلك-حسب-المجاميع-الرئيسية-والرقم-القياسي-العام-لشهر-نوفمبر-لسنة-2024-مقارنة-بشهر-نوف_compressed.pdf,de6d58f04c98ec3f8369903ec6ce75e2bc1afee7d2ce997ad44a2787147eadec
2023,11,2023-11,01,Food and Beverages,341.5,38.8,2008.0,stated,0,,,B,تقرير-حول-التضخم-والأرقام-القياسية-لأسعار-المستهلك-حسب-المجاميع-الرئيسية-والرقم-القياسي-العام-لشهر-نوفمبر-لسنة-2024-مقارنة-بشهر-نوف_compressed.pdf,de6d58f04c98ec3f8369903ec6ce75e2bc1afee7d2ce997ad44a2787147eadec
2023,11,2023-11,02,Tobacco,265.5,0.7,2008.0,stated,0,,,B,تقرير-حول-التضخم-والأرقام-القياسية-لأسعار-المستهلك-حسب-المجاميع-الرئيسية-والرقم-القياسي-العام-لشهر-نوفمبر-لسنة-2024-مقارنة-بشهر-نوف_compressed.pdf,de6d58f04c98ec3f8369903ec6ce75e2bc1afee7d2ce997ad44a2787147eadec
2023,11,2023-11,03,Clothing and Footwear,445.9,6.4,2008.0,stated,0,,,B,تقرير-حول-التضخم-والأرقام-القياسية-لأسعار-المستهلك-حسب-المجاميع-الرئيسية-والرقم-القياسي-العام-لشهر-نوفمبر-لسنة-2024-مقارنة-بشهر-نوف_compressed.pdf,de6d58f04c98ec3f8369903ec6ce75e2bc1afee7d2ce997ad44a2787147eadec
2023,11,2023-11,04,"Housing, Water, Electricity and Other Fuels",194.5,22.7,2008.0,stated,0,,,B,تقرير-حول-التضخم-والأرقام-القياسية-لأسعار-المستهلك-حسب-المجاميع-الرئيسية-والرقم-القياسي-العام-لشهر-نوفمبر-لسنة-2024-مقارنة-بشهر-نوف_compressed.pdf,de6d58f04c98ec3f8369903ec6ce75e2bc1afee7d2ce997ad44a2787147eadec
2023,11,2023-11,05,Furniture and Household Equipment,373.8,4.9,2008.0,stated,0,,,B,تقرير-حول-التضخم-والأرقام-القياسية-لأسعار-المستهلك-حسب-المجاميع-الرئيسية-والرقم-القياسي-العام-لشهر-نوفمبر-لسنة-2024-مقارنة-بشهر-نوف_compressed.pdf,de6d58f04c98ec3f8369903ec6ce75e2bc1afee7d2ce997ad44a2787147eadec
2023,11,2023-11,06,Health,357.3,4.1,2008.0,stated,0,,,B,تقرير-حول-التضخم-والأرقام-القياسية-لأسعار-المستهلك-حسب-المجاميع-الرئيسية-والرقم-القياسي-العام-لشهر-نوفمبر-لسنة-2024-مقارنة-بشهر-نوف_compressed.pdf,de6d58f04c98ec3f8369903ec6ce75e2bc1afee7d2ce997ad44a2787147eadec
2023,11,2023-11,07,Transport,215.2,8.1,2008.0,stated,0,,,B,تقرير-حول-التضخم-والأرقام-القياسية-لأسعار-المستهلك-حسب-المجاميع-الرئيسية-والرقم-القياسي-العام-لشهر-نوفمبر-لسنة-2024-مقارنة-بشهر-نوف_compressed.pdf,de6d58f04c98ec3f8369903ec6ce75e2bc1afee7d2ce997ad44a2787147eadec
2023,11,2023-11,08,Communication,83.9,2.7,2008.0,stated,0,,,B,تقرير-حول-التضخم-والأرقام-القياسية-لأسعار-المستهلك-حسب-المجاميع-الرئيسية-والرقم-القياسي-العام-لشهر-نوفمبر-لسنة-2024-مقارنة-بشهر-نوف_compressed.pdf,de6d58f04c98ec3f8369903ec6ce75e2bc1afee7d2ce997ad44a2787147eadec
2023,11,2023-11,09,Recreation and Culture,211.7,2.8,2008.0,stated,0,,,B,تقرير-حول-التضخم-والأرقام-القياسية-لأسعار-المستهلك-حسب-المجاميع-الرئيسية-والرقم-القياسي-العام-لشهر-نوفمبر-لسنة-2024-مقارنة-بشهر-نوف_compressed.pdf,de6d58f04c98ec3f8369903ec6ce75e2bc1afee7d2ce997ad44a2787147eadec
2023,11,2023-11,10,Education,382.1,4.0,2008.0,stated,0,,,B,تقرير-حول-التضخم-والأرقام-القياسية-لأسعار-المستهلك-حسب-المجاميع-الرئيسية-والرقم-القياسي-العام-لشهر-نوفمبر-لسنة-2024-مقارنة-بشهر-نوف_compressed.pdf,de6d58f04c98ec3f8369903ec6ce75e2bc1afee7d2ce997ad44a2787147eadec
2023,11,2023-11,11,Restaurants and Hotels,349.0,1.7,2008.0,stated,0,,,B,تقرير-حول-التضخم-والأرقام-القياسية-لأسعار-المستهلك-حسب-المجاميع-الرئيسية-والرقم-القياسي-العام-لشهر-نوفمبر-لسنة-2024-مقارنة-بشهر-نوف_compressed.pdf,de6d58f04c98ec3f8369903ec6ce75e2bc1afee7d2ce997ad44a2787147eadec
2023,11,2023-11,12,Miscellaneous Goods and Services,309.3,3.1,2008.0,stated,0,,,B,تقرير-حول-التضخم-والأرقام-القياسية-لأسعار-المستهلك-حسب-المجاميع-الرئيسية-والرقم-القياسي-العام-لشهر-نوفمبر-لسنة-2024-مقارنة-بشهر-نوف_compressed.pdf,de6d58f04c98ec3f8369903ec6ce75e2bc1afee7d2ce997ad44a2787147eadec
2023,12,2023-12,00,General Index,296.9,100.0,2008.0,stated,0,,,B,885.pdf,5be3bf159599808bbbb417a1c5376f710b78f2ecddbac1238fb1b43b8b55f6d7
2023,12,2023-12,01,Food and Beverages,342.3,38.8,2008.0,stated,0,,,B,885.pdf,5be3bf159599808bbbb417a1c5376f710b78f2ecddbac1238fb1b43b8b55f6d7
2023,12,2023-12,02,Tobacco,265.5,0.7,2008.0,stated,0,,,B,885.pdf,5be3bf159599808bbbb417a1c5376f710b78f2ecddbac1238fb1b43b8b55f6d7
2023,12,2023-12,03,Clothing and Footwear,446.4,6.4,2008.0,stated,0,,,B,885.pdf,5be3bf159599808bbbb417a1c5376f710b78f2ecddbac1238fb1b43b8b55f6d7
2023,12,2023-12,04,"Housing, Water, Electricity and Other Fuels",194.3,22.7,2008.0,stated,0,,,B,885.pdf,5be3bf159599808bbbb417a1c5376f710b78f2ecddbac1238fb1b43b8b55f6d7
2023,12,2023-12,05,Furniture and Household Equipment,374.0,4.9,2008.0,stated,0,,,B,885.pdf,5be3bf159599808bbbb417a1c5376f710b78f2ecddbac1238fb1b43b8b55f6d7
2023,12,2023-12,06,Health,357.8,4.1,2008.0,stated,0,,,B,885.pdf,5be3bf159599808bbbb417a1c5376f710b78f2ecddbac1238fb1b43b8b55f6d7
2023,12,2023-12,07,Transport,215.5,8.1,2008.0,stated,0,,,B,885.pdf,5be3bf159599808bbbb417a1c5376f710b78f2ecddbac1238fb1b43b8b55f6d7
2023,12,2023-12,08,Communication,84.1,2.7,2008.0,stated,0,,,B,885.pdf,5be3bf159599808bbbb417a1c5376f710b78f2ecddbac1238fb1b43b8b55f6d7
2023,12,2023-12,09,Recreation and Culture,211.9,2.8,2008.0,stated,0,,,B,885.pdf,5be3bf159599808bbbb417a1c5376f710b78f2ecddbac1238fb1b43b8b55f6d7
2023,12,2023-12,10,Education,382.1,4.0,2008.0,stated,0,,,B,885.pdf,5be3bf159599808bbbb417a1c5376f710b78f2ecddbac1238fb1b43b8b55f6d7
2023,12,2023-12,11,Restaurants and Hotels,349.0,1.7,2008.0,stated,0,,,B,885.pdf,5be3bf159599808bbbb417a1c5376f710b78f2ecddbac1238fb1b43b8b55f6d7
2023,12,2023-12,12,Miscellaneous Goods and Services,309.7,3.1,2008.0,stated,0,,,B,885.pdf,5be3bf159599808bbbb417a1c5376f710b78f2ecddbac1238fb1b43b8b55f6d7
2024,1,2024-01,00,General Index,297.3,100.0,2008.0,stated,0,0.1,,B,885.pdf,5be3bf159599808bbbb417a1c5376f710b78f2ecddbac1238fb1b43b8b55f6d7
2024,1,2024-01,01,Food and Beverages,343.2,38.8,2008.0,stated,0,0.3,,B,885.pdf,5be3bf159599808bbbb417a1c5376f710b78f2ecddbac1238fb1b43b8b55f6d7
2024,1,2024-01,02,Tobacco,265.5,0.7,2008.0,stated,0,0.0,,B,885.pdf,5be3bf159599808bbbb417a1c5376f710b78f2ecddbac1238fb1b43b8b55f6d7
2024,1,2024-01,03,Clothing and Footwear,446.5,6.4,2008.0,stated,0,0.02,,B,885.pdf,5be3bf159599808bbbb417a1c5376f710b78f2ecddbac1238fb1b43b8b55f6d7
2024,1,2024-01,04,"Housing, Water, Electricity and Other Fuels",194.4,22.7,2008.0,stated,0,0.1,,B,885.pdf,5be3bf159599808bbbb417a1c5376f710b78f2ecddbac1238fb1b43b8b55f6d7
2024,1,2024-01,05,Furniture and Household Equipment,374.2,4.9,2008.0,stated,0,0.1,,B,885.pdf,5be3bf159599808bbbb417a1c5376f710b78f2ecddbac1238fb1b43b8b55f6d7
2024,1,2024-01,06,Health,357.8,4.1,2008.0,stated,0,0.0,,B,885.pdf,5be3bf159599808bbbb417a1c5376f710b78f2ecddbac1238fb1b43b8b55f6d7
2024,1,2024-01,07,Transport,215.6,8.1,2008.0,stated,0,0.1,,B,885.pdf,5be3bf159599808bbbb417a1c5376f710b78f2ecddbac1238fb1b43b8b55f6d7
2024,1,2024-01,08,Communication,84.1,2.7,2008.0,stated,0,0.0,,B,885.pdf,5be3bf159599808bbbb417a1c5376f710b78f2ecddbac1238fb1b43b8b55f6d7
2024,1,2024-01,09,Recreation and Culture,212.7,2.8,2008.0,stated,0,0.4,,B,885.pdf,5be3bf159599808bbbb417a1c5376f710b78f2ecddbac1238fb1b43b8b55f6d7
2024,1,2024-01,10,Education,382.1,4.0,2008.0,stated,0,0.0,,B,885.pdf,5be3bf159599808bbbb417a1c5376f710b78f2ecddbac1238fb1b43b8b55f6d7
2024,1,2024-01,11,Restaurants and Hotels,349.0,1.7,2008.0,stated,0,0.0,,B,885.pdf,5be3bf159599808bbbb417a1c5376f710b78f2ecddbac1238fb1b43b8b55f6d7
2024,1,2024-01,12,Miscellaneous Goods and Services,309.9,3.1,2008.0,stated,0,0.1,,B,885.pdf,5be3bf159599808bbbb417a1c5376f710b78f2ecddbac1238fb1b43b8b55f6d7
2024,2,2024-02,00,General Index,297.9,100.0,2008.0,stated,0,0.2,,B,6666.pdf,23f76c1346ce8f17a22f70b034dfc7fcd31ec7c4d0e272373abaf833b313521f
2024,2,2024-02,01,Food and Beverages,344.2,38.8,2008.0,stated,0,0.3,,B,6666.pdf,23f76c1346ce8f17a22f70b034dfc7fcd31ec7c4d0e272373abaf833b313521f
2024,2,2024-02,02,Tobacco,265.8,0.7,2008.0,stated,0,0.1,,B,6666.pdf,23f76c1346ce8f17a22f70b034dfc7fcd31ec7c4d0e272373abaf833b313521f
2024,2,2024-02,03,Clothing and Footwear,448.7,6.4,2008.0,stated,0,0.5,,B,6666.pdf,23f76c1346ce8f17a22f70b034dfc7fcd31ec7c4d0e272373abaf833b313521f
2024,2,2024-02,04,"Housing, Water, Electricity and Other Fuels",194.5,22.7,2008.0,stated,0,0.1,,B,6666.pdf,23f76c1346ce8f17a22f70b034dfc7fcd31ec7c4d0e272373abaf833b313521f
2024,2,2024-02,05,Furniture and Household Equipment,374.6,4.9,2008.0,stated,0,0.1,,B,6666.pdf,23f76c1346ce8f17a22f70b034dfc7fcd31ec7c4d0e272373abaf833b313521f
2024,2,2024-02,06,Health,358.0,4.1,2008.0,stated,0,0.1,,B,6666.pdf,23f76c1346ce8f17a22f70b034dfc7fcd31ec7c4d0e272373abaf833b313521f
2024,2,2024-02,07,Transport,215.7,8.1,2008.0,stated,0,0.1,,B,6666.pdf,23f76c1346ce8f17a22f70b034dfc7fcd31ec7c4d0e272373abaf833b313521f
2024,2,2024-02,08,Communication,84.1,2.7,2008.0,stated,0,0.0,,B,6666.pdf,23f76c1346ce8f17a22f70b034dfc7fcd31ec7c4d0e272373abaf833b313521f
2024,2,2024-02,09,Recreation and Culture,212.9,2.8,2008.0,stated,0,0.1,,B,6666.pdf,23f76c1346ce8f17a22f70b034dfc7fcd31ec7c4d0e272373abaf833b313521f
2024,2,2024-02,10,Education,382.1,4.0,2008.0,stated,0,0.0,,B,6666.pdf,23f76c1346ce8f17a22f70b034dfc7fcd31ec7c4d0e272373abaf833b313521f
2024,2,2024-02,11,Restaurants and Hotels,349.0,1.7,2008.0,stated,0,0.0,,B,6666.pdf,23f76c1346ce8f17a22f70b034dfc7fcd31ec7c4d0e272373abaf833b313521f
2024,2,2024-02,12,Miscellaneous Goods and Services,310.0,3.1,2008.0,stated,0,0.03,,B,6666.pdf,23f76c1346ce8f17a22f70b034dfc7fcd31ec7c4d0e272373abaf833b313521f
2024,3,2024-03,00,General Index,298.6,100.0,2008.0,stated,0,0.2,,B,9999.pdf,dbfb328e0811d552a245fc3f0722574a343c749eaa9d7db05f78748872e20ff2
2024,3,2024-03,01,Food and Beverages,345.3,38.8,2008.0,stated,0,0.3,,B,9999.pdf,dbfb328e0811d552a245fc3f0722574a343c749eaa9d7db05f78748872e20ff2
2024,3,2024-03,02,Tobacco,265.8,0.7,2008.0,stated,0,0.0,,B,9999.pdf,dbfb328e0811d552a245fc3f0722574a343c749eaa9d7db05f78748872e20ff2
2024,3,2024-03,03,Clothing and Footwear,449.6,6.4,2008.0,stated,0,0.2,,B,9999.pdf,dbfb328e0811d552a245fc3f0722574a343c749eaa9d7db05f78748872e20ff2
2024,3,2024-03,04,"Housing, Water, Electricity and Other Fuels",194.6,22.7,2008.0,stated,0,0.1,,B,9999.pdf,dbfb328e0811d552a245fc3f0722574a343c749eaa9d7db05f78748872e20ff2
2024,3,2024-03,05,Furniture and Household Equipment,375.6,4.9,2008.0,stated,0,0.3,,B,9999.pdf,dbfb328e0811d552a245fc3f0722574a343c749eaa9d7db05f78748872e20ff2
2024,3,2024-03,06,Health,358.4,4.1,2008.0,stated,0,0.1,,B,9999.pdf,dbfb328e0811d552a245fc3f0722574a343c749eaa9d7db05f78748872e20ff2
2024,3,2024-03,07,Transport,216.1,8.1,2008.0,stated,0,0.2,,B,9999.pdf,dbfb328e0811d552a245fc3f0722574a343c749eaa9d7db05f78748872e20ff2
2024,3,2024-03,08,Communication,84.4,2.7,2008.0,stated,0,0.4,,B,9999.pdf,dbfb328e0811d552a245fc3f0722574a343c749eaa9d7db05f78748872e20ff2
2024,3,2024-03,09,Recreation and Culture,213.4,2.8,2008.0,stated,0,0.2,,B,9999.pdf,dbfb328e0811d552a245fc3f0722574a343c749eaa9d7db05f78748872e20ff2
2024,3,2024-03,10,Education,382.1,4.0,2008.0,stated,0,0.0,,B,9999.pdf,dbfb328e0811d552a245fc3f0722574a343c749eaa9d7db05f78748872e20ff2
2024,3,2024-03,11,Restaurants and Hotels,349.9,1.7,2008.0,stated,0,0.3,,B,9999.pdf,dbfb328e0811d552a245fc3f0722574a343c749eaa9d7db05f78748872e20ff2
2024,3,2024-03,12,Miscellaneous Goods and Services,310.9,3.1,2008.0,stated,0,0.3,,B,9999.pdf,dbfb328e0811d552a245fc3f0722574a343c749eaa9d7db05f78748872e20ff2
2024,4,2024-04,00,General Index,300.0,100.0,2008.0,stated,0,,,B,تقرير-حول-التضخم-والأرقام-القياسية-لأسعار-المستهلك-عن-شهر-مايو-2024.pdf,c73f0d9aa96741da348046b0486946c10b1e538ca63b8b5c78b3e8051b87aa28
2024,4,2024-04,01,Food and Beverages,347.4,38.8,2008.0,stated,0,,,B,تقرير-حول-التضخم-والأرقام-القياسية-لأسعار-المستهلك-عن-شهر-مايو-2024.pdf,c73f0d9aa96741da348046b0486946c10b1e538ca63b8b5c78b3e8051b87aa28
2024,4,2024-04,02,Tobacco,266.2,0.7,2008.0,stated,0,,,B,تقرير-حول-التضخم-والأرقام-القياسية-لأسعار-المستهلك-عن-شهر-مايو-2024.pdf,c73f0d9aa96741da348046b0486946c10b1e538ca63b8b5c78b3e8051b87aa28
2024,4,2024-04,03,Clothing and Footwear,451.1,6.4,2008.0,stated,0,,,B,تقرير-حول-التضخم-والأرقام-القياسية-لأسعار-المستهلك-عن-شهر-مايو-2024.pdf,c73f0d9aa96741da348046b0486946c10b1e538ca63b8b5c78b3e8051b87aa28
2024,4,2024-04,04,"Housing, Water, Electricity and Other Fuels",195.0,22.7,2008.0,stated,0,,,B,تقرير-حول-التضخم-والأرقام-القياسية-لأسعار-المستهلك-عن-شهر-مايو-2024.pdf,c73f0d9aa96741da348046b0486946c10b1e538ca63b8b5c78b3e8051b87aa28
2024,4,2024-04,05,Furniture and Household Equipment,377.2,4.9,2008.0,stated,0,,,B,تقرير-حول-التضخم-والأرقام-القياسية-لأسعار-المستهلك-عن-شهر-مايو-2024.pdf,c73f0d9aa96741da348046b0486946c10b1e538ca63b8b5c78b3e8051b87aa28
2024,4,2024-04,06,Health,360.6,4.1,2008.0,stated,0,,,B,تقرير-حول-التضخم-والأرقام-القياسية-لأسعار-المستهلك-عن-شهر-مايو-2024.pdf,c73f0d9aa96741da348046b0486946c10b1e538ca63b8b5c78b3e8051b87aa28
2024,4,2024-04,07,Transport,216.9,8.1,2008.0,stated,0,,,B,تقرير-حول-التضخم-والأرقام-القياسية-لأسعار-المستهلك-عن-شهر-مايو-2024.pdf,c73f0d9aa96741da348046b0486946c10b1e538ca63b8b5c78b3e8051b87aa28
2024,4,2024-04,08,Communication,84.4,2.7,2008.0,stated,0,,,B,تقرير-حول-التضخم-والأرقام-القياسية-لأسعار-المستهلك-عن-شهر-مايو-2024.pdf,c73f0d9aa96741da348046b0486946c10b1e538ca63b8b5c78b3e8051b87aa28
2024,4,2024-04,09,Recreation and Culture,214.2,2.8,2008.0,stated,0,,,B,تقرير-حول-التضخم-والأرقام-القياسية-لأسعار-المستهلك-عن-شهر-مايو-2024.pdf,c73f0d9aa96741da348046b0486946c10b1e538ca63b8b5c78b3e8051b87aa28
2024,4,2024-04,10,Education,382.1,4.0,2008.0,stated,0,,,B,تقرير-حول-التضخم-والأرقام-القياسية-لأسعار-المستهلك-عن-شهر-مايو-2024.pdf,c73f0d9aa96741da348046b0486946c10b1e538ca63b8b5c78b3e8051b87aa28
2024,4,2024-04,11,Restaurants and Hotels,350.2,1.7,2008.0,stated,0,,,B,تقرير-حول-التضخم-والأرقام-القياسية-لأسعار-المستهلك-عن-شهر-مايو-2024.pdf,c73f0d9aa96741da348046b0486946c10b1e538ca63b8b5c78b3e8051b87aa28
2024,4,2024-04,12,Miscellaneous Goods and Services,313.3,3.1,2008.0,stated,0,,,B,تقرير-حول-التضخم-والأرقام-القياسية-لأسعار-المستهلك-عن-شهر-مايو-2024.pdf,c73f0d9aa96741da348046b0486946c10b1e538ca63b8b5c78b3e8051b87aa28
2024,5,2024-05,00,General Index,301.2,100.0,2008.0,stated,0,0.4,,B,تقرير-حول-التضخم-والأرقام-القياسية-لأسعار-المستهلك-عن-شهر-مايو-2024.pdf,c73f0d9aa96741da348046b0486946c10b1e538ca63b8b5c78b3e8051b87aa28
2024,5,2024-05,01,Food and Beverages,349.5,38.8,2008.0,stated,0,0.6,,B,تقرير-حول-التضخم-والأرقام-القياسية-لأسعار-المستهلك-عن-شهر-مايو-2024.pdf,c73f0d9aa96741da348046b0486946c10b1e538ca63b8b5c78b3e8051b87aa28
2024,5,2024-05,02,Tobacco,266.2,0.7,2008.0,stated,0,0.0,,B,تقرير-حول-التضخم-والأرقام-القياسية-لأسعار-المستهلك-عن-شهر-مايو-2024.pdf,c73f0d9aa96741da348046b0486946c10b1e538ca63b8b5c78b3e8051b87aa28
2024,5,2024-05,03,Clothing and Footwear,453.4,6.4,2008.0,stated,0,0.5,,B,تقرير-حول-التضخم-والأرقام-القياسية-لأسعار-المستهلك-عن-شهر-مايو-2024.pdf,c73f0d9aa96741da348046b0486946c10b1e538ca63b8b5c78b3e8051b87aa28
2024,5,2024-05,04,"Housing, Water, Electricity and Other Fuels",195.1,22.7,2008.0,stated,0,0.1,,B,تقرير-حول-التضخم-والأرقام-القياسية-لأسعار-المستهلك-عن-شهر-مايو-2024.pdf,c73f0d9aa96741da348046b0486946c10b1e538ca63b8b5c78b3e8051b87aa28
2024,5,2024-05,05,Furniture and Household Equipment,378.5,4.9,2008.0,stated,0,0.3,,B,تقرير-حول-التضخم-والأرقام-القياسية-لأسعار-المستهلك-عن-شهر-مايو-2024.pdf,c73f0d9aa96741da348046b0486946c10b1e538ca63b8b5c78b3e8051b87aa28
2024,5,2024-05,06,Health,362.0,4.1,2008.0,stated,0,0.4,,B,تقرير-حول-التضخم-والأرقام-القياسية-لأسعار-المستهلك-عن-شهر-مايو-2024.pdf,c73f0d9aa96741da348046b0486946c10b1e538ca63b8b5c78b3e8051b87aa28
2024,5,2024-05,07,Transport,217.5,8.1,2008.0,stated,0,0.3,,B,تقرير-حول-التضخم-والأرقام-القياسية-لأسعار-المستهلك-عن-شهر-مايو-2024.pdf,c73f0d9aa96741da348046b0486946c10b1e538ca63b8b5c78b3e8051b87aa28
2024,5,2024-05,08,Communication,84.4,2.7,2008.0,stated,0,0.0,,B,تقرير-حول-التضخم-والأرقام-القياسية-لأسعار-المستهلك-عن-شهر-مايو-2024.pdf,c73f0d9aa96741da348046b0486946c10b1e538ca63b8b5c78b3e8051b87aa28
2024,5,2024-05,09,Recreation and Culture,214.6,2.8,2008.0,stated,0,0.2,,B,تقرير-حول-التضخم-والأرقام-القياسية-لأسعار-المستهلك-عن-شهر-مايو-2024.pdf,c73f0d9aa96741da348046b0486946c10b1e538ca63b8b5c78b3e8051b87aa28
2024,5,2024-05,10,Education,382.1,4.0,2008.0,stated,0,0.0,,B,تقرير-حول-التضخم-والأرقام-القياسية-لأسعار-المستهلك-عن-شهر-مايو-2024.pdf,c73f0d9aa96741da348046b0486946c10b1e538ca63b8b5c78b3e8051b87aa28
2024,5,2024-05,11,Restaurants and Hotels,351.1,1.7,2008.0,stated,0,0.3,,B,تقرير-حول-التضخم-والأرقام-القياسية-لأسعار-المستهلك-عن-شهر-مايو-2024.pdf,c73f0d9aa96741da348046b0486946c10b1e538ca63b8b5c78b3e8051b87aa28
2024,5,2024-05,12,Miscellaneous Goods and Services,314.4,3.1,2008.0,stated,0,0.4,,B,تقرير-حول-التضخم-والأرقام-القياسية-لأسعار-المستهلك-عن-شهر-مايو-2024.pdf,c73f0d9aa96741da348046b0486946c10b1e538ca63b8b5c78b3e8051b87aa28
2024,6,2024-06,00,General Index,301.8,100.0,2008.0,stated,0,0.2,,B,تقرير-حول-التضخم-والأرقام-القياسية-لأسعار-المستهلك-عن-شهر-يونيو-2024-1.pdf,71d90295d28e067551a19ea9dac5f6d7c72fa7761c1b124f9454e66d6d0612a0
2024,6,2024-06,01,Food and Beverages,350.6,38.8,2008.0,stated,0,0.3,,B,تقرير-حول-التضخم-والأرقام-القياسية-لأسعار-المستهلك-عن-شهر-يونيو-2024-1.pdf,71d90295d28e067551a19ea9dac5f6d7c72fa7761c1b124f9454e66d6d0612a0
2024,6,2024-06,02,Tobacco,266.2,0.7,2008.0,stated,0,0.0,,B,تقرير-حول-التضخم-والأرقام-القياسية-لأسعار-المستهلك-عن-شهر-يونيو-2024-1.pdf,71d90295d28e067551a19ea9dac5f6d7c72fa7761c1b124f9454e66d6d0612a0
2024,6,2024-06,03,Clothing and Footwear,454.4,6.4,2008.0,stated,0,0.2,,B,تقرير-حول-التضخم-والأرقام-القياسية-لأسعار-المستهلك-عن-شهر-يونيو-2024-1.pdf,71d90295d28e067551a19ea9dac5f6d7c72fa7761c1b124f9454e66d6d0612a0
2024,6,2024-06,04,"Housing, Water, Electricity and Other Fuels",195.2,22.7,2008.0,stated,0,0.1,,B,تقرير-حول-التضخم-والأرقام-القياسية-لأسعار-المستهلك-عن-شهر-يونيو-2024-1.pdf,71d90295d28e067551a19ea9dac5f6d7c72fa7761c1b124f9454e66d6d0612a0
2024,6,2024-06,05,Furniture and Household Equipment,379.7,4.9,2008.0,stated,0,0.3,,B,تقرير-حول-التضخم-والأرقام-القياسية-لأسعار-المستهلك-عن-شهر-يونيو-2024-1.pdf,71d90295d28e067551a19ea9dac5f6d7c72fa7761c1b124f9454e66d6d0612a0
2024,6,2024-06,06,Health,362.1,4.1,2008.0,stated,0,0.03,,B,تقرير-حول-التضخم-والأرقام-القياسية-لأسعار-المستهلك-عن-شهر-يونيو-2024-1.pdf,71d90295d28e067551a19ea9dac5f6d7c72fa7761c1b124f9454e66d6d0612a0
2024,6,2024-06,07,Transport,217.6,8.1,2008.0,stated,0,0.05,,B,تقرير-حول-التضخم-والأرقام-القياسية-لأسعار-المستهلك-عن-شهر-يونيو-2024-1.pdf,71d90295d28e067551a19ea9dac5f6d7c72fa7761c1b124f9454e66d6d0612a0
2024,6,2024-06,08,Communication,84.6,2.7,2008.0,stated,0,0.2,,B,تقرير-حول-التضخم-والأرقام-القياسية-لأسعار-المستهلك-عن-شهر-يونيو-2024-1.pdf,71d90295d28e067551a19ea9dac5f6d7c72fa7761c1b124f9454e66d6d0612a0
2024,6,2024-06,09,Recreation and Culture,215.1,2.8,2008.0,stated,0,0.2,,B,تقرير-حول-التضخم-والأرقام-القياسية-لأسعار-المستهلك-عن-شهر-يونيو-2024-1.pdf,71d90295d28e067551a19ea9dac5f6d7c72fa7761c1b124f9454e66d6d0612a0
2024,6,2024-06,10,Education,382.1,4.0,2008.0,stated,0,0.0,,B,تقرير-حول-التضخم-والأرقام-القياسية-لأسعار-المستهلك-عن-شهر-يونيو-2024-1.pdf,71d90295d28e067551a19ea9dac5f6d7c72fa7761c1b124f9454e66d6d0612a0
2024,6,2024-06,11,Restaurants and Hotels,351.1,1.7,2008.0,stated,0,0.0,,B,تقرير-حول-التضخم-والأرقام-القياسية-لأسعار-المستهلك-عن-شهر-يونيو-2024-1.pdf,71d90295d28e067551a19ea9dac5f6d7c72fa7761c1b124f9454e66d6d0612a0
2024,6,2024-06,12,Miscellaneous Goods and Services,314.4,3.1,2008.0,stated,0,0.0,,B,تقرير-حول-التضخم-والأرقام-القياسية-لأسعار-المستهلك-عن-شهر-يونيو-2024-1.pdf,71d90295d28e067551a19ea9dac5f6d7c72fa7761c1b124f9454e66d6d0612a0
2024,7,2024-07,00,General Index,302.5,100.0,2008.0,stated,0,0.2,,B,تقرير-حول-التضخم-والأرقام-القياسية-لأسعار-المستهلك-عن-شهر-يوليو-2024.pdf,dfe206f2ec9d2a44bed993e00d0288d798e1ee590b4214cfcb0750095361cf81
2024,7,2024-07,01,Food and Beverages,352.0,38.8,2008.0,stated,0,0.4,,B,تقرير-حول-التضخم-والأرقام-القياسية-لأسعار-المستهلك-عن-شهر-يوليو-2024.pdf,dfe206f2ec9d2a44bed993e00d0288d798e1ee590b4214cfcb0750095361cf81
2024,7,2024-07,02,Tobacco,266.2,0.7,2008.0,stated,0,0.0,,B,تقرير-حول-التضخم-والأرقام-القياسية-لأسعار-المستهلك-عن-شهر-يوليو-2024.pdf,dfe206f2ec9d2a44bed993e00d0288d798e1ee590b4214cfcb0750095361cf81
2024,7,2024-07,03,Clothing and Footwear,455.5,6.4,2008.0,stated,0,0.2,,B,تقرير-حول-التضخم-والأرقام-القياسية-لأسعار-المستهلك-عن-شهر-يوليو-2024.pdf,dfe206f2ec9d2a44bed993e00d0288d798e1ee590b4214cfcb0750095361cf81
2024,7,2024-07,04,"Housing, Water, Electricity and Other Fuels",195.3,22.7,2008.0,stated,0,0.1,,B,تقرير-حول-التضخم-والأرقام-القياسية-لأسعار-المستهلك-عن-شهر-يوليو-2024.pdf,dfe206f2ec9d2a44bed993e00d0288d798e1ee590b4214cfcb0750095361cf81
2024,7,2024-07,05,Furniture and Household Equipment,380.8,4.9,2008.0,stated,0,0.3,,B,تقرير-حول-التضخم-والأرقام-القياسية-لأسعار-المستهلك-عن-شهر-يوليو-2024.pdf,dfe206f2ec9d2a44bed993e00d0288d798e1ee590b4214cfcb0750095361cf81
2024,7,2024-07,06,Health,362.7,4.1,2008.0,stated,0,0.2,,B,تقرير-حول-التضخم-والأرقام-القياسية-لأسعار-المستهلك-عن-شهر-يوليو-2024.pdf,dfe206f2ec9d2a44bed993e00d0288d798e1ee590b4214cfcb0750095361cf81
2024,7,2024-07,07,Transport,217.8,8.1,2008.0,stated,0,0.1,,B,تقرير-حول-التضخم-والأرقام-القياسية-لأسعار-المستهلك-عن-شهر-يوليو-2024.pdf,dfe206f2ec9d2a44bed993e00d0288d798e1ee590b4214cfcb0750095361cf81
2024,7,2024-07,08,Communication,84.6,2.7,2008.0,stated,0,0.0,,B,تقرير-حول-التضخم-والأرقام-القياسية-لأسعار-المستهلك-عن-شهر-يوليو-2024.pdf,dfe206f2ec9d2a44bed993e00d0288d798e1ee590b4214cfcb0750095361cf81
2024,7,2024-07,09,Recreation and Culture,215.2,2.8,2008.0,stated,0,0.05,,B,تقرير-حول-التضخم-والأرقام-القياسية-لأسعار-المستهلك-عن-شهر-يوليو-2024.pdf,dfe206f2ec9d2a44bed993e00d0288d798e1ee590b4214cfcb0750095361cf81
2024,7,2024-07,10,Education,382.2,4.0,2008.0,stated,0,0.03,,B,تقرير-حول-التضخم-والأرقام-القياسية-لأسعار-المستهلك-عن-شهر-يوليو-2024.pdf,dfe206f2ec9d2a44bed993e00d0288d798e1ee590b4214cfcb0750095361cf81
2024,7,2024-07,11,Restaurants and Hotels,351.1,1.7,2008.0,stated,0,0.0,,B,تقرير-حول-التضخم-والأرقام-القياسية-لأسعار-المستهلك-عن-شهر-يوليو-2024.pdf,dfe206f2ec9d2a44bed993e00d0288d798e1ee590b4214cfcb0750095361cf81
2024,7,2024-07,12,Miscellaneous Goods and Services,315.3,3.1,2008.0,stated,0,0.3,,B,تقرير-حول-التضخم-والأرقام-القياسية-لأسعار-المستهلك-عن-شهر-يوليو-2024.pdf,dfe206f2ec9d2a44bed993e00d0288d798e1ee590b4214cfcb0750095361cf81
2024,8,2024-08,00,General Index,302.9,100.0,2008.0,stated,0,0.1,,B,تقرير-حول-التضخم-والأرقام-القياسية-لأسعار-المستهلك-عن-شهر-أغسطس-2024.pdf,9617b44f620716010e7874f88409449025e2883b6b8ffee9c1bbe6a3dbaede5a
2024,8,2024-08,01,Food and Beverages,352.7,38.8,2008.0,stated,0,0.2,,B,تقرير-حول-التضخم-والأرقام-القياسية-لأسعار-المستهلك-عن-شهر-أغسطس-2024.pdf,9617b44f620716010e7874f88409449025e2883b6b8ffee9c1bbe6a3dbaede5a
2024,8,2024-08,02,Tobacco,266.2,0.7,2008.0,stated,0,0.0,,B,تقرير-حول-التضخم-والأرقام-القياسية-لأسعار-المستهلك-عن-شهر-أغسطس-2024.pdf,9617b44f620716010e7874f88409449025e2883b6b8ffee9c1bbe6a3dbaede5a
2024,8,2024-08,03,Clothing and Footwear,455.9,6.4,2008.0,stated,0,0.1,,B,تقرير-حول-التضخم-والأرقام-القياسية-لأسعار-المستهلك-عن-شهر-أغسطس-2024.pdf,9617b44f620716010e7874f88409449025e2883b6b8ffee9c1bbe6a3dbaede5a
2024,8,2024-08,04,"Housing, Water, Electricity and Other Fuels",195.4,22.7,2008.0,stated,0,0.1,,B,تقرير-حول-التضخم-والأرقام-القياسية-لأسعار-المستهلك-عن-شهر-أغسطس-2024.pdf,9617b44f620716010e7874f88409449025e2883b6b8ffee9c1bbe6a3dbaede5a
2024,8,2024-08,05,Furniture and Household Equipment,381.1,4.9,2008.0,stated,0,0.1,,B,تقرير-حول-التضخم-والأرقام-القياسية-لأسعار-المستهلك-عن-شهر-أغسطس-2024.pdf,9617b44f620716010e7874f88409449025e2883b6b8ffee9c1bbe6a3dbaede5a
2024,8,2024-08,06,Health,363.0,4.1,2008.0,stated,0,0.1,,B,تقرير-حول-التضخم-والأرقام-القياسية-لأسعار-المستهلك-عن-شهر-أغسطس-2024.pdf,9617b44f620716010e7874f88409449025e2883b6b8ffee9c1bbe6a3dbaede5a
2024,8,2024-08,07,Transport,218.1,8.1,2008.0,stated,0,0.1,,B,تقرير-حول-التضخم-والأرقام-القياسية-لأسعار-المستهلك-عن-شهر-أغسطس-2024.pdf,9617b44f620716010e7874f88409449025e2883b6b8ffee9c1bbe6a3dbaede5a
2024,8,2024-08,08,Communication,84.6,2.7,2008.0,stated,0,0.0,,B,تقرير-حول-التضخم-والأرقام-القياسية-لأسعار-المستهلك-عن-شهر-أغسطس-2024.pdf,9617b44f620716010e7874f88409449025e2883b6b8ffee9c1bbe6a3dbaede5a
2024,8,2024-08,09,Recreation and Culture,215.6,2.8,2008.0,stated,0,0.2,,B,تقرير-حول-التضخم-والأرقام-القياسية-لأسعار-المستهلك-عن-شهر-أغسطس-2024.pdf,9617b44f620716010e7874f88409449025e2883b6b8ffee9c1bbe6a3dbaede5a
2024,8,2024-08,10,Education,382.2,4.0,2008.0,stated,0,0.0,,B,تقرير-حول-التضخم-والأرقام-القياسية-لأسعار-المستهلك-عن-شهر-أغسطس-2024.pdf,9617b44f620716010e7874f88409449025e2883b6b8ffee9c1bbe6a3dbaede5a
2024,8,2024-08,11,Restaurants and Hotels,351.1,1.7,2008.0,stated,0,0.0,,B,تقرير-حول-التضخم-والأرقام-القياسية-لأسعار-المستهلك-عن-شهر-أغسطس-2024.pdf,9617b44f620716010e7874f88409449025e2883b6b8ffee9c1bbe6a3dbaede5a
2024,8,2024-08,12,Miscellaneous Goods and Services,316.2,3.1,2008.0,stated,0,0.3,,B,تقرير-حول-التضخم-والأرقام-القياسية-لأسعار-المستهلك-عن-شهر-أغسطس-2024.pdf,9617b44f620716010e7874f88409449025e2883b6b8ffee9c1bbe6a3dbaede5a
2024,9,2024-09,00,General Index,303.8,100.0,2008.0,stated,0,0.3,,B,تقرير-حول-التضخم-والأرقام-القياسية-لأسعار-المستهلك-عن-شهر-سبتمبر-2024.pdf,4028b787913756958b3e79a359e7b862d9b2e012dbb56a294b4d0d7aeeb82670
2024,9,2024-09,01,Food and Beverages,354.3,38.8,2008.0,stated,0,0.5,,B,تقرير-حول-التضخم-والأرقام-القياسية-لأسعار-المستهلك-عن-شهر-سبتمبر-2024.pdf,4028b787913756958b3e79a359e7b862d9b2e012dbb56a294b4d0d7aeeb82670
2024,9,2024-09,02,Tobacco,266.2,0.7,2008.0,stated,0,0.0,,B,تقرير-حول-التضخم-والأرقام-القياسية-لأسعار-المستهلك-عن-شهر-سبتمبر-2024.pdf,4028b787913756958b3e79a359e7b862d9b2e012dbb56a294b4d0d7aeeb82670
2024,9,2024-09,03,Clothing and Footwear,456.4,6.4,2008.0,stated,0,0.1,,B,تقرير-حول-التضخم-والأرقام-القياسية-لأسعار-المستهلك-عن-شهر-سبتمبر-2024.pdf,4028b787913756958b3e79a359e7b862d9b2e012dbb56a294b4d0d7aeeb82670
2024,9,2024-09,04,"Housing, Water, Electricity and Other Fuels",195.6,22.7,2008.0,stated,0,0.1,,B,تقرير-حول-التضخم-والأرقام-القياسية-لأسعار-المستهلك-عن-شهر-سبتمبر-2024.pdf,4028b787913756958b3e79a359e7b862d9b2e012dbb56a294b4d0d7aeeb82670
2024,9,2024-09,05,Furniture and Household Equipment,381.5,4.9,2008.0,stated,0,0.1,,B,تقرير-حول-التضخم-والأرقام-القياسية-لأسعار-المستهلك-عن-شهر-سبتمبر-2024.pdf,4028b787913756958b3e79a359e7b862d9b2e012dbb56a294b4d0d7aeeb82670
2024,9,2024-09,06,Health,363.9,4.1,2008.0,stated,0,0.2,,B,تقرير-حول-التضخم-والأرقام-القياسية-لأسعار-المستهلك-عن-شهر-سبتمبر-2024.pdf,4028b787913756958b3e79a359e7b862d9b2e012dbb56a294b4d0d7aeeb82670
2024,9,2024-09,07,Transport,218.4,8.1,2008.0,stated,0,0.1,,B,تقرير-حول-التضخم-والأرقام-القياسية-لأسعار-المستهلك-عن-شهر-سبتمبر-2024.pdf,4028b787913756958b3e79a359e7b862d9b2e012dbb56a294b4d0d7aeeb82670
2024,9,2024-09,08,Communication,84.7,2.7,2008.0,stated,0,0.1,,B,تقرير-حول-التضخم-والأرقام-القياسية-لأسعار-المستهلك-عن-شهر-سبتمبر-2024.pdf,4028b787913756958b3e79a359e7b862d9b2e012dbb56a294b4d0d7aeeb82670
2024,9,2024-09,09,Recreation and Culture,216.0,2.8,2008.0,stated,0,0.2,,B,تقرير-حول-التضخم-والأرقام-القياسية-لأسعار-المستهلك-عن-شهر-سبتمبر-2024.pdf,4028b787913756958b3e79a359e7b862d9b2e012dbb56a294b4d0d7aeeb82670
2024,9,2024-09,10,Education,383.0,4.0,2008.0,stated,0,0.2,,B,تقرير-حول-التضخم-والأرقام-القياسية-لأسعار-المستهلك-عن-شهر-سبتمبر-2024.pdf,4028b787913756958b3e79a359e7b862d9b2e012dbb56a294b4d0d7aeeb82670
2024,9,2024-09,11,Restaurants and Hotels,351.2,1.7,2008.0,stated,0,0.03,,B,تقرير-حول-التضخم-والأرقام-القياسية-لأسعار-المستهلك-عن-شهر-سبتمبر-2024.pdf,4028b787913756958b3e79a359e7b862d9b2e012dbb56a294b4d0d7aeeb82670
2024,9,2024-09,12,Miscellaneous Goods and Services,317.0,3.1,2008.0,stated,0,0.3,,B,تقرير-حول-التضخم-والأرقام-القياسية-لأسعار-المستهلك-عن-شهر-سبتمبر-2024.pdf,4028b787913756958b3e79a359e7b862d9b2e012dbb56a294b4d0d7aeeb82670
2024,10,2024-10,00,General Index,303.7,100.0,2008.0,stated,0,-0.03,,B,تقرير-حول-التضخم-والأرقام-القياسية-لأسعار-المستهلك-عن-شهر-أكتوبر-2024.pdf,9306876e6df8b6b26baba6425553b58abd7b3b667c65dfa128c9d8818c71cce8
2024,10,2024-10,01,Food and Beverages,354.1,38.8,2008.0,stated,0,-0.1,,B,تقرير-حول-التضخم-والأرقام-القياسية-لأسعار-المستهلك-عن-شهر-أكتوبر-2024.pdf,9306876e6df8b6b26baba6425553b58abd7b3b667c65dfa128c9d8818c71cce8
2024,10,2024-10,02,Tobacco,266.2,0.7,2008.0,stated,0,0.0,,B,تقرير-حول-التضخم-والأرقام-القياسية-لأسعار-المستهلك-عن-شهر-أكتوبر-2024.pdf,9306876e6df8b6b26baba6425553b58abd7b3b667c65dfa128c9d8818c71cce8
2024,10,2024-10,03,Clothing and Footwear,456.8,6.4,2008.0,stated,0,0.1,,B,تقرير-حول-التضخم-والأرقام-القياسية-لأسعار-المستهلك-عن-شهر-أكتوبر-2024.pdf,9306876e6df8b6b26baba6425553b58abd7b3b667c65dfa128c9d8818c71cce8
2024,10,2024-10,04,"Housing, Water, Electricity and Other Fuels",195.4,22.7,2008.0,stated,0,-0.1,,B,تقرير-حول-التضخم-والأرقام-القياسية-لأسعار-المستهلك-عن-شهر-أكتوبر-2024.pdf,9306876e6df8b6b26baba6425553b58abd7b3b667c65dfa128c9d8818c71cce8
2024,10,2024-10,05,Furniture and Household Equipment,381.8,4.9,2008.0,stated,0,0.1,,B,تقرير-حول-التضخم-والأرقام-القياسية-لأسعار-المستهلك-عن-شهر-أكتوبر-2024.pdf,9306876e6df8b6b26baba6425553b58abd7b3b667c65dfa128c9d8818c71cce8
2024,10,2024-10,06,Health,364.2,4.1,2008.0,stated,0,0.1,,B,تقرير-حول-التضخم-والأرقام-القياسية-لأسعار-المستهلك-عن-شهر-أكتوبر-2024.pdf,9306876e6df8b6b26baba6425553b58abd7b3b667c65dfa128c9d8818c71cce8
2024,10,2024-10,07,Transport,218.4,8.1,2008.0,stated,0,0.0,,B,تقرير-حول-التضخم-والأرقام-القياسية-لأسعار-المستهلك-عن-شهر-أكتوبر-2024.pdf,9306876e6df8b6b26baba6425553b58abd7b3b667c65dfa128c9d8818c71cce8
2024,10,2024-10,08,Communication,84.7,2.7,2008.0,stated,0,0.0,,B,تقرير-حول-التضخم-والأرقام-القياسية-لأسعار-المستهلك-عن-شهر-أكتوبر-2024.pdf,9306876e6df8b6b26baba6425553b58abd7b3b667c65dfa128c9d8818c71cce8
2024,10,2024-10,09,Recreation and Culture,216.0,2.8,2008.0,stated,0,0.0,,B,تقرير-حول-التضخم-والأرقام-القياسية-لأسعار-المستهلك-عن-شهر-أكتوبر-2024.pdf,9306876e6df8b6b26baba6425553b58abd7b3b667c65dfa128c9d8818c71cce8
2024,10,2024-10,10,Education,383.0,4.0,2008.0,stated,0,0.0,,B,تقرير-حول-التضخم-والأرقام-القياسية-لأسعار-المستهلك-عن-شهر-أكتوبر-2024.pdf,9306876e6df8b6b26baba6425553b58abd7b3b667c65dfa128c9d8818c71cce8
2024,10,2024-10,11,Restaurants and Hotels,351.2,1.7,2008.0,stated,0,0.0,,B,تقرير-حول-التضخم-والأرقام-القياسية-لأسعار-المستهلك-عن-شهر-أكتوبر-2024.pdf,9306876e6df8b6b26baba6425553b58abd7b3b667c65dfa128c9d8818c71cce8
2024,10,2024-10,12,Miscellaneous Goods and Services,317.0,3.1,2008.0,stated,0,0.0,,B,تقرير-حول-التضخم-والأرقام-القياسية-لأسعار-المستهلك-عن-شهر-أكتوبر-2024.pdf,9306876e6df8b6b26baba6425553b58abd7b3b667c65dfa128c9d8818c71cce8
2024,11,2024-11,00,General Index,303.5,100.0,2008.0,stated,0,-0.1,,B,تقرير-حول-التضخم-والأرقام-القياسية-لأسعار-المستهلك-عن-شهر-نوفمبر-2024.pdf,64d876fbba33a5fffe7990cf7c5af336bce1a55ed4a0a4974bfd88a4216f53b3
2024,11,2024-11,01,Food and Beverages,353.6,38.8,2008.0,stated,0,-0.1,,B,تقرير-حول-التضخم-والأرقام-القياسية-لأسعار-المستهلك-عن-شهر-نوفمبر-2024.pdf,64d876fbba33a5fffe7990cf7c5af336bce1a55ed4a0a4974bfd88a4216f53b3
2024,11,2024-11,02,Tobacco,266.2,0.7,2008.0,stated,0,0.0,,B,تقرير-حول-التضخم-والأرقام-القياسية-لأسعار-المستهلك-عن-شهر-نوفمبر-2024.pdf,64d876fbba33a5fffe7990cf7c5af336bce1a55ed4a0a4974bfd88a4216f53b3
2024,11,2024-11,03,Clothing and Footwear,456.8,6.4,2008.0,stated,0,0.0,,B,تقرير-حول-التضخم-والأرقام-القياسية-لأسعار-المستهلك-عن-شهر-نوفمبر-2024.pdf,64d876fbba33a5fffe7990cf7c5af336bce1a55ed4a0a4974bfd88a4216f53b3
2024,11,2024-11,04,"Housing, Water, Electricity and Other Fuels",195.3,22.7,2008.0,stated,0,-0.1,,B,تقرير-حول-التضخم-والأرقام-القياسية-لأسعار-المستهلك-عن-شهر-نوفمبر-2024.pdf,64d876fbba33a5fffe7990cf7c5af336bce1a55ed4a0a4974bfd88a4216f53b3
2024,11,2024-11,05,Furniture and Household Equipment,381.7,4.9,2008.0,stated,0,-0.03,,B,تقرير-حول-التضخم-والأرقام-القياسية-لأسعار-المستهلك-عن-شهر-نوفمبر-2024.pdf,64d876fbba33a5fffe7990cf7c5af336bce1a55ed4a0a4974bfd88a4216f53b3
2024,11,2024-11,06,Health,364.2,4.1,2008.0,stated,0,0.0,,B,تقرير-حول-التضخم-والأرقام-القياسية-لأسعار-المستهلك-عن-شهر-نوفمبر-2024.pdf,64d876fbba33a5fffe7990cf7c5af336bce1a55ed4a0a4974bfd88a4216f53b3
2024,11,2024-11,07,Transport,218.6,8.1,2008.0,stated,0,0.1,,B,تقرير-حول-التضخم-والأرقام-القياسية-لأسعار-المستهلك-عن-شهر-نوفمبر-2024.pdf,64d876fbba33a5fffe7990cf7c5af336bce1a55ed4a0a4974bfd88a4216f53b3
2024,11,2024-11,08,Communication,84.7,2.7,2008.0,stated,0,0.0,,B,تقرير-حول-التضخم-والأرقام-القياسية-لأسعار-المستهلك-عن-شهر-نوفمبر-2024.pdf,64d876fbba33a5fffe7990cf7c5af336bce1a55ed4a0a4974bfd88a4216f53b3
2024,11,2024-11,09,Recreation and Culture,215.8,2.8,2008.0,stated,0,-0.1,,B,تقرير-حول-التضخم-والأرقام-القياسية-لأسعار-المستهلك-عن-شهر-نوفمبر-2024.pdf,64d876fbba33a5fffe7990cf7c5af336bce1a55ed4a0a4974bfd88a4216f53b3
2024,11,2024-11,10,Education,383.0,4.0,2008.0,stated,0,0.0,,B,تقرير-حول-التضخم-والأرقام-القياسية-لأسعار-المستهلك-عن-شهر-نوفمبر-2024.pdf,64d876fbba33a5fffe7990cf7c5af336bce1a55ed4a0a4974bfd88a4216f53b3
2024,11,2024-11,11,Restaurants and Hotels,351.2,1.7,2008.0,stated,0,0.0,,B,تقرير-حول-التضخم-والأرقام-القياسية-لأسعار-المستهلك-عن-شهر-نوفمبر-2024.pdf,64d876fbba33a5fffe7990cf7c5af336bce1a55ed4a0a4974bfd88a4216f53b3
2024,11,2024-11,12,Miscellaneous Goods and Services,316.8,3.1,2008.0,stated,0,-0.1,,B,تقرير-حول-التضخم-والأرقام-القياسية-لأسعار-المستهلك-عن-شهر-نوفمبر-2024.pdf,64d876fbba33a5fffe7990cf7c5af336bce1a55ed4a0a4974bfd88a4216f53b3
2024,12,2024-12,00,General Index,303.7,100.0,2008.0,stated,0,0.1,,B,تقرير-حول-التضخم-والأرقام-القياسية-لأسعار-المستهلك-عن-شهر-ديسمبر-2024.pdf,dffbf3cd97890584eb7025fa0bb046084c49df53a9d936dd258bac420a024de0
2024,12,2024-12,01,Food and Beverages,353.9,38.8,2008.0,stated,0,0.1,,B,تقرير-حول-التضخم-والأرقام-القياسية-لأسعار-المستهلك-عن-شهر-ديسمبر-2024.pdf,dffbf3cd97890584eb7025fa0bb046084c49df53a9d936dd258bac420a024de0
2024,12,2024-12,02,Tobacco,266.2,0.7,2008.0,stated,0,0.0,,B,تقرير-حول-التضخم-والأرقام-القياسية-لأسعار-المستهلك-عن-شهر-ديسمبر-2024.pdf,dffbf3cd97890584eb7025fa0bb046084c49df53a9d936dd258bac420a024de0
2024,12,2024-12,03,Clothing and Footwear,457.0,6.4,2008.0,stated,0,0.04,,B,تقرير-حول-التضخم-والأرقام-القياسية-لأسعار-المستهلك-عن-شهر-ديسمبر-2024.pdf,dffbf3cd97890584eb7025fa0bb046084c49df53a9d936dd258bac420a024de0
2024,12,2024-12,04,"Housing, Water, Electricity and Other Fuels",195.2,22.7,2008.0,stated,0,-0.1,,B,تقرير-حول-التضخم-والأرقام-القياسية-لأسعار-المستهلك-عن-شهر-ديسمبر-2024.pdf,dffbf3cd97890584eb7025fa0bb046084c49df53a9d936dd258bac420a024de0
2024,12,2024-12,05,Furniture and Household Equipment,381.9,4.9,2008.0,stated,0,0.1,,B,تقرير-حول-التضخم-والأرقام-القياسية-لأسعار-المستهلك-عن-شهر-ديسمبر-2024.pdf,dffbf3cd97890584eb7025fa0bb046084c49df53a9d936dd258bac420a024de0
2024,12,2024-12,06,Health,364.5,4.1,2008.0,stated,0,0.1,,B,تقرير-حول-التضخم-والأرقام-القياسية-لأسعار-المستهلك-عن-شهر-ديسمبر-2024.pdf,dffbf3cd97890584eb7025fa0bb046084c49df53a9d936dd258bac420a024de0
2024,12,2024-12,07,Transport,218.6,8.1,2008.0,stated,0,0.0,,B,تقرير-حول-التضخم-والأرقام-القياسية-لأسعار-المستهلك-عن-شهر-ديسمبر-2024.pdf,dffbf3cd97890584eb7025fa0bb046084c49df53a9d936dd258bac420a024de0
2024,12,2024-12,08,Communication,84.8,2.7,2008.0,stated,0,0.1,,B,تقرير-حول-التضخم-والأرقام-القياسية-لأسعار-المستهلك-عن-شهر-ديسمبر-2024.pdf,dffbf3cd97890584eb7025fa0bb046084c49df53a9d936dd258bac420a024de0
2024,12,2024-12,09,Recreation and Culture,215.8,2.8,2008.0,stated,0,0.0,,B,تقرير-حول-التضخم-والأرقام-القياسية-لأسعار-المستهلك-عن-شهر-ديسمبر-2024.pdf,dffbf3cd97890584eb7025fa0bb046084c49df53a9d936dd258bac420a024de0
2024,12,2024-12,10,Education,383.0,4.0,2008.0,stated,0,0.0,,B,تقرير-حول-التضخم-والأرقام-القياسية-لأسعار-المستهلك-عن-شهر-ديسمبر-2024.pdf,dffbf3cd97890584eb7025fa0bb046084c49df53a9d936dd258bac420a024de0
2024,12,2024-12,11,Restaurants and Hotels,351.2,1.7,2008.0,stated,0,0.0,,B,تقرير-حول-التضخم-والأرقام-القياسية-لأسعار-المستهلك-عن-شهر-ديسمبر-2024.pdf,dffbf3cd97890584eb7025fa0bb046084c49df53a9d936dd258bac420a024de0
2024,12,2024-12,12,Miscellaneous Goods and Services,316.9,3.1,2008.0,stated,0,0.03,,B,تقرير-حول-التضخم-والأرقام-القياسية-لأسعار-المستهلك-عن-شهر-ديسمبر-2024.pdf,dffbf3cd97890584eb7025fa0bb046084c49df53a9d936dd258bac420a024de0
2025,1,2025-01,00,General Index,101.1,100.0,2024.0,stated,0,,,B,تقرير-حول-التضخم-والأرقام-القياسية-لأسعار-المستهلك-عن-شهر-فبراير-2025-مقارنة-بشهر-يناير-2025م.pdf,ec5866a9d38b2740e152d6170a83f82c7fba21ca2c276ccde09a0e86c021e7e6
2025,1,2025-01,01,Food and Beverages,102.0,40.39,2024.0,stated,0,,,B,تقرير-حول-التضخم-والأرقام-القياسية-لأسعار-المستهلك-عن-شهر-فبراير-2025-مقارنة-بشهر-يناير-2025م.pdf,ec5866a9d38b2740e152d6170a83f82c7fba21ca2c276ccde09a0e86c021e7e6
2025,1,2025-01,02,Tobacco,100.6,0.34,2024.0,stated,0,,,B,تقرير-حول-التضخم-والأرقام-القياسية-لأسعار-المستهلك-عن-شهر-فبراير-2025-مقارنة-بشهر-يناير-2025م.pdf,ec5866a9d38b2740e152d6170a83f82c7fba21ca2c276ccde09a0e86c021e7e6
2025,1,2025-01,03,Clothing and Footwear,99.3,10.25,2024.0,stated,0,,,B,تقرير-حول-التضخم-والأرقام-القياسية-لأسعار-المستهلك-عن-شهر-فبراير-2025-مقارنة-بشهر-يناير-2025م.pdf,ec5866a9d38b2740e152d6170a83f82c7fba21ca2c276ccde09a0e86c021e7e6
2025,1,2025-01,04,"Housing, Water, Electricity and Other Fuels",100.1,24.09,2024.0,stated,0,,,B,تقرير-حول-التضخم-والأرقام-القياسية-لأسعار-المستهلك-عن-شهر-فبراير-2025-مقارنة-بشهر-يناير-2025م.pdf,ec5866a9d38b2740e152d6170a83f82c7fba21ca2c276ccde09a0e86c021e7e6
2025,1,2025-01,05,Furniture and Household Equipment,99.8,5.07,2024.0,stated,0,,,B,تقرير-حول-التضخم-والأرقام-القياسية-لأسعار-المستهلك-عن-شهر-فبراير-2025-مقارنة-بشهر-يناير-2025م.pdf,ec5866a9d38b2740e152d6170a83f82c7fba21ca2c276ccde09a0e86c021e7e6
2025,1,2025-01,06,Health,101.9,4.03,2024.0,stated,0,,,B,تقرير-حول-التضخم-والأرقام-القياسية-لأسعار-المستهلك-عن-شهر-فبراير-2025-مقارنة-بشهر-يناير-2025م.pdf,ec5866a9d38b2740e152d6170a83f82c7fba21ca2c276ccde09a0e86c021e7e6
2025,1,2025-01,07,Transport,100.6,3.6,2024.0,stated,0,,,B,تقرير-حول-التضخم-والأرقام-القياسية-لأسعار-المستهلك-عن-شهر-فبراير-2025-مقارنة-بشهر-يناير-2025م.pdf,ec5866a9d38b2740e152d6170a83f82c7fba21ca2c276ccde09a0e86c021e7e6
2025,1,2025-01,08,Communication,101.4,4.06,2024.0,stated,0,,,B,تقرير-حول-التضخم-والأرقام-القياسية-لأسعار-المستهلك-عن-شهر-فبراير-2025-مقارنة-بشهر-يناير-2025م.pdf,ec5866a9d38b2740e152d6170a83f82c7fba21ca2c276ccde09a0e86c021e7e6
2025,1,2025-01,09,Recreation and Culture,100.6,0.88,2024.0,stated,0,,,B,تقرير-حول-التضخم-والأرقام-القياسية-لأسعار-المستهلك-عن-شهر-فبراير-2025-مقارنة-بشهر-يناير-2025م.pdf,ec5866a9d38b2740e152d6170a83f82c7fba21ca2c276ccde09a0e86c021e7e6
2025,1,2025-01,10,Education,101.9,4.06,2024.0,stated,0,,,B,تقرير-حول-التضخم-والأرقام-القياسية-لأسعار-المستهلك-عن-شهر-فبراير-2025-مقارنة-بشهر-يناير-2025م.pdf,ec5866a9d38b2740e152d6170a83f82c7fba21ca2c276ccde09a0e86c021e7e6
2025,1,2025-01,11,Restaurants and Hotels,101.3,0.64,2024.0,stated,0,,,B,تقرير-حول-التضخم-والأرقام-القياسية-لأسعار-المستهلك-عن-شهر-فبراير-2025-مقارنة-بشهر-يناير-2025م.pdf,ec5866a9d38b2740e152d6170a83f82c7fba21ca2c276ccde09a0e86c021e7e6
2025,1,2025-01,12,Miscellaneous Goods and Services,103.2,2.57,2024.0,stated,0,,,B,تقرير-حول-التضخم-والأرقام-القياسية-لأسعار-المستهلك-عن-شهر-فبراير-2025-مقارنة-بشهر-يناير-2025م.pdf,ec5866a9d38b2740e152d6170a83f82c7fba21ca2c276ccde09a0e86c021e7e6
2025,2,2025-02,00,General Index,101.2,100.0,2024.0,stated,0,0.1,,B,تقرير-حول-التضخم-والأرقام-القياسية-لأسعار-المستهلك-عن-شهر-فبراير-2025-مقارنة-بشهر-يناير-2025م.pdf,ec5866a9d38b2740e152d6170a83f82c7fba21ca2c276ccde09a0e86c021e7e6
2025,2,2025-02,01,Food and Beverages,102.2,40.39,2024.0,stated,0,0.2,,B,تقرير-حول-التضخم-والأرقام-القياسية-لأسعار-المستهلك-عن-شهر-فبراير-2025-مقارنة-بشهر-يناير-2025م.pdf,ec5866a9d38b2740e152d6170a83f82c7fba21ca2c276ccde09a0e86c021e7e6
2025,2,2025-02,02,Tobacco,100.7,0.34,2024.0,stated,0,0.1,,B,تقرير-حول-التضخم-والأرقام-القياسية-لأسعار-المستهلك-عن-شهر-فبراير-2025-مقارنة-بشهر-يناير-2025م.pdf,ec5866a9d38b2740e152d6170a83f82c7fba21ca2c276ccde09a0e86c021e7e6
2025,2,2025-02,03,Clothing and Footwear,99.5,10.25,2024.0,stated,0,0.2,,B,تقرير-حول-التضخم-والأرقام-القياسية-لأسعار-المستهلك-عن-شهر-فبراير-2025-مقارنة-بشهر-يناير-2025م.pdf,ec5866a9d38b2740e152d6170a83f82c7fba21ca2c276ccde09a0e86c021e7e6
2025,2,2025-02,04,"Housing, Water, Electricity and Other Fuels",100.2,24.09,2024.0,stated,0,0.1,,B,تقرير-حول-التضخم-والأرقام-القياسية-لأسعار-المستهلك-عن-شهر-فبراير-2025-مقارنة-بشهر-يناير-2025م.pdf,ec5866a9d38b2740e152d6170a83f82c7fba21ca2c276ccde09a0e86c021e7e6
2025,2,2025-02,05,Furniture and Household Equipment,100.0,5.07,2024.0,stated,0,0.2,,B,تقرير-حول-التضخم-والأرقام-القياسية-لأسعار-المستهلك-عن-شهر-فبراير-2025-مقارنة-بشهر-يناير-2025م.pdf,ec5866a9d38b2740e152d6170a83f82c7fba21ca2c276ccde09a0e86c021e7e6
2025,2,2025-02,06,Health,102.0,4.03,2024.0,stated,0,0.1,,B,تقرير-حول-التضخم-والأرقام-القياسية-لأسعار-المستهلك-عن-شهر-فبراير-2025-مقارنة-بشهر-يناير-2025م.pdf,ec5866a9d38b2740e152d6170a83f82c7fba21ca2c276ccde09a0e86c021e7e6
2025,2,2025-02,07,Transport,100.7,3.6,2024.0,stated,0,0.1,,B,تقرير-حول-التضخم-والأرقام-القياسية-لأسعار-المستهلك-عن-شهر-فبراير-2025-مقارنة-بشهر-يناير-2025م.pdf,ec5866a9d38b2740e152d6170a83f82c7fba21ca2c276ccde09a0e86c021e7e6
2025,2,2025-02,08,Communication,101.4,4.06,2024.0,stated,0,0.0,,B,تقرير-حول-التضخم-والأرقام-القياسية-لأسعار-المستهلك-عن-شهر-فبراير-2025-مقارنة-بشهر-يناير-2025م.pdf,ec5866a9d38b2740e152d6170a83f82c7fba21ca2c276ccde09a0e86c021e7e6
2025,2,2025-02,09,Recreation and Culture,100.8,0.88,2024.0,stated,0,0.2,,B,تقرير-حول-التضخم-والأرقام-القياسية-لأسعار-المستهلك-عن-شهر-فبراير-2025-مقارنة-بشهر-يناير-2025م.pdf,ec5866a9d38b2740e152d6170a83f82c7fba21ca2c276ccde09a0e86c021e7e6
2025,2,2025-02,10,Education,101.9,4.06,2024.0,stated,0,0.0,,B,تقرير-حول-التضخم-والأرقام-القياسية-لأسعار-المستهلك-عن-شهر-فبراير-2025-مقارنة-بشهر-يناير-2025م.pdf,ec5866a9d38b2740e152d6170a83f82c7fba21ca2c276ccde09a0e86c021e7e6
2025,2,2025-02,11,Restaurants and Hotels,101.3,0.64,2024.0,stated,0,0.0,,B,تقرير-حول-التضخم-والأرقام-القياسية-لأسعار-المستهلك-عن-شهر-فبراير-2025-مقارنة-بشهر-يناير-2025م.pdf,ec5866a9d38b2740e152d6170a83f82c7fba21ca2c276ccde09a0e86c021e7e6
2025,2,2025-02,12,Miscellaneous Goods and Services,103.4,2.57,2024.0,stated,0,0.2,,B,تقرير-حول-التضخم-والأرقام-القياسية-لأسعار-المستهلك-عن-شهر-فبراير-2025-مقارنة-بشهر-يناير-2025م.pdf,ec5866a9d38b2740e152d6170a83f82c7fba21ca2c276ccde09a0e86c021e7e6
2025,3,2025-03,00,General Index,101.4,100.0,2024.0,stated,0,0.2,,B,تقرير-حول-التضخم-والأرقام-القياسية-لأسعار-المستهلك-عن-شهر-مارس-2025.pdf,89411126def9cd536a89daedff5080d07910615c06f74274d7b1677c6e2864c8
2025,3,2025-03,01,Food and Beverages,102.3,40.39,2024.0,stated,0,0.1,,B,تقرير-حول-التضخم-والأرقام-القياسية-لأسعار-المستهلك-عن-شهر-مارس-2025.pdf,89411126def9cd536a89daedff5080d07910615c06f74274d7b1677c6e2864c8
2025,3,2025-03,02,Tobacco,100.7,0.34,2024.0,stated,0,0.0,,B,تقرير-حول-التضخم-والأرقام-القياسية-لأسعار-المستهلك-عن-شهر-مارس-2025.pdf,89411126def9cd536a89daedff5080d07910615c06f74274d7b1677c6e2864c8
2025,3,2025-03,03,Clothing and Footwear,99.7,10.25,2024.0,stated,0,0.2,,B,تقرير-حول-التضخم-والأرقام-القياسية-لأسعار-المستهلك-عن-شهر-مارس-2025.pdf,89411126def9cd536a89daedff5080d07910615c06f74274d7b1677c6e2864c8
2025,3,2025-03,04,"Housing, Water, Electricity and Other Fuels",100.3,24.09,2024.0,stated,0,0.1,,B,تقرير-حول-التضخم-والأرقام-القياسية-لأسعار-المستهلك-عن-شهر-مارس-2025.pdf,89411126def9cd536a89daedff5080d07910615c06f74274d7b1677c6e2864c8
2025,3,2025-03,05,Furniture and Household Equipment,100.1,5.07,2024.0,stated,0,0.1,,B,تقرير-حول-التضخم-والأرقام-القياسية-لأسعار-المستهلك-عن-شهر-مارس-2025.pdf,89411126def9cd536a89daedff5080d07910615c06f74274d7b1677c6e2864c8
2025,3,2025-03,06,Health,102.1,4.03,2024.0,stated,0,0.1,,B,تقرير-حول-التضخم-والأرقام-القياسية-لأسعار-المستهلك-عن-شهر-مارس-2025.pdf,89411126def9cd536a89daedff5080d07910615c06f74274d7b1677c6e2864c8
2025,3,2025-03,07,Transport,100.8,3.6,2024.0,stated,0,0.1,,B,تقرير-حول-التضخم-والأرقام-القياسية-لأسعار-المستهلك-عن-شهر-مارس-2025.pdf,89411126def9cd536a89daedff5080d07910615c06f74274d7b1677c6e2864c8
2025,3,2025-03,08,Communication,101.4,4.06,2024.0,stated,0,0.0,,B,تقرير-حول-التضخم-والأرقام-القياسية-لأسعار-المستهلك-عن-شهر-مارس-2025.pdf,89411126def9cd536a89daedff5080d07910615c06f74274d7b1677c6e2864c8
2025,3,2025-03,09,Recreation and Culture,100.8,0.88,2024.0,stated,0,0.0,,B,تقرير-حول-التضخم-والأرقام-القياسية-لأسعار-المستهلك-عن-شهر-مارس-2025.pdf,89411126def9cd536a89daedff5080d07910615c06f74274d7b1677c6e2864c8
2025,3,2025-03,10,Education,101.9,4.06,2024.0,stated,0,0.0,,B,تقرير-حول-التضخم-والأرقام-القياسية-لأسعار-المستهلك-عن-شهر-مارس-2025.pdf,89411126def9cd536a89daedff5080d07910615c06f74274d7b1677c6e2864c8
2025,3,2025-03,11,Restaurants and Hotels,101.3,0.64,2024.0,stated,0,0.0,,B,تقرير-حول-التضخم-والأرقام-القياسية-لأسعار-المستهلك-عن-شهر-مارس-2025.pdf,89411126def9cd536a89daedff5080d07910615c06f74274d7b1677c6e2864c8
2025,3,2025-03,12,Miscellaneous Goods and Services,103.5,2.57,2024.0,stated,0,0.1,,B,تقرير-حول-التضخم-والأرقام-القياسية-لأسعار-المستهلك-عن-شهر-مارس-2025.pdf,89411126def9cd536a89daedff5080d07910615c06f74274d7b1677c6e2864c8
2025,4,2025-04,00,General Index,101.5,100.0,2024.0,stated,0,,,B,تقرير-حول-التضخم-والأرقام-القياسية-لأسعار-المستهلك-عن-شهرمايو-2025.pdf,ae5c4367df75313c7467422aa9f4bafbe062e5d553022caba09f29f9b18096ac
2025,4,2025-04,01,Food and Beverages,102.5,40.39,2024.0,stated,0,,,B,تقرير-حول-التضخم-والأرقام-القياسية-لأسعار-المستهلك-عن-شهرمايو-2025.pdf,ae5c4367df75313c7467422aa9f4bafbe062e5d553022caba09f29f9b18096ac
2025,4,2025-04,02,Tobacco,100.7,0.34,2024.0,stated,0,,,B,تقرير-حول-التضخم-والأرقام-القياسية-لأسعار-المستهلك-عن-شهرمايو-2025.pdf,ae5c4367df75313c7467422aa9f4bafbe062e5d553022caba09f29f9b18096ac
2025,4,2025-04,03,Clothing and Footwear,99.9,10.25,2024.0,stated,0,,,B,تقرير-حول-التضخم-والأرقام-القياسية-لأسعار-المستهلك-عن-شهرمايو-2025.pdf,ae5c4367df75313c7467422aa9f4bafbe062e5d553022caba09f29f9b18096ac
2025,4,2025-04,04,"Housing, Water, Electricity and Other Fuels",100.4,24.09,2024.0,stated,0,,,B,تقرير-حول-التضخم-والأرقام-القياسية-لأسعار-المستهلك-عن-شهرمايو-2025.pdf,ae5c4367df75313c7467422aa9f4bafbe062e5d553022caba09f29f9b18096ac
2025,4,2025-04,05,Furniture and Household Equipment,100.2,5.07,2024.0,stated,0,,,B,تقرير-حول-التضخم-والأرقام-القياسية-لأسعار-المستهلك-عن-شهرمايو-2025.pdf,ae5c4367df75313c7467422aa9f4bafbe062e5d553022caba09f29f9b18096ac
2025,4,2025-04,06,Health,102.2,4.03,2024.0,stated,0,,,B,تقرير-حول-التضخم-والأرقام-القياسية-لأسعار-المستهلك-عن-شهرمايو-2025.pdf,ae5c4367df75313c7467422aa9f4bafbe062e5d553022caba09f29f9b18096ac
2025,4,2025-04,07,Transport,100.9,3.6,2024.0,stated,0,,,B,تقرير-حول-التضخم-والأرقام-القياسية-لأسعار-المستهلك-عن-شهرمايو-2025.pdf,ae5c4367df75313c7467422aa9f4bafbe062e5d553022caba09f29f9b18096ac
2025,4,2025-04,08,Communication,101.5,4.06,2024.0,stated,0,,,B,تقرير-حول-التضخم-والأرقام-القياسية-لأسعار-المستهلك-عن-شهرمايو-2025.pdf,ae5c4367df75313c7467422aa9f4bafbe062e5d553022caba09f29f9b18096ac
2025,4,2025-04,09,Recreation and Culture,100.9,0.88,2024.0,stated,0,,,B,تقرير-حول-التضخم-والأرقام-القياسية-لأسعار-المستهلك-عن-شهرمايو-2025.pdf,ae5c4367df75313c7467422aa9f4bafbe062e5d553022caba09f29f9b18096ac
2025,4,2025-04,10,Education,101.9,4.06,2024.0,stated,0,,,B,تقرير-حول-التضخم-والأرقام-القياسية-لأسعار-المستهلك-عن-شهرمايو-2025.pdf,ae5c4367df75313c7467422aa9f4bafbe062e5d553022caba09f29f9b18096ac
2025,4,2025-04,11,Restaurants and Hotels,101.3,0.64,2024.0,stated,0,,,B,تقرير-حول-التضخم-والأرقام-القياسية-لأسعار-المستهلك-عن-شهرمايو-2025.pdf,ae5c4367df75313c7467422aa9f4bafbe062e5d553022caba09f29f9b18096ac
2025,4,2025-04,12,Miscellaneous Goods and Services,103.6,2.57,2024.0,stated,0,,,B,تقرير-حول-التضخم-والأرقام-القياسية-لأسعار-المستهلك-عن-شهرمايو-2025.pdf,ae5c4367df75313c7467422aa9f4bafbe062e5d553022caba09f29f9b18096ac
2025,5,2025-05,00,General Index,101.6,100.0,2024.0,stated,0,0.1,,B,تقرير-حول-التضخم-والأرقام-القياسية-لأسعار-المستهلك-عن-شهرمايو-2025.pdf,ae5c4367df75313c7467422aa9f4bafbe062e5d553022caba09f29f9b18096ac
2025,5,2025-05,01,Food and Beverages,102.6,40.39,2024.0,stated,0,0.1,,B,تقرير-حول-التضخم-والأرقام-القياسية-لأسعار-المستهلك-عن-شهرمايو-2025.pdf,ae5c4367df75313c7467422aa9f4bafbe062e5d553022caba09f29f9b18096ac
2025,5,2025-05,02,Tobacco,100.7,0.34,2024.0,stated,0,0.0,,B,تقرير-حول-التضخم-والأرقام-القياسية-لأسعار-المستهلك-عن-شهرمايو-2025.pdf,ae5c4367df75313c7467422aa9f4bafbe062e5d553022caba09f29f9b18096ac
2025,5,2025-05,03,Clothing and Footwear,100.0,10.25,2024.0,stated,0,0.1,,B,تقرير-حول-التضخم-والأرقام-القياسية-لأسعار-المستهلك-عن-شهرمايو-2025.pdf,ae5c4367df75313c7467422aa9f4bafbe062e5d553022caba09f29f9b18096ac
2025,5,2025-05,04,"Housing, Water, Electricity and Other Fuels",100.5,24.09,2024.0,stated,0,0.1,,B,تقرير-حول-التضخم-والأرقام-القياسية-لأسعار-المستهلك-عن-شهرمايو-2025.pdf,ae5c4367df75313c7467422aa9f4bafbe062e5d553022caba09f29f9b18096ac
2025,5,2025-05,05,Furniture and Household Equipment,100.3,5.07,2024.0,stated,0,0.1,,B,تقرير-حول-التضخم-والأرقام-القياسية-لأسعار-المستهلك-عن-شهرمايو-2025.pdf,ae5c4367df75313c7467422aa9f4bafbe062e5d553022caba09f29f9b18096ac
2025,5,2025-05,06,Health,102.3,4.03,2024.0,stated,0,0.1,,B,تقرير-حول-التضخم-والأرقام-القياسية-لأسعار-المستهلك-عن-شهرمايو-2025.pdf,ae5c4367df75313c7467422aa9f4bafbe062e5d553022caba09f29f9b18096ac
2025,5,2025-05,07,Transport,100.9,3.6,2024.0,stated,0,0.0,,B,تقرير-حول-التضخم-والأرقام-القياسية-لأسعار-المستهلك-عن-شهرمايو-2025.pdf,ae5c4367df75313c7467422aa9f4bafbe062e5d553022caba09f29f9b18096ac
2025,5,2025-05,08,Communication,101.5,4.06,2024.0,stated,0,0.0,,B,تقرير-حول-التضخم-والأرقام-القياسية-لأسعار-المستهلك-عن-شهرمايو-2025.pdf,ae5c4367df75313c7467422aa9f4bafbe062e5d553022caba09f29f9b18096ac
2025,5,2025-05,09,Recreation and Culture,101.0,0.88,2024.0,stated,0,0.1,,B,تقرير-حول-التضخم-والأرقام-القياسية-لأسعار-المستهلك-عن-شهرمايو-2025.pdf,ae5c4367df75313c7467422aa9f4bafbe062e5d553022caba09f29f9b18096ac
2025,5,2025-05,10,Education,101.9,4.06,2024.0,stated,0,0.0,,B,تقرير-حول-التضخم-والأرقام-القياسية-لأسعار-المستهلك-عن-شهرمايو-2025.pdf,ae5c4367df75313c7467422aa9f4bafbe062e5d553022caba09f29f9b18096ac
2025,5,2025-05,11,Restaurants and Hotels,101.3,0.64,2024.0,stated,0,0.0,,B,تقرير-حول-التضخم-والأرقام-القياسية-لأسعار-المستهلك-عن-شهرمايو-2025.pdf,ae5c4367df75313c7467422aa9f4bafbe062e5d553022caba09f29f9b18096ac
2025,5,2025-05,12,Miscellaneous Goods and Services,103.7,2.57,2024.0,stated,0,0.1,,B,تقرير-حول-التضخم-والأرقام-القياسية-لأسعار-المستهلك-عن-شهرمايو-2025.pdf,ae5c4367df75313c7467422aa9f4bafbe062e5d553022caba09f29f9b18096ac
2025,6,2025-06,00,General Index,101.7,100.0,2024.0,stated,0,0.1,,B,تقرير-حول-التضخم-والأرقام-القياسية-لأسعار-المستهلك-عن-شهريونيو-2025.pdf,ba1525aa3faeb5b3872ed43388e623ba412c3aaef59518dbf1c9ab2729a6c8fc
2025,6,2025-06,01,Food and Beverages,102.7,40.39,2024.0,stated,0,0.1,,B,تقرير-حول-التضخم-والأرقام-القياسية-لأسعار-المستهلك-عن-شهريونيو-2025.pdf,ba1525aa3faeb5b3872ed43388e623ba412c3aaef59518dbf1c9ab2729a6c8fc
2025,6,2025-06,02,Tobacco,100.7,0.34,2024.0,stated,0,0.0,,B,تقرير-حول-التضخم-والأرقام-القياسية-لأسعار-المستهلك-عن-شهريونيو-2025.pdf,ba1525aa3faeb5b3872ed43388e623ba412c3aaef59518dbf1c9ab2729a6c8fc
2025,6,2025-06,03,Clothing and Footwear,100.1,10.25,2024.0,stated,0,0.1,,B,تقرير-حول-التضخم-والأرقام-القياسية-لأسعار-المستهلك-عن-شهريونيو-2025.pdf,ba1525aa3faeb5b3872ed43388e623ba412c3aaef59518dbf1c9ab2729a6c8fc
2025,6,2025-06,04,"Housing, Water, Electricity and Other Fuels",100.6,24.09,2024.0,stated,0,0.1,,B,تقرير-حول-التضخم-والأرقام-القياسية-لأسعار-المستهلك-عن-شهريونيو-2025.pdf,ba1525aa3faeb5b3872ed43388e623ba412c3aaef59518dbf1c9ab2729a6c8fc
2025,6,2025-06,05,Furniture and Household Equipment,100.4,5.07,2024.0,stated,0,0.1,,B,تقرير-حول-التضخم-والأرقام-القياسية-لأسعار-المستهلك-عن-شهريونيو-2025.pdf,ba1525aa3faeb5b3872ed43388e623ba412c3aaef59518dbf1c9ab2729a6c8fc
2025,6,2025-06,06,Health,102.4,4.03,2024.0,stated,0,0.1,,B,تقرير-حول-التضخم-والأرقام-القياسية-لأسعار-المستهلك-عن-شهريونيو-2025.pdf,ba1525aa3faeb5b3872ed43388e623ba412c3aaef59518dbf1c9ab2729a6c8fc
2025,6,2025-06,07,Transport,101.0,3.6,2024.0,stated,0,0.1,,B,تقرير-حول-التضخم-والأرقام-القياسية-لأسعار-المستهلك-عن-شهريونيو-2025.pdf,ba1525aa3faeb5b3872ed43388e623ba412c3aaef59518dbf1c9ab2729a6c8fc
2025,6,2025-06,08,Communication,101.6,4.06,2024.0,stated,0,0.1,,B,تقرير-حول-التضخم-والأرقام-القياسية-لأسعار-المستهلك-عن-شهريونيو-2025.pdf,ba1525aa3faeb5b3872ed43388e623ba412c3aaef59518dbf1c9ab2729a6c8fc
2025,6,2025-06,09,Recreation and Culture,101.0,0.88,2024.0,stated,0,0.0,,B,تقرير-حول-التضخم-والأرقام-القياسية-لأسعار-المستهلك-عن-شهريونيو-2025.pdf,ba1525aa3faeb5b3872ed43388e623ba412c3aaef59518dbf1c9ab2729a6c8fc
2025,6,2025-06,10,Education,101.9,4.06,2024.0,stated,0,0.0,,B,تقرير-حول-التضخم-والأرقام-القياسية-لأسعار-المستهلك-عن-شهريونيو-2025.pdf,ba1525aa3faeb5b3872ed43388e623ba412c3aaef59518dbf1c9ab2729a6c8fc
2025,6,2025-06,11,Restaurants and Hotels,101.3,0.64,2024.0,stated,0,0.0,,B,تقرير-حول-التضخم-والأرقام-القياسية-لأسعار-المستهلك-عن-شهريونيو-2025.pdf,ba1525aa3faeb5b3872ed43388e623ba412c3aaef59518dbf1c9ab2729a6c8fc
2025,6,2025-06,12,Miscellaneous Goods and Services,103.8,2.57,2024.0,stated,0,0.1,,B,تقرير-حول-التضخم-والأرقام-القياسية-لأسعار-المستهلك-عن-شهريونيو-2025.pdf,ba1525aa3faeb5b3872ed43388e623ba412c3aaef59518dbf1c9ab2729a6c8fc
2025,7,2025-07,00,General Index,101.8,100.0,2024.0,stated,0,0.1,,B,تقرير-حول-التضخم-والأرقام-القياسية-لأسعار-المستهلك-عن-شهريوليو-2025.pdf,e95d3abd9824011ec32e9eb5c723b659d6bf74c6ed0efb722b31d81f04590da2
2025,7,2025-07,01,Food and Beverages,102.9,40.39,2024.0,stated,0,0.2,,B,تقرير-حول-التضخم-والأرقام-القياسية-لأسعار-المستهلك-عن-شهريوليو-2025.pdf,e95d3abd9824011ec32e9eb5c723b659d6bf74c6ed0efb722b31d81f04590da2
2025,7,2025-07,02,Tobacco,100.8,0.34,2024.0,stated,0,0.1,,B,تقرير-حول-التضخم-والأرقام-القياسية-لأسعار-المستهلك-عن-شهريوليو-2025.pdf,e95d3abd9824011ec32e9eb5c723b659d6bf74c6ed0efb722b31d81f04590da2
2025,7,2025-07,03,Clothing and Footwear,100.2,10.25,2024.0,stated,0,0.1,,B,تقرير-حول-التضخم-والأرقام-القياسية-لأسعار-المستهلك-عن-شهريوليو-2025.pdf,e95d3abd9824011ec32e9eb5c723b659d6bf74c6ed0efb722b31d81f04590da2
2025,7,2025-07,04,"Housing, Water, Electricity and Other Fuels",100.8,24.09,2024.0,stated,0,0.2,,B,تقرير-حول-التضخم-والأرقام-القياسية-لأسعار-المستهلك-عن-شهريوليو-2025.pdf,e95d3abd9824011ec32e9eb5c723b659d6bf74c6ed0efb722b31d81f04590da2
2025,7,2025-07,05,Furniture and Household Equipment,100.5,5.07,2024.0,stated,0,0.1,,B,تقرير-حول-التضخم-والأرقام-القياسية-لأسعار-المستهلك-عن-شهريوليو-2025.pdf,e95d3abd9824011ec32e9eb5c723b659d6bf74c6ed0efb722b31d81f04590da2
2025,7,2025-07,06,Health,102.5,4.03,2024.0,stated,0,0.1,,B,تقرير-حول-التضخم-والأرقام-القياسية-لأسعار-المستهلك-عن-شهريوليو-2025.pdf,e95d3abd9824011ec32e9eb5c723b659d6bf74c6ed0efb722b31d81f04590da2
2025,7,2025-07,07,Transport,101.1,3.6,2024.0,stated,0,0.1,,B,تقرير-حول-التضخم-والأرقام-القياسية-لأسعار-المستهلك-عن-شهريوليو-2025.pdf,e95d3abd9824011ec32e9eb5c723b659d6bf74c6ed0efb722b31d81f04590da2
2025,7,2025-07,08,Communication,101.6,4.06,2024.0,stated,0,0.0,,B,تقرير-حول-التضخم-والأرقام-القياسية-لأسعار-المستهلك-عن-شهريوليو-2025.pdf,e95d3abd9824011ec32e9eb5c723b659d6bf74c6ed0efb722b31d81f04590da2
2025,7,2025-07,09,Recreation and Culture,101.1,0.88,2024.0,stated,0,0.1,,B,تقرير-حول-التضخم-والأرقام-القياسية-لأسعار-المستهلك-عن-شهريوليو-2025.pdf,e95d3abd9824011ec32e9eb5c723b659d6bf74c6ed0efb722b31d81f04590da2
2025,7,2025-07,10,Education,101.9,4.06,2024.0,stated,0,0.0,,B,تقرير-حول-التضخم-والأرقام-القياسية-لأسعار-المستهلك-عن-شهريوليو-2025.pdf,e95d3abd9824011ec32e9eb5c723b659d6bf74c6ed0efb722b31d81f04590da2
2025,7,2025-07,11,Restaurants and Hotels,101.3,0.64,2024.0,stated,0,0.0,,B,تقرير-حول-التضخم-والأرقام-القياسية-لأسعار-المستهلك-عن-شهريوليو-2025.pdf,e95d3abd9824011ec32e9eb5c723b659d6bf74c6ed0efb722b31d81f04590da2
2025,7,2025-07,12,Miscellaneous Goods and Services,103.9,2.57,2024.0,stated,0,0.1,,B,تقرير-حول-التضخم-والأرقام-القياسية-لأسعار-المستهلك-عن-شهريوليو-2025.pdf,e95d3abd9824011ec32e9eb5c723b659d6bf74c6ed0efb722b31d81f04590da2
2025,8,2025-08,00,General Index,102.0,100.0,2024.0,stated,0,0.2,,B,تقرير-حول-التضخم-والأرقام-القياسية-لأسعار-المستهلك-عن-شهر-أغسطس-2025-1.pdf,59d7b516386719f4ca9ca4f9981d3435f12851a07a38441804db9cc319e9b66a
2025,8,2025-08,01,Food and Beverages,103.1,40.39,2024.0,stated,0,0.2,,B,تقرير-حول-التضخم-والأرقام-القياسية-لأسعار-المستهلك-عن-شهر-أغسطس-2025-1.pdf,59d7b516386719f4ca9ca4f9981d3435f12851a07a38441804db9cc319e9b66a
2025,8,2025-08,02,Tobacco,100.9,0.34,2024.0,stated,0,0.1,,B,تقرير-حول-التضخم-والأرقام-القياسية-لأسعار-المستهلك-عن-شهر-أغسطس-2025-1.pdf,59d7b516386719f4ca9ca4f9981d3435f12851a07a38441804db9cc319e9b66a
2025,8,2025-08,03,Clothing and Footwear,100.3,10.25,2024.0,stated,0,0.1,,B,تقرير-حول-التضخم-والأرقام-القياسية-لأسعار-المستهلك-عن-شهر-أغسطس-2025-1.pdf,59d7b516386719f4ca9ca4f9981d3435f12851a07a38441804db9cc319e9b66a
2025,8,2025-08,04,"Housing, Water, Electricity and Other Fuels",100.9,24.09,2024.0,stated,0,0.1,,B,تقرير-حول-التضخم-والأرقام-القياسية-لأسعار-المستهلك-عن-شهر-أغسطس-2025-1.pdf,59d7b516386719f4ca9ca4f9981d3435f12851a07a38441804db9cc319e9b66a
2025,8,2025-08,05,Furniture and Household Equipment,100.6,5.07,2024.0,stated,0,0.1,,B,تقرير-حول-التضخم-والأرقام-القياسية-لأسعار-المستهلك-عن-شهر-أغسطس-2025-1.pdf,59d7b516386719f4ca9ca4f9981d3435f12851a07a38441804db9cc319e9b66a
2025,8,2025-08,06,Health,102.5,4.03,2024.0,stated,0,0.0,,B,تقرير-حول-التضخم-والأرقام-القياسية-لأسعار-المستهلك-عن-شهر-أغسطس-2025-1.pdf,59d7b516386719f4ca9ca4f9981d3435f12851a07a38441804db9cc319e9b66a
2025,8,2025-08,07,Transport,101.2,3.6,2024.0,stated,0,0.1,,B,تقرير-حول-التضخم-والأرقام-القياسية-لأسعار-المستهلك-عن-شهر-أغسطس-2025-1.pdf,59d7b516386719f4ca9ca4f9981d3435f12851a07a38441804db9cc319e9b66a
2025,8,2025-08,08,Communication,101.7,4.06,2024.0,stated,0,0.1,,B,تقرير-حول-التضخم-والأرقام-القياسية-لأسعار-المستهلك-عن-شهر-أغسطس-2025-1.pdf,59d7b516386719f4ca9ca4f9981d3435f12851a07a38441804db9cc319e9b66a
2025,8,2025-08,09,Recreation and Culture,101.1,0.88,2024.0,stated,0,0.0,,B,تقرير-حول-التضخم-والأرقام-القياسية-لأسعار-المستهلك-عن-شهر-أغسطس-2025-1.pdf,59d7b516386719f4ca9ca4f9981d3435f12851a07a38441804db9cc319e9b66a
2025,8,2025-08,10,Education,101.9,4.06,2024.0,stated,0,0.0,,B,تقرير-حول-التضخم-والأرقام-القياسية-لأسعار-المستهلك-عن-شهر-أغسطس-2025-1.pdf,59d7b516386719f4ca9ca4f9981d3435f12851a07a38441804db9cc319e9b66a
2025,8,2025-08,11,Restaurants and Hotels,101.3,0.64,2024.0,stated,0,0.0,,B,تقرير-حول-التضخم-والأرقام-القياسية-لأسعار-المستهلك-عن-شهر-أغسطس-2025-1.pdf,59d7b516386719f4ca9ca4f9981d3435f12851a07a38441804db9cc319e9b66a
2025,8,2025-08,12,Miscellaneous Goods and Services,104.1,2.57,2024.0,stated,0,0.2,,B,تقرير-حول-التضخم-والأرقام-القياسية-لأسعار-المستهلك-عن-شهر-أغسطس-2025-1.pdf,59d7b516386719f4ca9ca4f9981d3435f12851a07a38441804db9cc319e9b66a
2025,9,2025-09,00,General Index,102.1,100.0,2024.0,stated,0,0.1,,B,تقرير-حول-التضخم-والأرقام-القياسية-لأسعار-المستهلك-عن-شهر-سبتمبر-2025.pdf,0cb218abefec830fa4df07a51b66b7fc2790298ae58999f3e3c88c51f75f890e
2025,9,2025-09,01,Food and Beverages,103.3,40.39,2024.0,stated,0,0.2,,B,تقرير-حول-التضخم-والأرقام-القياسية-لأسعار-المستهلك-عن-شهر-سبتمبر-2025.pdf,0cb218abefec830fa4df07a51b66b7fc2790298ae58999f3e3c88c51f75f890e
2025,9,2025-09,02,Tobacco,100.9,0.34,2024.0,stated,0,0.0,,B,تقرير-حول-التضخم-والأرقام-القياسية-لأسعار-المستهلك-عن-شهر-سبتمبر-2025.pdf,0cb218abefec830fa4df07a51b66b7fc2790298ae58999f3e3c88c51f75f890e
2025,9,2025-09,03,Clothing and Footwear,100.5,10.25,2024.0,stated,0,0.2,,B,تقرير-حول-التضخم-والأرقام-القياسية-لأسعار-المستهلك-عن-شهر-سبتمبر-2025.pdf,0cb218abefec830fa4df07a51b66b7fc2790298ae58999f3e3c88c51f75f890e
2025,9,2025-09,04,"Housing, Water, Electricity and Other Fuels",101.0,24.09,2024.0,stated,0,0.1,,B,تقرير-حول-التضخم-والأرقام-القياسية-لأسعار-المستهلك-عن-شهر-سبتمبر-2025.pdf,0cb218abefec830fa4df07a51b66b7fc2790298ae58999f3e3c88c51f75f890e
2025,9,2025-09,05,Furniture and Household Equipment,100.7,5.07,2024.0,stated,0,0.1,,B,تقرير-حول-التضخم-والأرقام-القياسية-لأسعار-المستهلك-عن-شهر-سبتمبر-2025.pdf,0cb218abefec830fa4df07a51b66b7fc2790298ae58999f3e3c88c51f75f890e
2025,9,2025-09,06,Health,102.7,4.03,2024.0,stated,0,0.2,,B,تقرير-حول-التضخم-والأرقام-القياسية-لأسعار-المستهلك-عن-شهر-سبتمبر-2025.pdf,0cb218abefec830fa4df07a51b66b7fc2790298ae58999f3e3c88c51f75f890e
2025,9,2025-09,07,Transport,101.3,3.6,2024.0,stated,0,0.1,,B,تقرير-حول-التضخم-والأرقام-القياسية-لأسعار-المستهلك-عن-شهر-سبتمبر-2025.pdf,0cb218abefec830fa4df07a51b66b7fc2790298ae58999f3e3c88c51f75f890e
2025,9,2025-09,08,Communication,101.7,4.06,2024.0,stated,0,0.0,,B,تقرير-حول-التضخم-والأرقام-القياسية-لأسعار-المستهلك-عن-شهر-سبتمبر-2025.pdf,0cb218abefec830fa4df07a51b66b7fc2790298ae58999f3e3c88c51f75f890e
2025,9,2025-09,09,Recreation and Culture,101.3,0.88,2024.0,stated,0,0.2,,B,تقرير-حول-التضخم-والأرقام-القياسية-لأسعار-المستهلك-عن-شهر-سبتمبر-2025.pdf,0cb218abefec830fa4df07a51b66b7fc2790298ae58999f3e3c88c51f75f890e
2025,9,2025-09,10,Education,102.1,4.06,2024.0,stated,0,0.2,,B,تقرير-حول-التضخم-والأرقام-القياسية-لأسعار-المستهلك-عن-شهر-سبتمبر-2025.pdf,0cb218abefec830fa4df07a51b66b7fc2790298ae58999f3e3c88c51f75f890e
2025,9,2025-09,11,Restaurants and Hotels,101.3,0.64,2024.0,stated,0,0.0,,B,تقرير-حول-التضخم-والأرقام-القياسية-لأسعار-المستهلك-عن-شهر-سبتمبر-2025.pdf,0cb218abefec830fa4df07a51b66b7fc2790298ae58999f3e3c88c51f75f890e
2025,9,2025-09,12,Miscellaneous Goods and Services,104.2,2.57,2024.0,stated,0,0.1,,B,تقرير-حول-التضخم-والأرقام-القياسية-لأسعار-المستهلك-عن-شهر-سبتمبر-2025.pdf,0cb218abefec830fa4df07a51b66b7fc2790298ae58999f3e3c88c51f75f890e
2025,10,2025-10,00,General Index,102.3,100.0,2024.0,stated,0,0.2,,B,تقرير-حول-التضخم-والأرقام-القياسية-لأسعار-المستهلك-عن-شهر-أكتوبر-2025-1.pdf,c7b66726a9c6ca2719c353937dc52d6a74610927aaab3ced98086ef9d780dd18
2025,10,2025-10,01,Food and Beverages,103.6,40.39,2024.0,stated,0,0.3,,B,تقرير-حول-التضخم-والأرقام-القياسية-لأسعار-المستهلك-عن-شهر-أكتوبر-2025-1.pdf,c7b66726a9c6ca2719c353937dc52d6a74610927aaab3ced98086ef9d780dd18
2025,10,2025-10,02,Tobacco,100.9,0.34,2024.0,stated,0,0.0,,B,تقرير-حول-التضخم-والأرقام-القياسية-لأسعار-المستهلك-عن-شهر-أكتوبر-2025-1.pdf,c7b66726a9c6ca2719c353937dc52d6a74610927aaab3ced98086ef9d780dd18
2025,10,2025-10,03,Clothing and Footwear,100.6,10.25,2024.0,stated,0,0.1,,B,تقرير-حول-التضخم-والأرقام-القياسية-لأسعار-المستهلك-عن-شهر-أكتوبر-2025-1.pdf,c7b66726a9c6ca2719c353937dc52d6a74610927aaab3ced98086ef9d780dd18
2025,10,2025-10,04,"Housing, Water, Electricity and Other Fuels",101.1,24.09,2024.0,stated,0,0.1,,B,تقرير-حول-التضخم-والأرقام-القياسية-لأسعار-المستهلك-عن-شهر-أكتوبر-2025-1.pdf,c7b66726a9c6ca2719c353937dc52d6a74610927aaab3ced98086ef9d780dd18
2025,10,2025-10,05,Furniture and Household Equipment,100.8,5.07,2024.0,stated,0,0.1,,B,تقرير-حول-التضخم-والأرقام-القياسية-لأسعار-المستهلك-عن-شهر-أكتوبر-2025-1.pdf,c7b66726a9c6ca2719c353937dc52d6a74610927aaab3ced98086ef9d780dd18
2025,10,2025-10,06,Health,102.8,4.03,2024.0,stated,0,0.1,,B,تقرير-حول-التضخم-والأرقام-القياسية-لأسعار-المستهلك-عن-شهر-أكتوبر-2025-1.pdf,c7b66726a9c6ca2719c353937dc52d6a74610927aaab3ced98086ef9d780dd18
2025,10,2025-10,07,Transport,101.4,3.6,2024.0,stated,0,0.1,,B,تقرير-حول-التضخم-والأرقام-القياسية-لأسعار-المستهلك-عن-شهر-أكتوبر-2025-1.pdf,c7b66726a9c6ca2719c353937dc52d6a74610927aaab3ced98086ef9d780dd18
2025,10,2025-10,08,Communication,101.7,4.06,2024.0,stated,0,0.0,,B,تقرير-حول-التضخم-والأرقام-القياسية-لأسعار-المستهلك-عن-شهر-أكتوبر-2025-1.pdf,c7b66726a9c6ca2719c353937dc52d6a74610927aaab3ced98086ef9d780dd18
2025,10,2025-10,09,Recreation and Culture,101.3,0.88,2024.0,stated,0,0.0,,B,تقرير-حول-التضخم-والأرقام-القياسية-لأسعار-المستهلك-عن-شهر-أكتوبر-2025-1.pdf,c7b66726a9c6ca2719c353937dc52d6a74610927aaab3ced98086ef9d780dd18
2025,10,2025-10,10,Education,102.1,4.06,2024.0,stated,0,0.0,,B,تقرير-حول-التضخم-والأرقام-القياسية-لأسعار-المستهلك-عن-شهر-أكتوبر-2025-1.pdf,c7b66726a9c6ca2719c353937dc52d6a74610927aaab3ced98086ef9d780dd18
2025,10,2025-10,11,Restaurants and Hotels,101.5,0.64,2024.0,stated,0,0.2,,B,تقرير-حول-التضخم-والأرقام-القياسية-لأسعار-المستهلك-عن-شهر-أكتوبر-2025-1.pdf,c7b66726a9c6ca2719c353937dc52d6a74610927aaab3ced98086ef9d780dd18
2025,10,2025-10,12,Miscellaneous Goods and Services,104.4,2.57,2024.0,stated,0,0.2,,B,تقرير-حول-التضخم-والأرقام-القياسية-لأسعار-المستهلك-عن-شهر-أكتوبر-2025-1.pdf,c7b66726a9c6ca2719c353937dc52d6a74610927aaab3ced98086ef9d780dd18
2025,11,2025-11,00,General Index,102.6,100.0,2024.0,stated,0,0.3,,B,تقرير-حول-التضخم-والأرقام-القياسية-لأسعار-المستهلك-عن-شهر-نوفمبر-2025.pdf,37f1b5f6ffa7600b1350d7e685cafd7f11e067edb2409f477ea611f7f8fcb863
2025,11,2025-11,01,Food and Beverages,104.0,40.39,2024.0,stated,0,0.4,,B,تقرير-حول-التضخم-والأرقام-القياسية-لأسعار-المستهلك-عن-شهر-نوفمبر-2025.pdf,37f1b5f6ffa7600b1350d7e685cafd7f11e067edb2409f477ea611f7f8fcb863
2025,11,2025-11,02,Tobacco,100.9,0.34,2024.0,stated,0,0.0,,B,تقرير-حول-التضخم-والأرقام-القياسية-لأسعار-المستهلك-عن-شهر-نوفمبر-2025.pdf,37f1b5f6ffa7600b1350d7e685cafd7f11e067edb2409f477ea611f7f8fcb863
2025,11,2025-11,03,Clothing and Footwear,100.9,10.25,2024.0,stated,0,0.3,,B,تقرير-حول-التضخم-والأرقام-القياسية-لأسعار-المستهلك-عن-شهر-نوفمبر-2025.pdf,37f1b5f6ffa7600b1350d7e685cafd7f11e067edb2409f477ea611f7f8fcb863
2025,11,2025-11,04,"Housing, Water, Electricity and Other Fuels",101.3,24.09,2024.0,stated,0,0.2,,B,تقرير-حول-التضخم-والأرقام-القياسية-لأسعار-المستهلك-عن-شهر-نوفمبر-2025.pdf,37f1b5f6ffa7600b1350d7e685cafd7f11e067edb2409f477ea611f7f8fcb863
2025,11,2025-11,05,Furniture and Household Equipment,101.0,5.07,2024.0,stated,0,0.2,,B,تقرير-حول-التضخم-والأرقام-القياسية-لأسعار-المستهلك-عن-شهر-نوفمبر-2025.pdf,37f1b5f6ffa7600b1350d7e685cafd7f11e067edb2409f477ea611f7f8fcb863
2025,11,2025-11,06,Health,103.1,4.03,2024.0,stated,0,0.3,,B,تقرير-حول-التضخم-والأرقام-القياسية-لأسعار-المستهلك-عن-شهر-نوفمبر-2025.pdf,37f1b5f6ffa7600b1350d7e685cafd7f11e067edb2409f477ea611f7f8fcb863
2025,11,2025-11,07,Transport,101.6,3.6,2024.0,stated,0,0.2,,B,تقرير-حول-التضخم-والأرقام-القياسية-لأسعار-المستهلك-عن-شهر-نوفمبر-2025.pdf,37f1b5f6ffa7600b1350d7e685cafd7f11e067edb2409f477ea611f7f8fcb863
2025,11,2025-11,08,Communication,101.9,4.06,2024.0,stated,0,0.2,,B,تقرير-حول-التضخم-والأرقام-القياسية-لأسعار-المستهلك-عن-شهر-نوفمبر-2025.pdf,37f1b5f6ffa7600b1350d7e685cafd7f11e067edb2409f477ea611f7f8fcb863
2025,11,2025-11,09,Recreation and Culture,101.5,0.88,2024.0,stated,0,0.2,,B,تقرير-حول-التضخم-والأرقام-القياسية-لأسعار-المستهلك-عن-شهر-نوفمبر-2025.pdf,37f1b5f6ffa7600b1350d7e685cafd7f11e067edb2409f477ea611f7f8fcb863
2025,11,2025-11,10,Education,102.1,4.06,2024.0,stated,0,0.0,,B,تقرير-حول-التضخم-والأرقام-القياسية-لأسعار-المستهلك-عن-شهر-نوفمبر-2025.pdf,37f1b5f6ffa7600b1350d7e685cafd7f11e067edb2409f477ea611f7f8fcb863
2025,11,2025-11,11,Restaurants and Hotels,101.6,0.64,2024.0,stated,0,0.1,,B,تقرير-حول-التضخم-والأرقام-القياسية-لأسعار-المستهلك-عن-شهر-نوفمبر-2025.pdf,37f1b5f6ffa7600b1350d7e685cafd7f11e067edb2409f477ea611f7f8fcb863
2025,11,2025-11,12,Miscellaneous Goods and Services,104.7,2.57,2024.0,stated,0,0.3,,B,تقرير-حول-التضخم-والأرقام-القياسية-لأسعار-المستهلك-عن-شهر-نوفمبر-2025.pdf,37f1b5f6ffa7600b1350d7e685cafd7f11e067edb2409f477ea611f7f8fcb863
2025,12,2025-12,00,General Index,102.8,100.0,2024.0,stated,0,0.2,,B,تقرير-حول-التضخم-والأرقام-القياسية-لأسعار-المستهلك-عن-شهر-ديسمبر-2025.pdf,ebcc8aa8a72b7d07ea0b1551344ee53f6216ef5bb21be9dee5b6389ee8c63c58
2025,12,2025-12,01,Food and Beverages,104.3,40.39,2024.0,stated,0,0.3,,B,تقرير-حول-التضخم-والأرقام-القياسية-لأسعار-المستهلك-عن-شهر-ديسمبر-2025.pdf,ebcc8aa8a72b7d07ea0b1551344ee53f6216ef5bb21be9dee5b6389ee8c63c58
2025,12,2025-12,02,Tobacco,100.9,0.34,2024.0,stated,0,0.0,,B,تقرير-حول-التضخم-والأرقام-القياسية-لأسعار-المستهلك-عن-شهر-ديسمبر-2025.pdf,ebcc8aa8a72b7d07ea0b1551344ee53f6216ef5bb21be9dee5b6389ee8c63c58
2025,12,2025-12,03,Clothing and Footwear,101.1,10.25,2024.0,stated,0,0.2,,B,تقرير-حول-التضخم-والأرقام-القياسية-لأسعار-المستهلك-عن-شهر-ديسمبر-2025.pdf,ebcc8aa8a72b7d07ea0b1551344ee53f6216ef5bb21be9dee5b6389ee8c63c58
2025,12,2025-12,04,"Housing, Water, Electricity and Other Fuels",101.5,24.09,2024.0,stated,0,0.2,,B,تقرير-حول-التضخم-والأرقام-القياسية-لأسعار-المستهلك-عن-شهر-ديسمبر-2025.pdf,ebcc8aa8a72b7d07ea0b1551344ee53f6216ef5bb21be9dee5b6389ee8c63c58
2025,12,2025-12,05,Furniture and Household Equipment,101.2,5.07,2024.0,stated,0,0.2,,B,تقرير-حول-التضخم-والأرقام-القياسية-لأسعار-المستهلك-عن-شهر-ديسمبر-2025.pdf,ebcc8aa8a72b7d07ea0b1551344ee53f6216ef5bb21be9dee5b6389ee8c63c58
2025,12,2025-12,06,Health,103.3,4.03,2024.0,stated,0,0.2,,B,تقرير-حول-التضخم-والأرقام-القياسية-لأسعار-المستهلك-عن-شهر-ديسمبر-2025.pdf,ebcc8aa8a72b7d07ea0b1551344ee53f6216ef5bb21be9dee5b6389ee8c63c58
2025,12,2025-12,07,Transport,101.8,3.6,2024.0,stated,0,0.2,,B,تقرير-حول-التضخم-والأرقام-القياسية-لأسعار-المستهلك-عن-شهر-ديسمبر-2025.pdf,ebcc8aa8a72b7d07ea0b1551344ee53f6216ef5bb21be9dee5b6389ee8c63c58
2025,12,2025-12,08,Communication,101.9,4.06,2024.0,stated,0,0.0,,B,تقرير-حول-التضخم-والأرقام-القياسية-لأسعار-المستهلك-عن-شهر-ديسمبر-2025.pdf,ebcc8aa8a72b7d07ea0b1551344ee53f6216ef5bb21be9dee5b6389ee8c63c58
2025,12,2025-12,09,Recreation and Culture,101.5,0.88,2024.0,stated,0,0.0,,B,تقرير-حول-التضخم-والأرقام-القياسية-لأسعار-المستهلك-عن-شهر-ديسمبر-2025.pdf,ebcc8aa8a72b7d07ea0b1551344ee53f6216ef5bb21be9dee5b6389ee8c63c58
2025,12,2025-12,10,Education,102.1,4.06,2024.0,stated,0,0.0,,B,تقرير-حول-التضخم-والأرقام-القياسية-لأسعار-المستهلك-عن-شهر-ديسمبر-2025.pdf,ebcc8aa8a72b7d07ea0b1551344ee53f6216ef5bb21be9dee5b6389ee8c63c58
2025,12,2025-12,11,Restaurants and Hotels,101.6,0.64,2024.0,stated,0,0.0,,B,تقرير-حول-التضخم-والأرقام-القياسية-لأسعار-المستهلك-عن-شهر-ديسمبر-2025.pdf,ebcc8aa8a72b7d07ea0b1551344ee53f6216ef5bb21be9dee5b6389ee8c63c58
2025,12,2025-12,12,Miscellaneous Goods and Services,104.9,2.57,2024.0,stated,0,0.2,,B,تقرير-حول-التضخم-والأرقام-القياسية-لأسعار-المستهلك-عن-شهر-ديسمبر-2025.pdf,ebcc8aa8a72b7d07ea0b1551344ee53f6216ef5bb21be9dee5b6389ee8c63c58
