period_end,rank,country,value_usd,sector,section_seq,source_section_label
2026-04-30,1,Türkiye,641844218.0,unspecified,1,According to Country of Origin
2026-04-30,2,China,498862722.0,unspecified,1,According to Country of Origin
2026-04-30,3,Egypt,353667416.0,unspecified,1,According to Country of Origin
2026-04-30,4,Russian Federation,234402968.0,unspecified,1,According to Country of Origin
2026-04-30,5,Germany,176582153.0,unspecified,1,According to Country of Origin
2026-04-30,6,Italy,159040714.0,unspecified,1,According to Country of Origin
2026-04-30,7,India,148970770.0,unspecified,1,According to Country of Origin
2026-04-30,8,France,144387000.0,unspecified,1,According to Country of Origin
2026-04-30,9,United Arab Emirates,143138879.0,unspecified,1,According to Country of Origin
2026-04-30,10,Ukraine,138650049.0,unspecified,1,According to Country of Origin
2026-04-30,11,Tunisia,97695594.0,unspecified,1,According to Country of Origin
2026-04-30,12,Brazil,91840080.0,unspecified,1,According to Country of Origin
2026-04-30,13,Spain,65345899.0,unspecified,1,According to Country of Origin
2026-04-30,14,Argentina,64824621.0,unspecified,1,According to Country of Origin
2026-04-30,15,Thailand,63202970.0,unspecified,1,According to Country of Origin
2026-04-30,16,Romania,62448069.0,unspecified,1,According to Country of Origin
2026-04-30,17,Saudi Arabia,57936956.0,unspecified,1,According to Country of Origin
2026-04-30,18,Aruba,53357040.0,unspecified,1,According to Country of Origin
2026-04-30,19,Ireland,52869234.0,unspecified,1,According to Country of Origin
2026-04-30,20,Netherlands,30228167.0,unspecified,1,According to Country of Origin
2026-04-30,21,United States,29323745.0,unspecified,1,According to Country of Origin
2026-04-30,22,United Kingdom,21405616.0,unspecified,1,According to Country of Origin
2026-04-30,23,Belgium,20688806.0,unspecified,1,According to Country of Origin
2026-04-30,24,Indonesia,18659386.0,unspecified,1,According to Country of Origin
2026-04-30,25,Ecuador,16110875.0,unspecified,1,According to Country of Origin
2026-04-30,26,South Korea,16054506.0,unspecified,1,According to Country of Origin
2026-04-30,27,New Zealand,15247419.0,unspecified,1,According to Country of Origin
2026-04-30,28,Poland,13264398.0,unspecified,1,According to Country of Origin
2026-04-30,29,Switzerland,12899538.0,unspecified,1,According to Country of Origin
2026-04-30,30,Morocco,12297893.0,unspecified,1,According to Country of Origin
2026-04-30,31,Austria,10241903.0,unspecified,1,According to Country of Origin
2026-04-30,32,Sri Lanka,9504519.0,unspecified,1,According to Country of Origin
2026-04-30,33,Malaysia,9461822.0,unspecified,1,According to Country of Origin
2026-04-30,34,Algeria,8912962.0,unspecified,1,According to Country of Origin
2026-04-30,35,Jordan,7594694.0,unspecified,1,According to Country of Origin
2026-04-30,36,Greece,7197005.0,unspecified,1,According to Country of Origin
2026-04-30,37,Japan,6806006.0,unspecified,1,According to Country of Origin
2026-04-30,38,Vietnam,6699550.0,unspecified,1,According to Country of Origin
2026-04-30,39,Sweden,6456529.0,unspecified,1,According to Country of Origin
2026-04-30,40,Bulgaria,6187518.0,unspecified,1,According to Country of Origin
2026-04-30,41,Malta,3998963.0,unspecified,1,According to Country of Origin
2026-04-30,42,Portugal,3814592.0,unspecified,1,According to Country of Origin
2026-04-30,43,Lithuania,3588472.0,unspecified,1,According to Country of Origin
2026-04-30,44,Slovenia,3485238.0,unspecified,1,According to Country of Origin
2026-04-30,45,Moldova,2585058.0,unspecified,1,According to Country of Origin
2026-04-30,46,Canada,2270905.0,unspecified,1,According to Country of Origin
2026-04-30,47,Denmark,2138219.0,unspecified,1,According to Country of Origin
2026-04-30,48,Hong Kong S.A.R.,1627988.0,unspecified,1,According to Country of Origin
2026-04-30,49,Finland,1581795.0,unspecified,1,According to Country of Origin
2026-04-30,50,Oman,1524860.0,unspecified,1,According to Country of Origin
2026-04-30,51,Costa Rica,1434720.0,unspecified,1,According to Country of Origin
2026-04-30,52,Qatar,1399600.0,unspecified,1,According to Country of Origin
2026-04-30,53,Bahrain,1315679.0,unspecified,1,According to Country of Origin
2026-04-30,54,Hungary,1185950.0,unspecified,1,According to Country of Origin
2026-04-30,55,South Africa,1096988.0,unspecified,1,According to Country of Origin
2026-04-30,56,Chile,1035684.0,unspecified,1,According to Country of Origin
2026-04-30,57,Colombia,967725.0,unspecified,1,According to Country of Origin
2026-04-30,58,Mexico,926524.0,unspecified,1,According to Country of Origin
2026-04-30,59,Iraq,903388.0,unspecified,1,According to Country of Origin
2026-04-30,60,Cambodia,600246.0,unspecified,1,According to Country of Origin
2026-04-30,61,Lebanon,598465.0,unspecified,1,According to Country of Origin
2026-04-30,62,Former Yugoslav Republic of Macedonia,568179.0,unspecified,1,According to Country of Origin
2026-04-30,63,Mauritius,495000.0,unspecified,1,According to Country of Origin
2026-04-30,64,Czech Republic,483518.0,unspecified,1,According to Country of Origin
2026-04-30,65,Norway,384304.0,unspecified,1,According to Country of Origin
2026-04-30,66,Pakistan,332556.0,unspecified,1,According to Country of Origin
2026-04-30,67,Croatia,311744.0,unspecified,1,According to Country of Origin
2026-04-30,68,Bangladesh,300000.0,unspecified,1,According to Country of Origin
2026-04-30,69,Uganda,287760.0,unspecified,1,According to Country of Origin
2026-04-30,70,Sant Marino,223938.0,unspecified,1,According to Country of Origin
2026-04-30,71,Maldives,212525.0,unspecified,1,According to Country of Origin
2026-04-30,72,Singapore,210747.0,unspecified,1,According to Country of Origin
2026-04-30,73,Serbia,174706.0,unspecified,1,According to Country of Origin
2026-04-30,74,Australia,169000.0,unspecified,1,According to Country of Origin
2026-04-30,75,Turkmenistan,89738.0,unspecified,1,According to Country of Origin
2026-04-30,76,Gabon,63440.0,unspecified,1,According to Country of Origin
2026-04-30,77,Kenya,8000.0,unspecified,1,According to Country of Origin
2026-04-30,78,Ivory Coast,2101.0,unspecified,1,According to Country of Origin
2026-04-30,79,Senegal,2101.0,unspecified,1,According to Country of Origin
2026-04-30,80,Sierra Leone,1198.0,unspecified,1,According to Country of Origin
2026-07-31,1,Türkiye,1889284703.0,unspecified,1,According to Country of Origin
2026-07-31,2,China,1520459023.0,unspecified,1,According to Country of Origin
2026-07-31,3,Egypt,1006235858.0,unspecified,1,According to Country of Origin
2026-07-31,4,Italy,439012319.0,unspecified,1,According to Country of Origin
2026-07-31,5,Russian Federation,410941507.0,unspecified,1,According to Country of Origin
2026-07-31,6,Germany,371762302.0,unspecified,1,According to Country of Origin
2026-07-31,7,India,335696269.0,unspecified,1,According to Country of Origin
2026-07-31,8,Tunisia,302657282.0,unspecified,1,According to Country of Origin
2026-07-31,9,Ukraine,277264604.0,unspecified,1,According to Country of Origin
2026-07-31,10,France,264121517.0,unspecified,1,According to Country of Origin
2026-07-31,11,United Arab Emirates,242285442.0,unspecified,1,According to Country of Origin
2026-07-31,12,Brazil,230901105.0,unspecified,1,According to Country of Origin
2026-07-31,13,Thailand,220088415.0,unspecified,1,According to Country of Origin
2026-07-31,14,Romania,148906553.0,unspecified,1,According to Country of Origin
2026-07-31,15,Argentina,148282048.0,unspecified,1,According to Country of Origin
2026-07-31,16,Spain,132124715.0,unspecified,1,According to Country of Origin
2026-07-31,17,Ireland,128506528.0,unspecified,1,According to Country of Origin
2026-07-31,18,Saudi Arabia,126300317.0,unspecified,1,According to Country of Origin
2026-07-31,19,Netherlands,88175762.0,unspecified,1,According to Country of Origin
2026-07-31,20,United States,85815722.0,unspecified,1,According to Country of Origin
2026-07-31,21,South Korea,67248651.0,unspecified,1,According to Country of Origin
2026-07-31,22,Belgium,64953818.0,unspecified,1,According to Country of Origin
2026-07-31,23,United Kingdom,61252974.0,unspecified,1,According to Country of Origin
2026-07-31,24,Aruba,59946211.0,unspecified,1,According to Country of Origin
2026-07-31,25,Guatemala,57008061.0,unspecified,1,According to Country of Origin
2026-07-31,26,New Zealand,53406183.0,unspecified,1,According to Country of Origin
2026-07-31,27,Poland,52208764.0,unspecified,1,According to Country of Origin
2026-07-31,28,Indonesia,50700164.0,unspecified,1,According to Country of Origin
2026-07-31,29,Algeria,42019819.0,unspecified,1,According to Country of Origin
2026-07-31,30,Japan,36406629.0,unspecified,1,According to Country of Origin
2026-07-31,31,Ecuador,36152846.0,unspecified,1,According to Country of Origin
2026-07-31,32,Austria,33309465.0,unspecified,1,According to Country of Origin
2026-07-31,33,Jordan,30764253.0,unspecified,1,According to Country of Origin
2026-07-31,34,Morocco,30627658.0,unspecified,1,According to Country of Origin
2026-07-31,35,Sweden,26321490.0,unspecified,1,According to Country of Origin
2026-07-31,36,Sri Lanka,21714791.0,unspecified,1,According to Country of Origin
2026-07-31,37,Syria,20624500.0,unspecified,1,According to Country of Origin
2026-07-31,38,Vietnam,19649330.0,unspecified,1,According to Country of Origin
2026-07-31,39,Denmark,19504514.0,unspecified,1,According to Country of Origin
2026-07-31,40,Switzerland,18546445.0,unspecified,1,According to Country of Origin
2026-07-31,41,Malaysia,18061215.0,unspecified,1,According to Country of Origin
2026-07-31,42,Greece,17294515.0,unspecified,1,According to Country of Origin
2026-07-31,43,Oman,16558599.0,unspecified,1,According to Country of Origin
2026-07-31,44,Bahrain,14050131.0,unspecified,1,According to Country of Origin
2026-07-31,45,Slovenia,11463732.0,unspecified,1,According to Country of Origin
2026-07-31,46,Canada,10666569.0,unspecified,1,According to Country of Origin
2026-07-31,47,Malta,10454620.0,unspecified,1,According to Country of Origin
2026-07-31,48,Portugal,10319174.0,unspecified,1,According to Country of Origin
2026-07-31,49,Bulgaria,9217190.0,unspecified,1,According to Country of Origin
2026-07-31,50,Lithuania,8913793.0,unspecified,1,According to Country of Origin
2026-07-31,51,Cambodia,8102216.0,unspecified,1,According to Country of Origin
2026-07-31,52,Hong Kong S.A.R.,7666463.0,unspecified,1,According to Country of Origin
2026-07-31,53,Estonia,4560818.0,unspecified,1,According to Country of Origin
2026-07-31,54,Lebanon,4323711.0,unspecified,1,According to Country of Origin
2026-07-31,55,Australia,3601057.0,unspecified,1,According to Country of Origin
2026-07-31,56,Czech Republic,3088129.0,unspecified,1,According to Country of Origin
2026-07-31,57,Moldova,3071061.0,unspecified,1,According to Country of Origin
2026-07-31,58,Finland,2831744.0,unspecified,1,According to Country of Origin
2026-07-31,59,Pakistan,2482167.0,unspecified,1,According to Country of Origin
2026-07-31,60,Slovakia,2186322.0,unspecified,1,According to Country of Origin
2026-07-31,61,Serbia,2060473.0,unspecified,1,According to Country of Origin
2026-07-31,62,Colombia,2052506.0,unspecified,1,According to Country of Origin
2026-07-31,63,Bosnia and Herzegovina,1992037.0,unspecified,1,According to Country of Origin
2026-07-31,64,Qatar,1941100.0,unspecified,1,According to Country of Origin
2026-07-31,65,Hungary,1806097.0,unspecified,1,According to Country of Origin
2026-07-31,66,Gabon,1747776.0,unspecified,1,According to Country of Origin
2026-07-31,67,Albania,1685030.0,unspecified,1,According to Country of Origin
2026-07-31,68,Costa Rica,1678423.0,unspecified,1,According to Country of Origin
2026-07-31,69,Iraq,1523644.0,unspecified,1,According to Country of Origin
2026-07-31,70,Chile,1213184.0,unspecified,1,According to Country of Origin
2026-07-31,71,South Africa,1096988.0,unspecified,1,According to Country of Origin
2026-07-31,72,Mexico,995548.0,unspecified,1,According to Country of Origin
2026-07-31,73,Europe,858762.0,unspecified,1,According to Country of Origin
2026-07-31,74,Croatia,840714.0,unspecified,1,According to Country of Origin
2026-07-31,75,Former Yugoslav Republic of Macedonia,740778.0,unspecified,1,According to Country of Origin
2026-07-31,76,Bangladesh,654732.0,unspecified,1,According to Country of Origin
2026-07-31,77,Taiwan,578864.0,unspecified,1,According to Country of Origin
2026-07-31,78,Cyprus,533650.0,unspecified,1,According to Country of Origin
2026-07-31,79,Mauritius,495000.0,unspecified,1,According to Country of Origin
2026-07-31,80,Sant Marino,451719.0,unspecified,1,According to Country of Origin
2026-07-31,81,Singapore,422647.0,unspecified,1,According to Country of Origin
2026-07-31,82,Norway,378621.0,unspecified,1,According to Country of Origin
2026-07-31,83,Nigeria,288533.0,unspecified,1,According to Country of Origin
2026-07-31,84,Uganda,287760.0,unspecified,1,According to Country of Origin
2026-07-31,85,Kazakhstan,234250.0,unspecified,1,According to Country of Origin
2026-07-31,86,Maldives,212525.0,unspecified,1,According to Country of Origin
2026-07-31,87,Chad,197908.0,unspecified,1,According to Country of Origin
2026-07-31,88,Latvia,194229.0,unspecified,1,According to Country of Origin
2026-07-31,89,Equatorial Guinea,191376.0,unspecified,1,According to Country of Origin
2026-07-31,90,Tanzania,163800.0,unspecified,1,According to Country of Origin
2026-07-31,91,Azerbaijan,128800.0,unspecified,1,According to Country of Origin
2026-07-31,92,Uzbekistan,112700.0,unspecified,1,According to Country of Origin
2026-07-31,93,Yemen,110700.0,unspecified,1,According to Country of Origin
2026-07-31,94,Dominican Republic,91800.0,unspecified,1,According to Country of Origin
2026-07-31,95,Turkmenistan,89738.0,unspecified,1,According to Country of Origin
2026-07-31,96,Cameroon,79582.0,unspecified,1,According to Country of Origin
2026-07-31,97,Kosovo,69563.0,unspecified,1,According to Country of Origin
2026-07-31,98,Sierra Leone,34979.0,unspecified,1,According to Country of Origin
2026-07-31,99,Kenya,8000.0,unspecified,1,According to Country of Origin
2026-07-31,100,Ivory Coast,2101.0,unspecified,1,According to Country of Origin
2026-07-31,101,Senegal,2101.0,unspecified,1,According to Country of Origin
2025-06-30,1,United Arab Emirates,113979884.0,public,1,According to Country of Origin - Public Sector
2025-06-30,2,Brazil,102510671.0,public,1,According to Country of Origin - Public Sector
2025-06-30,3,Switzerland,60481191.0,public,1,According to Country of Origin - Public Sector
2025-06-30,4,Türkiye,59327388.0,public,1,According to Country of Origin - Public Sector
2025-06-30,5,United States,55346837.0,public,1,According to Country of Origin - Public Sector
2025-06-30,6,Ireland,44301098.0,public,1,According to Country of Origin - Public Sector
2025-06-30,7,China,41531530.0,public,1,According to Country of Origin - Public Sector
2025-06-30,8,Germany,33273542.0,public,1,According to Country of Origin - Public Sector
2025-06-30,9,Bahrain,28942861.0,public,1,According to Country of Origin - Public Sector
2025-06-30,10,Thailand,20607434.0,public,1,According to Country of Origin - Public Sector
2025-06-30,11,Spain,16335146.0,public,1,According to Country of Origin - Public Sector
2025-06-30,12,Angola,16095000.0,public,1,According to Country of Origin - Public Sector
2025-06-30,13,Greece,15046980.0,public,1,According to Country of Origin - Public Sector
2025-06-30,14,France,12215458.0,public,1,According to Country of Origin - Public Sector
2025-06-30,15,India,11356401.0,public,1,According to Country of Origin - Public Sector
2025-06-30,16,Egypt,10003761.0,public,1,According to Country of Origin - Public Sector
2025-06-30,17,Austria,9953837.0,public,1,According to Country of Origin - Public Sector
2025-06-30,18,Sweden,7183983.0,public,1,According to Country of Origin - Public Sector
2025-06-30,19,United Kingdom,4599679.0,public,1,According to Country of Origin - Public Sector
2025-06-30,20,Italy,3337402.0,public,1,According to Country of Origin - Public Sector
2025-06-30,21,Ukraine,3281519.0,public,1,According to Country of Origin - Public Sector
2025-06-30,22,Argentina,2048068.0,public,1,According to Country of Origin - Public Sector
2025-06-30,23,Tunisia,1760196.0,public,1,According to Country of Origin - Public Sector
2025-06-30,24,Luxembourg,1692150.0,public,1,According to Country of Origin - Public Sector
2025-06-30,25,Hong Kong S.A.R.,1646648.0,public,1,According to Country of Origin - Public Sector
2025-06-30,26,Jordan,1153185.0,public,1,According to Country of Origin - Public Sector
2025-06-30,27,Finland,938151.0,public,1,According to Country of Origin - Public Sector
2025-06-30,28,Saudi Arabia,819873.0,public,1,According to Country of Origin - Public Sector
2025-06-30,29,Belgium,399087.0,public,1,According to Country of Origin - Public Sector
2025-06-30,30,Portugal,287543.0,public,1,According to Country of Origin - Public Sector
2025-06-30,31,Malta,269985.0,public,1,According to Country of Origin - Public Sector
2025-06-30,32,Poland,196885.0,public,1,According to Country of Origin - Public Sector
2025-06-30,33,Canada,95894.0,public,1,According to Country of Origin - Public Sector
2025-06-30,34,Bulgaria,71153.0,public,1,According to Country of Origin - Public Sector
2025-06-30,35,Lithuania,68136.0,public,1,According to Country of Origin - Public Sector
2025-06-30,36,Mauritius,40436.0,public,1,According to Country of Origin - Public Sector
2025-06-30,37,Netherlands,30959.0,public,1,According to Country of Origin - Public Sector
2025-06-30,38,Denmark,10508.0,public,1,According to Country of Origin - Public Sector
2026-06-30,1,Türkiye,1557442421.0,unspecified,1,According to Country of Origin
2026-06-30,2,China,1256599560.0,unspecified,1,According to Country of Origin
2026-06-30,3,Egypt,827934121.0,unspecified,1,According to Country of Origin
2026-06-30,4,Italy,371041184.0,unspecified,1,According to Country of Origin
2026-06-30,5,Russian Federation,349134442.0,unspecified,1,According to Country of Origin
2026-06-30,6,Germany,323628705.0,unspecified,1,According to Country of Origin
2026-06-30,7,India,286136421.0,unspecified,1,According to Country of Origin
2026-06-30,8,Tunisia,258403301.0,unspecified,1,According to Country of Origin
2026-06-30,9,Ukraine,257988300.0,unspecified,1,According to Country of Origin
2026-06-30,10,France,231224598.0,unspecified,1,According to Country of Origin
2026-06-30,11,United Arab Emirates,218597726.0,unspecified,1,According to Country of Origin
2026-06-30,12,Brazil,204336236.0,unspecified,1,According to Country of Origin
2026-06-30,13,Thailand,180121775.0,unspecified,1,According to Country of Origin
2026-06-30,14,Argentina,134200386.0,unspecified,1,According to Country of Origin
2026-06-30,15,Romania,119541023.0,unspecified,1,According to Country of Origin
2026-06-30,16,Saudi Arabia,118636799.0,unspecified,1,According to Country of Origin
2026-06-30,17,Spain,118009393.0,unspecified,1,According to Country of Origin
2026-06-30,18,Ireland,110872420.0,unspecified,1,According to Country of Origin
2026-06-30,19,United States,77932605.0,unspecified,1,According to Country of Origin
2026-06-30,20,Netherlands,76234934.0,unspecified,1,According to Country of Origin
2026-06-30,21,Belgium,61244538.0,unspecified,1,According to Country of Origin
2026-06-30,22,Aruba,58451907.0,unspecified,1,According to Country of Origin
2026-06-30,23,Guatemala,57008061.0,unspecified,1,According to Country of Origin
2026-06-30,24,United Kingdom,53666044.0,unspecified,1,According to Country of Origin
2026-06-30,25,South Korea,51597107.0,unspecified,1,According to Country of Origin
2026-06-30,26,Indonesia,50251664.0,unspecified,1,According to Country of Origin
2026-06-30,27,New Zealand,45274471.0,unspecified,1,According to Country of Origin
2026-06-30,28,Poland,44566660.0,unspecified,1,According to Country of Origin
2026-06-30,29,Ecuador,34615623.0,unspecified,1,According to Country of Origin
2026-06-30,30,Japan,33049602.0,unspecified,1,According to Country of Origin
2026-06-30,31,Algeria,32608454.0,unspecified,1,According to Country of Origin
2026-06-30,32,Austria,31012952.0,unspecified,1,According to Country of Origin
2026-06-30,33,Morocco,28011406.0,unspecified,1,According to Country of Origin
2026-06-30,34,Jordan,26701002.0,unspecified,1,According to Country of Origin
2026-06-30,35,Sweden,22666806.0,unspecified,1,According to Country of Origin
2026-06-30,36,Sri Lanka,21442541.0,unspecified,1,According to Country of Origin
2026-06-30,37,Denmark,19265472.0,unspecified,1,According to Country of Origin
2026-06-30,38,Vietnam,18931940.0,unspecified,1,According to Country of Origin
2026-06-30,39,Syria,17910750.0,unspecified,1,According to Country of Origin
2026-06-30,40,Malaysia,16849025.0,unspecified,1,According to Country of Origin
2026-06-30,41,Greece,15488261.0,unspecified,1,According to Country of Origin
2026-06-30,42,Switzerland,15108648.0,unspecified,1,According to Country of Origin
2026-06-30,43,Bahrain,11736731.0,unspecified,1,According to Country of Origin
2026-06-30,44,Slovenia,10883487.0,unspecified,1,According to Country of Origin
2026-06-30,45,Malta,10454620.0,unspecified,1,According to Country of Origin
2026-06-30,46,Canada,10444069.0,unspecified,1,According to Country of Origin
2026-06-30,47,Portugal,9433958.0,unspecified,1,According to Country of Origin
2026-06-30,48,Bulgaria,8380970.0,unspecified,1,According to Country of Origin
2026-06-30,49,Lithuania,8187013.0,unspecified,1,According to Country of Origin
2026-06-30,50,Cambodia,7402105.0,unspecified,1,According to Country of Origin
2026-06-30,51,Hong Kong S.A.R.,6958285.0,unspecified,1,According to Country of Origin
2026-06-30,52,Oman,6839449.0,unspecified,1,According to Country of Origin
2026-06-30,53,Estonia,4560818.0,unspecified,1,According to Country of Origin
2026-06-30,54,Lebanon,4105509.0,unspecified,1,According to Country of Origin
2026-06-30,55,Moldova,3071061.0,unspecified,1,According to Country of Origin
2026-06-30,56,Czech Republic,2892957.0,unspecified,1,According to Country of Origin
2026-06-30,57,Finland,2831744.0,unspecified,1,According to Country of Origin
2026-06-30,58,Australia,2800057.0,unspecified,1,According to Country of Origin
2026-06-30,59,Pakistan,2283917.0,unspecified,1,According to Country of Origin
2026-06-30,60,Slovakia,2186322.0,unspecified,1,According to Country of Origin
2026-06-30,61,Qatar,1941100.0,unspecified,1,According to Country of Origin
2026-06-30,62,Bosnia and Herzegovina,1934856.0,unspecified,1,According to Country of Origin
2026-06-30,63,Hungary,1806097.0,unspecified,1,According to Country of Origin
2026-06-30,64,Albania,1685030.0,unspecified,1,According to Country of Origin
2026-06-30,65,Costa Rica,1678423.0,unspecified,1,According to Country of Origin
2026-06-30,66,Serbia,1554528.0,unspecified,1,According to Country of Origin
2026-06-30,67,Iraq,1523644.0,unspecified,1,According to Country of Origin
2026-06-30,68,Chile,1213184.0,unspecified,1,According to Country of Origin
2026-06-30,69,South Africa,1096988.0,unspecified,1,According to Country of Origin
2026-06-30,70,Colombia,1084781.0,unspecified,1,According to Country of Origin
2026-06-30,71,Mexico,995548.0,unspecified,1,According to Country of Origin
2026-06-30,72,Europe,858762.0,unspecified,1,According to Country of Origin
2026-06-30,73,Gabon,811066.0,unspecified,1,According to Country of Origin
2026-06-30,74,Former Yugoslav Republic of Macedonia,740778.0,unspecified,1,According to Country of Origin
2026-06-30,75,Croatia,722129.0,unspecified,1,According to Country of Origin
2026-06-30,76,Bangladesh,654732.0,unspecified,1,According to Country of Origin
2026-06-30,77,Cyprus,533650.0,unspecified,1,According to Country of Origin
2026-06-30,78,Mauritius,495000.0,unspecified,1,According to Country of Origin
2026-06-30,79,Taiwan,476426.0,unspecified,1,According to Country of Origin
2026-06-30,80,Sant Marino,451719.0,unspecified,1,According to Country of Origin
2026-06-30,81,Singapore,422647.0,unspecified,1,According to Country of Origin
2026-06-30,82,Norway,378621.0,unspecified,1,According to Country of Origin
2026-06-30,83,Nigeria,288533.0,unspecified,1,According to Country of Origin
2026-06-30,84,Uganda,287760.0,unspecified,1,According to Country of Origin
2026-06-30,85,Kazakhstan,234250.0,unspecified,1,According to Country of Origin
2026-06-30,86,Maldives,212525.0,unspecified,1,According to Country of Origin
2026-06-30,87,Equatorial Guinea,191376.0,unspecified,1,According to Country of Origin
2026-06-30,88,Tanzania,163800.0,unspecified,1,According to Country of Origin
2026-06-30,89,Uzbekistan,112700.0,unspecified,1,According to Country of Origin
2026-06-30,90,Yemen,110700.0,unspecified,1,According to Country of Origin
2026-06-30,91,Dominican Republic,91800.0,unspecified,1,According to Country of Origin
2026-06-30,92,Turkmenistan,89738.0,unspecified,1,According to Country of Origin
2026-06-30,93,Latvia,82867.0,unspecified,1,According to Country of Origin
2026-06-30,94,Cameroon,79582.0,unspecified,1,According to Country of Origin
2026-06-30,95,Chad,76488.0,unspecified,1,According to Country of Origin
2026-06-30,96,Kosovo,69563.0,unspecified,1,According to Country of Origin
2026-06-30,97,Sierra Leone,34979.0,unspecified,1,According to Country of Origin
2026-06-30,98,Kenya,8000.0,unspecified,1,According to Country of Origin
2026-06-30,99,Ivory Coast,2101.0,unspecified,1,According to Country of Origin
2026-06-30,100,Senegal,2101.0,unspecified,1,According to Country of Origin
2026-05-31,1,Türkiye,1194120157.0,unspecified,1,According to Country of Origin
2026-05-31,2,United Arab Emirates,896128374.0,unspecified,1,According to Country of Origin
2026-05-31,3,China,721693916.0,unspecified,1,According to Country of Origin
2026-05-31,4,Egypt,557010075.0,unspecified,1,According to Country of Origin
2026-05-31,5,Russian Federation,242915516.0,unspecified,1,According to Country of Origin
2026-05-31,6,Italy,237924463.0,unspecified,1,According to Country of Origin
2026-05-31,7,Germany,226022170.0,unspecified,1,According to Country of Origin
2026-05-31,8,Brazil,182046577.0,unspecified,1,According to Country of Origin
2026-05-31,9,India,170652341.0,unspecified,1,According to Country of Origin
2026-05-31,10,Tunisia,165699331.0,unspecified,1,According to Country of Origin
2026-05-31,11,Ukraine,165558323.0,unspecified,1,According to Country of Origin
2026-05-31,12,France,164729110.0,unspecified,1,According to Country of Origin
2026-05-31,13,Spain,99252960.0,unspecified,1,According to Country of Origin
2026-05-31,14,Thailand,92246923.0,unspecified,1,According to Country of Origin
2026-05-31,15,Argentina,82117261.0,unspecified,1,According to Country of Origin
2026-05-31,16,Saudi Arabia,76787492.0,unspecified,1,According to Country of Origin
2026-05-31,17,United Kingdom,75797294.0,unspecified,1,According to Country of Origin
2026-05-31,18,Romania,74811204.0,unspecified,1,According to Country of Origin
2026-05-31,19,Ireland,71452423.0,unspecified,1,According to Country of Origin
2026-05-31,20,Europe,53636258.0,unspecified,1,According to Country of Origin
2026-05-31,21,United States,47679200.0,unspecified,1,According to Country of Origin
2026-05-31,22,Netherlands,45784364.0,unspecified,1,According to Country of Origin
2026-05-31,23,Belgium,32050135.0,unspecified,1,According to Country of Origin
2026-05-31,24,Oman,28647438.0,unspecified,1,According to Country of Origin
2026-05-31,25,Indonesia,27686594.0,unspecified,1,According to Country of Origin
2026-05-31,26,New Zealand,26006401.0,unspecified,1,According to Country of Origin
2026-05-31,27,Sweden,25552910.0,unspecified,1,According to Country of Origin
2026-05-31,28,South Korea,25311531.0,unspecified,1,According to Country of Origin
2026-05-31,29,Jordan,22432175.0,unspecified,1,According to Country of Origin
2026-05-31,30,Poland,19272490.0,unspecified,1,According to Country of Origin
2026-05-31,31,Ecuador,17583680.0,unspecified,1,According to Country of Origin
2026-05-31,32,Austria,16998201.0,unspecified,1,According to Country of Origin
2026-05-31,33,Algeria,16302164.0,unspecified,1,According to Country of Origin
2026-05-31,34,Morocco,14603245.0,unspecified,1,According to Country of Origin
2026-05-31,35,Japan,14541948.0,unspecified,1,According to Country of Origin
2026-05-31,36,Switzerland,14079596.0,unspecified,1,According to Country of Origin
2026-05-31,37,Sri Lanka,12175471.0,unspecified,1,According to Country of Origin
2026-05-31,38,Malaysia,12067258.0,unspecified,1,According to Country of Origin
2026-05-31,39,Vietnam,11328140.0,unspecified,1,According to Country of Origin
2026-05-31,40,Syria,10312250.0,unspecified,1,According to Country of Origin
2026-05-31,41,Greece,8133622.0,unspecified,1,According to Country of Origin
2026-05-31,42,Europe,8058380.0,unspecified,1,According to Country of Origin
2026-05-31,43,Bulgaria,6801171.0,unspecified,1,According to Country of Origin
2026-05-31,44,Denmark,6561815.0,unspecified,1,According to Country of Origin
2026-05-31,45,Slovenia,6100118.0,unspecified,1,According to Country of Origin
2026-05-31,46,Portugal,5322419.0,unspecified,1,According to Country of Origin
2026-05-31,47,Cambodia,4901219.0,unspecified,1,According to Country of Origin
2026-05-31,48,Malta,4834381.0,unspecified,1,According to Country of Origin
2026-05-31,49,Canada,4245392.0,unspecified,1,According to Country of Origin
2026-05-31,50,Lithuania,4100074.0,unspecified,1,According to Country of Origin
2026-05-31,51,Lebanon,3081396.0,unspecified,1,According to Country of Origin
2026-05-31,52,Finland,3007592.0,unspecified,1,According to Country of Origin
2026-05-31,53,Bahrain,3002478.0,unspecified,1,According to Country of Origin
2026-05-31,54,Hong Kong S.A.R.,2945381.0,unspecified,1,According to Country of Origin
2026-05-31,55,Moldova,2585058.0,unspecified,1,According to Country of Origin
2026-05-31,56,Australia,1969993.0,unspecified,1,According to Country of Origin
2026-05-31,57,Hungary,1703211.0,unspecified,1,According to Country of Origin
2026-05-31,58,Pakistan,1647248.0,unspecified,1,According to Country of Origin
2026-05-31,59,Qatar,1637100.0,unspecified,1,According to Country of Origin
2026-05-31,60,Iraq,1523644.0,unspecified,1,According to Country of Origin
2026-05-31,61,Costa Rica,1434720.0,unspecified,1,According to Country of Origin
2026-05-31,62,Serbia,1256192.0,unspecified,1,According to Country of Origin
2026-05-31,63,Chile,1213184.0,unspecified,1,According to Country of Origin
2026-05-31,64,South Africa,1096988.0,unspecified,1,According to Country of Origin
2026-05-31,65,Bosnia and Herzegovina,1009854.0,unspecified,1,According to Country of Origin
2026-05-31,66,Colombia,967725.0,unspecified,1,According to Country of Origin
2026-05-31,67,Mexico,926524.0,unspecified,1,According to Country of Origin
2026-05-31,68,Czech Republic,856078.0,unspecified,1,According to Country of Origin
2026-05-31,69,Cyprus,713276.0,unspecified,1,According to Country of Origin
2026-05-31,70,Mauritius,696276.0,unspecified,1,According to Country of Origin
2026-05-31,71,Croatia,603597.0,unspecified,1,According to Country of Origin
2026-05-31,72,Former Yugoslav Republic of Macedonia,568179.0,unspecified,1,According to Country of Origin
2026-05-31,73,Bangladesh,402590.0,unspecified,1,According to Country of Origin
2026-05-31,74,Norway,384304.0,unspecified,1,According to Country of Origin
2026-05-31,75,Taiwan,348015.0,unspecified,1,According to Country of Origin
2026-05-31,76,Gabon,347740.0,unspecified,1,According to Country of Origin
2026-05-31,77,Senegal,341101.0,unspecified,1,According to Country of Origin
2026-05-31,78,Uganda,287760.0,unspecified,1,According to Country of Origin
2026-05-31,79,Sant Marino,223938.0,unspecified,1,According to Country of Origin
2026-05-31,80,Singapore,214747.0,unspecified,1,According to Country of Origin
2026-05-31,81,Maldives,212525.0,unspecified,1,According to Country of Origin
2026-05-31,82,Tanzania,163800.0,unspecified,1,According to Country of Origin
2026-05-31,83,Yemen,112700.0,unspecified,1,According to Country of Origin
2026-05-31,84,Turkmenistan,89738.0,unspecified,1,According to Country of Origin
2026-05-31,85,Sierra Leone,22992.0,unspecified,1,According to Country of Origin
2026-05-31,86,Kenya,8000.0,unspecified,1,According to Country of Origin
2026-05-31,87,Philippines,3500.0,unspecified,1,According to Country of Origin
2026-05-31,88,Ivory Coast,2101.0,unspecified,1,According to Country of Origin
2025-11-30,1,Türkiye,4009237281.0,unspecified,1,According to Country of Origin
2025-11-30,2,China,2147267577.0,unspecified,1,According to Country of Origin
2025-11-30,3,Egypt,1701765016.0,unspecified,1,According to Country of Origin
2025-11-30,4,India,874854458.0,unspecified,1,According to Country of Origin
2025-11-30,5,Russian Federation,720379721.0,unspecified,1,According to Country of Origin
2025-11-30,6,Italy,542013522.0,unspecified,1,According to Country of Origin
2025-11-30,7,Brazil,399765823.0,unspecified,1,According to Country of Origin
2025-11-30,8,Tunisia,378712926.0,unspecified,1,According to Country of Origin
2025-11-30,9,United Arab Emirates,367553014.0,unspecified,1,According to Country of Origin
2025-11-30,10,Ukraine,330560471.0,unspecified,1,According to Country of Origin
2025-11-30,11,Thailand,303302679.0,unspecified,1,According to Country of Origin
2025-11-30,12,Germany,296260537.0,unspecified,1,According to Country of Origin
2025-11-30,13,United States,251943668.0,unspecified,1,According to Country of Origin
2025-11-30,14,France,224353544.0,unspecified,1,According to Country of Origin
2025-11-30,15,Romania,212199107.0,unspecified,1,According to Country of Origin
2025-11-30,16,Spain,174435637.0,unspecified,1,According to Country of Origin
2025-11-30,17,Netherlands,172493289.0,unspecified,1,According to Country of Origin
2025-11-30,18,Saudi Arabia,171702504.0,unspecified,1,According to Country of Origin
2025-11-30,19,Argentina,159677842.0,unspecified,1,According to Country of Origin
2025-11-30,20,Ireland,139725195.0,unspecified,1,According to Country of Origin
2025-11-30,21,South Korea,110601525.0,unspecified,1,According to Country of Origin
2025-11-30,22,Indonesia,99926114.0,unspecified,1,According to Country of Origin
2025-11-30,23,Belgium,86248589.0,unspecified,1,According to Country of Origin
2025-11-30,24,Europe,82065105.0,unspecified,1,According to Country of Origin
2025-11-30,25,Poland,82028533.0,unspecified,1,According to Country of Origin
2025-11-30,26,United Kingdom,70733990.0,unspecified,1,According to Country of Origin
2025-11-30,27,New Zealand,68849326.0,unspecified,1,According to Country of Origin
2025-11-30,28,Japan,65505763.0,unspecified,1,According to Country of Origin
2025-11-30,29,Guatemala,60382323.0,unspecified,1,According to Country of Origin
2025-11-30,30,Sri Lanka,52922822.0,unspecified,1,According to Country of Origin
2025-11-30,31,Bulgaria,48843293.0,unspecified,1,According to Country of Origin
2025-11-30,32,Ecuador,48308604.0,unspecified,1,According to Country of Origin
2025-11-30,33,Jordan,48094337.0,unspecified,1,According to Country of Origin
2025-11-30,34,Sweden,47611434.0,unspecified,1,According to Country of Origin
2025-11-30,35,Greece,47380068.0,unspecified,1,According to Country of Origin
2025-11-30,36,Algeria,38911525.0,unspecified,1,According to Country of Origin
2025-11-30,37,Switzerland,38552834.0,unspecified,1,According to Country of Origin
2025-11-30,38,Viet Nam,37119520.0,unspecified,1,According to Country of Origin
2025-11-30,39,Austria,36459771.0,unspecified,1,According to Country of Origin
2025-11-30,40,Serbia,31605825.0,unspecified,1,According to Country of Origin
2025-11-30,41,Morocco,29335599.0,unspecified,1,According to Country of Origin
2025-11-30,42,Oman,27178580.0,unspecified,1,According to Country of Origin
2025-11-30,43,Lithuania,26908536.0,unspecified,1,According to Country of Origin
2025-11-30,44,Slovenia,25252784.0,unspecified,1,According to Country of Origin
2025-11-30,45,Canada,24550300.0,unspecified,1,According to Country of Origin
2025-11-30,46,Portugal,24065197.0,unspecified,1,According to Country of Origin
2025-11-30,47,Denmark,21676706.0,unspecified,1,According to Country of Origin
2025-11-30,48,Malta,19072367.0,unspecified,1,According to Country of Origin
2025-11-30,49,Iraq,15831464.0,unspecified,1,According to Country of Origin
2025-11-30,50,Hungary,12106311.0,unspecified,1,According to Country of Origin
2025-11-30,51,Slovakia,10299949.0,unspecified,1,According to Country of Origin
2025-11-30,52,Syria,9894838.0,unspecified,1,According to Country of Origin
2025-11-30,53,Finland,8827819.0,unspecified,1,According to Country of Origin
2025-11-30,54,Bahrain,8201919.0,unspecified,1,According to Country of Origin
2025-11-30,55,Malaysia,6671674.0,unspecified,1,According to Country of Origin
2025-11-30,56,Cyprus,6197785.0,unspecified,1,According to Country of Origin
2025-11-30,57,Colombia,5651796.0,unspecified,1,According to Country of Origin
2025-11-30,58,Europe,5621639.0,unspecified,1,According to Country of Origin
2025-11-30,59,Pakistan,4974533.0,unspecified,1,According to Country of Origin
2025-11-30,60,Gabon,4383538.0,unspecified,1,According to Country of Origin
2025-11-30,61,Asia,3849457.0,unspecified,1,According to Country of Origin
2025-11-30,62,Qatar,3177500.0,unspecified,1,According to Country of Origin
2025-11-30,63,Australia,3114209.0,unspecified,1,According to Country of Origin
2025-11-30,64,Costa Rica,2888962.0,unspecified,1,According to Country of Origin
2025-11-30,65,Mexico,2882760.0,unspecified,1,According to Country of Origin
2025-11-30,66,South Africa,2721161.0,unspecified,1,According to Country of Origin
2025-11-30,67,Lebanon,2718114.0,unspecified,1,According to Country of Origin
2025-11-30,68,Uruguay,2560200.0,unspecified,1,According to Country of Origin
2025-11-30,69,Cambodia,2300323.0,unspecified,1,According to Country of Origin
2025-11-30,70,Hong Kong S.A.R.,1949889.0,unspecified,1,According to Country of Origin
2025-11-30,71,Bangladesh,1843709.0,unspecified,1,According to Country of Origin
2025-11-30,72,Taiwan,1839996.0,unspecified,1,According to Country of Origin
2025-11-30,73,Czech Republic,1614966.0,unspecified,1,According to Country of Origin
2025-11-30,74,Singapore,1567090.0,unspecified,1,According to Country of Origin
2025-11-30,75,Former Yugoslav Republic of Macedonia,1340898.0,unspecified,1,According to Country of Origin
2025-11-30,76,Equatorial Guinea,1283845.0,unspecified,1,According to Country of Origin
2025-11-30,77,Norway,976080.0,unspecified,1,According to Country of Origin
2025-11-30,78,Bosnia and Herzegovina,975304.0,unspecified,1,According to Country of Origin
2025-11-30,79,Marshall Islands,895900.0,unspecified,1,According to Country of Origin
2025-11-30,80,Albania,863214.0,unspecified,1,According to Country of Origin
2025-11-30,81,Kazakhstan,740650.0,unspecified,1,According to Country of Origin
2025-11-30,82,Ethiopia,663098.0,unspecified,1,According to Country of Origin
2025-11-30,83,Moldova,582530.0,unspecified,1,According to Country of Origin
2025-11-30,84,Ivory Coast,575584.0,unspecified,1,According to Country of Origin
2025-11-30,85,"Korea, North",497860.0,unspecified,1,According to Country of Origin
2025-11-30,86,Chile,497400.0,unspecified,1,According to Country of Origin
2025-11-30,87,Nigeria,462409.0,unspecified,1,According to Country of Origin
2025-11-30,88,Kenya,456005.0,unspecified,1,According to Country of Origin
2025-11-30,89,Uzbekistan,453280.0,unspecified,1,According to Country of Origin
2025-11-30,90,Sant Marino,416260.0,unspecified,1,According to Country of Origin
2025-11-30,91,Monaco,407931.0,unspecified,1,According to Country of Origin
2025-11-30,92,Uganda,367500.0,unspecified,1,According to Country of Origin
2025-11-30,93,Tanzania,350451.0,unspecified,1,According to Country of Origin
2025-11-30,94,Namibia,344819.0,unspecified,1,According to Country of Origin
2025-11-30,95,Niger,315000.0,unspecified,1,According to Country of Origin
2025-11-30,96,Croatia,276489.0,unspecified,1,According to Country of Origin
2025-11-30,97,Luxembourg,186716.0,unspecified,1,According to Country of Origin
2025-11-30,98,Mauritius,184089.0,unspecified,1,According to Country of Origin
2025-11-30,99,Yemen,167300.0,unspecified,1,According to Country of Origin
2025-11-30,100,Kuwait,152240.0,unspecified,1,According to Country of Origin
2025-11-30,101,Turkmenistan,139490.0,unspecified,1,According to Country of Origin
2025-11-30,102,Philippines,117198.0,unspecified,1,According to Country of Origin
2025-11-30,103,Peru,106680.0,unspecified,1,According to Country of Origin
2025-11-30,104,Belarus,65570.0,unspecified,1,According to Country of Origin
2025-11-30,105,Central African Republic,56555.0,unspecified,1,According to Country of Origin
2025-11-30,106,Azerbaijan,56194.0,unspecified,1,According to Country of Origin
2025-11-30,107,American Samoa,54939.0,unspecified,1,According to Country of Origin
2025-11-30,108,Sierra Leone,41289.0,unspecified,1,According to Country of Origin
2025-11-30,109,Estonia,13461.0,unspecified,1,According to Country of Origin
2025-09-30,1,Türkiye,3139621178.0,private,1,According to Country of Origin - Private Sector
2025-09-30,2,China,1682946129.0,private,1,According to Country of Origin - Private Sector
2025-09-30,3,Egypt,1392161906.0,private,1,According to Country of Origin - Private Sector
2025-09-30,4,India,705093254.0,private,1,According to Country of Origin - Private Sector
2025-09-30,5,Russian Federation,552419507.0,private,1,According to Country of Origin - Private Sector
2025-09-30,6,Italy,397466015.0,private,1,According to Country of Origin - Private Sector
2025-09-30,7,Brazil,341852322.0,private,1,According to Country of Origin - Private Sector
2025-09-30,8,Tunisia,287745940.0,private,1,According to Country of Origin - Private Sector
2025-09-30,9,United Arab Emirates,274596579.0,private,1,According to Country of Origin - Private Sector
2025-09-30,10,Thailand,253520598.0,private,1,According to Country of Origin - Private Sector
2025-09-30,11,Ukraine,240205760.0,private,1,According to Country of Origin - Private Sector
2025-09-30,12,Germany,226404018.0,private,1,According to Country of Origin - Private Sector
2025-09-30,13,United States,206429138.0,private,1,According to Country of Origin - Private Sector
2025-09-30,14,France,174912948.0,private,1,According to Country of Origin - Private Sector
2025-09-30,15,Romania,170326563.0,private,1,According to Country of Origin - Private Sector
2025-09-30,16,Saudi Arabia,146258864.0,private,1,According to Country of Origin - Private Sector
2025-09-30,17,Argentina,130258166.0,private,1,According to Country of Origin - Private Sector
2025-09-30,18,Spain,125512450.0,private,1,According to Country of Origin - Private Sector
2025-09-30,19,Netherlands,124138737.0,private,1,According to Country of Origin - Private Sector
2025-09-30,20,Ireland,113375626.0,private,1,According to Country of Origin - Private Sector
2025-09-30,21,South Korea,84187491.0,private,1,According to Country of Origin - Private Sector
2025-09-30,22,Europe,82065105.0,private,1,According to Country of Origin - Private Sector
2025-09-30,23,Belgium,72773417.0,private,1,According to Country of Origin - Private Sector
2025-09-30,24,Indonesia,72221723.0,private,1,According to Country of Origin - Private Sector
2025-09-30,25,New Zealand,57414306.0,private,1,According to Country of Origin - Private Sector
2025-09-30,26,Japan,55669866.0,private,1,According to Country of Origin - Private Sector
2025-09-30,27,United Kingdom,50842218.0,private,1,According to Country of Origin - Private Sector
2025-09-30,28,Sri Lanka,47927376.0,private,1,According to Country of Origin - Private Sector
2025-09-30,29,Poland,47461986.0,private,1,According to Country of Origin - Private Sector
2025-09-30,30,Bulgaria,38838307.0,private,1,According to Country of Origin - Private Sector
2025-09-30,31,Jordan,38110172.0,private,1,According to Country of Origin - Private Sector
2025-09-30,32,Ecuador,37458521.0,private,1,According to Country of Origin - Private Sector
2025-09-30,33,Switzerland,33980016.0,private,1,According to Country of Origin - Private Sector
2025-09-30,34,Sweden,31349821.0,private,1,According to Country of Origin - Private Sector
2025-09-30,35,Serbia,30297402.0,private,1,According to Country of Origin - Private Sector
2025-09-30,36,Algeria,29176721.0,private,1,According to Country of Origin - Private Sector
2025-09-30,37,Austria,26766571.0,private,1,According to Country of Origin - Private Sector
2025-09-30,38,Viet Nam,26240142.0,private,1,According to Country of Origin - Private Sector
2025-09-30,39,Greece,23573194.0,private,1,According to Country of Origin - Private Sector
2025-09-30,40,Canada,19306919.0,private,1,According to Country of Origin - Private Sector
2025-09-30,41,Portugal,18179940.0,private,1,According to Country of Origin - Private Sector
2025-09-30,42,Morocco,17887435.0,private,1,According to Country of Origin - Private Sector
2025-09-30,43,Malta,16703007.0,private,1,According to Country of Origin - Private Sector
2025-09-30,44,Oman,16437456.0,private,1,According to Country of Origin - Private Sector
2025-09-30,45,Slovenia,15605529.0,private,1,According to Country of Origin - Private Sector
2025-09-30,46,Guatemala,15429340.0,private,1,According to Country of Origin - Private Sector
2025-09-30,47,Iraq,15353254.0,private,1,According to Country of Origin - Private Sector
2025-09-30,48,Denmark,14771654.0,private,1,According to Country of Origin - Private Sector
2025-09-30,49,Hungary,10240579.0,private,1,According to Country of Origin - Private Sector
2025-09-30,50,Lithuania,9849916.0,private,1,According to Country of Origin - Private Sector
2025-09-30,51,Syria,9314038.0,private,1,According to Country of Origin - Private Sector
2025-09-30,52,Oman,6832416.0,private,1,According to Country of Origin - Private Sector
2025-09-30,53,Finland,6284632.0,private,1,According to Country of Origin - Private Sector
2025-09-30,54,Slovakia,4922093.0,private,1,According to Country of Origin - Private Sector
2025-09-30,55,Cyprus,4315402.0,private,1,According to Country of Origin - Private Sector
2025-09-30,56,Colombia,4304040.0,private,1,According to Country of Origin - Private Sector
2025-09-30,57,Asia,3849457.0,private,1,According to Country of Origin - Private Sector
2025-09-30,58,Malaysia,3444761.0,private,1,According to Country of Origin - Private Sector
2025-09-30,59,Pakistan,3321555.0,private,1,According to Country of Origin - Private Sector
2025-09-30,60,Uruguay,2560200.0,private,1,According to Country of Origin - Private Sector
2025-09-30,61,Gabon,2500013.0,private,1,According to Country of Origin - Private Sector
2025-09-30,62,Bahrain,2475146.0,private,1,According to Country of Origin - Private Sector
2025-09-30,63,Cambodia,2300323.0,private,1,According to Country of Origin - Private Sector
2025-09-30,64,Mexico,2268163.0,private,1,According to Country of Origin - Private Sector
2025-09-30,65,Australia,2187683.0,private,1,According to Country of Origin - Private Sector
2025-09-30,66,Qatar,1738000.0,private,1,According to Country of Origin - Private Sector
2025-09-30,67,Lebanon,1644232.0,private,1,According to Country of Origin - Private Sector
2025-09-30,68,Costa Rica,1623608.0,private,1,According to Country of Origin - Private Sector
2025-09-30,69,South Africa,1522131.0,private,1,According to Country of Origin - Private Sector
2025-09-30,70,Taiwan,1509773.0,private,1,According to Country of Origin - Private Sector
2025-09-30,71,Equatorial Guinea,1283845.0,private,1,According to Country of Origin - Private Sector
2025-09-30,72,Singapore,1141111.0,private,1,According to Country of Origin - Private Sector
2025-09-30,73,Aruba,1115039.0,private,1,According to Country of Origin - Private Sector
2025-09-30,74,Bangladesh,1099363.0,private,1,According to Country of Origin - Private Sector
2025-09-30,75,Norway,976080.0,private,1,According to Country of Origin - Private Sector
2025-09-30,76,Former Yugoslav Republic of Macedonia,936995.0,private,1,According to Country of Origin - Private Sector
2025-09-30,77,Czech Republic,898210.0,private,1,According to Country of Origin - Private Sector
2025-09-30,78,Ethiopia,663098.0,private,1,According to Country of Origin - Private Sector
2025-09-30,79,"Korea, North",497860.0,private,1,According to Country of Origin - Private Sector
2025-09-30,80,Nigeria,462409.0,private,1,According to Country of Origin - Private Sector
2025-09-30,81,Sant Marino,416260.0,private,1,According to Country of Origin - Private Sector
2025-09-30,82,Monaco,407931.0,private,1,According to Country of Origin - Private Sector
2025-09-30,83,Uganda,367500.0,private,1,According to Country of Origin - Private Sector
2025-09-30,84,Namibia,344819.0,private,1,According to Country of Origin - Private Sector
2025-09-30,85,Kenya,286147.0,private,1,According to Country of Origin - Private Sector
2025-09-30,86,Bosnia and Herzegovina,276667.0,private,1,According to Country of Origin - Private Sector
2025-09-30,87,Albania,274300.0,private,1,According to Country of Origin - Private Sector
2025-09-30,88,Hong Kong S.A.R.,221889.0,private,1,According to Country of Origin - Private Sector
2025-09-30,89,Kazakhstan,218150.0,private,1,According to Country of Origin - Private Sector
2025-09-30,90,Croatia,208945.0,private,1,According to Country of Origin - Private Sector
2025-09-30,91,Yemen,167300.0,private,1,According to Country of Origin - Private Sector
2025-09-30,92,Mauritius,165000.0,private,1,According to Country of Origin - Private Sector
2025-09-30,93,Kuwait,152240.0,private,1,According to Country of Origin - Private Sector
2025-09-30,94,Turkmenistan,139490.0,private,1,According to Country of Origin - Private Sector
2025-09-30,95,Philippines,117198.0,private,1,According to Country of Origin - Private Sector
2025-09-30,96,Central African Republic,56555.0,private,1,According to Country of Origin - Private Sector
2025-09-30,97,American Samoa,54939.0,private,1,According to Country of Origin - Private Sector
2025-09-30,98,Tanzania,39658.0,private,1,According to Country of Origin - Private Sector
2025-09-30,99,Sierra Leone,26931.0,private,1,According to Country of Origin - Private Sector
2025-09-30,100,Estonia,13461.0,private,1,According to Country of Origin - Private Sector
2025-09-30,1,United Arab Emirates,3278310768.0,private,2,According to Country of Origin - Private Sector
2025-09-30,2,Türkiye,2721160577.0,private,2,According to Country of Origin - Private Sector
2025-09-30,3,Egypt,1314676338.0,private,2,According to Country of Origin - Private Sector
2025-09-30,4,Switzerland,538963715.0,private,2,According to Country of Origin - Private Sector
2025-09-30,5,China,519155276.0,private,2,According to Country of Origin - Private Sector
2025-09-30,6,United Kingdom,427061616.0,private,2,According to Country of Origin - Private Sector
2025-09-30,7,Italy,343631277.0,private,2,According to Country of Origin - Private Sector
2025-09-30,8,Tunisia,341685544.0,private,2,According to Country of Origin - Private Sector
2025-09-30,9,Spain,213529071.0,private,2,According to Country of Origin - Private Sector
2025-09-30,10,Thailand,165847019.0,private,2,According to Country of Origin - Private Sector
2025-09-30,11,Japan,159251804.0,private,2,According to Country of Origin - Private Sector
2025-09-30,12,Austria,148966215.0,private,2,According to Country of Origin - Private Sector
2025-09-30,13,Netherlands,123040596.0,private,2,According to Country of Origin - Private Sector
2025-09-30,14,Slovakia,102627586.0,private,2,According to Country of Origin - Private Sector
2025-09-30,15,Singapore,98620328.0,private,2,According to Country of Origin - Private Sector
2025-09-30,16,Jordan,96828438.0,private,2,According to Country of Origin - Private Sector
2025-09-30,17,France,89593321.0,private,2,According to Country of Origin - Private Sector
2025-09-30,18,South Korea,85422167.0,private,2,According to Country of Origin - Private Sector
2025-09-30,19,Germany,83334065.0,private,2,According to Country of Origin - Private Sector
2025-09-30,20,Saudi Arabia,64890180.0,private,2,According to Country of Origin - Private Sector
2025-09-30,21,Hong Kong S.A.R.,52927726.0,private,2,According to Country of Origin - Private Sector
2025-09-30,22,Belgium,50859734.0,private,2,According to Country of Origin - Private Sector
2025-09-30,23,Canada,45932607.0,private,2,According to Country of Origin - Private Sector
2025-09-30,24,New Zealand,44990926.0,private,2,According to Country of Origin - Private Sector
2025-09-30,25,Indonesia,44825534.0,private,2,According to Country of Origin - Private Sector
2025-09-30,26,India,43800174.0,private,2,According to Country of Origin - Private Sector
2025-09-30,27,Bahrain,42569004.0,private,2,According to Country of Origin - Private Sector
2025-09-30,28,Sri Lanka,41109466.0,private,2,According to Country of Origin - Private Sector
2025-09-30,29,Oman,40099972.0,private,2,According to Country of Origin - Private Sector
2025-09-30,30,Ukraine,39887325.0,private,2,According to Country of Origin - Private Sector
2025-09-30,31,Malta,39650259.0,private,2,According to Country of Origin - Private Sector
2025-09-30,32,Brazil,35194897.0,private,2,According to Country of Origin - Private Sector
2025-09-30,33,United States,34408311.0,private,2,According to Country of Origin - Private Sector
2025-09-30,34,Sweden,28514586.0,private,2,According to Country of Origin - Private Sector
2025-09-30,35,Algeria,27969596.0,private,2,According to Country of Origin - Private Sector
2025-09-30,36,Morocco,24531443.0,private,2,According to Country of Origin - Private Sector
2025-09-30,37,Cyprus,24187789.0,private,2,According to Country of Origin - Private Sector
2025-09-30,38,Ireland,22164788.0,private,2,According to Country of Origin - Private Sector
2025-09-30,39,Denmark,17384229.0,private,2,According to Country of Origin - Private Sector
2025-09-30,40,Poland,16739522.0,private,2,According to Country of Origin - Private Sector
2025-09-30,41,Greece,16694184.0,private,2,According to Country of Origin - Private Sector
2025-09-30,42,Hungary,16467592.0,private,2,According to Country of Origin - Private Sector
2025-09-30,43,Mauritius,16302854.0,private,2,According to Country of Origin - Private Sector
2025-09-30,44,Slovenia,15839099.0,private,2,According to Country of Origin - Private Sector
2025-09-30,45,Oman,14155266.0,private,2,According to Country of Origin - Private Sector
2025-09-30,46,Luxembourg,13045799.0,private,2,According to Country of Origin - Private Sector
2025-09-30,47,Ecuador,10844898.0,private,2,According to Country of Origin - Private Sector
2025-09-30,48,Australia,10575960.0,private,2,According to Country of Origin - Private Sector
2025-09-30,49,Portugal,10014094.0,private,2,According to Country of Origin - Private Sector
2025-09-30,50,Lithuania,8578900.0,private,2,According to Country of Origin - Private Sector
2025-09-30,51,Romania,8449258.0,private,2,According to Country of Origin - Private Sector
2025-09-30,52,Viet Nam,6559905.0,private,2,According to Country of Origin - Private Sector
2025-09-30,53,Russian Federation,5822500.0,private,2,According to Country of Origin - Private Sector
2025-09-30,54,Bulgaria,4908136.0,private,2,According to Country of Origin - Private Sector
2025-09-30,55,Pakistan,3321555.0,private,2,According to Country of Origin - Private Sector
2025-09-30,56,Finland,3065491.0,private,2,According to Country of Origin - Private Sector
2025-09-30,57,"Korea, North",2423380.0,private,2,According to Country of Origin - Private Sector
2025-09-30,58,Malaysia,1874968.0,private,2,According to Country of Origin - Private Sector
2025-09-30,59,Qatar,1738000.0,private,2,According to Country of Origin - Private Sector
2025-09-30,60,Botswana,1651500.0,private,2,According to Country of Origin - Private Sector
2025-09-30,61,Argentina,1454424.0,private,2,According to Country of Origin - Private Sector
2025-09-30,62,Lebanon,1375765.0,private,2,According to Country of Origin - Private Sector
2025-09-30,63,South Africa,1290578.0,private,2,According to Country of Origin - Private Sector
2025-09-30,64,Georgia,1207125.0,private,2,According to Country of Origin - Private Sector
2025-09-30,65,Croatia,1206445.0,private,2,According to Country of Origin - Private Sector
2025-09-30,66,Serbia,1161039.0,private,2,According to Country of Origin - Private Sector
2025-09-30,67,Aruba,1115039.0,private,2,According to Country of Origin - Private Sector
2025-09-30,68,Liechtenstein,1070493.0,private,2,According to Country of Origin - Private Sector
2025-09-30,69,Andorra,970084.0,private,2,According to Country of Origin - Private Sector
2025-09-30,70,Former Yugoslav Republic of Macedonia,936995.0,private,2,According to Country of Origin - Private Sector
2025-09-30,71,Europe,732274.0,private,2,According to Country of Origin - Private Sector
2025-09-30,72,Taiwan,693733.0,private,2,According to Country of Origin - Private Sector
2025-09-30,73,Kenya,523919.0,private,2,According to Country of Origin - Private Sector
2025-09-30,74,Nigeria,462409.0,private,2,According to Country of Origin - Private Sector
2025-09-30,75,Czech Republic,353651.0,private,2,According to Country of Origin - Private Sector
2025-09-30,76,Sant Marino,310355.0,private,2,According to Country of Origin - Private Sector
2025-09-30,77,Bosnia and Herzegovina,276667.0,private,2,According to Country of Origin - Private Sector
2025-09-30,78,Albania,274300.0,private,2,According to Country of Origin - Private Sector
2025-09-30,79,Monaco,243440.0,private,2,According to Country of Origin - Private Sector
2025-09-30,80,Iraq,210004.0,private,2,According to Country of Origin - Private Sector
2025-09-30,81,Colombia,187488.0,private,2,According to Country of Origin - Private Sector
2025-09-30,82,Kuwait,152240.0,private,2,According to Country of Origin - Private Sector
2025-09-30,83,Gabon,110063.0,private,2,According to Country of Origin - Private Sector
2025-09-30,84,Estonia,105571.0,private,2,According to Country of Origin - Private Sector
2025-09-30,85,Saint Helena,100000.0,private,2,According to Country of Origin - Private Sector
2025-09-30,86,American Samoa,54939.0,private,2,According to Country of Origin - Private Sector
2025-09-30,87,Sierra Leone,51570.0,private,2,According to Country of Origin - Private Sector
2025-09-30,88,Kazakhstan,4400.0,private,2,According to Country of Origin - Private Sector
2025-08-31,1,Türkiye,2909047915.0,private,1,According to Country of Origin - Private Sector
2025-08-31,2,China,1568896321.0,private,1,According to Country of Origin - Private Sector
2025-08-31,3,Egypt,1270077393.0,private,1,According to Country of Origin - Private Sector
2025-08-31,4,India,682497311.0,private,1,According to Country of Origin - Private Sector
2025-08-31,5,Russian Federation,511890007.0,private,1,According to Country of Origin - Private Sector
2025-08-31,6,Italy,371110006.0,private,1,According to Country of Origin - Private Sector
2025-08-31,7,Brazil,330304124.0,private,1,According to Country of Origin - Private Sector
2025-08-31,8,Tunisia,266639395.0,private,1,According to Country of Origin - Private Sector
2025-08-31,9,United Arab Emirates,252138944.0,private,1,According to Country of Origin - Private Sector
2025-08-31,10,Thailand,242569601.0,private,1,According to Country of Origin - Private Sector
2025-08-31,11,Ukraine,228252482.0,private,1,According to Country of Origin - Private Sector
2025-08-31,12,Germany,202827658.0,private,1,According to Country of Origin - Private Sector
2025-08-31,13,United States,183147417.0,private,1,According to Country of Origin - Private Sector
2025-08-31,14,France,166853415.0,private,1,According to Country of Origin - Private Sector
2025-08-31,15,Romania,159729795.0,private,1,According to Country of Origin - Private Sector
2025-08-31,16,Saudi Arabia,133233199.0,private,1,According to Country of Origin - Private Sector
2025-08-31,17,Spain,117677214.0,private,1,According to Country of Origin - Private Sector
2025-08-31,18,Netherlands,116161499.0,private,1,According to Country of Origin - Private Sector
2025-08-31,19,Argentina,114074830.0,private,1,According to Country of Origin - Private Sector
2025-08-31,20,Ireland,104956028.0,private,1,According to Country of Origin - Private Sector
2025-08-31,21,Europe,82065105.0,private,1,According to Country of Origin - Private Sector
2025-08-31,22,South Korea,78287872.0,private,1,According to Country of Origin - Private Sector
2025-08-31,23,Belgium,69415073.0,private,1,According to Country of Origin - Private Sector
2025-08-31,24,Indonesia,66617189.0,private,1,According to Country of Origin - Private Sector
2025-08-31,25,New Zealand,55308194.0,private,1,According to Country of Origin - Private Sector
2025-08-31,26,Japan,50505986.0,private,1,According to Country of Origin - Private Sector
2025-08-31,27,United Kingdom,48718527.0,private,1,According to Country of Origin - Private Sector
2025-08-31,28,Sri Lanka,45362785.0,private,1,According to Country of Origin - Private Sector
2025-08-31,29,Poland,43771225.0,private,1,According to Country of Origin - Private Sector
2025-08-31,30,Ecuador,35355878.0,private,1,According to Country of Origin - Private Sector
2025-08-31,31,Jordan,35312444.0,private,1,According to Country of Origin - Private Sector
2025-08-31,32,Bulgaria,31079708.0,private,1,According to Country of Origin - Private Sector
2025-08-31,33,Serbia,30297402.0,private,1,According to Country of Origin - Private Sector
2025-08-31,34,Switzerland,29546688.0,private,1,According to Country of Origin - Private Sector
2025-08-31,35,Algeria,28971957.0,private,1,According to Country of Origin - Private Sector
2025-08-31,36,Sweden,27854674.0,private,1,According to Country of Origin - Private Sector
2025-08-31,37,Viet Nam,25407112.0,private,1,According to Country of Origin - Private Sector
2025-08-31,38,Austria,24118989.0,private,1,According to Country of Origin - Private Sector
2025-08-31,39,Greece,23147203.0,private,1,According to Country of Origin - Private Sector
2025-08-31,40,Canada,19208742.0,private,1,According to Country of Origin - Private Sector
2025-08-31,41,Portugal,18179940.0,private,1,According to Country of Origin - Private Sector
2025-08-31,42,Morocco,16987925.0,private,1,According to Country of Origin - Private Sector
2025-08-31,43,Oman,16437456.0,private,1,According to Country of Origin - Private Sector
2025-08-31,44,Iraq,15353254.0,private,1,According to Country of Origin - Private Sector
2025-08-31,45,Slovenia,14929625.0,private,1,According to Country of Origin - Private Sector
2025-08-31,46,Denmark,13209894.0,private,1,According to Country of Origin - Private Sector
2025-08-31,47,Malta,11514560.0,private,1,According to Country of Origin - Private Sector
2025-08-31,48,Hungary,9993343.0,private,1,According to Country of Origin - Private Sector
2025-08-31,49,Guatemala,9574000.0,private,1,According to Country of Origin - Private Sector
2025-08-31,50,Syria,9314038.0,private,1,According to Country of Origin - Private Sector
2025-08-31,51,Finland,6284632.0,private,1,According to Country of Origin - Private Sector
2025-08-31,52,Oman,6230766.0,private,1,According to Country of Origin - Private Sector
2025-08-31,53,Lithuania,4957887.0,private,1,According to Country of Origin - Private Sector
2025-08-31,54,Slovakia,4922093.0,private,1,According to Country of Origin - Private Sector
2025-08-31,55,Cyprus,4315402.0,private,1,According to Country of Origin - Private Sector
2025-08-31,56,Asia,3849457.0,private,1,According to Country of Origin - Private Sector
2025-08-31,57,Colombia,3318720.0,private,1,According to Country of Origin - Private Sector
2025-08-31,58,Pakistan,3211647.0,private,1,According to Country of Origin - Private Sector
2025-08-31,59,Malaysia,3096002.0,private,1,According to Country of Origin - Private Sector
2025-08-31,60,Uruguay,2560200.0,private,1,According to Country of Origin - Private Sector
2025-08-31,61,Gabon,2500013.0,private,1,According to Country of Origin - Private Sector
2025-08-31,62,Cambodia,2300323.0,private,1,According to Country of Origin - Private Sector
2025-08-31,63,Mexico,2268163.0,private,1,According to Country of Origin - Private Sector
2025-08-31,64,Bahrain,2233027.0,private,1,According to Country of Origin - Private Sector
2025-08-31,65,Australia,2187683.0,private,1,According to Country of Origin - Private Sector
2025-08-31,66,South Africa,1522131.0,private,1,According to Country of Origin - Private Sector
2025-08-31,67,Taiwan,1509773.0,private,1,According to Country of Origin - Private Sector
2025-08-31,68,Lebanon,1407732.0,private,1,According to Country of Origin - Private Sector
2025-08-31,69,Equatorial Guinea,1283845.0,private,1,According to Country of Origin - Private Sector
2025-08-31,70,Europe,1115039.0,private,1,According to Country of Origin - Private Sector
2025-08-31,71,Qatar,1114000.0,private,1,According to Country of Origin - Private Sector
2025-08-31,72,Costa Rica,1105071.0,private,1,According to Country of Origin - Private Sector
2025-08-31,73,Bangladesh,1099363.0,private,1,According to Country of Origin - Private Sector
2025-08-31,74,Norway,976080.0,private,1,According to Country of Origin - Private Sector
2025-08-31,75,Former Yugoslav Republic of Macedonia,936995.0,private,1,According to Country of Origin - Private Sector
2025-08-31,76,Czech Republic,898210.0,private,1,According to Country of Origin - Private Sector
2025-08-31,77,Singapore,840640.0,private,1,According to Country of Origin - Private Sector
2025-08-31,78,Ethiopia,663098.0,private,1,According to Country of Origin - Private Sector
2025-08-31,79,"Korea, North",497860.0,private,1,According to Country of Origin - Private Sector
2025-08-31,80,Nigeria,462409.0,private,1,According to Country of Origin - Private Sector
2025-08-31,81,Sant Marino,416260.0,private,1,According to Country of Origin - Private Sector
2025-08-31,82,Monaco,407931.0,private,1,According to Country of Origin - Private Sector
2025-08-31,83,Uganda,367500.0,private,1,According to Country of Origin - Private Sector
2025-08-31,84,Namibia,344819.0,private,1,According to Country of Origin - Private Sector
2025-08-31,85,Kenya,286147.0,private,1,According to Country of Origin - Private Sector
2025-08-31,86,Albania,274300.0,private,1,According to Country of Origin - Private Sector
2025-08-31,87,Hong Kong S.A.R.,221889.0,private,1,According to Country of Origin - Private Sector
2025-08-31,88,Croatia,208945.0,private,1,According to Country of Origin - Private Sector
2025-08-31,89,Kazakhstan,176650.0,private,1,According to Country of Origin - Private Sector
2025-08-31,90,Yemen,167300.0,private,1,According to Country of Origin - Private Sector
2025-08-31,91,Mauritius,165000.0,private,1,According to Country of Origin - Private Sector
2025-08-31,92,Bosnia and Herzegovina,153585.0,private,1,According to Country of Origin - Private Sector
2025-08-31,93,Kuwait,152240.0,private,1,According to Country of Origin - Private Sector
2025-08-31,94,Turkmenistan,139490.0,private,1,According to Country of Origin - Private Sector
2025-08-31,95,Central African Republic,56555.0,private,1,According to Country of Origin - Private Sector
2025-08-31,96,American Samoa,54939.0,private,1,According to Country of Origin - Private Sector
2025-08-31,97,Tanzania,39658.0,private,1,According to Country of Origin - Private Sector
2025-08-31,98,Sierra Leone,22562.0,private,1,According to Country of Origin - Private Sector
2025-08-31,99,Estonia,13461.0,private,1,According to Country of Origin - Private Sector
2025-08-31,1,United Arab Emirates,3079493261.0,private,2,According to Country of Origin - Private Sector
2025-08-31,2,Türkiye,2496399015.0,private,2,According to Country of Origin - Private Sector
2025-08-31,3,Egypt,1209907434.0,private,2,According to Country of Origin - Private Sector
2025-08-31,4,Switzerland,495958886.0,private,2,According to Country of Origin - Private Sector
2025-08-31,5,China,475693485.0,private,2,According to Country of Origin - Private Sector
2025-08-31,6,United Kingdom,404557820.0,private,2,According to Country of Origin - Private Sector
2025-08-31,7,Italy,324668791.0,private,2,According to Country of Origin - Private Sector
2025-08-31,8,Tunisia,318510759.0,private,2,According to Country of Origin - Private Sector
2025-08-31,9,Spain,202344858.0,private,2,According to Country of Origin - Private Sector
2025-08-31,10,Thailand,155333935.0,private,2,According to Country of Origin - Private Sector
2025-08-31,11,Japan,154788124.0,private,2,According to Country of Origin - Private Sector
2025-08-31,12,Austria,137192744.0,private,2,According to Country of Origin - Private Sector
2025-08-31,13,Netherlands,114521098.0,private,2,According to Country of Origin - Private Sector
2025-08-31,14,Singapore,98620328.0,private,2,According to Country of Origin - Private Sector
2025-08-31,15,Slovakia,96641086.0,private,2,According to Country of Origin - Private Sector
2025-08-31,16,Jordan,90018830.0,private,2,According to Country of Origin - Private Sector
2025-08-31,17,France,86400497.0,private,2,According to Country of Origin - Private Sector
2025-08-31,18,South Korea,80752428.0,private,2,According to Country of Origin - Private Sector
2025-08-31,19,Germany,76190944.0,private,2,According to Country of Origin - Private Sector
2025-08-31,20,Saudi Arabia,57652379.0,private,2,According to Country of Origin - Private Sector
2025-08-31,21,Belgium,48402020.0,private,2,According to Country of Origin - Private Sector
2025-08-31,22,Canada,45772046.0,private,2,According to Country of Origin - Private Sector
2025-08-31,23,Hong Kong S.A.R.,43957389.0,private,2,According to Country of Origin - Private Sector
2025-08-31,24,New Zealand,42884814.0,private,2,According to Country of Origin - Private Sector
2025-08-31,25,Indonesia,42174722.0,private,2,According to Country of Origin - Private Sector
2025-08-31,26,India,41702831.0,private,2,According to Country of Origin - Private Sector
2025-08-31,27,Oman,40099972.0,private,2,According to Country of Origin - Private Sector
2025-08-31,28,Ukraine,39274047.0,private,2,According to Country of Origin - Private Sector
2025-08-31,29,Sri Lanka,38544875.0,private,2,According to Country of Origin - Private Sector
2025-08-31,30,Malta,36482578.0,private,2,According to Country of Origin - Private Sector
2025-08-31,31,United States,32538152.0,private,2,According to Country of Origin - Private Sector
2025-08-31,32,Brazil,31981502.0,private,2,According to Country of Origin - Private Sector
2025-08-31,33,Bahrain,31632669.0,private,2,According to Country of Origin - Private Sector
2025-08-31,34,Algeria,27764832.0,private,2,According to Country of Origin - Private Sector
2025-08-31,35,Sweden,26254174.0,private,2,According to Country of Origin - Private Sector
2025-08-31,36,Morocco,22291395.0,private,2,According to Country of Origin - Private Sector
2025-08-31,37,Cyprus,20423920.0,private,2,According to Country of Origin - Private Sector
2025-08-31,38,Ireland,19546854.0,private,2,According to Country of Origin - Private Sector
2025-08-31,39,Greece,16521785.0,private,2,According to Country of Origin - Private Sector
2025-08-31,40,Hungary,16220356.0,private,2,According to Country of Origin - Private Sector
2025-08-31,41,Denmark,15382852.0,private,2,According to Country of Origin - Private Sector
2025-08-31,42,Slovenia,15163195.0,private,2,According to Country of Origin - Private Sector
2025-08-31,43,Poland,14979180.0,private,2,According to Country of Origin - Private Sector
2025-08-31,44,Oman,14155266.0,private,2,According to Country of Origin - Private Sector
2025-08-31,45,Mauritius,13089219.0,private,2,According to Country of Origin - Private Sector
2025-08-31,46,Luxembourg,13045799.0,private,2,According to Country of Origin - Private Sector
2025-08-31,47,Ecuador,10326498.0,private,2,According to Country of Origin - Private Sector
2025-08-31,48,Portugal,10014094.0,private,2,According to Country of Origin - Private Sector
2025-08-31,49,Romania,8449258.0,private,2,According to Country of Origin - Private Sector
2025-08-31,50,Australia,6675960.0,private,2,According to Country of Origin - Private Sector
2025-08-31,51,Viet Nam,6559905.0,private,2,According to Country of Origin - Private Sector
2025-08-31,52,Russian Federation,5822500.0,private,2,According to Country of Origin - Private Sector
2025-08-31,53,Bulgaria,4854037.0,private,2,According to Country of Origin - Private Sector
2025-08-31,54,Lithuania,3686871.0,private,2,According to Country of Origin - Private Sector
2025-08-31,55,Pakistan,3211647.0,private,2,According to Country of Origin - Private Sector
2025-08-31,56,Finland,2595620.0,private,2,According to Country of Origin - Private Sector
2025-08-31,57,"Korea, North",2423380.0,private,2,According to Country of Origin - Private Sector
2025-08-31,58,Botswana,1651500.0,private,2,According to Country of Origin - Private Sector
2025-08-31,59,Malaysia,1526209.0,private,2,According to Country of Origin - Private Sector
2025-08-31,60,Argentina,1454424.0,private,2,According to Country of Origin - Private Sector
2025-08-31,61,Lebanon,1375765.0,private,2,According to Country of Origin - Private Sector
2025-08-31,62,South Africa,1290578.0,private,2,According to Country of Origin - Private Sector
2025-08-31,63,Georgia,1207125.0,private,2,According to Country of Origin - Private Sector
2025-08-31,64,Croatia,1206445.0,private,2,According to Country of Origin - Private Sector
2025-08-31,65,Serbia,1161039.0,private,2,According to Country of Origin - Private Sector
2025-08-31,66,Europe,1115039.0,private,2,According to Country of Origin - Private Sector
2025-08-31,67,Qatar,1114000.0,private,2,According to Country of Origin - Private Sector
2025-08-31,68,Liechtenstein,1070493.0,private,2,According to Country of Origin - Private Sector
2025-08-31,69,Andorra,970084.0,private,2,According to Country of Origin - Private Sector
2025-08-31,70,Former Yugoslav Republic of Macedonia,936995.0,private,2,According to Country of Origin - Private Sector
2025-08-31,71,Europe,732274.0,private,2,According to Country of Origin - Private Sector
2025-08-31,72,Taiwan,610383.0,private,2,According to Country of Origin - Private Sector
2025-08-31,73,Kenya,523919.0,private,2,According to Country of Origin - Private Sector
2025-08-31,74,Nigeria,462409.0,private,2,According to Country of Origin - Private Sector
2025-08-31,75,Czech Republic,353651.0,private,2,According to Country of Origin - Private Sector
2025-08-31,76,Sant Marino,310355.0,private,2,According to Country of Origin - Private Sector
2025-08-31,77,Albania,274300.0,private,2,According to Country of Origin - Private Sector
2025-08-31,78,Monaco,243440.0,private,2,According to Country of Origin - Private Sector
2025-08-31,79,Iraq,210004.0,private,2,According to Country of Origin - Private Sector
2025-08-31,80,Colombia,187488.0,private,2,According to Country of Origin - Private Sector
2025-08-31,81,Bosnia and Herzegovina,153585.0,private,2,According to Country of Origin - Private Sector
2025-08-31,82,Kuwait,152240.0,private,2,According to Country of Origin - Private Sector
2025-08-31,83,Gabon,110063.0,private,2,According to Country of Origin - Private Sector
2025-08-31,84,Estonia,105571.0,private,2,According to Country of Origin - Private Sector
2025-08-31,85,Saint Helena,100000.0,private,2,According to Country of Origin - Private Sector
2025-08-31,86,American Samoa,54939.0,private,2,According to Country of Origin - Private Sector
2025-08-31,87,Sierra Leone,47201.0,private,2,According to Country of Origin - Private Sector
2025-08-31,88,Kazakhstan,4400.0,private,2,According to Country of Origin - Private Sector
2025-08-31,1,Brazil,148401361.0,public,1,According to Country of Origin - Public Sector
2025-08-31,2,United Arab Emirates,115896735.0,public,1,According to Country of Origin - Public Sector
2025-08-31,3,Türkiye,72146767.0,public,1,According to Country of Origin - Public Sector
2025-08-31,4,Switzerland,60481191.0,public,1,According to Country of Origin - Public Sector
2025-08-31,5,Europe,55823185.0,public,1,According to Country of Origin - Public Sector
2025-08-31,6,United States,55648283.0,public,1,According to Country of Origin - Public Sector
2025-08-31,7,Bahrain,54805598.0,public,1,According to Country of Origin - Public Sector
2025-08-31,8,Belgium,54314118.0,public,1,According to Country of Origin - Public Sector
2025-08-31,9,Ireland,44301098.0,public,1,According to Country of Origin - Public Sector
2025-08-31,10,China,43600272.0,public,1,According to Country of Origin - Public Sector
2025-08-31,11,Germany,35062772.0,public,1,According to Country of Origin - Public Sector
2025-08-31,12,Greece,29169980.0,public,1,According to Country of Origin - Public Sector
2025-08-31,13,Thailand,20607434.0,public,1,According to Country of Origin - Public Sector
2025-08-31,14,Spain,20200493.0,public,1,According to Country of Origin - Public Sector
2025-08-31,15,Tunisia,17711018.0,public,1,According to Country of Origin - Public Sector
2025-08-31,16,Angola,16095000.0,public,1,According to Country of Origin - Public Sector
2025-08-31,17,India,14530192.0,public,1,According to Country of Origin - Public Sector
2025-08-31,18,France,12426954.0,public,1,According to Country of Origin - Public Sector
2025-08-31,19,Egypt,10833373.0,public,1,According to Country of Origin - Public Sector
2025-08-31,20,Austria,9953837.0,public,1,According to Country of Origin - Public Sector
2025-08-31,21,Sweden,7183983.0,public,1,According to Country of Origin - Public Sector
2025-08-31,22,United Kingdom,5283083.0,public,1,According to Country of Origin - Public Sector
2025-08-31,23,Malaysia,4995000.0,public,1,According to Country of Origin - Public Sector
2025-08-31,24,Italy,3668270.0,public,1,According to Country of Origin - Public Sector
2025-08-31,25,Netherlands,3383966.0,public,1,According to Country of Origin - Public Sector
2025-08-31,26,Ukraine,3281519.0,public,1,According to Country of Origin - Public Sector
2025-08-31,27,Argentina,2048068.0,public,1,According to Country of Origin - Public Sector
2025-08-31,28,Luxembourg,1806550.0,public,1,According to Country of Origin - Public Sector
2025-08-31,29,Hong Kong S.A.R.,1646648.0,public,1,According to Country of Origin - Public Sector
2025-08-31,30,Jordan,1234892.0,public,1,According to Country of Origin - Public Sector
2025-08-31,31,Saudi Arabia,1211711.0,public,1,According to Country of Origin - Public Sector
2025-08-31,32,Finland,938151.0,public,1,According to Country of Origin - Public Sector
2025-08-31,33,Portugal,312756.0,public,1,According to Country of Origin - Public Sector
2025-08-31,34,Malta,269985.0,public,1,According to Country of Origin - Public Sector
2025-08-31,35,Canada,245894.0,public,1,According to Country of Origin - Public Sector
2025-08-31,36,Denmark,201416.0,public,1,According to Country of Origin - Public Sector
2025-08-31,37,Poland,196885.0,public,1,According to Country of Origin - Public Sector
2025-08-31,38,Bulgaria,107207.0,public,1,According to Country of Origin - Public Sector
2025-08-31,39,Lithuania,68136.0,public,1,According to Country of Origin - Public Sector
2025-08-31,40,Mauritius,40436.0,public,1,According to Country of Origin - Public Sector
2025-08-31,41,Sierra Leone,3949.0,public,1,According to Country of Origin - Public Sector
2025-12-31,1,Türkiye,4202706804.0,unspecified,1,According to Country of Origin
2025-12-31,2,China,2303515873.0,unspecified,1,According to Country of Origin
2025-12-31,3,Egypt,1741400094.0,unspecified,1,According to Country of Origin
2025-12-31,4,India,903626006.0,unspecified,1,According to Country of Origin
2025-12-31,5,Russian Federation,830469548.0,unspecified,1,According to Country of Origin
2025-12-31,6,Italy,581872454.0,unspecified,1,According to Country of Origin
2025-12-31,7,Brazil,420422907.0,unspecified,1,According to Country of Origin
2025-12-31,8,Tunisia,418092019.0,unspecified,1,According to Country of Origin
2025-12-31,9,United Arab Emirates,396594887.0,unspecified,1,According to Country of Origin
2025-12-31,10,Ukraine,378270038.0,unspecified,1,According to Country of Origin
2025-12-31,11,Thailand,325648231.0,unspecified,1,According to Country of Origin
2025-12-31,12,Germany,318624155.0,unspecified,1,According to Country of Origin
2025-12-31,13,United States,263409190.0,unspecified,1,According to Country of Origin
2025-12-31,14,France,244945552.0,unspecified,1,According to Country of Origin
2025-12-31,15,Romania,225355405.0,unspecified,1,According to Country of Origin
2025-12-31,16,Spain,186542815.0,unspecified,1,According to Country of Origin
2025-12-31,17,Netherlands,179870105.0,unspecified,1,According to Country of Origin
2025-12-31,18,Saudi Arabia,179325559.0,unspecified,1,According to Country of Origin
2025-12-31,19,Argentina,174397394.0,unspecified,1,According to Country of Origin
2025-12-31,20,Ireland,151212010.0,unspecified,1,According to Country of Origin
2025-12-31,21,South Korea,116915987.0,unspecified,1,According to Country of Origin
2025-12-31,22,Indonesia,107746228.0,unspecified,1,According to Country of Origin
2025-12-31,23,Belgium,98915706.0,unspecified,1,According to Country of Origin
2025-12-31,24,Poland,90253901.0,unspecified,1,According to Country of Origin
2025-12-31,25,Europe,82065105.0,unspecified,1,According to Country of Origin
2025-12-31,26,United Kingdom,74593698.0,unspecified,1,According to Country of Origin
2025-12-31,27,Japan,71636083.0,unspecified,1,According to Country of Origin
2025-12-31,28,New Zealand,70669245.0,unspecified,1,According to Country of Origin
2025-12-31,29,Guatemala,60382323.0,unspecified,1,According to Country of Origin
2025-12-31,30,Sri Lanka,56386663.0,unspecified,1,According to Country of Origin
2025-12-31,31,Ecuador,55213620.0,unspecified,1,According to Country of Origin
2025-12-31,32,Bulgaria,53835759.0,unspecified,1,According to Country of Origin
2025-12-31,33,Greece,53772532.0,unspecified,1,According to Country of Origin
2025-12-31,34,Jordan,52501791.0,unspecified,1,According to Country of Origin
2025-12-31,35,Sweden,51844035.0,unspecified,1,According to Country of Origin
2025-12-31,36,Switzerland,42602102.0,unspecified,1,According to Country of Origin
2025-12-31,37,Algeria,40651464.0,unspecified,1,According to Country of Origin
2025-12-31,38,Viet Nam,39138100.0,unspecified,1,According to Country of Origin
2025-12-31,39,Austria,37056013.0,unspecified,1,According to Country of Origin
2025-12-31,40,Morocco,33932649.0,unspecified,1,According to Country of Origin
2025-12-31,41,Lithuania,33648346.0,unspecified,1,According to Country of Origin
2025-12-31,42,Serbia,31605825.0,unspecified,1,According to Country of Origin
2025-12-31,43,Oman,28150679.0,unspecified,1,According to Country of Origin
2025-12-31,44,Slovenia,26439341.0,unspecified,1,According to Country of Origin
2025-12-31,45,Portugal,25307740.0,unspecified,1,According to Country of Origin
2025-12-31,46,Canada,25112678.0,unspecified,1,According to Country of Origin
2025-12-31,47,Denmark,22705340.0,unspecified,1,According to Country of Origin
2025-12-31,48,Malta,20972437.0,unspecified,1,According to Country of Origin
2025-12-31,49,Iraq,15831464.0,unspecified,1,According to Country of Origin
2025-12-31,50,Hungary,12106311.0,unspecified,1,According to Country of Origin
2025-12-31,51,Slovakia,10299949.0,unspecified,1,According to Country of Origin
2025-12-31,52,Syria,9894838.0,unspecified,1,According to Country of Origin
2025-12-31,53,Finland,9066025.0,unspecified,1,According to Country of Origin
2025-12-31,54,Bahrain,8321874.0,unspecified,1,According to Country of Origin
2025-12-31,55,Europe,7586704.0,unspecified,1,According to Country of Origin
2025-12-31,56,Malaysia,6834194.0,unspecified,1,According to Country of Origin
2025-12-31,57,Cyprus,6413232.0,unspecified,1,According to Country of Origin
2025-12-31,58,Colombia,5651796.0,unspecified,1,According to Country of Origin
2025-12-31,59,Pakistan,5103981.0,unspecified,1,According to Country of Origin
2025-12-31,60,Kazakhstan,5024150.0,unspecified,1,According to Country of Origin
2025-12-31,61,Gabon,4383538.0,unspecified,1,According to Country of Origin
2025-12-31,62,Mexico,4062760.0,unspecified,1,According to Country of Origin
2025-12-31,63,Qatar,3856046.0,unspecified,1,According to Country of Origin
2025-12-31,64,Asia,3849457.0,unspecified,1,According to Country of Origin
2025-12-31,65,Australia,3114209.0,unspecified,1,According to Country of Origin
2025-12-31,66,Costa Rica,2888962.0,unspecified,1,According to Country of Origin
2025-12-31,67,Lebanon,2782446.0,unspecified,1,According to Country of Origin
2025-12-31,68,South Africa,2721161.0,unspecified,1,According to Country of Origin
2025-12-31,69,Uruguay,2560200.0,unspecified,1,According to Country of Origin
2025-12-31,70,Cambodia,2300323.0,unspecified,1,According to Country of Origin
2025-12-31,71,Bangladesh,2206414.0,unspecified,1,According to Country of Origin
2025-12-31,72,Taiwan,1958411.0,unspecified,1,According to Country of Origin
2025-12-31,73,Hong Kong S.A.R.,1949889.0,unspecified,1,According to Country of Origin
2025-12-31,74,Czech Republic,1614966.0,unspecified,1,According to Country of Origin
2025-12-31,75,Singapore,1567090.0,unspecified,1,According to Country of Origin
2025-12-31,76,Former Yugoslav Republic of Macedonia,1501882.0,unspecified,1,According to Country of Origin
2025-12-31,77,Equatorial Guinea,1283845.0,unspecified,1,According to Country of Origin
2025-12-31,78,Bosnia and Herzegovina,1192094.0,unspecified,1,According to Country of Origin
2025-12-31,79,Norway,976080.0,unspecified,1,According to Country of Origin
2025-12-31,80,Ethiopia,931848.0,unspecified,1,According to Country of Origin
2025-12-31,81,Marshall Islands,895900.0,unspecified,1,According to Country of Origin
2025-12-31,82,Albania,863214.0,unspecified,1,According to Country of Origin
2025-12-31,83,Nigeria,799353.0,unspecified,1,According to Country of Origin
2025-12-31,84,Chile,694139.0,unspecified,1,According to Country of Origin
2025-12-31,85,Moldova,582530.0,unspecified,1,According to Country of Origin
2025-12-31,86,Ivory Coast,575584.0,unspecified,1,According to Country of Origin
2025-12-31,87,"Korea, North",497860.0,unspecified,1,According to Country of Origin
2025-12-31,88,Kenya,479205.0,unspecified,1,According to Country of Origin
2025-12-31,89,Uzbekistan,453280.0,unspecified,1,According to Country of Origin
2025-12-31,90,Sant Marino,416260.0,unspecified,1,According to Country of Origin
2025-12-31,91,Monaco,407931.0,unspecified,1,According to Country of Origin
2025-12-31,92,Uganda,367500.0,unspecified,1,According to Country of Origin
2025-12-31,93,Tanzania,350451.0,unspecified,1,According to Country of Origin
2025-12-31,94,Namibia,344819.0,unspecified,1,According to Country of Origin
2025-12-31,95,Niger,315000.0,unspecified,1,According to Country of Origin
2025-12-31,96,Croatia,276489.0,unspecified,1,According to Country of Origin
2025-12-31,97,Luxembourg,186716.0,unspecified,1,According to Country of Origin
2025-12-31,98,Mauritius,184089.0,unspecified,1,According to Country of Origin
2025-12-31,99,Yemen,167300.0,unspecified,1,According to Country of Origin
2025-12-31,100,Kuwait,152240.0,unspecified,1,According to Country of Origin
2025-12-31,101,Estonia,145916.0,unspecified,1,According to Country of Origin
2025-12-31,102,Turkmenistan,139490.0,unspecified,1,According to Country of Origin
2025-12-31,103,Philippines,117198.0,unspecified,1,According to Country of Origin
2025-12-31,104,Peru,106680.0,unspecified,1,According to Country of Origin
2025-12-31,105,Belarus,65570.0,unspecified,1,According to Country of Origin
2025-12-31,106,Central African Republic,56555.0,unspecified,1,According to Country of Origin
2025-12-31,107,Azerbaijan,56194.0,unspecified,1,According to Country of Origin
2025-12-31,108,American Samoa,54939.0,unspecified,1,According to Country of Origin
2025-12-31,109,Latvia,43752.0,unspecified,1,According to Country of Origin
2025-12-31,110,Sierra Leone,41289.0,unspecified,1,According to Country of Origin
2025-07-31,1,Türkiye,2437561069.0,private,1,According to Country of Origin - Private Sector
2025-07-31,2,China,1345441753.0,private,1,According to Country of Origin - Private Sector
2025-07-31,3,Egypt,1051965933.0,private,1,According to Country of Origin - Private Sector
2025-07-31,4,India,567705971.0,private,1,According to Country of Origin - Private Sector
2025-07-31,5,Russian Federation,444820140.0,private,1,According to Country of Origin - Private Sector
2025-07-31,6,Italy,310660136.0,private,1,According to Country of Origin - Private Sector
2025-07-31,7,Brazil,306401802.0,private,1,According to Country of Origin - Private Sector
2025-07-31,8,Tunisia,213981702.0,private,1,According to Country of Origin - Private Sector
2025-07-31,9,Ukraine,205167357.0,private,1,According to Country of Origin - Private Sector
2025-07-31,10,Thailand,195805352.0,private,1,According to Country of Origin - Private Sector
2025-07-31,11,Germany,177826991.0,private,1,According to Country of Origin - Private Sector
2025-07-31,12,United Arab Emirates,171874264.0,private,1,According to Country of Origin - Private Sector
2025-07-31,13,United States,151485140.0,private,1,According to Country of Origin - Private Sector
2025-07-31,14,France,148934418.0,private,1,According to Country of Origin - Private Sector
2025-07-31,15,Romania,144685218.0,private,1,According to Country of Origin - Private Sector
2025-07-31,16,Saudi Arabia,117057294.0,private,1,According to Country of Origin - Private Sector
2025-07-31,17,Spain,97271722.0,private,1,According to Country of Origin - Private Sector
2025-07-31,18,Netherlands,96744818.0,private,1,According to Country of Origin - Private Sector
2025-07-31,19,Ireland,92141051.0,private,1,According to Country of Origin - Private Sector
2025-07-31,20,Argentina,90287230.0,private,1,According to Country of Origin - Private Sector
2025-07-31,21,Europe,82065105.0,private,1,According to Country of Origin - Private Sector
2025-07-31,22,South Korea,57664497.0,private,1,According to Country of Origin - Private Sector
2025-07-31,23,Belgium,56344672.0,private,1,According to Country of Origin - Private Sector
2025-07-31,24,Indonesia,51537106.0,private,1,According to Country of Origin - Private Sector
2025-07-31,25,New Zealand,44334242.0,private,1,According to Country of Origin - Private Sector
2025-07-31,26,Sri Lanka,39250596.0,private,1,According to Country of Origin - Private Sector
2025-07-31,27,Poland,38928064.0,private,1,According to Country of Origin - Private Sector
2025-07-31,28,United Kingdom,38590060.0,private,1,According to Country of Origin - Private Sector
2025-07-31,29,Japan,36859936.0,private,1,According to Country of Origin - Private Sector
2025-07-31,30,Serbia,30297402.0,private,1,According to Country of Origin - Private Sector
2025-07-31,31,Ecuador,30225692.0,private,1,According to Country of Origin - Private Sector
2025-07-31,32,Jordan,30015087.0,private,1,According to Country of Origin - Private Sector
2025-07-31,33,Sweden,24912488.0,private,1,According to Country of Origin - Private Sector
2025-07-31,34,Viet Nam,22876572.0,private,1,According to Country of Origin - Private Sector
2025-07-31,35,Algeria,21808292.0,private,1,According to Country of Origin - Private Sector
2025-07-31,36,Austria,18832070.0,private,1,According to Country of Origin - Private Sector
2025-07-31,37,Greece,18224523.0,private,1,According to Country of Origin - Private Sector
2025-07-31,38,Switzerland,18038185.0,private,1,According to Country of Origin - Private Sector
2025-07-31,39,Bulgaria,18008161.0,private,1,According to Country of Origin - Private Sector
2025-07-31,40,Canada,17354129.0,private,1,According to Country of Origin - Private Sector
2025-07-31,41,Oman,16437456.0,private,1,According to Country of Origin - Private Sector
2025-07-31,42,Iraq,15143250.0,private,1,According to Country of Origin - Private Sector
2025-07-31,43,Morocco,13638600.0,private,1,According to Country of Origin - Private Sector
2025-07-31,44,Portugal,13562677.0,private,1,According to Country of Origin - Private Sector
2025-07-31,45,Slovenia,11492526.0,private,1,According to Country of Origin - Private Sector
2025-07-31,46,Denmark,9692656.0,private,1,According to Country of Origin - Private Sector
2025-07-31,47,Guatemala,9574000.0,private,1,According to Country of Origin - Private Sector
2025-07-31,48,Syria,9314038.0,private,1,According to Country of Origin - Private Sector
2025-07-31,49,Malta,8288848.0,private,1,According to Country of Origin - Private Sector
2025-07-31,50,Hungary,8076783.0,private,1,According to Country of Origin - Private Sector
2025-07-31,51,Finland,6284632.0,private,1,According to Country of Origin - Private Sector
2025-07-31,52,Lithuania,4787887.0,private,1,According to Country of Origin - Private Sector
2025-07-31,53,Asia,3849457.0,private,1,According to Country of Origin - Private Sector
2025-07-31,54,Colombia,3318720.0,private,1,According to Country of Origin - Private Sector
2025-07-31,55,Malaysia,2641986.0,private,1,According to Country of Origin - Private Sector
2025-07-31,56,Pakistan,2608544.0,private,1,According to Country of Origin - Private Sector
2025-07-31,57,Gabon,2500013.0,private,1,According to Country of Origin - Private Sector
2025-07-31,58,Cambodia,2300323.0,private,1,According to Country of Origin - Private Sector
2025-07-31,59,Mexico,2268163.0,private,1,According to Country of Origin - Private Sector
2025-07-31,60,Slovakia,1929593.0,private,1,According to Country of Origin - Private Sector
2025-07-31,61,Bahrain,1622236.0,private,1,According to Country of Origin - Private Sector
2025-07-31,62,Taiwan,1509773.0,private,1,According to Country of Origin - Private Sector
2025-07-31,63,Uruguay,1493450.0,private,1,According to Country of Origin - Private Sector
2025-07-31,64,South Africa,1312131.0,private,1,According to Country of Origin - Private Sector
2025-07-31,65,Equatorial Guinea,1283845.0,private,1,According to Country of Origin - Private Sector
2025-07-31,66,Qatar,1114000.0,private,1,According to Country of Origin - Private Sector
2025-07-31,67,Norway,976080.0,private,1,According to Country of Origin - Private Sector
2025-07-31,68,Australia,967187.0,private,1,According to Country of Origin - Private Sector
2025-07-31,69,Costa Rica,944121.0,private,1,According to Country of Origin - Private Sector
2025-07-31,70,Lebanon,936638.0,private,1,According to Country of Origin - Private Sector
2025-07-31,71,Singapore,840640.0,private,1,According to Country of Origin - Private Sector
2025-07-31,72,Bangladesh,803012.0,private,1,According to Country of Origin - Private Sector
2025-07-31,73,Czech Republic,723748.0,private,1,According to Country of Origin - Private Sector
2025-07-31,74,Ethiopia,663098.0,private,1,According to Country of Origin - Private Sector
2025-07-31,75,"Korea, North",497860.0,private,1,According to Country of Origin - Private Sector
2025-07-31,76,Saint Marino,416260.0,private,1,According to Country of Origin - Private Sector
2025-07-31,77,Monaco,407931.0,private,1,According to Country of Origin - Private Sector
2025-07-31,78,Uganda,367500.0,private,1,According to Country of Origin - Private Sector
2025-07-31,79,Namibia,344819.0,private,1,According to Country of Origin - Private Sector
2025-07-31,80,Kenya,286147.0,private,1,According to Country of Origin - Private Sector
2025-07-31,81,Nigeria,235480.0,private,1,According to Country of Origin - Private Sector
2025-07-31,82,Albania,188303.0,private,1,According to Country of Origin - Private Sector
2025-07-31,83,Yemen,167300.0,private,1,According to Country of Origin - Private Sector
2025-07-31,84,Bosnia and Herzegovina,153585.0,private,1,According to Country of Origin - Private Sector
2025-07-31,85,Kuwait,152240.0,private,1,According to Country of Origin - Private Sector
2025-07-31,86,Turkmenistan,139490.0,private,1,According to Country of Origin - Private Sector
2025-07-31,87,Kazakhstan,114400.0,private,1,According to Country of Origin - Private Sector
2025-07-31,88,Cyprus,105370.0,private,1,According to Country of Origin - Private Sector
2025-07-31,89,Central African Republic,56555.0,private,1,According to Country of Origin - Private Sector
2025-07-31,90,American Samoa,54939.0,private,1,According to Country of Origin - Private Sector
2025-07-31,91,Tanzania,39658.0,private,1,According to Country of Origin - Private Sector
2025-07-31,92,Sierra Leone,21538.0,private,1,According to Country of Origin - Private Sector
2025-07-31,93,Estonia,13461.0,private,1,According to Country of Origin - Private Sector
2025-07-31,94,Hong Kong S.A.R.,1389.0,private,1,According to Country of Origin - Private Sector
2025-07-31,1,Brazil,148401361.0,public,1,According to Country of Origin - Public Sector
2025-07-31,2,United Arab Emirates,113979884.0,public,1,According to Country of Origin - Public Sector
2025-07-31,3,Türkiye,68053309.0,public,1,According to Country of Origin - Public Sector
2025-07-31,4,Switzerland,60481191.0,public,1,According to Country of Origin - Public Sector
2025-07-31,5,United States,55495887.0,public,1,According to Country of Origin - Public Sector
2025-07-31,6,Europe,55406250.0,public,1,According to Country of Origin - Public Sector
2025-07-31,7,Bahrain,54805598.0,public,1,According to Country of Origin - Public Sector
2025-07-31,8,Belgium,54241154.0,public,1,According to Country of Origin - Public Sector
2025-07-31,9,Ireland,44301098.0,public,1,According to Country of Origin - Public Sector
2025-07-31,10,China,43600272.0,public,1,According to Country of Origin - Public Sector
2025-07-31,11,Germany,33735600.0,public,1,According to Country of Origin - Public Sector
2025-07-31,12,Greece,29169980.0,public,1,According to Country of Origin - Public Sector
2025-07-31,13,Thailand,20607434.0,public,1,According to Country of Origin - Public Sector
2025-07-31,14,Spain,20050946.0,public,1,According to Country of Origin - Public Sector
2025-07-31,15,Tunisia,16978706.0,public,1,According to Country of Origin - Public Sector
2025-07-31,16,Angola,16095000.0,public,1,According to Country of Origin - Public Sector
2025-07-31,17,India,14377592.0,public,1,According to Country of Origin - Public Sector
2025-07-31,18,France,12215458.0,public,1,According to Country of Origin - Public Sector
2025-07-31,19,Egypt,10833373.0,public,1,According to Country of Origin - Public Sector
2025-07-31,20,Austria,9953837.0,public,1,According to Country of Origin - Public Sector
2025-07-31,21,Sweden,7183983.0,public,1,According to Country of Origin - Public Sector
2025-07-31,22,United Kingdom,5283083.0,public,1,According to Country of Origin - Public Sector
2025-07-31,23,Malaysia,4995000.0,public,1,According to Country of Origin - Public Sector
2025-07-31,24,Italy,3601067.0,public,1,According to Country of Origin - Public Sector
2025-07-31,25,Netherlands,3318172.0,public,1,According to Country of Origin - Public Sector
2025-07-31,26,Ukraine,3281519.0,public,1,According to Country of Origin - Public Sector
2025-07-31,27,Argentina,2048068.0,public,1,According to Country of Origin - Public Sector
2025-07-31,28,Luxembourg,1692150.0,public,1,According to Country of Origin - Public Sector
2025-07-31,29,Hong Kong S.A.R.,1646648.0,public,1,According to Country of Origin - Public Sector
2025-07-31,30,Jordan,1153185.0,public,1,According to Country of Origin - Public Sector
2025-07-31,31,Finland,938151.0,public,1,According to Country of Origin - Public Sector
2025-07-31,32,Saudi Arabia,819873.0,public,1,According to Country of Origin - Public Sector
2025-07-31,33,Portugal,312756.0,public,1,According to Country of Origin - Public Sector
2025-07-31,34,Malta,269985.0,public,1,According to Country of Origin - Public Sector
2025-07-31,35,Canada,245894.0,public,1,According to Country of Origin - Public Sector
2025-07-31,36,Poland,196885.0,public,1,According to Country of Origin - Public Sector
2025-07-31,37,Bulgaria,71153.0,public,1,According to Country of Origin - Public Sector
2025-07-31,38,Lithuania,68136.0,public,1,According to Country of Origin - Public Sector
2025-07-31,39,Mauritius,40436.0,public,1,According to Country of Origin - Public Sector
2025-07-31,40,Denmark,10508.0,public,1,According to Country of Origin - Public Sector
2025-07-31,41,Sierra Leone,3949.0,public,1,According to Country of Origin - Public Sector
2025-10-31,1,Waad allibya for Manufacturing Cement and Building Materials,177045000.0,private,1,According to Country of Origin - Private Sector
2025-10-31,2,"Toyota Libya for Trading Cars, Spare Parts, Import and Export",139696950.0,private,1,According to Country of Origin - Private Sector
2025-10-31,3,"Aljoda alalamia alawla for Manufacturing Feed, Flour Mills, and Food Industries",121411045.0,private,1,According to Country of Origin - Private Sector
2025-10-31,4,Allibya almotaheda for Beverage Packaging,119299758.0,private,1,According to Country of Origin - Private Sector
2025-10-31,5,Berniq Aviation,112892070.0,private,1,According to Country of Origin - Private Sector
2025-10-31,6,Alnaseem for Food Industries,112428730.0,private,1,According to Country of Origin - Private Sector
2025-10-31,7,"Wadi Alkof for Mills, Feed, and Rice Mills",106715123.0,private,1,According to Country of Origin - Private Sector
2025-10-31,8,Africa for Beverage Packaging,101774941.0,private,1,According to Country of Origin - Private Sector
2025-10-31,9,Alemtiaz Majmout for Importing Various Means of Transport and Accessories,91396335.0,private,1,According to Country of Origin - Private Sector
2025-10-31,10,Basmaty for Food Industries,89764464.0,private,1,According to Country of Origin - Private Sector
2025-10-31,11,Aljibal for Feed Manufacturing,87487208.0,private,1,According to Country of Origin - Private Sector
2025-10-31,12,Alwisam alzahabi for Flour Manufacturing and Rice Mills,80558076.0,private,1,According to Country of Origin - Private Sector
2025-10-31,13,Alasemant allibya for Manufacturing Building Materials,79828566.0,private,1,According to Country of Origin - Private Sector
2025-10-31,14,Aldeka alzahabiya for Food Industries,78041556.0,private,1,According to Country of Origin - Private Sector
2025-10-31,15,Aali Sidra for Manufacturing Building Materials,77736410.0,private,1,According to Country of Origin - Private Sector
2025-10-31,16,Almoheet for Oil Refining,75110000.0,private,1,According to Country of Origin - Private Sector
2025-10-31,17,"Nabd alatlasi for Importing Foodstuffs, Livestock, and Meat",73808515.0,private,1,According to Country of Origin - Private Sector
2025-10-31,18,Bashaer alzahra for Manufacturing Foodstuffs and Soft Drinks,73134603.0,private,1,According to Country of Origin - Private Sector
2025-10-31,19,Almaher aldawli for Mills and Feed,68015433.0,private,1,According to Country of Origin - Private Sector
2025-10-31,20,Alsindan almotalq for Manufacturing Foodstuffs and Soft Drinks,67405481.0,private,1,According to Country of Origin - Private Sector
2025-10-31,21,Solb Libya almutahida for Manufacturing Iron and Steel,67234066.0,private,1,According to Country of Origin - Private Sector
2025-10-31,22,Aljade for Importing Foodstuffs,63660483.0,private,1,According to Country of Origin - Private Sector
2025-10-31,23,Savana alalamia for Feed Manufacturing,63159500.0,private,1,According to Country of Origin - Private Sector
2025-10-31,24,"Alsharq allibi for Mills, Feed, and Rice Mills",60978800.0,private,1,According to Country of Origin - Private Sector
2025-10-31,25,Qurtoba for Mills and Feed,60469321.0,private,1,According to Country of Origin - Private Sector
2025-10-31,26,Alzarka aldawliya for Food Industries,56103838.0,private,1,According to Country of Origin - Private Sector
2025-10-31,27,Alshorouk alalami for Food Industries,53766271.0,private,1,According to Country of Origin - Private Sector
2025-10-31,28,Ghalia for Importing and Distributing Foodstuffs,53561617.0,private,1,According to Country of Origin - Private Sector
2025-10-31,29,Almasboubat for Manufacturing Building Materials,52927681.0,private,1,According to Country of Origin - Private Sector
2025-10-31,30,Drob Libya for Importing Means of Transport and Accessories,52099706.0,private,1,According to Country of Origin - Private Sector
2025-10-31,31,Fardas for Manufacturing Pasta and Couscous,51306212.0,private,1,According to Country of Origin - Private Sector
2025-10-31,32,Alshams alsatea for Food Industries,51210816.0,private,1,According to Country of Origin - Private Sector
2025-10-31,33,"Almarwa Majmout for Mills, Feed, and Rice Mills",50449125.0,private,1,According to Country of Origin - Private Sector
2025-10-31,34,Altasameem alraeda for Manufacturing Building Materials,47909161.0,private,1,According to Country of Origin - Private Sector
2025-10-31,35,Almotahida alarabia for Manufacturing Cleaning Materials,46464100.0,private,1,According to Country of Origin - Private Sector
2025-10-31,36,"Ghda alnile for Importing Foodstuffs, Vegetables, Fresh Fruits, and Livestock",46193031.0,private,1,According to Country of Origin - Private Sector
2025-10-31,37,"Basmat aljoda for Importing Foodstuffs, Livestock, and Meat",46186925.0,private,1,According to Country of Origin - Private Sector
2025-10-31,38,"Tripoli alkobra for Manufacturing, Filling, and Packaging Tomato and Food Products",45843300.0,private,1,According to Country of Origin - Private Sector
2025-10-31,39,Aljade for Food Industries,44876400.0,private,1,According to Country of Origin - Private Sector
2025-10-31,40,Jodi for Food Industries,44522288.0,private,1,According to Country of Origin - Private Sector
2025-10-31,41,Almotakhases alhadith for Manufacturing Foodstuffs and Soft Drinks,41838950.0,private,1,According to Country of Origin - Private Sector
2025-10-31,42,Aldrob for Manufacturing Bitumen and Insulation Materials,41755150.0,private,1,According to Country of Origin - Private Sector
2025-10-31,43,Alraihan for Food Industries,41718278.0,private,1,According to Country of Origin - Private Sector
2025-10-31,44,Alsad aljadeed for Feed Manufacturing and Derivatives,41370437.0,private,1,According to Country of Origin - Private Sector
2025-10-31,45,Marmara alandalus for Importing Building and Sanitary Materials,40664070.0,private,1,According to Country of Origin - Private Sector
2025-10-31,46,Althamarat allibya for Importing Foodstuffs,40419548.0,private,1,According to Country of Origin - Private Sector
2025-10-31,47,Almedad for Importing Building Materials,39879319.0,private,1,According to Country of Origin - Private Sector
2025-10-31,48,Aali alandalus for Food Industries,39302079.0,private,1,According to Country of Origin - Private Sector
2025-10-31,49,"Alfa for Importing Medicines, Equipment, Medical Supplies, and Mother & Child Needs",39021415.0,private,1,According to Country of Origin - Private Sector
2025-10-31,50,Albareqa albaida for Oil Services,37974000.0,private,1,According to Country of Origin - Private Sector
2025-10-31,51,"Alnaeim for Mills, Feed, and Grains",37328125.0,private,1,According to Country of Origin - Private Sector
2025-10-31,52,Tareeq alqara for Importing Foodstuffs,37303683.0,private,1,According to Country of Origin - Private Sector
2025-10-31,53,Oya alduwliya Aviation Co. Ltd.,36720787.0,private,1,According to Country of Origin - Private Sector
2025-10-31,54,"Almarai alkhusba for Mills, Feed, and Rice Mills",35768500.0,private,1,According to Country of Origin - Private Sector
2025-10-31,55,Rayan for Mills and Feed,35767446.0,private,1,According to Country of Origin - Private Sector
2025-10-31,56,Altawoon Factory for Feed Manufacturing,35653500.0,private,1,According to Country of Origin - Private Sector
2025-10-31,57,Almohandes for Plastic and Metal Works Industries,35432155.0,private,1,According to Country of Origin - Private Sector
2025-10-31,58,Alfakhama Majmout for Metal Smelting and Forming,34609328.0,private,1,According to Country of Origin - Private Sector
2025-10-31,59,Alsawahil alzahabiya for Importing Foodstuffs,34531205.0,private,1,According to Country of Origin - Private Sector
2025-10-31,60,Atyaf alkhair for Mills and Feed,34484703.0,private,1,According to Country of Origin - Private Sector
2025-10-31,61,Qartaj for Food Industries,34151309.0,private,1,According to Country of Origin - Private Sector
2025-10-31,62,"Tayseer aldawaeya for Importing Medical Equipment, Medicines, and Supplies for Mother & Child",34149978.0,private,1,According to Country of Origin - Private Sector
2025-10-31,63,Tamar Hend for Importing Cars and Spare Parts,33914631.0,private,1,According to Country of Origin - Private Sector
2025-10-31,64,"Alhaj Anwar for Importing Foodstuffs, Livestock, and Meat",33431996.0,private,1,According to Country of Origin - Private Sector
2025-10-31,65,Alslam for Food Industries,33248000.0,private,1,According to Country of Origin - Private Sector
2025-10-31,66,Alnajah alraeda for Engineering Industries,33063355.0,private,1,According to Country of Origin - Private Sector
2025-10-31,67,Badia alsahra for Importing Means of Transport and Accessories,33019725.0,private,1,According to Country of Origin - Private Sector
2025-10-31,68,"Alshot aljadeed for Importing Tobacco, Cigarettes, and Accessories",32879400.0,private,1,According to Country of Origin - Private Sector
2025-10-31,69,Alraedon Majmout for Manufacturing Building Materials,32692919.0,private,1,According to Country of Origin - Private Sector
2025-10-31,70,"Samaa allibya for Importing Foodstuffs, Livestock, and Meat",32655780.0,private,1,According to Country of Origin - Private Sector
2025-10-31,71,"Almawashi alhaya Majmout for Importing Foodstuffs, Livestock, and Meat",32543100.0,private,1,According to Country of Origin - Private Sector
2025-10-31,72,Almira for Food Industries,32324425.0,private,1,According to Country of Origin - Private Sector
2025-10-31,73,Dunia Libya for Food Industries,32180000.0,private,1,According to Country of Origin - Private Sector
2025-10-31,74,Atlas alfanya for Food Industries,32040377.0,private,1,According to Country of Origin - Private Sector
2025-10-31,75,"Alnasia alithadiya for Importing Foodstuffs, Livestock, and Meat",31935535.0,private,1,According to Country of Origin - Private Sector
2025-10-31,76,"Adwaa Africa for Importing Foodstuffs, Livestock, and Meat",31651027.0,private,1,According to Country of Origin - Private Sector
2025-10-31,77,Jenan alkhair almutamiza for Manufacturing Building Materials and Accessories,31603467.0,private,1,According to Country of Origin - Private Sector
2025-10-31,78,Alnafitha alsihiya for Importing Medical Equipment and Supplies,30956370.0,private,1,According to Country of Origin - Private Sector
2025-10-31,79,Alimtiaz Majmout for Importing Agricultural Machinery and Supplies,30710363.0,private,1,According to Country of Origin - Private Sector
2025-10-31,80,Asr albenaa aldawli for Importing Building Materials and Accessories,30393360.0,private,1,According to Country of Origin - Private Sector
2025-10-31,81,Almotawaset for Feed Manufacturing,29832500.0,private,1,According to Country of Origin - Private Sector
2025-10-31,82,Yaqeen aljadeeda for Manufacturing Building Materials,29568626.0,private,1,According to Country of Origin - Private Sector
2025-10-31,83,Ajniha allibya Aviation Joint-Stock Co.,29347861.0,private,1,According to Country of Origin - Private Sector
2025-10-31,84,"Dar Qurtoba for Importing Medical Equipment, Medicines, and Mother & Child Supplies Ltd.",28999590.0,private,1,According to Country of Origin - Private Sector
2025-10-31,85,Tajoura alhaya for Food Industries,28991986.0,private,1,According to Country of Origin - Private Sector
2025-10-31,86,Hadrian for Importing Foodstuffs Ltd.,28636907.0,private,1,According to Country of Origin - Private Sector
2025-10-31,87,"Alzumurda aldawliya for Food Industries, Mills, and Rice Mills",28581876.0,private,1,According to Country of Origin - Private Sector
2025-10-31,88,Qasrein Aldawa for Importing Medical Equipment and Medicines,28547634.0,private,1,According to Country of Origin - Private Sector
2025-10-31,89,"Almthaq altayeb for Importing Foodstuffs, Livestock, and Meat",28447600.0,private,1,According to Country of Origin - Private Sector
2025-10-31,90,Albodoor alawla for Feed Manufacturing and Derivatives,28310136.0,private,1,According to Country of Origin - Private Sector
2025-10-31,91,Albilsan for Manufacturing Medical Supplies,28164850.0,private,1,According to Country of Origin - Private Sector
2025-10-31,92,Alandalus for Manufacturing Pesticides,27951200.0,private,1,According to Country of Origin - Private Sector
2025-10-31,93,Alturab allibi for Importing Foodstuffs and Livestock,27592515.0,private,1,According to Country of Origin - Private Sector
2025-10-31,94,"Albyan Complex for Manufacturing Building Materials, Petrochemicals, and Chemicals",27576305.0,private,1,According to Country of Origin - Private Sector
2025-10-31,95,"Alnoqat aljadeeda for Importing Agricultural Machinery, Equipment, and Spare Parts",26135301.0,private,1,According to Country of Origin - Private Sector
2025-10-31,96,Alittihad alarabi for Feed Manufacturing and Grain Milling,26038257.0,private,1,According to Country of Origin - Private Sector
2025-10-31,97,Alwessal allibya for Mills and Feed,25752744.0,private,1,According to Country of Origin - Private Sector
2025-10-31,98,Alfakhama alzahabiya for Flour Mills and Feed Manufacturing,25697607.0,private,1,According to Country of Origin - Private Sector
2025-10-31,99,"SAS for Manufacturing Building Materials, Paints, Plastics, and Raw Materials",25574290.0,private,1,According to Country of Origin - Private Sector
2025-10-31,100,"Alamana for Importing Medical Equipment, Medicines, and Mother & Child Supplies",25388370.0,private,1,According to Country of Origin - Private Sector
2025-10-31,101,Almashareq almutamiza for Manufacturing Raw Materials,24944400.0,private,1,According to Country of Origin - Private Sector
2025-10-31,102,"Almisk alabyad for Importing Foodstuffs, Livestock, and Meat",24941910.0,private,1,According to Country of Origin - Private Sector
2025-10-31,103,"Almaamoura for Food Industries, Mills, and Feed",24940050.0,private,1,According to Country of Origin - Private Sector
2025-10-31,104,Alraseef alfakher for Manufacturing Building Materials,24667285.0,private,1,According to Country of Origin - Private Sector
2025-10-31,105,"Global for Manufacturing Building Materials, Paints, and Putties",24608500.0,private,1,According to Country of Origin - Private Sector
2025-10-31,106,Adwaa alqarabolli for Flour Mills,24464465.0,private,1,According to Country of Origin - Private Sector
2025-10-31,107,Almotahida allibya for Manufacturing Soap and Cleaning Materials,24399635.0,private,1,According to Country of Origin - Private Sector
2025-10-31,108,Alsomood for Importing Household Items Ltd.,24286913.0,private,1,According to Country of Origin - Private Sector
2025-10-31,109,"Super for Manufacturing Building Materials, Paints, Plastics, and Raw Materials",24069136.0,private,1,According to Country of Origin - Private Sector
2025-10-31,110,"Sada alimtiaz for Importing Foodstuffs, Livestock, and Meat",23874387.0,private,1,According to Country of Origin - Private Sector
2025-10-31,111,Alramal alawla for Feed Manufacturing and Derivatives,23582531.0,private,1,According to Country of Origin - Private Sector
2025-10-31,112,Omega for Chemical and Packaging Industries,23274625.0,private,1,According to Country of Origin - Private Sector
2025-10-31,113,Ard alataa for Food Industries,23124038.0,private,1,According to Country of Origin - Private Sector
2025-10-31,114,Ajawed for Importing Agricultural Machinery and Spare Parts,23110735.0,private,1,According to Country of Origin - Private Sector
2025-10-31,115,Alkhalij alafriki for Importing Heavy Machinery and Spare Parts,23107399.0,private,1,According to Country of Origin - Private Sector
2025-10-31,116,"Tiba alalamia for Manufacturing Adhesive Materials for Ceramic, Porcelain, Marble, and Granite",23072450.0,private,1,According to Country of Origin - Private Sector
2025-10-31,117,"Almajd alalamia for Manufacturing Detergents, Disinfectants, and Descaling Agents",22775500.0,private,1,According to Country of Origin - Private Sector
2025-10-31,118,Alaqlemiya aljadeeda for Importing Raw Materials,22634064.0,private,1,According to Country of Origin - Private Sector
2025-10-31,119,Asas albarmaja for Software Manufacturing,22578470.0,private,1,According to Country of Origin - Private Sector
2025-10-31,120,"Almotahida aljadeeda for Importing Tobacco, Cigarettes, and Accessories",22521378.0,private,1,According to Country of Origin - Private Sector
2025-10-31,121,Alandalus for Filling and Packaging Vegetable Oils,22501536.0,private,1,According to Country of Origin - Private Sector
2025-10-31,122,"Alnajm alsaed for Importing Heavy Machinery, Equipment, and Spare Parts",22402630.0,private,1,According to Country of Origin - Private Sector
2025-10-31,123,"Alsad for Mills, Feed, and Pasta",22400440.0,private,1,According to Country of Origin - Private Sector
2025-10-31,124,Nepton for Manufacturing Paints and Putties,22173947.0,private,1,According to Country of Origin - Private Sector
2025-10-31,125,Altaef for Importing Foodstuffs,21739267.0,private,1,According to Country of Origin - Private Sector
2025-10-31,126,Alrafiq alamthal for Manufacturing Building Materials,21601335.0,private,1,According to Country of Origin - Private Sector
2025-10-31,127,Alshorouk allibya for Mills and Feed,21564538.0,private,1,According to Country of Origin - Private Sector
2025-10-31,128,"Zad almutawaset for Importing Household Items, Electrical Appliances, and Other Equipment",20925502.0,private,1,According to Country of Origin - Private Sector
2025-10-31,129,Alsahil for Importing Livestock and Meat,20924563.0,private,1,According to Country of Origin - Private Sector
2025-10-31,130,Altanmia alhaditha for Iron Industries,20620879.0,private,1,According to Country of Origin - Private Sector
2025-10-31,131,Alquds for Manufacturing Plastic Tanks and Pipes,20606700.0,private,1,According to Country of Origin - Private Sector
2025-10-31,132,Bab almetana for Importing Building Materials,20569490.0,private,1,According to Country of Origin - Private Sector
2025-10-31,133,"Alferdaws alkhadra for Importing Tractors, Agricultural Machinery, Equipment, and Materials",20557273.0,private,1,According to Country of Origin - Private Sector
2025-10-31,134,Borg alreef for Importing Raw Materials,20465700.0,private,1,According to Country of Origin - Private Sector
2025-10-31,135,Rama for Mills and Feed,20455201.0,private,1,According to Country of Origin - Private Sector
2025-10-31,136,"Aberat albehar for Importing Tobacco, Cigarettes, and Accessories",20440200.0,private,1,According to Country of Origin - Private Sector
2025-10-31,137,Sama Libya for Feed Manufacturing,20120715.0,private,1,According to Country of Origin - Private Sector
2025-10-31,138,Alameen for Manufacturing Cleaning Materials,20099050.0,private,1,According to Country of Origin - Private Sector
2025-10-31,139,Almadain for Manufacturing PVC Products,20043226.0,private,1,According to Country of Origin - Private Sector
2025-10-31,140,Albonyan for Metal Smelting and Rolling,19990270.0,private,1,According to Country of Origin - Private Sector
2025-10-31,141,Alkhalijiya Factory for Manufacturing Water and Oil Supplies,19980454.0,private,1,According to Country of Origin - Private Sector
2025-10-31,142,Osool alteknologia for Manufacturing Electronic and Electrical Devices,19947400.0,private,1,According to Country of Origin - Private Sector
2025-10-31,143,Sama almutawaset Aviation,19884066.0,private,1,According to Country of Origin - Private Sector
2025-10-31,144,Gargar for Agricultural and Livestock Investment,19784000.0,private,1,According to Country of Origin - Private Sector
2025-10-31,145,Alqala alzahabiya for Food Industries,19735966.0,private,1,According to Country of Origin - Private Sector
2025-10-31,146,Alomara alraqia for Manufacturing Building Materials,19697050.0,private,1,According to Country of Origin - Private Sector
2025-10-31,147,"Alnawras for Feed, Mills, and Rice Mills",19682288.0,private,1,According to Country of Origin - Private Sector
2025-10-31,148,"Alelemya for Importing Medicines, Medical Preparations, and Mother & Child Supplies",19610871.0,private,1,According to Country of Origin - Private Sector
2025-10-31,149,Allibya Majmout for Oil and Energy Services,19581000.0,private,1,According to Country of Origin - Private Sector
2025-10-31,150,Almazareh Majmout for Importing Agricultural Machinery,19514301.0,private,1,According to Country of Origin - Private Sector
2025-10-31,151,"Lamsat alhaya for Importing Medical Equipment, Medicines, and Mother & Child Supplies",19390152.0,private,1,According to Country of Origin - Private Sector
2025-10-31,152,Aseel for Manufacturing Baby Diapers and Paper Tissues,19384303.0,private,1,According to Country of Origin - Private Sector
2025-10-31,153,Sanao alduwliya for Importing Foodstuffs,19259180.0,private,1,According to Country of Origin - Private Sector
2025-10-31,154,"Sajima for Manufacturing Building Materials, Paints, Plastics, and Raw Materials",19252550.0,private,1,According to Country of Origin - Private Sector
2025-10-31,155,"Mafazat Shamal Africa for Importing Cars, Spare Parts, Oils, and Accessories",19250745.0,private,1,According to Country of Origin - Private Sector
2025-10-31,156,Alsaehat albaida for Manufacturing Building Materials,19222000.0,private,1,According to Country of Origin - Private Sector
2025-10-31,157,Altadafok for Importing Medical Equipment and Mother & Child Supplies,19171933.0,private,1,According to Country of Origin - Private Sector
2025-10-31,158,Adri for Importing Means of Transport and Accessories,19136343.0,private,1,According to Country of Origin - Private Sector
2025-10-31,159,Alfolaz for Manufacturing Aluminum of All Types,19001840.0,private,1,According to Country of Origin - Private Sector
2025-10-31,160,"Zahret alghida for Importing Foodstuffs, Vegetables, Fruits, and Livestock",18796421.0,private,1,According to Country of Origin - Private Sector
2025-10-31,161,Chefchaouen for Importing Raw Materials,18791054.0,private,1,According to Country of Origin - Private Sector
2025-10-31,162,"Areen alawla for Importing Foodstuffs, Livestock, and Meat",18784553.0,private,1,According to Country of Origin - Private Sector
2025-10-31,163,"Rokaz Libya for Manufacturing Building Materials, Production Supplies, and Paints",18643024.0,private,1,According to Country of Origin - Private Sector
2025-10-31,164,"Albaraka alalamia for Importing Foodstuffs, Livestock, and Meat",18622019.0,private,1,According to Country of Origin - Private Sector
2025-10-31,165,"Rajaheh alduwliya for Importing Heavy Machinery, Equipment, and Factory Supplies",18585600.0,private,1,According to Country of Origin - Private Sector
2025-10-31,166,Royal for Chemical and Raw Material Industries,18583350.0,private,1,According to Country of Origin - Private Sector
2025-10-31,167,"Alkot aljadeed for Importing Heavy Machinery, Equipment, and Factory Supplies",18542506.0,private,1,According to Country of Origin - Private Sector
2025-10-31,168,Alofoq for Importing Mother & Child Supplies,18515508.0,private,1,According to Country of Origin - Private Sector
2025-10-31,169,Atheel for Feed and Flour Mills,18498825.0,private,1,According to Country of Origin - Private Sector
2025-10-31,170,"Alsafez alraqi for Importing Household Items, Electrical Appliances, and Accessories",18446704.0,private,1,According to Country of Origin - Private Sector
2025-10-31,171,Alqonsol almotalq for Manufacturing Cleaning Materials and Complements,18382199.0,private,1,According to Country of Origin - Private Sector
2025-10-31,172,Alrowad alalamia for Importing Means of Transport and Accessories,18348720.0,private,1,According to Country of Origin - Private Sector
2025-10-31,173,Aldeka alduwliya for Manufacturing PVC and Derivatives,18321956.0,private,1,According to Country of Origin - Private Sector
2025-10-31,174,"Alibdaa for Manufacturing Detergents, Soap, and Supplies",18263550.0,private,1,According to Country of Origin - Private Sector
2025-10-31,175,"Sana alalamia for Importing Electronic and Electrical Devices, Accessories, and Spare Parts",18214714.0,private,1,According to Country of Origin - Private Sector
2025-10-31,176,"Almajd for Importing Cranes, Machinery, and Heavy Equipment",18203868.0,private,1,According to Country of Origin - Private Sector
2025-10-31,177,Altawasol alfareed for Importing Electrical Appliances and Household Items,18172605.0,private,1,According to Country of Origin - Private Sector
2025-10-31,178,Aqar almutamyez for Manufacturing Aluminum,18103611.0,private,1,According to Country of Origin - Private Sector
2025-10-31,179,"Ard alsahel for Importing Heavy Machinery, Equipment, Factory, and Workshop Supplies",18096767.0,private,1,According to Country of Origin - Private Sector
2025-10-31,180,"Teknologia for Manufacturing Building Materials, Paints, Plastics, and Raw Materials",18074650.0,private,1,According to Country of Origin - Private Sector
2025-10-31,181,Alaghzia almutahida for Importing Foodstuffs,17940000.0,private,1,According to Country of Origin - Private Sector
2025-10-31,182,Alotroj for Importing Electronic and Electrical Devices,17807827.0,private,1,According to Country of Origin - Private Sector
2025-10-31,183,"Adwaa alnezak for Importing Electronic Devices, Accessories, and Spare Parts",17788373.0,private,1,According to Country of Origin - Private Sector
2025-10-31,184,Beta Factory for Manufacturing Cleaning Materials,17779510.0,private,1,According to Country of Origin - Private Sector
2025-10-31,185,Albenaa alteqni for Importing Building and Sanitary Materials and Accessories,17628700.0,private,1,According to Country of Origin - Private Sector
2025-10-31,186,Alwataniya for Plastic Industries and Packaging Materials,17595732.0,private,1,According to Country of Origin - Private Sector
2025-10-31,187,Mersin for Importing Household and Electrical Items,17452296.0,private,1,According to Country of Origin - Private Sector
2025-10-31,188,Ain Ashmaro for Importing Foodstuffs,17374485.0,private,1,According to Country of Origin - Private Sector
2025-10-31,189,Sanad aleamar for Importing Building and Sanitary Materials,17348976.0,private,1,According to Country of Origin - Private Sector
2025-10-31,190,"Alduwliya for Manufacturing Building Materials, Paints, and Plastics",17269700.0,private,1,According to Country of Origin - Private Sector
2025-10-31,191,Emar aldeka for Manufacturing Aluminum and PVC,17217979.0,private,1,According to Country of Origin - Private Sector
2025-10-31,192,Alwahaat almutajaddeda for Importing Foodstuffs,17168485.0,private,1,According to Country of Origin - Private Sector
2025-10-31,193,Almadina alhadidiya for Importing Building Materials,17150390.0,private,1,According to Country of Origin - Private Sector
2025-10-31,194,Alsakia almutahida for Importing Raw Materials,17125944.0,private,1,According to Country of Origin - Private Sector
2025-10-31,195,Alkhairat alalamia for Importing Means of Transport and Accessories,17115717.0,private,1,According to Country of Origin - Private Sector
2025-10-31,196,Almazraa alduwliya for Importing Foodstuffs,17033754.0,private,1,According to Country of Origin - Private Sector
2025-10-31,197,Maysan for Food Industries,16947681.0,private,1,According to Country of Origin - Private Sector
2025-10-31,198,Anam Libya for Importing Feed and Supplements,16899750.0,private,1,According to Country of Origin - Private Sector
2025-10-31,199,Panorama Libya for Feed Manufacturing,16827676.0,private,1,According to Country of Origin - Private Sector
2025-10-31,200,Alayadi alnaqiya for Iron Industries,16788175.0,private,1,According to Country of Origin - Private Sector
2025-10-31,201,Alrowad Majmout for Metal Smelting and Forming,16670731.0,private,1,According to Country of Origin - Private Sector
2025-10-31,202,Madraj alkhairat for Food Industries,16661260.0,private,1,According to Country of Origin - Private Sector
2025-10-31,203,Maysan for Plastic and Polymer Industries,16595563.0,private,1,According to Country of Origin - Private Sector
2025-10-31,204,Delta alkhair for Food Industries,16554300.0,private,1,According to Country of Origin - Private Sector
2025-10-31,205,Albadia aleareqa for Manufacturing Building Materials,16517690.0,private,1,According to Country of Origin - Private Sector
2025-10-31,206,Almaysam for Importing Cars and Spare Parts,16516340.0,private,1,According to Country of Origin - Private Sector
2025-10-31,207,Alamal for Importing Means of Transport and Accessories,16488120.0,private,1,According to Country of Origin - Private Sector
2025-10-31,208,Alsanober for Manufacturing Aluminum of All Types,16239627.0,private,1,According to Country of Origin - Private Sector
2025-10-31,209,Almawsem for Food Industries and Rice Mills,15998600.0,private,1,According to Country of Origin - Private Sector
2025-10-31,210,Altoroq alhaditha for Manufacturing Asphalt and Insulation Materials,15974611.0,private,1,According to Country of Origin - Private Sector
2025-10-31,211,"Albariq alawal for Manufacturing Building Materials, Fire Bricks, Cement, and Derivatives",15898000.0,private,1,According to Country of Origin - Private Sector
2025-10-31,212,Libka for Food Industries,15886000.0,private,1,According to Country of Origin - Private Sector
2025-10-31,213,Aali Tripoli for Importing Foodstuffs,15776625.0,private,1,According to Country of Origin - Private Sector
2025-10-31,214,Elm alaman for Importing Foodstuffs,15576282.0,private,1,According to Country of Origin - Private Sector
2025-10-31,215,Aletjah alsaheh for Importing Raw Materials,15560275.0,private,1,According to Country of Origin - Private Sector
2025-10-31,216,Noor alkanary for Egg Hatching and Poultry Breeding and Production,15556268.0,private,1,According to Country of Origin - Private Sector
2025-10-31,217,Alkader alduwliya for Petrochemical Industries,15538740.0,private,1,According to Country of Origin - Private Sector
2025-10-31,218,Alnajah Factory for Manufacturing Mesh Sheets,15534824.0,private,1,According to Country of Origin - Private Sector
2025-10-31,219,Ajwad almuahhrikat for Importing Cars,15532187.0,private,1,According to Country of Origin - Private Sector
2025-10-31,220,Rawasem Co. Ltd for Importing Cars and Spare Parts,15531525.0,private,1,According to Country of Origin - Private Sector
2025-10-31,221,Noor sama for Importing Medical Equipment and Supplies,15425823.0,private,1,According to Country of Origin - Private Sector
2025-10-31,222,Ajawed alalamia for Manufacturing PVC and Its Derivatives,15385935.0,private,1,According to Country of Origin - Private Sector
2025-10-31,223,Diar alsafwa for Cement Industries,15337585.0,private,1,According to Country of Origin - Private Sector
2025-10-31,224,Ewan alsharq for Food Industries,15327806.0,private,1,According to Country of Origin - Private Sector
2025-10-31,225,Ajyad Libya alawla for Importing Building and Sanitary Materials and Accessories,15253205.0,private,1,According to Country of Origin - Private Sector
2025-10-31,226,Alzahra allibya for Food Industries,15245000.0,private,1,According to Country of Origin - Private Sector
2025-10-31,227,Alqala for Wood Industries,15078491.0,private,1,According to Country of Origin - Private Sector
2025-10-31,228,Alrafie Factory for Wood Industries,15029519.0,private,1,According to Country of Origin - Private Sector
2025-10-31,229,"Almotahdon alalamia for Manufacturing Plastic Pipes, Containers, and PVC",15025850.0,private,1,According to Country of Origin - Private Sector
2025-10-31,230,Afaq alghad for Wood Industries,15015113.0,private,1,According to Country of Origin - Private Sector
2025-10-31,231,Sluq for Poultry Breeding and Slaughtering,15001570.0,private,1,According to Country of Origin - Private Sector
2025-10-31,232,Jenan Factory for Plastic and Paper Industries,14966864.0,private,1,According to Country of Origin - Private Sector
2025-10-31,233,Almotawaset aljadeeda for Importing Raw Materials,14942172.0,private,1,According to Country of Origin - Private Sector
2025-10-31,234,Albait albaseet for Importing Electrical Appliances,14919209.0,private,1,According to Country of Origin - Private Sector
2025-10-31,235,Gama Factory for Plastic Manufacturing,14878500.0,private,1,According to Country of Origin - Private Sector
2025-10-31,236,Platinum alawla for Importing Raw Materials,14876760.0,private,1,According to Country of Origin - Private Sector
2025-10-31,237,"Matlaa alfajr for Importing Decoration Materials, Hardware, and Cleaning Products",14840796.0,private,1,According to Country of Origin - Private Sector
2025-10-31,238,"Aldiyar almushriqa for Importing Electrical Devices, Phones, and Spare Parts",14801076.0,private,1,According to Country of Origin - Private Sector
2025-10-31,239,Lamar Benghazi for Plastic Manufacturing,14789946.0,private,1,According to Country of Origin - Private Sector
2025-10-31,240,Alalama alduwliya for Manufacturing Raw Materials,14786004.0,private,1,According to Country of Origin - Private Sector
2025-10-31,241,Bayan for Paper and Plastic Industries,14730489.0,private,1,According to Country of Origin - Private Sector
2025-10-31,242,Alahed alwafi for Manufacturing Building Materials,14702475.0,private,1,According to Country of Origin - Private Sector
2025-10-31,243,Almotahida allibya for Manufacturing Raw Materials,14686167.0,private,1,According to Country of Origin - Private Sector
2025-10-31,244,Albadia aleareqa for Food Industries,14679571.0,private,1,According to Country of Origin - Private Sector
2025-10-31,245,Almasdar almateen alawal for Manufacturing Kitchens,14580150.0,private,1,According to Country of Origin - Private Sector
2025-10-31,246,Aalam alfada alteqni for Importing Electronic and Electrical Devices and Accessories,14551426.0,private,1,According to Country of Origin - Private Sector
2025-10-31,247,Alnoor altyeb for Feed Manufacturing,14525245.0,private,1,According to Country of Origin - Private Sector
2025-10-31,248,"Alameer allibya for Importing Foodstuffs, Livestock, and Meat",14481813.0,private,1,According to Country of Origin - Private Sector
2025-10-31,249,Dar altakhassos for Importing Electronic and Electrical Devices,14464230.0,private,1,According to Country of Origin - Private Sector
2025-10-31,250,Alnakhwa allibya for Importing Foodstuffs,14346210.0,private,1,According to Country of Origin - Private Sector
2025-10-31,251,Panorama almutawaset for Mills and Feed Co. Ltd,14333250.0,private,1,According to Country of Origin - Private Sector
2025-10-31,252,Venus for Oil Operations and Well Drilling Services,14313285.0,private,1,According to Country of Origin - Private Sector
2025-10-31,253,Reyada for Chemical and Raw Material Industries,14300000.0,private,1,According to Country of Origin - Private Sector
2025-10-31,254,Alrowad for Manufacturing Sponge and Mattresses,14278800.0,private,1,According to Country of Origin - Private Sector
2025-10-31,255,Asarya alzahabiya for Importing Foodstuffs,14256496.0,private,1,According to Country of Origin - Private Sector
2025-10-31,256,Althoq almutameyez for Food Industries,14212951.0,private,1,According to Country of Origin - Private Sector
2025-10-31,257,Alimtiaz aljadeeda for Importing Means of Transport and Accessories,14207960.0,private,1,According to Country of Origin - Private Sector
2025-10-31,258,Alrabee Factory for Feed Manufacturing,14104496.0,private,1,According to Country of Origin - Private Sector
2025-10-31,259,Alhosn almateen for Iron Industries,14011664.0,private,1,According to Country of Origin - Private Sector
2025-10-31,260,"Itar alduwliya for Importing Decoration, Hardware, and Cleaning Materials",14006381.0,private,1,According to Country of Origin - Private Sector
2025-10-31,261,Alayadi albayda for Manufacturing PVC,13949783.0,private,1,According to Country of Origin - Private Sector
2025-10-31,262,"Alqala alhaditha for Manufacturing Building Materials, Plastics, and Raw Materials",13890650.0,private,1,According to Country of Origin - Private Sector
2025-10-31,263,Almateen for Importing Foodstuffs,13888652.0,private,1,According to Country of Origin - Private Sector
2025-10-31,264,Aleomran for Importing Cars and Spare Parts,13793849.0,private,1,According to Country of Origin - Private Sector
2025-10-31,265,"Bustan Libya for Importing Foodstuffs, Livestock, and Meat",13774068.0,private,1,According to Country of Origin - Private Sector
2025-10-31,266,"Alorban for Importing Medical Equipment, Medicines, and Mother & Child Supplies",13773679.0,private,1,According to Country of Origin - Private Sector
2025-10-31,267,Taj Aviation,13748969.0,private,1,According to Country of Origin - Private Sector
2025-10-31,268,Alnahda alfniya for Manufacturing Chemical Additives and Solvents,13745190.0,private,1,According to Country of Origin - Private Sector
2025-10-31,269,Efrast for Food Industries,13711383.0,private,1,According to Country of Origin - Private Sector
2025-10-31,270,Alteqnia alkhadra for Importing Electrical and Nonelectrical Devices and Spare Parts,13636442.0,private,1,According to Country of Origin - Private Sector
2025-10-31,271,Altafoq alali for Importing Agricultural Supplies and Spare Parts,13636004.0,private,1,According to Country of Origin - Private Sector
2025-10-31,272,Almasdar alraqi for Food Industries,13504000.0,private,1,According to Country of Origin - Private Sector
2025-10-31,273,Allibya aljadeeda for Importing Cars and Spare Parts,13393254.0,private,1,According to Country of Origin - Private Sector
2025-10-31,274,Alqema Factory for Carton Manufacturing,13384750.0,private,1,According to Country of Origin - Private Sector
2025-10-31,275,Alroya almutajaddeda for General Contracting and Real Estate Investment,13375521.0,private,1,According to Country of Origin - Private Sector
2025-10-31,276,Delta alkhair for Importing Building and Sanitary Materials and Accessories,13367095.0,private,1,According to Country of Origin - Private Sector
2025-10-31,277,Alrawabi alzahabiya for Importing Building and Sanitary Materials,13311864.0,private,1,According to Country of Origin - Private Sector
2025-10-31,278,Almawsem for Aluminum and Derivatives Manufacturing,13269889.0,private,1,According to Country of Origin - Private Sector
2025-10-31,279,Masdar alnathafa for Manufacturing Cleaning Materials,13239750.0,private,1,According to Country of Origin - Private Sector
2025-10-31,280,"Polyzan for Manufacturing Paints, Putties, and Chemicals",13232706.0,private,1,According to Country of Origin - Private Sector
2025-10-31,281,Alsahel almutakadem for Importing Foodstuffs,13163044.0,private,1,According to Country of Origin - Private Sector
2025-10-31,282,Altaqadom alduwliya for Importing Electrical and Nonelectrical Devices and Spare Parts,13142700.0,private,1,According to Country of Origin - Private Sector
2025-10-31,283,Alahram allibya for PVC Manufacturing,13085262.0,private,1,According to Country of Origin - Private Sector
2025-10-31,284,Alhulool almutakmela for Importing Medicines and Medical Equipment,13068968.0,private,1,According to Country of Origin - Private Sector
2025-10-31,285,Alzahra for Importing Foodstuffs,13043777.0,private,1,According to Country of Origin - Private Sector
2025-10-31,286,"Alghazala allibya for Importing Foodstuffs, Livestock, and Meat",13036600.0,private,1,According to Country of Origin - Private Sector
2025-10-31,287,Altajadod for Manufacturing PVC,13002455.0,private,1,According to Country of Origin - Private Sector
2025-10-31,288,Alreef alalami for Manufacturing Raw Materials,12904344.0,private,1,According to Country of Origin - Private Sector
2025-10-31,289,"Alwasl almunir for Importing Foodstuffs, Livestock, and Meat",12738310.0,private,1,According to Country of Origin - Private Sector
2025-10-31,290,Almaroj for Feed and Rice Mills Manufacturing,12638901.0,private,1,According to Country of Origin - Private Sector
2025-10-31,291,"Alraed allibya for Importing Foodstuffs, Livestock, and Meat",12591600.0,private,1,According to Country of Origin - Private Sector
2025-10-31,292,Mesahat alamal for Aluminum Manufacturing,12585874.0,private,1,According to Country of Origin - Private Sector
2025-10-31,293,Alrabia alkhadra for Importing Foodstuffs,12579145.0,private,1,According to Country of Origin - Private Sector
2025-10-31,294,Almangla for Importing Foodstuffs,12569784.0,private,1,According to Country of Origin - Private Sector
2025-10-31,295,Aljidar allibya for Importing Means of Transport and Accessories Co. Ltd,12534912.0,private,1,According to Country of Origin - Private Sector
2025-10-31,296,Majmouat altawasol almutamyez for Importing Raw Materials,12526680.0,private,1,According to Country of Origin - Private Sector
2025-10-31,297,Albariq alawal for Manufacturing Sponge and Medical Mattresses,12470450.0,private,1,According to Country of Origin - Private Sector
2025-10-31,298,Alrehab alawla for Manufacturing Diapers and Paper and Scented Tissues,12443150.0,private,1,According to Country of Origin - Private Sector
2025-10-31,299,Almustakshaf alduwliya for Oil Services,12350000.0,private,1,According to Country of Origin - Private Sector
2025-10-31,300,"Mouda for Importing Foodstuffs, Livestock, and Meat",12348085.0,private,1,According to Country of Origin - Private Sector
2025-10-31,301,Ashab alnamaa for Importing Agricultural Seeds and Supplies,12341318.0,private,1,According to Country of Origin - Private Sector
2025-10-31,302,Alasima aljadeeda for Manufacturing Cleaning Materials,12331100.0,private,1,According to Country of Origin - Private Sector
2025-10-31,303,Alhadba for Feed Manufacturing,12291480.0,private,1,According to Country of Origin - Private Sector
2025-10-31,304,Alrafda for Petrochemical Industries,12239250.0,private,1,According to Country of Origin - Private Sector
2025-10-31,305,"Alsada altbia for Importing Medicines, Medical, and Pharmaceutical Equipment",12202633.0,private,1,According to Country of Origin - Private Sector
2025-10-31,306,Aldeka almutanahiya for Manufacturing Aluminum and PVC,12100212.0,private,1,According to Country of Origin - Private Sector
2025-10-31,307,"Qimat altawasol for Importing Means of Transport, Agricultural Supplies, and Building Materials",12047867.0,private,1,According to Country of Origin - Private Sector
2025-10-31,308,Alfaid addaem for Importing Electrical Devices and Spare Parts,12005131.0,private,1,According to Country of Origin - Private Sector
2025-10-31,309,Ayadi alataa alduwliya for Importing Raw Materials Co. Ltd,11972275.0,private,1,According to Country of Origin - Private Sector
2025-10-31,310,Alresha alzahabiya for Importing Foodstuffs Co. Ltd,11902872.0,private,1,According to Country of Origin - Private Sector
2025-10-31,311,Altaj alareqa for Importing Electronic and Electrical Devices and Accessories,11869957.0,private,1,According to Country of Origin - Private Sector
2025-10-31,312,Alsahraa alduwliya for Food Industries,11857970.0,private,1,According to Country of Origin - Private Sector
2025-10-31,313,"Alsaraya alraqia for Importing Foodstuffs, Vegetables, and Fresh Fruits",11808851.0,private,1,According to Country of Origin - Private Sector
2025-10-31,314,"Liboplast for Manufacturing Caps, Lids, and Food Packaging Materials",11777393.0,private,1,According to Country of Origin - Private Sector
2025-10-31,315,Almalika allibya for Food Industries,11762350.0,private,1,According to Country of Origin - Private Sector
2025-10-31,316,Lahthat alsaada for Importing Foodstuffs,11758970.0,private,1,According to Country of Origin - Private Sector
2025-10-31,317,"Dezain alhaditha for Importing Foodstuffs, Livestock, and Meat",11739153.0,private,1,According to Country of Origin - Private Sector
2025-10-31,318,"Beida Libya for Importing Agricultural Machinery, Equipment, and Spare Parts",11722783.0,private,1,According to Country of Origin - Private Sector
2025-10-31,319,Alkhoyoul alzahabiya for Importing Building and Sanitary Materials and Accessories,11718963.0,private,1,According to Country of Origin - Private Sector
2025-10-31,320,Alkhibrat alduwaeya for Importing Medicines and Medical Equipment,11678574.0,private,1,According to Country of Origin - Private Sector
2025-10-31,321,Asasat almohandes for General Contracting,11651950.0,private,1,According to Country of Origin - Private Sector
2025-10-31,322,Safari for Importing Foodstuffs (Joint Stock Company),11630015.0,private,1,According to Country of Origin - Private Sector
2025-10-31,323,Albastana for Feed and Grain Manufacturing,11617745.0,private,1,According to Country of Origin - Private Sector
2025-10-31,324,Alwated almateen for Plastic Industries,11582500.0,private,1,According to Country of Origin - Private Sector
2025-10-31,325,Alberneq alawal for Importing Medical Equipment and Mother & Child Supplies,11526606.0,private,1,According to Country of Origin - Private Sector
2025-10-31,326,Alnamaa aljadeed for Food Industries,11514060.0,private,1,According to Country of Origin - Private Sector
2025-10-31,327,Karam alkhair for Manufacturing Beverages and Juices,11509000.0,private,1,According to Country of Origin - Private Sector
2025-10-31,328,Alnajaah for Importing Building and Sanitary Materials and Accessories,11502358.0,private,1,According to Country of Origin - Private Sector
2025-10-31,329,Allamsa alakhira Factory for Furniture Manufacturing from Wood,11493879.0,private,1,According to Country of Origin - Private Sector
2025-10-31,330,Najmat alsahel for Importing Agricultural Machinery and Spare Parts,11492778.0,private,1,According to Country of Origin - Private Sector
2025-10-31,331,Altawasol almutameyez for Importing Medical Equipment and Supplies,11481831.0,private,1,According to Country of Origin - Private Sector
2025-10-31,332,Alsil Plast for Plastic Industries,11476576.0,private,1,According to Country of Origin - Private Sector
2025-10-31,333,Alkhebra for Maritime Agencies (subsidiary of Natco Holding),11461403.0,private,1,According to Country of Origin - Private Sector
2025-10-31,334,"Aldeka almutameyza for Importing Agricultural Machinery, Equipment, and Spare Parts",11457920.0,private,1,According to Country of Origin - Private Sector
2025-10-31,335,Alraed for Importing Clothes and Sports Shoes Co. Ltd,11427680.0,private,1,According to Country of Origin - Private Sector
2025-10-31,336,Almobtaker alhadith for Manufacturing PVC,11316114.0,private,1,According to Country of Origin - Private Sector
2025-10-31,337,Alqema alduwliya for Manufacturing Aluminum of All Types,11288895.0,private,1,According to Country of Origin - Private Sector
2025-10-31,338,Albadil aljadeed for Importing Means of Transport and Accessories,11268000.0,private,1,According to Country of Origin - Private Sector
2025-10-31,339,Altaleeaa aljadeeda for Feed Manufacturing Co. Ltd,11214500.0,private,1,According to Country of Origin - Private Sector
2025-10-31,340,Asasat alemara for Manufacturing Building Materials,11213330.0,private,1,According to Country of Origin - Private Sector
2025-10-31,341,Alremah for Importing Foodstuffs (Joint Stock Company),11154023.0,private,1,According to Country of Origin - Private Sector
2025-10-31,342,"Maqro for Importing Electrical, Nonelectrical, and Electronic Devices and Spare Parts",11093806.0,private,1,According to Country of Origin - Private Sector
2025-10-31,343,Zohour almadina for Manufacturing Carton and Plastics,11082768.0,private,1,According to Country of Origin - Private Sector
2025-10-31,344,Mafateeh alkhair for Importing Electrical and Electronic Devices and Spare Parts,11079000.0,private,1,According to Country of Origin - Private Sector
2025-10-31,345,Bab almadina for Manufacturing Kitchens and Accessories of All Kinds,11078332.0,private,1,According to Country of Origin - Private Sector
2025-10-31,346,Matajer for Importing Medical Equipment and Supplies,11076086.0,private,1,According to Country of Origin - Private Sector
2025-10-31,347,Alarabi almomayaz for Importing Electrical and Non-Electrical Devices and Materials and Their Spare Parts and Electronic Devices,11070887.0,private,1,According to Country of Origin - Private Sector
2025-10-31,348,"Alitqan Mobile for Importing Electronics, Electrical Materials, and Spare Parts",11051800.0,private,1,According to Country of Origin - Private Sector
2025-10-31,349,"Alsafi for Importing Electrical and Non-Electrical Devices and Materials, Spare Parts, and Electronic Devices",11006438.0,private,1,According to Country of Origin - Private Sector
2025-10-31,350,Wareed alhaya for Importing Electronic and Electrical Devices and Accessories,11002019.0,private,1,According to Country of Origin - Private Sector
2025-10-31,351,Alshakel almonaseb for Importing Raw Materials,10988000.0,private,1,According to Country of Origin - Private Sector
2025-10-31,352,Taj alwaqar for Importing Electrical and Non-Electrical Materials,10946139.0,private,1,According to Country of Origin - Private Sector
2025-10-31,353,"Aqlam alsalam for Importing Electronic Devices, Electrical and Non-Electrical Materials, and Mobile Phones",10921056.0,private,1,According to Country of Origin - Private Sector
2025-10-31,354,Loulouat altamayoz for Importing Medical Equipment and Supplies,10885013.0,private,1,According to Country of Origin - Private Sector
2025-10-31,355,Haram alshifa for Importing Medical Equipment and Mother and Child Supplies,10882854.0,private,1,According to Country of Origin - Private Sector
2025-10-31,356,Loulouat alard for Importing Agricultural Machinery and Spare Parts,10865845.0,private,1,According to Country of Origin - Private Sector
2025-10-31,357,Alsahm almotakadem alawal for Importing Foodstuffs,10849560.0,private,1,According to Country of Origin - Private Sector
2025-10-31,358,Khaleej alsidra for Importing Means of Transportation and Accessories,10848011.0,private,1,According to Country of Origin - Private Sector
2025-10-31,359,"Majmoat almawra for Mills, Feed, and Rice Processing",10796982.0,private,1,According to Country of Origin - Private Sector
2025-10-31,360,Alrawabi aldauliya for Manufacturing Pesticides,10790625.0,private,1,According to Country of Origin - Private Sector
2025-10-31,361,"Alribat alwatheq for Importing Foodstuffs, Livestock, and Meat",10781370.0,private,1,According to Country of Origin - Private Sector
2025-10-31,362,Alqaydoum for Importing Electrical and Household Materials,10761575.0,private,1,According to Country of Origin - Private Sector
2025-10-31,363,Mizan alfan for Iron Industries,10712495.0,private,1,According to Country of Origin - Private Sector
2025-10-31,364,Armco Factory for Manufacturing Paint,10625200.0,private,1,According to Country of Origin - Private Sector
2025-10-31,365,Hadayek alnasim for Food Industries,10615751.0,private,1,According to Country of Origin - Private Sector
2025-10-31,366,Nawarat Libya for Importing Foodstuffs,10580544.0,private,1,According to Country of Origin - Private Sector
2025-10-31,367,Lamsa for General Contracting and Real Estate Investment affiliated with Akakous Holding,10579600.0,private,1,According to Country of Origin - Private Sector
2025-10-31,368,"Almaqud alsaree for Importing Oils, Tires, and Batteries",10563309.0,private,1,According to Country of Origin - Private Sector
2025-10-31,369,"Marai Dofan for Importing Foodstuffs, Livestock, and Meat",10556336.0,private,1,According to Country of Origin - Private Sector
2025-10-31,370,Larin alkhair for Importing Agricultural Supplies,10465038.0,private,1,According to Country of Origin - Private Sector
2025-10-31,371,"Idran for Importing Foodstuffs, Livestock, and Meat",10455152.0,private,1,According to Country of Origin - Private Sector
2025-10-31,372,Kavali for Importing Foodstuffs,10451408.0,private,1,According to Country of Origin - Private Sector
2025-10-31,373,Aljoda for Manufacturing Feed and Poultry Breeding,10366580.0,private,1,According to Country of Origin - Private Sector
2025-10-31,374,Alshat aljadeed for Importing Raw Materials,10344219.0,private,1,According to Country of Origin - Private Sector
2025-10-31,375,Alrahba alhaditha for Importing Electrical and Non-Electrical Devices and Spare Parts,10298006.0,private,1,According to Country of Origin - Private Sector
2025-10-31,376,Alzajel for Manufacturing Kitchens and Furniture of All Kinds,10250588.0,private,1,According to Country of Origin - Private Sector
2025-10-31,377,"Alrabee for Manufacturing Sponge, Furniture, and Mattresses",10248686.0,private,1,According to Country of Origin - Private Sector
2025-10-31,378,"Tawasel alalam for Importing Electronic Devices, Accessories, and Spare Parts",10167519.0,private,1,According to Country of Origin - Private Sector
2025-10-31,379,"Aljanoub allibi for Importing Fruits, Vegetables, Foodstuffs, Livestock, and Meat",10158229.0,private,1,According to Country of Origin - Private Sector
2025-10-31,380,Altahadi alawal for Manufacturing Paper and Cardboard,10127164.0,private,1,According to Country of Origin - Private Sector
2025-10-31,381,Alsafwa for Importing Electrical and Non-Electrical Devices and Spare Parts and Electronic Devices,10124890.0,private,1,According to Country of Origin - Private Sector
2025-10-31,382,Irsaa alaemaar for Manufacturing Electrical Materials,9997526.0,private,1,According to Country of Origin - Private Sector
2025-10-31,383,Adraj albina for Manufacturing Building Materials,9995400.0,private,1,According to Country of Origin - Private Sector
2025-10-31,384,Almazare alllibi for Manufacturing Feed,9973495.0,private,1,According to Country of Origin - Private Sector
2025-10-31,385,Alaemaar altibi for Importing Medical Equipment and Mother and Child Supplies,9910000.0,private,1,According to Country of Origin - Private Sector
2025-10-31,386,Wasel allibiya for Transport,9906940.0,private,1,According to Country of Origin - Private Sector
2025-10-31,387,Altalea for Manufacturing Feed Ltd,9905000.0,private,1,According to Country of Origin - Private Sector
2025-10-31,388,Alkhabeer almotakadem for Manufacturing Kitchens and Furniture,9895226.0,private,1,According to Country of Origin - Private Sector
2025-10-31,389,Almotaweron alalamia for Manufacturing Cardboard and Packaging Materials,9857550.0,private,1,According to Country of Origin - Private Sector
2025-10-31,390,Zlal alkhalij for Importing Computers,9784487.0,private,1,According to Country of Origin - Private Sector
2025-10-31,391,"Allibiya alsareaa for Civil Aviation, Ground Handling, and Air Cargo",9762526.0,private,1,According to Country of Origin - Private Sector
2025-10-31,392,Almobarmej alhadith for Importing Electronic and Electrical Devices and Accessories,9633666.0,private,1,According to Country of Origin - Private Sector
2025-10-31,393,Alard almorwiya for Importing Foodstuffs,9620260.0,private,1,According to Country of Origin - Private Sector
2025-10-31,394,Sada alaswaq for Importing Electrical and Non-Electrical Devices and Spare Parts,9553421.0,private,1,According to Country of Origin - Private Sector
2025-10-31,395,Almaeda alraqiya for Importing Foodstuffs,9539150.0,private,1,According to Country of Origin - Private Sector
2025-10-31,396,"Alard albahira for Importing Agricultural Machinery, Equipment, and Spare Parts",9471079.0,private,1,According to Country of Origin - Private Sector
2025-10-31,397,Moharakat Ydr for Importing Means of Transportation and Accessories,9467548.0,private,1,According to Country of Origin - Private Sector
2025-10-31,398,Alkhair aldaem for Information Technology,9461354.0,private,1,According to Country of Origin - Private Sector
2025-10-31,399,Ajnihat alsamaa for Aviation affiliated with Ajwa Holding,9461244.0,private,1,According to Country of Origin - Private Sector
2025-10-31,400,Altahadi alkhaled aljadeed for Food Industries,9449050.0,private,1,According to Country of Origin - Private Sector
2025-10-31,401,Libyan Maltese Majmout for Medical Care JSC,9442400.0,private,1,According to Country of Origin - Private Sector
2025-10-31,402,Shamal almutawasit for Importing Foodstuffs,9435881.0,private,1,According to Country of Origin - Private Sector
2025-10-31,403,Alwaha aldauliya for Grain Milling and Feed Manufacturing,9427935.0,private,1,According to Country of Origin - Private Sector
2025-10-31,404,Nebras alkhair for Manufacturing Feed and Grain Milling,9407000.0,private,1,According to Country of Origin - Private Sector
2025-10-31,405,Almarkabat almotahida for Importing Means of Transportation,9398023.0,private,1,According to Country of Origin - Private Sector
2025-10-31,406,"Aldaw alabyad for Importing Electronics, Electrical Materials, and Spare Parts",9367290.0,private,1,According to Country of Origin - Private Sector
2025-10-31,407,Hqoul alwatan for Importing Agricultural Machinery and Spare Parts,9286638.0,private,1,According to Country of Origin - Private Sector
2025-10-31,408,Majma albeebas for Plastic Industries and Packaging Materials,9246839.0,private,1,According to Country of Origin - Private Sector
2025-10-31,409,"Almais for Importing Medicines, Medical Preparations, and Mother and Child Supplies",9150782.0,private,1,According to Country of Origin - Private Sector
2025-10-31,410,"Dersaf Libya for Manufacturing Ceramic, Porcelain, and Sanitary Ware",9126450.0,private,1,According to Country of Origin - Private Sector
2025-10-31,411,Tawasel almotakamal for Importing Building Materials,9103328.0,private,1,According to Country of Origin - Private Sector
2025-10-31,412,Anwar almadina for Importing Electrical and Non-Electrical Devices and Spare Parts,9100485.0,private,1,According to Country of Origin - Private Sector
2025-10-31,413,"Beeti alfehdi for Manufacturing Kitchens, Furniture, and Decorations",9071789.0,private,1,According to Country of Origin - Private Sector
2025-10-31,414,"Majmoat altheqa aldaema for Importing Foodstuffs, Livestock, and Meat",9068607.0,private,1,According to Country of Origin - Private Sector
2025-10-31,415,"Roua taqadam for Importing Foodstuffs, Livestock, and Meat",9066764.0,private,1,According to Country of Origin - Private Sector
2025-10-31,416,Zahret alsidr for Manufacturing Foodstuffs,9034250.0,private,1,According to Country of Origin - Private Sector
2025-10-31,417,Rawafed alghitha for Importing Foodstuffs,9027029.0,private,1,According to Country of Origin - Private Sector
2025-10-31,418,Elaf aldauliya for Importing Clothes and Shoes affiliated with Elaf alawla Holding,9000000.0,private,1,According to Country of Origin - Private Sector
2025-10-31,419,Alsatea alawal for Importing Electrical and Electronic Materials,8975100.0,private,1,According to Country of Origin - Private Sector
2025-10-31,420,Tijan for Importing Raw Materials,8944788.0,private,1,According to Country of Origin - Private Sector
2025-10-31,421,"Alnobalaa alawal for Importing Foodstuffs, Livestock, and Meat",8944500.0,private,1,According to Country of Origin - Private Sector
2025-10-31,422,"Samnou for Manufacturing, Packing, and Preparing Foodstuffs, Nuts, and Coffee",8915721.0,private,1,According to Country of Origin - Private Sector
2025-10-31,423,Almontag alburaq for Manufacturing Cleaning and Cosmetic Materials,8899600.0,private,1,According to Country of Origin - Private Sector
2025-10-31,424,"Bawabet alqods for Manufacturing Feed, Flour, and Grain Milling",8861050.0,private,1,According to Country of Origin - Private Sector
2025-10-31,425,"Zahret alqamar alali for Importing Foodstuffs, Fruits, Vegetables, and Meat",8846000.0,private,1,According to Country of Origin - Private Sector
2025-10-31,426,Alazdihar almomayaz for Importing Foodstuffs,8845695.0,private,1,According to Country of Origin - Private Sector
2025-10-31,427,Alrafee for Manufacturing Doors and Windows from Aluminum and PVC,8844217.0,private,1,According to Country of Origin - Private Sector
2025-10-31,428,Amateen aldauliya for Food Industries and Grain Milling,8843550.0,private,1,According to Country of Origin - Private Sector
2025-10-31,429,Altarq for Iron Industries,8825805.0,private,1,According to Country of Origin - Private Sector
2025-10-31,430,Tamam albina for Manufacturing Building Materials,8825800.0,private,1,According to Country of Origin - Private Sector
2025-10-31,431,Alghitha alsahi for Importing Foodstuffs,8790033.0,private,1,According to Country of Origin - Private Sector
2025-10-31,432,Bin Taher Factory for Manufacturing Home and Office Furniture,8787581.0,private,1,According to Country of Origin - Private Sector
2025-10-31,433,"Alwahaj for Importing Foodstuffs, Livestock, and Meat",8696543.0,private,1,According to Country of Origin - Private Sector
2025-10-31,434,"Ata alajwad for Importing Foodstuffs, Fruits, Vegetables, Livestock, and Meat",8662840.0,private,1,According to Country of Origin - Private Sector
2025-10-31,435,Elaf alyasmeen for Importing Mother and Child Supplies,8637396.0,private,1,According to Country of Origin - Private Sector
2025-10-31,436,Aljazeera alawla for Importing Tires and Batteries,8621662.0,private,1,According to Country of Origin - Private Sector
2025-10-31,437,Alkhadamat aldahabiya for Communications and Technology,8619322.0,private,1,According to Country of Origin - Private Sector
2025-10-31,438,Shamal alsahraa for Importing Building Materials,8577758.0,private,1,According to Country of Origin - Private Sector
2025-10-31,439,Sharq alawenat for Importing Raw Materials,8561000.0,private,1,According to Country of Origin - Private Sector
2025-10-31,440,Alsobol almosouma for Importing Agricultural Machinery and Spare Parts,8559230.0,private,1,According to Country of Origin - Private Sector
2025-10-31,441,Altelal allibiya for Importing Foodstuffs,8559059.0,private,1,According to Country of Origin - Private Sector
2025-10-31,442,Fresh Libya for Importing Electrical Devices and Materials,8531219.0,private,1,According to Country of Origin - Private Sector
2025-10-31,443,Allibiya aljadeeda for Manufacturing Metals,8439729.0,private,1,According to Country of Origin - Private Sector
2025-10-31,444,Alawla alhaditha for Importing Electronic Devices and Accessories,8411350.0,private,1,According to Country of Origin - Private Sector
2025-10-31,445,"Alteqnia almotakadema alhaditha for Importing Medical Equipment, Medicines, Medical Preparations, and Mother and Child Supplies",8362880.0,private,1,According to Country of Origin - Private Sector
2025-10-31,446,Hatoun for Importing Foodstuffs,8323784.0,private,1,According to Country of Origin - Private Sector
2025-10-31,447,"Alburj alawal for Importing Means of Transportation, Spare Parts, Tires, and Batteries",8311670.0,private,1,According to Country of Origin - Private Sector
2025-10-31,448,"Lybiana for Importing Foodstuffs, Livestock, and Meat",8294000.0,private,1,According to Country of Origin - Private Sector
2025-10-31,449,Aljohd alfayeq for Importing Medical Equipment and Mother and Child Supplies,8277000.0,private,1,According to Country of Origin - Private Sector
2025-10-31,450,Alfalah almomayaz for Food Industries,8255340.0,private,1,According to Country of Origin - Private Sector
2025-10-31,451,Alyam for Importing Foodstuffs,8247769.0,private,1,According to Country of Origin - Private Sector
2025-10-31,452,Alqurtas for Manufacturing Paper and Cardboard,8223792.0,private,1,According to Country of Origin - Private Sector
2025-10-31,453,Sonar Libya aljadeeda for Importing Foodstuffs,8217500.0,private,1,According to Country of Origin - Private Sector
2025-10-31,454,Riad Libya for Importing Foodstuffs,8202287.0,private,1,According to Country of Origin - Private Sector
2025-10-31,455,Jazan alhaditha for Importing Electrical and Non-Electrical Devices and Spare Parts and Electronic Devices,8201891.0,private,1,According to Country of Origin - Private Sector
2025-10-31,456,Alreemas altibia alawla for Importing Medical Equipment,8176481.0,private,1,According to Country of Origin - Private Sector
2025-10-31,457,"Alraggas alzeraai for Importing Agricultural Machinery, Equipment, and Spare Parts",8084604.0,private,1,According to Country of Origin - Private Sector
2025-10-31,458,Alnajah for Manufacturing Insulated Panels and Prefabricated Houses,8078536.0,private,1,According to Country of Origin - Private Sector
2025-10-31,459,Ajyal for Food Industries,8040000.0,private,1,According to Country of Origin - Private Sector
2025-10-31,460,Alsaadi for Agricultural and Animal Production,8030299.0,private,1,According to Country of Origin - Private Sector
2025-10-31,461,"Alsafir alalami for Importing Tobacco, Cigarettes, and Accessories",8028000.0,private,1,According to Country of Origin - Private Sector
2025-10-31,462,Aqlam for Paper Industries,8012430.0,private,1,According to Country of Origin - Private Sector
2025-10-31,463,Itar alaman for Importing Means of Transportation and Accessories,7888276.0,private,1,According to Country of Origin - Private Sector
2025-10-31,464,Alraes Factory for Manufacturing Wooden Furniture,7879446.0,private,1,According to Country of Origin - Private Sector
2025-10-31,465,Altheqa aldaema for Importing Foodstuffs,7869494.0,private,1,According to Country of Origin - Private Sector
2025-10-31,466,Alhakeem for Importing Medicines and Medical Supplies,7866272.0,private,1,According to Country of Origin - Private Sector
2025-10-31,467,"Sama almarai for Mills, Feed Manufacturing, and Rice Processing",7862270.0,private,1,According to Country of Origin - Private Sector
2025-10-31,468,Alkhaleej alzaher for Food Industries,7811513.0,private,1,According to Country of Origin - Private Sector
2025-10-31,469,Alholoul allibiya for Importing Raw Materials,7801512.0,private,1,According to Country of Origin - Private Sector
2025-10-31,470,Alsharq alawsat for Manufacturing Heavy Machinery,7769600.0,private,1,According to Country of Origin - Private Sector
2025-10-31,471,Arzak alkhair for Manufacturing Foodstuffs,7765885.0,private,1,According to Country of Origin - Private Sector
2025-10-31,472,Alfadel for Importing Tires,7757741.0,private,1,According to Country of Origin - Private Sector
2025-10-31,473,Rytal for Plastic Industries,7730356.0,private,1,According to Country of Origin - Private Sector
2025-10-31,474,Almasar alabyad for Importing Foodstuffs,7708260.0,private,1,According to Country of Origin - Private Sector
2025-10-31,475,Almobhra for Manufacturing Metal and Electronic Chips,7700000.0,private,1,According to Country of Origin - Private Sector
2025-10-31,476,Hadeel almasa for Importing Cleaning Materials,7675402.0,private,1,According to Country of Origin - Private Sector
2025-10-31,477,Alistithmaria for Engineering Industries and Metal Forming,7657979.0,private,1,According to Country of Origin - Private Sector
2025-10-31,478,Alfa Engines for Importing Cars and Spare Parts (subsidiary of Alfa Holding),7652767.0,private,1,According to Country of Origin - Private Sector
2025-10-31,479,Almasa for Importing Foodstuffs,7601433.0,private,1,According to Country of Origin - Private Sector
2025-10-31,480,Alamal Medical Majmout for Importing Medicines and Medical Equipment,7578122.0,private,1,According to Country of Origin - Private Sector
2025-10-31,481,"Agadir Aldahabiya for Importing Electrical Materials, Electronic Devices, and Phones",7558800.0,private,1,According to Country of Origin - Private Sector
2025-10-31,482,Jawaher Nafisa for Manufacturing Foodstuffs,7528800.0,private,1,According to Country of Origin - Private Sector
2025-10-31,483,Qemat Aljibal for Electrical and Electronic Industries,7497609.0,private,1,According to Country of Origin - Private Sector
2025-10-31,484,Altomooh Alarabi for Importing Foodstuffs,7488898.0,private,1,According to Country of Origin - Private Sector
2025-10-31,485,Alabrarr for Importing Mobile Phones and Accessories,7480325.0,private,1,According to Country of Origin - Private Sector
2025-10-31,486,Hattin Alalamia for Manufacturing Cleaning Materials and Supplements,7470780.0,private,1,According to Country of Origin - Private Sector
2025-10-31,487,Alghweitat for Importing Tires and Batteries,7466574.0,private,1,According to Country of Origin - Private Sector
2025-10-31,488,Sehatak Beldonia for Importing Medical Equipment and Supplies,7466190.0,private,1,According to Country of Origin - Private Sector
2025-10-31,489,"Alafdalia Aldaema for Importing Foodstuffs, Livestock, and Meat",7415183.0,private,1,According to Country of Origin - Private Sector
2025-10-31,490,"Alanaqa International Majmout for Manufacturing Clothes, Fabrics, and Textiles",7400000.0,private,1,According to Country of Origin - Private Sector
2025-10-31,491,Alkhaleej Alzaher Majmout for Importing Foodstuffs,7390600.0,private,1,According to Country of Origin - Private Sector
2025-10-31,492,Alshahen Alawal for Mills and Feed Industry,7362000.0,private,1,According to Country of Origin - Private Sector
2025-10-31,493,Africa Aljadeeda for Importing Foodstuffs,7351776.0,private,1,According to Country of Origin - Private Sector
2025-10-31,494,Emax Electro for Importing Electrical and Electronic Devices,7334369.0,private,1,According to Country of Origin - Private Sector
2025-10-31,495,Manarat Alsahil for Importing Foodstuffs,7287282.0,private,1,According to Country of Origin - Private Sector
2025-10-31,496,"Alakhshab Almalkiya for Importing Building Materials, Sanitary Ware, and Accessories",7285156.0,private,1,According to Country of Origin - Private Sector
2025-10-31,497,That Alburooj for Manufacturing Aluminum,7283587.0,private,1,According to Country of Origin - Private Sector
2025-10-31,498,"SK International for Manufacturing Marble, Granite, and Building Materials",7280969.0,private,1,According to Country of Origin - Private Sector
2025-10-31,499,"Albariq Allame for Importing Electronic and Electrical Devices, Spare Parts, and Mobile Phones",7185400.0,private,1,According to Country of Origin - Private Sector
2025-10-31,500,Makamen Aloula for Manufacturing Furniture,7176635.0,private,1,According to Country of Origin - Private Sector
2025-10-31,501,Alaklel Alalamiya for Importing Electrical and Electronic Devices and Accessories,7147654.0,private,1,According to Country of Origin - Private Sector
2025-10-31,502,Alwafeda for Importing Transportation Means and Accessories,7091665.0,private,1,According to Country of Origin - Private Sector
2025-10-31,503,"Almajal Alzakhir for Importing Electrical and Non-Electrical Materials, Spare Parts, and Electronics",7034637.0,private,1,According to Country of Origin - Private Sector
2025-10-31,504,"Sifax for Importing Medicines, Medical Equipment, and Mother and Child Supplies",6995487.0,private,1,According to Country of Origin - Private Sector
2025-10-31,505,"Alshofan for Importing Agricultural Equipment, Supplies, and Spare Parts",6993948.0,private,1,According to Country of Origin - Private Sector
2025-10-31,506,"Alnajm Aldhahabi Alawal for Importing Electronic Devices, Spare Parts, and Mobile Phones",6993913.0,private,1,According to Country of Origin - Private Sector
2025-10-31,507,Anabib Misrata for Manufacturing Plastic Pipes and Accessories,6993642.0,private,1,According to Country of Origin - Private Sector
2025-10-31,508,Aldeqah for Manufacturing Aluminum,6986756.0,private,1,According to Country of Origin - Private Sector
2025-10-31,509,Alzaroug for Maritime Agencies,6971665.0,private,1,According to Country of Origin - Private Sector
2025-10-31,510,Manba Alwadi for Food Industries,6968400.0,private,1,According to Country of Origin - Private Sector
2025-10-31,511,Alramal Albayda for Importing Transportation Means and Accessories,6966775.0,private,1,According to Country of Origin - Private Sector
2025-10-31,512,"Safari for Manufacturing Building Materials, Paints, Plastics, and Raw Materials",6964700.0,private,1,According to Country of Origin - Private Sector
2025-10-31,513,Altarabot Almateen for Iron Industries,6963482.0,private,1,According to Country of Origin - Private Sector
2025-10-31,514,"Qala Oya for Importing Electrical, Non-Electrical, and Electronic Devices and Accessories",6934688.0,private,1,According to Country of Origin - Private Sector
2025-10-31,515,Alwaad Almotamiez for Importing Electronic and Home Appliances,6929336.0,private,1,According to Country of Origin - Private Sector
2025-10-31,516,Jawharat Alebdaa for Manufacturing PVC Products,6889072.0,private,1,According to Country of Origin - Private Sector
2025-10-31,517,Altaam Aljadeed for Food Industries,6868199.0,private,1,According to Country of Origin - Private Sector
2025-10-31,518,"Alaman Altakhasosi for Importing Electrical, Non-Electrical, and Electronic Devices",6865396.0,private,1,According to Country of Origin - Private Sector
2025-10-31,519,Alzahra for Food Industries,6863760.0,private,1,According to Country of Origin - Private Sector
2025-10-31,520,"Tanfas Albenaa for Importing Building Materials, Sanitary Ware, and Accessories",6851091.0,private,1,According to Country of Origin - Private Sector
2025-10-31,521,Alfath for Mills and Feed Industry,6819500.0,private,1,According to Country of Origin - Private Sector
2025-10-31,522,Alhisan Aldhahabi for Manufacturing Cleaning Materials,6801746.0,private,1,According to Country of Origin - Private Sector
2025-10-31,523,Albenaa Althabet for Manufacturing Kitchens and Furniture,6800335.0,private,1,According to Country of Origin - Private Sector
2025-10-31,524,"Jado Alkhair for Importing Foodstuffs, Livestock, and Meat",6781000.0,private,1,According to Country of Origin - Private Sector
2025-10-31,525,Alratil & Partners for Manufacturing Building Materials and Plastic Pipes,6777932.0,private,1,According to Country of Origin - Private Sector
2025-10-31,526,Alomran for Manufacturing Iron in All Types and Forms,6760174.0,private,1,According to Country of Origin - Private Sector
2025-10-31,527,"General for Manufacturing Building Materials, Paints, Plastics, and Raw Materials",6750325.0,private,1,According to Country of Origin - Private Sector
2025-10-31,528,"Maraina Alkhadra for Food Industries, Grain Milling, and Rice Processing",6724169.0,private,1,According to Country of Origin - Private Sector
2025-10-31,529,Alhawatif Almutaharrika for Importing Electronic Devices and Accessories,6714419.0,private,1,According to Country of Origin - Private Sector
2025-10-31,530,Alwaseela for Food Industries,6671954.0,private,1,According to Country of Origin - Private Sector
2025-10-31,531,Almuqdad for Importing Foodstuffs,6659487.0,private,1,According to Country of Origin - Private Sector
2025-10-31,532,Aldawlia for Importing Electrical and Household Materials,6612133.0,private,1,According to Country of Origin - Private Sector
2025-10-31,533,"Albaraka Alsafia for Importing Medicines, Medical Supplies, and Mother and Child Products",6596145.0,private,1,According to Country of Origin - Private Sector
2025-10-31,534,"Bedour Alkhair Aloula for Importing Agricultural Materials, Equipment, and Machinery",6594586.0,private,1,According to Country of Origin - Private Sector
2025-10-31,535,"Alghazara for Importing Foodstuffs, Livestock, and Meat",6522037.0,private,1,According to Country of Origin - Private Sector
2025-10-31,536,"Libya for Aviation, Technical Services, and Tourism",6498633.0,private,1,According to Country of Origin - Private Sector
2025-10-31,537,Almayas for Food Industries,6473373.0,private,1,According to Country of Origin - Private Sector
2025-10-31,538,"Aldhiaa Aldawlia Aloula for Importing Electrical, Non-Electrical, and Electronic Devices and Spare Parts",6463240.0,private,1,According to Country of Origin - Private Sector
2025-10-31,539,"Alghout for Importing Clothes, Textiles, and Leather Products",6462394.0,private,1,According to Country of Origin - Private Sector
2025-10-31,540,"Aljuzur Alzahera for Importing Electrical, Non-Electrical, and Electronic Devices and Spare Parts",6458281.0,private,1,According to Country of Origin - Private Sector
2025-10-31,541,"Tareeq Alnoor for Importing Building Materials, Sanitary Ware, and Accessories",6456500.0,private,1,According to Country of Origin - Private Sector
2025-10-31,542,Albariq Aldawli for Manufacturing Electrical and Electronic Devices,6432500.0,private,1,According to Country of Origin - Private Sector
2025-10-31,543,"Dawajen Libya for Poultry Farming, Slaughtering, Packaging, and Marketing",6392693.0,private,1,According to Country of Origin - Private Sector
2025-10-31,544,"Alrowais for Importing Electrical, Non-Electrical, and Electronic Devices and Spare Parts",6385180.0,private,1,According to Country of Origin - Private Sector
2025-10-31,545,Mwasem Alkhair for Feed Manufacturing (subsidiary of Alnoor Holding Majmout),6372500.0,private,1,According to Country of Origin - Private Sector
2025-10-31,546,Mazaree Alkhairat for Feed Manufacturing and Grain Milling,6357500.0,private,1,According to Country of Origin - Private Sector
2025-10-31,547,"Altafawoq Alsaheh for Importing Foodstuffs, Fruits, Vegetables, Livestock, and Meat",6350871.0,private,1,According to Country of Origin - Private Sector
2025-10-31,548,Alkhayar Alafdal for Importing Electronic and Electrical Devices,6344535.0,private,1,According to Country of Origin - Private Sector
2025-10-31,549,Alasalat Aldhahabiya for Mills and Rice Processing,6300775.0,private,1,According to Country of Origin - Private Sector
2025-10-31,550,Almarsaa Factory for Manufacturing Metal Furniture,6292235.0,private,1,According to Country of Origin - Private Sector
2025-10-31,551,Seeran for Importing Medicines and Medical Equipment,6263053.0,private,1,According to Country of Origin - Private Sector
2025-10-31,552,Sanae Libya for Manufacturing Aluminum and PVC,6255833.0,private,1,According to Country of Origin - Private Sector
2025-10-31,553,Qaraji for Importing Transportation Means and Accessories,6254802.0,private,1,According to Country of Origin - Private Sector
2025-10-31,554,Alruban Alalamiya for Maritime Agencies,6245873.0,private,1,According to Country of Origin - Private Sector
2025-10-31,555,"Alnajm Alsaate Alfidhi for Importing Agricultural Equipment, Supplies, and Spare Parts",6238751.0,private,1,According to Country of Origin - Private Sector
2025-10-31,556,"Alnajm Aldhahabi for Importing Foodstuffs, Livestock, and Meat",6235642.0,private,1,According to Country of Origin - Private Sector
2025-10-31,557,Masarat alajneha for Communications and Information Technology,6212838.0,private,1,According to Country of Origin - Private Sector
2025-10-31,558,"Almuheet alraeda for Importing Hotel, Restaurant, and Café Equipment and Electrical and Non- Electrical Devices and Materials",6202084.0,private,1,According to Country of Origin - Private Sector
2025-10-31,559,"Libya hurra for Importing Generators, Machines, Electrical Equipment, and Spare Parts",6196848.0,private,1,According to Country of Origin - Private Sector
2025-10-31,560,Safaa aljowda for Flour Manufacturing,6191250.0,private,1,According to Country of Origin - Private Sector
2025-10-31,561,Suhool alaseema for Manufacturing Building Materials,6175976.0,private,1,According to Country of Origin - Private Sector
2025-10-31,562,Aber almaster for Importing Electrical and Non-Electrical Devices and Spare Parts,6171741.0,private,1,According to Country of Origin - Private Sector
2025-10-31,563,Albarq almodee for Importing Mother and Child Supplies,6153201.0,private,1,According to Country of Origin - Private Sector
2025-10-31,564,Noqosh Libya for Importing Building and Sanitary Materials,6143053.0,private,1,According to Country of Origin - Private Sector
2025-10-31,565,"Tamkeen alalamia for Manufacturing Bitumen, Qatramin, and Insulators",6130000.0,private,1,According to Country of Origin - Private Sector
2025-10-31,566,"Aldhura for Importing Agricultural Materials, Supplies, and Spare Parts",6124056.0,private,1,According to Country of Origin - Private Sector
2025-10-31,567,"Garnata aldauliya for Importing Foodstuffs, Livestock, and Meats",6078371.0,private,1,According to Country of Origin - Private Sector
2025-10-31,568,Alain for Food Industries and Bottling Water and Juices,6046118.0,private,1,According to Country of Origin - Private Sector
2025-10-31,569,Aboshaneb for Importing Foodstuffs,6029495.0,private,1,According to Country of Origin - Private Sector
2025-10-31,570,Alyarmouk alhadeth Factory for Aluminum Manufacturing,6020702.0,private,1,According to Country of Origin - Private Sector
2025-10-31,571,Albawadi alkhadra for Manufacturing Feed and Grain Milling,6011449.0,private,1,According to Country of Origin - Private Sector
2025-10-31,572,Tareeq alnaeem for Importing Agricultural Machinery and Equipment,6001067.0,private,1,According to Country of Origin - Private Sector
2025-10-31,573,"Meftah for Importing Clothes, Textiles, and Leather Products",5999378.0,private,1,According to Country of Origin - Private Sector
2025-10-31,574,Alsharara for Importing Electronic Devices and Data Center Equipment,5997700.0,private,1,According to Country of Origin - Private Sector
2025-10-31,575,Barneq for Technology Services and Information Technology,5992937.0,private,1,According to Country of Origin - Private Sector
2025-10-31,576,"Aral altejariya for Importing Foodstuffs, Livestock, and Meats",5983950.0,private,1,According to Country of Origin - Private Sector
2025-10-31,577,Asalat almadina for Importing Foodstuffs,5978975.0,private,1,According to Country of Origin - Private Sector
2025-10-31,578,"Jawharat Ourika for Importing Foodstuffs, Livestock, and Meats",5968778.0,private,1,According to Country of Origin - Private Sector
2025-10-31,579,"Alpha for Importing Electrical Materials, Equipment, and Supplies",5960396.0,private,1,According to Country of Origin - Private Sector
2025-10-31,580,Alwan for Paper and Carton Industries,5938869.0,private,1,According to Country of Origin - Private Sector
2025-10-31,581,"Alsafar for Importing Agricultural Machinery, Supplies, and Spare Parts",5927215.0,private,1,According to Country of Origin - Private Sector
2025-10-31,582,"Fares almutamayeza for Importing Equipment, Medicines, Medical Preparations, and Mother and Child Supplies",5916225.0,private,1,According to Country of Origin - Private Sector
2025-10-31,583,Alfada aldahabi for Importing Foodstuffs,5911607.0,private,1,According to Country of Origin - Private Sector
2025-10-31,584,Afaq alhadina for General Contracting and Real Estate Investment,5901500.0,private,1,According to Country of Origin - Private Sector
2025-10-31,585,Qimmat alaraqah for Importing Clothes,5893937.0,private,1,According to Country of Origin - Private Sector
2025-10-31,586,"Alwataniya for Importing Heavy Machinery, Equipment, and Supplies and Factory and Workshop Equipment",5880666.0,private,1,According to Country of Origin - Private Sector
2025-10-31,587,"Alofuq aldauliya for Importing Decoration Materials, Hardware, and Cleaning Materials",5877249.0,private,1,According to Country of Origin - Private Sector
2025-10-31,588,Wadi alzayd for Importing Foodstuffs,5875074.0,private,1,According to Country of Origin - Private Sector
2025-10-31,589,Almansour for Manufacturing Asphalt and Petroleum Derivatives,5862000.0,private,1,According to Country of Origin - Private Sector
2025-10-31,590,Almotakamel aljadeed for Importing Foodstuffs,5855480.0,private,1,According to Country of Origin - Private Sector
2025-10-31,591,Afaq alitqan for Importing Building and Sanitary Materials,5850222.0,private,1,According to Country of Origin - Private Sector
2025-10-31,592,Asdiqa Libya for Manufacturing Cleaning Materials,5844200.0,private,1,According to Country of Origin - Private Sector
2025-10-31,593,Alsahil alhadith for Importing Livestock and Meats,5835560.0,private,1,According to Country of Origin - Private Sector
2025-10-31,594,Dar alyusr for Food Industries,5831798.0,private,1,According to Country of Origin - Private Sector
2025-10-31,595,"Zaid alkamel for Importing Medicines, Medical Preparations, and Mother and Child Supplies",5808293.0,private,1,According to Country of Origin - Private Sector
2025-10-31,596,"Alistifada for Information Technology, Surveillance Systems Installation, and Software Supply",5795550.0,private,1,According to Country of Origin - Private Sector
2025-10-31,597,"Khairat aljood for Importing Agricultural Machinery, Supplies, and Spare Parts",5782846.0,private,1,According to Country of Origin - Private Sector
2025-10-31,598,Tawasul Libya for Importing Electronics,5759280.0,private,1,According to Country of Origin - Private Sector
2025-10-31,599,"Almostawred aljadeed for Importing Foodstuffs, Livestock, and Meats",5756331.0,private,1,According to Country of Origin - Private Sector
2025-10-31,600,Aladraaj alalamia for Importing Raw Materials,5753000.0,private,1,According to Country of Origin - Private Sector
2025-10-31,601,Tasaheel alalamia for Manufacturing Carton and Packaging Boxes,5749550.0,private,1,According to Country of Origin - Private Sector
2025-10-31,602,"Alabraj alhaditha for Importing Electrical and Non-Electrical Devices, Spare Parts, and Electronic Equipment",5740116.0,private,1,According to Country of Origin - Private Sector
2025-10-31,603,Alheblow alalamia for Shipping Agencies,5735433.0,private,1,According to Country of Origin - Private Sector
2025-10-31,604,Alafiya for Importing Medicines and Medical Equipment (Joint-Stock),5731744.0,private,1,According to Country of Origin - Private Sector
2025-10-31,605,Kohof aljibal for Manufacturing Building Materials,5725800.0,private,1,According to Country of Origin - Private Sector
2025-10-31,606,"Zulfa aldauliya aljadeeda for Importing Electrical, Non-Electrical, and Electronic Devices",5720702.0,private,1,According to Country of Origin - Private Sector
2025-10-31,607,Onwan alwaha for Food Industries,5702655.0,private,1,According to Country of Origin - Private Sector
2025-10-31,608,Altuyour almutamayeza for Importing Electronic Devices and Accessories,5700499.0,private,1,According to Country of Origin - Private Sector
2025-10-31,609,"Almotakadmon allibyoun for Importing Electronic and Electrical Devices, Accessories, and Spare Parts",5654875.0,private,1,According to Country of Origin - Private Sector
2025-10-31,610,Alzaytouna alasila for Importing Foodstuffs,5640182.0,private,1,According to Country of Origin - Private Sector
2025-10-31,611,Dana Factory for Manufacturing Metal Furniture,5611263.0,private,1,According to Country of Origin - Private Sector
2025-10-31,612,Almosamem almutamayeze for Manufacturing Building and Sanitary Materials,5607750.0,private,1,According to Country of Origin - Private Sector
2025-10-31,613,"Fardas for Importing Foodstuffs, Livestock, and Meats",5587712.0,private,1,According to Country of Origin - Private Sector
2025-10-31,614,Aljadeed for Iron Industries,5552727.0,private,1,According to Country of Origin - Private Sector
2025-10-31,615,Afdal alashkal for Manufacturing Electronic and Electrical Devices,5552500.0,private,1,According to Country of Origin - Private Sector
2025-10-31,616,Souq alkhamis for Manufacturing Feed,5551500.0,private,1,According to Country of Origin - Private Sector
2025-10-31,617,Rawaa alsinaiya for Manufacturing Soap and Cleaning Materials,5547520.0,private,1,According to Country of Origin - Private Sector
2025-10-31,618,Alnokhba almodeaa for Manufacturing Wooden and Metal Furniture and Accessories,5547436.0,private,1,According to Country of Origin - Private Sector
2025-10-31,619,Alzein aldauliya for Importing Foodstuffs,5540217.0,private,1,According to Country of Origin - Private Sector
2025-10-31,620,Alrabee aljadeed for Importing Foodstuffs,5526313.0,private,1,According to Country of Origin - Private Sector
2025-10-31,621,Aksir alafiya for Importing Medical Equipment and Mother and Child Supplies,5524984.0,private,1,According to Country of Origin - Private Sector
2025-10-31,622,Alzahra albayda for Electrical Industries of All Kinds,5467290.0,private,1,According to Country of Origin - Private Sector
2025-10-31,623,Adwaa almarazeeq for Manufacturing Feed and Grain Milling,5437500.0,private,1,According to Country of Origin - Private Sector
2025-10-31,624,Bidayat almaamar for Importing Building and Sanitary Materials,5427385.0,private,1,According to Country of Origin - Private Sector
2025-10-31,625,Alawtar alsinaiya for Manufacturing Electronic and Electrical Devices,5417286.0,private,1,According to Country of Origin - Private Sector
2025-10-31,626,"Alkian aljadeed for Importing Medicines, Medical Equipment, Medical Preparations, and Mother and Child Supplies",5397190.0,private,1,According to Country of Origin - Private Sector
2025-10-31,627,"Tanafus alzeraai for Importing Agricultural Machinery, Supplies, and Spare Parts",5395285.0,private,1,According to Country of Origin - Private Sector
2025-10-31,628,"Alkhaleej for Producing and Preparing Coffee, Spices, Nuts, and Legumes",5380385.0,private,1,According to Country of Origin - Private Sector
2025-10-31,629,Alhendasa for Importing Raw Materials,5363500.0,private,1,According to Country of Origin - Private Sector
2025-10-31,630,Alkhayam for PVC Manufacturing,5352109.0,private,1,According to Country of Origin - Private Sector
2025-10-31,631,Alghida aljadeed for Importing Agricultural Machinery and Equipment,5342763.0,private,1,According to Country of Origin - Private Sector
2025-10-31,632,Alwahda for Shipping Agencies,5334047.0,private,1,According to Country of Origin - Private Sector
2025-10-31,633,Arkan aljadeeda for Poultry Breeding and Hatching,5269478.0,private,1,According to Country of Origin - Private Sector
2025-10-31,634,Talents alalamia for Importing Various Means of Transport and Accessories,5267664.0,private,1,According to Country of Origin - Private Sector
2025-10-31,635,Nabd alfuad for Importing Medical Equipment,5262145.0,private,1,According to Country of Origin - Private Sector
2025-10-31,636,"Aldar alarabia for Importing Foodstuffs, Livestock, and Meats",5223978.0,private,1,According to Country of Origin - Private Sector
2025-10-31,637,Alabanos for Furniture Manufacturing,5220187.0,private,1,According to Country of Origin - Private Sector
2025-10-31,638,Shorouk Libya for Importing Foodstuffs,5219528.0,private,1,According to Country of Origin - Private Sector
2025-10-31,639,"Alrowad for Importing Clothes, Textiles, and Leather Products",5214235.0,private,1,According to Country of Origin - Private Sector
2025-10-31,640,Alresala for Importing Electronic Devices,5210000.0,private,1,According to Country of Origin - Private Sector
2025-10-31,641,"Altaameer for Importing Building, Sanitary Materials, and Accessories",5204288.0,private,1,According to Country of Origin - Private Sector
2025-10-31,642,Sahefat alkhaleej for Manufacturing Building Materials,5200500.0,private,1,According to Country of Origin - Private Sector
2025-10-31,643,Droub Libya aldauliya for Plastic Industries,5198300.0,private,1,According to Country of Origin - Private Sector
2025-10-31,644,Alshamela altibia for Importing and Selling Medicines and Medical Equipment,5182681.0,private,1,According to Country of Origin - Private Sector
2025-10-31,645,Alwaha for Paint Manufacturing,5180161.0,private,1,According to Country of Origin - Private Sector
2025-10-31,646,"Rahmat Libya for Manufacturing Agricultural Machinery, Equipment, and Supplies and Assembling Electric Generators",5161625.0,private,1,According to Country of Origin - Private Sector
2025-10-31,647,Akno for Importing Foodstuffs,5134352.0,private,1,According to Country of Origin - Private Sector
2025-10-31,648,"Altawasul aljadeed for Manufacturing Aluminum, PVC, and Wooden Doors, Windows, and Decorations",5124403.0,private,1,According to Country of Origin - Private Sector
2025-10-31,649,Alalmas for Communications and Technology,5112905.0,private,1,According to Country of Origin - Private Sector
2025-10-31,650,Altawasul alawal for Paper Industries,5111116.0,private,1,According to Country of Origin - Private Sector
2025-10-31,651,Alhayat alshafia for Importing Medical Equipment and Mother and Child Supplies,5109000.0,private,1,According to Country of Origin - Private Sector
2025-10-31,652,Shaghaf for Food Industries,5107700.0,private,1,According to Country of Origin - Private Sector
2025-10-31,653,Naseem aldauliya for Importing Foodstuffs,5093742.0,private,1,According to Country of Origin - Private Sector
2025-10-31,654,Altabaq altrakedi for Importing Foodstuffs,5084500.0,private,1,According to Country of Origin - Private Sector
2025-10-31,655,Tabahi for Communications and Information Technology,5073115.0,private,1,According to Country of Origin - Private Sector
2025-10-31,656,"Alimtiaz alhadith for Importing Building, Sanitary Materials, and Accessories",5062206.0,private,1,According to Country of Origin - Private Sector
2025-10-31,657,"Aldeqah alalia for Importing Foodstuffs, Livestock, and Meats",5055328.0,private,1,According to Country of Origin - Private Sector
2025-10-31,658,Allibyah almutahida for Wood Product Manufacturing,5040429.0,private,1,According to Country of Origin - Private Sector
2025-10-31,659,Ahdes almoharakat for Importing Various Means of Transport and Spare Parts,5040000.0,private,1,According to Country of Origin - Private Sector
2025-10-31,660,"Sama altaqadom for Manufacturing Aluminum, PVC, Wooden, and Gypsum Board Doors, Windows, and Decorations",5035839.0,private,1,According to Country of Origin - Private Sector
2025-10-31,661,Albadil altibi for Importing Medicines and Medical Equipment,5008964.0,private,1,According to Country of Origin - Private Sector
2025-10-31,662,Majmouat Libya lelaemaar for Manufacturing Building Materials,4998736.0,private,1,According to Country of Origin - Private Sector
2025-10-31,663,Mawasem alkhairat for Food Industries,4985630.0,private,1,According to Country of Origin - Private Sector
2025-10-31,664,Tuyour aljana for Importing Books and Stationery,4980156.0,private,1,According to Country of Origin - Private Sector
2025-10-31,665,Alburj alali for Electronic and Electrical Industries,4977850.0,private,1,According to Country of Origin - Private Sector
2025-10-31,666,Aljowda alraqiya alola for Manufacturing Feed and Derivatives,4975000.0,private,1,According to Country of Origin - Private Sector
2025-10-31,667,Almondar alawal for Manufacturing Feed and Derivatives,4975000.0,private,1,According to Country of Origin - Private Sector
2025-10-31,668,Alrokn alelectruni for Manufacturing Electronic and Electrical Devices,4974484.0,private,1,According to Country of Origin - Private Sector
2025-10-31,669,"Alsalwa for Food, Water Technology, and Plastic Bottling Industries",4973774.0,private,1,According to Country of Origin - Private Sector
2025-10-31,670,Alshaheen altayeb for Importing Cars and Spare Parts,4971205.0,private,1,According to Country of Origin - Private Sector
2025-10-31,671,Masarat alelm for Communications and Information Technology,4961717.0,private,1,According to Country of Origin - Private Sector
2025-10-31,672,Aber alqarat for Importing Raw Materials,4955420.0,private,1,According to Country of Origin - Private Sector
2025-10-31,673,Alamat altamayoz for Manufacturing Kitchens and Furniture,4953825.0,private,1,According to Country of Origin - Private Sector
2025-10-31,674,Alnokhba alasria for Importing Electrical and Electronic Materials,4951325.0,private,1,According to Country of Origin - Private Sector
2025-10-31,675,Maany alkhair for Importing Foodstuffs,4949040.0,private,1,According to Country of Origin - Private Sector
2025-10-31,676,Alwathiqoun aldauliya alola for Importing Electrical and Non-Electrical Devices and Spare Parts,4933129.0,private,1,According to Country of Origin - Private Sector
2025-10-31,677,"Almada alaqari for Importing Building, Sanitary Materials, and Accessories",4911036.0,private,1,According to Country of Origin - Private Sector
2025-10-31,678,Majmouat altawasul aljadeed for Manufacturing Cleaning Materials,4904700.0,private,1,According to Country of Origin - Private Sector
2025-10-31,679,"Alabraj for Manufacturing Building Materials, Cement, and Mining",4904000.0,private,1,According to Country of Origin - Private Sector
2025-10-31,680,Albadya aljadeeda for Manufacturing Raw Materials,4903800.0,private,1,According to Country of Origin - Private Sector
2025-10-31,681,Almoharakat alyabania for Importing Vehicles and Accessories,4871794.0,private,1,According to Country of Origin - Private Sector
2025-10-31,682,"Alboad alakher for Importing Building, Sanitary Materials, and Accessories",4869800.0,private,1,According to Country of Origin - Private Sector
2025-10-31,683,Alwesal for Manufacturing Asphalt and Petroleum Insulators,4868756.0,private,1,According to Country of Origin - Private Sector
2025-10-31,684,Shamal Africa for Soap and Cleaning Material Manufacturing,4830439.0,private,1,According to Country of Origin - Private Sector
2025-10-31,685,Noq Libya for Importing Livestock and Meats,4828500.0,private,1,According to Country of Origin - Private Sector
2025-10-31,686,Sanabel alaseema for Food Industries,4826094.0,private,1,According to Country of Origin - Private Sector
2025-10-31,687,"Aalam alfadaa alelectroniya for Importing Electronic Devices, Accessories, and Spare Parts",4811393.0,private,1,According to Country of Origin - Private Sector
2025-10-31,688,Alsanbula for Food Manufacturing,4788448.0,private,1,According to Country of Origin - Private Sector
2025-10-31,689,Sajad Tripoli for Carpet Manufacturing,4783626.0,private,1,According to Country of Origin - Private Sector
2025-10-31,690,Aliltisak for Manufacturing Insulated Panels,4772000.0,private,1,According to Country of Origin - Private Sector
2025-10-31,691,Qimam alsahel for Importing Electrical and Non-Electrical Materials and Spare Parts,4771877.0,private,1,According to Country of Origin - Private Sector
2025-10-31,692,Altehalof for Importing Livestock and Meats,4767750.0,private,1,According to Country of Origin - Private Sector
2025-10-31,693,Altahadi alawal for Electronics Manufacturing,4747357.0,private,1,According to Country of Origin - Private Sector
2025-10-31,694,Alsad alhaditha for Milling and Feed Production,4734500.0,private,1,According to Country of Origin - Private Sector
2025-10-31,695,Alkof for Importing Foodstuffs,4732992.0,private,1,According to Country of Origin - Private Sector
2025-10-31,696,Aljowda alraeda for Importing Foodstuffs,4726303.0,private,1,According to Country of Origin - Private Sector
2025-10-31,697,"Almazraa aljadeeda for Importing Livestock, Meats, and Foodstuffs",4723078.0,private,1,According to Country of Origin - Private Sector
2025-10-31,698,"Altarabot for Manufacturing Doors, Windows, and Geometric Shapes",4717134.0,private,1,According to Country of Origin - Private Sector
2025-10-31,699,Sama for Wooden Industries,4713590.0,private,1,According to Country of Origin - Private Sector
2025-10-31,700,Almarran for Furniture Manufacturing,4711426.0,private,1,According to Country of Origin - Private Sector
2025-10-31,701,"Aalam alghida for Importing Foodstuffs, Livestock, and Meats",4708482.0,private,1,According to Country of Origin - Private Sector
2025-10-31,702,Alreyada albahriya for Shipping Agencies,4699692.0,private,1,According to Country of Origin - Private Sector
2025-10-31,703,Alnoor Factory for Iron Industries,4694952.0,private,1,According to Country of Origin - Private Sector
2025-10-31,704,Almasar aldaem for Metal Industries,4693762.0,private,1,According to Country of Origin - Private Sector
2025-10-31,705,Qimmat altaqadom for Manufacturing Building Materials,4691050.0,private,1,According to Country of Origin - Private Sector
2025-10-31,706,Taj aldauliya for Importing Electronics and Computers,4656662.0,private,1,According to Country of Origin - Private Sector
2025-10-31,707,"Nasaem Libya for Importing Decoration Materials, Hardware, and Cleaning Materials",4644882.0,private,1,According to Country of Origin - Private Sector
2025-10-31,708,Adwaa alshamal for Importing Electrical Materials,4634465.0,private,1,According to Country of Origin - Private Sector
2025-10-31,709,"Najmat algharb for Importing Building, Sanitary Materials, and Accessories",4631850.0,private,1,According to Country of Origin - Private Sector
2025-10-31,710,Aalam aljadeed for Electronics Manufacturing,4628450.0,private,1,According to Country of Origin - Private Sector
2025-10-31,711,"Salalah for Furniture, Doors, and Windows Manufacturing",4618726.0,private,1,According to Country of Origin - Private Sector
2025-10-31,712,"Alhayat almutamayeza for Importing Electrical, Non-Electrical, and Electronic Devices and Spare Parts",4614802.0,private,1,According to Country of Origin - Private Sector
2025-10-31,713,Almabrouka for Importing Foodstuffs,4580643.0,private,1,According to Country of Origin - Private Sector
2025-10-31,714,Wafira alghida for Importing Foodstuffs,4574900.0,private,1,According to Country of Origin - Private Sector
2025-10-31,715,Alfaeq almutamayeze for Heavy Industries,4572500.0,private,1,According to Country of Origin - Private Sector
2025-10-31,716,"Ruya alibda for Importing Electronic and Electrical Devices, Spare Parts, and Mobile Phones",4562449.0,private,1,According to Country of Origin - Private Sector
2025-10-31,717,Alsarh almomard for Importing Building and Sanitary Materials and Accessories,4560523.0,private,1,According to Country of Origin - Private Sector
2025-10-31,718,Almowad alsehya for Cotton Manufacturing,4552409.0,private,1,According to Country of Origin - Private Sector
2025-10-31,719,Amwaj almuheet for Food Manufacturing,4533578.0,private,1,According to Country of Origin - Private Sector
2025-10-31,720,Alhadaf for Communications,4521000.0,private,1,According to Country of Origin - Private Sector
2025-10-31,721,Elite alalamia for Importing Medical Equipment,4514255.0,private,1,According to Country of Origin - Private Sector
2025-10-31,722,"Almaali alwataniya for Manufacturing Furniture, Doors, and Windows",4504535.0,private,1,According to Country of Origin - Private Sector
2025-10-31,723,Ajyalna for Importing Medical Equipment,4502085.0,private,1,According to Country of Origin - Private Sector
2025-10-31,724,Almoroog for Kitchen Manufacturing,4499637.0,private,1,According to Country of Origin - Private Sector
2025-10-31,725,Alilm almunir for Importing Stationery and Books,4495000.0,private,1,According to Country of Origin - Private Sector
2025-10-31,726,Niqaa almeaden for Importing Raw Materials,4480000.0,private,1,According to Country of Origin - Private Sector
2025-10-31,727,Alquba alkhadra for Textile and Furnishing Manufacturing,4477500.0,private,1,According to Country of Origin - Private Sector
2025-10-31,728,Libya alwataniya alola for Wooden Industries and Furniture Manufacturing,4476977.0,private,1,According to Country of Origin - Private Sector
2025-10-31,729,Almarkabat almutakadema for Importing Vehicles and Accessories,4468626.0,private,1,According to Country of Origin - Private Sector
2025-10-31,730,Alruya alalamia for Paints and Putty,4450669.0,private,1,According to Country of Origin - Private Sector
2025-10-31,731,Riad for Food Industries,4446092.0,private,1,According to Country of Origin - Private Sector
2025-10-31,732,Alwaha aldauliya for Plastic Manufacturing and Derivatives,4441500.0,private,1,According to Country of Origin - Private Sector
2025-10-31,733,Arouad for Importing Oils and Car Lubricants,4422548.0,private,1,According to Country of Origin - Private Sector
2025-10-31,734,Alsakhra alsamaa for Importing Building and Sanitary Materials,4419650.0,private,1,According to Country of Origin - Private Sector
2025-10-31,735,Almiraj for Manufacturing Electronic and Electrical Devices,4399735.0,private,1,According to Country of Origin - Private Sector
2025-10-31,736,Alsahl alakhder for Milling and Feed Industries,4394993.0,private,1,According to Country of Origin - Private Sector
2025-10-31,737,Alsalam alharami for Iron Industries,4390750.0,private,1,According to Country of Origin - Private Sector
2025-10-31,738,Alburj aldauliya for Marble and Granite Cutting and Building Materials Manufacturing,4388949.0,private,1,According to Country of Origin - Private Sector
2025-10-31,739,Alwatheqa alasliya for Importing Vehicles and Accessories,4371731.0,private,1,According to Country of Origin - Private Sector
2025-10-31,740,Libyana for Importing Medicines and Medical Equipment,4368722.0,private,1,According to Country of Origin - Private Sector
2025-10-31,741,Alsada alaalami for Importing Spare Parts for Cars and Heavy Machinery,4368124.0,private,1,According to Country of Origin - Private Sector
2025-10-31,742,"Taj alaalami almutamayeze for Importing Electrical, Non-Electrical, and Spare Parts",4348684.0,private,1,According to Country of Origin - Private Sector
2025-10-31,743,Almarsaa aljadeed for Egg Hatching and Poultry Production,4338697.0,private,1,According to Country of Origin - Private Sector
2025-10-31,744,"Belhaj alaalamiya for Manufacturing Doors, Windows, and Decoration Supplies",4319516.0,private,1,According to Country of Origin - Private Sector
2025-10-31,745,Alnokhba lelistithmar alsinai with Limited Liability,4317300.0,private,1,According to Country of Origin - Private Sector
2025-10-31,746,"Alnizak albaher for Importing Electrical, Non-Electrical, and Electronic Devices and Spare Parts",4309237.0,private,1,According to Country of Origin - Private Sector
2025-10-31,747,Rokn aldia for Importing Electronic and Electrical Devices,4306084.0,private,1,According to Country of Origin - Private Sector
2025-10-31,748,Alwated alakbar for Paint Manufacturing,4305969.0,private,1,According to Country of Origin - Private Sector
2025-10-31,749,"Anwar Misrata for Importing Electrical, Non-Electrical Devices, and Spare Parts",4297514.0,private,1,According to Country of Origin - Private Sector
2025-10-31,750,Albustan alkabeer for Importing Foodstuffs,4287200.0,private,1,According to Country of Origin - Private Sector
2025-10-31,751,Almajdoob Factory for Marble Cutting and Shaping,4276444.0,private,1,According to Country of Origin - Private Sector
2025-10-31,752,Alqayser for Importing Building and Sanitary Materials and Accessories,4258650.0,private,1,According to Country of Origin - Private Sector
2025-10-31,753,"Alkemya for Manufacturing Building Materials, Paints, Plastics, and Raw Materials",4251600.0,private,1,According to Country of Origin - Private Sector
2025-10-31,754,Alqala for Manufacturing Aluminum and PVC Doors and Windows,4241174.0,private,1,According to Country of Origin - Private Sector
2025-10-31,755,"Alhaes for Importing Clothes, Textiles, and Leather Products",4236373.0,private,1,According to Country of Origin - Private Sector
2025-10-31,756,Alzein aldauliya aljadeeda for Importing Medical Supplies and Equipment,4216311.0,private,1,According to Country of Origin - Private Sector
2025-10-31,757,"Mazraat alamal for Importing Agricultural Machinery, Supplies, and Spare Parts",4196075.0,private,1,According to Country of Origin - Private Sector
2025-10-31,758,Najm altaalouq alraqi for Importing Agricultural Machinery and Supplies,4185086.0,private,1,According to Country of Origin - Private Sector
2025-10-31,759,"Alkhat almodee aljadeed for Importing Electronic, Electrical, and Home Appliances and Spare Parts",4182088.0,private,1,According to Country of Origin - Private Sector
2025-10-31,760,"Alsadra aljadeeda for Importing Electrical, Non-Electrical, and Electronic Devices and Spare Parts",4181930.0,private,1,According to Country of Origin - Private Sector
2025-10-31,761,Alfonon for Importing Books and Stationery,4181390.0,private,1,According to Country of Origin - Private Sector
2025-10-31,762,"Konoz alsahel for Importing Foodstuffs, Livestock, and Meats",4174909.0,private,1,According to Country of Origin - Private Sector
2025-10-31,763,Nepal for Importing Vehicles and Accessories,4173250.0,private,1,According to Country of Origin - Private Sector
2025-10-31,764,Kol alnas for Importing Foodstuffs and Livestock,4166392.0,private,1,According to Country of Origin - Private Sector
2025-10-31,765,Alremal for Importing Mother and Child Supplies,4160262.0,private,1,According to Country of Origin - Private Sector
2025-10-31,766,Aseel for Importing Cleaning Materials,4148503.0,private,1,According to Country of Origin - Private Sector
2025-10-31,767,Alzeraai aldauli for Importing Agricultural Machinery and Supplies,4129591.0,private,1,According to Country of Origin - Private Sector
2025-10-31,768,"Aaaley alsharq for Importing Foodstuffs, Livestock, and Meats",4125000.0,private,1,According to Country of Origin - Private Sector
2025-10-31,769,Almarmer alsafi for Importing Building and Sanitary Materials and Accessories,4101300.0,private,1,According to Country of Origin - Private Sector
2025-10-31,770,"Alaarif for Importing Electrical, Non-Electrical, and Electronic Devices and Spare Parts",4092551.0,private,1,According to Country of Origin - Private Sector
2025-10-31,771,Ahlahm for Manufacturing Sponge and Mattresses (Subsidiary of Natco Holding),4090342.0,private,1,According to Country of Origin - Private Sector
2025-10-31,772,Alatheer for Furniture Manufacturing,4088261.0,private,1,According to Country of Origin - Private Sector
2025-10-31,773,Alsaned alawal for Furniture Manufacturing,4084603.0,private,1,According to Country of Origin - Private Sector
2025-10-31,774,Abnaa Belhaj Factory for Manufacturing Aluminum and PVC Doors and Windows,4076991.0,private,1,According to Country of Origin - Private Sector
2025-10-31,775,"Beit alenara alareq for Importing Electrical Materials, Electronic Devices, Spare Parts, and Accessories",4074270.0,private,1,According to Country of Origin - Private Sector
2025-10-31,776,Altaqadom aldauliya for Manufacturing Cleaning Materials,4065646.0,private,1,According to Country of Origin - Private Sector
2025-10-31,777,Zakharef for Furniture Manufacturing,4065620.0,private,1,According to Country of Origin - Private Sector
2025-10-31,778,"Fan altaknologia for Importing Electrical, Electronic Devices, Spare Parts, and Accessories",4062100.0,private,1,According to Country of Origin - Private Sector
2025-10-31,779,Atmar almutahida for Importing Foodstuffs,4058185.0,private,1,According to Country of Origin - Private Sector
2025-10-31,780,Almajal alwasea for Manufacturing Electronic and Electrical Devices,4052504.0,private,1,According to Country of Origin - Private Sector
2025-10-31,781,Aldanoub for Importing Foodstuffs,4047159.0,private,1,According to Country of Origin - Private Sector
2025-10-31,782,Watan almajd for Importing Foodstuffs,4042924.0,private,1,According to Country of Origin - Private Sector
2025-10-31,783,"Manazel for Importing Electrical, Non-Electrical Devices, and Spare Parts",4031809.0,private,1,According to Country of Origin - Private Sector
2025-10-31,784,"Alfajr aljadeed for Grain Milling, Flour, and Rice Manufacturing",4023750.0,private,1,According to Country of Origin - Private Sector
2025-10-31,785,Aljubail for Importing Raw Materials,4014949.0,private,1,According to Country of Origin - Private Sector
2025-10-31,786,Aldauliya for Importing Medicines and Medical Equipment,4001027.0,private,1,According to Country of Origin - Private Sector
2025-10-31,787,"Almanazel albaraqa for Importing Decoration Materials, Hardware, and Cleaning Materials",4000778.0,private,1,According to Country of Origin - Private Sector
2025-10-31,788,Shamal Afriqya for Paper and Carton Manufacturing,4000000.0,private,1,According to Country of Origin - Private Sector
2025-10-31,789,"Alzaher alibi for Importing Jewelry, Precious Stones, and Precious Metals",3993941.0,private,1,According to Country of Origin - Private Sector
2025-10-31,790,Alsehra aldhahabiya for Food Industries,3992000.0,private,1,According to Country of Origin - Private Sector
2025-10-31,791,Asstool almutawasit for Importing Foodstuffs,3991000.0,private,1,According to Country of Origin - Private Sector
2025-10-31,792,Alyaqeen alduwliya for Importing Jewelry,3988545.0,private,1,According to Country of Origin - Private Sector
2025-10-31,793,Afnan for Importing Jewelry and Precious Metals,3988100.0,private,1,According to Country of Origin - Private Sector
2025-10-31,794,Al-Sadaqa Al-Dawliya for Importing Various Means of Transportation and Spare Parts,3980900.0,private,1,According to Country of Origin - Private Sector
2025-10-31,795,Alam altaqnia for Technical Solutions and Information Systems affiliated with Al-Libya International,3964796.0,private,1,According to Country of Origin - Private Sector
2025-10-31,796,"Almasar alibi for Importing Foodstuffs, Livestock, and Meat",3957884.0,private,1,According to Country of Origin - Private Sector
2025-10-31,797,Alsari alawal for Importing Heavy Equipment,3924165.0,private,1,According to Country of Origin - Private Sector
2025-10-31,798,"Alsohoul alnaqiya for Importing Agricultural Machinery, Equipment, and Spare Parts",3889591.0,private,1,According to Country of Origin - Private Sector
2025-10-31,799,"Sukra alalamia for Importing Foodstuffs, Livestock, and Meat",3876875.0,private,1,According to Country of Origin - Private Sector
2025-10-31,800,Aloloom for Importing Electronics,3862250.0,private,1,According to Country of Origin - Private Sector
2025-10-31,801,Noor alqamar for Electronic and Electrical Industries,3844350.0,private,1,According to Country of Origin - Private Sector
2025-10-31,802,Alreda aldaem for Importing Cars and Spare Parts,3819880.0,private,1,According to Country of Origin - Private Sector
2025-10-31,803,Alaz for Paints and Pastes Manufacturing,3814500.0,private,1,According to Country of Origin - Private Sector
2025-10-31,804,Almadmona for Importing Building Materials and Sanitary Ware,3799431.0,private,1,According to Country of Origin - Private Sector
2025-10-31,805,Alnaseem for Importing Household and Electrical Materials,3790703.0,private,1,According to Country of Origin - Private Sector
2025-10-31,806,Alam alitqan alawal for Information Technology,3780150.0,private,1,According to Country of Origin - Private Sector
2025-10-31,807,Alghita for Plastic Pipe Manufacturing,3777200.0,private,1,According to Country of Origin - Private Sector
2025-10-31,808,Alkhotwa alola for Manufacturing Insulating Panels and Materials,3751000.0,private,1,According to Country of Origin - Private Sector
2025-10-31,809,Bariq alasr alduwliya for Importing Building and Sanitary Materials and Accessories,3746409.0,private,1,According to Country of Origin - Private Sector
2025-10-31,810,"Althoub alraqi for Importing Clothes, Textiles, and Leather Products",3729327.0,private,1,According to Country of Origin - Private Sector
2025-10-31,811,Almuheet for Importing Electrical and Non-Electrical Equipment and Spare Parts,3726595.0,private,1,According to Country of Origin - Private Sector
2025-10-31,812,Majmouat alartqa almutahida for Importing Transportation Means and Accessories,3720116.0,private,1,According to Country of Origin - Private Sector
2025-10-31,813,"Aljamia alistihlakia for Importing Foodstuffs, Livestock, and Meat",3716394.0,private,1,According to Country of Origin - Private Sector
2025-10-31,814,Mateen for Importing Cleaning Materials,3715905.0,private,1,According to Country of Origin - Private Sector
2025-10-31,815,"Dar alkatkout for Egg Hatching, Chick Production, and Training",3708288.0,private,1,According to Country of Origin - Private Sector
2025-10-31,816,Raneen alawal for Telecommunications and Technology,3700885.0,private,1,According to Country of Origin - Private Sector
2025-10-31,817,Ater alward for Chemical and Cleaning Product Industries,3676007.0,private,1,According to Country of Origin - Private Sector
2025-10-31,818,Arkan Libya for Furniture Manufacturing,3671446.0,private,1,According to Country of Origin - Private Sector
2025-10-31,819,"Kasr alhamraya for Importing Foodstuffs, Livestock, and Meat",3662620.0,private,1,According to Country of Origin - Private Sector
2025-10-31,820,Alburj alfidhi for Importing Electronics and Household Materials,3654900.0,private,1,According to Country of Origin - Private Sector
2025-10-31,821,Zawya naft for Importing Oils and Car Accessories,3639585.0,private,1,According to Country of Origin - Private Sector
2025-10-31,822,Wefaq alhaya for Importing Medical Equipment,3637500.0,private,1,According to Country of Origin - Private Sector
2025-10-31,823,"Alhebara for Importing Mother and Child Supplies, Medical Equipment, and Preparations",3635350.0,private,1,According to Country of Origin - Private Sector
2025-10-31,824,Alrayyan alraqi for Importing Foodstuffs and Consumer Goods,3612078.0,private,1,According to Country of Origin - Private Sector
2025-10-31,825,Darb albina for Importing Raw Materials,3611852.0,private,1,According to Country of Origin - Private Sector
2025-10-31,826,"Jisr aljadeed for Manufacturing Raw Materials, Operational Supplies, Sanitary and Construction Materials",3607642.0,private,1,According to Country of Origin - Private Sector
2025-10-31,827,"Almadina Misrata for Paints, Pastes, and Construction Chemicals affiliated with Almadina Misrata Holding",3606637.0,private,1,According to Country of Origin - Private Sector
2025-10-31,828,Reef for Importing Foodstuffs,3605641.0,private,1,According to Country of Origin - Private Sector
2025-10-31,829,Buhayrat alsaraya for Importing Electrical and Non-Electrical Equipment and Spare Parts,3599529.0,private,1,According to Country of Origin - Private Sector
2025-10-31,830,Drob alkhair for Importing Medical Equipment,3597554.0,private,1,According to Country of Origin - Private Sector
2025-10-31,831,Esam and Partners for Coffee Manufacturing,3591030.0,private,1,According to Country of Origin - Private Sector
2025-10-31,832,Alraqm alawal for Importing Electrical and Electronic Devices,3587703.0,private,1,According to Country of Origin - Private Sector
2025-10-31,833,Almusaneda for Manufacturing Electronic and Electrical Devices and Software,3562400.0,private,1,According to Country of Origin - Private Sector
2025-10-31,834,Altafoq for Mills and Feed Production,3557470.0,private,1,According to Country of Origin - Private Sector
2025-10-31,835,Panorama Libya for Importing Foodstuffs,3556745.0,private,1,According to Country of Origin - Private Sector
2025-10-31,836,"Alnakha alduwliya alhaditha for Importing Tobacco, Cigarettes, and Accessories",3542220.0,private,1,According to Country of Origin - Private Sector
2025-10-31,837,Altawonia for Iron Industries,3540922.0,private,1,According to Country of Origin - Private Sector
2025-10-31,838,"Kasr aljebran for Importing Foodstuffs, Livestock, and Meat",3533660.0,private,1,According to Country of Origin - Private Sector
2025-10-31,839,"Algira for Importing Foodstuffs, Livestock, and Meat",3530450.0,private,1,According to Country of Origin - Private Sector
2025-10-31,840,Alam alqiyada for Importing Transportation Means,3528215.0,private,1,According to Country of Origin - Private Sector
2025-10-31,841,Shamal alqara for Importing Building and Sanitary Materials,3526951.0,private,1,According to Country of Origin - Private Sector
2025-10-31,842,Alam altaqnia for Paper and Plastic Industries,3526010.0,private,1,According to Country of Origin - Private Sector
2025-10-31,843,"Roufan for Manufacturing Sponge, Chemicals, and Raw Materials",3512500.0,private,1,According to Country of Origin - Private Sector
2025-10-31,844,Mshariq alkhair for Furniture Manufacturing,3506218.0,private,1,According to Country of Origin - Private Sector
2025-10-31,845,Rahbat albaraka for Importing Foodstuffs,3503508.0,private,1,According to Country of Origin - Private Sector
2025-10-31,846,Alamazoun alibi for Importing Mobile Phones and Accessories,3498978.0,private,1,According to Country of Origin - Private Sector
2025-10-31,847,Bladi for Feed Production,3487250.0,private,1,According to Country of Origin - Private Sector
2025-10-31,848,Belhaj alduwliya and Partners for Importing Electrical and Non-Electrical Equipment and Spare Parts,3474000.0,private,1,According to Country of Origin - Private Sector
2025-10-31,849,Qudrat altasne for Manufacturing Building Materials,3461818.0,private,1,According to Country of Origin - Private Sector
2025-10-31,850,Sabeel for Manufacturing Cleaning Products,3445668.0,private,1,According to Country of Origin - Private Sector
2025-10-31,851,Alraed alibi for Food Industries,3443988.0,private,1,According to Country of Origin - Private Sector
2025-10-31,852,Althuraya for Importing Building and Sanitary Materials and Accessories,3436695.0,private,1,According to Country of Origin - Private Sector
2025-10-31,853,"Aleonwan for Importing Household, Electrical, and Electronic Equipment affiliated with Maiz",3424985.0,private,1,According to Country of Origin - Private Sector
2025-10-31,854,Delta almutahida for Manufacturing Packaging Materials,3402495.0,private,1,According to Country of Origin - Private Sector
2025-10-31,855,"Alfaroug altbia for Importing Medicines, Medical Equipment, Preparations, and Mother and Child Supplies",3401362.0,private,1,According to Country of Origin - Private Sector
2025-10-31,856,Alhazel almutamyez for Sponge and Mattress Manufacturing,3400349.0,private,1,According to Country of Origin - Private Sector
2025-10-31,857,Obour for Electronic Payment Solutions,3390807.0,private,1,According to Country of Origin - Private Sector
2025-10-31,858,Alnesr aldhahabi almutajaded for Importing Electrical and Household Materials,3383577.0,private,1,According to Country of Origin - Private Sector
2025-10-31,859,"Alnada for Water, Juice, and Soft Drink Industries",3379939.0,private,1,According to Country of Origin - Private Sector
2025-10-31,860,Aljawhara alsnaeya for Aluminum and PVC Manufacturing,3378507.0,private,1,According to Country of Origin - Private Sector
2025-10-31,861,Alwadi alawal for Food Industries,3367800.0,private,1,According to Country of Origin - Private Sector
2025-10-31,862,Alsaraya alalamia for Wood Industries,3359237.0,private,1,According to Country of Origin - Private Sector
2025-10-31,863,Altaqnia alduwliya for Importing Medicines and Medical Supplies,3358756.0,private,1,According to Country of Origin - Private Sector
2025-10-31,864,"Alehtemam for Importing Medical Equipment, Medicines, Preparations, and Mother and Child Supplies",3358166.0,private,1,According to Country of Origin - Private Sector
2025-10-31,865,Alalamia for Floor Tile and Marble Cutting Manufacturing,3357900.0,private,1,According to Country of Origin - Private Sector
2025-10-31,866,Alghida for Importing Foodstuffs,3346210.0,private,1,According to Country of Origin - Private Sector
2025-10-31,867,Alqweeri for Iron Industries,3343674.0,private,1,According to Country of Origin - Private Sector
2025-10-31,868,"Almanhal for Importing Medicines, Preparations, and Mother and Child Supplies",3331187.0,private,1,According to Country of Origin - Private Sector
2025-10-31,869,Alam alibda for Medical Equipment Supplies,3328739.0,private,1,According to Country of Origin - Private Sector
2025-10-31,870,Kayan for Manufacturing Water and Oil Factory Supplies,3320616.0,private,1,According to Country of Origin - Private Sector
2025-10-31,871,Altareq for Importing Agricultural Supplies,3320552.0,private,1,According to Country of Origin - Private Sector
2025-10-31,872,Alsolaba alibiya for Iron Industries,3313817.0,private,1,According to Country of Origin - Private Sector
2025-10-31,873,Akhshab alalam for Wood Industries,3311309.0,private,1,According to Country of Origin - Private Sector
2025-10-31,874,Aljsour alfediya for Importing Building and Sanitary Materials,3308300.0,private,1,According to Country of Origin - Private Sector
2025-10-31,875,Bayan alkhair almotawasel for Importing Building and Sanitary Materials and Accessories,3306573.0,private,1,According to Country of Origin - Private Sector
2025-10-31,876,Shatie alnakhil for Iron Industries,3292223.0,private,1,According to Country of Origin - Private Sector
2025-10-31,877,Nahj alasema for Furniture Manufacturing,3268718.0,private,1,According to Country of Origin - Private Sector
2025-10-31,878,Alsaafa alola for Manufacturing Insulation and Chemical Additives,3266100.0,private,1,According to Country of Origin - Private Sector
2025-10-31,879,Wadi Bee alkabeer for Importing Seeds and Agricultural Supplies,3240000.0,private,1,According to Country of Origin - Private Sector
2025-10-31,880,Zahra Kefalai for Importing Building and Sanitary Materials and Accessories,3219230.0,private,1,According to Country of Origin - Private Sector
2025-10-31,881,"Alqala almutaliqa for Manufacturing Building Materials, Paints, Plastics, and Raw Materials",3217200.0,private,1,According to Country of Origin - Private Sector
2025-10-31,882,"Alibia alasriya for Importing Electrical, Non-Electrical, and Electronic Equipment and Accessories",3211963.0,private,1,According to Country of Origin - Private Sector
2025-10-31,883,Alsultan for Plastic Industries,3211887.0,private,1,According to Country of Origin - Private Sector
2025-10-31,884,Albariq alawal for Manufacturing Electronic and Electrical Devices,3195715.0,private,1,According to Country of Origin - Private Sector
2025-10-31,885,"Alqus alalamia for Importing Transportation Means, Oils, and Lubricants",3178093.0,private,1,According to Country of Origin - Private Sector
2025-10-31,886,Algheiran aljadeeda for Importing Furniture,3168721.0,private,1,According to Country of Origin - Private Sector
2025-10-31,887,Allaheq for Importing Electrical and Non-Electrical Equipment and Spare Parts,3165783.0,private,1,According to Country of Origin - Private Sector
2025-10-31,888,Alnujoum aldhahabiya for Importing Cars and Spare Parts,3159950.0,private,1,According to Country of Origin - Private Sector
2025-10-31,889,Aaaly Tebesti for Food Industries,3157000.0,private,1,According to Country of Origin - Private Sector
2025-10-31,890,"Alamiral for Importing Cleaning, Decoration, and Hardware Materials",3150490.0,private,1,According to Country of Origin - Private Sector
2025-10-31,891,Kanan for Electromechanical and Electrical Industries,3139000.0,private,1,According to Country of Origin - Private Sector
2025-10-31,892,Manarat aliskandaria for Importing Foodstuffs,3137500.0,private,1,According to Country of Origin - Private Sector
2025-10-31,893,Altawzea alshamel for Information Technology,3137148.0,private,1,According to Country of Origin - Private Sector
2025-10-31,894,"Wadi Jweibya for Feed, Grain Milling, and Flour Production",3125000.0,private,1,According to Country of Origin - Private Sector
2025-10-31,895,Janoub almutawasit for Food Development,3106875.0,private,1,According to Country of Origin - Private Sector
2025-10-31,896,Noor altaqadom for Importing Foodstuffs,3099278.0,private,1,According to Country of Origin - Private Sector
2025-10-31,897,Alalam alzaher for Importing Agricultural Equipment and Spare Parts,3091049.0,private,1,According to Country of Origin - Private Sector
2025-10-31,898,Alsadd alali for Manufacturing Electronic Devices,3067334.0,private,1,According to Country of Origin - Private Sector
2025-10-31,899,Alhadayek alhaditha for Importing Agricultural Equipment,3065936.0,private,1,According to Country of Origin - Private Sector
2025-10-31,900,"Alweqaya for Importing Medical Equipment, Medicines, Preparations, Laboratory Equipment, and Supplies",3061666.0,private,1,According to Country of Origin - Private Sector
2025-10-31,901,Drob albayda for Importing Agricultural Equipment and Spare Parts,3060000.0,private,1,According to Country of Origin - Private Sector
2025-10-31,902,Alesteklal for Importing Foodstuffs,3057802.0,private,1,According to Country of Origin - Private Sector
2025-10-31,903,Maraina alkhadra for Feed Production,3047446.0,private,1,According to Country of Origin - Private Sector
2025-10-31,904,Alufuq altadreeji for Plastic Industries,3041854.0,private,1,According to Country of Origin - Private Sector
2025-10-31,905,"Jadeed alomma for Importing Cars, Spare Parts, and Supplies",3028620.0,private,1,According to Country of Origin - Private Sector
2025-10-31,906,Alfakhira for Importing Foodstuffs and Fruits,3028110.0,private,1,According to Country of Origin - Private Sector
2025-10-31,907,"Alanthima almutakadema for Importing Electronic Devices, Accessories, and Spare Parts",3027570.0,private,1,According to Country of Origin - Private Sector
2025-10-31,908,"Sandra for Importing Foodstuffs, Livestock, and Meat",3027003.0,private,1,According to Country of Origin - Private Sector
2025-10-31,909,Hadeed albina almutawara for Importing Building and Sanitary Materials,3024775.0,private,1,According to Country of Origin - Private Sector
2025-10-31,910,Alestemrar for Importing Foodstuffs,3017250.0,private,1,According to Country of Origin - Private Sector
2025-10-31,911,"Qatees for Importing Electrical, Non-Electrical, and Electronic Equipment and Spare Parts",3010379.0,private,1,According to Country of Origin - Private Sector
2025-10-31,912,Almaw’ed aldaqeeq for Telecommunications and Information Technology,3005000.0,private,1,According to Country of Origin - Private Sector
2025-10-31,913,"Shaheen almostaqbel for Importing Foodstuffs, Livestock, and Meat",3002748.0,private,1,According to Country of Origin - Private Sector
2025-10-31,914,"Yara alduwliya for Importing Foodstuffs, Livestock, and Meat",2999430.0,private,1,According to Country of Origin - Private Sector
2025-10-31,915,Alhana alduwliya for Importing Foodstuffs and Fresh Fruits,2998800.0,private,1,According to Country of Origin - Private Sector
2025-10-31,916,Majmouat alraedon for Oil Services,2998578.0,private,1,According to Country of Origin - Private Sector
2025-10-31,917,Drob alshater for General Contracting and Real Estate Investment,2998475.0,private,1,According to Country of Origin - Private Sector
2025-10-31,918,"Shams alasel for Importing Electrical, Non-Electrical, and Electronic Equipment and Spare Parts",2993854.0,private,1,According to Country of Origin - Private Sector
2025-10-31,919,Abu Madi alduwliya for General Contracting and Real Estate Investment,2988486.0,private,1,According to Country of Origin - Private Sector
2025-10-31,920,Alsariya for Importing Raw Materials,2985712.0,private,1,According to Country of Origin - Private Sector
2025-10-31,921,Srar almutamyez for Importing Raw Materials and Factory Equipment,2985288.0,private,1,According to Country of Origin - Private Sector
2025-10-31,922,Alakarem alalamia for Importing Electrical and Electronic Equipment and Accessories,2985223.0,private,1,According to Country of Origin - Private Sector
2025-10-31,923,Almaraa almasaeya for Food Industries,2981900.0,private,1,According to Country of Origin - Private Sector
2025-10-31,924,"Silbers Libya for Importing Medicines, Medical Equipment, Preparations, and Mother and Child Supplies",2978936.0,private,1,According to Country of Origin - Private Sector
2025-10-31,925,Drssaf for Marble and Granite Manufacturing,2976750.0,private,1,According to Country of Origin - Private Sector
2025-10-31,926,Albayan alawal for Importing Electrical and Electronic Devices,2972100.0,private,1,According to Country of Origin - Private Sector
2025-10-31,927,Majmouat alkhobra for Importing Building and Sanitary Materials and Accessories,2970306.0,private,1,According to Country of Origin - Private Sector
2025-10-31,928,Altamayoz for Aluminum and PVC Manufacturing,2968150.0,private,1,According to Country of Origin - Private Sector
2025-10-31,929,Alaqaria alhaditha for Importing Building and Sanitary Materials and Accessories,2957326.0,private,1,According to Country of Origin - Private Sector
2025-10-31,930,Aghziat alshahd for Food Industries,2957049.0,private,1,According to Country of Origin - Private Sector
2025-10-31,931,Sama alkhair for Importing Raw Materials,2956644.0,private,1,According to Country of Origin - Private Sector
2025-10-31,932,Ekleel for Importing Medicines and Medical Equipment,2951258.0,private,1,According to Country of Origin - Private Sector
2025-10-31,933,Wateen for Corrugated Sheet Manufacturing,2950268.0,private,1,According to Country of Origin - Private Sector
2025-10-31,934,Majmouat alwafi for Importing Agricultural Equipment and Spare Parts,2950196.0,private,1,According to Country of Origin - Private Sector
2025-10-31,935,"Alkhalij alaem for Importing Foodstuffs, Livestock, and Meat",2947600.0,private,1,According to Country of Origin - Private Sector
2025-10-31,936,Hamat alkhair for Importing Raw Materials,2944242.0,private,1,According to Country of Origin - Private Sector
2025-10-31,937,Asnaf altabia for Importing Medical Equipment,2942838.0,private,1,According to Country of Origin - Private Sector
2025-10-31,938,Alkhabeer almaalej for Importing Building and Sanitary Materials and Accessories,2939738.0,private,1,According to Country of Origin - Private Sector
2025-10-31,939,"Almostaqbel aldaem for Importing Electronic Devices, Accessories, and Spare Parts",2927594.0,private,1,According to Country of Origin - Private Sector
2025-10-31,940,Tawasul alghad for Importing Foodstuffs,2922556.0,private,1,According to Country of Origin - Private Sector
2025-10-31,941,Alasas alraqi aljadeed for Importing Building and Sanitary Materials and Accessories,2920528.0,private,1,According to Country of Origin - Private Sector
2025-10-31,942,Hquol alola for Importing Agricultural Equipment and Spare Parts,2917319.0,private,1,According to Country of Origin - Private Sector
2025-10-31,943,Jenan alkhair for Importing Foodstuffs,2914866.0,private,1,According to Country of Origin - Private Sector
2025-10-31,944,Almazaya alaqaria for General Contracting and Real Estate Investment,2912918.0,private,1,According to Country of Origin - Private Sector
2025-10-31,945,Tabouk for Manufacturing Electrical and Electronic Equipment,2910743.0,private,1,According to Country of Origin - Private Sector
2025-10-31,946,"Wahat altaqnia alilktronia for Importing Electronic Devices, Accessories, and Spare Parts",2900563.0,private,1,According to Country of Origin - Private Sector
2025-10-31,947,Elektron for Importing Electrical and Non-Electrical Equipment and Spare Parts,2900436.0,private,1,According to Country of Origin - Private Sector
2025-10-31,948,Alnajm alraqi for Importing Electronics,2900117.0,private,1,According to Country of Origin - Private Sector
2025-10-31,949,Almajmoua almutahida for Assembling and Manufacturing Electronic and Electrical Devices,2899990.0,private,1,According to Country of Origin - Private Sector
2025-10-31,950,Alhabbah alfidhiya alalamia for Importing Agricultural Equipment and Seeds,2897663.0,private,1,According to Country of Origin - Private Sector
2025-10-31,951,Sultan alkhair for Importing Foodstuffs,2896800.0,private,1,According to Country of Origin - Private Sector
2025-10-31,952,"Altaalug albahir alawal for Importing Electronic, Household, and Electrical Materials and Accessories",2894756.0,private,1,According to Country of Origin - Private Sector
2025-10-31,953,"Alkayan for Paper, Packaging, and Printing Industries",2885014.0,private,1,According to Country of Origin - Private Sector
2025-10-31,954,"Jsour alnadhra for Importing Foodstuffs, Livestock, and Meat",2869853.0,private,1,According to Country of Origin - Private Sector
2025-10-31,955,"Alaalama alilktronia aljadeeda for Importing Electronic Devices, Accessories, and Spare Parts",2869836.0,private,1,According to Country of Origin - Private Sector
2025-10-31,956,"Alsorouh alibiya alhaditha for Importing Electrical, Non-Electrical, and Electronic Equipment and Spare Parts",2869429.0,private,1,According to Country of Origin - Private Sector
2025-10-31,957,Rahma for Importing Transportation Means and Accessories,2860107.0,private,1,According to Country of Origin - Private Sector
2025-10-31,958,Alrefaq aljudod for Importing Livestock and Meat,2851156.0,private,1,According to Country of Origin - Private Sector
2025-10-31,959,Ard alkhairat for Coffee Manufacturing,2847600.0,private,1,According to Country of Origin - Private Sector
2025-10-31,960,Alwadi for Importing Building and Sanitary Materials,2846304.0,private,1,According to Country of Origin - Private Sector
2025-10-31,961,Almotaalia for Telecommunications and Technology,2843824.0,private,1,According to Country of Origin - Private Sector
2025-10-31,962,Marhba for Importing Foodstuffs,2842585.0,private,1,According to Country of Origin - Private Sector
2025-10-31,963,Alatibaa alawael for Importing Medical Equipment,2838228.0,private,1,According to Country of Origin - Private Sector
2025-10-31,964,Sahel alhenshir for Importing Electrical and Electronic Equipment and Spare Parts,2836057.0,private,1,According to Country of Origin - Private Sector
2025-10-31,965,"Alzahra for Importing Medical Equipment, Medicines, Preparations, and Mother and Child Supplies",2816897.0,private,1,According to Country of Origin - Private Sector
2025-10-31,966,Najmat alkhair for Paper Industries,2807117.0,private,1,According to Country of Origin - Private Sector
2025-10-31,967,Wahat alkhair for Importing Electronic Devices,2806550.0,private,1,According to Country of Origin - Private Sector
2025-10-31,968,Afaq almajra for Importing Livestock and Meat,2797520.0,private,1,According to Country of Origin - Private Sector
2025-10-31,969,Libya almutamyezah for Metal Forming and Manufacturing,2794296.0,private,1,According to Country of Origin - Private Sector
2025-10-31,970,Saba for Importing Foodstuffs,2778395.0,private,1,According to Country of Origin - Private Sector
2025-10-31,971,Lina aldawea for Importing Medicines and Medical Equipment,2761227.0,private,1,According to Country of Origin - Private Sector
2025-10-31,972,Tubruq for Refining and Bottling Vegetable Oils,2758570.0,private,1,According to Country of Origin - Private Sector
2025-10-31,973,Alnajma for Soap Manufacturing,2755425.0,private,1,According to Country of Origin - Private Sector
2025-10-31,974,Aljawhara for Importing Cleaning Materials (Limited Liability),2754831.0,private,1,According to Country of Origin - Private Sector
2025-10-31,975,Alibia alsareaa for Aviation Services,2748394.0,private,1,According to Country of Origin - Private Sector
2025-10-31,976,Almutahida alibiya aljadeeda for Importing Electronic Devices and Mobile Phones,2744260.0,private,1,According to Country of Origin - Private Sector
2025-10-31,977,Tareeq alhareer for Importing Foodstuffs,2740900.0,private,1,According to Country of Origin - Private Sector
2025-10-31,978,Dar alkhubra for Importing Cars and Spare Parts,2735730.0,private,1,According to Country of Origin - Private Sector
2025-10-31,979,Abodabus for Plastic Containers and Household Manufacturing,2726256.0,private,1,According to Country of Origin - Private Sector
2025-10-31,980,"Aslanta for Importing Foodstuffs, Livestock, and Meat",2725706.0,private,1,According to Country of Origin - Private Sector
2025-10-31,981,"Silbers Libya for Importing Perfumes, Cosmetics, Hardware, and Cleaning Materials",2723274.0,private,1,According to Country of Origin - Private Sector
2025-10-31,982,Almitaq alhadith for PVC Manufacturing,2715196.0,private,1,According to Country of Origin - Private Sector
2025-10-31,983,Alitlala almutamyeza for Assembling and Manufacturing Electronics and Software,2713462.0,private,1,According to Country of Origin - Private Sector
2025-10-31,984,Anzimat almostaqbal alilktronia for Importing Electronic Devices and Accessories,2703918.0,private,1,According to Country of Origin - Private Sector
2025-10-31,985,"Bayan Libya alalamia for Importing Electronic, Electrical, and Non-Electrical Equipment and Accessories",2701382.0,private,1,According to Country of Origin - Private Sector
2025-10-31,986,"Wasel for Importing Electronic, Electrical, and Non-Electrical Equipment and Devices",2700491.0,private,1,According to Country of Origin - Private Sector
2025-10-31,987,Riyad almodon for Importing Raw Materials,2700367.0,private,1,According to Country of Origin - Private Sector
2025-10-31,988,"Safi Libya aljadeeda for Importing Electrical, Non-Electrical, and Electronic Equipment",2670612.0,private,1,According to Country of Origin - Private Sector
2025-10-31,989,Altafaol for Building Material Manufacturing,2670227.0,private,1,According to Country of Origin - Private Sector
2025-10-31,990,Shuaa alola for Manufacturing Building and Sanitary Materials,2665300.0,private,1,According to Country of Origin - Private Sector
2025-10-31,991,Alitihad alfalahi for Importing Electrical Materials and Spare Parts,2659327.0,private,1,According to Country of Origin - Private Sector
2025-10-31,992,Alikram for Importing Agricultural Equipment and Machinery,2656362.0,private,1,According to Country of Origin - Private Sector
2025-10-31,993,Alsand for Wood Industries,2650285.0,private,1,According to Country of Origin - Private Sector
2025-10-31,994,"Adwa almadina aldhahabiya for Importing Electronic, Electrical, and Mobile Devices and Spare Parts",2640972.0,private,1,According to Country of Origin - Private Sector
2025-10-31,995,Aboubakr Salem Maloug for Paper Manufacturing,2638093.0,private,1,According to Country of Origin - Private Sector
2025-10-31,996,Mafaza for Importing Transportation Means and Accessories,2638000.0,private,1,According to Country of Origin - Private Sector
2025-10-31,997,Alkhalij for Shoe and Leather Products Manufacturing,2637707.0,private,1,According to Country of Origin - Private Sector
2025-10-31,998,Alnooreen alduwliya for Importing Raw Materials,2637536.0,private,1,According to Country of Origin - Private Sector
2025-10-31,999,"Deqat alekhtiar for Importing Electrical, Non-Electrical, and Spare Parts",2635236.0,private,1,According to Country of Origin - Private Sector
2025-10-31,1000,"Alseham alzrqaa for Importing Electrical, Non-Electrical, and Electronic Equipment and Spare Parts",2619154.0,private,1,According to Country of Origin - Private Sector
2025-10-31,1001,Alraeda for Manufacturing Building Materials,2617000.0,private,1,According to Country of Origin - Private Sector
2025-10-31,1002,Kfouf alraha for Importing Medical Equipment and Supplies,2607311.0,private,1,According to Country of Origin - Private Sector
2025-10-31,1003,Fiumi for Feed and Grain Milling,2601672.0,private,1,According to Country of Origin - Private Sector
2025-10-31,1004,"Alatayeb for Importing Foodstuffs, Livestock, and Meat",2600093.0,private,1,According to Country of Origin - Private Sector
2025-10-31,1005,Alqotoof alalia for Importing Foodstuffs,2597021.0,private,1,According to Country of Origin - Private Sector
2025-10-31,1006,Kona for Importing Foodstuffs,2576460.0,private,1,According to Country of Origin - Private Sector
2025-10-31,1007,"Afaq for Importing Transportation Means, Supplies, and Workshop Equipment",2575325.0,private,1,According to Country of Origin - Private Sector
2025-10-31,1008,Mafaza for Petrochemical Industries,2566236.0,private,1,According to Country of Origin - Private Sector
2025-10-31,1009,"Safaa altareeq for Importing Foodstuffs, Livestock, and Meat",2565655.0,private,1,According to Country of Origin - Private Sector
2025-10-31,1010,"Alghazal for Importing Clothes, Textiles, and Leather Products",2562314.0,private,1,According to Country of Origin - Private Sector
2025-10-31,1011,"Taj alghida alawal for Importing Foodstuffs, Livestock, and Meat",2552000.0,private,1,According to Country of Origin - Private Sector
2025-10-31,1012,Althwabet almutahida for Information Technology and Communication Systems,2550930.0,private,1,According to Country of Origin - Private Sector
2025-10-31,1013,Almostaqbal alwadih for Importing Mother and Child Supplies,2549871.0,private,1,According to Country of Origin - Private Sector
2025-10-31,1014,"Shams aljazeera for Importing Electronic, Electrical, and Non-Electrical Equipment, Accessories, and Spare Parts",2547350.0,private,1,According to Country of Origin - Private Sector
2025-10-31,1015,Zadco Pharma for Importing Medicines and Medical Equipment,2544600.0,private,1,According to Country of Origin - Private Sector
2025-10-31,1016,Almoases alraqi for Iron Industries,2538012.0,private,1,According to Country of Origin - Private Sector
2025-10-31,1017,Libya aljadeeda for Importing Cars and Spare Parts,2527550.0,private,1,According to Country of Origin - Private Sector
2025-10-31,1018,Taj alghida alawal for Flour Mills and Feed Production,2518022.0,private,1,According to Country of Origin - Private Sector
2025-10-31,1019,"Almaamoura aljadeeda for Mills, Feed, and Rice Milling",2514850.0,private,1,According to Country of Origin - Private Sector
2025-10-31,1020,Alqeta althabet for Aluminum Industries,2514375.0,private,1,According to Country of Origin - Private Sector
2025-10-31,1021,Anoud aljabal for Importing Foodstuffs,2501692.0,private,1,According to Country of Origin - Private Sector
2025-10-31,1022,Alwathaq alawal for PVC Manufacturing,2499998.0,private,1,According to Country of Origin - Private Sector
2025-10-31,1023,Altanmia alhandasiya for Trailer Manufacturing,2495622.0,private,1,According to Country of Origin - Private Sector
2025-10-31,1024,Alein alsahira for Importing Foodstuffs,2495567.0,private,1,According to Country of Origin - Private Sector
2025-10-31,1025,Alghazali for Building Material Manufacturing,2493546.0,private,1,According to Country of Origin - Private Sector
2025-10-31,1026,Alghida alsami alawal for Food Industries,2492343.0,private,1,According to Country of Origin - Private Sector
2025-10-31,1027,Alsawaed for Wood Industries,2480000.0,private,1,According to Country of Origin - Private Sector
2025-10-31,1028,Alnawar for Importing Medical Equipment and Supplies,2478993.0,private,1,According to Country of Origin - Private Sector
2025-10-31,1029,Alibda alqari for Importing Building and Sanitary Materials,2475937.0,private,1,According to Country of Origin - Private Sector
2025-10-31,1030,Al-ibda Al-Qari for Importing Building Materials and Sanitary Supplies,2469150.0,private,1,According to Country of Origin - Private Sector
2025-10-31,1031,Baqat Al-Rabea for Importing Foodstuffs,2465000.0,private,1,According to Country of Origin - Private Sector
2025-10-31,1032,Lamis Al-Wiqayah for Importing Mother and Child Supplies,2456587.0,private,1,According to Country of Origin - Private Sector
2025-10-31,1033,Al-Alam Al-Mudi for Importing Electrical and Non-Electrical Devices and Spare Parts,2433546.0,private,1,According to Country of Origin - Private Sector
2025-10-31,1034,Al-Mubarakah for Food Industries (Limited Liability),2431840.0,private,1,According to Country of Origin - Private Sector
2025-10-31,1035,"Pharmalis Libya for Importing Medicines, Medical Preparations, and Mother and Child Supplies",2422864.0,private,1,According to Country of Origin - Private Sector
2025-10-31,1036,Al-Yanbou' Al-Alami for Importing Foodstuffs,2420406.0,private,1,According to Country of Origin - Private Sector
2025-10-31,1037,Junaid for Manufacturing Home and Office Furniture,2412026.0,private,1,According to Country of Origin - Private Sector
2025-10-31,1038,Al-Ruwad Al-Dawli Factory for Clothing Manufacturing,2410560.0,private,1,According to Country of Origin - Private Sector
2025-10-31,1039,Al-Waha for Insurance,2409978.0,private,1,According to Country of Origin - Private Sector
2025-10-31,1040,Al-Nukhbah for Importing Foodstuffs,2404052.0,private,1,According to Country of Origin - Private Sector
2025-10-31,1041,Al-Rawda for PVC and Aluminum Manufacturing,2402361.0,private,1,According to Country of Origin - Private Sector
2025-10-31,1042,Al-Mutawwirin Majmout for Aluminum and PVC Manufacturing,2400993.0,private,1,According to Country of Origin - Private Sector
2025-10-31,1043,"Ilaf Al-Dawlia Al-Muttahida for Importing Clothing, Shoes, Textiles, and Leather Products",2400000.0,private,1,According to Country of Origin - Private Sector
2025-10-31,1044,Al-Hirah for Electronic and Electrical Device Manufacturing,2385070.0,private,1,According to Country of Origin - Private Sector
2025-10-31,1045,"Al-Qasr Al-Malaki for Importing Medical Equipment, Medicines, and Mother and Child Supplies",2373510.0,private,1,According to Country of Origin - Private Sector
2025-10-31,1046,Al-Buraq Engineering for General Contracting and Real Estate Investment,2363800.0,private,1,According to Country of Origin - Private Sector
2025-10-31,1047,Rawafid Al-Mustaqbal for Importing Foodstuffs,2353530.0,private,1,According to Country of Origin - Private Sector
2025-10-31,1048,Profimi Al-Bahr Al-Mutawassit for Feed Manufacturing (Joint Stock),2344786.0,private,1,According to Country of Origin - Private Sector
2025-10-31,1049,Al-Rihab for Importing Cars and Spare Parts,2342500.0,private,1,According to Country of Origin - Private Sector
2025-10-31,1050,Ishadah for Electronic and Electrical Device Manufacturing,2341534.0,private,1,According to Country of Origin - Private Sector
2025-10-31,1051,Al-Amir Al-Mumayaz for Importing Various Means of Transportation and Accessories,2339582.0,private,1,According to Country of Origin - Private Sector
2025-10-31,1052,Rukn Al-Ibda for Food Industries,2331794.0,private,1,According to Country of Origin - Private Sector
2025-10-31,1053,Al-Raseel for Furniture Manufacturing,2329681.0,private,1,According to Country of Origin - Private Sector
2025-10-31,1054,Talia for Importing Foodstuffs,2327333.0,private,1,According to Country of Origin - Private Sector
2025-10-31,1055,Al-Muharrikat Al-Libya for Importing Cars and Spare Parts,2318178.0,private,1,According to Country of Origin - Private Sector
2025-10-31,1056,Title for Importing Factory and Workshop Equipment and Supplies,2316431.0,private,1,According to Country of Origin - Private Sector
2025-10-31,1057,Al-Kafa’ah Al-Aliyah for Aluminum and PVC Manufacturing,2299826.0,private,1,According to Country of Origin - Private Sector
2025-10-31,1058,Al-Mutawwirah for Importing Electrical Devices and Spare Parts,2295966.0,private,1,According to Country of Origin - Private Sector
2025-10-31,1059,Al-Ishraq Al-Jadid for Furniture Manufacturing,2288706.0,private,1,According to Country of Origin - Private Sector
2025-10-31,1060,Al-Istibraq Al-Mudi for Importing Electronic and Electrical Devices and Spare Parts,2286072.0,private,1,According to Country of Origin - Private Sector
2025-10-31,1061,"Al-Muttahida Al-Libya for Importing Electronic and Electrical Devices, Non-Electrical Devices, Spare Parts, and Accessories",2281283.0,private,1,According to Country of Origin - Private Sector
2025-10-31,1062,Rukn Al-Mutawassit for Electronic and Electrical Device Manufacturing,2270379.0,private,1,According to Country of Origin - Private Sector
2025-10-31,1063,Al-Rownaq Factory for Wood Industries,2268523.0,private,1,According to Country of Origin - Private Sector
2025-10-31,1064,Al-Rafi’ for Electronic and Electrical Device Manufacturing,2260025.0,private,1,According to Country of Origin - Private Sector
2025-10-31,1065,Opal for Food Industries,2250000.0,private,1,According to Country of Origin - Private Sector
2025-10-31,1066,Afaq Al-Ghad for Printing and Publishing,2241499.0,private,1,According to Country of Origin - Private Sector
2025-10-31,1067,"Al-Zaka’ Al-Sinai Al-Awal for IT Services, Electronic Systems, and Information Technology",2226000.0,private,1,According to Country of Origin - Private Sector
2025-10-31,1068,Al-Murabbi for Feed Production and Milling,2225161.0,private,1,According to Country of Origin - Private Sector
2025-10-31,1069,Al-Thawabit Al-Raqiyah for Importing Health Supplies,2200492.0,private,1,According to Country of Origin - Private Sector
2025-10-31,1070,Al-Qal’ah for Importing Agricultural Materials and Supplies,2200339.0,private,1,According to Country of Origin - Private Sector
2025-10-31,1071,Al-Imran Al-Muzdahir for Cleaning Materials Manufacturing,2193180.0,private,1,According to Country of Origin - Private Sector
2025-10-31,1072,Al-Sunbulah Al-Fariqah for Importing Foodstuffs,2192997.0,private,1,According to Country of Origin - Private Sector
2025-10-31,1073,Majmout Al-Murshid for Importing Means of Transportation and Accessories LLC,2177823.0,private,1,According to Country of Origin - Private Sector
2025-10-31,1074,"Al-Ummah Al-Muttahida for Printing, Publishing, Paper Industries, and Packaging",2170159.0,private,1,According to Country of Origin - Private Sector
2025-10-31,1075,Al-Tanarah for Fish Catching and Canning,2166055.0,private,1,According to Country of Origin - Private Sector
2025-10-31,1076,Al-Nahda Al-Libya for Cardboard and Paper Products Manufacturing,2161268.0,private,1,According to Country of Origin - Private Sector
2025-10-31,1077,Majmout Al-Shahid for Importing Foodstuffs,2157000.0,private,1,According to Country of Origin - Private Sector
2025-10-31,1078,Faris for Networks and IT,2149563.0,private,1,According to Country of Origin - Private Sector
2025-10-31,1079,Al-Lamsah Al-Jadidah for Furniture Manufacturing,2144750.0,private,1,According to Country of Origin - Private Sector
2025-10-31,1080,Najmat Al-Majrah for Importing Livestock and Meat,2136754.0,private,1,According to Country of Origin - Private Sector
2025-10-31,1081,Al-Biskil for Importing Electrical and Household Devices,2136219.0,private,1,According to Country of Origin - Private Sector
2025-10-31,1082,"Al-Qudrah Al-Mi’mariyah Al-Fa’iqah for Importing Building Materials, Sanitary Supplies, and Accessories",2130284.0,private,1,According to Country of Origin - Private Sector
2025-10-31,1083,Al-Sahl for Communications and Technology (Joint Stock),2113274.0,private,1,According to Country of Origin - Private Sector
2025-10-31,1084,Injaz Al-Wataniya for Building Materials Manufacturing,2110930.0,private,1,According to Country of Origin - Private Sector
2025-10-31,1085,"Karzaz for Importing Building Materials, Sanitary Supplies, and Accessories",2099572.0,private,1,According to Country of Origin - Private Sector
2025-10-31,1086,"Biyut Al-Izz Majmout for Importing Building Materials, Sanitary Supplies, and Electrical Materials",2095475.0,private,1,According to Country of Origin - Private Sector
2025-10-31,1087,Al-Batnan for Importing Veterinary Medicines,2088605.0,private,1,According to Country of Origin - Private Sector
2025-10-31,1088,Al-Rikha for Flour Manufacturing and Its Derivatives,2080000.0,private,1,According to Country of Origin - Private Sector
2025-10-31,1089,"Al-Haram for Paint, Plastic, and Metal Containers Manufacturing",2073900.0,private,1,According to Country of Origin - Private Sector
2025-10-31,1090,"Al-Sawa’ed Al-Alamiya for Importing Foodstuffs, Livestock, and Meat",2062789.0,private,1,According to Country of Origin - Private Sector
2025-10-31,1091,"Jibal Libya for Importing Heavy Machinery, Spare Parts, and Factory Equipment",2056112.0,private,1,According to Country of Origin - Private Sector
2025-10-31,1092,Shams Al-Majd for Importing Building Materials,2050650.0,private,1,According to Country of Origin - Private Sector
2025-10-31,1093,Al-Sadah Al-Mumayazoon for Food and Confectionery Industries,2041095.0,private,1,According to Country of Origin - Private Sector
2025-10-31,1094,Itar Al-Afdal for Importing Means of Transportation and Accessories,2040926.0,private,1,According to Country of Origin - Private Sector
2025-10-31,1095,Al-Tawasul Factory for Wood Industries,2040791.0,private,1,According to Country of Origin - Private Sector
2025-10-31,1096,"Al-Burhan Al-Alamiya for Importing Foodstuffs, Livestock, and Meat",2029790.0,private,1,According to Country of Origin - Private Sector
2025-10-31,1097,"Majmout Al-Marj for Importing Foodstuffs, Livestock, and Meat",2024714.0,private,1,According to Country of Origin - Private Sector
2025-10-31,1098,Al-Sahil Al-Mutatawwir Al-Awal for Importing Electrical and Non-Electrical Devices and Spare Parts,2020666.0,private,1,According to Country of Origin - Private Sector
2025-10-31,1099,Al-Ghazq for Importing Foodstuffs,2014377.0,private,1,According to Country of Origin - Private Sector
2025-10-31,1100,Al-Muttahida for Aluminum and PVC Manufacturing and Decoration,2003890.0,private,1,According to Country of Origin - Private Sector
2025-10-31,1101,Al-Badeel for Importing Electronic Devices and Accessories,2002759.0,private,1,According to Country of Origin - Private Sector
2025-10-31,1102,"Al-Kawkab Al-Dhahabi for Importing Electronic Devices, Accessories, and Spare Parts",2000283.0,private,1,According to Country of Origin - Private Sector
2025-10-31,1103,Wadyan Al-Rabea for Mills and Feed Manufacturing,1999250.0,private,1,According to Country of Origin - Private Sector
2025-10-31,1104,Rubu’ Al-Bawadi for Feed Manufacturing,1999250.0,private,1,According to Country of Origin - Private Sector
2025-10-31,1105,Al-Andalus for Feed Manufacturing,1999250.0,private,1,According to Country of Origin - Private Sector
2025-10-31,1106,Jibal Al-Noor for Importing Medical Equipment,1998000.0,private,1,According to Country of Origin - Private Sector
2025-10-31,1107,Al-Amani Al-Bayda for Importing Foodstuffs,1993613.0,private,1,According to Country of Origin - Private Sector
2025-10-31,1108,Al-Jawhara Al-Zarqa for Importing Raw Materials,1990000.0,private,1,According to Country of Origin - Private Sector
2025-10-31,1109,Khatawat Al-Ibda for Importing Medical Equipment and Mother & Child Supplies,1989000.0,private,1,According to Country of Origin - Private Sector
2025-10-31,1110,Kayan Al-Tawasul for Importing Mobile Phones and Accessories,1987548.0,private,1,According to Country of Origin - Private Sector
2025-10-31,1111,"Qararah for Importing Jewelry, Precious Stones, and Precious Metals",1984995.0,private,1,According to Country of Origin - Private Sector
2025-10-31,1112,"Al-Lu’lu’ah Al-Dawliya for Importing Jewelry, Precious Metals, and Precious Stones",1983700.0,private,1,According to Country of Origin - Private Sector
2025-10-31,1113,Al-Mawarid Al-Muttahida for Importing Foodstuffs,1983031.0,private,1,According to Country of Origin - Private Sector
2025-10-31,1114,"Wakeel Zliten for Importing Foodstuffs, Fruits, and Meat",1972500.0,private,1,According to Country of Origin - Private Sector
2025-10-31,1115,Ouras Al-Jadida for Furniture Manufacturing,1968217.0,private,1,According to Country of Origin - Private Sector
2025-10-31,1116,Al-Waqi’iya for Building Materials and Sanitary Supplies,1968000.0,private,1,According to Country of Origin - Private Sector
2025-10-31,1117,Wadi Arm Al-Dawliya for Importing Cars and Spare Parts,1965084.0,private,1,According to Country of Origin - Private Sector
2025-10-31,1118,Fakhama Al-Andalus for Importing Foodstuffs,1961900.0,private,1,According to Country of Origin - Private Sector
2025-10-31,1119,Dalil Al-Amakin for Importing Electrical and Non-Electrical Devices and Electronic Devices,1956720.0,private,1,According to Country of Origin - Private Sector
2025-10-31,1120,"Al-Atlas Al-Alamiya for Importing Medicines, Medical Preparations, and Mother & Child Supplies",1954667.0,private,1,According to Country of Origin - Private Sector
2025-10-31,1121,Batoul Al-Jabal for Brick and Building Materials Manufacturing,1950400.0,private,1,According to Country of Origin - Private Sector
2025-10-31,1122,"Al-Mazar’ Al-Watani for Importing Agricultural Machinery, Supplies, and Spare Parts LLC",1946340.0,private,1,According to Country of Origin - Private Sector
2025-10-31,1123,Al-Shafaq for Information Technology,1945441.0,private,1,According to Country of Origin - Private Sector
2025-10-31,1124,Sultan Al-Baraka for Importing Foodstuffs,1944631.0,private,1,According to Country of Origin - Private Sector
2025-10-31,1125,Maas for Plastic Industries,1931518.0,private,1,According to Country of Origin - Private Sector
2025-10-31,1126,Al-Su’ud Al-Mithali for Importing Means of Transportation and Accessories,1929991.0,private,1,According to Country of Origin - Private Sector
2025-10-31,1127,"Condor Libya for Importing Electrical and Non-Electrical Devices, Spare Parts, and Electronic Devices",1925104.0,private,1,According to Country of Origin - Private Sector
2025-10-31,1128,"Al-Maysam Al-Dawliya for Importing Clothing, Textiles, and Leather Products",1923128.0,private,1,According to Country of Origin - Private Sector
2025-10-31,1129,Rand for Food Industries,1921030.0,private,1,According to Country of Origin - Private Sector
2025-10-31,1130,Janan Al-Mustaqbal for Importing Electrical and Electronic Devices,1917238.0,private,1,According to Country of Origin - Private Sector
2025-10-31,1131,"Al-Ufuq Al-Dhahabi for Importing Electrical Devices, Electronics, and Household Items",1915707.0,private,1,According to Country of Origin - Private Sector
2025-10-31,1132,Shaimaa for Food Industries,1914192.0,private,1,According to Country of Origin - Private Sector
2025-10-31,1133,Afaq Al-Tatweer for Aluminum and PVC Manufacturing,1911494.0,private,1,According to Country of Origin - Private Sector
2025-10-31,1134,Al-Awafi for Importing Foodstuffs,1907716.0,private,1,According to Country of Origin - Private Sector
2025-10-31,1135,"Al-Nujoom Al-Jadida for Importing Foodstuffs, Livestock, and Meat",1906188.0,private,1,According to Country of Origin - Private Sector
2025-10-31,1136,Al-Wataniya Al-Muttahida for Importing Foodstuffs,1898715.0,private,1,According to Country of Origin - Private Sector
2025-10-31,1137,"Al-Mahsoul Al-Akhdar for Rice Mills, Food Industries, and Flour Derivatives",1894000.0,private,1,According to Country of Origin - Private Sector
2025-10-31,1138,Aghziyat Al-Shahd for Importing Foodstuffs,1893336.0,private,1,According to Country of Origin - Private Sector
2025-10-31,1139,Al-Safiya Al-Dhahabiya for Mills and Feed,1890000.0,private,1,According to Country of Origin - Private Sector
2025-10-31,1140,"Shumos Al-Ghiza’ for Importing Foodstuffs, Livestock, and Meat",1889397.0,private,1,According to Country of Origin - Private Sector
2025-10-31,1141,Majmout Al-Awael Al-Jadida for Furniture Manufacturing and Accessories,1885908.0,private,1,According to Country of Origin - Private Sector
2025-10-31,1142,Al-Balhaj Factory for Plastic and Aluminum Mats Manufacturing and Accessories,1884358.0,private,1,According to Country of Origin - Private Sector
2025-10-31,1143,"Larin for Importing Agricultural Machinery, Supplies, and Spare Parts",1880364.0,private,1,According to Country of Origin - Private Sector
2025-10-31,1144,Al-Alama Al-Wataniya for Food Industries,1880037.0,private,1,According to Country of Origin - Private Sector
2025-10-31,1145,"Medica for Importing Medicines, Medical Preparations, and Mother & Child Supplies",1876655.0,private,1,According to Country of Origin - Private Sector
2025-10-31,1146,"Al-Sadaqa Al-Haditha for Telecommunications, IT, and Programming Services",1875000.0,private,1,According to Country of Origin - Private Sector
2025-10-31,1147,"Al-Usur for Importing Clothing, Textiles, and Leather Products",1874040.0,private,1,According to Country of Origin - Private Sector
2025-10-31,1148,Bin Wilid Complex for Wool Industries,1872328.0,private,1,According to Country of Origin - Private Sector
2025-10-31,1149,Matus for Food Industries,1872283.0,private,1,According to Country of Origin - Private Sector
2025-10-31,1150,"Al-Masar Al-Jadid for Importing Various Means of Transportation, Cars, and Spare Parts",1872175.0,private,1,According to Country of Origin - Private Sector
2025-10-31,1151,"Afaq Al-Hayat for Importing Electronic Devices, Accessories, and Spare Parts",1870912.0,private,1,According to Country of Origin - Private Sector
2025-10-31,1152,Al-Bunyan Al-Libya for Iron Industries,1868000.0,private,1,According to Country of Origin - Private Sector
2025-10-31,1153,Itr Al-Haramin for Importing Foodstuffs and Fresh Fruits,1866440.0,private,1,According to Country of Origin - Private Sector
2025-10-31,1154,"Al-A’midah Al-Mudi’ah for Importing Building Materials, Sanitary Supplies",1854900.0,private,1,According to Country of Origin - Private Sector
2025-10-31,1155,Al-Bina’ Al-Mithali for Importing Electrical and Non-Electrical Devices and Spare Parts,1845400.0,private,1,According to Country of Origin - Private Sector
2025-10-31,1156,Al-Rawi for Dairy and Derivatives Manufacturing,1839296.0,private,1,According to Country of Origin - Private Sector
2025-10-31,1157,"Awtad Al-Bina for Importing Building Materials, Sanitary Supplies, and Accessories",1839000.0,private,1,According to Country of Origin - Private Sector
2025-10-31,1158,Al-Arabiya for Communications and Technology,1832453.0,private,1,According to Country of Origin - Private Sector
2025-10-31,1159,Al-Arabiya for Importing Books and Stationery,1822298.0,private,1,According to Country of Origin - Private Sector
2025-10-31,1160,Majmout Al-Ghiza’ Al-Wataniya for Importing Foodstuffs,1815800.0,private,1,According to Country of Origin - Private Sector
2025-10-31,1161,Apolonia Pharma for Importing Medicines and Mother & Child Supplies,1811068.0,private,1,According to Country of Origin - Private Sector
2025-10-31,1162,Al-Muttahida Al-Jadida for Importing Cars and Spare Parts,1808594.0,private,1,According to Country of Origin - Private Sector
2025-10-31,1163,Rama Libya for Plastic Industries,1802680.0,private,1,According to Country of Origin - Private Sector
2025-10-31,1164,Al-Qut for Food Industries,1794512.0,private,1,According to Country of Origin - Private Sector
2025-10-31,1165,Bayti Al-Matin for Aluminum Manufacturing,1793721.0,private,1,According to Country of Origin - Private Sector
2025-10-31,1166,"Al-Sanwan for Food Industries, Derivatives, and Supplies",1780592.0,private,1,According to Country of Origin - Private Sector
2025-10-31,1167,Al-Taqaddum for Metal and Plastic Industries,1771258.0,private,1,According to Country of Origin - Private Sector
2025-10-31,1168,"Al-Rasikha for Importing Building Materials, Sanitary Supplies, and Accessories",1756368.0,private,1,According to Country of Origin - Private Sector
2025-10-31,1169,Tamar Al-Mawsim for Agricultural Equipment Manufacturing,1750500.0,private,1,According to Country of Origin - Private Sector
2025-10-31,1170,Al-Sayyadla for Importing Medicines and Medical Supplies,1749482.0,private,1,According to Country of Origin - Private Sector
2025-10-31,1171,Manahel Al-Mi’mar for Importing Building Materials and Sanitary Supplies,1731991.0,private,1,According to Country of Origin - Private Sector
2025-10-31,1172,"Verona for Importing Foodstuffs, Livestock, and Meat",1717456.0,private,1,According to Country of Origin - Private Sector
2025-10-31,1173,Libya Al-Wataniya for Building Materials and Furniture Manufacturing,1711990.0,private,1,According to Country of Origin - Private Sector
2025-10-31,1174,"Sah for Technology for Importing Books, Stationery, and Office Equipment",1711813.0,private,1,According to Country of Origin - Private Sector
2025-10-31,1175,Tazweed Libya for Importing Foodstuffs,1709490.0,private,1,According to Country of Origin - Private Sector
2025-10-31,1176,Al-Asaleeb Al-Faniya for Excavation Works and General Contracting,1701242.0,private,1,According to Country of Origin - Private Sector
2025-10-31,1177,"Al-Imad for Importing Medicines, Medical Equipment, Preparations, and Mother & Child Supplies",1693043.0,private,1,According to Country of Origin - Private Sector
2025-10-31,1178,Al-Afdal for Feed Manufacturing,1691700.0,private,1,According to Country of Origin - Private Sector
2025-10-31,1179,"Al-Jusoor for Importing Agricultural Machinery, Supplies, and Equipment",1688521.0,private,1,According to Country of Origin - Private Sector
2025-10-31,1180,Al-Qal’ah Al-Kubra for Importing Agricultural Supplies and Spare Parts,1683423.0,private,1,According to Country of Origin - Private Sector
2025-10-31,1181,Al-Bunyan Al-Fiddi for Importing Foodstuffs,1680324.0,private,1,According to Country of Origin - Private Sector
2025-10-31,1182,Al-Rasan for Importing Medicines and Medical Equipment,1680275.0,private,1,According to Country of Origin - Private Sector
2025-10-31,1183,Al-Ruba’i Factory for Confectionery Manufacturing and Packaging of Legumes,1671578.0,private,1,According to Country of Origin - Private Sector
2025-10-31,1184,"Sophia Al-Mutaqaddimah for Importing Electrical and Non-Electrical Devices, Spare Parts, and Electronic Devices",1671375.0,private,1,According to Country of Origin - Private Sector
2025-10-31,1185,"Al-Rabi’ for Diapers Manufacturing, Health Care, and Cleaning Supplies",1670926.0,private,1,According to Country of Origin - Private Sector
2025-10-31,1186,"Al-Hijaz Al-Dawliya for Importing Foodstuffs, Livestock, and Meat",1659332.0,private,1,According to Country of Origin - Private Sector
2025-10-31,1187,"Al-Jirah Al-Alamiya for Importing Foodstuffs, Livestock, and Meat",1655000.0,private,1,According to Country of Origin - Private Sector
2025-10-31,1188,"Al-Raha’ for Importing Foodstuffs, Livestock, and Meat",1652040.0,private,1,According to Country of Origin - Private Sector
2025-10-31,1189,Al-Sharqah for Importing Perfumes and Cosmetic Products,1650000.0,private,1,According to Country of Origin - Private Sector
2025-10-31,1190,"Rukaz for Importing Building Materials, Sanitary Supplies, and Accessories",1648373.0,private,1,According to Country of Origin - Private Sector
2025-10-31,1191,Zahra Al-Yasmin for Importing Agricultural Machinery,1646477.0,private,1,According to Country of Origin - Private Sector
2025-10-31,1192,Fine for Sponge and Sofas Manufacturing,1641739.0,private,1,According to Country of Origin - Private Sector
2025-10-31,1193,Baytik Al-Jadid for Importing Electrical and Non-Electrical Devices and Spare Parts,1641470.0,private,1,According to Country of Origin - Private Sector
2025-10-31,1194,Abwab Al-Fath for Importing Stationery and Office Supplies,1627380.0,private,1,According to Country of Origin - Private Sector
2025-10-31,1195,"Dunya Al-Sihha for Importing Medicines, Sera, and Veterinary Vaccines",1626300.0,private,1,According to Country of Origin - Private Sector
2025-10-31,1196,"Al-Habbah Al-Dhahabiya Al-Alamiya for Importing Agricultural Machinery, Fertilizers, and Farm Equipment",1619955.0,private,1,According to Country of Origin - Private Sector
2025-10-31,1197,Jabal Al-Kouf for Importing Cars and Spare Parts (Affiliated with Akakus Company),1613778.0,private,1,According to Country of Origin - Private Sector
2025-10-31,1198,Kheir Al-Barari for Feed Manufacturing,1612776.0,private,1,According to Country of Origin - Private Sector
2025-10-31,1199,Al-Rabi’ Factory for Cleaning Materials Manufacturing,1611523.0,private,1,According to Country of Origin - Private Sector
2025-10-31,1200,Al-Sahra’ Al-Kabira for Cleaning Materials Manufacturing,1610000.0,private,1,According to Country of Origin - Private Sector
2025-10-31,1201,Wadi Al-Hayat for Importing Raw Materials,1600429.0,private,1,According to Country of Origin - Private Sector
2025-10-31,1202,Bayt Al-Safwa for Aluminum and PVC Manufacturing,1598739.0,private,1,According to Country of Origin - Private Sector
2025-10-31,1203,"Clean International for Importing Decorative Items, Hardware, and Cleaning Materials",1593606.0,private,1,According to Country of Origin - Private Sector
2025-10-31,1204,"Al-Jawda for Manufacturing and Assembling Electrical, Household, and Electronic Devices",1593113.0,private,1,According to Country of Origin - Private Sector
2025-10-31,1205,Qarzeh for Importing Foodstuffs and Fresh Fruits,1590219.0,private,1,According to Country of Origin - Private Sector
2025-10-31,1206,Al-Zaytouna Al-Khadra for Importing Agricultural Machinery and Spare Parts,1584718.0,private,1,According to Country of Origin - Private Sector
2025-10-31,1207,"Al-Ridwan for Importing Medicines, Medical Supplies, and Equipment",1572411.0,private,1,According to Country of Origin - Private Sector
2025-10-31,1208,"Al-Yaqout Al-Safi for Importing Heavy Machinery, Equipment, Spare Parts, and Factory Tools",1570703.0,private,1,According to Country of Origin - Private Sector
2025-10-31,1209,"Nujoom Al-Shiyakah for Importing Clothing, Textiles, and Footwear",1569462.0,private,1,According to Country of Origin - Private Sector
2025-10-31,1210,Gamma Libya for Importing and Distributing Electrical Equipment and Spare Parts,1561610.0,private,1,According to Country of Origin - Private Sector
2025-10-31,1211,"Al-Samat for Importing Medicines, Medical Equipment, and Mother & Child Supplies",1549099.0,private,1,According to Country of Origin - Private Sector
2025-10-31,1212,Al-Zaytouna for Plastic Industries,1545173.0,private,1,According to Country of Origin - Private Sector
2025-10-31,1213,Anwar Al-Mustaqbal Al-Alamiya for Importing Electrical and Non-Electrical Devices and Spare Parts,1544390.0,private,1,According to Country of Origin - Private Sector
2025-10-31,1214,"Ital for Importing Electrical and Non-Electrical Devices, Spare Parts, and Electronic Devices",1544231.0,private,1,According to Country of Origin - Private Sector
2025-10-31,1215,"Banan for Importing Perfumes, Cosmetics, Hardware, and Cleaning Supplies",1539440.0,private,1,According to Country of Origin - Private Sector
2025-10-31,1216,Bariq Al-Asriya Al-Awal for Manufacturing Cleaning Materials and Accessories,1538250.0,private,1,According to Country of Origin - Private Sector
2025-10-31,1217,Al-Mawja for Electronic Industries,1537515.0,private,1,According to Country of Origin - Private Sector
2025-10-31,1218,Barniq for Importing Industrial Machinery and Equipment,1531200.0,private,1,According to Country of Origin - Private Sector
2025-10-31,1219,"Muruj Libya for Importing Agricultural Machinery, Supplies, and Spare Parts",1530000.0,private,1,According to Country of Origin - Private Sector
2025-10-31,1220,"Victoria for Importing Foodstuffs, Livestock, and Meat",1526737.0,private,1,According to Country of Origin - Private Sector
2025-10-31,1221,Al-Rahmani for Clinker Grinding and Cement Manufacturing,1524000.0,private,1,According to Country of Origin - Private Sector
2025-10-31,1222,Al-Ijtihad for Importing Electrical and Non-Electrical Devices and Spare Parts,1515671.0,private,1,According to Country of Origin - Private Sector
2025-10-31,1223,Insam International for Importing Electrical and Non-Electrical Devices,1506412.0,private,1,According to Country of Origin - Private Sector
2025-10-31,1224,Al-Shahin International for Importing Foodstuffs,1502300.0,private,1,According to Country of Origin - Private Sector
2025-10-31,1225,Al-Basha’er for Importing Electrical Devices,1501175.0,private,1,According to Country of Origin - Private Sector
2025-10-31,1226,Al-Ma’moura for Agricultural and Livestock Investment,1501039.0,private,1,According to Country of Origin - Private Sector
2025-10-31,1227,Al-Badeel Al-Sina’i for PVC Manufacturing,1500194.0,private,1,According to Country of Origin - Private Sector
2025-10-31,1228,Shumou’ Al-Insha’at and Metal Industries,1499786.0,private,1,According to Country of Origin - Private Sector
2025-10-31,1229,"Basha’er Al-Mustaqbal Al-Awal for Importing Building Materials, Sanitary Supplies, and Accessories",1496530.0,private,1,According to Country of Origin - Private Sector
2025-10-31,1230,Qasr Al-Sadeer for Importing Ceramics and Building Materials,1494670.0,private,1,According to Country of Origin - Private Sector
2025-10-31,1231,Al-Hussein for Electrical Manufacturing and Services,1485192.0,private,1,According to Country of Origin - Private Sector
2025-10-31,1232,Al-Mutawassit Al-Zahir for Importing Foodstuffs,1484097.0,private,1,According to Country of Origin - Private Sector
2025-10-31,1233,"Sama Misrata for Importing Foodstuffs, Livestock, and Meat",1482000.0,private,1,According to Country of Origin - Private Sector
2025-10-31,1234,"Sultana for Importing Foodstuffs, Livestock, and Meat",1481184.0,private,1,According to Country of Origin - Private Sector
2025-10-31,1235,Al-Burj Al-Alamiya for Importing Means of Transportation and Accessories,1480000.0,private,1,According to Country of Origin - Private Sector
2025-10-31,1236,Itr Al-Sharq for Importing Cleaning Materials,1467571.0,private,1,According to Country of Origin - Private Sector
2025-10-31,1237,Misrata Factory for Plastic Pipes Manufacturing,1462439.0,private,1,According to Country of Origin - Private Sector
2025-10-31,1238,Al-Nawafidh Al-Asriya for PVC and Aluminum Manufacturing,1456742.0,private,1,According to Country of Origin - Private Sector
2025-10-31,1239,Al-Takamul Factory for Corrugated Sheet Manufacturing,1456450.0,private,1,According to Country of Origin - Private Sector
2025-10-31,1240,"Al-Ibda’ Al-Hurr for Importing Clothing, Textiles, and Leather Products",1454644.0,private,1,According to Country of Origin - Private Sector
2025-10-31,1241,"Al-Ithar Al-Da’im for Importing Foodstuffs, Livestock, and Meat",1448687.0,private,1,According to Country of Origin - Private Sector
2025-10-31,1242,"Al-Toumi for Importing Building Materials, Sanitary Supplies",1448550.0,private,1,According to Country of Origin - Private Sector
2025-10-31,1243,"Al-Talal for Importing Agricultural Machinery, Supplies, and Spare Parts",1447302.0,private,1,According to Country of Origin - Private Sector
2025-10-31,1244,North Africa International for Importing Generators and Spare Parts,1444156.0,private,1,According to Country of Origin - Private Sector
2025-10-31,1245,"Bab Al-Libya for Importing Medical Equipment, Preparations, and Mother & Child Supplies",1444138.0,private,1,According to Country of Origin - Private Sector
2025-10-31,1246,Ard Al-Hayat for Agricultural Development and Livestock Production,1440000.0,private,1,According to Country of Origin - Private Sector
2025-10-31,1247,"Al-Jawda Al-Mutakamilah for Importing Agricultural Machinery, Supplies, and Spare Parts",1440000.0,private,1,According to Country of Origin - Private Sector
2025-10-31,1248,Al-Noor Al-Abyad for Importing Machinery and Agricultural Supplies,1440000.0,private,1,According to Country of Origin - Private Sector
2025-10-31,1249,Amial for Importing Electrical and Non-Electrical Devices and Spare Parts,1438224.0,private,1,According to Country of Origin - Private Sector
2025-10-31,1250,"Al-Ikhwa Al-Muttahidun for Importing Household Materials, Devices, and Electrical Supplies",1433021.0,private,1,According to Country of Origin - Private Sector
2025-10-31,1251,"Dar Al-Joud for Carton, Bags, and Paper Envelope Manufacturing",1427090.0,private,1,According to Country of Origin - Private Sector
2025-10-31,1252,Karzaz Factory for Plastic Industries,1427000.0,private,1,According to Country of Origin - Private Sector
2025-10-31,1253,Al-Tawafuq Al-Da’im for Importing Foodstuffs,1418636.0,private,1,According to Country of Origin - Private Sector
2025-10-31,1254,Al-Nahda Al-Wataniya for Importing Means of Transportation and Accessories,1416899.0,private,1,According to Country of Origin - Private Sector
2025-10-31,1255,Enor Al-Awal for Kitchen and Furniture Manufacturing,1416251.0,private,1,According to Country of Origin - Private Sector
2025-10-31,1256,Al-Tamad for Poultry Farming and Hatchery,1414094.0,private,1,According to Country of Origin - Private Sector
2025-10-31,1257,"Al-Bayt Al-Mumayaz for Importing Building Materials, Sanitary Supplies, and Accessories",1413897.0,private,1,According to Country of Origin - Private Sector
2025-10-31,1258,Majmout Al-Hada’iq Al-Khadra for Importing Foodstuffs,1410000.0,private,1,According to Country of Origin - Private Sector
2025-10-31,1259,Alam Al-Itqan for Iron Manufacturing,1409927.0,private,1,According to Country of Origin - Private Sector
2025-10-31,1260,Al-Rayah for Agricultural Production,1404447.0,private,1,According to Country of Origin - Private Sector
2025-10-31,1261,Al-Muthallathat for Food Industries (Joint Stock),1403572.0,private,1,According to Country of Origin - Private Sector
2025-10-31,1262,Al-Keis for Plastic Industries,1402799.0,private,1,According to Country of Origin - Private Sector
2025-10-31,1263,Al-Khalil for Importing Means of Transportation and Accessories,1380000.0,private,1,According to Country of Origin - Private Sector
2025-10-31,1264,"Joud Libya for Importing Agricultural Machinery, Supplies, and Spare Parts",1373571.0,private,1,According to Country of Origin - Private Sector
2025-10-31,1265,Al-Ma’aden Al-Libi for Iron Industries and Hangars,1372585.0,private,1,According to Country of Origin - Private Sector
2025-10-31,1266,"Ruwasi Al-Sahra for Importing Oils, Lubricants, Means of Transportation, and Accessories",1368653.0,private,1,According to Country of Origin - Private Sector
2025-10-31,1267,Al-Alamiya for Prefabricated Buildings,1367750.0,private,1,According to Country of Origin - Private Sector
2025-10-31,1268,Al-Watad for Mills and Feed,1362960.0,private,1,According to Country of Origin - Private Sector
2025-10-31,1269,"Al-Saqia for Importing Foodstuffs, Livestock, and Meat",1361138.0,private,1,According to Country of Origin - Private Sector
2025-10-31,1270,"Ward Al-Gharb for Importing Cosmetics, Hardware, and Cleaning Supplies",1358610.0,private,1,According to Country of Origin - Private Sector
2025-10-31,1271,Bab Al-Imara for General Contracting and Real Estate Investment,1356232.0,private,1,According to Country of Origin - Private Sector
2025-10-31,1272,Al-Abraj Al-Dhahabiya for Paints and Putty,1355782.0,private,1,According to Country of Origin - Private Sector
2025-10-31,1273,Al-Rahiq Al-Azraq for Food Industries,1353060.0,private,1,According to Country of Origin - Private Sector
2025-10-31,1274,Gharb Al-Mutawassit for Importing Cleaning Supplies,1342948.0,private,1,According to Country of Origin - Private Sector
2025-10-31,1275,"Al-Shurooq Al-Dhahabi for Importing Foodstuffs, Livestock, and Meat",1340640.0,private,1,According to Country of Origin - Private Sector
2025-10-31,1276,"Al-Burj Al-Ghitha’i Al-Jadid for Importing Foodstuffs, Livestock, and Meat",1340000.0,private,1,According to Country of Origin - Private Sector
2025-10-31,1277,"Al-Ta’awun Al-Awwali for Importing Building Materials, Sanitary Supplies, and Accessories",1338243.0,private,1,According to Country of Origin - Private Sector
2025-10-31,1278,Mega Sport for Importing Clothing and Footwear,1334932.0,private,1,According to Country of Origin - Private Sector
2025-10-31,1279,Al-Ada’ Al-Aali for Importing Building Materials and Sanitary Supplies,1334536.0,private,1,According to Country of Origin - Private Sector
2025-10-31,1280,Al-Ghitha’ Al-Afdal for Importing Foodstuffs (Limited Liability),1331519.0,private,1,According to Country of Origin - Private Sector
2025-10-31,1281,Marahil Al-Bina’ for Importing Building Materials and Sanitary Supplies,1328071.0,private,1,According to Country of Origin - Private Sector
2025-10-31,1282,Buyoot Al-Izz for Manufacturing Building Materials,1322320.0,private,1,According to Country of Origin - Private Sector
2025-10-31,1283,Ma’idat Al-Rahman for Importing Foodstuffs,1314000.0,private,1,According to Country of Origin - Private Sector
2025-10-31,1284,Technology Industries for Metal and Iron Construction Works,1310892.0,private,1,According to Country of Origin - Private Sector
2025-10-31,1285,Wadi Al-Hayat for Importing Means of Transportation and Accessories,1310800.0,private,1,According to Country of Origin - Private Sector
2025-10-31,1286,Aryaf Biladi for Importing Foodstuffs,1309078.0,private,1,According to Country of Origin - Private Sector
2025-10-31,1287,"Al-Masdar Al-Alami for Importing Foodstuffs, Meat, and Livestock",1304113.0,private,1,According to Country of Origin - Private Sector
2025-10-31,1288,"Rawan Al-Amal for Importing Foodstuffs, Livestock, and Meat",1303150.0,private,1,According to Country of Origin - Private Sector
2025-10-31,1289,Al-Rasm for Importing Books and Stationery,1303080.0,private,1,According to Country of Origin - Private Sector
2025-10-31,1290,Al-Majmu’a Al-Janubiya for Information Technology,1288257.0,private,1,According to Country of Origin - Private Sector
2025-10-31,1291,Al-Qata’at Al-Haditha for Aluminum Manufacturing,1286878.0,private,1,According to Country of Origin - Private Sector
2025-10-31,1292,Al-Nabd Al-Jadid for Telecommunications and IT,1286000.0,private,1,According to Country of Origin - Private Sector
2025-10-31,1293,Ghadames Aviation (Affiliated with Panorama Holding),1285631.0,private,1,According to Country of Origin - Private Sector
2025-10-31,1294,"Al-Qutn Al-Abyad for Importing Clothing, Fabrics, and Leather Products",1285304.0,private,1,According to Country of Origin - Private Sector
2025-10-31,1295,Jabal Al-Sahel for Information Technology,1275142.0,private,1,According to Country of Origin - Private Sector
2025-10-31,1296,Al-Muthallath for Importing Electrical Devices and Tools,1270436.0,private,1,According to Country of Origin - Private Sector
2025-10-31,1297,Al-Aws Libya for Importing Foodstuffs,1267483.0,private,1,According to Country of Origin - Private Sector
2025-10-31,1298,Al-Aqiq for Communications and Technology,1263600.0,private,1,According to Country of Origin - Private Sector
2025-10-31,1299,"Buhayrat Al-Saraya for Importing Heavy Machinery, Equipment, Spare Parts, and Factory Tools",1263013.0,private,1,According to Country of Origin - Private Sector
2025-10-31,1300,"Haddathat Al-Asr for Importing Agricultural Machinery, Supplies, and Spare Parts",1256816.0,private,1,According to Country of Origin - Private Sector
2025-10-31,1301,Al-Mazare’ Al-Awwal for Importing Livestock and Meat,1255142.0,private,1,According to Country of Origin - Private Sector
2025-10-31,1302,Al-Sada for Importing Medical and Pharmaceutical Equipment and Supplies,1254313.0,private,1,According to Country of Origin - Private Sector
2025-10-31,1303,"Al-Mazin for Importing Foodstuffs, Livestock, and Meat",1250113.0,private,1,According to Country of Origin - Private Sector
2025-10-31,1304,"Al-Basateen Al-Khadra Majmout for Importing Foodstuffs, Fresh Fruits, Livestock, and Meat",1250000.0,private,1,According to Country of Origin - Private Sector
2025-10-31,1305,Al-Asima Al-Alamiya for Importing Cars and Spare Parts,1248563.0,private,1,According to Country of Origin - Private Sector
2025-10-31,1306,"Nida’ Al-Mustaqbal for Importing Means of Transportation, Spare Parts, and Accessories",1248470.0,private,1,According to Country of Origin - Private Sector
2025-10-31,1307,Bahr Al-Ruqy for Information Technology,1240639.0,private,1,According to Country of Origin - Private Sector
2025-10-31,1308,"Al-Zain Al-Dawliya for Importing Tobacco, Cigarettes, and Supplies",1237995.0,private,1,According to Country of Origin - Private Sector
2025-10-31,1309,"Medico for Importing Medicines, Medical Equipment, and Mother & Child Supplies",1237929.0,private,1,According to Country of Origin - Private Sector
2025-10-31,1310,"Al-Masfoufa Al-Raqmiya for Telecommunications, IT, and Value-Added Services",1236700.0,private,1,According to Country of Origin - Private Sector
2025-10-31,1311,Jeel Al-Amal for Importing Livestock and Meat,1232280.0,private,1,According to Country of Origin - Private Sector
2025-10-31,1312,Biladi Factory for Paint Manufacturing,1224331.0,private,1,According to Country of Origin - Private Sector
2025-10-31,1313,"Al-Ta’awun Al-Sate’ for Importing Building Materials, Sanitary Supplies, and Accessories",1224119.0,private,1,According to Country of Origin - Private Sector
2025-10-31,1314,Andrah for Cleaning Materials Manufacturing,1224031.0,private,1,According to Country of Origin - Private Sector
2025-10-31,1315,Al-Tawafuq Al-Dawli for Importing Electrical and Electronic Devices and Accessories,1224029.0,private,1,According to Country of Origin - Private Sector
2025-10-31,1316,Al-Inmaa Al-Tadhamuniya for Importing Building Materials,1217691.0,private,1,According to Country of Origin - Private Sector
2025-10-31,1317,Al-Mutafawiq Al-Bari’ for Importing Electrical Devices,1217250.0,private,1,According to Country of Origin - Private Sector
2025-10-31,1318,Al-Na’am Al-Alamiya for Food Industries,1215000.0,private,1,According to Country of Origin - Private Sector
2025-10-31,1319,"Al-Rabi’ Al-Sa’id for Importing Building Materials, Sanitary Supplies, and Accessories",1212866.0,private,1,According to Country of Origin - Private Sector
2025-10-31,1320,"Al-Ufuq Al-Haditha for Importing Building Materials, Sanitary Supplies, and Accessories",1212599.0,private,1,According to Country of Origin - Private Sector
2025-10-31,1321,Al-Tahadi Al-Awwal for Furniture Manufacturing,1207116.0,private,1,According to Country of Origin - Private Sector
2025-10-31,1322,"Al-Wakeel Al-Alamiya Al-Awwal for Importing Medicines, Mother & Child Supplies, and Medical Equipment",1207059.0,private,1,According to Country of Origin - Private Sector
2025-10-31,1323,Hadid Libya Al-Wataniya for Iron Industries,1203042.0,private,1,According to Country of Origin - Private Sector
2025-10-31,1324,"Najmat Biladi for Manufacturing Aluminum, PVC, and Accessories",1202645.0,private,1,According to Country of Origin - Private Sector
2025-10-31,1325,"Al-Raqa’iq Al-Aliya for Importing Electrical, Non-Electrical Devices, and Electronics",1200750.0,private,1,According to Country of Origin - Private Sector
2025-10-31,1326,Adwaa Al-Mutawassit for Importing Electrical and Electronic Devices,1200642.0,private,1,According to Country of Origin - Private Sector
2025-10-31,1327,"Al-Zad Al-Shafi for Importing Medicines, Mother & Child Supplies, and Medical Equipment",1200364.0,private,1,According to Country of Origin - Private Sector
2025-10-31,1328,"Wadi Zain for Importing Medicines, Medical Preparations, and Mother & Child Supplies",1199352.0,private,1,According to Country of Origin - Private Sector
2025-10-31,1329,Al-Barza for Importing Foodstuffs,1199191.0,private,1,According to Country of Origin - Private Sector
2025-10-31,1330,Al-Mutajaddid for Importing Home and Office Furniture,1198023.0,private,1,According to Country of Origin - Private Sector
2025-10-31,1331,"Al-Akleel for Importing Cosmetics, Hardware, and Cleaning Supplies",1197384.0,private,1,According to Country of Origin - Private Sector
2025-10-31,1332,"Al-Itar Al-Amin for Importing Tires, Rims, and Car Accessories",1192765.0,private,1,According to Country of Origin - Private Sector
2025-10-31,1333,Al-Makhzoun Al-Tayyib for Importing Mother & Child Supplies,1191975.0,private,1,According to Country of Origin - Private Sector
2025-10-31,1334,Al-Riyada for Iron Industries,1189775.0,private,1,According to Country of Origin - Private Sector
2025-10-31,1335,"Bir Lyas for Importing Agricultural Machinery, Supplies, and Spare Parts",1183112.0,private,1,According to Country of Origin - Private Sector
2025-10-31,1336,Al-Alamiya Al-Mutamayiza for Importing Means of Transportation and Accessories,1182932.0,private,1,According to Country of Origin - Private Sector
2025-10-31,1337,Gharian International for Importing Electrical and Electronic Devices,1182412.0,private,1,According to Country of Origin - Private Sector
2025-10-31,1338,"Wadi Al-Namaa for Importing Agricultural Machinery, Supplies, and Spare Parts",1179804.0,private,1,According to Country of Origin - Private Sector
2025-10-31,1339,Al-Alamiya for Beverages,1177716.0,private,1,According to Country of Origin - Private Sector
2025-10-31,1340,"Al-Masa International for Importing Medical Equipment, Medicines, and Mother & Child Supplies",1177468.0,private,1,According to Country of Origin - Private Sector
2025-10-31,1341,Al-Muthmirah for Importing Foodstuffs,1168754.0,private,1,According to Country of Origin - Private Sector
2025-10-31,1342,"Al-Taqaddum Al-Watani for Importing Building Materials, Sanitary Supplies, and Accessories",1160924.0,private,1,According to Country of Origin - Private Sector
2025-10-31,1343,Azka for Importing Means of Transportation and Accessories,1158531.0,private,1,According to Country of Origin - Private Sector
2025-10-31,1344,Al-Alamiya for Confectionery and Food Industries,1158261.0,private,1,According to Country of Origin - Private Sector
2025-10-31,1345,"Sumoud Al-Abraj for Importing Building Materials, Sanitary Supplies, and Accessories",1157767.0,private,1,According to Country of Origin - Private Sector
2025-10-31,1346,Ru’ya Al-Mustaqbal for Importing Foodstuffs,1154925.0,private,1,According to Country of Origin - Private Sector
2025-10-31,1347,Al-Bayader Al-Khadra for Importing Various Means of Transportation and Accessories,1154495.0,private,1,According to Country of Origin - Private Sector
2025-10-31,1348,"Al-Haql Al-Akhdar for Importing Agricultural Machinery, Supplies, and Spare Parts",1154084.0,private,1,According to Country of Origin - Private Sector
2025-10-31,1349,Al-Wataniya Al-Awwal for Flour and Feed Manufacturing,1152750.0,private,1,According to Country of Origin - Private Sector
2025-10-31,1350,"Alam Al-Batriq for Importing Electronics, Accessories, and Spare Parts",1152524.0,private,1,According to Country of Origin - Private Sector
2025-10-31,1351,Al-Ittihad Al-Ra’id for Importing Furniture,1149515.0,private,1,According to Country of Origin - Private Sector
2025-10-31,1352,Al-Dalil Al-Tibi for Importing Medicines and Medical Preparations,1138325.0,private,1,According to Country of Origin - Private Sector
2025-10-31,1353,Libya Al-Majd for Importing Cleaning Materials and Hardware,1137414.0,private,1,According to Country of Origin - Private Sector
2025-10-31,1354,Al-Rahba for Importing Foodstuffs,1137380.0,private,1,According to Country of Origin - Private Sector
2025-10-31,1355,"Al-Kouf Al-Bahir for Importing Heavy Machinery, Equipment, and Spare Parts",1136931.0,private,1,According to Country of Origin - Private Sector
2025-10-31,1356,Al-Bidaa Al-Haditha for Importing Veterinary Medicines and Sera,1136640.0,private,1,According to Country of Origin - Private Sector
2025-10-31,1357,Electron Al-Alamiya for Importing Digital Systems and IT,1128969.0,private,1,According to Country of Origin - Private Sector
2025-10-31,1358,"Al-Kouf for Importing Electrical Devices, Spare Parts, and Electronics",1127300.0,private,1,According to Country of Origin - Private Sector
2025-10-31,1359,"Areej Al-Ghitha’ for Importing and Distributing Foodstuffs, Livestock, and Meat",1125208.0,private,1,According to Country of Origin - Private Sector
2025-10-31,1360,"Al-Mizan Al-Dhahabi Al-Jadid for Importing Building Materials, Sanitary Supplies, and Accessories",1124625.0,private,1,According to Country of Origin - Private Sector
2025-10-31,1361,Al-Anarat Al-Mutawassit for Importing Electrical and Non-Electrical Devices,1122710.0,private,1,According to Country of Origin - Private Sector
2025-10-31,1362,Al-Ruwad Factory for Aluminum and PVC Manufacturing,1116476.0,private,1,According to Country of Origin - Private Sector
2025-10-31,1363,"Al-Tamayuz Al-Arabi for Importing Building Materials, Sanitary Supplies, and Accessories",1114918.0,private,1,According to Country of Origin - Private Sector
2025-10-31,1364,Rima for Importing Foodstuffs,1114610.0,private,1,According to Country of Origin - Private Sector
2025-10-31,1365,Al-Malika Al-Dhahabiya for Mother & Child Supplies,1112926.0,private,1,According to Country of Origin - Private Sector
2025-10-31,1366,Rabah for Plastic Industries,1108470.0,private,1,According to Country of Origin - Private Sector
2025-10-31,1367,Khozfiya for Importing Building Materials and Sanitary Supplies,1106836.0,private,1,According to Country of Origin - Private Sector
2025-10-31,1368,Qawa’id Al-Majd for General Contracting and Real Estate Investment,1104964.0,private,1,According to Country of Origin - Private Sector
2025-10-31,1369,"Jabal Al-Sharq for Poultry Farming, Egg, and Meat Production",1103961.0,private,1,According to Country of Origin - Private Sector
2025-10-31,1370,Al-Sarb Al-Tibi for Importing Medicines and Medical Equipment,1102719.0,private,1,According to Country of Origin - Private Sector
2025-10-31,1371,Al-Basma Al-Tibiya Al-Dawliya for Importing Medicines and Medical Equipment,1101425.0,private,1,According to Country of Origin - Private Sector
2025-10-31,1372,"Jabal Al-Noor for Importing Clothing, Textiles, and Leather Products",1092397.0,private,1,According to Country of Origin - Private Sector
2025-10-31,1373,Al-Jawda Al-Aliya for Agricultural and Livestock Investment,1089310.0,private,1,According to Country of Origin - Private Sector
2025-10-31,1374,Al-Rukn Al-Sharqi for Information Technology,1083948.0,private,1,According to Country of Origin - Private Sector
2025-10-31,1375,"Al-Mazaq Al-Kori for Importing Foodstuffs, Livestock, and Meat",1078680.0,private,1,According to Country of Origin - Private Sector
2025-10-31,1376,Al-Ghallal for Food Industries,1073000.0,private,1,According to Country of Origin - Private Sector
2025-10-31,1377,Al-Zaha for Importing Foodstuffs,1072395.0,private,1,According to Country of Origin - Private Sector
2025-10-31,1378,"Matla’ Al-Fajr Majmout for Importing Foodstuffs, Fruits, Vegetables, Livestock, and Meat",1071852.0,private,1,According to Country of Origin - Private Sector
2025-10-31,1379,"Al-Ghazala for Importing Building Materials, Sanitary Supplies, and Accessories",1069288.0,private,1,According to Country of Origin - Private Sector
2025-10-31,1380,"Mayar Al-Awwal Al-Alamiya for Importing Foodstuffs, Livestock, and Meat (LLC)",1066569.0,private,1,According to Country of Origin - Private Sector
2025-10-31,1381,Dar Al-Salam for Importing Foodstuffs,1064698.0,private,1,According to Country of Origin - Private Sector
2025-10-31,1382,"Al-Hadatha Al-Mutaqaddima for Importing Mobile Phones, Accessories, and Electronics",1063000.0,private,1,According to Country of Origin - Private Sector
2025-10-31,1383,Marai Al-Jabal for Feed Manufacturing,1060000.0,private,1,According to Country of Origin - Private Sector
2025-10-31,1384,Lamsat Al-Marh for Importing Books and Stationery,1049340.0,private,1,According to Country of Origin - Private Sector
2025-10-31,1385,Al-Rifaqa for Importing Building Materials and Sanitary Supplies,1046918.0,private,1,According to Country of Origin - Private Sector
2025-10-31,1386,"Al-Diyar Al-Arabiya for Importing Building Materials, Sanitary Supplies, and Accessories",1045732.0,private,1,According to Country of Origin - Private Sector
2025-10-31,1387,"Loran for Importing Foodstuffs, Meat, and Livestock",1039985.0,private,1,According to Country of Origin - Private Sector
2025-10-31,1388,Al-Risala for Importing Foodstuffs,1035505.0,private,1,According to Country of Origin - Private Sector
2025-10-31,1389,"Babel Al-Haditha for Importing Clothing, Textiles, Footwear, and Leather Products",1031893.0,private,1,According to Country of Origin - Private Sector
2025-10-31,1390,"Dar Al-Tijara for Importing Foodstuffs, Livestock, and Meat",1030523.0,private,1,According to Country of Origin - Private Sector
2025-10-31,1391,"Al-Namaa Al-Filahi for Importing Agricultural Materials, Supplies, and Spare Parts",1030178.0,private,1,According to Country of Origin - Private Sector
2025-10-31,1392,Al-Nakheel Al-Awwal for Importing Raw Materials,1029228.0,private,1,According to Country of Origin - Private Sector
2025-10-31,1393,Misilia for Importing Foodstuffs,1027365.0,private,1,According to Country of Origin - Private Sector
2025-10-31,1394,Al-Mustaqbal Al-Mudi Al-Dawli for Importing Mother & Child Supplies,1023319.0,private,1,According to Country of Origin - Private Sector
2025-10-31,1395,Al-Tanmia Factory for Wire Mesh Sheets Manufacturing,1021090.0,private,1,According to Country of Origin - Private Sector
2025-10-31,1396,Hadaf Al-Salama for Information Technology,1020026.0,private,1,According to Country of Origin - Private Sector
2025-10-31,1397,Al-Mizan Al-Matloub for Information Technology,1019672.0,private,1,According to Country of Origin - Private Sector
2025-10-31,1398,Al-Sur’a Al-Daqiqa for Information Technology,1018702.0,private,1,According to Country of Origin - Private Sector
2025-10-31,1399,Al-Siraj Al-Munir for Information Technology,1016961.0,private,1,According to Country of Origin - Private Sector
2025-10-31,1400,"Al-Hasad Al-Da’im for Importing Agricultural Machinery, Supplies, and Spare Parts",1014307.0,private,1,According to Country of Origin - Private Sector
2025-10-31,1401,"Al-Khaleej for Importing Clothing, Textiles, and Leather Products",1013828.0,private,1,According to Country of Origin - Private Sector
2025-10-31,1402,Al-Masdar Al-Amin for Importing Means of Transportation and Accessories,1008926.0,private,1,According to Country of Origin - Private Sector
2025-10-31,1403,Sipes Libya for Paint Manufacturing (Joint Venture),1005075.0,private,1,According to Country of Origin - Private Sector
2025-10-31,1404,Al-Mazra’a Al-Dhahabiya for Agricultural Investment and Production,1004302.0,private,1,According to Country of Origin - Private Sector
2025-10-31,1405,"Qarnab for Importing Cars, Spare Parts, Oils, and Lubricants",1001857.0,private,1,According to Country of Origin - Private Sector
2025-10-31,1406,Minan for Importing Means of Transportation and Accessories,1000936.0,private,1,According to Country of Origin - Private Sector
2025-10-31,1407,Al-Saraha for Importing Means of Transportation and Accessories,1000400.0,private,1,According to Country of Origin - Private Sector
2025-10-31,1408,Al-Thiqa Al-Dawliya for Electro-Mechanical Works,1000000.0,private,1,According to Country of Origin - Private Sector
2025-10-31,1409,"Al-Ittihad Al-Arabi for Importing Medicines, Medical Equipment, and Mother & Child Supplies",999981.0,private,1,According to Country of Origin - Private Sector
2025-10-31,1410,Steel International for Iron Industries,998717.0,private,1,According to Country of Origin - Private Sector
2025-10-31,1411,Manarat Shahat Factory for Aluminum,998116.0,private,1,According to Country of Origin - Private Sector
2025-10-31,1412,"Al-Borouj Al-Muttahida Al-Awwal for Feed, Flour, and Grain Milling",997500.0,private,1,According to Country of Origin - Private Sector
2025-10-31,1413,Al-Yasmin Al-Dawliya for Food Industries,996855.0,private,1,According to Country of Origin - Private Sector
2025-10-31,1414,"Sofana for Importing Foodstuffs, Livestock, and Meat",995181.0,private,1,According to Country of Origin - Private Sector
2025-10-31,1415,"Kenzi for Importing Medical Equipment, Medicines, and Mother & Child Supplies",994221.0,private,1,According to Country of Origin - Private Sector
2025-10-31,1416,"Al-Afaq Al-Awwal for Importing Electrical, Non-Electrical Devices, Spare Parts, and Electronics",993000.0,private,1,According to Country of Origin - Private Sector
2025-10-31,1417,"Al-Mazra’a Al-Libiya Al-Awwal for Importing Foodstuffs, Livestock, and Meat",992250.0,private,1,According to Country of Origin - Private Sector
2025-10-31,1418,Havana for Installation and Maintenance of Systems of All Types,992025.0,private,1,According to Country of Origin - Private Sector
2025-10-31,1419,Al-Bina’ Al-Fakhir Al-Awwal for Manufacturing Building Materials,989800.0,private,1,According to Country of Origin - Private Sector
2025-10-31,1420,"Quwat Al-Foulad for Hangars, Prefabricated Houses, and Metal Forming",987550.0,private,1,According to Country of Origin - Private Sector
2025-10-31,1421,Al-Ijma’ for Importing Household and Electrical Devices,986472.0,private,1,According to Country of Origin - Private Sector
2025-10-31,1422,Al-Fahd Al-Saree’ for Importing Raw Materials,980546.0,private,1,According to Country of Origin - Private Sector
2025-10-31,1423,Al-Itar for Importing Means of Transportation and Accessories,978992.0,private,1,According to Country of Origin - Private Sector
2025-10-31,1424,Rimal Libya for Communications and Information Technology,976080.0,private,1,According to Country of Origin - Private Sector
2025-10-31,1425,Al-Riyada Al-Dawiya for Importing Medical Equipment and Medicines,975764.0,private,1,According to Country of Origin - Private Sector
2025-10-31,1426,Al-Zad Al-Alamiya for Food Industries,975465.0,private,1,According to Country of Origin - Private Sector
2025-10-31,1427,Al-Dafniya Al-Haditha for Iron Industries,974700.0,private,1,According to Country of Origin - Private Sector
2025-10-31,1428,Al-Khodouri Factory for Agricultural Vehicles and Water Tanks,974400.0,private,1,According to Country of Origin - Private Sector
2025-10-31,1429,Al-Amira Factory for Food Industries,974053.0,private,1,According to Country of Origin - Private Sector
2025-10-31,1430,"Al-Najma Al-Awwal for Importing Restaurant, Hotel, and Café Equipment",972005.0,private,1,According to Country of Origin - Private Sector
2025-10-31,1431,Rabwa Al-Gharb for Importing Foodstuffs,971896.0,private,1,According to Country of Origin - Private Sector
2025-10-31,1432,"Al-Muntaha Al-Dawliya for Importing Electrical, Non-Electrical Devices, Spare Parts, and Electronics",970632.0,private,1,According to Country of Origin - Private Sector
2025-10-31,1433,Qala’at Al-Mukhtar for Importing Computers and Accessories,969200.0,private,1,According to Country of Origin - Private Sector
2025-10-31,1434,"Al-Diyar Al-Alamiya for Importing Building Materials, Sanitary Supplies, and Accessories",968550.0,private,1,According to Country of Origin - Private Sector
2025-10-31,1435,Ajwa’a for Agricultural and Livestock Investment,964154.0,private,1,According to Country of Origin - Private Sector
2025-10-31,1436,Al-Anees for Importing Cosmetics,963353.0,private,1,According to Country of Origin - Private Sector
2025-10-31,1437,"Al-Qalam for Installation, Maintenance, and Development of Systems",963000.0,private,1,According to Country of Origin - Private Sector
2025-10-31,1438,"Al-Fursan Al-Awwal for Importing Clothing, Textiles, and Leather Products",961790.0,private,1,According to Country of Origin - Private Sector
2025-10-31,1439,Al-Tijara Al-Wataniya for Catering and Services,961573.0,private,1,According to Country of Origin - Private Sector
2025-10-31,1440,"Al-Tatweer Al-Mutamayiz for Importing Electrical, Electronic Devices, and Accessories",961532.0,private,1,According to Country of Origin - Private Sector
2025-10-31,1441,"Beta Al-Dawiya Al-Awwal for Importing Medicines, Medical Preparations, and Equipment",957009.0,private,1,According to Country of Origin - Private Sector
2025-10-31,1442,"Al-Badeel Al-Mumtaz for Importing Electrical, Electronic, and Non-Electrical Devices",956280.0,private,1,According to Country of Origin - Private Sector
2025-10-31,1443,Yamama Al-Sharq for Importing Foodstuffs,955876.0,private,1,According to Country of Origin - Private Sector
2025-10-31,1444,Al-Noor Al-Haditha for Importing Foodstuffs,953740.0,private,1,According to Country of Origin - Private Sector
2025-10-31,1445,Al-Qal’a Al-Haditha for Importing Foodstuffs,953170.0,private,1,According to Country of Origin - Private Sector
2025-10-31,1446,Al-Fada’iyat for Importing Electronics,950000.0,private,1,According to Country of Origin - Private Sector
2025-10-31,1447,Al-Libiya Al-Awwal for Soap and Cleaning Materials Manufacturing,949798.0,private,1,According to Country of Origin - Private Sector
2025-10-31,1448,Al-Zahir for Office and Home Furniture Manufacturing,949299.0,private,1,According to Country of Origin - Private Sector
2025-10-31,1449,"Marjan Al-Bahr for Importing Frozen Fish, Livestock, and Meat",948088.0,private,1,According to Country of Origin - Private Sector
2025-10-31,1450,Al-Muha for Importing Veterinary Vaccines and Medicines,944748.0,private,1,According to Country of Origin - Private Sector
2025-10-31,1451,Al-Lamsa for Importing Furniture and Accessories,940848.0,private,1,According to Country of Origin - Private Sector
2025-10-31,1452,Baker for E-Commerce and Delivery,940702.0,private,1,According to Country of Origin - Private Sector
2025-10-31,1453,"Al-Dar Al-Jadida for Importing Building Materials, Sanitary Supplies, and Accessories",940350.0,private,1,According to Country of Origin - Private Sector
2025-10-31,1454,Sanabel Al-Zahra for Importing Farm Equipment and Agricultural Supplies,937992.0,private,1,According to Country of Origin - Private Sector
2025-10-31,1455,Al-Tair Al-Abyad for Food Industries,930628.0,private,1,According to Country of Origin - Private Sector
2025-10-31,1456,Al-Jadida for Food Industries,930540.0,private,1,According to Country of Origin - Private Sector
2025-10-31,1457,Jawharat Al-Ajban for Importing Foodstuffs,930020.0,private,1,According to Country of Origin - Private Sector
2025-10-31,1458,Al-Waleed for Importing Electrical and Electronic Devices,927625.0,private,1,According to Country of Origin - Private Sector
2025-10-31,1459,Fatoon Libya for Importing Clothing,924702.0,private,1,According to Country of Origin - Private Sector
2025-10-31,1460,Droub Al-Mustaqbal for Manufacturing Sanitary and Building Materials,918180.0,private,1,According to Country of Origin - Private Sector
2025-10-31,1461,Wafra Al-Madina for Food Industries,917535.0,private,1,According to Country of Origin - Private Sector
2025-10-31,1462,Hadrian for Importing Cars and Spare Parts,916471.0,private,1,According to Country of Origin - Private Sector
2025-10-31,1463,"Al-Atlas Al-Dawli for Importing Building Materials, Sanitary Supplies, and Accessories",910308.0,private,1,According to Country of Origin - Private Sector
2025-10-31,1464,Al-Tanmia for Importing Oil Equipment and Devices,907781.0,private,1,According to Country of Origin - Private Sector
2025-10-31,1465,"Qubtan Libya for Importing Foodstuffs, Livestock, and Meat",907467.0,private,1,According to Country of Origin - Private Sector
2025-10-31,1466,"Arkan Al-Dawliya for Importing Medical Equipment, Medicines, and Mother & Child Supplies",906951.0,private,1,According to Country of Origin - Private Sector
2025-10-31,1467,Al-Shifa’ for Importing Medicines,906745.0,private,1,According to Country of Origin - Private Sector
2025-10-31,1468,Al-Dhiya’ Al-Raqi for Iron Industries,905219.0,private,1,According to Country of Origin - Private Sector
2025-10-31,1469,"Al-A’mar Al-Bahir for Importing Electrical Devices, Spare Parts, and Electronics",904335.0,private,1,According to Country of Origin - Private Sector
2025-10-31,1470,"Ahl Al-Tibb for Importing Medical Equipment, Supplies, and Mother & Child Items",904155.0,private,1,According to Country of Origin - Private Sector
2025-10-31,1471,Hadharat Babel for Importing Cleaning Materials,901450.0,private,1,According to Country of Origin - Private Sector
2025-10-31,1472,Al-Tarabot Al-Da’im for Importing Means of Transportation and Accessories,900500.0,private,1,According to Country of Origin - Private Sector
2025-10-31,1473,Muhit Al-Madina for Importing Electronics,900000.0,private,1,According to Country of Origin - Private Sector
2025-10-31,1474,Ashraqat Al-Amal for Agricultural and Livestock Investment and Poultry Farming,900000.0,private,1,According to Country of Origin - Private Sector
2025-10-31,1475,Wadi B for Feed and Agricultural Supplies Manufacturing,900000.0,private,1,According to Country of Origin - Private Sector
2025-10-31,1476,"Abeen for Importing Heavy Machinery, Equipment, Spare Parts, and Factory Tools",898836.0,private,1,According to Country of Origin - Private Sector
2025-10-31,1477,"Rawaih Al-Jabal for Importing Cleaning, Cosmetics, and Hardware",895825.0,private,1,According to Country of Origin - Private Sector
2025-10-31,1478,Masafi Al-Khair for Importing Foodstuffs,895375.0,private,1,According to Country of Origin - Private Sector
2025-10-31,1479,"Al-Muthmir Al-Awwal for Importing Agricultural Equipment, Supplies, and Machinery",891682.0,private,1,According to Country of Origin - Private Sector
2025-10-31,1480,Alam Al-Muharrikat Al-Ra’id for Importing Means of Transportation and Accessories (LLC),890380.0,private,1,According to Country of Origin - Private Sector
2025-10-31,1481,Al-Majmu’a Al-Ra’ida for Manufacturing Cups and Café Supplies,889580.0,private,1,According to Country of Origin - Private Sector
2025-10-31,1482,Al-Jawda Al-Mutakaddima Al-Haditha for Food Industries,889350.0,private,1,According to Country of Origin - Private Sector
2025-10-31,1483,Tijara Al-Mustaqbal for Importing Foodstuffs,886116.0,private,1,According to Country of Origin - Private Sector
2025-10-31,1484,Aramex Libya for Express Mail Services,880359.0,private,1,According to Country of Origin - Private Sector
2025-10-31,1485,"Mawasem Al-Khair Al-Kubra for Importing Agricultural Machinery, Supplies, and Spare Parts",877845.0,private,1,According to Country of Origin - Private Sector
2025-10-31,1486,Al-Salama for Importing Fabrics and Textiles,876914.0,private,1,According to Country of Origin - Private Sector
2025-10-31,1487,Al-Asil for Food Industries,875209.0,private,1,According to Country of Origin - Private Sector
2025-10-31,1488,"Al-Mawadda Al-Wusta for Importing Foodstuffs, Livestock, and Meat",869470.0,private,1,According to Country of Origin - Private Sector
2025-10-31,1489,Libya Al-Ataa for Importing Foodstuffs,868570.0,private,1,According to Country of Origin - Private Sector
2025-10-31,1490,Kimji for Importing Means of Transportation,866450.0,private,1,According to Country of Origin - Private Sector
2025-10-31,1491,"Al-Alama Al-Awwal for Importing Medical Equipment, Medicines, and Mother & Child Supplies",862702.0,private,1,According to Country of Origin - Private Sector
2025-10-31,1492,"Adrar Libya for Importing Cleaning Materials, Cosmetics, and Hardware",862576.0,private,1,According to Country of Origin - Private Sector
2025-10-31,1493,Ittihad Electronics for Importing Electrical and Electronic Devices,860166.0,private,1,According to Country of Origin - Private Sector
2025-10-31,1494,Al-Fikra Al-Haditha for Importing Foodstuffs,857754.0,private,1,According to Country of Origin - Private Sector
2025-10-31,1495,Al-Iqlim for Importing Foodstuffs and Meat,856851.0,private,1,According to Country of Origin - Private Sector
2025-10-31,1496,Al-Bayt Al-Jadid for Electronic and Electrical Industries,856592.0,private,1,According to Country of Origin - Private Sector
2025-10-31,1497,"Awrak Al-Khair for Importing Foodstuffs, Livestock, and Meat",849695.0,private,1,According to Country of Origin - Private Sector
2025-10-31,1498,"Al-Auras Trading for Importing Foodstuffs, Livestock, and Meat",845301.0,private,1,According to Country of Origin - Private Sector
2025-10-31,1499,Al-Bunduqiya for Importing Foodstuffs,835063.0,private,1,According to Country of Origin - Private Sector
2025-10-31,1500,Al-Qal’a for Soap and Cleaning Materials (Joint Stock),828083.0,private,1,According to Country of Origin - Private Sector
2025-10-31,1501,Al-Sulb Factory for Corrugated Sheet Manufacturing,827539.0,private,1,According to Country of Origin - Private Sector
2025-10-31,1502,Al-Diqqa Al-Amin for Importing Means of Transportation and Accessories,825627.0,private,1,According to Country of Origin - Private Sector
2025-10-31,1503,Ras Al-Majin Factory for Manufacturing All Types of Car Radiators,823756.0,private,1,According to Country of Origin - Private Sector
2025-10-31,1504,"Al-Shu’la Al-Mutamayiza for Importing Electrical, Non-Electrical Devices, and Spare Parts",821887.0,private,1,According to Country of Origin - Private Sector
2025-10-31,1505,Zliten for Iron Industries,820085.0,private,1,According to Country of Origin - Private Sector
2025-10-31,1506,mbaasa for Importing All Types of Building Materials,820000.0,private,1,According to Country of Origin - Private Sector
2025-10-31,1507,Amjad II Factory for Manufacturing Cleaning Materials,815966.0,private,1,According to Country of Origin - Private Sector
2025-10-31,1508,"Dar Alsaqia for Importing Foodstuffs, Livestock, and Meat",814116.0,private,1,According to Country of Origin - Private Sector
2025-10-31,1509,"Titan for Importing Clothing, Shoes, Leather Products, Textiles, and Carpets",811320.0,private,1,According to Country of Origin - Private Sector
2025-10-31,1510,"Alqimma Almutahida for Importing Agricultural Machinery, Supplies, and Spare Parts",808473.0,private,1,According to Country of Origin - Private Sector
2025-10-31,1511,"Sultan for Food Industries, Water, and Beverage Bottling",806298.0,private,1,According to Country of Origin - Private Sector
2025-10-31,1512,Midan Alnakhla for Importing Foodstuffs,805144.0,private,1,According to Country of Origin - Private Sector
2025-10-31,1513,Rabee Aldarb for Importing Vehicles and Accessories,805102.0,private,1,According to Country of Origin - Private Sector
2025-10-31,1514,"Rouh Libya for Importing Medicines, Medical Equipment, and Mother & Child Supplies",803625.0,private,1,According to Country of Origin - Private Sector
2025-10-31,1515,"Altafoq International for Importing Grains, Seeds, and Animal Feed",802500.0,private,1,According to Country of Origin - Private Sector
2025-10-31,1516,Almutafawwiqa for Importing Electronics,797783.0,private,1,According to Country of Origin - Private Sector
2025-10-31,1517,Touba for Importing Vehicles and Accessories,796210.0,private,1,According to Country of Origin - Private Sector
2025-10-31,1518,Majmet Alqadi for Importing Furniture,793299.0,private,1,According to Country of Origin - Private Sector
2025-10-31,1519,"Yafa Commercial for Importing Medical Equipment, Medicines, and Mother & Child Supplies",791128.0,private,1,According to Country of Origin - Private Sector
2025-10-31,1520,Alfursan for Plastic Industries,790516.0,private,1,According to Country of Origin - Private Sector
2025-10-31,1521,Muharrik Tripoli for Importing Cars and Spare Parts,790107.0,private,1,According to Country of Origin - Private Sector
2025-10-31,1522,Altanmia International for Importing Vehicles and Accessories,782600.0,private,1,According to Country of Origin - Private Sector
2025-10-31,1523,Jisr Alkhaleej for Importing Livestock and Meat,780702.0,private,1,According to Country of Origin - Private Sector
2025-10-31,1524,"Dads for Mills, Feed, and Rice Processing",780578.0,private,1,According to Country of Origin - Private Sector
2025-10-31,1525,Aljuthoor for Importing Building and Sanitary Materials and Accessories,780574.0,private,1,According to Country of Origin - Private Sector
2025-10-31,1526,Almajmoua Allibiya for Importing Air Conditioning and Heating Systems,777686.0,private,1,According to Country of Origin - Private Sector
2025-10-31,1527,Liptz for Importing Foodstuffs,777196.0,private,1,According to Country of Origin - Private Sector
2025-10-31,1528,Yashfin International for Importing Medicines and Veterinary Vaccines,776587.0,private,1,According to Country of Origin - Private Sector
2025-10-31,1529,Alrayhana Industrial for Food Industries,775779.0,private,1,According to Country of Origin - Private Sector
2025-10-31,1530,"Alwedad for Importing Foodstuffs, Livestock, and Meat",774900.0,private,1,According to Country of Origin - Private Sector
2025-10-31,1531,"Alsarh Alfadhi for Importing Machinery, Heavy Equipment, Supplies, and Spare Parts",774519.0,private,1,According to Country of Origin - Private Sector
2025-10-31,1532,Alashiqaa for Plastic Industries,774296.0,private,1,According to Country of Origin - Private Sector
2025-10-31,1533,Touba International for Importing Furniture and Accessories,774110.0,private,1,According to Country of Origin - Private Sector
2025-10-31,1534,"Alshams Altebbiya for Importing Medical Equipment, Medicines, and Mother & Child Supplies",772684.0,private,1,According to Country of Origin - Private Sector
2025-10-31,1535,Wahat Rabyana International for Importing Foodstuffs,771074.0,private,1,According to Country of Origin - Private Sector
2025-10-31,1536,"Alnujum Alalamiya for Importing Foodstuffs, Livestock, and Meat",770430.0,private,1,According to Country of Origin - Private Sector
2025-10-31,1537,Yasmin Libya Alhaditha for Importing Foodstuffs,770023.0,private,1,According to Country of Origin - Private Sector
2025-10-31,1538,Alhima for Importing Medicines and Medical Equipment,769985.0,private,1,According to Country of Origin - Private Sector
2025-10-31,1539,Droub Alrakhah for Importing Foodstuffs,768500.0,private,1,According to Country of Origin - Private Sector
2025-10-31,1540,Alhamdi for Importing Foodstuffs,765914.0,private,1,According to Country of Origin - Private Sector
2025-10-31,1541,Alreem for Importing Medicines and Medical Equipment,760039.0,private,1,According to Country of Origin - Private Sector
2025-10-31,1542,Uloom Alahya for Medical and Laboratory Services (Joint Stock),756465.0,private,1,According to Country of Origin - Private Sector
2025-10-31,1543,Krochi for Manufacturing Aluminum and PVC,753854.0,private,1,According to Country of Origin - Private Sector
2025-10-31,1544,Naseem Albahar Misrata for Food Industries,753118.0,private,1,According to Country of Origin - Private Sector
2025-10-31,1545,Alasas Almateen for Importing Building and Sanitary Materials and Accessories,750027.0,private,1,According to Country of Origin - Private Sector
2025-10-31,1546,"Alsadara for Manufacturing, Packaging, and Processing Foodstuffs, Legumes, Nuts, and Coffee",745390.0,private,1,According to Country of Origin - Private Sector
2025-10-31,1547,Almiemar Altam for Importing Electrical Devices and Materials,745246.0,private,1,According to Country of Origin - Private Sector
2025-10-31,1548,Alrabi Alawali for Importing Medicines and Medical Equipment,742045.0,private,1,According to Country of Origin - Private Sector
2025-10-31,1549,Alsaraya Factory for Manufacturing Aluminum Doors and Windows,741859.0,private,1,According to Country of Origin - Private Sector
2025-10-31,1550,Alistishari for Importing Computers and Accessories,740386.0,private,1,According to Country of Origin - Private Sector
2025-10-31,1551,Dar Albaraka for Importing Furniture and Accessories,739490.0,private,1,According to Country of Origin - Private Sector
2025-10-31,1552,Alqarib for Financial and Electronic Services,733450.0,private,1,According to Country of Origin - Private Sector
2025-10-31,1553,Alwaha Aljadeeda for Importing Foodstuffs,732806.0,private,1,According to Country of Origin - Private Sector
2025-10-31,1554,"Alithar Aljadeed for Importing Foodstuffs, Livestock, and Meat",729716.0,private,1,According to Country of Origin - Private Sector
2025-10-31,1555,Tadawul for Electronic Technology (Joint Stock),729682.0,private,1,According to Country of Origin - Private Sector
2025-10-31,1556,"Qimmat Aljawdah for Manufacturing Doors, Windows, Aluminum, PVC, and Accessories",729597.0,private,1,According to Country of Origin - Private Sector
2025-10-31,1557,Sakhrat Ghat for Importing Building and Sanitary Materials and Accessories,727448.0,private,1,According to Country of Origin - Private Sector
2025-10-31,1558,Wahaat Libya for Importing Foodstuffs,726756.0,private,1,According to Country of Origin - Private Sector
2025-10-31,1559,Aburuwaila Factory for Manufacturing Household and Plastic Products,726445.0,private,1,According to Country of Origin - Private Sector
2025-10-31,1560,Alasala Alraae for Importing Furniture,725400.0,private,1,According to Country of Origin - Private Sector
2025-10-31,1561,Tajhizat Aloboor for Importing Car Spare Parts,723169.0,private,1,According to Country of Origin - Private Sector
2025-10-31,1562,Alduwaliya for Importing Agricultural Supplies,720000.0,private,1,According to Country of Origin - Private Sector
2025-10-31,1563,"Amal Altabea for Importing Agricultural Machinery, Supplies, and Spare Parts",718331.0,private,1,According to Country of Origin - Private Sector
2025-10-31,1564,"Albunyuan Alali for Manufacturing Steel, Aluminum, PVC Doors and Windows",713432.0,private,1,According to Country of Origin - Private Sector
2025-10-31,1565,Manar Alghad for Importing Foodstuffs,713134.0,private,1,According to Country of Origin - Private Sector
2025-10-31,1566,Almihniya for Importing Workshop and Manufacturing Equipment,712200.0,private,1,According to Country of Origin - Private Sector
2025-10-31,1567,"Sadeem International for Importing Foodstuffs, Livestock, and Meat",711162.0,private,1,According to Country of Origin - Private Sector
2025-10-31,1568,Fakhama Aljibal for Manufacturing Building Materials,708775.0,private,1,According to Country of Origin - Private Sector
2025-10-31,1569,Alatwar for Importing Electrical Systems,707247.0,private,1,According to Country of Origin - Private Sector
2025-10-31,1570,Jawharat Aljabal for Importing Medical Equipment and Mother & Child Supplies,703710.0,private,1,According to Country of Origin - Private Sector
2025-10-31,1571,Balahaj Factory for Manufacturing Car Radiators,701543.0,private,1,According to Country of Origin - Private Sector
2025-10-31,1572,Arkan Albina Alalia for General Contracting and Real Estate Investment,701190.0,private,1,According to Country of Origin - Private Sector
2025-10-31,1573,Bianki for Importing Clothing,700000.0,private,1,According to Country of Origin - Private Sector
2025-10-31,1574,Qatrat Alnada Alawali for Importing Pumps and Building Materials,698434.0,private,1,According to Country of Origin - Private Sector
2025-10-31,1575,"Dar Alkhubra for Importing Electrical and Non-Electrical Devices, Spare Parts, and Electronics",697887.0,private,1,According to Country of Origin - Private Sector
2025-10-31,1576,Ammar Group for Manufacturing Building Materials,695520.0,private,1,According to Country of Origin - Private Sector
2025-10-31,1577,Alnakheel Factory for Food Industries,692584.0,private,1,According to Country of Origin - Private Sector
2025-10-31,1578,Alhaditha for Importing Foodstuffs,691864.0,private,1,According to Country of Origin - Private Sector
2025-10-31,1579,Alitar Alhadith for Importing Cars and Spare Parts,691043.0,private,1,According to Country of Origin - Private Sector
2025-10-31,1580,Malameh Alnoor for Food Industries,688097.0,private,1,According to Country of Origin - Private Sector
2025-10-31,1581,Alandalus for Manufacturing Ice Cream,684798.0,private,1,According to Country of Origin - Private Sector
2025-10-31,1582,"Badr Misrata for Importing Foodstuffs, Livestock, and Meat",680400.0,private,1,According to Country of Origin - Private Sector
2025-10-31,1583,Altanmia for Manufacturing Plastic Pipes,679668.0,private,1,According to Country of Origin - Private Sector
2025-10-31,1584,Homey for Importing Electrical and Non-Electrical Devices and Spare Parts,679519.0,private,1,According to Country of Origin - Private Sector
2025-10-31,1585,"Aljidar Aljadeed for Importing Heavy Machinery, Equipment, Supplies, and Spare Parts",676800.0,private,1,According to Country of Origin - Private Sector
2025-10-31,1586,Asda Libya for Importing Electrical and Non-Electrical Devices and Spare Parts,675357.0,private,1,According to Country of Origin - Private Sector
2025-10-31,1587,Alamtiyah for Importing Leather Products and Clothing,674560.0,private,1,According to Country of Origin - Private Sector
2025-10-31,1588,Alazeema for Importing Foodstuffs,672045.0,private,1,According to Country of Origin - Private Sector
2025-10-31,1589,"Allamsa Almalakiya for Importing Agricultural Machinery, Supplies, and Spare Parts",671707.0,private,1,According to Country of Origin - Private Sector
2025-10-31,1590,"Alfars Aldawli for Importing Foodstuffs, Livestock, and Meat",670599.0,private,1,According to Country of Origin - Private Sector
2025-10-31,1591,Eesal Almutakadem for Importing Vehicles and Accessories,670089.0,private,1,According to Country of Origin - Private Sector
2025-10-31,1592,"Alfahd Alastori for Importing Foodstuffs, Livestock, and Meat",669244.0,private,1,According to Country of Origin - Private Sector
2025-10-31,1593,Qartaj International for Importing Foodstuffs and Fresh Fruits,665855.0,private,1,According to Country of Origin - Private Sector
2025-10-31,1594,"Altaj Alghidha Aldhahabi for Importing Foodstuffs, Livestock, and Meat",661237.0,private,1,According to Country of Origin - Private Sector
2025-10-31,1595,"Majmet Alnari International for Importing Heavy Machinery, Equipment, Supplies, and Spare Parts",660217.0,private,1,According to Country of Origin - Private Sector
2025-10-31,1596,"Almusheeraqi for Importing Medicines, Medical Equipment, and Mother & Child Supplies",657012.0,private,1,According to Country of Origin - Private Sector
2025-10-31,1597,Alosra Almethalya for Manufacturing Foodstuffs,656111.0,private,1,According to Country of Origin - Private Sector
2025-10-31,1598,"Alalam Almushriq for Scrap Collection, Sorting, and Pressing",643246.0,private,1,According to Country of Origin - Private Sector
2025-10-31,1599,Alaydi Aldhahabiya for Iron Industries,642600.0,private,1,According to Country of Origin - Private Sector
2025-10-31,1600,Karakas for Importing Foodstuffs,642136.0,private,1,According to Country of Origin - Private Sector
2025-10-31,1601,Alhilal Alhasan for Importing Electrical and Non-Electrical Devices and Spare Parts,641080.0,private,1,According to Country of Origin - Private Sector
2025-10-31,1602,Biladi Aljadeeda for Food Industries,640478.0,private,1,According to Country of Origin - Private Sector
2025-10-31,1603,"Hadaiq Janat for Importing Agricultural Machinery, Supplies, and Spare Parts",639022.0,private,1,According to Country of Origin - Private Sector
2025-10-31,1604,Rawafid Almadina for Importing Electrical Devices and Spare Parts,638650.0,private,1,According to Country of Origin - Private Sector
2025-10-31,1605,Wadi Jumhor for Importing Games and Sports Equipment,635948.0,private,1,According to Country of Origin - Private Sector
2025-10-31,1606,"Alshorouq Alalamiya for Printing, Advertising, and Publishing",635898.0,private,1,According to Country of Origin - Private Sector
2025-10-31,1607,Albaraka International for Importing Building and Sanitary Materials,635402.0,private,1,According to Country of Origin - Private Sector
2025-10-31,1608,Altayran Alalamiya for Air Transport,635335.0,private,1,According to Country of Origin - Private Sector
2025-10-31,1609,Almansour for Manufacturing Baby Diapers,634242.0,private,1,According to Country of Origin - Private Sector
2025-10-31,1610,Almethali Alhadith for Importing Electrical and Non-Electrical Devices and Spare Parts,631549.0,private,1,According to Country of Origin - Private Sector
2025-10-31,1611,Alaydi for Manufacturing Building Materials,627646.0,private,1,According to Country of Origin - Private Sector
2025-10-31,1612,Alhaql Alzraei for Importing Agricultural Pesticides,627590.0,private,1,According to Country of Origin - Private Sector
2025-10-31,1613,Alshorouq Allibiya for Poultry Breeding,622032.0,private,1,According to Country of Origin - Private Sector
2025-10-31,1614,Mafaza Africa for Importing Vehicles and Accessories,620840.0,private,1,According to Country of Origin - Private Sector
2025-10-31,1615,"Tibesti for Importing Electrical and Non-Electrical Devices, Spare Parts, and Electronics",618757.0,private,1,According to Country of Origin - Private Sector
2025-10-31,1616,Qartaj Alalamiya for Importing Foodstuffs,617335.0,private,1,According to Country of Origin - Private Sector
2025-10-31,1617,"Matla Alfajr for Importing Medicines, Medical Supplies, and Mother & Child Equipment",617331.0,private,1,According to Country of Origin - Private Sector
2025-10-31,1618,Droub Alforat for Food Industries,616997.0,private,1,According to Country of Origin - Private Sector
2025-10-31,1619,"Majmet Alyaqout for Importing Electrical and Non-Electrical Devices, Spare Parts, and Electronics",616290.0,private,1,According to Country of Origin - Private Sector
2025-10-31,1620,Bab Africa Aljadeeda for Food Industries,614503.0,private,1,According to Country of Origin - Private Sector
2025-10-31,1621,Altqan for Manufacturing Aluminum and PVC,614398.0,private,1,According to Country of Origin - Private Sector
2025-10-31,1622,Almuqdam for Iron Industries,611950.0,private,1,According to Country of Origin - Private Sector
2025-10-31,1623,Albahira for Importing Cleaning Materials,611381.0,private,1,According to Country of Origin - Private Sector
2025-10-31,1624,Bir Ahkim for Importing Furniture and Home Furnishings,606166.0,private,1,According to Country of Origin - Private Sector
2025-10-31,1625,Riyadh Almadina for Importing Foodstuffs,605250.0,private,1,According to Country of Origin - Private Sector
2025-10-31,1626,Ben Faraj for Importing Tires and Limited Tables,604191.0,private,1,According to Country of Origin - Private Sector
2025-10-31,1627,Matin for Importing Mother & Child Supplies,602469.0,private,1,According to Country of Origin - Private Sector
2025-10-31,1628,Albayt Alfakher for Importing Electrical and Household Devices,600000.0,private,1,According to Country of Origin - Private Sector
2025-10-31,1629,Alnahda Factory for Manufacturing Clothing,599100.0,private,1,According to Country of Origin - Private Sector
2025-10-31,1630,Almansoura Libya for Food Industries,598734.0,private,1,According to Country of Origin - Private Sector
2025-10-31,1631,Alzamruda International for Importing Books and Stationery,598500.0,private,1,According to Country of Origin - Private Sector
2025-10-31,1632,"Haiti Alalamiya for Importing Medicines, Equipment, and Medical Supplies",598396.0,private,1,According to Country of Origin - Private Sector
2025-10-31,1633,"Alsaqi for Bottling and Packaging Water, Oils, Beverages, and All Foodstuffs",597322.0,private,1,According to Country of Origin - Private Sector
2025-10-31,1634,Daam Alshabaka for Importing Electrical Devices,597203.0,private,1,According to Country of Origin - Private Sector
2025-10-31,1635,Qasr Alttawfiq for Importing Building and Sanitary Materials and Accessories,595000.0,private,1,According to Country of Origin - Private Sector
2025-10-31,1636,Almustaqbal Factory for Manufacturing Gypsum and Decorations,594840.0,private,1,According to Country of Origin - Private Sector
2025-10-31,1637,Alittijah Alawwal for Importing Agricultural Supplies,593433.0,private,1,According to Country of Origin - Private Sector
2025-10-31,1638,Alasmaa for Importing Cleaning Materials,592688.0,private,1,According to Country of Origin - Private Sector
2025-10-31,1639,Alqudra for Importing Medicines and Veterinary Vaccines,592502.0,private,1,According to Country of Origin - Private Sector
2025-10-31,1640,"Abha Alghidha for Importing Foodstuffs, Fresh Fruits, Livestock, and Meat",590891.0,private,1,According to Country of Origin - Private Sector
2025-10-31,1641,Rimas Libya for Oil Services,590506.0,private,1,According to Country of Origin - Private Sector
2025-10-31,1642,Alsaraya Alhamra for Importing and Marble Pieces,589637.0,private,1,According to Country of Origin - Private Sector
2025-10-31,1643,Alnourain for Importing Foodstuffs,589094.0,private,1,According to Country of Origin - Private Sector
2025-10-31,1644,Karam Aldiyafa Libya for Food Industries and Sweets,586874.0,private,1,According to Country of Origin - Private Sector
2025-10-31,1645,Alimad Almodi for Information Technology and Communication Systems,586053.0,private,1,According to Country of Origin - Private Sector
2025-10-31,1646,Altaahadun for Importing Books and Stationery,586030.0,private,1,According to Country of Origin - Private Sector
2025-10-31,1647,Alqandoz Factory for Manufacturing Aluminum Mats,583461.0,private,1,According to Country of Origin - Private Sector
2025-10-31,1648,Almahasil Alghidha for Importing Foodstuffs,583233.0,private,1,According to Country of Origin - Private Sector
2025-10-31,1649,"Altafoq Alarabi for Importing Foodstuffs, Livestock, and Meat",582500.0,private,1,According to Country of Origin - Private Sector
2025-10-31,1650,Alandalus Home for Importing Furniture,580680.0,private,1,According to Country of Origin - Private Sector
2025-10-31,1651,Najm Albahar for Marine Transport (Limited Liability),580000.0,private,1,According to Country of Origin - Private Sector
2025-10-31,1652,Almanar for Food Industries,578657.0,private,1,According to Country of Origin - Private Sector
2025-10-31,1653,Alsuroor for Manufacturing PVC and Aluminum,577398.0,private,1,According to Country of Origin - Private Sector
2025-10-31,1654,Alsarayi Factory for Manufacturing Aluminum Doors and Windows,576933.0,private,1,According to Country of Origin - Private Sector
2025-10-31,1655,Alsafnat Alaslia for Importing Vehicles and Accessories,576125.0,private,1,According to Country of Origin - Private Sector
2025-10-31,1656,Jawad Alnaeem for Importing Foodstuffs,574328.0,private,1,According to Country of Origin - Private Sector
2025-10-31,1657,Alyaqout for Agricultural and Animal Production,573482.0,private,1,According to Country of Origin - Private Sector
2025-10-31,1658,Bayt Alizdihar for Manufacturing Furniture and Kitchens,573341.0,private,1,According to Country of Origin - Private Sector
2025-10-31,1659,"Altanmia Alhaditha for Manufacturing PVC Panels, Profiles, and Pipes",573125.0,private,1,According to Country of Origin - Private Sector
2025-10-31,1660,"Intaj Altabea for Importing Foodstuffs, Livestock, and Meat",570799.0,private,1,According to Country of Origin - Private Sector
2025-10-31,1661,Aljusoor for Importing Workshop and Factory Equipment,569404.0,private,1,According to Country of Origin - Private Sector
2025-10-31,1662,Almajmoua Alalamiya for Importing Medical Equipment,568632.0,private,1,According to Country of Origin - Private Sector
2025-10-31,1663,Altafoq Alzahir for Importing Vehicles and Accessories,566974.0,private,1,According to Country of Origin - Private Sector
2025-10-31,1664,Alqayrawan Aljadeed for Importing Furniture,565655.0,private,1,According to Country of Origin - Private Sector
2025-10-31,1665,"Aljaleed Alabyad for Refrigeration, Air Conditioning, and Elevators Services",564752.0,private,1,According to Country of Origin - Private Sector
2025-10-31,1666,Alarja for Importing Office and Home Furniture,562415.0,private,1,According to Country of Origin - Private Sector
2025-10-31,1667,Abyat Almutawassit for Importing Building and Sanitary Materials and Accessories,561447.0,private,1,According to Country of Origin - Private Sector
2025-10-31,1668,Soluq for Manufacturing Feed of All Types and Mills,560150.0,private,1,According to Country of Origin - Private Sector
2025-10-31,1669,"Aljwahra Allamia for Importing Cosmetics, Scrap, and Cleaning Materials",559827.0,private,1,According to Country of Origin - Private Sector
2025-10-31,1670,Ater Alsanawbar for Importing Cleaning Materials and Cosmetics,559765.0,private,1,According to Country of Origin - Private Sector
2025-10-31,1671,Aljazira Alkobra for Manufacturing Aluminum and Plastic Windows,557478.0,private,1,According to Country of Origin - Private Sector
2025-10-31,1672,Althahabiya for Glass Manufacturing,555450.0,private,1,According to Country of Origin - Private Sector
2025-10-31,1673,"Majmet Alfahd for Importing Foodstuffs, Meat, and Livestock",555362.0,private,1,According to Country of Origin - Private Sector
2025-10-31,1674,Alkhaleej Factory for Manufacturing Shoes,552299.0,private,1,According to Country of Origin - Private Sector
2025-10-31,1675,"Rimas Altebbiya for Importing Medical Equipment, Medicines, Medical Supplies, and Mother & Child Needs",552000.0,private,1,According to Country of Origin - Private Sector
2025-10-31,1676,Alam Zain for Food Industries,551020.0,private,1,According to Country of Origin - Private Sector
2025-10-31,1677,Bouzlot for Importing Furniture and Home Furnishings,549635.0,private,1,According to Country of Origin - Private Sector
2025-10-31,1678,Alriyan Alawali International for Importing Building Materials,549200.0,private,1,According to Country of Origin - Private Sector
2025-10-31,1679,Bayt Almadina for Importing Electrical and Non-Electrical Devices and Spare Parts,548003.0,private,1,According to Country of Origin - Private Sector
2025-10-31,1680,"Almazan for Importing Sulfur, Supplies, and Lighters",546400.0,private,1,According to Country of Origin - Private Sector
2025-10-31,1681,Taj Al’iffa for Importing Foodstuffs and Groceries,546000.0,private,1,According to Country of Origin - Private Sector
2025-10-31,1682,Noor Alittisalat for Importing Electronic and Electrical Devices and Accessories,545050.0,private,1,According to Country of Origin - Private Sector
2025-10-31,1683,"Majmet Almoda for Importing Cosmetics, Scrap, and Cleaning Materials",544086.0,private,1,According to Country of Origin - Private Sector
2025-10-31,1684,Altariq Almomahad for General Contracting and Real Estate Investment,539600.0,private,1,According to Country of Origin - Private Sector
2025-10-31,1685,Majmet Alsohary for Oil Services,538000.0,private,1,According to Country of Origin - Private Sector
2025-10-31,1686,Majmet Almanar Aljadeed for Importing Vehicles and Accessories,537729.0,private,1,According to Country of Origin - Private Sector
2025-10-31,1687,Almustaqbal Almodi for Electric Power,536560.0,private,1,According to Country of Origin - Private Sector
2025-10-31,1688,Waad Al’aemaar for Importing Building Materials,536500.0,private,1,According to Country of Origin - Private Sector
2025-10-31,1689,Allybya Almutakamelah for Oil Services,536500.0,private,1,According to Country of Origin - Private Sector
2025-10-31,1690,Alzan Almutakhasisa for Wood Industries,535234.0,private,1,According to Country of Origin - Private Sector
2025-10-31,1691,"Almatoun for Importing Electrical, Electronic, Household, and Home Appliances and Accessories",534215.0,private,1,According to Country of Origin - Private Sector
2025-10-31,1692,Madineti Aldhahabiya for Manufacturing Aluminum and PVC,533475.0,private,1,According to Country of Origin - Private Sector
2025-10-31,1693,Alhimmam Al’alia for Iron Industries LLC,529550.0,private,1,According to Country of Origin - Private Sector
2025-10-31,1694,Alfath Aldhahabiya for Electrical Industries,529016.0,private,1,According to Country of Origin - Private Sector
2025-10-31,1695,Almajd for Importing Electrical and Non-Electrical Devices and Spare Parts,528307.0,private,1,According to Country of Origin - Private Sector
2025-10-31,1696,"Atayaf for Media, Printing, and Publishing",527171.0,private,1,According to Country of Origin - Private Sector
2025-10-31,1697,"Alrashid Almudi for Importing Clothing, Textiles, and Leather Products",525240.0,private,1,According to Country of Origin - Private Sector
2025-10-31,1698,Alimtiaaz Alakhir for Importing Foodstuffs,522076.0,private,1,According to Country of Origin - Private Sector
2025-10-31,1699,Nebras Albinaa Alhadith for Importing Building and Sanitary Materials and Accessories,521473.0,private,1,According to Country of Origin - Private Sector
2025-10-31,1700,Alnujum Allybya for Importing Foodstuffs,520456.0,private,1,According to Country of Origin - Private Sector
2025-10-31,1701,Mutawassit Alqara for Importing Building and Sanitary Materials,518400.0,private,1,According to Country of Origin - Private Sector
2025-10-31,1702,Alseh Allamia for Importing Building and Sanitary Materials,517941.0,private,1,According to Country of Origin - Private Sector
2025-10-31,1703,"Dana International for Importing Medical Drugs, Medical Equipment, and Mother & Child Supplies",515071.0,private,1,According to Country of Origin - Private Sector
2025-10-31,1704,Sanouf Alnakhat for Food and Beverage Industries (Joint Stock),513780.0,private,1,According to Country of Origin - Private Sector
2025-10-31,1705,Almaham for Importing Foodstuffs,512409.0,private,1,According to Country of Origin - Private Sector
2025-10-31,1706,"Atour Alwadi for Importing Foodstuffs, Livestock, and Meat",511014.0,private,1,According to Country of Origin - Private Sector
2025-10-31,1707,Alalamiya Alhaditha for Importing Medicines and Medical Equipment,510091.0,private,1,According to Country of Origin - Private Sector
2025-10-31,1708,Aqar for Importing Foodstuffs,509792.0,private,1,According to Country of Origin - Private Sector
2025-10-31,1709,Aldelta for Manufacturing Cleaning Materials,508759.0,private,1,According to Country of Origin - Private Sector
2025-10-31,1710,Ayar for Electromechanical Works,508454.0,private,1,According to Country of Origin - Private Sector
2025-10-31,1711,"Arzaq Almutawassit for Importing Foodstuffs, Livestock, and Meat",508136.0,private,1,According to Country of Origin - Private Sector
2025-10-31,1712,"Majmet Aldafniya for Importing Heavy Machinery, Equipment, Supplies, and Spare Parts",507870.0,private,1,According to Country of Origin - Private Sector
2025-10-31,1713,Khat Alahlam for Importing Foodstuffs,506225.0,private,1,According to Country of Origin - Private Sector
2025-10-31,1714,Tayb Alanfas for Perfume Manufacturing,504550.0,private,1,According to Country of Origin - Private Sector
2025-10-31,1715,Alartqa Almotajaddid for Importing Building and Sanitary Materials and Accessories,503984.0,private,1,According to Country of Origin - Private Sector
2025-10-31,1716,Rabyana Almutahida for Importing Personal Care and Cleaning Supplies,502280.0,private,1,According to Country of Origin - Private Sector
2025-10-31,1717,"Obour Altaqadam for Importing Mobile Phones, Accessories, and Electronics",500000.0,private,1,According to Country of Origin - Private Sector
2025-10-31,1718,Alzanbqa Allybya for Importing Watches and Eyewear,500000.0,private,1,According to Country of Origin - Private Sector
2025-10-31,1719,Alakid Alakid for Medical Services,500000.0,private,1,According to Country of Origin - Private Sector
2025-10-31,1720,"Hilal Alqamar for Importing Electronic, Electrical, and Non-Electrical Devices and Spare Parts",499420.0,private,1,According to Country of Origin - Private Sector
2025-10-31,1721,Alqarya Almutahida for Manufacturing and Packaging Foodstuffs,499321.0,private,1,According to Country of Origin - Private Sector
2025-10-31,1722,Alistibraq Aldhahabi for Importing Raw Materials,499151.0,private,1,According to Country of Origin - Private Sector
2025-10-31,1723,Manarat Altaqadam Alawali for Manufacturing Animal Feed and Fertilizer,498990.0,private,1,According to Country of Origin - Private Sector
2025-10-31,1724,Najmat Alfursan for Importing Foodstuffs,498750.0,private,1,According to Country of Origin - Private Sector
2025-10-31,1725,Bareeq Aldawaa for Importing Medicines and Medical Equipment,497683.0,private,1,According to Country of Origin - Private Sector
2025-10-31,1726,Libya Baytna for Importing Building and Sanitary Materials and Accessories,497236.0,private,1,According to Country of Origin - Private Sector
2025-10-31,1727,Alheikal Alhadith International for Importing Modern Car Body Spare Parts,496768.0,private,1,According to Country of Origin - Private Sector
2025-10-31,1728,Sabrian Alwadi for Importing Clothing and Shoes,496032.0,private,1,According to Country of Origin - Private Sector
2025-10-31,1729,Balahaj Alalamiya for Manufacturing Radiators,495649.0,private,1,According to Country of Origin - Private Sector
2025-10-31,1730,Tamtom for Importing Electrical and Household Devices,494600.0,private,1,According to Country of Origin - Private Sector
2025-10-31,1731,Alrifaq Aljadid for Importing Vehicles and Accessories,494000.0,private,1,According to Country of Origin - Private Sector
2025-10-31,1732,Almaw’id Aljadeed for Manufacturing Cleaning Materials,493580.0,private,1,According to Country of Origin - Private Sector
2025-10-31,1733,Alsandan for Importing Furniture,492568.0,private,1,According to Country of Origin - Private Sector
2025-10-31,1734,Altaqaddom Almustadam for Manufacturing Mattresses and Foam,491000.0,private,1,According to Country of Origin - Private Sector
2025-10-31,1735,"Safwat Alan’am for Importing Foodstuffs, Livestock, and Meat",490769.0,private,1,According to Country of Origin - Private Sector
2025-10-31,1736,Sama Libya Aljadeeda for Importing Foodstuffs and Fresh Fruits,490140.0,private,1,According to Country of Origin - Private Sector
2025-10-31,1737,Eethran International for Importing Foodstuffs,490002.0,private,1,According to Country of Origin - Private Sector
2025-10-31,1738,Amwaj Altaif for Importing Electronic and Electrical Devices,489570.0,private,1,According to Country of Origin - Private Sector
2025-10-31,1739,Majmet Alawwal for Manufacturing Home Furniture,489288.0,private,1,According to Country of Origin - Private Sector
2025-10-31,1740,Alsadara Aljadeeda for Importing Foodstuffs and Fresh Fruits,489288.0,private,1,According to Country of Origin - Private Sector
2025-10-31,1741,Alhulool Aldaqeqa for Information Technology,488215.0,private,1,According to Country of Origin - Private Sector
2025-10-31,1742,Aldabbous Factory for Paper Industries,488149.0,private,1,According to Country of Origin - Private Sector
2025-10-31,1743,Sidal Factory for Manufacturing Food Packaging Supplies,487815.0,private,1,According to Country of Origin - Private Sector
2025-10-31,1744,Alakil for Importing Foodstuffs,486098.0,private,1,According to Country of Origin - Private Sector
2025-10-31,1745,"Aman Alghad for Importing Foodstuffs, Livestock, and Meat",484717.0,private,1,According to Country of Origin - Private Sector
2025-10-31,1746,"Delta International for Importing Clothing, Textiles, and Leather Products",483851.0,private,1,According to Country of Origin - Private Sector
2025-10-31,1747,Al’osami Factory for Manufacturing Paint,483618.0,private,1,According to Country of Origin - Private Sector
2025-10-31,1748,Teka for Manufacturing Building Materials,483091.0,private,1,According to Country of Origin - Private Sector
2025-10-31,1749,Alyasmin Aliqleemiya for Importing Foodstuffs,481920.0,private,1,According to Country of Origin - Private Sector
2025-10-31,1750,Amkanat International for Manufacturing Asphalt and Insulation Materials,478210.0,private,1,According to Country of Origin - Private Sector
2025-10-31,1751,Altaj Allybi for Importing Foodstuffs,477485.0,private,1,According to Country of Origin - Private Sector
2025-10-31,1752,Almuttahida for Plastic Industries,476415.0,private,1,According to Country of Origin - Private Sector
2025-10-31,1753,Adrar Akakus for Importing Heavy Machinery and Equipment (LLC),474987.0,private,1,According to Country of Origin - Private Sector
2025-10-31,1754,"Alwadi Alda’im for Manufacturing Aluminum, PVC, and Accessories",473181.0,private,1,According to Country of Origin - Private Sector
2025-10-31,1755,"Almalak Aljadeed for Importing Foodstuffs, Fresh Fruits, Vegetables, Livestock, and Meat",471300.0,private,1,According to Country of Origin - Private Sector
2025-10-31,1756,Nala for Importing Foodstuffs,470642.0,private,1,According to Country of Origin - Private Sector
2025-10-31,1757,Itar Aldarb for Importing Vehicles and Accessories,470577.0,private,1,According to Country of Origin - Private Sector
2025-10-31,1758,Almutawakkil for Manufacturing Aluminum and PVC Doors and Windows,469103.0,private,1,According to Country of Origin - Private Sector
2025-10-31,1759,Alafaq for Importing Office Tools and Equipment,467700.0,private,1,According to Country of Origin - Private Sector
2025-10-31,1760,Sana Albarq for Importing Electric Generators and Spare Parts,467000.0,private,1,According to Country of Origin - Private Sector
2025-10-31,1761,Alarabia for Importing Building and Sanitary Materials and Accessories,466885.0,private,1,According to Country of Origin - Private Sector
2025-10-31,1762,Thimar Tripoli for Importing Foodstuffs,466250.0,private,1,According to Country of Origin - Private Sector
2025-10-31,1763,Alajniha Almutaliqa for Importing Electrical Devices,465718.0,private,1,According to Country of Origin - Private Sector
2025-10-31,1764,Aba for Food Industries,465304.0,private,1,According to Country of Origin - Private Sector
2025-10-31,1765,Albariq for Importing Building Materials,465072.0,private,1,According to Country of Origin - Private Sector
2025-10-31,1766,A’anab for Importing Foodstuffs,463548.0,private,1,According to Country of Origin - Private Sector
2025-10-31,1767,Alkanar for Importing Vehicles and Accessories,462373.0,private,1,According to Country of Origin - Private Sector
2025-10-31,1768,"Afnan Aljadeeda for Importing Foodstuffs, Livestock, and Meat",461392.0,private,1,According to Country of Origin - Private Sector
2025-10-31,1769,Alaman for Dairy Products and Derivatives,459673.0,private,1,According to Country of Origin - Private Sector
2025-10-31,1770,Jisr Africa for Importing Agricultural Equipment and Supplies,456308.0,private,1,According to Country of Origin - Private Sector
2025-10-31,1771,"Janat Aljadeeda for Importing Foodstuffs, Livestock, and Meat",456288.0,private,1,According to Country of Origin - Private Sector
2025-10-31,1772,Beirut for Importing Vehicles and Spare Parts,455096.0,private,1,According to Country of Origin - Private Sector
2025-10-31,1773,Ras Altouba for General Contracting and Real Estate Investment,455000.0,private,1,According to Country of Origin - Private Sector
2025-10-31,1774,Majmet Almutawaset International for General Contracting and Real Estate Investment,454800.0,private,1,According to Country of Origin - Private Sector
2025-10-31,1775,Majmet Alhaes for Importing Books and Stationery,452064.0,private,1,According to Country of Origin - Private Sector
2025-10-31,1776,Eethar Almadina for Manufacturing Cleaning Materials and Accessories,451396.0,private,1,According to Country of Origin - Private Sector
2025-10-31,1777,Almaw’id Aljadeed for Importing Foodstuffs,451247.0,private,1,According to Country of Origin - Private Sector
2025-10-31,1778,Marasi Libya for Importing and Distributing Foodstuffs,450000.0,private,1,According to Country of Origin - Private Sector
2025-10-31,1779,"Atour Alwadi for Importing Medical Equipment, Medicines, and Mother & Child Supplies",449782.0,private,1,According to Country of Origin - Private Sector
2025-10-31,1780,Aldaqa Alsihhiya for Importing Orthopedic Equipment and Medical Supplies,447727.0,private,1,According to Country of Origin - Private Sector
2025-10-31,1781,Allybya Alhurra for Medical Services,447081.0,private,1,According to Country of Origin - Private Sector
2025-10-31,1782,"Nuzum Libya for Telecom, IT, Programming, and Consultancy Services (LLC)",446680.0,private,1,According to Country of Origin - Private Sector
2025-10-31,1783,Albaydan for Importing Vehicles and Tires,444734.0,private,1,According to Country of Origin - Private Sector
2025-10-31,1784,Alamal Alzaher for Food Packaging,443300.0,private,1,According to Country of Origin - Private Sector
2025-10-31,1785,Almutakhasis Factory for Manufacturing Aluminum Doors and Windows,443004.0,private,1,According to Country of Origin - Private Sector
2025-10-31,1786,Alfursan International for Importing Factory and Workshop Equipment and Supplies,442231.0,private,1,According to Country of Origin - Private Sector
2025-10-31,1787,"Majmet Matla Alfajr for Importing Electrical and Non-Electrical Devices, Spare Parts, and Electronics",440683.0,private,1,According to Country of Origin - Private Sector
2025-10-31,1788,"Eilan for Importing Heavy Machinery, Equipment, Supplies, and Spare Parts",440300.0,private,1,According to Country of Origin - Private Sector
2025-10-31,1789,"Albalda Altayba for Importing Foodstuffs, Livestock, and Meat",440000.0,private,1,According to Country of Origin - Private Sector
2025-10-31,1790,"Alajwad Aldawaa for Importing Medicines, Medical Equipment, Supplies, and Laboratory Devices",436528.0,private,1,According to Country of Origin - Private Sector
2025-10-31,1791,Shate’ Alnakhil for Importing Household Items,435888.0,private,1,According to Country of Origin - Private Sector
2025-10-31,1792,Aldiwan for Importing Medicines and Medical Supplies,435141.0,private,1,According to Country of Origin - Private Sector
2025-10-31,1793,Alwaha Pharma for Importing Medicines and Mother & Child Supplies,435050.0,private,1,According to Country of Origin - Private Sector
2025-10-31,1794,Alkaram for Importing Cleaning Materials,434244.0,private,1,According to Country of Origin - Private Sector
2025-10-31,1795,Nooram Alalamiya for Importing Cleaning Materials,433330.0,private,1,According to Country of Origin - Private Sector
2025-10-31,1796,"Asas Alalamiya for Importing Cosmetics, Scrap, and Cleaning Materials",431133.0,private,1,According to Country of Origin - Private Sector
2025-10-31,1797,Tatweer Libya for Importing Building and Sanitary Materials and Accessories,428766.0,private,1,According to Country of Origin - Private Sector
2025-10-31,1798,Shababeek Al’asima for Importing Foodstuffs,428169.0,private,1,According to Country of Origin - Private Sector
2025-10-31,1799,"Bayt Alsalam Alhadith for Importing Electrical, Electronic, and Household Devices",428156.0,private,1,According to Country of Origin - Private Sector
2025-10-31,1800,Alarab Altebbiya for Importing Medicines and Medical Equipment,427386.0,private,1,According to Country of Origin - Private Sector
2025-10-31,1801,Lamat Alakhwa for Importing Foodstuffs,427142.0,private,1,According to Country of Origin - Private Sector
2025-10-31,1802,Alkhat Aldhahabi for Manufacturing Plastic Pipes and Accessories,426400.0,private,1,According to Country of Origin - Private Sector
2025-10-31,1803,Knoz Libya for Importing Cleaning Materials,425979.0,private,1,According to Country of Origin - Private Sector
2025-10-31,1804,SR for Maintenance and Environmental Solutions,425234.0,private,1,According to Country of Origin - Private Sector
2025-10-31,1805,Kalbes Libya for Importing Books and Stationery,424704.0,private,1,According to Country of Origin - Private Sector
2025-10-31,1806,"Alrawi for Importing Agricultural Machinery, Tools, and Spare Parts",424105.0,private,1,According to Country of Origin - Private Sector
2025-10-31,1807,"Alisra Alhaditha for Importing Foodstuffs, Livestock, and Meat",422596.0,private,1,According to Country of Origin - Private Sector
2025-10-31,1808,Altali’a Albahira for Importing Building and Sanitary Materials and Accessories,420312.0,private,1,According to Country of Origin - Private Sector
2025-10-31,1809,Alyamama for Information Technology and Telecommunications,419994.0,private,1,According to Country of Origin - Private Sector
2025-10-31,1810,"Baraem Alalam for Importing Cosmetics, Scrap, and Cleaning Materials",419870.0,private,1,According to Country of Origin - Private Sector
2025-10-31,1811,"Strin for Importing Electrical and Non-Electrical Devices, Spare Parts, and Electronics",419067.0,private,1,According to Country of Origin - Private Sector
2025-10-31,1812,"Alnasiya Albayda for Importing Medicines, Veterinary Supplies, and Pesticides",419026.0,private,1,According to Country of Origin - Private Sector
2025-10-31,1813,Almiran for Importing Furniture,417910.0,private,1,According to Country of Origin - Private Sector
2025-10-31,1814,"Yashfin for Importing Medical Equipment, Medicines, Medical Supplies, and Mother & Child Needs",417081.0,private,1,According to Country of Origin - Private Sector
2025-10-31,1815,Sana for Manufacturing Wooden and Metal Furniture of All Types,414631.0,private,1,According to Country of Origin - Private Sector
2025-10-31,1816,"Jibal Kordofan for Importing Foodstuffs, Livestock, and Meat",414100.0,private,1,According to Country of Origin - Private Sector
2025-10-31,1817,"Alshuraka for Importing Electrical and Non-Electrical Devices, Spare Parts, and Electronics",413160.0,private,1,According to Country of Origin - Private Sector
2025-10-31,1818,Aljwahra Allybya Allamia for Importing Building and Sanitary Materials and Accessories,411523.0,private,1,According to Country of Origin - Private Sector
2025-10-31,1819,"Waheeba & Partners for Importing Foodstuffs, Livestock, and Meat",411132.0,private,1,According to Country of Origin - Private Sector
2025-10-31,1820,"Rawa’e Albayt for Importing Clothing, Textiles, and Leather Products",409708.0,private,1,According to Country of Origin - Private Sector
2025-10-31,1821,Alkhalil International for Iron Industries,409385.0,private,1,According to Country of Origin - Private Sector
2025-10-31,1822,"Jood Alghidha International for Importing Foodstuffs, Livestock, and Meat",408753.0,private,1,According to Country of Origin - Private Sector
2025-10-31,1823,"Allybya Al’asriya for Importing Medicines, Medical Equipment, Supplies, and Mother & Child Needs",408688.0,private,1,According to Country of Origin - Private Sector
2025-10-31,1824,Dar Alkhamas for Manufacturing and Printing Packaging Materials and Paper Products,407658.0,private,1,According to Country of Origin - Private Sector
2025-10-31,1825,"Ashada for Importing Clothing, Textiles, and Shoes (LLC)",407629.0,private,1,According to Country of Origin - Private Sector
2025-10-31,1826,Alrukn Aljadeed for Importing Building and Sanitary Materials,406740.0,private,1,According to Country of Origin - Private Sector
2025-10-31,1827,Almutahida for Manufacturing Paper Cups,406688.0,private,1,According to Country of Origin - Private Sector
2025-10-31,1828,Aldiyafa Allybya for Manufacturing Foodstuffs and Beverages,406425.0,private,1,According to Country of Origin - Private Sector
2025-10-31,1829,Alwajha Alalamiya for Importing Electronics,400296.0,private,1,According to Country of Origin - Private Sector
2025-10-31,1830,Allybya Almutahida for Importing Medical Equipment,400237.0,private,1,According to Country of Origin - Private Sector
2025-10-31,1831,Almashriq Alalamiya for Confectionery and Juice Industries,399887.0,private,1,According to Country of Origin - Private Sector
2025-10-31,1832,"Philadelphia Almutahida for Importing Foodstuffs, Livestock, and Fruits",397743.0,private,1,According to Country of Origin - Private Sector
2025-10-31,1833,Binaa Alghad for Importing Building and Sanitary Materials and Accessories,397542.0,private,1,According to Country of Origin - Private Sector
2025-10-31,1834,Shamal Africa Alalamiya for Importing Electrical and Non-Electrical Devices and Spare Parts,396638.0,private,1,According to Country of Origin - Private Sector
2025-10-31,1835,Alfa for Importing Stationery and Office Supplies,394992.0,private,1,According to Country of Origin - Private Sector
2025-10-31,1836,"Aljood Alalamiya Alhaditha for Importing Foodstuffs, Livestock, and Meat",394820.0,private,1,According to Country of Origin - Private Sector
2025-10-31,1837,"Alarjun for Importing Foodstuffs, Livestock, and Meat",394063.0,private,1,According to Country of Origin - Private Sector
2025-10-31,1838,"Alniyazk Aldhahabiya for Importing Foodstuffs, Livestock, Meat, and Fresh Fruits",394063.0,private,1,According to Country of Origin - Private Sector
2025-10-31,1839,"Rukab Alfalk for Importing Foodstuffs, Livestock, and Meat",392712.0,private,1,According to Country of Origin - Private Sector
2025-10-31,1840,"Alshamela Alawla for Importing Medical Equipment, Medicines, and Mother & Child Supplies",392218.0,private,1,According to Country of Origin - Private Sector
2025-10-31,1841,Naseem International for Importing Foodstuffs,391230.0,private,1,According to Country of Origin - Private Sector
2025-10-31,1842,Sarh Misrata for Importing Vehicles and Accessories,388800.0,private,1,According to Country of Origin - Private Sector
2025-10-31,1843,Alkahrman Almunir for Importing Electrical and Non-Electrical Devices and Spare Parts,387655.0,private,1,According to Country of Origin - Private Sector
2025-10-31,1844,Alentimaa Alhadari for Importing Building and Sanitary Materials and Accessories,387640.0,private,1,According to Country of Origin - Private Sector
2025-10-31,1845,Jibal Tibesti for Marble Manufacturing,387115.0,private,1,According to Country of Origin - Private Sector
2025-10-31,1846,"Sehtak Aldawaa for Importing Medical Equipment, Medicines, Medical Supplies, and Mother & Child Needs",386796.0,private,1,According to Country of Origin - Private Sector
2025-10-31,1847,Almajmoua Alfania Alhaditha for Programming and Maintenance of Control Rooms and Machinery (LLC),386680.0,private,1,According to Country of Origin - Private Sector
2025-10-31,1848,Alsanea Alra’e for Importing Workshop and Factory Equipment,386280.0,private,1,According to Country of Origin - Private Sector
2025-10-31,1849,"Dhahab Owzer for Importing Foodstuffs, Livestock, and Meat",385910.0,private,1,According to Country of Origin - Private Sector
2025-10-31,1850,Khubara Altekniya for Importing Communication and Computer Devices,385615.0,private,1,According to Country of Origin - Private Sector
2025-10-31,1851,Aljeel Alqadem for Importing Medicines and Medical Equipment,385439.0,private,1,According to Country of Origin - Private Sector
2025-10-31,1852,"Bir Hazwa for Importing Foodstuffs, Livestock, and Meat",385000.0,private,1,According to Country of Origin - Private Sector
2025-10-31,1853,"Altisami for Importing Medicines, Equipment, Medical Supplies, and Mother & Child Needs",383956.0,private,1,According to Country of Origin - Private Sector
2025-10-31,1854,Almothallath for Electrical Industries,383921.0,private,1,According to Country of Origin - Private Sector
2025-10-31,1855,"Albaraq International for Importing Vehicles, Oils, and Accessories",382555.0,private,1,According to Country of Origin - Private Sector
2025-10-31,1856,Althaqeel International for Importing Vehicles and Accessories,380251.0,private,1,According to Country of Origin - Private Sector
2025-10-31,1857,Alayaf Alalamiya for Importing Electrical and Non-Electrical Devices,380013.0,private,1,According to Country of Origin - Private Sector
2025-10-31,1858,Alfawaris for Importing Cars and Spare Parts,379040.0,private,1,According to Country of Origin - Private Sector
2025-10-31,1859,"Alsunwan Aljadeed for Importing Foodstuffs, Livestock, and Meat",378835.0,private,1,According to Country of Origin - Private Sector
2025-10-31,1860,Na’eem Biladi for Importing Foodstuffs,378677.0,private,1,According to Country of Origin - Private Sector
2025-10-31,1861,Alalamiya Factory for Marble,376219.0,private,1,According to Country of Origin - Private Sector
2025-10-31,1862,Tirabet Alalamia for Wood Industries,375603.0,private,1,According to Country of Origin - Private Sector
2025-10-31,1863,Marmer Libya for Importing Foodstuffs,374100.0,private,1,According to Country of Origin - Private Sector
2025-10-31,1864,Alhulool Altebbiya for Importing and Installing Medical Equipment and Laboratories,373576.0,private,1,According to Country of Origin - Private Sector
2025-10-31,1865,Albahira for Importing Foodstuffs,372846.0,private,1,According to Country of Origin - Private Sector
2025-10-31,1866,Altabea Alsaafiya for Food Industries,372500.0,private,1,According to Country of Origin - Private Sector
2025-10-31,1867,Alkhmasiyat Factory for Manufacturing Plastic Bags,372240.0,private,1,According to Country of Origin - Private Sector
2025-10-31,1868,"Kelda for Importing Medicines, Medical Equipment, and Mother & Child Supplies",371166.0,private,1,According to Country of Origin - Private Sector
2025-10-31,1869,Almajmae Alistithmari for Manufacturing Building Materials,371122.0,private,1,According to Country of Origin - Private Sector
2025-10-31,1870,Balahaj International Factory for Manufacturing Car Radiators,370225.0,private,1,According to Country of Origin - Private Sector
2025-10-31,1871,Abr Almuheetat for General Contracting and Real Estate Investment,370185.0,private,1,According to Country of Origin - Private Sector
2025-10-31,1872,Alhadaf for Paper Industries,368925.0,private,1,According to Country of Origin - Private Sector
2025-10-31,1873,"Alazm for Importing Equipment, Medicines, Medical Preparations, and Mother Supplies",368314.0,private,1,According to Country of Origin - Private Sector
2025-10-31,1874,"Alnoor Aljadida for Importing Foodstuffs, Livestock, and Meat",368205.0,private,1,According to Country of Origin - Private Sector
2025-10-31,1875,Aljawdah Allibiya for Food Industries,368040.0,private,1,According to Country of Origin - Private Sector
2025-10-31,1876,Alalama Alriyadiya for Importing Sports Supplies,366414.0,private,1,According to Country of Origin - Private Sector
2025-10-31,1877,Alittihad Alarabi Factory for Manufacturing Aluminum Doors and Windows,365400.0,private,1,According to Country of Origin - Private Sector
2025-10-31,1878,Ayan for Importing Clothing and Sports Shoes,365318.0,private,1,According to Country of Origin - Private Sector
2025-10-31,1879,Safeenat Alghitha for Importing Foodstuffs,364800.0,private,1,According to Country of Origin - Private Sector
2025-10-31,1880,"Aldiffah Alareqa for Importing Clothing, Textiles, and Leather Products",363936.0,private,1,According to Country of Origin - Private Sector
2025-10-31,1881,Aseel Alkhair for Importing Foodstuffs,362250.0,private,1,According to Country of Origin - Private Sector
2025-10-31,1882,"Sallat Alghitha Almutamayyiz for Importing Food, Fruits, Livestock, and Meat",361800.0,private,1,According to Country of Origin - Private Sector
2025-10-31,1883,Mersit for Importing Foodstuffs,361746.0,private,1,According to Country of Origin - Private Sector
2025-10-31,1884,"Alzee Alwatani for Importing Foodstuffs, Livestock, and Meat",361067.0,private,1,According to Country of Origin - Private Sector
2025-10-31,1885,Jabal Nafusa for Importing Medical and Industrial Gases,360490.0,private,1,According to Country of Origin - Private Sector
2025-10-31,1886,Alsabah Alkhadra for Importing Agricultural Supplies and Machinery,360000.0,private,1,According to Country of Origin - Private Sector
2025-10-31,1887,Alomq for Oil Services,359065.0,private,1,According to Country of Origin - Private Sector
2025-10-31,1888,"Candy for Importing Food, Livestock, and Meat",357370.0,private,1,According to Country of Origin - Private Sector
2025-10-31,1889,Aljohara Altijariya Aljadida for Importing Foodstuffs,357307.0,private,1,According to Country of Origin - Private Sector
2025-10-31,1890,Tair Alsalam for Importing Agricultural Machinery and Veterinary Serums,356252.0,private,1,According to Country of Origin - Private Sector
2025-10-31,1891,Alimtiaz Aldaem for Manufacturing Foam,355924.0,private,1,According to Country of Origin - Private Sector
2025-10-31,1892,Alnamaa Factory for Engineering Industries,355240.0,private,1,According to Country of Origin - Private Sector
2025-10-31,1893,Alsalaala for Importing Agricultural Machinery and Spare Parts,355030.0,private,1,According to Country of Origin - Private Sector
2025-10-31,1894,Akakus Aljanoub for Importing Electronic Devices,355025.0,private,1,According to Country of Origin - Private Sector
2025-10-31,1895,Alhulool Althakiya for Smart Buildings and Technical Works,354800.0,private,1,According to Country of Origin - Private Sector
2025-10-31,1896,Aljaraba for Importing Cleaning Supplies and Beauty Materials,352921.0,private,1,According to Country of Origin - Private Sector
2025-10-31,1897,Alhadi for Manufacturing Plastic Bags (LLC),352104.0,private,1,According to Country of Origin - Private Sector
2025-10-31,1898,Lamsa for Food Industries,352000.0,private,1,According to Country of Origin - Private Sector
2025-10-31,1899,"Babel Alkhair for Importing Food, Fruits, and Meat",351000.0,private,1,According to Country of Origin - Private Sector
2025-10-31,1900,Alidhaa Allibiya for Importing Electrical and Household Materials,350986.0,private,1,According to Country of Origin - Private Sector
2025-10-31,1901,Bin Suleiman for Importing Carpets and Furnishings,349062.0,private,1,According to Country of Origin - Private Sector
2025-10-31,1902,"Ittihad Alazyaa for Importing Clothing, Leather Products, and Accessories",348725.0,private,1,According to Country of Origin - Private Sector
2025-10-31,1903,Bayn Alnahrain for Importing Foodstuffs,348056.0,private,1,According to Country of Origin - Private Sector
2025-10-31,1904,Alsaqiya for Importing Agricultural Machinery and Spare Parts,347126.0,private,1,According to Country of Origin - Private Sector
2025-10-31,1905,Abuhajar for Manufacturing Sweets and Pastries,346200.0,private,1,According to Country of Origin - Private Sector
2025-10-31,1906,Alhilal Alsinaei for Iron Industries,345974.0,private,1,According to Country of Origin - Private Sector
2025-10-31,1907,Makmedas for Manufacturing Building Materials,345800.0,private,1,According to Country of Origin - Private Sector
2025-10-31,1908,"Alsahn Alfadi Aldhahabiya for Importing Food, Livestock, and Meat",345621.0,private,1,According to Country of Origin - Private Sector
2025-10-31,1909,Shorouq Misrata for Manufacturing Metal Structures and Mobile Houses,345223.0,private,1,According to Country of Origin - Private Sector
2025-10-31,1910,Albayt Almaamour for Importing Electrical and Non-Electrical Devices and Spare Parts,345000.0,private,1,According to Country of Origin - Private Sector
2025-10-31,1911,Bab Alhoriya for Importing Workshop Equipment,342088.0,private,1,According to Country of Origin - Private Sector
2025-10-31,1912,"Royal for Importing Perfumes, Decoration Materials, and Cleaning Supplies",341724.0,private,1,According to Country of Origin - Private Sector
2025-10-31,1913,"Alghitha Allibi for Importing Food, Livestock, and Meat",341040.0,private,1,According to Country of Origin - Private Sector
2025-10-31,1914,"Sumatra for Importing Cleaning Supplies, Cosmetics, and Perfumes",340397.0,private,1,According to Country of Origin - Private Sector
2025-10-31,1915,Alyaqout Alazraq for Importing Building Materials and Sanitary Products,339457.0,private,1,According to Country of Origin - Private Sector
2025-10-31,1916,"Altryaq Aldawaa for Importing Medical Equipment, Medicines, and Mother & Child Supplies",339197.0,private,1,According to Country of Origin - Private Sector
2025-10-31,1917,Watan Almajd for Importing Mother & Child Supplies and Medical Products,339040.0,private,1,According to Country of Origin - Private Sector
2025-10-31,1918,Alnoor for Importing Foodstuffs,338250.0,private,1,According to Country of Origin - Private Sector
2025-10-31,1919,"Almarai Alawla for Importing Food, Livestock, and Meat",337747.0,private,1,According to Country of Origin - Private Sector
2025-10-31,1920,Alhadaf Group for Manufacturing and Packaging Building Materials (Part of Altdaman Group),337500.0,private,1,According to Country of Origin - Private Sector
2025-10-31,1921,Siraj Alamtal for Importing Vehicles and Spare Parts,336910.0,private,1,According to Country of Origin - Private Sector
2025-10-31,1922,Altabadil Alhurr for Importing Foodstuff LLC,335928.0,private,1,According to Country of Origin - Private Sector
2025-10-31,1923,"Disan International for Importing Food, Livestock, and Meat",335760.0,private,1,According to Country of Origin - Private Sector
2025-10-31,1924,Alsahm Almadee’ for Electrical and Electronic Industries and Accessories,335540.0,private,1,According to Country of Origin - Private Sector
2025-10-31,1925,Miar Benghazi for Importing Foodstuffs,334955.0,private,1,According to Country of Origin - Private Sector
2025-10-31,1926,Altaawun Aldaem Factory for Manufacturing Car Radiators,334708.0,private,1,According to Country of Origin - Private Sector
2025-10-31,1927,Almajd Factory for Manufacturing Plastic Bags,334560.0,private,1,According to Country of Origin - Private Sector
2025-10-31,1928,"Alwaleed for Importing Food, Livestock, and Meat",333070.0,private,1,According to Country of Origin - Private Sector
2025-10-31,1929,Jabal Nafusa for Importing Raw Materials,331933.0,private,1,According to Country of Origin - Private Sector
2025-10-31,1930,Dar Albunyan for Importing Decoration Materials and Building Supplies,331431.0,private,1,According to Country of Origin - Private Sector
2025-10-31,1931,Altadawul for Financial and Electronic Brokerage,331251.0,private,1,According to Country of Origin - Private Sector
2025-10-31,1932,Aryaf Almutawassit for Importing Auto Spare Parts,330888.0,private,1,According to Country of Origin - Private Sector
2025-10-31,1933,"Rakan Alkhair for Importing Food, Livestock, and Meat",330862.0,private,1,According to Country of Origin - Private Sector
2025-10-31,1934,Qataf Almasiya for Iron Industries,329866.0,private,1,According to Country of Origin - Private Sector
2025-10-31,1935,Aljadida for Importing Foodstuffs,329014.0,private,1,According to Country of Origin - Private Sector
2025-10-31,1936,Almutawakel for Manufacturing Plastic Materials,328900.0,private,1,According to Country of Origin - Private Sector
2025-10-31,1937,"Almutamayizun Almutahida for Importing Vehicles, Spare Parts, and Accessories",327420.0,private,1,According to Country of Origin - Private Sector
2025-10-31,1938,"Tariq Alharir Aljadid for Importing Clothing, Textiles, and Leather Products",327352.0,private,1,According to Country of Origin - Private Sector
2025-10-31,1939,Alataa for Manufacturing Cardboard and Plastic,324356.0,private,1,According to Country of Origin - Private Sector
2025-10-31,1940,Adwaa Bab Almadina for Importing Electrical and Non-Electrical Devices and Spare Parts,321843.0,private,1,According to Country of Origin - Private Sector
2025-10-31,1941,"Jawaher for Importing Building Materials, Ceramics, and Sanitary Supplies",321082.0,private,1,According to Country of Origin - Private Sector
2025-10-31,1942,Alraed for Importing Vehicles and Accessories (Part of Badr Holding Group),321081.0,private,1,According to Country of Origin - Private Sector
2025-10-31,1943,Itran for Importing Cars and Spare Parts,320614.0,private,1,According to Country of Origin - Private Sector
2025-10-31,1944,Alsawab Almunir for Importing Electrical and Non-Electrical Devices and Spare Parts,320597.0,private,1,According to Country of Origin - Private Sector
2025-10-31,1945,"Aljazira International for Importing Clothing, Textiles, and Leather Products",320400.0,private,1,According to Country of Origin - Private Sector
2025-10-31,1946,Alburj Alazraq for Importing Vehicles and Accessories,319048.0,private,1,According to Country of Origin - Private Sector
2025-10-31,1947,Aldawlia Alhaditha for Importing Various Vehicles,317357.0,private,1,According to Country of Origin - Private Sector
2025-10-31,1948,Alsahari Aljadida for Iron Industries,316943.0,private,1,According to Country of Origin - Private Sector
2025-10-31,1949,Almasira Alkubra for Importing Foodstuffs,316660.0,private,1,According to Country of Origin - Private Sector
2025-10-31,1950,Maden for Importing Electrical and Household Devices,315247.0,private,1,According to Country of Origin - Private Sector
2025-10-31,1951,"Alwasia for Importing Food, Meat, Poultry, and Frozen Products",314491.0,private,1,According to Country of Origin - Private Sector
2025-10-31,1952,"Zad Alaseel for Importing Food, Dairy, and Meat Products",314068.0,private,1,According to Country of Origin - Private Sector
2025-10-31,1953,Alawasel for Contracting and Real Estate Investment,313853.0,private,1,According to Country of Origin - Private Sector
2025-10-31,1954,Tameer Albenaa for Importing Building and Sanitary Materials,313848.0,private,1,According to Country of Origin - Private Sector
2025-10-31,1955,"Nada Tripoli for Importing Food, Livestock, and Meat",313257.0,private,1,According to Country of Origin - Private Sector
2025-10-31,1956,Ayadi Alruwad for Packaging Cleaning Products,311000.0,private,1,According to Country of Origin - Private Sector
2025-10-31,1957,Alshati for Information Systems,310741.0,private,1,According to Country of Origin - Private Sector
2025-10-31,1958,Altanmia for Importing Building Materials and Sanitary Products,310644.0,private,1,According to Country of Origin - Private Sector
2025-10-31,1959,Shajarat Aldikor for Importing Building and Sanitary Materials,310548.0,private,1,According to Country of Origin - Private Sector
2025-10-31,1960,Alisnad for Importing Vehicles and Accessories,309330.0,private,1,According to Country of Origin - Private Sector
2025-10-31,1961,Tatweer for Importing Agricultural Machinery and Spare Parts,309246.0,private,1,According to Country of Origin - Private Sector
2025-10-31,1962,Ittihad for Plastic Industries,308752.0,private,1,According to Country of Origin - Private Sector
2025-10-31,1963,"Anwar Misrata for Importing Food, Meat, and Livestock",308100.0,private,1,According to Country of Origin - Private Sector
2025-10-31,1964,Sama Alandalus for Importing Perfumes and Decoration Materials,307742.0,private,1,According to Country of Origin - Private Sector
2025-10-31,1965,Alghazala Factory for Paints and Putty,305103.0,private,1,According to Country of Origin - Private Sector
2025-10-31,1966,"Dunia Alsehha for Importing Medicines, Medical Preparations, and Mother & Child Supplies",304990.0,private,1,According to Country of Origin - Private Sector
2025-10-31,1967,Alsharq Aljadeed for Importing Electrical and Non-Electrical Devices,304217.0,private,1,According to Country of Origin - Private Sector
2025-10-31,1968,Altatweer for Importing Workshop and Factory Equipment,303936.0,private,1,According to Country of Origin - Private Sector
2025-10-31,1969,Alshahed Almumayaz for Importing Foodstuffs,302000.0,private,1,According to Country of Origin - Private Sector
2025-10-31,1970,Alsofrani Group for Manufacturing Doors and Home Furniture,301705.0,private,1,According to Country of Origin - Private Sector
2025-10-31,1971,Alittijahat for Mills and Animal Feed,301298.0,private,1,According to Country of Origin - Private Sector
2025-10-31,1972,Barqa for Importing Agricultural Supplies,300671.0,private,1,According to Country of Origin - Private Sector
2025-10-31,1973,"Africa Group for Importing Cars, Spare Parts, and Accessories",300092.0,private,1,According to Country of Origin - Private Sector
2025-10-31,1974,"Alkashr for Importing Clothing, Shoes, and Bags",300000.0,private,1,According to Country of Origin - Private Sector
2025-10-31,1975,Almahri Alsarie for Transportation,300000.0,private,1,According to Country of Origin - Private Sector
2025-10-31,1976,Naseem Alrayan for Importing Electrical and Electronic Devices,299934.0,private,1,According to Country of Origin - Private Sector
2025-10-31,1977,Alsafwa Aljadida for Importing Electronics and Accessories,299710.0,private,1,According to Country of Origin - Private Sector
2025-10-31,1978,Qimah Alhadaf for Telecommunications and IT,299700.0,private,1,According to Country of Origin - Private Sector
2025-10-31,1979,Aslanta for Importing Electronic Devices,299695.0,private,1,According to Country of Origin - Private Sector
2025-10-31,1980,"Albaraq Alawwal for Importing Generators, Electrical Devices, and Spare Parts",299489.0,private,1,According to Country of Origin - Private Sector
2025-10-31,1981,Almesan Alalamia for Importing Electrical and Electronic Devices,299400.0,private,1,According to Country of Origin - Private Sector
2025-10-31,1982,Sama Alriyadah for Importing Food and Fresh Fruits,299376.0,private,1,According to Country of Origin - Private Sector
2025-10-31,1983,Alnada for Manufacturing Dairy and Derivatives,298801.0,private,1,According to Country of Origin - Private Sector
2025-10-31,1984,Albaad Altasea for IT and Communications,298246.0,private,1,According to Country of Origin - Private Sector
2025-10-31,1985,Anwar Albatanan for Importing Building Materials,297500.0,private,1,According to Country of Origin - Private Sector
2025-10-31,1986,Alsanbala Almutahida Alawla for Importing Foodstuffs,297500.0,private,1,According to Country of Origin - Private Sector
2025-10-31,1987,Alduha Benghazi Factory for Manufacturing Aluminum,297104.0,private,1,According to Country of Origin - Private Sector
2025-10-31,1988,Granada Aljadida for Manufacturing Aluminum and PVC,296710.0,private,1,According to Country of Origin - Private Sector
2025-10-31,1989,Albasateen for Manufacturing Tomato Paste and Food Products,296550.0,private,1,According to Country of Origin - Private Sector
2025-10-31,1990,Almadi for Importing Household and Electrical Materials,295825.0,private,1,According to Country of Origin - Private Sector
2025-10-31,1991,Bolheya for Importing Stationery,294988.0,private,1,According to Country of Origin - Private Sector
2025-10-31,1992,"Aluboor Alteqni for Importing Electrical, Non-Electrical, and Electronic Devices and Accessories",294950.0,private,1,According to Country of Origin - Private Sector
2025-10-31,1993,Alnajma Alareqa for Importing Raw Materials,294580.0,private,1,According to Country of Origin - Private Sector
2025-10-31,1994,Jibal Alsafwa for Importing Building and Sanitary Materials,294003.0,private,1,According to Country of Origin - Private Sector
2025-10-31,1995,Alghosn Allin for Importing Agricultural Machinery and Spare Parts,293938.0,private,1,According to Country of Origin - Private Sector
2025-10-31,1996,Alriyan Alfakher for Importing Foodstuffs,293930.0,private,1,According to Country of Origin - Private Sector
2025-10-31,1997,"Alwaha for Importing Medicines, Medical Equipment, and Preparations",293518.0,private,1,According to Country of Origin - Private Sector
2025-10-31,1998,Dana Alibda for Importing Mother & Child Supplies,293250.0,private,1,According to Country of Origin - Private Sector
2025-10-31,1999,Alqawaed for Engineering Industries,293118.0,private,1,According to Country of Origin - Private Sector
2025-10-31,2000,Alalam Alqurtasiya for Importing Books and Stationery,293020.0,private,1,According to Country of Origin - Private Sector
2025-10-31,2001,Mashariq Libya Alawla for Importing Electrical and Non-Electrical Devices,292441.0,private,1,According to Country of Origin - Private Sector
2025-10-31,2002,"Alhayat Altibbi for Importing Medicines, Medical Supplies, and Mother & Child Equipment",292400.0,private,1,According to Country of Origin - Private Sector
2025-10-31,2003,Adwaa Alkhaleej for Importing Agricultural Supplies and Veterinary Medicines,291402.0,private,1,According to Country of Origin - Private Sector
2025-10-31,2004,Alfunoon Alhaditha for Importing Electrical and Electronic Devices,290004.0,private,1,According to Country of Origin - Private Sector
2025-10-31,2005,Tibesti International for Importing Electrical Materials and Spare Parts,289866.0,private,1,According to Country of Origin - Private Sector
2025-10-31,2006,Noor Libya Alhurra for Importing Books and Stationery,289800.0,private,1,According to Country of Origin - Private Sector
2025-10-31,2007,Noor Libya Alhurra for Importing Books and Stationery,289800.0,private,1,According to Country of Origin - Private Sector
2025-10-31,2008,Ghaut San Vaz for Food Industries,289475.0,private,1,According to Country of Origin - Private Sector
2025-10-31,2009,Shamal Libya for Importing Oil Equipment,288806.0,private,1,According to Country of Origin - Private Sector
2025-10-31,2010,"Aljadwa Alalamia for Importing Clothing, Textiles, and Leather Products",288329.0,private,1,According to Country of Origin - Private Sector
2025-10-31,2011,Abeer Alwatan for Manufacturing Building Materials,288250.0,private,1,According to Country of Origin - Private Sector
2025-10-31,2012,Alintilaqah Aljadida Factory for Metal Industries,287800.0,private,1,According to Country of Origin - Private Sector
2025-10-31,2013,Aljadeed Libya Alalamia for Importing Foodstuffs,287688.0,private,1,According to Country of Origin - Private Sector
2025-10-31,2014,Almajd for Manufacturing and Canning Food Products,287650.0,private,1,According to Country of Origin - Private Sector
2025-10-31,2015,"Zad Alalamia for Importing Food, Livestock, and Meat",286691.0,private,1,According to Country of Origin - Private Sector
2025-10-31,2016,Rokza for Importing Electrical and Non-Electrical Devices,286525.0,private,1,According to Country of Origin - Private Sector
2025-10-31,2017,Almoatamad Althani for Importing Electrical and Household Devices,285299.0,private,1,According to Country of Origin - Private Sector
2025-10-31,2018,Alshaheen for Importing Veterinary Medicines,285006.0,private,1,According to Country of Origin - Private Sector
2025-10-31,2019,"Alnajah Alduwaliya for Importing Electronic Devices, Phones, Spare Parts, and Accessories",285000.0,private,1,According to Country of Origin - Private Sector
2025-10-31,2020,Aldaleel Pharma for Importing Medicines and Medical Equipment,284506.0,private,1,According to Country of Origin - Private Sector
2025-10-31,2021,Sanwan for Electrical and Electromechanical Works,284250.0,private,1,According to Country of Origin - Private Sector
2025-10-31,2022,"Algroup Libya Alhaditha for Importing Electrical, Non-Electrical Devices, and Spare Parts",284030.0,private,1,According to Country of Origin - Private Sector
2025-10-31,2023,Alkhaleej Alhadith for Manufacturing Aluminum and PVC,282920.0,private,1,According to Country of Origin - Private Sector
2025-10-31,2024,Altafqia Libya for Importing Various Vehicles and Accessories,279470.0,private,1,According to Country of Origin - Private Sector
2025-10-31,2025,"Danub for Importing Medicines, Medical Preparations, and Mother & Child Supplies",278500.0,private,1,According to Country of Origin - Private Sector
2025-10-31,2026,Aris Pharma for Importing Medicines and Medical Equipment,278112.0,private,1,According to Country of Origin - Private Sector
2025-10-31,2027,"Royal United for Importing Electrical, Non-Electrical Devices, and Spare Parts",277977.0,private,1,According to Country of Origin - Private Sector
2025-10-31,2028,Aljahd Almathmer for Manufacturing PVC,277806.0,private,1,According to Country of Origin - Private Sector
2025-10-31,2029,Adwaa Akakus for Importing Food,277465.0,private,1,According to Country of Origin - Private Sector
2025-10-31,2030,"Alkawakib Alhaditha for Importing Food, Livestock, and Meat",276000.0,private,1,According to Country of Origin - Private Sector
2025-10-31,2031,Jam Factory for Manufacturing All Types of Food Containers,275798.0,private,1,According to Country of Origin - Private Sector
2025-10-31,2032,Cactus for Electronic Financial Services,275000.0,private,1,According to Country of Origin - Private Sector
2025-10-31,2033,Alhuqul Alkhadra for Importing Agricultural Machinery and Supplies,274875.0,private,1,According to Country of Origin - Private Sector
2025-10-31,2034,"Alosool Allibiya for Importing Agricultural Machinery, Fertilizers, and Pesticides",274733.0,private,1,According to Country of Origin - Private Sector
2025-10-31,2035,"Almorouj Alsamia for Importing Medicines, Medical Preparations, and Mother & Child Supplies",274674.0,private,1,According to Country of Origin - Private Sector
2025-10-31,2036,Alhodj Alali for Importing Medical Preparations and Mother & Child Supplies,274001.0,private,1,According to Country of Origin - Private Sector
2025-10-31,2037,Akakus Libya for Electromechanical Services,273145.0,private,1,According to Country of Origin - Private Sector
2025-10-31,2038,Ain Blas for Plastic Industries,272690.0,private,1,According to Country of Origin - Private Sector
2025-10-31,2039,"Talin for Manufacturing PVC, Aluminum, Stainless Steel, and Glass (LLC)",272255.0,private,1,According to Country of Origin - Private Sector
2025-10-31,2040,Ishadah International for Importing Toys and Sports & Entertainment Equipment,271223.0,private,1,According to Country of Origin - Private Sector
2025-10-31,2041,"Bodoor Albaraka for Importing Food, Livestock, and Meat",270733.0,private,1,According to Country of Origin - Private Sector
2025-10-31,2042,Alzahaa for Importing Food,270682.0,private,1,According to Country of Origin - Private Sector
2025-10-31,2043,Ghazala Alkhair for Importing Food,270157.0,private,1,According to Country of Origin - Private Sector
2025-10-31,2044,Burgo for Importing Livestock and Meat of All Types,270000.0,private,1,According to Country of Origin - Private Sector
2025-10-31,2045,Alfath for Importing Agricultural Supplies,269540.0,private,1,According to Country of Origin - Private Sector
2025-10-31,2046,Naeem Bladi for Importing Food,269314.0,private,1,According to Country of Origin - Private Sector
2025-10-31,2047,Alfanya Technical for Importing Medical Equipment,268250.0,private,1,According to Country of Origin - Private Sector
2025-10-31,2048,Alsarh Altibbi for Importing Medical Equipment and Supplies,267068.0,private,1,According to Country of Origin - Private Sector
2025-10-31,2049,Alburdi for Manufacturing Tissue and Sanitary Paper,265993.0,private,1,According to Country of Origin - Private Sector
2025-10-31,2050,Marth Group for Food Industries,264480.0,private,1,According to Country of Origin - Private Sector
2025-10-31,2051,Alrawasi Alkhadra for Importing Agricultural Supplies,264311.0,private,1,According to Country of Origin - Private Sector
2025-10-31,2052,"Misk Alghaba for Importing Food, Livestock",263078.0,private,1,According to Country of Origin - Private Sector
2025-10-31,2053,"Arghan for Importing Medicines, Medical Preparations, and Mother & Child Supplies",262844.0,private,1,According to Country of Origin - Private Sector
2025-10-31,2054,Alinara Albayda for Importing Electrical Devices and Spare Parts,262412.0,private,1,According to Country of Origin - Private Sector
2025-10-31,2055,"Noor Alsharq for Importing Food, Livestock, and Meat",261713.0,private,1,According to Country of Origin - Private Sector
2025-10-31,2056,Altofeeq Group for Investment and Tourism Services,259804.0,private,1,According to Country of Origin - Private Sector
2025-10-31,2057,Giga Communications and Technology LLC,259089.0,private,1,According to Country of Origin - Private Sector
2025-10-31,2058,Bayader Alneema for Food Industries,255450.0,private,1,According to Country of Origin - Private Sector
2025-10-31,2059,Qasr Almanara for Importing Furniture,255240.0,private,1,According to Country of Origin - Private Sector
2025-10-31,2060,Alnahda Factory for Manufacturing Prefab Houses,255000.0,private,1,According to Country of Origin - Private Sector
2025-10-31,2061,"Aljeel Alqadem for Importing Electrical and Non-Electrical Devices, Spare Parts, and Electronics",254880.0,private,1,According to Country of Origin - Private Sector
2025-10-31,2062,"Alqamar for Importing Seeds, Agricultural Supplies, and Spare Parts",254083.0,private,1,According to Country of Origin - Private Sector
2025-10-31,2063,"Allabeeb International for Importing Food, Livestock, and Meat",252320.0,private,1,According to Country of Origin - Private Sector
2025-10-31,2064,"Ghidaa Alawafi for Importing Food, Livestock, and Meat",252276.0,private,1,According to Country of Origin - Private Sector
2025-10-31,2065,"Alyaqeen Almumayaz for Importing Food, Livestock, and Meat",251999.0,private,1,According to Country of Origin - Private Sector
2025-10-31,2066,"Sidra Almontaha for Importing Food, Livestock, and Meat",251712.0,private,1,According to Country of Origin - Private Sector
2025-10-31,2067,Alafriqiya Printing Press,251453.0,private,1,According to Country of Origin - Private Sector
2025-10-31,2068,Alnokhba Almodi’a for Importing Building Materials and Sanitary Products,251304.0,private,1,According to Country of Origin - Private Sector
2025-10-31,2069,"Latafa for Importing Food, Livestock, and Meat",251200.0,private,1,According to Country of Origin - Private Sector
2025-10-31,2070,Bin Khawla for Importing Electronic Devices and Spare Parts,250712.0,private,1,According to Country of Origin - Private Sector
2025-10-31,2071,"Alaryaf Allibiya for Importing Cars, Spare Parts, and Accessories",250550.0,private,1,According to Country of Origin - Private Sector
2025-10-31,2072,Mazaya Almanazil for Importing Electrical and Non-Electrical Devices,250175.0,private,1,According to Country of Origin - Private Sector
2025-10-31,2073,Ozone Aljadid for Communications and Technology,249943.0,private,1,According to Country of Origin - Private Sector
2025-10-31,2074,Alnamaraq Almithaliya for Importing Furniture,247550.0,private,1,According to Country of Origin - Private Sector
2025-10-31,2075,Alabrar Alhadith for Importing Vehicles and Accessories,247219.0,private,1,According to Country of Origin - Private Sector
2025-10-31,2076,Alsadaqa Alraqia for Importing Building and Sanitary Materials,246684.0,private,1,According to Country of Origin - Private Sector
2025-10-31,2077,Wahat Alasima for Importing Food,245570.0,private,1,According to Country of Origin - Private Sector
2025-10-31,2078,Albayt Alfawah for Importing Cleaning Supplies,244340.0,private,1,According to Country of Origin - Private Sector
2025-10-31,2079,Nakheel Zliten for Manufacturing Asphalt and Insulating Materials,244160.0,private,1,According to Country of Origin - Private Sector
2025-10-31,2080,Alqamar Noor for Importing Food and Vegetables,244000.0,private,1,According to Country of Origin - Private Sector
2025-10-31,2081,Mawazin Alkhair Aljadida for Manufacturing and Packaging Food,242713.0,private,1,According to Country of Origin - Private Sector
2025-10-31,2082,Alsadah for Oil Services,242275.0,private,1,According to Country of Origin - Private Sector
2025-10-31,2083,"Almadina Alhaditha for Manufacturing Aluminum, Suspended Ceilings, and Decorations",242230.0,private,1,According to Country of Origin - Private Sector
2025-10-31,2084,Alafaq for Communications and IT,242069.0,private,1,According to Country of Origin - Private Sector
2025-10-31,2085,Kenzak Libya for Importing Building and Sanitary Materials,241619.0,private,1,According to Country of Origin - Private Sector
2025-10-31,2086,"Alalam Almutajaddid Alalami for Importing Food, Livestock, and Meat",241240.0,private,1,According to Country of Origin - Private Sector
2025-10-31,2087,Alriyada Alkubra for Importing Modern Vehicles,241157.0,private,1,According to Country of Origin - Private Sector
2025-10-31,2088,"Azdu for Importing Medical Equipment, Medicines, and Mother & Child Supplies",240724.0,private,1,According to Country of Origin - Private Sector
2025-10-31,2089,Tasnim Alghitha for Importing Food LLC,240538.0,private,1,According to Country of Origin - Private Sector
2025-10-31,2090,Amaar for Aluminum and Complementary Works,240000.0,private,1,According to Country of Origin - Private Sector
2025-10-31,2091,"Namaraq Alkhair for Importing Decoration Materials, Cleaning, and Miscellaneous Supplies",239058.0,private,1,According to Country of Origin - Private Sector
2025-10-31,2092,Abwab Almostaqbal for Importing Building Materials,239000.0,private,1,According to Country of Origin - Private Sector
2025-10-31,2093,Thasis for Manufacturing Marble and Granite,238671.0,private,1,According to Country of Origin - Private Sector
2025-10-31,2094,Almazare’ Alhaditha for Importing Agricultural Machinery and Spare Parts,238546.0,private,1,According to Country of Origin - Private Sector
2025-10-31,2095,Alkobelt for Iron Industries and Metal Forming,236937.0,private,1,According to Country of Origin - Private Sector
2025-10-31,2096,Rawae Alibtikar for Importing Food,236918.0,private,1,According to Country of Origin - Private Sector
2025-10-31,2097,"Aleataa for Importing Electrical and Non-Electrical Devices, Spare Parts, and Electronics",236500.0,private,1,According to Country of Origin - Private Sector
2025-10-31,2098,"Alru’ya Alraqmiya for Importing Food, Livestock, and Meat",236250.0,private,1,According to Country of Origin - Private Sector
2025-10-31,2099,"Almas Aljadid for Importing Food, Meat, and Livestock",235749.0,private,1,According to Country of Origin - Private Sector
2025-10-31,2100,"Alinmaa Alhadith for Manufacturing Glass, Aluminum, and PVC",235675.0,private,1,According to Country of Origin - Private Sector
2025-10-31,2101,"Alosool Aldaema for Importing Carpets, Rugs, and Furnishings",234842.0,private,1,According to Country of Origin - Private Sector
2025-10-31,2102,Ain Dawara for Importing Food,234744.0,private,1,According to Country of Origin - Private Sector
2025-10-31,2103,Alamal Allibiya for Importing Raw Materials,234078.0,private,1,According to Country of Origin - Private Sector
2025-10-31,2104,"Aljazira for Importing Food, Livestock, and Meat",234040.0,private,1,According to Country of Origin - Private Sector
2025-10-31,2105,Alhawafir Aldhahabiya for Importing Agricultural Machinery and Spare Parts,233893.0,private,1,According to Country of Origin - Private Sector
2025-10-31,2106,Almumtaz for Importing Paints and Equipment,233213.0,private,1,According to Country of Origin - Private Sector
2025-10-31,2107,Almajdoub Factory for Manufacturing Car Exhaust Parts,233140.0,private,1,According to Country of Origin - Private Sector
2025-10-31,2108,"Adwaa Alcrystal for Importing Electrical, Non-Electrical Devices, and Spare Parts",232845.0,private,1,According to Country of Origin - Private Sector
2025-10-31,2109,Alhadaf Alsami for Importing Household and Electrical Materials,232646.0,private,1,According to Country of Origin - Private Sector
2025-10-31,2110,Alzad Alsharqi for Importing Agricultural Machinery and Spare Parts,232531.0,private,1,According to Country of Origin - Private Sector
2025-10-31,2111,"Taj Alshifa Alalami for Importing Medicines, Medical Equipment, and Mother & Child Supplies",232300.0,private,1,According to Country of Origin - Private Sector
2025-10-31,2112,Sanabel Alandalus for Importing Food,231640.0,private,1,According to Country of Origin - Private Sector
2025-10-31,2113,Alalam Alhaditha for Importing Building Materials and Sanitary Products,231639.0,private,1,According to Country of Origin - Private Sector
2025-10-31,2114,Alrashid for Plastic Industries,230695.0,private,1,According to Country of Origin - Private Sector
2025-10-31,2115,Aden for Metal Industries,229920.0,private,1,According to Country of Origin - Private Sector
2025-10-31,2116,Alamer for Importing Food,228435.0,private,1,According to Country of Origin - Private Sector
2025-10-31,2117,Sallat Alghidaa for Importing Food,226964.0,private,1,According to Country of Origin - Private Sector
2025-10-31,2118,Almathaliya Alhaditha for Importing Medicines and Medical Equipment,226784.0,private,1,According to Country of Origin - Private Sector
2025-10-31,2119,Alabram for Importing Food,226241.0,private,1,According to Country of Origin - Private Sector
2025-10-31,2120,Alfa for Chemical Industries,225750.0,private,1,According to Country of Origin - Private Sector
2025-10-31,2121,Alwateed United for General Contracting and Real Estate Investment,225706.0,private,1,According to Country of Origin - Private Sector
2025-10-31,2122,Zilal Tripoli for Importing Foodstuffs LLC,225180.0,private,1,According to Country of Origin - Private Sector
2025-10-31,2123,"Alrahba Alhaditha for Manufacturing Electrical, Household, Electronic Devices and Decorative Materials",225000.0,private,1,According to Country of Origin - Private Sector
2025-10-31,2124,North Africa for Importing Medicines and Medical Equipment LLC,224883.0,private,1,According to Country of Origin - Private Sector
2025-10-31,2125,"Aladwaa for Importing Building Materials, Sanitary Materials, and Accessories",223740.0,private,1,According to Country of Origin - Private Sector
2025-10-31,2126,Alamal for Importing Medicines and Medical Equipment,222426.0,private,1,According to Country of Origin - Private Sector
2025-10-31,2127,"Alqala Alhasina for Importing Building Materials, Sanitary Materials, and Accessories",221371.0,private,1,According to Country of Origin - Private Sector
2025-10-31,2128,Ans for Importing Means of Transport and Accessories,221180.0,private,1,According to Country of Origin - Private Sector
2025-10-31,2129,"Alqabas International for Importing Electrical Devices, Materials, Wires, and Switches",220994.0,private,1,According to Country of Origin - Private Sector
2025-10-31,2130,Sydal Medical for Importing Medicines and Equipment,220170.0,private,1,According to Country of Origin - Private Sector
2025-10-31,2131,Alnoor for Grinding Grains and Rice,219965.0,private,1,According to Country of Origin - Private Sector
2025-10-31,2132,"Alimkaniyat for Importing Electrical and Non-Electrical Devices, Spare Parts, and Electronic Devices",218900.0,private,1,According to Country of Origin - Private Sector
2025-10-31,2133,Alsafwa Almazhila for Importing Cleaning Materials,218192.0,private,1,According to Country of Origin - Private Sector
2025-10-31,2134,Yenour for Manufacturing Sweets and Confectioneries,217445.0,private,1,According to Country of Origin - Private Sector
2025-10-31,2135,"Delta United First for Importing Medicines, Medical Products, and Mother & Child Supplies",216475.0,private,1,According to Country of Origin - Private Sector
2025-10-31,2136,Safy Almutajadida for Importing Mother & Child Supplies,216450.0,private,1,According to Country of Origin - Private Sector
2025-10-31,2137,"Atlas for Importing Agricultural Machinery, Equipment, Feed, and Additives",216080.0,private,1,According to Country of Origin - Private Sector
2025-10-31,2138,Alraed Alhadith for Importing Means of Transport and Accessories,215776.0,private,1,According to Country of Origin - Private Sector
2025-10-31,2139,Almina for Importing Medical Equipment,214600.0,private,1,According to Country of Origin - Private Sector
2025-10-31,2140,Alaseel Factory for Manufacturing Aluminum and PVC Doors and Windows,213812.0,private,1,According to Country of Origin - Private Sector
2025-10-31,2141,"Alshaqiq for Importing Agricultural Machinery, Equipment, and Spare Parts",212928.0,private,1,According to Country of Origin - Private Sector
2025-10-31,2142,"Alafaq for Importing Building Materials, Sanitary Materials, and Accessories",212700.0,private,1,According to Country of Origin - Private Sector
2025-10-31,2143,"Awafi Alkhair for Importing Medical Equipment, Medicines, Medical Products, and Mother & Child Supplies",212440.0,private,1,According to Country of Origin - Private Sector
2025-10-31,2144,Qasr Alfan for Importing Furniture,212000.0,private,1,According to Country of Origin - Private Sector
2025-10-31,2145,Alalamia Alkubra Alhaditha for Importing Medicines and Medical Equipment,211531.0,private,1,According to Country of Origin - Private Sector
2025-10-31,2146,Alinaya Almustaqbalia for Importing Medical Supplies and Equipment,210135.0,private,1,According to Country of Origin - Private Sector
2025-10-31,2147,"Alnahda Almutamayyiza for Importing Medicines, Medical Products, and Mother & Child Supplies",210004.0,private,1,According to Country of Origin - Private Sector
2025-10-31,2148,"Aghsan for Importing Building Materials, Sanitary Materials, and Accessories",210000.0,private,1,According to Country of Origin - Private Sector
2025-10-31,2149,Alsahel for Manufacturing Paper,209940.0,private,1,According to Country of Origin - Private Sector
2025-10-31,2150,"Prestige for Importing Building Materials, Sanitary Materials",208679.0,private,1,According to Country of Origin - Private Sector
2025-10-31,2151,Alquwa Alzraqa for Importing Welding Supplies and Workshop Equipment,207449.0,private,1,According to Country of Origin - Private Sector
2025-10-31,2152,Alhafiza Aldhahabiya for Importing Foodstuffs,207085.0,private,1,According to Country of Origin - Private Sector
2025-10-31,2153,"Alwatan for Importing Decorative Materials, Hardware, and Cleaning Supplies",206700.0,private,1,According to Country of Origin - Private Sector
2025-10-31,2154,Emaar Albunyan for Manufacturing Aluminum,206698.0,private,1,According to Country of Origin - Private Sector
2025-10-31,2155,Alhilal Alhadith for Importing Building Materials,206250.0,private,1,According to Country of Origin - Private Sector
2025-10-31,2156,"Altaawon Aldaem International for Importing Clothing, Textiles, and Leather Products",206000.0,private,1,According to Country of Origin - Private Sector
2025-10-31,2157,Nasaem Beauty for Importing Cosmetics and Body Care Products,205840.0,private,1,According to Country of Origin - Private Sector
2025-10-31,2158,"Athmar for Importing Agricultural Machinery, Equipment, and Spare Parts",205284.0,private,1,According to Country of Origin - Private Sector
2025-10-31,2159,"Dararat for Importing Foodstuffs, Livestock, and Meat",205000.0,private,1,According to Country of Origin - Private Sector
2025-10-31,2160,Alfosoul Alzahya for Importing Foodstuffs LLC,204746.0,private,1,According to Country of Origin - Private Sector
2025-10-31,2161,"Alshuraka for Importing Workshop Equipment, Machinery, and Industrial Supplies",204405.0,private,1,According to Country of Origin - Private Sector
2025-10-31,2162,Lathroon for Manufacturing Cosmetics and Household Chemicals,204100.0,private,1,According to Country of Origin - Private Sector
2025-10-31,2163,Alamal Almutaliq for Manufacturing PVC and Aluminum Doors and Windows,204029.0,private,1,According to Country of Origin - Private Sector
2025-10-31,2164,"Allyaqa Alraeda for Importing Foodstuffs, Livestock, and Meat",203730.0,private,1,According to Country of Origin - Private Sector
2025-10-31,2165,Sahara Libya for Importing Cars and Spare Parts,201982.0,private,1,According to Country of Origin - Private Sector
2025-10-31,2166,"Alshorouq Alraeda for Importing Foodstuffs, Livestock, and Meat",201204.0,private,1,According to Country of Origin - Private Sector
2025-10-31,2167,"Majmoo’a Madhila for Importing Decorative Materials, Perfumes, and Hardware",200864.0,private,1,According to Country of Origin - Private Sector
2025-10-31,2168,Almajd Alarig for Importing Electrical and Household Appliances,200740.0,private,1,According to Country of Origin - Private Sector
2025-10-31,2169,"Altamor Alwataniya for Importing Foodstuffs, Livestock, and Meat",200542.0,private,1,According to Country of Origin - Private Sector
2025-10-31,2170,Sama Algharb for Importing Building Materials,200500.0,private,1,According to Country of Origin - Private Sector
2025-10-31,2171,Alfanous Alwataniya for Importing Household and Electrical Appliances,200155.0,private,1,According to Country of Origin - Private Sector
2025-10-31,2172,Taj Libya for Importing Medicines and Medical Equipment,199438.0,private,1,According to Country of Origin - Private Sector
2025-10-31,2173,Alnafaht for Importing Foodstuffs,198310.0,private,1,According to Country of Origin - Private Sector
2025-10-31,2174,Alnajm Almunfarid for Importing Furniture and Accessories,198200.0,private,1,According to Country of Origin - Private Sector
2025-10-31,2175,"Libico for Importing Foodstuffs, Livestock, and Meat",197675.0,private,1,According to Country of Origin - Private Sector
2025-10-31,2176,"Alshahab Allami’ for Importing Medical Equipment, Medical Products, and Mother & Child Supplies",197631.0,private,1,According to Country of Origin - Private Sector
2025-10-31,2177,Altasaheel for Importing Toys and Stationery,197300.0,private,1,According to Country of Origin - Private Sector
2025-10-31,2178,Bayt Aldawa for Importing Medicines and Medical Equipment,196264.0,private,1,According to Country of Origin - Private Sector
2025-10-31,2179,Aldardafi Factory for Manufacturing Corrugated Sheets,196000.0,private,1,According to Country of Origin - Private Sector
2025-10-31,2180,"Altaawon Alraqi for Importing Building Materials, Sanitary Materials, and Accessories",195949.0,private,1,According to Country of Origin - Private Sector
2025-10-31,2181,Aldelta International for Importing Household and Electrical Appliances,195043.0,private,1,According to Country of Origin - Private Sector
2025-10-31,2182,"Fresh for Importing Foodstuffs, Livestock, and Meat",195000.0,private,1,According to Country of Origin - Private Sector
2025-10-31,2183,Jabal Akakus for Manufacturing Furniture,192604.0,private,1,According to Country of Origin - Private Sector
2025-10-31,2184,"Bab Alsalam for Importing Medicines, Equipment, Medical Products, and Mother & Child Supplies",192159.0,private,1,According to Country of Origin - Private Sector
2025-10-31,2185,Alsafwa Alraeda for Plastic Industries,191936.0,private,1,According to Country of Origin - Private Sector
2025-10-31,2186,"Techno Labda Factory for Aluminum, PVC, and Suspended Ceilings",191355.0,private,1,According to Country of Origin - Private Sector
2025-10-31,2187,"Asia Almustaqbal for Importing Building Materials, Sanitary Materials",191092.0,private,1,According to Country of Origin - Private Sector
2025-10-31,2188,Alhulool Aldaema for Importing Agricultural Supplies and Equipment,187652.0,private,1,According to Country of Origin - Private Sector
2025-10-31,2189,Alhanaa Alhaditha for Importing Furniture,186000.0,private,1,According to Country of Origin - Private Sector
2025-10-31,2190,Arkan Almadina for Importing Furniture,185580.0,private,1,According to Country of Origin - Private Sector
2025-10-31,2191,Alkanz Medical for Importing Medicines and Medical Equipment,183852.0,private,1,According to Country of Origin - Private Sector
2025-10-31,2192,Alwafir for Manufacturing Foodstuffs,183600.0,private,1,According to Country of Origin - Private Sector
2025-10-31,2193,Alburaq International for Producing Concrete Mixes,182250.0,private,1,According to Country of Origin - Private Sector
2025-10-31,2194,"Ghada Talia for Importing Foodstuffs, Livestock, and Meat",181606.0,private,1,According to Country of Origin - Private Sector
2025-10-31,2195,"Dar Aljood for Importing Generators, Spare Parts, Electrical Materials, and Electronic Devices",180777.0,private,1,According to Country of Origin - Private Sector
2025-10-31,2196,Dar Alkhalil for Medical Services,180389.0,private,1,According to Country of Origin - Private Sector
2025-10-31,2197,"Albadil Alakhar International for Importing Building Materials, Sanitary Materials, and Accessories",180234.0,private,1,According to Country of Origin - Private Sector
2025-10-31,2198,"Alhanaa Aldaem for Importing Foodstuffs, Livestock, and Meat",180000.0,private,1,According to Country of Origin - Private Sector
2025-10-31,2199,"Alfiha Alalamia for Importing Medicines, Medical Equipment, Medical Products, and Mother & Child Supplies",180000.0,private,1,According to Country of Origin - Private Sector
2025-10-31,2200,Almutahida for Importing Toys and Sports Equipment,179686.0,private,1,According to Country of Origin - Private Sector
2025-10-31,2201,Altadamon Alarabi for Food Industries,179480.0,private,1,According to Country of Origin - Private Sector
2025-10-31,2202,Almokhtar for Manufacturing Sweets and Foodstuffs,179447.0,private,1,According to Country of Origin - Private Sector
2025-10-31,2203,"Alamwaj Alhaditha for Importing Building Materials, Sanitary Materials, and Accessories",177045.0,private,1,According to Country of Origin - Private Sector
2025-10-31,2204,Almajd Aldhahabi for Importing Means of Transport and Accessories,176743.0,private,1,According to Country of Origin - Private Sector
2025-10-31,2205,Emaar for Iron Industries and Corrugated Sheets,176350.0,private,1,According to Country of Origin - Private Sector
2025-10-31,2206,Alghosn Alfiḍi for Importing Foodstuffs,175850.0,private,1,According to Country of Origin - Private Sector
2025-10-31,2207,Alkhalij for Manufacturing Insulated Panels,175800.0,private,1,According to Country of Origin - Private Sector
2025-10-31,2208,Alalwan Alsab’a for Furniture Manufacturing,175000.0,private,1,According to Country of Origin - Private Sector
2025-10-31,2209,"Abr Alalam for Iron, Wood, and Furniture Industries",174899.0,private,1,According to Country of Origin - Private Sector
2025-10-31,2210,Alqala Aldhahabiya for Importing Cars and Spare Parts,174887.0,private,1,According to Country of Origin - Private Sector
2025-10-31,2211,"Alsalama Almahnia for Importing Safety Equipment, Road and Environmental Supplies",174610.0,private,1,According to Country of Origin - Private Sector
2025-10-31,2212,"Alamran Alsaati’ for Importing Building Materials, Sanitary Materials, and Raw Materials",173600.0,private,1,According to Country of Origin - Private Sector
2025-10-31,2213,Droub Alalam for Importing Means of Transport and Spare Parts,173533.0,private,1,According to Country of Origin - Private Sector
2025-10-31,2214,"Almirad for Importing Heavy Machinery, Equipment, Accessories, Spare Parts, and Workshop Tools",173492.0,private,1,According to Country of Origin - Private Sector
2025-10-31,2215,"Royal for Manufacturing Furniture, Kitchens, and Carpentry & Décor Works",173028.0,private,1,According to Country of Origin - Private Sector
2025-10-31,2216,Alraaya for Importing Laboratories and Labs,172994.0,private,1,According to Country of Origin - Private Sector
2025-10-31,2217,"Bawabat Aljabal for Importing Foodstuffs, Livestock, and Meat",172883.0,private,1,According to Country of Origin - Private Sector
2025-10-31,2218,Alra’ee Alawwal for Importing Clothing and Textiles,172665.0,private,1,According to Country of Origin - Private Sector
2025-10-31,2219,Alwifaq for Importing Means of Transport and Accessories,172436.0,private,1,According to Country of Origin - Private Sector
2025-10-31,2220,Alimtiaz Almarkazia for Manufacturing Animal Feed,171935.0,private,1,According to Country of Origin - Private Sector
2025-10-31,2221,Almanakh Alsharqi for Importing Foodstuffs,171465.0,private,1,According to Country of Origin - Private Sector
2025-10-31,2222,Serene Medical for Importing Medical Equipment and Mother & Child Supplies,170335.0,private,1,According to Country of Origin - Private Sector
2025-10-31,2223,"Almadina Aljadida Alawla for Importing Electrical Devices, Spare Parts, and Accessories",170277.0,private,1,According to Country of Origin - Private Sector
2025-10-31,2224,Alhilal for Food Industries,170000.0,private,1,According to Country of Origin - Private Sector
2025-10-31,2225,Alrasheed for Importing Shoes and Leather Products,168699.0,private,1,According to Country of Origin - Private Sector
2025-10-31,2226,Jazeera Alalab for Importing Sports and Recreational Equipment,167750.0,private,1,According to Country of Origin - Private Sector
2025-10-31,2227,Alharis International for Importing Carpets and Upholstery,167590.0,private,1,According to Country of Origin - Private Sector
2025-10-31,2228,Tapekt for Importing Household and Electrical Appliances,167388.0,private,1,According to Country of Origin - Private Sector
2025-10-31,2229,"Alyusr Alafdal for Importing Foodstuffs, Livestock, and Meat",166600.0,private,1,According to Country of Origin - Private Sector
2025-10-31,2230,Aljarf for Importing Foodstuffs,166276.0,private,1,According to Country of Origin - Private Sector
2025-10-31,2231,Altatawor Alzra’i for Importing Agricultural Supplies,165650.0,private,1,According to Country of Origin - Private Sector
2025-10-31,2232,Aldar Alalamia for Managing Entertainment Services,162521.0,private,1,According to Country of Origin - Private Sector
2025-10-31,2233,"Alhasad for Poultry, Agricultural, and Animal Production",162348.0,private,1,According to Country of Origin - Private Sector
2025-10-31,2234,Memar Libya International for General Contracting and Real Estate Investment,161831.0,private,1,According to Country of Origin - Private Sector
2025-10-31,2235,"Aldiyar Alraqi for Importing Doors, Windows, and Carpentry Accessories",161405.0,private,1,According to Country of Origin - Private Sector
2025-10-31,2236,Zahra Alfirdaws for Importing Foodstuffs,161100.0,private,1,According to Country of Origin - Private Sector
2025-10-31,2237,Alawwal for Information Technology,160304.0,private,1,According to Country of Origin - Private Sector
2025-10-31,2238,Alshaheen Alabyad for Importing Building Materials,160242.0,private,1,According to Country of Origin - Private Sector
2025-10-31,2239,Aljood for Importing Medical Equipment,160000.0,private,1,According to Country of Origin - Private Sector
2025-10-31,2240,"Aldhafra for Importing Foodstuffs, Livestock, and Meat",159662.0,private,1,According to Country of Origin - Private Sector
2025-10-31,2241,"Alrahla Alawla for Importing Foodstuffs, Fresh Fruits, and Meat",159539.0,private,1,According to Country of Origin - Private Sector
2025-10-31,2242,"Almarja’ Alsehi for Importing Medicines, Medical Products, and Mother & Child Supplies",159530.0,private,1,According to Country of Origin - Private Sector
2025-10-31,2243,Alteqni Libya for Oil and Engineering Services,159500.0,private,1,According to Country of Origin - Private Sector
2025-10-31,2244,"Alkafi for Importing Medicines, Medical Equipment, and Mother & Child Supplies",159348.0,private,1,According to Country of Origin - Private Sector
2025-10-31,2245,Bayt Alnoor Industrial for Importing Industrial and Electrical Devices,159344.0,private,1,According to Country of Origin - Private Sector
2025-10-31,2246,"Aldroub Tab for Importing Medical Equipment, Products, and Mother & Child Supplies",158250.0,private,1,According to Country of Origin - Private Sector
2025-10-31,2247,Lajhar for Importing Foodstuffs,157006.0,private,1,According to Country of Origin - Private Sector
2025-10-31,2248,Alqamar Factory for Manufacturing Cleaning Materials,156572.0,private,1,According to Country of Origin - Private Sector
2025-10-31,2249,Albaher Alhader for Importing Foodstuffs,156000.0,private,1,According to Country of Origin - Private Sector
2025-10-31,2250,"Alalam Aljadid for Importing Foodstuffs, Livestock, and Meat",155478.0,private,1,According to Country of Origin - Private Sector
2025-10-31,2251,"Aslak for Importing Electrical, Non-Electrical, and Household Devices, and Spare Parts",155351.0,private,1,According to Country of Origin - Private Sector
2025-10-31,2252,Majmoo’at Alqimma for Importing Building Materials,155181.0,private,1,According to Country of Origin - Private Sector
2025-10-31,2253,"Almezan Aldhahabi for Importing Building Materials, Sanitary Materials, and Accessories",155000.0,private,1,According to Country of Origin - Private Sector
2025-10-31,2254,"Afaq Group for Mills, Animal Feed, and Rice Mills",152650.0,private,1,According to Country of Origin - Private Sector
2025-10-31,2255,"Almadhaq Alakhir for Importing Foodstuffs, Fruits, and Vegetables",152567.0,private,1,According to Country of Origin - Private Sector
2025-10-31,2256,"N’am Alghad for Importing Clothing, Textiles, and Leather Products",152153.0,private,1,According to Country of Origin - Private Sector
2025-10-31,2257,Yadr for Shipping Agencies,151900.0,private,1,According to Country of Origin - Private Sector
2025-10-31,2258,"Almushhar for Importing Building Materials, Sanitary Materials, and Accessories",151803.0,private,1,According to Country of Origin - Private Sector
2025-10-31,2259,Almuheet Altaqni for Importing Computers and Accessories,151751.0,private,1,According to Country of Origin - Private Sector
2025-10-31,2260,"Almasa Aldhahabiya for Importing Medicines, Medical Equipment, Medical Products, and Mother & Child Supplies",151613.0,private,1,According to Country of Origin - Private Sector
2025-10-31,2261,Alttijara Alwataniya for Importing Cars and Spare Parts,151550.0,private,1,According to Country of Origin - Private Sector
2025-10-31,2262,"Alshorouq Alalamia Alawla for Importing Foodstuffs, Livestock, and Meat",151265.0,private,1,According to Country of Origin - Private Sector
2025-10-31,2263,"Dar Almansoujat for Importing Fabrics, Textiles, Curtains, and Carpets",151000.0,private,1,According to Country of Origin - Private Sector
2025-10-31,2264,"Ishraq Libya for Importing Electrical and Non-Electrical Devices, Spare Parts, and Electronic Devices",150730.0,private,1,According to Country of Origin - Private Sector
2025-10-31,2265,Alalam Aldhahabi for Travel and Tourism,150000.0,private,1,According to Country of Origin - Private Sector
2025-10-31,2266,"Albenaa Alrasikh for Importing Building Materials, Sanitary Materials, and Accessories",149851.0,private,1,According to Country of Origin - Private Sector
2025-10-31,2267,Athmar for Importing Agricultural Pesticides,149781.0,private,1,According to Country of Origin - Private Sector
2025-10-31,2268,Toto Sport for Importing Sports Equipment,149735.0,private,1,According to Country of Origin - Private Sector
2025-10-31,2269,Oya for Manufacturing Electrical Materials,149520.0,private,1,According to Country of Origin - Private Sector
2025-10-31,2270,Qanawat Altech for Information Technology and Communications,148460.0,private,1,According to Country of Origin - Private Sector
2025-10-31,2271,Almansoura for Importing Furniture,147874.0,private,1,According to Country of Origin - Private Sector
2025-10-31,2272,Alshomous Factory for Manufacturing Aluminum and PVC Doors and Windows,146984.0,private,1,According to Country of Origin - Private Sector
2025-10-31,2273,Alimtiaz International for Plastic and Paper Industries,146860.0,private,1,According to Country of Origin - Private Sector
2025-10-31,2274,Alrukn Alrafi’ for Importing Electrical Devices and Materials,146843.0,private,1,According to Country of Origin - Private Sector
2025-10-31,2275,Almo’tamidoon Alawwal for Importing Cleaning Materials,145960.0,private,1,According to Country of Origin - Private Sector
2025-10-31,2276,Qimma Mazaya for Plastic Industries,145000.0,private,1,According to Country of Origin - Private Sector
2025-10-31,2277,"Alhizam Alzra’i for Importing Agricultural Machinery, Equipment, and Spare Parts",144500.0,private,1,According to Country of Origin - Private Sector
2025-10-31,2278,Almarjan for Manufacturing Packaging Materials,144499.0,private,1,According to Country of Origin - Private Sector
2025-10-31,2279,Alrisala for Importing Medicines and Medical Equipment,143867.0,private,1,According to Country of Origin - Private Sector
2025-10-31,2280,Osool for Manufacturing Detergents and Cleaning Materials,143694.0,private,1,According to Country of Origin - Private Sector
2025-10-31,2281,Aksir Alseha for Importing Medicines and Medical Equipment,143460.0,private,1,According to Country of Origin - Private Sector
2025-10-31,2282,Zain Aljawaher for Importing Foodstuffs,143345.0,private,1,According to Country of Origin - Private Sector
2025-10-31,2283,Alabriq Aldhahabi for Importing Household Items,143274.0,private,1,According to Country of Origin - Private Sector
2025-10-31,2284,Alzad Altayeb Almutamayiz for Food Industries,142884.0,private,1,According to Country of Origin - Private Sector
2025-10-31,2285,"Alwesal Almutahida for Importing Building Materials, Sanitary Materials, and Accessories",142709.0,private,1,According to Country of Origin - Private Sector
2025-10-31,2286,Mawareth for Importing Foodstuffs,142584.0,private,1,According to Country of Origin - Private Sector
2025-10-31,2287,Suhool Alqardabiya for Importing Foodstuffs,142529.0,private,1,According to Country of Origin - Private Sector
2025-10-31,2288,Auto Libya for Importing Means of Transport and Accessories,142196.0,private,1,According to Country of Origin - Private Sector
2025-10-31,2289,Alkaram for Importing Foodstuffs,141990.0,private,1,According to Country of Origin - Private Sector
2025-10-31,2290,Almanara Alalamia for Importing Means of Transport and Accessories,141287.0,private,1,According to Country of Origin - Private Sector
2025-10-31,2291,Badr Alnoor for Importing Foodstuffs,141227.0,private,1,According to Country of Origin - Private Sector
2025-10-31,2292,Jabal Alhadid for Importing Workshop and Factory Equipment,141088.0,private,1,According to Country of Origin - Private Sector
2025-10-31,2293,Alshafaq Alahmar for Importing Means of Transport and Accessories,140563.0,private,1,According to Country of Origin - Private Sector
2025-10-31,2294,"Alalama Almasiya for Importing Decorative Materials, Hardware, and Cleaning Materials",140220.0,private,1,According to Country of Origin - Private Sector
2025-10-31,2295,Benghazi Energy Solutions,140071.0,private,1,According to Country of Origin - Private Sector
2025-10-31,2296,"Alta’a Alraqi for Importing Clothing, Textiles, and Leather Products",140000.0,private,1,According to Country of Origin - Private Sector
2025-10-31,2297,Alamal for Manufacturing Plastics and Derivatives,140000.0,private,1,According to Country of Origin - Private Sector
2025-10-31,2298,"Awrak Alkharif for Importing Foodstuffs, Livestock, and Meat",139994.0,private,1,According to Country of Origin - Private Sector
2025-10-31,2299,Frasen for Importing Foodstuffs,139557.0,private,1,According to Country of Origin - Private Sector
2025-10-31,2300,Alfawaris Aljadida for Importing Foodstuffs,139242.0,private,1,According to Country of Origin - Private Sector
2025-10-31,2301,Albahja for Importing Household Materials,138897.0,private,1,According to Country of Origin - Private Sector
2025-10-31,2302,Marai Aljibal for Importing Foodstuffs,138600.0,private,1,According to Country of Origin - Private Sector
2025-10-31,2303,"Alfayd for Importing Building Materials, Sanitary Materials, and Accessories",138499.0,private,1,According to Country of Origin - Private Sector
2025-10-31,2304,Alhadaf Alraeda for Importing Means of Transport and Accessories,138380.0,private,1,According to Country of Origin - Private Sector
2025-10-31,2305,Alsuheila for Importing Foodstuffs,138350.0,private,1,According to Country of Origin - Private Sector
2025-10-31,2306,Alam Alkimia for Importing Raw Materials,137280.0,private,1,According to Country of Origin - Private Sector
2025-10-31,2307,"Dar Alarqam for Printing, Publishing, and Distribution",137208.0,private,1,According to Country of Origin - Private Sector
2025-10-31,2308,Rifaq Alaskandariya for Importing Foodstuffs,136500.0,private,1,According to Country of Origin - Private Sector
2025-10-31,2309,"Alzein Alhadith for Importing Building Materials, Sanitary Materials, and Accessories",135040.0,private,1,According to Country of Origin - Private Sector
2025-10-31,2310,Albab Alawsat for Importing Foodstuffs,135000.0,private,1,According to Country of Origin - Private Sector
2025-10-31,2311,"Rama International for Importing Building Materials, Sanitary Materials, and Accessories",134076.0,private,1,According to Country of Origin - Private Sector
2025-10-31,2312,"Alafdal Aldhahabi Alhadith for Importing Building Materials, Sanitary Materials",133932.0,private,1,According to Country of Origin - Private Sector
2025-10-31,2313,Bayt Alta’am for Importing Foodstuffs,133005.0,private,1,According to Country of Origin - Private Sector
2025-10-31,2314,Zad Alwataniya for Food Industries,132600.0,private,1,According to Country of Origin - Private Sector
2025-10-31,2315,Almasdar Alhadith for Importing Stationery and Office Supplies,132370.0,private,1,According to Country of Origin - Private Sector
2025-10-31,2316,Amasi for Importing Foodstuffs,132000.0,private,1,According to Country of Origin - Private Sector
2025-10-31,2317,Ajyad for Importing Building Materials,131739.0,private,1,According to Country of Origin - Private Sector
2025-10-31,2318,Rubia for Importing Medical Equipment and Supplies,131721.0,private,1,According to Country of Origin - Private Sector
2025-10-31,2319,Tayba Alhaditha for Importing Building Materials and Sanitary Materials,130906.0,private,1,According to Country of Origin - Private Sector
2025-10-31,2320,Almokhtar for Insurance,130232.0,private,1,According to Country of Origin - Private Sector
2025-10-31,2321,Alttatweer Alwataniya for Contracting and Real Estate Investment,130000.0,private,1,According to Country of Origin - Private Sector
2025-10-31,2322,Alrawasi Alhaditha for Manufacturing Building Materials,129372.0,private,1,According to Country of Origin - Private Sector
2025-10-31,2323,"Alamthal for Importing Medicines, Medical Equipment, Medical Products, and Mother & Child Supplies",128777.0,private,1,According to Country of Origin - Private Sector
2025-10-31,2324,Jet for Importing Building Materials and Sanitary Materials (affiliated with Jet Holding),128760.0,private,1,According to Country of Origin - Private Sector
2025-10-31,2325,Dar Alsaboun for Manufacturing Cleaning Materials,127663.0,private,1,According to Country of Origin - Private Sector
2025-10-31,2326,Alyaqout for Plastic Industries (affiliated with Madina Misrata Holding),127215.0,private,1,According to Country of Origin - Private Sector
2025-10-31,2327,Alnasajoon Allibyoon for Manufacturing Carpets and Mats,126830.0,private,1,According to Country of Origin - Private Sector
2025-10-31,2328,"Almoqtadr Alalami for Importing Foodstuffs, Livestock, and Meat",126796.0,private,1,According to Country of Origin - Private Sector
2025-10-31,2329,"Miftah Alaman for Importing Safes, Keys, and Locks",126543.0,private,1,According to Country of Origin - Private Sector
2025-10-31,2330,Alqotouf Alkhadra for Importing Agricultural Machinery and Supplies,125042.0,private,1,According to Country of Origin - Private Sector
2025-10-31,2331,"Almustaqbal Alzahir for Importing Medical Equipment, Medical Products, and Mother & Child Supplies",125000.0,private,1,According to Country of Origin - Private Sector
2025-10-31,2332,"Azya Bin Ashour for Importing Clothing, Textiles, and Leather Products",125000.0,private,1,According to Country of Origin - Private Sector
2025-10-31,2333,Alsamaha for Manufacturing Leather and Plastic Bags,124166.0,private,1,According to Country of Origin - Private Sector
2025-10-31,2334,Almatjar Alliby for Importing Hardware,123723.0,private,1,According to Country of Origin - Private Sector
2025-10-31,2335,"First for Importing Electrical and Non-Electrical Devices, Spare Parts, and Electronic Devices",122011.0,private,1,According to Country of Origin - Private Sector
2025-10-31,2336,Almothallath for Manufacturing PVC and Aluminum,122010.0,private,1,According to Country of Origin - Private Sector
2025-10-31,2337,Diyar Alkhair Alamra for Importing Foodstuffs,121440.0,private,1,According to Country of Origin - Private Sector
2025-10-31,2338,Alebtisama Alsafya for Importing Medical Equipment,121370.0,private,1,According to Country of Origin - Private Sector
2025-10-31,2339,Afnan Alshajar Alakhder for Importing Foodstuffs,120980.0,private,1,According to Country of Origin - Private Sector
2025-10-31,2340,"Almawsim Alafdal for Importing Agricultural Machinery, Equipment, and Spare Parts",120800.0,private,1,According to Country of Origin - Private Sector
2025-10-31,2341,"Athaal International for Importing Medicines, Medical Equipment, and Mother & Child Supplies",120712.0,private,1,According to Country of Origin - Private Sector
2025-10-31,2342,"Alran for Importing Clothing, Textiles, and Leather Products",120480.0,private,1,According to Country of Origin - Private Sector
2025-10-31,2343,Almawasim for Importing Mother & Child Supplies,120317.0,private,1,According to Country of Origin - Private Sector
2025-10-31,2344,Majmoo’at Alaman International for Importing Medicines and Medical Equipment,120157.0,private,1,According to Country of Origin - Private Sector
2025-10-31,2345,Alhayat Alafdal for Importing Cleaning Materials,120000.0,private,1,According to Country of Origin - Private Sector
2025-10-31,2346,Alosala Aldaema for Manufacturing Marble and Granite,120000.0,private,1,According to Country of Origin - Private Sector
2025-10-31,2347,Alamwaj Alzuraq Alawla for Importing Foodstuffs,120000.0,private,1,According to Country of Origin - Private Sector
2025-10-31,2348,"Anwar Albilad Alkhira for Importing Clothing, Textiles, and Leather Products",119999.0,private,1,According to Country of Origin - Private Sector
2025-10-31,2349,Aldar Allibya for Importing Household and Electrical Devices,119936.0,private,1,According to Country of Origin - Private Sector
2025-10-31,2350,"Almokhtar Alhadith for Importing Building Materials, Sanitary Materials, and Accessories",119655.0,private,1,According to Country of Origin - Private Sector
2025-10-31,2351,"Alsayf Almuhand for Importing Foodstuffs, Livestock, and Meat",119365.0,private,1,According to Country of Origin - Private Sector
2025-10-31,2352,"Afif for Importing Means of Transport, Spare Parts, Oils, Lubricants, Tires, and Equipment",118262.0,private,1,According to Country of Origin - Private Sector
2025-10-31,2353,"Altaawon Albenaa for Importing Building Materials, Sanitary Materials, and Accessories",118015.0,private,1,According to Country of Origin - Private Sector
2025-10-31,2354,Bayt Alrahma for Importing Building Materials,118000.0,private,1,According to Country of Origin - Private Sector
2025-10-31,2355,"Advanced Electrical Systems for Communications, IT, and Security & Safety Systems",117198.0,private,1,According to Country of Origin - Private Sector
2025-10-31,2356,"Alwasalat for Importing Generators, Electrical, and Electronic Devices",117154.0,private,1,According to Country of Origin - Private Sector
2025-10-31,2357,Azhar Alrabee’ for Manufacturing Paper Tissues,117040.0,private,1,According to Country of Origin - Private Sector
2025-10-31,2358,"Alwan Almutawaset for Importing Building Materials, Sanitary Materials, and Accessories",116342.0,private,1,According to Country of Origin - Private Sector
2025-10-31,2359,Beirut Alhaditha for Importing Cleaning Materials,115616.0,private,1,According to Country of Origin - Private Sector
2025-10-31,2360,Aldayk for Importing Means of Transport and Accessories,115349.0,private,1,According to Country of Origin - Private Sector
2025-10-31,2361,"Alwafaa Alsafi for Importing Cars, Machinery, and Spare Parts",115191.0,private,1,According to Country of Origin - Private Sector
2025-10-31,2362,Alraqeem Alalami for Importing Clothing,115040.0,private,1,According to Country of Origin - Private Sector
2025-10-31,2363,"Alikhtiyar Aljameel for Importing Decorative Materials, Hardware",114967.0,private,1,According to Country of Origin - Private Sector
2025-10-31,2364,"Aljanah Allam’a for Importing Cleaning Materials, Decorative Materials, and Hardware",114050.0,private,1,According to Country of Origin - Private Sector
2025-10-31,2365,"Alinmae Alzra’i for Importing Agricultural Machinery, Equipment, and Spare Parts",114036.0,private,1,According to Country of Origin - Private Sector
2025-10-31,2366,Zreipco Factory for Manufacturing Restaurant Equipment,114017.0,private,1,According to Country of Origin - Private Sector
2025-10-31,2367,Alzaj for Glass and Aluminum Works,113664.0,private,1,According to Country of Origin - Private Sector
2025-10-31,2368,Almuheet Aljadid for Importing Foodstuffs,113314.0,private,1,According to Country of Origin - Private Sector
2025-10-31,2369,"Alitar for Importing Building Materials, Sanitary Materials, and Accessories",112778.0,private,1,According to Country of Origin - Private Sector
2025-10-31,2370,"Jawharat Qarji for Importing Foodstuffs, Livestock, and Meat",112700.0,private,1,According to Country of Origin - Private Sector
2025-10-31,2371,Alhadaf Alttibi Group for Importing Medicines and Medical Equipment,112655.0,private,1,According to Country of Origin - Private Sector
2025-10-31,2372,Libyan Expertise Company for Importing Oil Equipment,112462.0,private,1,According to Country of Origin - Private Sector
2025-10-31,2373,"Ensiyab Company for Importing Heavy Pumps of All Types, Accessories, and Spare Parts",112351.0,private,1,According to Country of Origin - Private Sector
2025-10-31,2374,Labda Company for Manufacturing Cleaning Materials,111800.0,private,1,According to Country of Origin - Private Sector
2025-10-31,2375,Al-Rami Al-Sagheer Company for Importing Toys and Entertainment Equipment,111640.0,private,1,According to Country of Origin - Private Sector
2025-10-31,2376,Al-Qarya Company for Importing Foodstuffs,111548.0,private,1,According to Country of Origin - Private Sector
2025-10-31,2377,"Sarwah Company for Importing Foodstuffs, Livestock, and Meat",111090.0,private,1,According to Country of Origin - Private Sector
2025-10-31,2378,Trista Company for Food Industries,110997.0,private,1,According to Country of Origin - Private Sector
2025-10-31,2379,Al-Ahramat Company for Marble Manufacturing (Joint Stock),110983.0,private,1,According to Country of Origin - Private Sector
2025-10-31,2380,International Group Company for Importing Medicines and Medical Equipment,110697.0,private,1,According to Country of Origin - Private Sector
2025-10-31,2381,Al-Madina Misrata Factory for Paints and Putty Manufacturing,110450.0,private,1,According to Country of Origin - Private Sector
2025-10-31,2382,Al-Aykona Al-Jadida Company for Manufacturing Hangars and Mobile Homes,110100.0,private,1,According to Country of Origin - Private Sector
2025-10-31,2383,"Qimmat Al-Jabal Company for Importing Perfumes, Cosmetics, and Beauty Products",109859.0,private,1,According to Country of Origin - Private Sector
2025-10-31,2384,"Mais Al-Reem Al-Kubra Company for Importing Clothing, Textiles, and Leather Products",109762.0,private,1,According to Country of Origin - Private Sector
2025-10-31,2385,Salem Factory for Manufacturing Plastic Tools,109650.0,private,1,According to Country of Origin - Private Sector
2025-10-31,2386,"Khayrat Al-Ard Company for Importing Foodstuffs, Livestock, and Meat",108864.0,private,1,According to Country of Origin - Private Sector
2025-10-31,2387,"Topaz Company for Importing Building Materials, Sanitary Materials, and Accessories",108800.0,private,1,According to Country of Origin - Private Sector
2025-10-31,2388,"Al-Misk Company for Manufacturing All Cleaning Materials, Oils, and Derivatives",108400.0,private,1,According to Country of Origin - Private Sector
2025-10-31,2389,Al-Harouj Al-Libya Company for Importing Transportation Means and Accessories,108378.0,private,1,According to Country of Origin - Private Sector
2025-10-31,2390,"Rice Al-Khams Company for Manufacturing, Packing, and Packaging Fish (Affiliated with Libyan Group)",106680.0,private,1,According to Country of Origin - Private Sector
2025-10-31,2391,"Jumeira Company for Importing Foodstuffs, Livestock, and Meat",106400.0,private,1,According to Country of Origin - Private Sector
2025-10-31,2392,"Jawhara Al-Sahel Al-Libya Company for Importing Foodstuffs, Livestock, and Meat",106139.0,private,1,According to Country of Origin - Private Sector
2025-10-31,2393,"Bin Zahia & Partners Company for Importing Clothing, Textiles, and Leather Products",105900.0,private,1,According to Country of Origin - Private Sector
2025-10-31,2394,"Al-Islah Al-Rashid Company for Importing Building Materials, Sanitary Materials, and Accessories",105495.0,private,1,According to Country of Origin - Private Sector
2025-10-31,2395,"Al-Najm Al-Mithali Company for Importing Clothing, Textiles, and Leather Products",105350.0,private,1,According to Country of Origin - Private Sector
2025-10-31,2396,"Al-Nukhba Company for Importing Sports, Entertainment, and Games Equipment",105130.0,private,1,According to Country of Origin - Private Sector
2025-10-31,2397,Al-Muttahid Logistic Services Company,104266.0,private,1,According to Country of Origin - Private Sector
2025-10-31,2398,Al-Baraka Insurance Company (Joint Stock),103308.0,private,1,According to Country of Origin - Private Sector
2025-10-31,2399,Zahra Al-Bayt Company for Importing Furniture,102772.0,private,1,According to Country of Origin - Private Sector
2025-10-31,2400,"Al-Mumtaz Al-Asil Company for Importing Building Materials, Sanitary Materials, and Accessories",102700.0,private,1,According to Country of Origin - Private Sector
2025-10-31,2401,"Al-Qawarir Al-Lami’a Company for Importing Household Items, Electrical and Non-Electrical Appliances, and Spare Parts",102030.0,private,1,According to Country of Origin - Private Sector
2025-10-31,2402,Jibal Al-Himalaya Factory for Marble Manufacturing,102000.0,private,1,According to Country of Origin - Private Sector
2025-10-31,2403,"Al-Safa Al-Mutakamil Company for Importing Medicines, Vaccines, and Veterinary Supplies",101373.0,private,1,According to Country of Origin - Private Sector
2025-10-31,2404,Al-Meeza Al-Alamiya Company for Importing Building Materials,101005.0,private,1,According to Country of Origin - Private Sector
2025-10-31,2405,Al-Yamen Company for Importing Electrical Devices and Spare Parts,100740.0,private,1,According to Country of Origin - Private Sector
2025-10-31,2406,Al-Raqi Al-Awwal Company for Importing Furniture,100500.0,private,1,According to Country of Origin - Private Sector
2025-10-31,2407,"Rabee’ Al-Mustaqbal Company for Importing Building Materials, Sanitary Materials, and Accessories",100300.0,private,1,According to Country of Origin - Private Sector
2025-10-31,2408,"Al-Ikhaa Al-Libi Al-Awwal Company for Importing Foodstuffs, Livestock, and Meat",100100.0,private,1,According to Country of Origin - Private Sector
2025-10-31,2409,Nova Company for Cutting and Installing Marble,100000.0,private,1,According to Country of Origin - Private Sector
2025-10-31,2410,Dasr Al-Khair Company for Importing Building Materials and Sanitary Materials,99932.0,private,1,According to Country of Origin - Private Sector
2025-10-31,2411,"Arm International Al-Haditha Company for Importing Gypsum, Decoration, Building Materials, Sanitary Materials, and Accessories",99168.0,private,1,According to Country of Origin - Private Sector
2025-10-31,2412,Al-Aqla Company for Aluminum Manufacturing,97858.0,private,1,According to Country of Origin - Private Sector
2025-10-31,2413,Tarsin Al-Awwal Company for Importing Furniture,97732.0,private,1,According to Country of Origin - Private Sector
2025-10-31,2414,Al-Jawhara Al-Haditha Company for Importing Machines,96820.0,private,1,According to Country of Origin - Private Sector
2025-10-31,2415,"Al-Oud Al-Tayyib Company for Importing Beauty Products, Hardware, and Cleaning Materials",94636.0,private,1,According to Country of Origin - Private Sector
2025-10-31,2416,Al-Qimma Group for Renewable Energy and Electrical Works,94320.0,private,1,According to Country of Origin - Private Sector
2025-10-31,2417,Al-Rafiq Al-Da’im Company for Importing Cars and Spare Parts,94145.0,private,1,According to Country of Origin - Private Sector
2025-10-31,2418,Barqan Al-Haditha Company for Importing Transportation Means and Accessories,93743.0,private,1,According to Country of Origin - Private Sector
2025-10-31,2419,Darghouth Company for Importing Medicines and Medical Equipment,93673.0,private,1,According to Country of Origin - Private Sector
2025-10-31,2420,"Alama Al-Sharq Company for Importing Foodstuffs, Livestock, and Meat",92387.0,private,1,According to Country of Origin - Private Sector
2025-10-31,2421,"Noa Al-Nakhla Company for Importing Foodstuffs, Livestock, Meat, and Dairy Products",92190.0,private,1,According to Country of Origin - Private Sector
2025-10-31,2422,"Mamoun International Company for Importing Foodstuffs, Livestock, and Meat",92124.0,private,1,According to Country of Origin - Private Sector
2025-10-31,2423,Al-Mukhtar Al-Jadid Company for Importing Cars and Spare Parts,92100.0,private,1,According to Country of Origin - Private Sector
2025-10-31,2424,Al-Ikhwa Al-Muta’aliqun Al-Awwal Company for Importing Foodstuffs,91915.0,private,1,According to Country of Origin - Private Sector
2025-10-31,2425,"Ansam Al-Andalus Company for Importing Medicines, Medical Preparations, and Mother & Child Supplies",91875.0,private,1,According to Country of Origin - Private Sector
2025-10-31,2426,"Nahj Al-Khair Company for Importing Foodstuffs, Livestock, and Meat",91264.0,private,1,According to Country of Origin - Private Sector
2025-10-31,2427,Lin Al-Alamiya Company for Importing Foodstuffs,90671.0,private,1,According to Country of Origin - Private Sector
2025-10-31,2428,Alam Al-Kamaliyat Company for Importing Cars and Spare Parts,90660.0,private,1,According to Country of Origin - Private Sector
2025-10-31,2429,Mizran Company for Importing Electrical and Non-Electrical Devices and Spare Parts,90466.0,private,1,According to Country of Origin - Private Sector
2025-10-31,2430,Nawar Company for Food Industries,90300.0,private,1,According to Country of Origin - Private Sector
2025-10-31,2431,Al-Buraq Al-Jadid Company for Importing Foodstuffs and Fresh Fruits,89900.0,private,1,According to Country of Origin - Private Sector
2025-10-31,2432,"Al-Wasl Al-Dawliya Company for Building Materials, Sanitary Materials, and Accessories (Limited)",89856.0,private,1,According to Country of Origin - Private Sector
2025-10-31,2433,Al-Sanabel Al-Khadra Company for Importing Foodstuffs,89617.0,private,1,According to Country of Origin - Private Sector
2025-10-31,2434,Al-Wathiqoon Group for Importing Foodstuffs,89280.0,private,1,According to Country of Origin - Private Sector
2025-10-31,2435,Al-Mashriq Company for Manufacturing Building Materials,88920.0,private,1,According to Country of Origin - Private Sector
2025-10-31,2436,"Al-Mumtaz Al-Awwal Company for Importing Medicines, Medical Equipment, and Supplies",88399.0,private,1,According to Country of Origin - Private Sector
2025-10-31,2437,Al-Dahia Company for Mills and Animal Feed,88310.0,private,1,According to Country of Origin - Private Sector
2025-10-31,2438,Tobactes Libya Factory for Manufacturing Plastic Pipes,87615.0,private,1,According to Country of Origin - Private Sector
2025-10-31,2439,Al-Imad Al-Aali Company for General Contracting,87557.0,private,1,According to Country of Origin - Private Sector
2025-10-31,2440,Zahra Al-Aasima Company for Importing Foodstuffs,87500.0,private,1,According to Country of Origin - Private Sector
2025-10-31,2441,Al-Umma Company for Importing Aluminum,86749.0,private,1,According to Country of Origin - Private Sector
2025-10-31,2442,Al-Fouladh Al-Muttahid Factory for Manufacturing Corrugated Steel,86273.0,private,1,According to Country of Origin - Private Sector
2025-10-31,2443,Al-Isnad Al-Filahi Company for Importing Agricultural Pesticides,86125.0,private,1,According to Country of Origin - Private Sector
2025-10-31,2444,Al-Tayyib Company for Manufacturing Animal Feed,86050.0,private,1,According to Country of Origin - Private Sector
2025-10-31,2445,"Al-Rashidoon Company for Importing Beauty Products, Hardware, and Cleaning Materials",85785.0,private,1,According to Country of Origin - Private Sector
2025-10-31,2446,"Mateen Factory for Manufacturing Chairs and Educational, Office, and Household Furnishings",85360.0,private,1,According to Country of Origin - Private Sector
2025-10-31,2447,Al-Mutajadd Al-Zahir Company for Importing Building Materials and Sanitary Materials,84651.0,private,1,According to Country of Origin - Private Sector
2025-10-31,2448,Al-Asil Al-Mumtaz Company for Importing Electrical Devices and Materials,84469.0,private,1,According to Country of Origin - Private Sector
2025-10-31,2449,Wamda Company for Importing Transportation Means and Accessories,84420.0,private,1,According to Country of Origin - Private Sector
2025-10-31,2450,Al-Hayat Al-Mubtakira Al-Mumayaza Company for Importing Electrical and Home Appliances,83087.0,private,1,According to Country of Origin - Private Sector
2025-10-31,2451,Ramadan Fathi Ali Al-Arqat Factory for Manufacturing Automatic Textiles,82000.0,private,1,According to Country of Origin - Private Sector
2025-10-31,2452,Al-Manakh Al-Jadid Company for Importing Electrical and Non-Electrical Devices and Spare Parts,81800.0,private,1,According to Country of Origin - Private Sector
2025-10-31,2453,Al-Wajha Al-Alamiya Company for Importing Building Materials,81600.0,private,1,According to Country of Origin - Private Sector
2025-10-31,2454,"Al-Kawader Company for Importing Building Materials, Sanitary Materials, and Accessories (Affiliated with Al-Bustan Holding)",81342.0,private,1,According to Country of Origin - Private Sector
2025-10-31,2455,Al-Tijan Company for Importing Dental Equipment,80099.0,private,1,According to Country of Origin - Private Sector
2025-10-31,2456,"Sukoor Africa Company for Importing Medical Equipment, Medicines, Medical Preparations, and Mother & Child Supplies",80050.0,private,1,According to Country of Origin - Private Sector
2025-10-31,2457,Marahil Al-Tahliya Company for Importing Water Desalination Pumps and Spare Parts,80000.0,private,1,According to Country of Origin - Private Sector
2025-10-31,2458,Nawasi Al-Rida Company for Importing Foodstuffs,80000.0,private,1,According to Country of Origin - Private Sector
2025-10-31,2459,Al-Qalaa Factory for Manufacturing Plastics,80000.0,private,1,According to Country of Origin - Private Sector
2025-10-31,2460,Strain Company for Plastic Industries,80000.0,private,1,According to Country of Origin - Private Sector
2025-10-31,2461,"Duroob Al-Mutawassit Company for Importing Building Materials, Sanitary Materials, and Accessories",79976.0,private,1,According to Country of Origin - Private Sector
2025-10-31,2462,"Mat’hin Al-Makan Company for Food Industries, Packing, and Packaging",79950.0,private,1,According to Country of Origin - Private Sector
2025-10-31,2463,Aswad Tobactes Company for Importing Foodstuffs,79801.0,private,1,According to Country of Origin - Private Sector
2025-10-31,2464,"Afaq Al-Ghoroub Company for Importing Home Appliances, Electronics, and Accessories",79665.0,private,1,According to Country of Origin - Private Sector
2025-10-31,2465,Al-Yasmin Al-Jadida Company for Importing Cleaning Materials,79478.0,private,1,According to Country of Origin - Private Sector
2025-10-31,2466,Al-Wasla Company for Importing Building Materials and Insulating Materials of All Types,79444.0,private,1,According to Country of Origin - Private Sector
2025-10-31,2467,Al-Aqariya Al-Libiya Al-Haditha Company for Importing Home Appliances,78524.0,private,1,According to Country of Origin - Private Sector
2025-10-31,2468,"Al-Siyaq Al-Mumayaz Company for Importing Foodstuffs, Livestock",78348.0,private,1,According to Country of Origin - Private Sector
2025-10-31,2469,"Victoria Al-Haditha Company for Importing Swimming Pools, Saunas, and Fountains",77925.0,private,1,According to Country of Origin - Private Sector
2025-10-31,2470,Shorouq Libya Factory for Manufacturing Plastics,77811.0,private,1,According to Country of Origin - Private Sector
2025-10-31,2471,"Alam Al-Ibda’a Company for Importing Raw Materials, Paints, and Plastic Containers",77600.0,private,1,According to Country of Origin - Private Sector
2025-10-31,2472,"Al-Shaml Al-Mi’mariya Company for Importing Building Materials, Sanitary Materials, and Accessories",77252.0,private,1,According to Country of Origin - Private Sector
2025-10-31,2473,Al-Mustanad Al-Rasikh Factory for Food Industries,77051.0,private,1,According to Country of Origin - Private Sector
2025-10-31,2474,Al-Imtiaz Company for Importing Cleaning Materials,76754.0,private,1,According to Country of Origin - Private Sector
2025-10-31,2475,Nawarat Al-Sharq Company for Importing Foodstuffs,76500.0,private,1,According to Country of Origin - Private Sector
2025-10-31,2476,Shams Factory for Metal Works and Mobile Homes,76336.0,private,1,According to Country of Origin - Private Sector
2025-10-31,2477,Bahr Al-Samah Company for Importing Building Materials and Sanitary Materials,74540.0,private,1,According to Country of Origin - Private Sector
2025-10-31,2478,Beta Polymer Company for Chemical Industries,74316.0,private,1,According to Country of Origin - Private Sector
2025-10-31,2479,Al-Naba’ Al-Safi Factory for Bottling Drinking Water,74037.0,private,1,According to Country of Origin - Private Sector
2025-10-31,2480,"Al-Taqniyat Al-Haditha Al-Awwal Company for Importing Agricultural Machinery, Tools, and Accessories",73542.0,private,1,According to Country of Origin - Private Sector
2025-10-31,2481,Al-Alam Al-Muttahid for Technical Systems,73330.0,private,1,According to Country of Origin - Private Sector
2025-10-31,2482,Wad Company for Importing Diapers and Paper Towel Supplies,73072.0,private,1,According to Country of Origin - Private Sector
2025-10-31,2483,Lamsa Malak Company for Importing Foodstuffs,73000.0,private,1,According to Country of Origin - Private Sector
2025-10-31,2484,Wadi Libya Company for Importing Foodstuffs and Fresh Fruits,72543.0,private,1,According to Country of Origin - Private Sector
2025-10-31,2485,Marahil Al-Tanmia Al-Zira’iya Company for Importing Agricultural Machinery and Equipment,72479.0,private,1,According to Country of Origin - Private Sector
2025-10-31,2486,Al-Matbakh Al-Alami Company for Importing Foodstuffs,72468.0,private,1,According to Country of Origin - Private Sector
2025-10-31,2487,"Al-Reef Al-Akhdar Company for Importing Foodstuffs, Livestock, and Meat",72441.0,private,1,According to Country of Origin - Private Sector
2025-10-31,2488,Leptus Company for Importing Household and Electrical Materials,72342.0,private,1,According to Country of Origin - Private Sector
2025-10-31,2489,"Zahra Al-Lotus Company for Importing Building Materials, Sanitary Materials, and Accessories",71990.0,private,1,According to Country of Origin - Private Sector
2025-10-31,2490,"Al-Wiqaya Al-Mumayaza Company for Importing Medical Equipment, Medical Preparations, and Mother & Child Supplies",71880.0,private,1,According to Country of Origin - Private Sector
2025-10-31,2491,Al-Naba’ Al-Rawi Company for Importing Water Desalination Systems and Plants,71655.0,private,1,According to Country of Origin - Private Sector
2025-10-31,2492,Al-Masdar Al-Jadid Company for Importing Rollers and Industrial Equipment,70461.0,private,1,According to Country of Origin - Private Sector
2025-10-31,2493,Al-Bawadi Al-Jadida Company for Importing Agricultural Machinery and Supplies,69681.0,private,1,According to Country of Origin - Private Sector
2025-10-31,2494,"Al-Tasahil Company for Importing Medical Equipment, Medicines, Medical Preparations, and Mother & Child Supplies",69638.0,private,1,According to Country of Origin - Private Sector
2025-10-31,2495,Al-Saraha Al-Dawliya Company for Importing Transportation Means and Accessories (Limited),69460.0,private,1,According to Country of Origin - Private Sector
2025-10-31,2496,Miyah Al-Najaa Company for Mineral Water,69089.0,private,1,According to Country of Origin - Private Sector
2025-10-31,2497,Itlala Company for Engineering Industries,69070.0,private,1,According to Country of Origin - Private Sector
2025-10-31,2498,Alam Al-Bunyan Al-Hadith Company for Importing Building Materials and Sanitary Materials,68938.0,private,1,According to Country of Origin - Private Sector
2025-10-31,2499,Al-Mawaqid Company for Installing and Maintaining Central Heating,68616.0,private,1,According to Country of Origin - Private Sector
2025-10-31,2500,Al-Mukhtar Al-Mithali Company for Importing Transportation Means and Accessories,68216.0,private,1,According to Country of Origin - Private Sector
2025-10-31,2501,Rimal Tripoli Company for Importing Transportation Means and Accessories,67684.0,private,1,According to Country of Origin - Private Sector
2025-10-31,2502,"Al-An’am Company for Importing Medicines, Equipment, and Veterinary Preparations",66537.0,private,1,According to Country of Origin - Private Sector
2025-10-31,2503,Al-Khibraat Al-Mumtaza Company for Importing Foodstuffs,66213.0,private,1,According to Country of Origin - Private Sector
2025-10-31,2504,"Aras Company for Importing Building Materials, Sanitary Materials, and Accessories",65972.0,private,1,According to Country of Origin - Private Sector
2025-10-31,2505,Al-Mutakamil Al-Awwal Company for Manufacturing Building Materials and Insulating Materials,65835.0,private,1,According to Country of Origin - Private Sector
2025-10-31,2506,Al-Alamiya Al-Mutawwara Company for Importing Foodstuffs,65641.0,private,1,According to Country of Origin - Private Sector
2025-10-31,2507,Al-Burj Al-Munir Company for Importing Building Materials,65200.0,private,1,According to Country of Origin - Private Sector
2025-10-31,2508,A’mak Al-Bihar Company for Importing Fish and Fish Products,65000.0,private,1,According to Country of Origin - Private Sector
2025-10-31,2509,"Al-Itqan Al-Libi Company for Importing Clothing, Textiles, and Leather Products",64630.0,private,1,According to Country of Origin - Private Sector
2025-10-31,2510,Al-Shuaa Al-Libi Company for Importing Foodstuffs,64500.0,private,1,According to Country of Origin - Private Sector
2025-10-31,2511,A’mar Al-Fan Company for Importing Building Materials,64444.0,private,1,According to Country of Origin - Private Sector
2025-10-31,2512,Mersin Company for Importing and Packing Foodstuffs,64000.0,private,1,According to Country of Origin - Private Sector
2025-10-31,2513,Saraya Romaisa Company for Importing Cars and Spare Parts,63691.0,private,1,According to Country of Origin - Private Sector
2025-10-31,2514,Nujoom Al-Fajr Company for Importing Electrical Devices and Materials,63017.0,private,1,According to Country of Origin - Private Sector
2025-10-31,2515,Al-Hilal Factory for Manufacturing Plastics,62730.0,private,1,According to Country of Origin - Private Sector
2025-10-31,2516,"Marmer Libya Al-Awwal Company for Importing Building Materials, Sanitary Materials, and Accessories",60868.0,private,1,According to Country of Origin - Private Sector
2025-10-31,2517,Al-Bidaya Al-Libiya Company for Plastic Industries,60460.0,private,1,According to Country of Origin - Private Sector
2025-10-31,2518,"Al-Salam Company for Printing, Advertising, and Promotion",60250.0,private,1,According to Country of Origin - Private Sector
2025-10-31,2519,Najah Kimia Company for Manufacturing Cleaning Materials,60130.0,private,1,According to Country of Origin - Private Sector
2025-10-31,2520,Alam Al-Alamiya Al-Mutakaddima Company for Importing Transportation Means and Accessories,59540.0,private,1,According to Country of Origin - Private Sector
2025-10-31,2521,Al-Alyaf Libya Company for Manufacturing Fiberglass,59312.0,private,1,According to Country of Origin - Private Sector
2025-10-31,2522,Al-Kristal Company for Manufacturing and Assembling Electrical and Electronic Materials,59200.0,private,1,According to Country of Origin - Private Sector
2025-10-31,2523,A’mar Al-Aqariya Company for Importing Building Materials,59188.0,private,1,According to Country of Origin - Private Sector
2025-10-31,2524,Al-Saraha Company for Importing Computers and Electronics,58850.0,private,1,According to Country of Origin - Private Sector
2025-10-31,2525,Al-Tabi’a Company for Food Industries,58404.0,private,1,According to Country of Origin - Private Sector
2025-10-31,2526,"Al-Majarra Al-Jadida Company for Importing Electronics, Spare Parts, Accessories, Mobile Devices, and Supplies",57240.0,private,1,According to Country of Origin - Private Sector
2025-10-31,2527,"Ruwad Al-Taqniya Al-Haditha Company for Measurement, Calibration, and Development Services",55750.0,private,1,According to Country of Origin - Private Sector
2025-10-31,2528,"Al-Asala Al-Tijariya Company for Importing Electronics, Accessories, Spare Parts, and Electrical Materials",55417.0,private,1,According to Country of Origin - Private Sector
2025-10-31,2529,Al-Qusoor Al-Zira’iya Company for Importing Agricultural Supplies and Spare Parts,55220.0,private,1,According to Country of Origin - Private Sector
2025-10-31,2530,Al-Jawhara Al-Bayda Company for Food Industries,55020.0,private,1,According to Country of Origin - Private Sector
2025-10-31,2531,"Bab Al-Aqaba Company for Importing Building Materials, Sanitary Materials, and Accessories",54900.0,private,1,According to Country of Origin - Private Sector
2025-10-31,2532,Al-Rahba Al-Jadida Company for Importing Foodstuffs,53217.0,private,1,According to Country of Origin - Private Sector
2025-10-31,2533,Al-Bustan Al-Ghitha’i Company for Importing Foodstuffs (LLC),53172.0,private,1,According to Country of Origin - Private Sector
2025-10-31,2534,"Al-Reehan Company for Importing Medical Equipment, Medicines, Medical Preparations, and Mother & Child Supplies",53100.0,private,1,According to Country of Origin - Private Sector
2025-10-31,2535,Al-Hanash Company for Importing Cars and Spare Parts,52950.0,private,1,According to Country of Origin - Private Sector
2025-10-31,2536,"Al-Nahda Company for Importing Building Materials, Sanitary Materials, and Accessories",52719.0,private,1,According to Country of Origin - Private Sector
2025-10-31,2537,Al-Qasr Al-Saeed Company for Importing Furniture,52284.0,private,1,According to Country of Origin - Private Sector
2025-10-31,2538,"Al-Nadhir Company for Importing Foodstuffs, Livestock, and Meat",52165.0,private,1,According to Country of Origin - Private Sector
2025-10-31,2539,Al-Ruya Al-Sati’a Company for Importing Medical Supplies,51756.0,private,1,According to Country of Origin - Private Sector
2025-10-31,2540,"Al-Rashid Al-Munir Company for Importing Foodstuffs, Fresh Fruits, Livestock, and Meat",51447.0,private,1,According to Country of Origin - Private Sector
2025-10-31,2541,Kanz Al-Ard Company for Importing Transportation Means and Accessories (Limited Liability),51240.0,private,1,According to Country of Origin - Private Sector
2025-10-31,2542,"Asateer Al-Alam Company for Importing Foodstuffs, Livestock, Meat, Vegetables, and Fruits",50654.0,private,1,According to Country of Origin - Private Sector
2025-10-31,2543,"Al-Qawafil Al-Libiya Al-Muttahida Company for Importing Building Materials, Sanitary Materials, and Accessories",50652.0,private,1,According to Country of Origin - Private Sector
2025-10-31,2544,"Al-Shadrawan Al-Mudi’ Company for Importing Foodstuffs, Livestock, and Meat",50554.0,private,1,According to Country of Origin - Private Sector
2025-10-31,2545,"Mazaya Al-Bayt Company for Importing Household Items, Electrical and Non-Electrical Devices",50016.0,private,1,According to Country of Origin - Private Sector
2025-10-31,2546,"Jood Company for Importing Building Materials, Sanitary, and Electrical Materials",50000.0,private,1,According to Country of Origin - Private Sector
2025-10-31,2547,"Tayyibat Libya Al-Dawliya Company for Importing Foodstuffs, Livestock, and Meat",50000.0,private,1,According to Country of Origin - Private Sector
2025-10-31,2548,Al-Raqi Company for Manufacturing Sanitary Marble Materials,49864.0,private,1,According to Country of Origin - Private Sector
2025-10-31,2549,Basriyat Tripoli Company for Importing Optical Products and Accessories,49747.0,private,1,According to Country of Origin - Private Sector
2025-10-31,2550,Al-Mumtaz Company for Importing Medical Supplies and Equipment,48680.0,private,1,According to Country of Origin - Private Sector
2025-10-31,2551,"Afaq Al-Lami’a Company for Importing Foodstuffs, Livestock, and Meat",48150.0,private,1,According to Country of Origin - Private Sector
2025-10-31,2552,Al-Seil Al-Khair Company for Importing Tea and Foodstuffs,47880.0,private,1,According to Country of Origin - Private Sector
2025-10-31,2553,Al-Mizan Factory for Manufacturing Floor Tiles,47624.0,private,1,According to Country of Origin - Private Sector
2025-10-31,2554,"Al-Mutamayyiza Al-Haditha Group for Importing Foodstuffs, Livestock, and Meat",47500.0,private,1,According to Country of Origin - Private Sector
2025-10-31,2555,Ansam Al-Tayyib Company for Importing Perfumes and Cleaning Materials,46144.0,private,1,According to Country of Origin - Private Sector
2025-10-31,2556,Fakhama Al-Tasmeem Company for Manufacturing Furniture and Kitchens,46000.0,private,1,According to Country of Origin - Private Sector
2025-10-31,2557,"Al-Ma’ida Al-Tayyiba Company for Importing Foodstuffs, Livestock, and Meat",45754.0,private,1,According to Country of Origin - Private Sector
2025-10-31,2558,"Al-Safqa Al-Adila Company for Importing Tires, Rims, and Accessories",45362.0,private,1,According to Country of Origin - Private Sector
2025-10-31,2559,Nauman Company for Importing Sports and Recreational Equipment and Games,45345.0,private,1,According to Country of Origin - Private Sector
2025-10-31,2560,Al-Sindan Company for Importing Workshop Equipment,44419.0,private,1,According to Country of Origin - Private Sector
2025-10-31,2561,"Ruwad Al-Salam Company for Importing Household, Electrical, and Electronic Materials",44408.0,private,1,According to Country of Origin - Private Sector
2025-10-31,2562,Zahra Sayad Company for Food Industries,43988.0,private,1,According to Country of Origin - Private Sector
2025-10-31,2563,Al-Taj Al-Masi Company for Manufacturing Building Materials,43605.0,private,1,According to Country of Origin - Private Sector
2025-10-31,2564,Marathon Benghazi Company for Importing Clothing and Medical Shoes,42756.0,private,1,According to Country of Origin - Private Sector
2025-10-31,2565,Al-Qimma Al-Alamiya Company for Electrical Services,42600.0,private,1,According to Country of Origin - Private Sector
2025-10-31,2566,Al-Nahr Company for Importing Agricultural Equipment and Supplies,41729.0,private,1,According to Country of Origin - Private Sector
2025-10-31,2567,Rama Factory for Engineering Industries,40823.0,private,1,According to Country of Origin - Private Sector
2025-10-31,2568,Al-Tarabot Al-Wathiq Company for Manufacturing Building Materials,40774.0,private,1,According to Country of Origin - Private Sector
2025-10-31,2569,"Al-Dahnat Al-Muttahida Company for Importing Building Materials, Sanitary Materials, and Accessories",40481.0,private,1,According to Country of Origin - Private Sector
2025-10-31,2570,"Abnaa Bin Ghazi Factory for Manufacturing Curtains, Salons, and Mattresses",40396.0,private,1,According to Country of Origin - Private Sector
2025-10-31,2571,"Ram Al-Awwal Company for Importing Beauty Products, Hardware, and Cleaning Materials",40204.0,private,1,According to Country of Origin - Private Sector
2025-10-31,2572,Rubina Factory for Manufacturing Marble and Granite,39845.0,private,1,According to Country of Origin - Private Sector
2025-10-31,2573,Tripolis Company for Insurance Brokerage and Reinsurance Services,39749.0,private,1,According to Country of Origin - Private Sector
2025-10-31,2574,Al-Sharara Company for Importing Building and Sanitary Materials,39658.0,private,1,According to Country of Origin - Private Sector
2025-10-31,2575,"Al-‘Unfuwan Company for Importing Foodstuffs, Livestock, and Meat",39408.0,private,1,According to Country of Origin - Private Sector
2025-10-31,2576,"Al-Masar Al-Fiddi Company for Importing Household, Electrical, and Electronic Materials and Accessories",38250.0,private,1,According to Country of Origin - Private Sector
2025-10-31,2577,"Sima Al-Mumayaz Company for Importing Foodstuffs, Livestock, and Meat",38036.0,private,1,According to Country of Origin - Private Sector
2025-10-31,2578,Al-Bustan Al-Akhdar Company for Importing Foodstuffs,36018.0,private,1,According to Country of Origin - Private Sector
2025-10-31,2579,Jabal Lebanon Company for Importing Cleaning Materials,35456.0,private,1,According to Country of Origin - Private Sector
2025-10-31,2580,Al-Mutajar Al-Libi Company for Importing Furniture,35324.0,private,1,According to Country of Origin - Private Sector
2025-10-31,2581,Jibal Al-Atlas Factory for Plastic Industries,35000.0,private,1,According to Country of Origin - Private Sector
2025-10-31,2582,Darb Al-Imtiaz Company for Importing Transportation Means and Accessories,33921.0,private,1,According to Country of Origin - Private Sector
2025-10-31,2583,"Gamma Medical Company for Importing Medical Equipment, Medical Preparations, and Mother & Child Supplies",32792.0,private,1,According to Country of Origin - Private Sector
2025-10-31,2584,"Noor Al-Salam Company for Importing Electrical, Non-Electrical Devices, and Spare Parts",32190.0,private,1,According to Country of Origin - Private Sector
2025-10-31,2585,Abu Fares & Partners Company for Iron Industries,31960.0,private,1,According to Country of Origin - Private Sector
2025-10-31,2586,Sarman Al-Haditha Company for Manufacturing Building Materials and Ceramics,31616.0,private,1,According to Country of Origin - Private Sector
2025-10-31,2587,"Al-Shihabi Company for Importing Foodstuffs, Livestock, and Meat",31500.0,private,1,According to Country of Origin - Private Sector
2025-10-31,2588,Barniq Al-Haditha Company for Importing Garden Equipment and Agricultural Machinery,31122.0,private,1,According to Country of Origin - Private Sector
2025-10-31,2589,Al-Umran Company for Manufacturing Building Materials,31050.0,private,1,According to Country of Origin - Private Sector
2025-10-31,2590,Al-Qudra Al-Alamiya Company for Technical Equipment,31000.0,private,1,According to Country of Origin - Private Sector
2025-10-31,2591,"Pharm Company for Importing Agricultural Machinery, Equipment, and Spare Parts",30807.0,private,1,According to Country of Origin - Private Sector
2025-10-31,2592,Lina Al-Dawliya Company for Importing Factory and Workshop Equipment and Supplies,30515.0,private,1,According to Country of Origin - Private Sector
2025-10-31,2593,Al-Bariq Al-Dhahabi Company for Importing Cleaning and Beauty Materials,29008.0,private,1,According to Country of Origin - Private Sector
2025-10-31,2594,"Al-Reef Al-Libi Company for Importing Agricultural Machinery, Equipment, and Spare Parts",27572.0,private,1,According to Country of Origin - Private Sector
2025-10-31,2595,Al-Rubyan Company for Salted Industries,27254.0,private,1,According to Country of Origin - Private Sector
2025-10-31,2596,Al-Tilal Company for Paper Manufacturing and Printing Supplies,25630.0,private,1,According to Country of Origin - Private Sector
2025-10-31,2597,Zad Al-Bayt Company for Importing Foodstuffs,24324.0,private,1,According to Country of Origin - Private Sector
2025-10-31,2598,"Al-Tifl Al-Jadid Company for Importing Medicines, Medical Preparations, and Mother & Child Supplies",22013.0,private,1,According to Country of Origin - Private Sector
2025-10-31,2599,Al-Thiqa Best Quality Company for Importing Mother & Child Supplies,21850.0,private,1,According to Country of Origin - Private Sector
2025-10-31,2600,Libyana Insurance Company,19662.0,private,1,According to Country of Origin - Private Sector
2025-10-31,2601,"Al-Usutra Al-Asliya Company for Importing Beauty Products, Hardware, and Cleaning Materials",19500.0,private,1,According to Country of Origin - Private Sector
2025-10-31,2602,Al-Jawhara Al-Naqiya Company for Importing Cleaning Materials,18032.0,private,1,According to Country of Origin - Private Sector
2025-10-31,2603,Al-Shajaratain Company for Importing Cleaning Materials,17547.0,private,1,According to Country of Origin - Private Sector
2025-10-31,2604,Al-Ibda’a Al-Dawliya Al-Haditha Company for Importing Office and Home Furniture,16500.0,private,1,According to Country of Origin - Private Sector
2025-10-31,2605,Al-Mutawakkil Company for Manufacturing Animal Feed and Grain Milling,12750.0,private,1,According to Country of Origin - Private Sector
2025-10-31,2606,Masaa’i Al-A’mar Company for Importing Building Materials,11820.0,private,1,According to Country of Origin - Private Sector
2025-10-31,2607,Ard Al-Salfium Company for Importing Mother & Child Supplies,10553.0,private,1,According to Country of Origin - Private Sector
2025-10-31,2608,Al-Ittihadia Insurance Company (Joint Stock),7365.0,private,1,According to Country of Origin - Private Sector
2025-10-31,1,United Arab Emirates,3818865169.0,private,3,According to Country of Origin - Private Sector
2025-10-31,2,Türkiye,3177006493.0,private,3,According to Country of Origin - Private Sector
2025-10-31,3,Egypt,1445662337.0,private,3,According to Country of Origin - Private Sector
2025-10-31,4,China,623296511.0,private,3,According to Country of Origin - Private Sector
2025-10-31,5,Switzerland,596288161.0,private,3,According to Country of Origin - Private Sector
2025-10-31,6,United Kingdom,493021693.0,private,3,According to Country of Origin - Private Sector
2025-10-31,7,Italy,398214489.0,private,3,According to Country of Origin - Private Sector
2025-10-31,8,Tunisia,394135972.0,private,3,According to Country of Origin - Private Sector
2025-10-31,9,Spain,239854215.0,private,3,According to Country of Origin - Private Sector
2025-10-31,10,Thailand,175735715.0,private,3,According to Country of Origin - Private Sector
2025-10-31,11,Austria,167549598.0,private,3,According to Country of Origin - Private Sector
2025-10-31,12,Japan,164262210.0,private,3,According to Country of Origin - Private Sector
2025-10-31,13,Netherlands,140909338.0,private,3,According to Country of Origin - Private Sector
2025-10-31,14,Singapore,138693870.0,private,3,According to Country of Origin - Private Sector
2025-10-31,15,Jordan,107248439.0,private,3,According to Country of Origin - Private Sector
2025-10-31,16,Slovakia,105584386.0,private,3,According to Country of Origin - Private Sector
2025-10-31,17,Germany,105165953.0,private,3,According to Country of Origin - Private Sector
2025-10-31,18,France,104918694.0,private,3,According to Country of Origin - Private Sector
2025-10-31,19,South Korea,99467141.0,private,3,According to Country of Origin - Private Sector
2025-10-31,20,Canada,74091275.0,private,3,According to Country of Origin - Private Sector
2025-10-31,21,Saudi Arabia,70585903.0,private,3,According to Country of Origin - Private Sector
2025-10-31,22,Hong Kong S.A.R.,66583774.0,private,3,According to Country of Origin - Private Sector
2025-10-31,23,Belgium,56965127.0,private,3,According to Country of Origin - Private Sector
2025-10-31,24,Indonesia,56913738.0,private,3,According to Country of Origin - Private Sector
2025-10-31,25,Oman,55775906.0,private,3,According to Country of Origin - Private Sector
2025-10-31,26,India,55084232.0,private,3,According to Country of Origin - Private Sector
2025-10-31,27,New Zealand,49313998.0,private,3,According to Country of Origin - Private Sector
2025-10-31,28,Bahrain,44921855.0,private,3,According to Country of Origin - Private Sector
2025-10-31,29,Ukraine,44320107.0,private,3,According to Country of Origin - Private Sector
2025-10-31,30,Sri Lanka,43537416.0,private,3,According to Country of Origin - Private Sector
2025-10-31,31,United States,42057911.0,private,3,According to Country of Origin - Private Sector
2025-10-31,32,Malta,41973930.0,private,3,According to Country of Origin - Private Sector
2025-10-31,33,Sweden,37125469.0,private,3,According to Country of Origin - Private Sector
2025-10-31,34,Cyprus,36131106.0,private,3,According to Country of Origin - Private Sector
2025-10-31,35,Brazil,35509057.0,private,3,According to Country of Origin - Private Sector
2025-10-31,36,Algeria,31686578.0,private,3,According to Country of Origin - Private Sector
2025-10-31,37,Morocco,28458529.0,private,3,According to Country of Origin - Private Sector
2025-10-31,38,Ireland,23761367.0,private,3,According to Country of Origin - Private Sector
2025-10-31,39,Denmark,22695906.0,private,3,According to Country of Origin - Private Sector
2025-10-31,40,Greece,18573831.0,private,3,According to Country of Origin - Private Sector
2025-10-31,41,Slovenia,17754229.0,private,3,According to Country of Origin - Private Sector
2025-10-31,42,Poland,17493980.0,private,3,According to Country of Origin - Private Sector
2025-10-31,43,Mauritius,17309309.0,private,3,According to Country of Origin - Private Sector
2025-10-31,44,Luxembourg,16946017.0,private,3,According to Country of Origin - Private Sector
2025-10-31,45,Hungary,16600687.0,private,3,According to Country of Origin - Private Sector
2025-10-31,46,Portugal,11396860.0,private,3,According to Country of Origin - Private Sector
2025-10-31,47,Ecuador,10957434.0,private,3,According to Country of Origin - Private Sector
2025-10-31,48,Australia,10575960.0,private,3,According to Country of Origin - Private Sector
2025-10-31,49,Viet Nam,9137876.0,private,3,According to Country of Origin - Private Sector
2025-10-31,50,Romania,8594252.0,private,3,According to Country of Origin - Private Sector
2025-10-31,51,Lithuania,8578900.0,private,3,According to Country of Origin - Private Sector
2025-10-31,52,Russian Federation,5822500.0,private,3,According to Country of Origin - Private Sector
2025-10-31,53,Bulgaria,5692267.0,private,3,According to Country of Origin - Private Sector
2025-10-31,54,Pakistan,4347710.0,private,3,According to Country of Origin - Private Sector
2025-10-31,55,Finland,3860584.0,private,3,According to Country of Origin - Private Sector
2025-10-31,56,Lebanon,2750787.0,private,3,According to Country of Origin - Private Sector
2025-10-31,57,Malaysia,2672342.0,private,3,According to Country of Origin - Private Sector
2025-10-31,58,Qatar,2438000.0,private,3,According to Country of Origin - Private Sector
2025-10-31,59,Marshall Islands,2426460.0,private,3,According to Country of Origin - Private Sector
2025-10-31,60,"Korea, North",2423380.0,private,3,According to Country of Origin - Private Sector
2025-10-31,61,Botswana,1651500.0,private,3,According to Country of Origin - Private Sector
2025-10-31,62,Argentina,1454424.0,private,3,According to Country of Origin - Private Sector
2025-10-31,63,Serbia,1394721.0,private,3,According to Country of Origin - Private Sector
2025-10-31,64,Georgia,1207125.0,private,3,According to Country of Origin - Private Sector
2025-10-31,65,Croatia,1206445.0,private,3,According to Country of Origin - Private Sector
2025-10-31,66,Former Yugoslav Republic of Macedonia,1177468.0,private,3,According to Country of Origin - Private Sector
2025-10-31,67,South Africa,1163858.0,private,3,According to Country of Origin - Private Sector
2025-10-31,68,Europe,1115039.0,private,3,According to Country of Origin - Private Sector
2025-10-31,69,Liechtenstein,1070493.0,private,3,According to Country of Origin - Private Sector
2025-10-31,70,Bosnia and Herzegovina,975304.0,private,3,According to Country of Origin - Private Sector
2025-10-31,71,Andorra,970084.0,private,3,According to Country of Origin - Private Sector
2025-10-31,72,Taiwan,764919.0,private,3,According to Country of Origin - Private Sector
2025-10-31,73,Europe,732274.0,private,3,According to Country of Origin - Private Sector
2025-10-31,74,Kenya,534177.0,private,3,According to Country of Origin - Private Sector
2025-10-31,75,Monaco,508516.0,private,3,According to Country of Origin - Private Sector
2025-10-31,76,Nigeria,462409.0,private,3,According to Country of Origin - Private Sector
2025-10-31,77,Czech Republic,353651.0,private,3,According to Country of Origin - Private Sector
2025-10-31,78,Sant Marino,310355.0,private,3,According to Country of Origin - Private Sector
2025-10-31,79,Albania,274300.0,private,3,According to Country of Origin - Private Sector
2025-10-31,80,Iraq,210004.0,private,3,According to Country of Origin - Private Sector
2025-10-31,81,Kuwait,152240.0,private,3,According to Country of Origin - Private Sector
2025-10-31,82,Turkmenistan,125250.0,private,3,According to Country of Origin - Private Sector
2025-10-31,83,Gabon,110063.0,private,3,According to Country of Origin - Private Sector
2025-10-31,84,Estonia,105571.0,private,3,According to Country of Origin - Private Sector
2025-10-31,85,Saint Helena,100000.0,private,3,According to Country of Origin - Private Sector
2025-10-31,86,Uzbekistan,89280.0,private,3,According to Country of Origin - Private Sector
2025-10-31,87,Sierra Leone,65928.0,private,3,According to Country of Origin - Private Sector
2025-10-31,88,American Samoa,54939.0,private,3,According to Country of Origin - Private Sector
2025-10-31,89,Moldova,40933.0,private,3,According to Country of Origin - Private Sector
2025-10-31,90,Kazakhstan,4400.0,private,3,According to Country of Origin - Private Sector
