centre_code,baladiya_ar,source_collection,mahalla_ar,city_ar,baladiya_2021_ar,source_date,source_document,source_sha256
11030,زمزم,card_distribution,ابونجيم,وادي ب,زمزم,2024-08-29,احصائيات المراكز التوزيع بطاقة ناخب 28-8-2024,761f28f0fe0545070844045ba465d931d64216ef2f858edb6efac20ff4146f86
11034,زمزم,card_distribution,أبونجيم,أبونجيم,زمزم,2024-08-29,احصائيات المراكز التوزيع بطاقة ناخب 28-8-2024,761f28f0fe0545070844045ba465d931d64216ef2f858edb6efac20ff4146f86
11035,زمزم,card_distribution,قرزه,قرزه,زمزم,2024-08-29,احصائيات المراكز التوزيع بطاقة ناخب 28-8-2024,761f28f0fe0545070844045ba465d931d64216ef2f858edb6efac20ff4146f86
11036,زمزم,card_distribution,زمزم,زمزم,زمزم,2024-08-29,احصائيات المراكز التوزيع بطاقة ناخب 28-8-2024,761f28f0fe0545070844045ba465d931d64216ef2f858edb6efac20ff4146f86
11037,زمزم,card_distribution,القداحية,زمزم,زمزم,2024-08-29,احصائيات المراكز التوزيع بطاقة ناخب 28-8-2024,761f28f0fe0545070844045ba465d931d64216ef2f858edb6efac20ff4146f86
11038,زمزم,card_distribution,القداحية,زمزم,زمزم,2024-08-29,احصائيات المراكز التوزيع بطاقة ناخب 28-8-2024,761f28f0fe0545070844045ba465d931d64216ef2f858edb6efac20ff4146f86
11049,لزة,card_distribution,زلة المركز,زلة,الجفرة,2024-08-29,احصائيات المراكز التوزيع بطاقة ناخب 28-8-2024,761f28f0fe0545070844045ba465d931d64216ef2f858edb6efac20ff4146f86
11104,زمزم,card_distribution,زمزم,زمزم,زمزم,2024-08-29,احصائيات المراكز التوزيع بطاقة ناخب 28-8-2024,761f28f0fe0545070844045ba465d931d64216ef2f858edb6efac20ff4146f86
11105,زمزم,card_distribution,زمزم,زمزم,زمزم,2024-08-29,احصائيات المراكز التوزيع بطاقة ناخب 28-8-2024,761f28f0fe0545070844045ba465d931d64216ef2f858edb6efac20ff4146f86
16001,الزاوية الوسط,card_distribution,الحاج عبيد,الزاوية,الزاوية المركز,2024-08-29,احصائيات المراكز التوزيع بطاقة ناخب 28-8-2024,761f28f0fe0545070844045ba465d931d64216ef2f858edb6efac20ff4146f86
16003,الزاوية الوسط,card_distribution,الحاج عبيد,الزاوية,الزاوية المركز,2024-08-29,احصائيات المراكز التوزيع بطاقة ناخب 28-8-2024,761f28f0fe0545070844045ba465d931d64216ef2f858edb6efac20ff4146f86
16005,الزاوية الوسط,card_distribution,الحرشة,الزاوية,الزاوية الغرب,2024-08-29,احصائيات المراكز التوزيع بطاقة ناخب 28-8-2024,761f28f0fe0545070844045ba465d931d64216ef2f858edb6efac20ff4146f86
16026,الزاوية الوسط,card_distribution,الفا س,الزاوية,الزاوية المركز,2024-08-29,احصائيات المراكز التوزيع بطاقة ناخب 28-8-2024,761f28f0fe0545070844045ba465d931d64216ef2f858edb6efac20ff4146f86
16027,الزاوية الوسط,card_distribution,الفا س,الزاوية,الزاوية المركز,2024-08-29,احصائيات المراكز التوزيع بطاقة ناخب 28-8-2024,761f28f0fe0545070844045ba465d931d64216ef2f858edb6efac20ff4146f86
16028,الزاوية الوسط,card_distribution,الفاس,الزاوية,الزاوية المركز,2024-08-29,احصائيات المراكز التوزيع بطاقة ناخب 28-8-2024,761f28f0fe0545070844045ba465d931d64216ef2f858edb6efac20ff4146f86
16048,الزاوية الوسط,card_distribution,بن شعيب,الزاوية,الزاوية الجنوب,2024-08-29,احصائيات المراكز التوزيع بطاقة ناخب 28-8-2024,761f28f0fe0545070844045ba465d931d64216ef2f858edb6efac20ff4146f86
16055,الزاوية الوسط,card_distribution,جامع القمودي,الزاوية,الزاوية المركز,2024-08-29,احصائيات المراكز التوزيع بطاقة ناخب 28-8-2024,761f28f0fe0545070844045ba465d931d64216ef2f858edb6efac20ff4146f86
16200,الزاوية الوسط,card_distribution,بت عزالدين,الزاوية,الزاوية الجنوب,2024-08-29,احصائيات المراكز التوزيع بطاقة ناخب 28-8-2024,761f28f0fe0545070844045ba465d931d64216ef2f858edb6efac20ff4146f86
17036,الشقيقة,card_distribution,الشقيقة,الشقيقة,الشقيقة,2024-08-29,احصائيات المراكز التوزيع بطاقة ناخب 28-8-2024,761f28f0fe0545070844045ba465d931d64216ef2f858edb6efac20ff4146f86
17037,الشقيقة,card_distribution,عطاء هللا الشقيقة,الشقيقة,الشقيقة,2024-08-29,احصائيات المراكز التوزيع بطاقة ناخب 28-8-2024,761f28f0fe0545070844045ba465d931d64216ef2f858edb6efac20ff4146f86
17039,الشقيقة,card_distribution,قرص وامس,الشقيقة,الشقيقة,2024-08-29,احصائيات المراكز التوزيع بطاقة ناخب 28-8-2024,761f28f0fe0545070844045ba465d931d64216ef2f858edb6efac20ff4146f86
17040,نسمة,card_distribution,نسمة المركز,نسمة,نسمة,2024-08-29,احصائيات المراكز التوزيع بطاقة ناخب 28-8-2024,761f28f0fe0545070844045ba465d931d64216ef2f858edb6efac20ff4146f86
17042,أرس الطبل,card_distribution,رأس الطبل,نسمة,نسمة,2024-08-29,احصائيات المراكز التوزيع بطاقة ناخب 28-8-2024,761f28f0fe0545070844045ba465d931d64216ef2f858edb6efac20ff4146f86
17043,نسمة,card_distribution,أبو الغرب,نسمة,نسمة,2024-08-29,احصائيات المراكز التوزيع بطاقة ناخب 28-8-2024,761f28f0fe0545070844045ba465d931d64216ef2f858edb6efac20ff4146f86
17049,مزدة,card_distribution,مزده,مزدة,مزدة,2024-08-29,احصائيات المراكز التوزيع بطاقة ناخب 28-8-2024,761f28f0fe0545070844045ba465d931d64216ef2f858edb6efac20ff4146f86
17050,مزدة,card_distribution,مزده,مزدة,مزدة,2024-08-29,احصائيات المراكز التوزيع بطاقة ناخب 28-8-2024,761f28f0fe0545070844045ba465d931d64216ef2f858edb6efac20ff4146f86
17051,مزدة,card_distribution,سواب فسانو,مزدة,مزدة,2024-08-29,احصائيات المراكز التوزيع بطاقة ناخب 28-8-2024,761f28f0fe0545070844045ba465d931d64216ef2f858edb6efac20ff4146f86
18022,القلعة,card_distribution,العليا,القلعة,القلعة,2024-08-29,احصائيات المراكز التوزيع بطاقة ناخب 28-8-2024,761f28f0fe0545070844045ba465d931d64216ef2f858edb6efac20ff4146f86
18023,القلعة,card_distribution,الوادي,القلعة,القلعة,2024-08-29,احصائيات المراكز التوزيع بطاقة ناخب 28-8-2024,761f28f0fe0545070844045ba465d931d64216ef2f858edb6efac20ff4146f86
18024,الرياينة,card_distribution,الرياينة الشقية,الرياينة,الرياينة,2024-08-29,احصائيات المراكز التوزيع بطاقة ناخب 28-8-2024,761f28f0fe0545070844045ba465d931d64216ef2f858edb6efac20ff4146f86
18025,الرياينة,card_distribution,العري,الرياينة,الرياينة,2024-08-29,احصائيات المراكز التوزيع بطاقة ناخب 28-8-2024,761f28f0fe0545070844045ba465d931d64216ef2f858edb6efac20ff4146f86
18027,الرياينة,card_distribution,الوسط,الرياينة,الرياينة,2024-08-29,احصائيات المراكز التوزيع بطاقة ناخب 28-8-2024,761f28f0fe0545070844045ba465d931d64216ef2f858edb6efac20ff4146f86
18028,الرياينة,card_distribution,أبولجام,الرياينة,الرياينة,2024-08-29,احصائيات المراكز التوزيع بطاقة ناخب 28-8-2024,761f28f0fe0545070844045ba465d931d64216ef2f858edb6efac20ff4146f86
18030,الزنتان,card_distribution,الزنتان الجنوبية,الزنتان,الزنتان,2024-08-29,احصائيات المراكز التوزيع بطاقة ناخب 28-8-2024,761f28f0fe0545070844045ba465d931d64216ef2f858edb6efac20ff4146f86
18031,الزنتان,card_distribution,الزنتان الجنوبية,الزنتان,الزنتان,2024-08-29,احصائيات المراكز التوزيع بطاقة ناخب 28-8-2024,761f28f0fe0545070844045ba465d931d64216ef2f858edb6efac20ff4146f86
18032,الزنتان,card_distribution,الزنتان الشقية,الزنتان,الزنتان,2024-08-29,احصائيات المراكز التوزيع بطاقة ناخب 28-8-2024,761f28f0fe0545070844045ba465d931d64216ef2f858edb6efac20ff4146f86
18033,الزنتان,card_distribution,الزنتان الشقية,الزنتان,الزنتان,2024-08-29,احصائيات المراكز التوزيع بطاقة ناخب 28-8-2024,761f28f0fe0545070844045ba465d931d64216ef2f858edb6efac20ff4146f86
18034,الزنتان,card_distribution,الزنتان الشمالية,الزنتان,الزنتان,2024-08-29,احصائيات المراكز التوزيع بطاقة ناخب 28-8-2024,761f28f0fe0545070844045ba465d931d64216ef2f858edb6efac20ff4146f86
18035,الزنتان,card_distribution,الزنتان الغربية,الزنتان,الزنتان,2024-08-29,احصائيات المراكز التوزيع بطاقة ناخب 28-8-2024,761f28f0fe0545070844045ba465d931d64216ef2f858edb6efac20ff4146f86
18036,الزنتان,card_distribution,الزنتان الغربية,الزنتان,الزنتان,2024-08-29,احصائيات المراكز التوزيع بطاقة ناخب 28-8-2024,761f28f0fe0545070844045ba465d931d64216ef2f858edb6efac20ff4146f86
18037,الزنتان,card_distribution,المركز,الزنتان,الزنتان,2024-08-29,احصائيات المراكز التوزيع بطاقة ناخب 28-8-2024,761f28f0fe0545070844045ba465d931d64216ef2f858edb6efac20ff4146f86
18046,الرجبان,card_distribution,الرجبان الشقية,الرجبان,الرجبان,2024-08-29,احصائيات المراكز التوزيع بطاقة ناخب 28-8-2024,761f28f0fe0545070844045ba465d931d64216ef2f858edb6efac20ff4146f86
18047,الرجبان,card_distribution,الرجبان الغربية,الرجبان,الرجبان,2024-08-29,احصائيات المراكز التوزيع بطاقة ناخب 28-8-2024,761f28f0fe0545070844045ba465d931d64216ef2f858edb6efac20ff4146f86
18048,الرجبان,card_distribution,الرجبان الغربية,الرجبان,الرجبان,2024-08-29,احصائيات المراكز التوزيع بطاقة ناخب 28-8-2024,761f28f0fe0545070844045ba465d931d64216ef2f858edb6efac20ff4146f86
18049,الرجبان,card_distribution,الوسط,الرجبان,الرجبان,2024-08-29,احصائيات المراكز التوزيع بطاقة ناخب 28-8-2024,761f28f0fe0545070844045ba465d931d64216ef2f858edb6efac20ff4146f86
18050,الرجبان,card_distribution,قرص الحاج,الرجبان,الرجبان,2024-08-29,احصائيات المراكز التوزيع بطاقة ناخب 28-8-2024,761f28f0fe0545070844045ba465d931d64216ef2f858edb6efac20ff4146f86
18051,الرحيبات,card_distribution,الزملة,الرحيبات,الرحيبات,2024-08-29,احصائيات المراكز التوزيع بطاقة ناخب 28-8-2024,761f28f0fe0545070844045ba465d931d64216ef2f858edb6efac20ff4146f86
18052,الرحيبات,card_distribution,الرحيبات الشمالية,الرحيبات,الرحيبات,2024-08-29,احصائيات المراكز التوزيع بطاقة ناخب 28-8-2024,761f28f0fe0545070844045ba465d931d64216ef2f858edb6efac20ff4146f86
18053,الرحيبات,card_distribution,الوسط,الرحيبات,الرحيبات,2024-08-29,احصائيات المراكز التوزيع بطاقة ناخب 28-8-2024,761f28f0fe0545070844045ba465d931d64216ef2f858edb6efac20ff4146f86
18054,الرحيبات,card_distribution,أمسري,الرحيبات,الرحيبات,2024-08-29,احصائيات المراكز التوزيع بطاقة ناخب 28-8-2024,761f28f0fe0545070844045ba465d931d64216ef2f858edb6efac20ff4146f86
18057,القريات,card_distribution,القرية الشقية,القرية,الزنتان الجنوبية,2024-08-29,احصائيات المراكز التوزيع بطاقة ناخب 28-8-2024,761f28f0fe0545070844045ba465d931d64216ef2f858edb6efac20ff4146f86
18058,القريات,card_distribution,القرية لغربية,القرية,الزنتان الجنوبية,2024-08-29,احصائيات المراكز التوزيع بطاقة ناخب 28-8-2024,761f28f0fe0545070844045ba465d931d64216ef2f858edb6efac20ff4146f86
18059,مزدة,card_distribution,المركز,مزدة,مزدة,2024-08-29,احصائيات المراكز التوزيع بطاقة ناخب 28-8-2024,761f28f0fe0545070844045ba465d931d64216ef2f858edb6efac20ff4146f86
18061,الحوامد,card_distribution,الحوامد,الحوامد,نالوت,2024-08-29,احصائيات المراكز التوزيع بطاقة ناخب 28-8-2024,761f28f0fe0545070844045ba465d931d64216ef2f858edb6efac20ff4146f86
18062,الحوامد,card_distribution,الغزايا,الغزايا,نالوت,2024-08-29,احصائيات المراكز التوزيع بطاقة ناخب 28-8-2024,761f28f0fe0545070844045ba465d931d64216ef2f858edb6efac20ff4146f86
18064,الحوامد,card_distribution,أوالد محمود,أوالد محمود,نالوت,2024-08-29,احصائيات المراكز التوزيع بطاقة ناخب 28-8-2024,761f28f0fe0545070844045ba465d931d64216ef2f858edb6efac20ff4146f86
18070,وازن,card_distribution,وازن,وازن,وازن,2024-08-29,احصائيات المراكز التوزيع بطاقة ناخب 28-8-2024,761f28f0fe0545070844045ba465d931d64216ef2f858edb6efac20ff4146f86
18071,الحاربة,card_distribution,البدارنة الشقية,البدارنة,الحرابه,2024-08-29,احصائيات المراكز التوزيع بطاقة ناخب 28-8-2024,761f28f0fe0545070844045ba465d931d64216ef2f858edb6efac20ff4146f86
18072,الحاربة,card_distribution,البدارنة الغربية,البدارنة,الحرابه,2024-08-29,احصائيات المراكز التوزيع بطاقة ناخب 28-8-2024,761f28f0fe0545070844045ba465d931d64216ef2f858edb6efac20ff4146f86
18073,كاباو,card_distribution,كاباو الجنوبية,كاباو,كاباو,2024-08-29,احصائيات المراكز التوزيع بطاقة ناخب 28-8-2024,761f28f0fe0545070844045ba465d931d64216ef2f858edb6efac20ff4146f86
18074,الحاربة,card_distribution,الجوش الشقية,الجوش,الحرابه,2024-08-29,احصائيات المراكز التوزيع بطاقة ناخب 28-8-2024,761f28f0fe0545070844045ba465d931d64216ef2f858edb6efac20ff4146f86
18075,كاباو,card_distribution,الحرابة الغربية,تندمرتة,الحرابه,2024-08-29,احصائيات المراكز التوزيع بطاقة ناخب 28-8-2024,761f28f0fe0545070844045ba465d931d64216ef2f858edb6efac20ff4146f86
18076,الحاربة,card_distribution,الشقية الحرابة,الحرابة,الحرابه,2024-08-29,احصائيات المراكز التوزيع بطاقة ناخب 28-8-2024,761f28f0fe0545070844045ba465d931d64216ef2f858edb6efac20ff4146f86
18078,كاباو,card_distribution,كاباو الشمالية,كاباو,كاباو,2024-08-29,احصائيات المراكز التوزيع بطاقة ناخب 28-8-2024,761f28f0fe0545070844045ba465d931d64216ef2f858edb6efac20ff4146f86
18079,كاباو,card_distribution,المجابرة,الحرابة,كاباو,2024-08-29,احصائيات المراكز التوزيع بطاقة ناخب 28-8-2024,761f28f0fe0545070844045ba465d931d64216ef2f858edb6efac20ff4146f86
18080,الحاربة,card_distribution,الوسط الحرابة,المجابرة,الحرابه,2024-08-29,احصائيات المراكز التوزيع بطاقة ناخب 28-8-2024,761f28f0fe0545070844045ba465d931d64216ef2f858edb6efac20ff4146f86
18081,كاباو,card_distribution,تملوشايت,كاباو,كاباو,2024-08-29,احصائيات المراكز التوزيع بطاقة ناخب 28-8-2024,761f28f0fe0545070844045ba465d931d64216ef2f858edb6efac20ff4146f86
18082,الحاربة,card_distribution,طمزين,طمزين,الحرابه,2024-08-29,احصائيات المراكز التوزيع بطاقة ناخب 28-8-2024,761f28f0fe0545070844045ba465d931d64216ef2f858edb6efac20ff4146f86
18093,الرياينة,card_distribution,الرياينة الغربية,الرياينة,الرياينة,2024-08-29,احصائيات المراكز التوزيع بطاقة ناخب 28-8-2024,761f28f0fe0545070844045ba465d931d64216ef2f858edb6efac20ff4146f86
18095,الرحيبات,card_distribution,الزملة,الرحيبات,الرحيبات,2024-08-29,احصائيات المراكز التوزيع بطاقة ناخب 28-8-2024,761f28f0fe0545070844045ba465d931d64216ef2f858edb6efac20ff4146f86
18097,الرجبان,card_distribution,شهداء ثيبشان,الرجبان,الرجبان,2024-08-29,احصائيات المراكز التوزيع بطاقة ناخب 28-8-2024,761f28f0fe0545070844045ba465d931d64216ef2f858edb6efac20ff4146f86
18103,المشاشية,card_distribution,زاوية الباقول,العويتيه,يفرن,2024-08-29,احصائيات المراكز التوزيع بطاقة ناخب 28-8-2024,761f28f0fe0545070844045ba465d931d64216ef2f858edb6efac20ff4146f86
18106,القواليش,card_distribution,القوليش,االصابعة,االصابعة,2024-08-29,احصائيات المراكز التوزيع بطاقة ناخب 28-8-2024,761f28f0fe0545070844045ba465d931d64216ef2f858edb6efac20ff4146f86
18107,الزنتان,card_distribution,الزنتان,الزنتان,الزنتان,2024-08-29,احصائيات المراكز التوزيع بطاقة ناخب 28-8-2024,761f28f0fe0545070844045ba465d931d64216ef2f858edb6efac20ff4146f86
18108,الزنتان,card_distribution,الزنتان,الزنتان,الزنتان,2024-08-29,احصائيات المراكز التوزيع بطاقة ناخب 28-8-2024,761f28f0fe0545070844045ba465d931d64216ef2f858edb6efac20ff4146f86
18109,القلعة,card_distribution,القصبة,القلعة,القلعة,2024-08-29,احصائيات المراكز التوزيع بطاقة ناخب 28-8-2024,761f28f0fe0545070844045ba465d931d64216ef2f858edb6efac20ff4146f86
18110,القلعة,card_distribution,ماجن القروش,القلعة,القلعة,2024-08-29,احصائيات المراكز التوزيع بطاقة ناخب 28-8-2024,761f28f0fe0545070844045ba465d931d64216ef2f858edb6efac20ff4146f86
18112,القواليش,card_distribution,القوليش,القوليش,االصابعة,2024-08-29,احصائيات المراكز التوزيع بطاقة ناخب 28-8-2024,761f28f0fe0545070844045ba465d931d64216ef2f858edb6efac20ff4146f86
18113,الزنتان,card_distribution,الشقية,الزنتان,الزنتان,2024-08-29,احصائيات المراكز التوزيع بطاقة ناخب 28-8-2024,761f28f0fe0545070844045ba465d931d64216ef2f858edb6efac20ff4146f86
21002,البوانيس,card_distribution,تمنهنت,سبها,البوانيس,2024-08-29,احصائيات المراكز التوزيع بطاقة ناخب 28-8-2024,761f28f0fe0545070844045ba465d931d64216ef2f858edb6efac20ff4146f86
21003,البوانيس,card_distribution,سمنو,سبها,البوانيس,2024-08-29,احصائيات المراكز التوزيع بطاقة ناخب 28-8-2024,761f28f0fe0545070844045ba465d931d64216ef2f858edb6efac20ff4146f86
21004,البوانيس,card_distribution,الزيغن,سبها,البوانيس,2024-08-29,احصائيات المراكز التوزيع بطاقة ناخب 28-8-2024,761f28f0fe0545070844045ba465d931d64216ef2f858edb6efac20ff4146f86
22011,جرمة,card_distribution,جرمة,جرمة,الغريفة,2024-08-29,احصائيات المراكز التوزيع بطاقة ناخب 28-8-2024,761f28f0fe0545070844045ba465d931d64216ef2f858edb6efac20ff4146f86
22012,جرمة,card_distribution,توش,توش,الغريفة,2024-08-29,احصائيات المراكز التوزيع بطاقة ناخب 28-8-2024,761f28f0fe0545070844045ba465d931d64216ef2f858edb6efac20ff4146f86
22013,جرمة,card_distribution,ابريك,ابريك,الغريفة,2024-08-29,احصائيات المراكز التوزيع بطاقة ناخب 28-8-2024,761f28f0fe0545070844045ba465d931d64216ef2f858edb6efac20ff4146f86
22014,قارقرة,card_distribution,الخرائق,الخرائق,الغريفة,2024-08-29,احصائيات المراكز التوزيع بطاقة ناخب 28-8-2024,761f28f0fe0545070844045ba465d931d64216ef2f858edb6efac20ff4146f86
22015,قارقرة,card_distribution,تويوة,تويوة,الغريفة,2024-08-29,احصائيات المراكز التوزيع بطاقة ناخب 28-8-2024,761f28f0fe0545070844045ba465d931d64216ef2f858edb6efac20ff4146f86
22016,قارقرة,card_distribution,قراقرة,قراقرة,الغريفة,2024-08-29,احصائيات المراكز التوزيع بطاقة ناخب 28-8-2024,761f28f0fe0545070844045ba465d931d64216ef2f858edb6efac20ff4146f86
22017,قارقرة,card_distribution,تكركبية,تكركيبة,بنت بيه,2024-08-29,احصائيات المراكز التوزيع بطاقة ناخب 28-8-2024,761f28f0fe0545070844045ba465d931d64216ef2f858edb6efac20ff4146f86
22018,قارقرة,card_distribution,الفجيج,الفجيج,بنت بيه,2024-08-29,احصائيات المراكز التوزيع بطاقة ناخب 28-8-2024,761f28f0fe0545070844045ba465d931d64216ef2f858edb6efac20ff4146f86
22019,الرقيبة,card_distribution,الركو,الركو,بنت بيه,2024-08-29,احصائيات المراكز التوزيع بطاقة ناخب 28-8-2024,761f28f0fe0545070844045ba465d931d64216ef2f858edb6efac20ff4146f86
22020,الرقيبة,card_distribution,القراية,القراية,بنت بيه,2024-08-29,احصائيات المراكز التوزيع بطاقة ناخب 28-8-2024,761f28f0fe0545070844045ba465d931d64216ef2f858edb6efac20ff4146f86
22021,الرقيبة,card_distribution,قرت عون,قرت عون,بنت بيه,2024-08-29,احصائيات المراكز التوزيع بطاقة ناخب 28-8-2024,761f28f0fe0545070844045ba465d931d64216ef2f858edb6efac20ff4146f86
22022,الرقيبة,card_distribution,الرقيبة,الرقيبة,بنت بيه,2024-08-29,احصائيات المراكز التوزيع بطاقة ناخب 28-8-2024,761f28f0fe0545070844045ba465d931d64216ef2f858edb6efac20ff4146f86
22023,الرقيبة,card_distribution,الرقيبة,الرقيبة,بنت بيه,2024-08-29,احصائيات المراكز التوزيع بطاقة ناخب 28-8-2024,761f28f0fe0545070844045ba465d931d64216ef2f858edb6efac20ff4146f86
22024,الرقيبة,card_distribution,التناحمة,التناحمة,بنت بيه,2024-08-29,احصائيات المراكز التوزيع بطاقة ناخب 28-8-2024,761f28f0fe0545070844045ba465d931d64216ef2f858edb6efac20ff4146f86
22025,بنت بية,card_distribution,بنت بيه,بنت بيه,بنت بيه,2024-08-29,احصائيات المراكز التوزيع بطاقة ناخب 28-8-2024,761f28f0fe0545070844045ba465d931d64216ef2f858edb6efac20ff4146f86
22037,وادي عتبة,card_distribution,تساوة,تساوة,وادى عتبة,2024-08-29,احصائيات المراكز التوزيع بطاقة ناخب 28-8-2024,761f28f0fe0545070844045ba465d931d64216ef2f858edb6efac20ff4146f86
22038,وادي عتبة,card_distribution,اقار,اقار,وادى عتبة,2024-08-29,احصائيات المراكز التوزيع بطاقة ناخب 28-8-2024,761f28f0fe0545070844045ba465d931d64216ef2f858edb6efac20ff4146f86
22039,وادي عتبة,card_distribution,السبيطات,السبيطات,وادى عتبة,2024-08-29,احصائيات المراكز التوزيع بطاقة ناخب 28-8-2024,761f28f0fe0545070844045ba465d931d64216ef2f858edb6efac20ff4146f86
22040,وادي عتبة,card_distribution,مرحبا,مرحبا,وادى عتبة,2024-08-29,احصائيات المراكز التوزيع بطاقة ناخب 28-8-2024,761f28f0fe0545070844045ba465d931d64216ef2f858edb6efac20ff4146f86
22041,وادي عتبة,card_distribution,مكنوسة,مكنوسة,وادى عتبة,2024-08-29,احصائيات المراكز التوزيع بطاقة ناخب 28-8-2024,761f28f0fe0545070844045ba465d931d64216ef2f858edb6efac20ff4146f86
22042,تارغن,card_distribution,فنقل,فنقل,تراغن,2024-08-29,احصائيات المراكز التوزيع بطاقة ناخب 28-8-2024,761f28f0fe0545070844045ba465d931d64216ef2f858edb6efac20ff4146f86
22043,تارغن,card_distribution,الجبار,الجبار,تراغن,2024-08-29,احصائيات المراكز التوزيع بطاقة ناخب 28-8-2024,761f28f0fe0545070844045ba465d931d64216ef2f858edb6efac20ff4146f86
22044,تارغن,card_distribution,تراغن,تراغن,تراغن,2024-08-29,احصائيات المراكز التوزيع بطاقة ناخب 28-8-2024,761f28f0fe0545070844045ba465d931d64216ef2f858edb6efac20ff4146f86
22045,تارغن,card_distribution,تراغن,تراغن,تراغن,2024-08-29,احصائيات المراكز التوزيع بطاقة ناخب 28-8-2024,761f28f0fe0545070844045ba465d931d64216ef2f858edb6efac20ff4146f86
22046,تارغن,card_distribution,الزيتونة,الزيتونة,تراغن,2024-08-29,احصائيات المراكز التوزيع بطاقة ناخب 28-8-2024,761f28f0fe0545070844045ba465d931d64216ef2f858edb6efac20ff4146f86
22050,زويلة,card_distribution,زويلة,زويلة,الشقية,2024-08-29,احصائيات المراكز التوزيع بطاقة ناخب 28-8-2024,761f28f0fe0545070844045ba465d931d64216ef2f858edb6efac20ff4146f86
22051,زويلة,card_distribution,تمسة,تمسة,الشقية,2024-08-29,احصائيات المراكز التوزيع بطاقة ناخب 28-8-2024,761f28f0fe0545070844045ba465d931d64216ef2f858edb6efac20ff4146f86
22053,زويلة,card_distribution,تربو,تربو,الشقية,2024-08-29,احصائيات المراكز التوزيع بطاقة ناخب 28-8-2024,761f28f0fe0545070844045ba465d931d64216ef2f858edb6efac20ff4146f86
22060,العوينات,card_distribution,العوينات,العوينات,غات,2024-08-29,احصائيات المراكز التوزيع بطاقة ناخب 28-8-2024,761f28f0fe0545070844045ba465d931d64216ef2f858edb6efac20ff4146f86
22061,تهالا,card_distribution,تهاال,تهاال,غات,2024-08-29,احصائيات المراكز التوزيع بطاقة ناخب 28-8-2024,761f28f0fe0545070844045ba465d931d64216ef2f858edb6efac20ff4146f86
22068,قارقرة,card_distribution,الفخفاخة,الفخفاخة,الغريفة,2024-08-29,احصائيات المراكز التوزيع بطاقة ناخب 28-8-2024,761f28f0fe0545070844045ba465d931d64216ef2f858edb6efac20ff4146f86
22074,قارقرة,card_distribution,قراقرة,قراقرة,الغريفة,2024-08-29,احصائيات المراكز التوزيع بطاقة ناخب 28-8-2024,761f28f0fe0545070844045ba465d931d64216ef2f858edb6efac20ff4146f86
22075,الرقيبة,card_distribution,الرقيبة,الرقيبة,بنت بيه,2024-08-29,احصائيات المراكز التوزيع بطاقة ناخب 28-8-2024,761f28f0fe0545070844045ba465d931d64216ef2f858edb6efac20ff4146f86
22079,جرمة,card_distribution,جرمة القديمة,جرمة,الغريفة,2024-08-29,احصائيات المراكز التوزيع بطاقة ناخب 28-8-2024,761f28f0fe0545070844045ba465d931d64216ef2f858edb6efac20ff4146f86
22085,وادي عتبة,card_distribution,تقرط ي,تقرط ي,وادى عتبة,2024-08-29,احصائيات المراكز التوزيع بطاقة ناخب 28-8-2024,761f28f0fe0545070844045ba465d931d64216ef2f858edb6efac20ff4146f86
22086,وادي عتبة,card_distribution,ام الحمام,ام الحمام,وادى عتبة,2024-08-29,احصائيات المراكز التوزيع بطاقة ناخب 28-8-2024,761f28f0fe0545070844045ba465d931d64216ef2f858edb6efac20ff4146f86
23007,غدامس,card_distribution,أفوغاس,غدامس,غدامس,2024-08-29,احصائيات المراكز التوزيع بطاقة ناخب 28-8-2024,761f28f0fe0545070844045ba465d931d64216ef2f858edb6efac20ff4146f86
23009,غدامس,card_distribution,وليد,غدامس,غدامس,2024-08-29,احصائيات المراكز التوزيع بطاقة ناخب 28-8-2024,761f28f0fe0545070844045ba465d931d64216ef2f858edb6efac20ff4146f86
23010,غدامس,card_distribution,وازيت,غدامس,غدامس,2024-08-29,احصائيات المراكز التوزيع بطاقة ناخب 28-8-2024,761f28f0fe0545070844045ba465d931d64216ef2f858edb6efac20ff4146f86
23011,أوال,card_distribution,أفوغاس,درج,درج,2024-08-29,احصائيات المراكز التوزيع بطاقة ناخب 28-8-2024,761f28f0fe0545070844045ba465d931d64216ef2f858edb6efac20ff4146f86
24021,برقن,card_distribution,برقن,الشا,ادرى,2024-08-29,احصائيات المراكز التوزيع بطاقة ناخب 28-8-2024,761f28f0fe0545070844045ba465d931d64216ef2f858edb6efac20ff4146f86
24022,برقن,card_distribution,ابوقدقود,الشا,ادرى,2024-08-29,احصائيات المراكز التوزيع بطاقة ناخب 28-8-2024,761f28f0fe0545070844045ba465d931d64216ef2f858edb6efac20ff4146f86
24023,برقن,card_distribution,قطة,الشا,ادرى,2024-08-29,احصائيات المراكز التوزيع بطاقة ناخب 28-8-2024,761f28f0fe0545070844045ba465d931d64216ef2f858edb6efac20ff4146f86
24024,برقن,card_distribution,عر ي المشاشية / قطة,الشا,ادرى,2024-08-29,احصائيات المراكز التوزيع بطاقة ناخب 28-8-2024,761f28f0fe0545070844045ba465d931d64216ef2f858edb6efac20ff4146f86
24025,برقن,card_distribution,القلة,الشا,ادرى,2024-08-29,احصائيات المراكز التوزيع بطاقة ناخب 28-8-2024,761f28f0fe0545070844045ba465d931d64216ef2f858edb6efac20ff4146f86
24034,برقن,card_distribution,برقن,الشا,ادرى,2024-08-29,احصائيات المراكز التوزيع بطاقة ناخب 28-8-2024,761f28f0fe0545070844045ba465d931d64216ef2f858edb6efac20ff4146f86
24041,برقن,card_distribution,الزهراء,الشا,ادرى,2024-08-29,احصائيات المراكز التوزيع بطاقة ناخب 28-8-2024,761f28f0fe0545070844045ba465d931d64216ef2f858edb6efac20ff4146f86
24042,برقن,card_distribution,قرص العرايسية,الشا,ادرى,2024-08-29,احصائيات المراكز التوزيع بطاقة ناخب 28-8-2024,761f28f0fe0545070844045ba465d931d64216ef2f858edb6efac20ff4146f86
31042,امساعد,card_distribution,أم ركبة,طربق,امساعد,2024-08-29,احصائيات المراكز التوزيع بطاقة ناخب 28-8-2024,761f28f0fe0545070844045ba465d931d64216ef2f858edb6efac20ff4146f86
31044,امساعد,card_distribution,رأس عزاز,طربق,امساعد,2024-08-29,احصائيات المراكز التوزيع بطاقة ناخب 28-8-2024,761f28f0fe0545070844045ba465d931d64216ef2f858edb6efac20ff4146f86
31048,امساعد,card_distribution,امساعد,طربق,امساعد,2024-08-29,احصائيات المراكز التوزيع بطاقة ناخب 28-8-2024,761f28f0fe0545070844045ba465d931d64216ef2f858edb6efac20ff4146f86
31049,امساعد,card_distribution,امساعد,طربق,امساعد,2024-08-29,احصائيات المراكز التوزيع بطاقة ناخب 28-8-2024,761f28f0fe0545070844045ba465d931d64216ef2f858edb6efac20ff4146f86
31054,امساعد,card_distribution,المالحة,طربق,امساعد,2024-08-29,احصائيات المراكز التوزيع بطاقة ناخب 28-8-2024,761f28f0fe0545070844045ba465d931d64216ef2f858edb6efac20ff4146f86
31069,امساعد,card_distribution,قرص الجدي,قرص الجدي,امساعد,2024-08-29,احصائيات المراكز التوزيع بطاقة ناخب 28-8-2024,761f28f0fe0545070844045ba465d931d64216ef2f858edb6efac20ff4146f86
32001,القبة,card_distribution,القبة,القبة,القبة,2024-08-29,احصائيات المراكز التوزيع بطاقة ناخب 28-8-2024,761f28f0fe0545070844045ba465d931d64216ef2f858edb6efac20ff4146f86
32002,القبة,card_distribution,القبة,القبة,القبة,2024-08-29,احصائيات المراكز التوزيع بطاقة ناخب 28-8-2024,761f28f0fe0545070844045ba465d931d64216ef2f858edb6efac20ff4146f86
32003,القبة,card_distribution,القبة,القبة,القبة,2024-08-29,احصائيات المراكز التوزيع بطاقة ناخب 28-8-2024,761f28f0fe0545070844045ba465d931d64216ef2f858edb6efac20ff4146f86
32004,القبة,card_distribution,القبة,القبة,القبة,2024-08-29,احصائيات المراكز التوزيع بطاقة ناخب 28-8-2024,761f28f0fe0545070844045ba465d931d64216ef2f858edb6efac20ff4146f86
32005,القبة,card_distribution,القبة,القبة,القبة,2024-08-29,احصائيات المراكز التوزيع بطاقة ناخب 28-8-2024,761f28f0fe0545070844045ba465d931d64216ef2f858edb6efac20ff4146f86
32006,القبة,card_distribution,بيت ثامر,القبة,القبة,2024-08-29,احصائيات المراكز التوزيع بطاقة ناخب 28-8-2024,761f28f0fe0545070844045ba465d931d64216ef2f858edb6efac20ff4146f86
32007,القبة,card_distribution,لملودة,القبة,القبة,2024-08-29,احصائيات المراكز التوزيع بطاقة ناخب 28-8-2024,761f28f0fe0545070844045ba465d931d64216ef2f858edb6efac20ff4146f86
32008,القبة,card_distribution,الدبوسية,القبة,القبة,2024-08-29,احصائيات المراكز التوزيع بطاقة ناخب 28-8-2024,761f28f0fe0545070844045ba465d931d64216ef2f858edb6efac20ff4146f86
32009,الأبرق,card_distribution,األبرق,القبة,األبرق,2024-08-29,احصائيات المراكز التوزيع بطاقة ناخب 28-8-2024,761f28f0fe0545070844045ba465d931d64216ef2f858edb6efac20ff4146f86
32010,الأبرق,card_distribution,األبرق,القبة,األبرق,2024-08-29,احصائيات المراكز التوزيع بطاقة ناخب 28-8-2024,761f28f0fe0545070844045ba465d931d64216ef2f858edb6efac20ff4146f86
32011,القيقب,card_distribution,القيقب,القبة,القيقب,2024-08-29,احصائيات المراكز التوزيع بطاقة ناخب 28-8-2024,761f28f0fe0545070844045ba465d931d64216ef2f858edb6efac20ff4146f86
32012,القيقب,card_distribution,القيقب,القبة,القيقب,2024-08-29,احصائيات المراكز التوزيع بطاقة ناخب 28-8-2024,761f28f0fe0545070844045ba465d931d64216ef2f858edb6efac20ff4146f86
32013,الأبرق,card_distribution,ترت,القبة,األبرق,2024-08-29,احصائيات المراكز التوزيع بطاقة ناخب 28-8-2024,761f28f0fe0545070844045ba465d931d64216ef2f858edb6efac20ff4146f86
32014,الأبرق,card_distribution,خوالن,القبة,األبرق,2024-08-29,احصائيات المراكز التوزيع بطاقة ناخب 28-8-2024,761f28f0fe0545070844045ba465d931d64216ef2f858edb6efac20ff4146f86
32015,القبة,card_distribution,رأس الهالل,القبة,القبة,2024-08-29,احصائيات المراكز التوزيع بطاقة ناخب 28-8-2024,761f28f0fe0545070844045ba465d931d64216ef2f858edb6efac20ff4146f86
32019,الأبرق,card_distribution,الىل,القبة,األبرق,2024-08-29,احصائيات المراكز التوزيع بطاقة ناخب 28-8-2024,761f28f0fe0545070844045ba465d931d64216ef2f858edb6efac20ff4146f86
32020,الأبرق,card_distribution,المخيل,القبة,األبرق,2024-08-29,احصائيات المراكز التوزيع بطاقة ناخب 28-8-2024,761f28f0fe0545070844045ba465d931d64216ef2f858edb6efac20ff4146f86
32054,القبة,card_distribution,بشارة,القبة,القبة,2024-08-29,احصائيات المراكز التوزيع بطاقة ناخب 28-8-2024,761f28f0fe0545070844045ba465d931d64216ef2f858edb6efac20ff4146f86
32057,القبة,card_distribution,القبة,القبة,القبة,2024-08-29,احصائيات المراكز التوزيع بطاقة ناخب 28-8-2024,761f28f0fe0545070844045ba465d931d64216ef2f858edb6efac20ff4146f86
32058,القبة,card_distribution,القبة,القبة,القبة,2024-08-29,احصائيات المراكز التوزيع بطاقة ناخب 28-8-2024,761f28f0fe0545070844045ba465d931d64216ef2f858edb6efac20ff4146f86
32060,القبة,card_distribution,القبة,القبة,القبة,2024-08-29,احصائيات المراكز التوزيع بطاقة ناخب 28-8-2024,761f28f0fe0545070844045ba465d931d64216ef2f858edb6efac20ff4146f86
34153,المليطانية,card_distribution,المليطانية,االبيار,االبيار,2024-08-29,احصائيات المراكز التوزيع بطاقة ناخب 28-8-2024,761f28f0fe0545070844045ba465d931d64216ef2f858edb6efac20ff4146f86
34154,المليطانية,card_distribution,المليطانية,االبيار,االبيار,2024-08-29,احصائيات المراكز التوزيع بطاقة ناخب 28-8-2024,761f28f0fe0545070844045ba465d931d64216ef2f858edb6efac20ff4146f86
36014,تازربو,card_distribution,تازربو,تازربو,تازربو,2024-08-29,احصائيات المراكز التوزيع بطاقة ناخب 28-8-2024,761f28f0fe0545070844045ba465d931d64216ef2f858edb6efac20ff4146f86
37014,مدور الزيتون,card_distribution,المرج,مدور الزيتون,جردس,2024-08-29,احصائيات المراكز التوزيع بطاقة ناخب 28-8-2024,761f28f0fe0545070844045ba465d931d64216ef2f858edb6efac20ff4146f86
37027,تاكنس,card_distribution,تاكنس الشقية,المرج,جردس,2024-08-29,احصائيات المراكز التوزيع بطاقة ناخب 28-8-2024,761f28f0fe0545070844045ba465d931d64216ef2f858edb6efac20ff4146f86
37028,تاكنس,card_distribution,تاكنس الغربية,تاكنس,جردس,2024-08-29,احصائيات المراكز التوزيع بطاقة ناخب 28-8-2024,761f28f0fe0545070844045ba465d931d64216ef2f858edb6efac20ff4146f86
37038,تاكنس,card_distribution,المرج,جردس العبيد,جردس,2024-08-29,احصائيات المراكز التوزيع بطاقة ناخب 28-8-2024,761f28f0fe0545070844045ba465d931d64216ef2f858edb6efac20ff4146f86
43026,سيدي السائح,card_distribution,أبوعائشة,سيدي السائح,سيدي السائح,2024-08-29,احصائيات المراكز التوزيع بطاقة ناخب 28-8-2024,761f28f0fe0545070844045ba465d931d64216ef2f858edb6efac20ff4146f86
43027,سيدي السائح,card_distribution,وادي الربيع,سيدي السائح,سيدي السائح,2024-08-29,احصائيات المراكز التوزيع بطاقة ناخب 28-8-2024,761f28f0fe0545070844045ba465d931d64216ef2f858edb6efac20ff4146f86
43028,سيدي السائح,card_distribution,بت دياب,سيدي السائح,سيدي السائح,2024-08-29,احصائيات المراكز التوزيع بطاقة ناخب 28-8-2024,761f28f0fe0545070844045ba465d931d64216ef2f858edb6efac20ff4146f86
43029,سيدي السائح,card_distribution,بت الطوبة,سيدي السائح,سيدي السائح,2024-08-29,احصائيات المراكز التوزيع بطاقة ناخب 28-8-2024,761f28f0fe0545070844045ba465d931d64216ef2f858edb6efac20ff4146f86
43030,سيدي السائح,card_distribution,السوق,سيدي السائح,سيدي السائح,2024-08-29,احصائيات المراكز التوزيع بطاقة ناخب 28-8-2024,761f28f0fe0545070844045ba465d931d64216ef2f858edb6efac20ff4146f86
43031,سيدي السائح,card_distribution,السوق,سيدي السائح,سيدي السائح,2024-08-29,احصائيات المراكز التوزيع بطاقة ناخب 28-8-2024,761f28f0fe0545070844045ba465d931d64216ef2f858edb6efac20ff4146f86
43032,سيدي السائح,card_distribution,الغاللبة,سيدي السائح,سيدي السائح,2024-08-29,احصائيات المراكز التوزيع بطاقة ناخب 28-8-2024,761f28f0fe0545070844045ba465d931d64216ef2f858edb6efac20ff4146f86
43033,سيدي السائح,card_distribution,الغاللبة,سيدي السائح,سيدي السائح,2024-08-29,احصائيات المراكز التوزيع بطاقة ناخب 28-8-2024,761f28f0fe0545070844045ba465d931d64216ef2f858edb6efac20ff4146f86
43034,سوق الخميس,card_distribution,مسيحل,سوق الخميس,سوق الخميس,2024-08-29,احصائيات المراكز التوزيع بطاقة ناخب 28-8-2024,761f28f0fe0545070844045ba465d931d64216ef2f858edb6efac20ff4146f86
43035,سوق الخميس,card_distribution,اوالد زائد,سوق الخميس,سوق الخميس,2024-08-29,احصائيات المراكز التوزيع بطاقة ناخب 28-8-2024,761f28f0fe0545070844045ba465d931d64216ef2f858edb6efac20ff4146f86
43036,سوق الخميس,card_distribution,بريش,سوق الخميس,سوق الخميس,2024-08-29,احصائيات المراكز التوزيع بطاقة ناخب 28-8-2024,761f28f0fe0545070844045ba465d931d64216ef2f858edb6efac20ff4146f86
43037,سوق الخميس,card_distribution,بريش,سوق الخميس,سوق الخميس,2024-08-29,احصائيات المراكز التوزيع بطاقة ناخب 28-8-2024,761f28f0fe0545070844045ba465d931d64216ef2f858edb6efac20ff4146f86
43038,سوق الخميس,card_distribution,سيدي جابر,سوق الخميس,سوق الخميس,2024-08-29,احصائيات المراكز التوزيع بطاقة ناخب 28-8-2024,761f28f0fe0545070844045ba465d931d64216ef2f858edb6efac20ff4146f86
43039,سوق الخميس,card_distribution,سيدي الجيالب,سوق الخميس,سوق الخميس,2024-08-29,احصائيات المراكز التوزيع بطاقة ناخب 28-8-2024,761f28f0fe0545070844045ba465d931d64216ef2f858edb6efac20ff4146f86
43040,سوق الخميس,card_distribution,سيدي الجيالب,سوق الخميس,سوق الخميس,2024-08-29,احصائيات المراكز التوزيع بطاقة ناخب 28-8-2024,761f28f0fe0545070844045ba465d931d64216ef2f858edb6efac20ff4146f86
43041,العواتة,card_distribution,العواتة,سوق الخميس,سوق الخميس,2024-08-29,احصائيات المراكز التوزيع بطاقة ناخب 28-8-2024,761f28f0fe0545070844045ba465d931d64216ef2f858edb6efac20ff4146f86
43042,السبيعة,card_distribution,أوالد أبوعائشة,السبيعة,السبيعة,2024-08-29,احصائيات المراكز التوزيع بطاقة ناخب 28-8-2024,761f28f0fe0545070844045ba465d931d64216ef2f858edb6efac20ff4146f86
43043,السبيعة,card_distribution,أوالد أبوعائشة,السبيعة,السبيعة,2024-08-29,احصائيات المراكز التوزيع بطاقة ناخب 28-8-2024,761f28f0fe0545070844045ba465d931d64216ef2f858edb6efac20ff4146f86
43044,السبيعة,card_distribution,بن عطية,السبيعة,السبيعة,2024-08-29,احصائيات المراكز التوزيع بطاقة ناخب 28-8-2024,761f28f0fe0545070844045ba465d931d64216ef2f858edb6efac20ff4146f86
43045,السبيعة,card_distribution,بن عطية,السبيعة,السبيعة,2024-08-29,احصائيات المراكز التوزيع بطاقة ناخب 28-8-2024,761f28f0fe0545070844045ba465d931d64216ef2f858edb6efac20ff4146f86
43046,السبيعة,card_distribution,أبوعرقوب,السبيعة,السبيعة,2024-08-29,احصائيات المراكز التوزيع بطاقة ناخب 28-8-2024,761f28f0fe0545070844045ba465d931d64216ef2f858edb6efac20ff4146f86
43047,السبيعة,card_distribution,أبوعرقوب,السبيعة,السبيعة,2024-08-29,احصائيات المراكز التوزيع بطاقة ناخب 28-8-2024,761f28f0fe0545070844045ba465d931d64216ef2f858edb6efac20ff4146f86
43048,السبيعة,card_distribution,اوالد مرغم,السبيعة,السبيعة,2024-08-29,احصائيات المراكز التوزيع بطاقة ناخب 28-8-2024,761f28f0fe0545070844045ba465d931d64216ef2f858edb6efac20ff4146f86
43051,سيدي السائح,card_distribution,الوسط,سيدي السائح,سيدي السائح,2024-08-29,احصائيات المراكز التوزيع بطاقة ناخب 28-8-2024,761f28f0fe0545070844045ba465d931d64216ef2f858edb6efac20ff4146f86
43052,سوق الخميس,card_distribution,سيدي الجيالب,سوق الخميس,سوق الخميس,2024-08-29,احصائيات المراكز التوزيع بطاقة ناخب 28-8-2024,761f28f0fe0545070844045ba465d931d64216ef2f858edb6efac20ff4146f86
44001,الجديدة,card_distribution,النرص,العجيالت,الجديدة,2024-08-29,احصائيات المراكز التوزيع بطاقة ناخب 28-8-2024,761f28f0fe0545070844045ba465d931d64216ef2f858edb6efac20ff4146f86
44006,الجديدة,card_distribution,الجديدة,العجيالت,الجديدة,2024-08-29,احصائيات المراكز التوزيع بطاقة ناخب 28-8-2024,761f28f0fe0545070844045ba465d931d64216ef2f858edb6efac20ff4146f86
44007,الجديدة,card_distribution,الجديدة,العجيالت,الجديدة,2024-08-29,احصائيات المراكز التوزيع بطاقة ناخب 28-8-2024,761f28f0fe0545070844045ba465d931d64216ef2f858edb6efac20ff4146f86
44008,الجديدة,card_distribution,النرص,العجيالت,الجديدة,2024-08-29,احصائيات المراكز التوزيع بطاقة ناخب 28-8-2024,761f28f0fe0545070844045ba465d931d64216ef2f858edb6efac20ff4146f86
44011,الجديدة,card_distribution,السدرة,العجيالت,العجيالت,2024-08-29,احصائيات المراكز التوزيع بطاقة ناخب 28-8-2024,761f28f0fe0545070844045ba465d931d64216ef2f858edb6efac20ff4146f86
44012,الجديدة,card_distribution,السدرة,العجيالت,الجديدة,2024-08-29,احصائيات المراكز التوزيع بطاقة ناخب 28-8-2024,761f28f0fe0545070844045ba465d931d64216ef2f858edb6efac20ff4146f86
44013,لزطن,card_distribution,الطويلة,زلطن,زلطن,2024-08-29,احصائيات المراكز التوزيع بطاقة ناخب 28-8-2024,761f28f0fe0545070844045ba465d931d64216ef2f858edb6efac20ff4146f86
44020,الجديدة,card_distribution,الجديدة,العجيالت,الجديدة,2024-08-29,احصائيات المراكز التوزيع بطاقة ناخب 28-8-2024,761f28f0fe0545070844045ba465d931d64216ef2f858edb6efac20ff4146f86
44021,الجديدة,card_distribution,النرص,العجيالت,الجديدة,2024-08-29,احصائيات المراكز التوزيع بطاقة ناخب 28-8-2024,761f28f0fe0545070844045ba465d931d64216ef2f858edb6efac20ff4146f86
44044,لزطن,card_distribution,زلطن,زلطن,زلطن,2024-08-29,احصائيات المراكز التوزيع بطاقة ناخب 28-8-2024,761f28f0fe0545070844045ba465d931d64216ef2f858edb6efac20ff4146f86
44045,لزطن,card_distribution,زلطن,زلطن,زلطن,2024-08-29,احصائيات المراكز التوزيع بطاقة ناخب 28-8-2024,761f28f0fe0545070844045ba465d931d64216ef2f858edb6efac20ff4146f86
44046,الجديدة,card_distribution,السدرة,العجيالت,العجيالت,2024-08-29,احصائيات المراكز التوزيع بطاقة ناخب 28-8-2024,761f28f0fe0545070844045ba465d931d64216ef2f858edb6efac20ff4146f86
44055,الجديدة,card_distribution,النرص,العجيالت,الجديدة,2024-08-29,احصائيات المراكز التوزيع بطاقة ناخب 28-8-2024,761f28f0fe0545070844045ba465d931d64216ef2f858edb6efac20ff4146f86
44056,لزطن,card_distribution,زلطن,زلطن,زلطن,2024-08-29,احصائيات المراكز التوزيع بطاقة ناخب 28-8-2024,761f28f0fe0545070844045ba465d931d64216ef2f858edb6efac20ff4146f86
44062,لزطن,card_distribution,زلطن,زلطن,زلطن,2024-08-29,احصائيات المراكز التوزيع بطاقة ناخب 28-8-2024,761f28f0fe0545070844045ba465d931d64216ef2f858edb6efac20ff4146f86
44063,الجديدة,card_distribution,النرص,العجيالت,الجديدة,2024-08-29,احصائيات المراكز التوزيع بطاقة ناخب 28-8-2024,761f28f0fe0545070844045ba465d931d64216ef2f858edb6efac20ff4146f86
11030,زمزم,card_distribution,ابونجيم,وادي ب,زمزم,2025-08-14,الاحصائية النهائية التفصيلية لتوزيع البطاقة للمجموعة الاولي,b026c35b782171eb64dd2b25f502173dc3eebccbbb4c34f3ec69ba9d06b6f7b2
11034,زمزم,card_distribution,أبونجيم,أبونجيم,زمزم,2025-08-14,الاحصائية النهائية التفصيلية لتوزيع البطاقة للمجموعة الاولي,b026c35b782171eb64dd2b25f502173dc3eebccbbb4c34f3ec69ba9d06b6f7b2
11035,زمزم,card_distribution,قرزه,قرزه,زمزم,2025-08-14,الاحصائية النهائية التفصيلية لتوزيع البطاقة للمجموعة الاولي,b026c35b782171eb64dd2b25f502173dc3eebccbbb4c34f3ec69ba9d06b6f7b2
11036,زمزم,card_distribution,زمزم,زمزم,زمزم,2025-08-14,الاحصائية النهائية التفصيلية لتوزيع البطاقة للمجموعة الاولي,b026c35b782171eb64dd2b25f502173dc3eebccbbb4c34f3ec69ba9d06b6f7b2
11037,زمزم,card_distribution,القداحية,زمزم,زمزم,2025-08-14,الاحصائية النهائية التفصيلية لتوزيع البطاقة للمجموعة الاولي,b026c35b782171eb64dd2b25f502173dc3eebccbbb4c34f3ec69ba9d06b6f7b2
11038,زمزم,card_distribution,القداحية,زمزم,زمزم,2025-08-14,الاحصائية النهائية التفصيلية لتوزيع البطاقة للمجموعة الاولي,b026c35b782171eb64dd2b25f502173dc3eebccbbb4c34f3ec69ba9d06b6f7b2
11049,لزة,card_distribution,زلة المركز,زلة,الجفرة,2025-08-14,الاحصائية النهائية التفصيلية لتوزيع البطاقة للمجموعة الاولي,b026c35b782171eb64dd2b25f502173dc3eebccbbb4c34f3ec69ba9d06b6f7b2
11050,لزة,card_distribution,زلة المركز,زلة,الجفرة,2025-08-14,الاحصائية النهائية التفصيلية لتوزيع البطاقة للمجموعة الاولي,b026c35b782171eb64dd2b25f502173dc3eebccbbb4c34f3ec69ba9d06b6f7b2
11056,هاروه,card_distribution,هراوة,هراوة,هراوة,2025-08-14,الاحصائية النهائية التفصيلية لتوزيع البطاقة للمجموعة الاولي,b026c35b782171eb64dd2b25f502173dc3eebccbbb4c34f3ec69ba9d06b6f7b2
11057,هاروه,card_distribution,هراوة,هراوة,هراوة,2025-08-14,الاحصائية النهائية التفصيلية لتوزيع البطاقة للمجموعة الاولي,b026c35b782171eb64dd2b25f502173dc3eebccbbb4c34f3ec69ba9d06b6f7b2
11087,هاروه,card_distribution,العامرة,العامرة,هراوة,2025-08-14,الاحصائية النهائية التفصيلية لتوزيع البطاقة للمجموعة الاولي,b026c35b782171eb64dd2b25f502173dc3eebccbbb4c34f3ec69ba9d06b6f7b2
11104,زمزم,card_distribution,زمزم,زمزم,زمزم,2025-08-14,الاحصائية النهائية التفصيلية لتوزيع البطاقة للمجموعة الاولي,b026c35b782171eb64dd2b25f502173dc3eebccbbb4c34f3ec69ba9d06b6f7b2
11105,زمزم,card_distribution,زمزم,زمزم,زمزم,2025-08-14,الاحصائية النهائية التفصيلية لتوزيع البطاقة للمجموعة الاولي,b026c35b782171eb64dd2b25f502173dc3eebccbbb4c34f3ec69ba9d06b6f7b2
15013,العامرية,card_distribution,العامرية,العامرية,العامرية,2025-08-14,الاحصائية النهائية التفصيلية لتوزيع البطاقة للمجموعة الاولي,b026c35b782171eb64dd2b25f502173dc3eebccbbb4c34f3ec69ba9d06b6f7b2
15014,العامرية,card_distribution,الرفافية,العامرية,العامرية,2025-08-14,الاحصائية النهائية التفصيلية لتوزيع البطاقة للمجموعة الاولي,b026c35b782171eb64dd2b25f502173dc3eebccbbb4c34f3ec69ba9d06b6f7b2
15015,العامرية,card_distribution,العامرية,العامرية,العامرية,2025-08-14,الاحصائية النهائية التفصيلية لتوزيع البطاقة للمجموعة الاولي,b026c35b782171eb64dd2b25f502173dc3eebccbbb4c34f3ec69ba9d06b6f7b2
16001,الزاوية الوسط,card_distribution,الحاج عبيد,الزاوية,الزاوية المركز,2025-08-14,الاحصائية النهائية التفصيلية لتوزيع البطاقة للمجموعة الاولي,b026c35b782171eb64dd2b25f502173dc3eebccbbb4c34f3ec69ba9d06b6f7b2
16003,الزاوية الوسط,card_distribution,الحاج عبيد,الزاوية,الزاوية المركز,2025-08-14,الاحصائية النهائية التفصيلية لتوزيع البطاقة للمجموعة الاولي,b026c35b782171eb64dd2b25f502173dc3eebccbbb4c34f3ec69ba9d06b6f7b2
16005,الزاوية الوسط,card_distribution,الحرشة,الزاوية,الزاوية الغرب,2025-08-14,الاحصائية النهائية التفصيلية لتوزيع البطاقة للمجموعة الاولي,b026c35b782171eb64dd2b25f502173dc3eebccbbb4c34f3ec69ba9d06b6f7b2
16028,الزاوية الوسط,card_distribution,الفاس,الزاوية,الزاوية المركز,2025-08-14,الاحصائية النهائية التفصيلية لتوزيع البطاقة للمجموعة الاولي,b026c35b782171eb64dd2b25f502173dc3eebccbbb4c34f3ec69ba9d06b6f7b2
16048,الزاوية الوسط,card_distribution,بن شعيب,الزاوية,الزاوية الجنوب,2025-08-14,الاحصائية النهائية التفصيلية لتوزيع البطاقة للمجموعة الاولي,b026c35b782171eb64dd2b25f502173dc3eebccbbb4c34f3ec69ba9d06b6f7b2
16055,الزاوية الوسط,card_distribution,جامع القمودي,الزاوية,الزاوية المركز,2025-08-14,الاحصائية النهائية التفصيلية لتوزيع البطاقة للمجموعة الاولي,b026c35b782171eb64dd2b25f502173dc3eebccbbb4c34f3ec69ba9d06b6f7b2
16200,الزاوية الوسط,card_distribution,بت عزالدين,الزاوية,الزاوية الجنوب,2025-08-14,الاحصائية النهائية التفصيلية لتوزيع البطاقة للمجموعة الاولي,b026c35b782171eb64dd2b25f502173dc3eebccbbb4c34f3ec69ba9d06b6f7b2
17036,الشقيقة,card_distribution,الشقيقة,الشقيقة,الشقيقة,2025-08-14,الاحصائية النهائية التفصيلية لتوزيع البطاقة للمجموعة الاولي,b026c35b782171eb64dd2b25f502173dc3eebccbbb4c34f3ec69ba9d06b6f7b2
17039,الشقيقة,card_distribution,قرص وامس,الشقيقة,الشقيقة,2025-08-14,الاحصائية النهائية التفصيلية لتوزيع البطاقة للمجموعة الاولي,b026c35b782171eb64dd2b25f502173dc3eebccbbb4c34f3ec69ba9d06b6f7b2
17040,نسمة,card_distribution,نسمة المركز,نسمة,نسمة,2025-08-14,الاحصائية النهائية التفصيلية لتوزيع البطاقة للمجموعة الاولي,b026c35b782171eb64dd2b25f502173dc3eebccbbb4c34f3ec69ba9d06b6f7b2
17049,مزدة,card_distribution,مزده,مزدة,مزدة,2025-08-14,الاحصائية النهائية التفصيلية لتوزيع البطاقة للمجموعة الاولي,b026c35b782171eb64dd2b25f502173dc3eebccbbb4c34f3ec69ba9d06b6f7b2
17050,مزدة,card_distribution,مزده,مزدة,مزدة,2025-08-14,الاحصائية النهائية التفصيلية لتوزيع البطاقة للمجموعة الاولي,b026c35b782171eb64dd2b25f502173dc3eebccbbb4c34f3ec69ba9d06b6f7b2
17051,مزدة,card_distribution,سواب فسانو,مزدة,مزدة,2025-08-14,الاحصائية النهائية التفصيلية لتوزيع البطاقة للمجموعة الاولي,b026c35b782171eb64dd2b25f502173dc3eebccbbb4c34f3ec69ba9d06b6f7b2
18022,القلعة,card_distribution,العليا,القلعة,القلعة,2025-08-14,الاحصائية النهائية التفصيلية لتوزيع البطاقة للمجموعة الاولي,b026c35b782171eb64dd2b25f502173dc3eebccbbb4c34f3ec69ba9d06b6f7b2
18023,القلعة,card_distribution,الوادي,القلعة,القلعة,2025-08-14,الاحصائية النهائية التفصيلية لتوزيع البطاقة للمجموعة الاولي,b026c35b782171eb64dd2b25f502173dc3eebccbbb4c34f3ec69ba9d06b6f7b2
18027,الرياينة,card_distribution,الوسط,الرياينة,الرياينة,2025-08-14,الاحصائية النهائية التفصيلية لتوزيع البطاقة للمجموعة الاولي,b026c35b782171eb64dd2b25f502173dc3eebccbbb4c34f3ec69ba9d06b6f7b2
18028,الرياينة,card_distribution,أبولجام,الرياينة,الرياينة,2025-08-14,الاحصائية النهائية التفصيلية لتوزيع البطاقة للمجموعة الاولي,b026c35b782171eb64dd2b25f502173dc3eebccbbb4c34f3ec69ba9d06b6f7b2
18030,الزنتان,card_distribution,الزنتان الجنوبية,الزنتان,الزنتان,2025-08-14,الاحصائية النهائية التفصيلية لتوزيع البطاقة للمجموعة الاولي,b026c35b782171eb64dd2b25f502173dc3eebccbbb4c34f3ec69ba9d06b6f7b2
18031,الزنتان,card_distribution,الزنتان الجنوبية,الزنتان,الزنتان,2025-08-14,الاحصائية النهائية التفصيلية لتوزيع البطاقة للمجموعة الاولي,b026c35b782171eb64dd2b25f502173dc3eebccbbb4c34f3ec69ba9d06b6f7b2
18032,الزنتان,card_distribution,الزنتان الشقية,الزنتان,الزنتان,2025-08-14,الاحصائية النهائية التفصيلية لتوزيع البطاقة للمجموعة الاولي,b026c35b782171eb64dd2b25f502173dc3eebccbbb4c34f3ec69ba9d06b6f7b2
18033,الزنتان,card_distribution,الزنتان الشقية,الزنتان,الزنتان,2025-08-14,الاحصائية النهائية التفصيلية لتوزيع البطاقة للمجموعة الاولي,b026c35b782171eb64dd2b25f502173dc3eebccbbb4c34f3ec69ba9d06b6f7b2
18035,الزنتان,card_distribution,الزنتان الغربية,الزنتان,الزنتان,2025-08-14,الاحصائية النهائية التفصيلية لتوزيع البطاقة للمجموعة الاولي,b026c35b782171eb64dd2b25f502173dc3eebccbbb4c34f3ec69ba9d06b6f7b2
18036,الزنتان,card_distribution,الزنتان الغربية,الزنتان,الزنتان,2025-08-14,الاحصائية النهائية التفصيلية لتوزيع البطاقة للمجموعة الاولي,b026c35b782171eb64dd2b25f502173dc3eebccbbb4c34f3ec69ba9d06b6f7b2
18037,الزنتان,card_distribution,المركز,الزنتان,الزنتان,2025-08-14,الاحصائية النهائية التفصيلية لتوزيع البطاقة للمجموعة الاولي,b026c35b782171eb64dd2b25f502173dc3eebccbbb4c34f3ec69ba9d06b6f7b2
18046,الرجبان,card_distribution,الرجبان الشقية,الرجبان,الرجبان,2025-08-14,الاحصائية النهائية التفصيلية لتوزيع البطاقة للمجموعة الاولي,b026c35b782171eb64dd2b25f502173dc3eebccbbb4c34f3ec69ba9d06b6f7b2
18047,الرجبان,card_distribution,الرجبان الغربية,الرجبان,الرجبان,2025-08-14,الاحصائية النهائية التفصيلية لتوزيع البطاقة للمجموعة الاولي,b026c35b782171eb64dd2b25f502173dc3eebccbbb4c34f3ec69ba9d06b6f7b2
18048,الرجبان,card_distribution,الرجبان الغربية,الرجبان,الرجبان,2025-08-14,الاحصائية النهائية التفصيلية لتوزيع البطاقة للمجموعة الاولي,b026c35b782171eb64dd2b25f502173dc3eebccbbb4c34f3ec69ba9d06b6f7b2
18049,الرجبان,card_distribution,الوسط,الرجبان,الرجبان,2025-08-14,الاحصائية النهائية التفصيلية لتوزيع البطاقة للمجموعة الاولي,b026c35b782171eb64dd2b25f502173dc3eebccbbb4c34f3ec69ba9d06b6f7b2
18050,الرجبان,card_distribution,قرص الحاج,الرجبان,الرجبان,2025-08-14,الاحصائية النهائية التفصيلية لتوزيع البطاقة للمجموعة الاولي,b026c35b782171eb64dd2b25f502173dc3eebccbbb4c34f3ec69ba9d06b6f7b2
18051,الرحيبات,card_distribution,الزملة,الرحيبات,الرحيبات,2025-08-14,الاحصائية النهائية التفصيلية لتوزيع البطاقة للمجموعة الاولي,b026c35b782171eb64dd2b25f502173dc3eebccbbb4c34f3ec69ba9d06b6f7b2
18052,الرحيبات,card_distribution,الرحيبات الشمالية,الرحيبات,الرحيبات,2025-08-14,الاحصائية النهائية التفصيلية لتوزيع البطاقة للمجموعة الاولي,b026c35b782171eb64dd2b25f502173dc3eebccbbb4c34f3ec69ba9d06b6f7b2
18053,الرحيبات,card_distribution,الوسط,الرحيبات,الرحيبات,2025-08-14,الاحصائية النهائية التفصيلية لتوزيع البطاقة للمجموعة الاولي,b026c35b782171eb64dd2b25f502173dc3eebccbbb4c34f3ec69ba9d06b6f7b2
18054,الرحيبات,card_distribution,أمسري,الرحيبات,الرحيبات,2025-08-14,الاحصائية النهائية التفصيلية لتوزيع البطاقة للمجموعة الاولي,b026c35b782171eb64dd2b25f502173dc3eebccbbb4c34f3ec69ba9d06b6f7b2
18059,مزدة,card_distribution,المركز,مزدة,مزدة,2025-08-14,الاحصائية النهائية التفصيلية لتوزيع البطاقة للمجموعة الاولي,b026c35b782171eb64dd2b25f502173dc3eebccbbb4c34f3ec69ba9d06b6f7b2
18061,الحوامد,card_distribution,الحوامد,الحوامد,نالوت,2025-08-14,الاحصائية النهائية التفصيلية لتوزيع البطاقة للمجموعة الاولي,b026c35b782171eb64dd2b25f502173dc3eebccbbb4c34f3ec69ba9d06b6f7b2
18064,الحوامد,card_distribution,أوالد محمود,أوالد محمود,نالوت,2025-08-14,الاحصائية النهائية التفصيلية لتوزيع البطاقة للمجموعة الاولي,b026c35b782171eb64dd2b25f502173dc3eebccbbb4c34f3ec69ba9d06b6f7b2
18070,وازن,card_distribution,وازن,وازن,وازن,2025-08-14,الاحصائية النهائية التفصيلية لتوزيع البطاقة للمجموعة الاولي,b026c35b782171eb64dd2b25f502173dc3eebccbbb4c34f3ec69ba9d06b6f7b2
18071,الحاربة,card_distribution,البدارنة الشقية,البدارنة,الحرابه,2025-08-14,الاحصائية النهائية التفصيلية لتوزيع البطاقة للمجموعة الاولي,b026c35b782171eb64dd2b25f502173dc3eebccbbb4c34f3ec69ba9d06b6f7b2
18072,الحاربة,card_distribution,البدارنة الغربية,البدارنة,الحرابه,2025-08-14,الاحصائية النهائية التفصيلية لتوزيع البطاقة للمجموعة الاولي,b026c35b782171eb64dd2b25f502173dc3eebccbbb4c34f3ec69ba9d06b6f7b2
18073,كاباو,card_distribution,كاباو الجنوبية,كاباو,كاباو,2025-08-14,الاحصائية النهائية التفصيلية لتوزيع البطاقة للمجموعة الاولي,b026c35b782171eb64dd2b25f502173dc3eebccbbb4c34f3ec69ba9d06b6f7b2
18074,الحاربة,card_distribution,الجوش الشقية,الجوش,الحرابه,2025-08-14,الاحصائية النهائية التفصيلية لتوزيع البطاقة للمجموعة الاولي,b026c35b782171eb64dd2b25f502173dc3eebccbbb4c34f3ec69ba9d06b6f7b2
18076,الحاربة,card_distribution,الشقية الحرابة,الحرابة,الحرابه,2025-08-14,الاحصائية النهائية التفصيلية لتوزيع البطاقة للمجموعة الاولي,b026c35b782171eb64dd2b25f502173dc3eebccbbb4c34f3ec69ba9d06b6f7b2
18078,كاباو,card_distribution,كاباو الشمالية,كاباو,كاباو,2025-08-14,الاحصائية النهائية التفصيلية لتوزيع البطاقة للمجموعة الاولي,b026c35b782171eb64dd2b25f502173dc3eebccbbb4c34f3ec69ba9d06b6f7b2
18079,كاباو,card_distribution,المجابرة,الحرابة,كاباو,2025-08-14,الاحصائية النهائية التفصيلية لتوزيع البطاقة للمجموعة الاولي,b026c35b782171eb64dd2b25f502173dc3eebccbbb4c34f3ec69ba9d06b6f7b2
18080,الحاربة,card_distribution,الوسط الحرابة,المجابرة,الحرابه,2025-08-14,الاحصائية النهائية التفصيلية لتوزيع البطاقة للمجموعة الاولي,b026c35b782171eb64dd2b25f502173dc3eebccbbb4c34f3ec69ba9d06b6f7b2
18081,كاباو,card_distribution,تملوشايت,كاباو,كاباو,2025-08-14,الاحصائية النهائية التفصيلية لتوزيع البطاقة للمجموعة الاولي,b026c35b782171eb64dd2b25f502173dc3eebccbbb4c34f3ec69ba9d06b6f7b2
18082,الحاربة,card_distribution,طمزين,طمزين,الحرابه,2025-08-14,الاحصائية النهائية التفصيلية لتوزيع البطاقة للمجموعة الاولي,b026c35b782171eb64dd2b25f502173dc3eebccbbb4c34f3ec69ba9d06b6f7b2
18093,الرياينة,card_distribution,الرياينة الغربية,الرياينة,الرياينة,2025-08-14,الاحصائية النهائية التفصيلية لتوزيع البطاقة للمجموعة الاولي,b026c35b782171eb64dd2b25f502173dc3eebccbbb4c34f3ec69ba9d06b6f7b2
18095,الرحيبات,card_distribution,الزملة,الرحيبات,الرحيبات,2025-08-14,الاحصائية النهائية التفصيلية لتوزيع البطاقة للمجموعة الاولي,b026c35b782171eb64dd2b25f502173dc3eebccbbb4c34f3ec69ba9d06b6f7b2
18097,الرجبان,card_distribution,شهداء ثيبشان,الرجبان,الرجبان,2025-08-14,الاحصائية النهائية التفصيلية لتوزيع البطاقة للمجموعة الاولي,b026c35b782171eb64dd2b25f502173dc3eebccbbb4c34f3ec69ba9d06b6f7b2
18103,المشاشية,card_distribution,زاوية الباقول,العويتيه,يفرن,2025-08-14,الاحصائية النهائية التفصيلية لتوزيع البطاقة للمجموعة الاولي,b026c35b782171eb64dd2b25f502173dc3eebccbbb4c34f3ec69ba9d06b6f7b2
18106,القواليش,card_distribution,القوليش,االصابعة,االصابعة,2025-08-14,الاحصائية النهائية التفصيلية لتوزيع البطاقة للمجموعة الاولي,b026c35b782171eb64dd2b25f502173dc3eebccbbb4c34f3ec69ba9d06b6f7b2
18107,الزنتان,card_distribution,الزنتان,الزنتان,الزنتان,2025-08-14,الاحصائية النهائية التفصيلية لتوزيع البطاقة للمجموعة الاولي,b026c35b782171eb64dd2b25f502173dc3eebccbbb4c34f3ec69ba9d06b6f7b2
18108,الزنتان,card_distribution,الزنتان,الزنتان,الزنتان,2025-08-14,الاحصائية النهائية التفصيلية لتوزيع البطاقة للمجموعة الاولي,b026c35b782171eb64dd2b25f502173dc3eebccbbb4c34f3ec69ba9d06b6f7b2
18109,القلعة,card_distribution,القصبة,القلعة,القلعة,2025-08-14,الاحصائية النهائية التفصيلية لتوزيع البطاقة للمجموعة الاولي,b026c35b782171eb64dd2b25f502173dc3eebccbbb4c34f3ec69ba9d06b6f7b2
18110,القلعة,card_distribution,ماجن القروش,القلعة,القلعة,2025-08-14,الاحصائية النهائية التفصيلية لتوزيع البطاقة للمجموعة الاولي,b026c35b782171eb64dd2b25f502173dc3eebccbbb4c34f3ec69ba9d06b6f7b2
18113,الزنتان,card_distribution,الشقية,الزنتان,الزنتان,2025-08-14,الاحصائية النهائية التفصيلية لتوزيع البطاقة للمجموعة الاولي,b026c35b782171eb64dd2b25f502173dc3eebccbbb4c34f3ec69ba9d06b6f7b2
21002,البوانيس,card_distribution,تمنهنت,سبها,البوانيس,2025-08-14,الاحصائية النهائية التفصيلية لتوزيع البطاقة للمجموعة الاولي,b026c35b782171eb64dd2b25f502173dc3eebccbbb4c34f3ec69ba9d06b6f7b2
21003,البوانيس,card_distribution,سمنو,سبها,البوانيس,2025-08-14,الاحصائية النهائية التفصيلية لتوزيع البطاقة للمجموعة الاولي,b026c35b782171eb64dd2b25f502173dc3eebccbbb4c34f3ec69ba9d06b6f7b2
21004,البوانيس,card_distribution,الزيغن,سبها,البوانيس,2025-08-14,الاحصائية النهائية التفصيلية لتوزيع البطاقة للمجموعة الاولي,b026c35b782171eb64dd2b25f502173dc3eebccbbb4c34f3ec69ba9d06b6f7b2
22011,جرمة,card_distribution,جرمة,جرمة,الغريفة,2025-08-14,الاحصائية النهائية التفصيلية لتوزيع البطاقة للمجموعة الاولي,b026c35b782171eb64dd2b25f502173dc3eebccbbb4c34f3ec69ba9d06b6f7b2
22012,جرمة,card_distribution,توش,توش,الغريفة,2025-08-14,الاحصائية النهائية التفصيلية لتوزيع البطاقة للمجموعة الاولي,b026c35b782171eb64dd2b25f502173dc3eebccbbb4c34f3ec69ba9d06b6f7b2
22013,جرمة,card_distribution,ابريك,ابريك,الغريفة,2025-08-14,الاحصائية النهائية التفصيلية لتوزيع البطاقة للمجموعة الاولي,b026c35b782171eb64dd2b25f502173dc3eebccbbb4c34f3ec69ba9d06b6f7b2
22014,قارقرة,card_distribution,الخرائق,الخرائق,الغريفة,2025-08-14,الاحصائية النهائية التفصيلية لتوزيع البطاقة للمجموعة الاولي,b026c35b782171eb64dd2b25f502173dc3eebccbbb4c34f3ec69ba9d06b6f7b2
22015,قارقرة,card_distribution,تويوة,تويوة,الغريفة,2025-08-14,الاحصائية النهائية التفصيلية لتوزيع البطاقة للمجموعة الاولي,b026c35b782171eb64dd2b25f502173dc3eebccbbb4c34f3ec69ba9d06b6f7b2
22016,قارقرة,card_distribution,قراقرة,قراقرة,الغريفة,2025-08-14,الاحصائية النهائية التفصيلية لتوزيع البطاقة للمجموعة الاولي,b026c35b782171eb64dd2b25f502173dc3eebccbbb4c34f3ec69ba9d06b6f7b2
22017,قارقرة,card_distribution,تكركبية,تكركيبة,بنت بيه,2025-08-14,الاحصائية النهائية التفصيلية لتوزيع البطاقة للمجموعة الاولي,b026c35b782171eb64dd2b25f502173dc3eebccbbb4c34f3ec69ba9d06b6f7b2
22018,قارقرة,card_distribution,الفجيج,الفجيج,بنت بيه,2025-08-14,الاحصائية النهائية التفصيلية لتوزيع البطاقة للمجموعة الاولي,b026c35b782171eb64dd2b25f502173dc3eebccbbb4c34f3ec69ba9d06b6f7b2
22019,الرقيبة,card_distribution,الركو,الركو,بنت بيه,2025-08-14,الاحصائية النهائية التفصيلية لتوزيع البطاقة للمجموعة الاولي,b026c35b782171eb64dd2b25f502173dc3eebccbbb4c34f3ec69ba9d06b6f7b2
22020,الرقيبة,card_distribution,القراية,القراية,بنت بيه,2025-08-14,الاحصائية النهائية التفصيلية لتوزيع البطاقة للمجموعة الاولي,b026c35b782171eb64dd2b25f502173dc3eebccbbb4c34f3ec69ba9d06b6f7b2
22021,الرقيبة,card_distribution,قرت عون,قرت عون,بنت بيه,2025-08-14,الاحصائية النهائية التفصيلية لتوزيع البطاقة للمجموعة الاولي,b026c35b782171eb64dd2b25f502173dc3eebccbbb4c34f3ec69ba9d06b6f7b2
22022,الرقيبة,card_distribution,الرقيبة,الرقيبة,بنت بيه,2025-08-14,الاحصائية النهائية التفصيلية لتوزيع البطاقة للمجموعة الاولي,b026c35b782171eb64dd2b25f502173dc3eebccbbb4c34f3ec69ba9d06b6f7b2
22023,الرقيبة,card_distribution,الرقيبة,الرقيبة,بنت بيه,2025-08-14,الاحصائية النهائية التفصيلية لتوزيع البطاقة للمجموعة الاولي,b026c35b782171eb64dd2b25f502173dc3eebccbbb4c34f3ec69ba9d06b6f7b2
22024,الرقيبة,card_distribution,التناحمة,التناحمة,بنت بيه,2025-08-14,الاحصائية النهائية التفصيلية لتوزيع البطاقة للمجموعة الاولي,b026c35b782171eb64dd2b25f502173dc3eebccbbb4c34f3ec69ba9d06b6f7b2
22025,بنت بية,card_distribution,بنت بيه,بنت بيه,بنت بيه,2025-08-14,الاحصائية النهائية التفصيلية لتوزيع البطاقة للمجموعة الاولي,b026c35b782171eb64dd2b25f502173dc3eebccbbb4c34f3ec69ba9d06b6f7b2
22037,وادي عتبة,card_distribution,تساوة,تساوة,وادى عتبة,2025-08-14,الاحصائية النهائية التفصيلية لتوزيع البطاقة للمجموعة الاولي,b026c35b782171eb64dd2b25f502173dc3eebccbbb4c34f3ec69ba9d06b6f7b2
22039,وادي عتبة,card_distribution,السبيطات,السبيطات,وادى عتبة,2025-08-14,الاحصائية النهائية التفصيلية لتوزيع البطاقة للمجموعة الاولي,b026c35b782171eb64dd2b25f502173dc3eebccbbb4c34f3ec69ba9d06b6f7b2
22040,وادي عتبة,card_distribution,مرحبا,مرحبا,وادى عتبة,2025-08-14,الاحصائية النهائية التفصيلية لتوزيع البطاقة للمجموعة الاولي,b026c35b782171eb64dd2b25f502173dc3eebccbbb4c34f3ec69ba9d06b6f7b2
22041,وادي عتبة,card_distribution,مكنوسة,مكنوسة,وادى عتبة,2025-08-14,الاحصائية النهائية التفصيلية لتوزيع البطاقة للمجموعة الاولي,b026c35b782171eb64dd2b25f502173dc3eebccbbb4c34f3ec69ba9d06b6f7b2
22042,تارغن,card_distribution,فنقل,فنقل,تراغن,2025-08-14,الاحصائية النهائية التفصيلية لتوزيع البطاقة للمجموعة الاولي,b026c35b782171eb64dd2b25f502173dc3eebccbbb4c34f3ec69ba9d06b6f7b2
22044,تارغن,card_distribution,تراغن,تراغن,تراغن,2025-08-14,الاحصائية النهائية التفصيلية لتوزيع البطاقة للمجموعة الاولي,b026c35b782171eb64dd2b25f502173dc3eebccbbb4c34f3ec69ba9d06b6f7b2
22045,تارغن,card_distribution,تراغن,تراغن,تراغن,2025-08-14,الاحصائية النهائية التفصيلية لتوزيع البطاقة للمجموعة الاولي,b026c35b782171eb64dd2b25f502173dc3eebccbbb4c34f3ec69ba9d06b6f7b2
22050,زويلة,card_distribution,زويلة,زويلة,الشقية,2025-08-14,الاحصائية النهائية التفصيلية لتوزيع البطاقة للمجموعة الاولي,b026c35b782171eb64dd2b25f502173dc3eebccbbb4c34f3ec69ba9d06b6f7b2
22051,زويلة,card_distribution,تمسة,تمسة,الشقية,2025-08-14,الاحصائية النهائية التفصيلية لتوزيع البطاقة للمجموعة الاولي,b026c35b782171eb64dd2b25f502173dc3eebccbbb4c34f3ec69ba9d06b6f7b2
22068,قارقرة,card_distribution,الفخفاخة,الفخفاخة,الغريفة,2025-08-14,الاحصائية النهائية التفصيلية لتوزيع البطاقة للمجموعة الاولي,b026c35b782171eb64dd2b25f502173dc3eebccbbb4c34f3ec69ba9d06b6f7b2
22074,قارقرة,card_distribution,قراقرة,قراقرة,الغريفة,2025-08-14,الاحصائية النهائية التفصيلية لتوزيع البطاقة للمجموعة الاولي,b026c35b782171eb64dd2b25f502173dc3eebccbbb4c34f3ec69ba9d06b6f7b2
22075,الرقيبة,card_distribution,الرقيبة,الرقيبة,بنت بيه,2025-08-14,الاحصائية النهائية التفصيلية لتوزيع البطاقة للمجموعة الاولي,b026c35b782171eb64dd2b25f502173dc3eebccbbb4c34f3ec69ba9d06b6f7b2
22079,جرمة,card_distribution,جرمة القديمة,جرمة,الغريفة,2025-08-14,الاحصائية النهائية التفصيلية لتوزيع البطاقة للمجموعة الاولي,b026c35b782171eb64dd2b25f502173dc3eebccbbb4c34f3ec69ba9d06b6f7b2
22085,وادي عتبة,card_distribution,تقرط ي,تقرط ي,وادى عتبة,2025-08-14,الاحصائية النهائية التفصيلية لتوزيع البطاقة للمجموعة الاولي,b026c35b782171eb64dd2b25f502173dc3eebccbbb4c34f3ec69ba9d06b6f7b2
23001,سيناون,card_distribution,سيناون,درج,درج,2025-08-14,الاحصائية النهائية التفصيلية لتوزيع البطاقة للمجموعة الاولي,b026c35b782171eb64dd2b25f502173dc3eebccbbb4c34f3ec69ba9d06b6f7b2
23002,سيناون,card_distribution,الشعواء,درج,درج,2025-08-14,الاحصائية النهائية التفصيلية لتوزيع البطاقة للمجموعة الاولي,b026c35b782171eb64dd2b25f502173dc3eebccbbb4c34f3ec69ba9d06b6f7b2
23007,غدامس,card_distribution,أفوغاس,غدامس,غدامس,2025-08-14,الاحصائية النهائية التفصيلية لتوزيع البطاقة للمجموعة الاولي,b026c35b782171eb64dd2b25f502173dc3eebccbbb4c34f3ec69ba9d06b6f7b2
23009,غدامس,card_distribution,وليد,غدامس,غدامس,2025-08-14,الاحصائية النهائية التفصيلية لتوزيع البطاقة للمجموعة الاولي,b026c35b782171eb64dd2b25f502173dc3eebccbbb4c34f3ec69ba9d06b6f7b2
23010,غدامس,card_distribution,وازيت,غدامس,غدامس,2025-08-14,الاحصائية النهائية التفصيلية لتوزيع البطاقة للمجموعة الاولي,b026c35b782171eb64dd2b25f502173dc3eebccbbb4c34f3ec69ba9d06b6f7b2
23011,أوال,card_distribution,أفوغاس,درج,درج,2025-08-14,الاحصائية النهائية التفصيلية لتوزيع البطاقة للمجموعة الاولي,b026c35b782171eb64dd2b25f502173dc3eebccbbb4c34f3ec69ba9d06b6f7b2
24022,برقن,card_distribution,ابوقدقود,الشا,ادرى,2025-08-14,الاحصائية النهائية التفصيلية لتوزيع البطاقة للمجموعة الاولي,b026c35b782171eb64dd2b25f502173dc3eebccbbb4c34f3ec69ba9d06b6f7b2
24023,برقن,card_distribution,قطة,الشا,ادرى,2025-08-14,الاحصائية النهائية التفصيلية لتوزيع البطاقة للمجموعة الاولي,b026c35b782171eb64dd2b25f502173dc3eebccbbb4c34f3ec69ba9d06b6f7b2
24024,برقن,card_distribution,عر ي المشاشية / قطة,الشا,ادرى,2025-08-14,الاحصائية النهائية التفصيلية لتوزيع البطاقة للمجموعة الاولي,b026c35b782171eb64dd2b25f502173dc3eebccbbb4c34f3ec69ba9d06b6f7b2
24025,برقن,card_distribution,القلة,الشا,ادرى,2025-08-14,الاحصائية النهائية التفصيلية لتوزيع البطاقة للمجموعة الاولي,b026c35b782171eb64dd2b25f502173dc3eebccbbb4c34f3ec69ba9d06b6f7b2
24034,برقن,card_distribution,برقن,الشا,ادرى,2025-08-14,الاحصائية النهائية التفصيلية لتوزيع البطاقة للمجموعة الاولي,b026c35b782171eb64dd2b25f502173dc3eebccbbb4c34f3ec69ba9d06b6f7b2
24041,برقن,card_distribution,الزهراء,الشا,ادرى,2025-08-14,الاحصائية النهائية التفصيلية لتوزيع البطاقة للمجموعة الاولي,b026c35b782171eb64dd2b25f502173dc3eebccbbb4c34f3ec69ba9d06b6f7b2
24042,برقن,card_distribution,قرص العرايسية,الشا,ادرى,2025-08-14,الاحصائية النهائية التفصيلية لتوزيع البطاقة للمجموعة الاولي,b026c35b782171eb64dd2b25f502173dc3eebccbbb4c34f3ec69ba9d06b6f7b2
31042,امساعد,card_distribution,أم ركبة,طربق,امساعد,2025-08-14,الاحصائية النهائية التفصيلية لتوزيع البطاقة للمجموعة الاولي,b026c35b782171eb64dd2b25f502173dc3eebccbbb4c34f3ec69ba9d06b6f7b2
31044,امساعد,card_distribution,رأس عزاز,طربق,امساعد,2025-08-14,الاحصائية النهائية التفصيلية لتوزيع البطاقة للمجموعة الاولي,b026c35b782171eb64dd2b25f502173dc3eebccbbb4c34f3ec69ba9d06b6f7b2
31048,امساعد,card_distribution,امساعد,طربق,امساعد,2025-08-14,الاحصائية النهائية التفصيلية لتوزيع البطاقة للمجموعة الاولي,b026c35b782171eb64dd2b25f502173dc3eebccbbb4c34f3ec69ba9d06b6f7b2
31049,امساعد,card_distribution,امساعد,طربق,امساعد,2025-08-14,الاحصائية النهائية التفصيلية لتوزيع البطاقة للمجموعة الاولي,b026c35b782171eb64dd2b25f502173dc3eebccbbb4c34f3ec69ba9d06b6f7b2
31054,امساعد,card_distribution,المالحة,طربق,امساعد,2025-08-14,الاحصائية النهائية التفصيلية لتوزيع البطاقة للمجموعة الاولي,b026c35b782171eb64dd2b25f502173dc3eebccbbb4c34f3ec69ba9d06b6f7b2
31069,امساعد,card_distribution,قرص الجدي,قرص الجدي,امساعد,2025-08-14,الاحصائية النهائية التفصيلية لتوزيع البطاقة للمجموعة الاولي,b026c35b782171eb64dd2b25f502173dc3eebccbbb4c34f3ec69ba9d06b6f7b2
32001,القبة,card_distribution,القبة,القبة,القبة,2025-08-14,الاحصائية النهائية التفصيلية لتوزيع البطاقة للمجموعة الاولي,b026c35b782171eb64dd2b25f502173dc3eebccbbb4c34f3ec69ba9d06b6f7b2
32002,القبة,card_distribution,القبة,القبة,القبة,2025-08-14,الاحصائية النهائية التفصيلية لتوزيع البطاقة للمجموعة الاولي,b026c35b782171eb64dd2b25f502173dc3eebccbbb4c34f3ec69ba9d06b6f7b2
32003,القبة,card_distribution,القبة,القبة,القبة,2025-08-14,الاحصائية النهائية التفصيلية لتوزيع البطاقة للمجموعة الاولي,b026c35b782171eb64dd2b25f502173dc3eebccbbb4c34f3ec69ba9d06b6f7b2
32004,القبة,card_distribution,القبة,القبة,القبة,2025-08-14,الاحصائية النهائية التفصيلية لتوزيع البطاقة للمجموعة الاولي,b026c35b782171eb64dd2b25f502173dc3eebccbbb4c34f3ec69ba9d06b6f7b2
32005,القبة,card_distribution,القبة,القبة,القبة,2025-08-14,الاحصائية النهائية التفصيلية لتوزيع البطاقة للمجموعة الاولي,b026c35b782171eb64dd2b25f502173dc3eebccbbb4c34f3ec69ba9d06b6f7b2
32006,القبة,card_distribution,بيت ثامر,القبة,القبة,2025-08-14,الاحصائية النهائية التفصيلية لتوزيع البطاقة للمجموعة الاولي,b026c35b782171eb64dd2b25f502173dc3eebccbbb4c34f3ec69ba9d06b6f7b2
32007,القبة,card_distribution,لملودة,القبة,القبة,2025-08-14,الاحصائية النهائية التفصيلية لتوزيع البطاقة للمجموعة الاولي,b026c35b782171eb64dd2b25f502173dc3eebccbbb4c34f3ec69ba9d06b6f7b2
32008,القبة,card_distribution,الدبوسية,القبة,القبة,2025-08-14,الاحصائية النهائية التفصيلية لتوزيع البطاقة للمجموعة الاولي,b026c35b782171eb64dd2b25f502173dc3eebccbbb4c34f3ec69ba9d06b6f7b2
32009,الأبرق,card_distribution,األبرق,القبة,األبرق,2025-08-14,الاحصائية النهائية التفصيلية لتوزيع البطاقة للمجموعة الاولي,b026c35b782171eb64dd2b25f502173dc3eebccbbb4c34f3ec69ba9d06b6f7b2
32010,الأبرق,card_distribution,األبرق,القبة,األبرق,2025-08-14,الاحصائية النهائية التفصيلية لتوزيع البطاقة للمجموعة الاولي,b026c35b782171eb64dd2b25f502173dc3eebccbbb4c34f3ec69ba9d06b6f7b2
32011,القيقب,card_distribution,القيقب,القبة,القيقب,2025-08-14,الاحصائية النهائية التفصيلية لتوزيع البطاقة للمجموعة الاولي,b026c35b782171eb64dd2b25f502173dc3eebccbbb4c34f3ec69ba9d06b6f7b2
32012,القيقب,card_distribution,القيقب,القبة,القيقب,2025-08-14,الاحصائية النهائية التفصيلية لتوزيع البطاقة للمجموعة الاولي,b026c35b782171eb64dd2b25f502173dc3eebccbbb4c34f3ec69ba9d06b6f7b2
32013,الأبرق,card_distribution,ترت,القبة,األبرق,2025-08-14,الاحصائية النهائية التفصيلية لتوزيع البطاقة للمجموعة الاولي,b026c35b782171eb64dd2b25f502173dc3eebccbbb4c34f3ec69ba9d06b6f7b2
32014,الأبرق,card_distribution,خوالن,القبة,األبرق,2025-08-14,الاحصائية النهائية التفصيلية لتوزيع البطاقة للمجموعة الاولي,b026c35b782171eb64dd2b25f502173dc3eebccbbb4c34f3ec69ba9d06b6f7b2
32015,القبة,card_distribution,رأس الهالل,القبة,القبة,2025-08-14,الاحصائية النهائية التفصيلية لتوزيع البطاقة للمجموعة الاولي,b026c35b782171eb64dd2b25f502173dc3eebccbbb4c34f3ec69ba9d06b6f7b2
32019,الأبرق,card_distribution,الىل,القبة,األبرق,2025-08-14,الاحصائية النهائية التفصيلية لتوزيع البطاقة للمجموعة الاولي,b026c35b782171eb64dd2b25f502173dc3eebccbbb4c34f3ec69ba9d06b6f7b2
32020,الأبرق,card_distribution,المخيل,القبة,األبرق,2025-08-14,الاحصائية النهائية التفصيلية لتوزيع البطاقة للمجموعة الاولي,b026c35b782171eb64dd2b25f502173dc3eebccbbb4c34f3ec69ba9d06b6f7b2
32054,القبة,card_distribution,بشارة,القبة,القبة,2025-08-14,الاحصائية النهائية التفصيلية لتوزيع البطاقة للمجموعة الاولي,b026c35b782171eb64dd2b25f502173dc3eebccbbb4c34f3ec69ba9d06b6f7b2
32057,القبة,card_distribution,القبة,القبة,القبة,2025-08-14,الاحصائية النهائية التفصيلية لتوزيع البطاقة للمجموعة الاولي,b026c35b782171eb64dd2b25f502173dc3eebccbbb4c34f3ec69ba9d06b6f7b2
32058,القبة,card_distribution,القبة,القبة,القبة,2025-08-14,الاحصائية النهائية التفصيلية لتوزيع البطاقة للمجموعة الاولي,b026c35b782171eb64dd2b25f502173dc3eebccbbb4c34f3ec69ba9d06b6f7b2
32060,القبة,card_distribution,القبة,القبة,القبة,2025-08-14,الاحصائية النهائية التفصيلية لتوزيع البطاقة للمجموعة الاولي,b026c35b782171eb64dd2b25f502173dc3eebccbbb4c34f3ec69ba9d06b6f7b2
34153,المليطانية,card_distribution,المليطانية,االبيار,االبيار,2025-08-14,الاحصائية النهائية التفصيلية لتوزيع البطاقة للمجموعة الاولي,b026c35b782171eb64dd2b25f502173dc3eebccbbb4c34f3ec69ba9d06b6f7b2
34154,المليطانية,card_distribution,المليطانية,االبيار,االبيار,2025-08-14,الاحصائية النهائية التفصيلية لتوزيع البطاقة للمجموعة الاولي,b026c35b782171eb64dd2b25f502173dc3eebccbbb4c34f3ec69ba9d06b6f7b2
36014,تازربو,card_distribution,تازربو,تازربو,تازربو,2025-08-14,الاحصائية النهائية التفصيلية لتوزيع البطاقة للمجموعة الاولي,b026c35b782171eb64dd2b25f502173dc3eebccbbb4c34f3ec69ba9d06b6f7b2
37014,مدور الزيتون,card_distribution,المرج,مدور الزيتون,جردس,2025-08-14,الاحصائية النهائية التفصيلية لتوزيع البطاقة للمجموعة الاولي,b026c35b782171eb64dd2b25f502173dc3eebccbbb4c34f3ec69ba9d06b6f7b2
37027,تاكنس,card_distribution,تاكنس الشقية,المرج,جردس,2025-08-14,الاحصائية النهائية التفصيلية لتوزيع البطاقة للمجموعة الاولي,b026c35b782171eb64dd2b25f502173dc3eebccbbb4c34f3ec69ba9d06b6f7b2
37028,تاكنس,card_distribution,تاكنس الغربية,تاكنس,جردس,2025-08-14,الاحصائية النهائية التفصيلية لتوزيع البطاقة للمجموعة الاولي,b026c35b782171eb64dd2b25f502173dc3eebccbbb4c34f3ec69ba9d06b6f7b2
37038,تاكنس,card_distribution,المرج,جردس العبيد,جردس,2025-08-14,الاحصائية النهائية التفصيلية لتوزيع البطاقة للمجموعة الاولي,b026c35b782171eb64dd2b25f502173dc3eebccbbb4c34f3ec69ba9d06b6f7b2
43026,سيدي السائح,card_distribution,أبوعائشة,سيدي السائح,سيدي السائح,2025-08-14,الاحصائية النهائية التفصيلية لتوزيع البطاقة للمجموعة الاولي,b026c35b782171eb64dd2b25f502173dc3eebccbbb4c34f3ec69ba9d06b6f7b2
43027,سيدي السائح,card_distribution,وادي الربيع,سيدي السائح,سيدي السائح,2025-08-14,الاحصائية النهائية التفصيلية لتوزيع البطاقة للمجموعة الاولي,b026c35b782171eb64dd2b25f502173dc3eebccbbb4c34f3ec69ba9d06b6f7b2
43029,سيدي السائح,card_distribution,بت الطوبة,سيدي السائح,سيدي السائح,2025-08-14,الاحصائية النهائية التفصيلية لتوزيع البطاقة للمجموعة الاولي,b026c35b782171eb64dd2b25f502173dc3eebccbbb4c34f3ec69ba9d06b6f7b2
43030,سيدي السائح,card_distribution,السوق,سيدي السائح,سيدي السائح,2025-08-14,الاحصائية النهائية التفصيلية لتوزيع البطاقة للمجموعة الاولي,b026c35b782171eb64dd2b25f502173dc3eebccbbb4c34f3ec69ba9d06b6f7b2
43031,سيدي السائح,card_distribution,السوق,سيدي السائح,سيدي السائح,2025-08-14,الاحصائية النهائية التفصيلية لتوزيع البطاقة للمجموعة الاولي,b026c35b782171eb64dd2b25f502173dc3eebccbbb4c34f3ec69ba9d06b6f7b2
43032,سيدي السائح,card_distribution,الغاللبة,سيدي السائح,سيدي السائح,2025-08-14,الاحصائية النهائية التفصيلية لتوزيع البطاقة للمجموعة الاولي,b026c35b782171eb64dd2b25f502173dc3eebccbbb4c34f3ec69ba9d06b6f7b2
43033,سيدي السائح,card_distribution,الغاللبة,سيدي السائح,سيدي السائح,2025-08-14,الاحصائية النهائية التفصيلية لتوزيع البطاقة للمجموعة الاولي,b026c35b782171eb64dd2b25f502173dc3eebccbbb4c34f3ec69ba9d06b6f7b2
43034,سوق الخميس,card_distribution,مسيحل,سوق الخميس,سوق الخميس,2025-08-14,الاحصائية النهائية التفصيلية لتوزيع البطاقة للمجموعة الاولي,b026c35b782171eb64dd2b25f502173dc3eebccbbb4c34f3ec69ba9d06b6f7b2
43036,سوق الخميس,card_distribution,بريش,سوق الخميس,سوق الخميس,2025-08-14,الاحصائية النهائية التفصيلية لتوزيع البطاقة للمجموعة الاولي,b026c35b782171eb64dd2b25f502173dc3eebccbbb4c34f3ec69ba9d06b6f7b2
43037,سوق الخميس,card_distribution,بريش,سوق الخميس,سوق الخميس,2025-08-14,الاحصائية النهائية التفصيلية لتوزيع البطاقة للمجموعة الاولي,b026c35b782171eb64dd2b25f502173dc3eebccbbb4c34f3ec69ba9d06b6f7b2
43038,سوق الخميس,card_distribution,سيدي جابر,سوق الخميس,سوق الخميس,2025-08-14,الاحصائية النهائية التفصيلية لتوزيع البطاقة للمجموعة الاولي,b026c35b782171eb64dd2b25f502173dc3eebccbbb4c34f3ec69ba9d06b6f7b2
43040,سوق الخميس,card_distribution,سيدي الجيالب,سوق الخميس,سوق الخميس,2025-08-14,الاحصائية النهائية التفصيلية لتوزيع البطاقة للمجموعة الاولي,b026c35b782171eb64dd2b25f502173dc3eebccbbb4c34f3ec69ba9d06b6f7b2
43041,العواتة,card_distribution,العواتة,سوق الخميس,سوق الخميس,2025-08-14,الاحصائية النهائية التفصيلية لتوزيع البطاقة للمجموعة الاولي,b026c35b782171eb64dd2b25f502173dc3eebccbbb4c34f3ec69ba9d06b6f7b2
43042,السبيعة,card_distribution,أوالد أبوعائشة,السبيعة,السبيعة,2025-08-14,الاحصائية النهائية التفصيلية لتوزيع البطاقة للمجموعة الاولي,b026c35b782171eb64dd2b25f502173dc3eebccbbb4c34f3ec69ba9d06b6f7b2
43045,السبيعة,card_distribution,بن عطية,السبيعة,السبيعة,2025-08-14,الاحصائية النهائية التفصيلية لتوزيع البطاقة للمجموعة الاولي,b026c35b782171eb64dd2b25f502173dc3eebccbbb4c34f3ec69ba9d06b6f7b2
43046,السبيعة,card_distribution,أبوعرقوب,السبيعة,السبيعة,2025-08-14,الاحصائية النهائية التفصيلية لتوزيع البطاقة للمجموعة الاولي,b026c35b782171eb64dd2b25f502173dc3eebccbbb4c34f3ec69ba9d06b6f7b2
43047,السبيعة,card_distribution,أبوعرقوب,السبيعة,السبيعة,2025-08-14,الاحصائية النهائية التفصيلية لتوزيع البطاقة للمجموعة الاولي,b026c35b782171eb64dd2b25f502173dc3eebccbbb4c34f3ec69ba9d06b6f7b2
43048,السبيعة,card_distribution,اوالد مرغم,السبيعة,السبيعة,2025-08-14,الاحصائية النهائية التفصيلية لتوزيع البطاقة للمجموعة الاولي,b026c35b782171eb64dd2b25f502173dc3eebccbbb4c34f3ec69ba9d06b6f7b2
43051,سيدي السائح,card_distribution,الوسط,سيدي السائح,سيدي السائح,2025-08-14,الاحصائية النهائية التفصيلية لتوزيع البطاقة للمجموعة الاولي,b026c35b782171eb64dd2b25f502173dc3eebccbbb4c34f3ec69ba9d06b6f7b2
43052,سوق الخميس,card_distribution,سيدي الجيالب,سوق الخميس,سوق الخميس,2025-08-14,الاحصائية النهائية التفصيلية لتوزيع البطاقة للمجموعة الاولي,b026c35b782171eb64dd2b25f502173dc3eebccbbb4c34f3ec69ba9d06b6f7b2
43053,السبيعة,card_distribution,اوالد وشاح,السبيعة,السبيعة,2025-08-14,الاحصائية النهائية التفصيلية لتوزيع البطاقة للمجموعة الاولي,b026c35b782171eb64dd2b25f502173dc3eebccbbb4c34f3ec69ba9d06b6f7b2
44001,الجديدة,card_distribution,النرص,العجيالت,الجديدة,2025-08-14,الاحصائية النهائية التفصيلية لتوزيع البطاقة للمجموعة الاولي,b026c35b782171eb64dd2b25f502173dc3eebccbbb4c34f3ec69ba9d06b6f7b2
44006,الجديدة,card_distribution,الجديدة,العجيالت,الجديدة,2025-08-14,الاحصائية النهائية التفصيلية لتوزيع البطاقة للمجموعة الاولي,b026c35b782171eb64dd2b25f502173dc3eebccbbb4c34f3ec69ba9d06b6f7b2
44007,الجديدة,card_distribution,الجديدة,العجيالت,الجديدة,2025-08-14,الاحصائية النهائية التفصيلية لتوزيع البطاقة للمجموعة الاولي,b026c35b782171eb64dd2b25f502173dc3eebccbbb4c34f3ec69ba9d06b6f7b2
44008,الجديدة,card_distribution,النرص,العجيالت,الجديدة,2025-08-14,الاحصائية النهائية التفصيلية لتوزيع البطاقة للمجموعة الاولي,b026c35b782171eb64dd2b25f502173dc3eebccbbb4c34f3ec69ba9d06b6f7b2
44011,الجديدة,card_distribution,السدرة,العجيالت,العجيالت,2025-08-14,الاحصائية النهائية التفصيلية لتوزيع البطاقة للمجموعة الاولي,b026c35b782171eb64dd2b25f502173dc3eebccbbb4c34f3ec69ba9d06b6f7b2
44012,الجديدة,card_distribution,السدرة,العجيالت,الجديدة,2025-08-14,الاحصائية النهائية التفصيلية لتوزيع البطاقة للمجموعة الاولي,b026c35b782171eb64dd2b25f502173dc3eebccbbb4c34f3ec69ba9d06b6f7b2
44013,لزطن,card_distribution,الطويلة,زلطن,زلطن,2025-08-14,الاحصائية النهائية التفصيلية لتوزيع البطاقة للمجموعة الاولي,b026c35b782171eb64dd2b25f502173dc3eebccbbb4c34f3ec69ba9d06b6f7b2
44020,الجديدة,card_distribution,الجديدة,العجيالت,الجديدة,2025-08-14,الاحصائية النهائية التفصيلية لتوزيع البطاقة للمجموعة الاولي,b026c35b782171eb64dd2b25f502173dc3eebccbbb4c34f3ec69ba9d06b6f7b2
44021,الجديدة,card_distribution,النرص,العجيالت,الجديدة,2025-08-14,الاحصائية النهائية التفصيلية لتوزيع البطاقة للمجموعة الاولي,b026c35b782171eb64dd2b25f502173dc3eebccbbb4c34f3ec69ba9d06b6f7b2
44044,لزطن,card_distribution,زلطن,زلطن,زلطن,2025-08-14,الاحصائية النهائية التفصيلية لتوزيع البطاقة للمجموعة الاولي,b026c35b782171eb64dd2b25f502173dc3eebccbbb4c34f3ec69ba9d06b6f7b2
44045,لزطن,card_distribution,زلطن,زلطن,زلطن,2025-08-14,الاحصائية النهائية التفصيلية لتوزيع البطاقة للمجموعة الاولي,b026c35b782171eb64dd2b25f502173dc3eebccbbb4c34f3ec69ba9d06b6f7b2
44046,الجديدة,card_distribution,السدرة,العجيالت,العجيالت,2025-08-14,الاحصائية النهائية التفصيلية لتوزيع البطاقة للمجموعة الاولي,b026c35b782171eb64dd2b25f502173dc3eebccbbb4c34f3ec69ba9d06b6f7b2
44055,الجديدة,card_distribution,النرص,العجيالت,الجديدة,2025-08-14,الاحصائية النهائية التفصيلية لتوزيع البطاقة للمجموعة الاولي,b026c35b782171eb64dd2b25f502173dc3eebccbbb4c34f3ec69ba9d06b6f7b2
44056,لزطن,card_distribution,زلطن,زلطن,زلطن,2025-08-14,الاحصائية النهائية التفصيلية لتوزيع البطاقة للمجموعة الاولي,b026c35b782171eb64dd2b25f502173dc3eebccbbb4c34f3ec69ba9d06b6f7b2
44062,لزطن,card_distribution,زلطن,زلطن,زلطن,2025-08-14,الاحصائية النهائية التفصيلية لتوزيع البطاقة للمجموعة الاولي,b026c35b782171eb64dd2b25f502173dc3eebccbbb4c34f3ec69ba9d06b6f7b2
44063,الجديدة,card_distribution,النرص,العجيالت,الجديدة,2025-08-14,الاحصائية النهائية التفصيلية لتوزيع البطاقة للمجموعة الاولي,b026c35b782171eb64dd2b25f502173dc3eebccbbb4c34f3ec69ba9d06b6f7b2
11058,سرت,municipal_2025,أبوزاهية,أبوزاهية,رست,2025-10-21,المراكز_سرت_سرت,aa16c48ecca533dd620281dc6f7fe46f66de7c5b4fc17b410d0ac329f533a13f
11059,سرت,municipal_2025,أبوزاهية,رست,رست,2025-10-21,المراكز_سرت_سرت,aa16c48ecca533dd620281dc6f7fe46f66de7c5b4fc17b410d0ac329f533a13f
11060,سرت,municipal_2025,القرضابية,رست,رست,2025-10-21,المراكز_سرت_سرت,aa16c48ecca533dd620281dc6f7fe46f66de7c5b4fc17b410d0ac329f533a13f
11061,سرت,municipal_2025,سلطان,رست,رست,2025-10-21,المراكز_سرت_سرت,aa16c48ecca533dd620281dc6f7fe46f66de7c5b4fc17b410d0ac329f533a13f
11062,سرت,municipal_2025,رست المركز,رست,رست,2025-10-21,المراكز_سرت_سرت,aa16c48ecca533dd620281dc6f7fe46f66de7c5b4fc17b410d0ac329f533a13f
11063,سرت,municipal_2025,رست المركز,رست,رست,2025-10-21,المراكز_سرت_سرت,aa16c48ecca533dd620281dc6f7fe46f66de7c5b4fc17b410d0ac329f533a13f
11064,سرت,municipal_2025,رست المركز,رست,رست,2025-10-21,المراكز_سرت_سرت,aa16c48ecca533dd620281dc6f7fe46f66de7c5b4fc17b410d0ac329f533a13f
11065,سرت,municipal_2025,الزعفران,رست,رست,2025-10-21,المراكز_سرت_سرت,aa16c48ecca533dd620281dc6f7fe46f66de7c5b4fc17b410d0ac329f533a13f
11066,سرت,municipal_2025,الزعفران,رست,رست,2025-10-21,المراكز_سرت_سرت,aa16c48ecca533dd620281dc6f7fe46f66de7c5b4fc17b410d0ac329f533a13f
11067,سرت,municipal_2025,الزعفران,رست,رست,2025-10-21,المراكز_سرت_سرت,aa16c48ecca533dd620281dc6f7fe46f66de7c5b4fc17b410d0ac329f533a13f
11068,سرت,municipal_2025,الرباط االمام,رست,رست,2025-10-21,المراكز_سرت_سرت,aa16c48ecca533dd620281dc6f7fe46f66de7c5b4fc17b410d0ac329f533a13f
11069,سرت,municipal_2025,الج ته العسكرية,رست,رست,2025-10-21,المراكز_سرت_سرت,aa16c48ecca533dd620281dc6f7fe46f66de7c5b4fc17b410d0ac329f533a13f
11070,سرت,municipal_2025,الرباط,رست,رست,2025-10-21,المراكز_سرت_سرت,aa16c48ecca533dd620281dc6f7fe46f66de7c5b4fc17b410d0ac329f533a13f
11072,سرت,municipal_2025,الرباط,رست,رست,2025-10-21,المراكز_سرت_سرت,aa16c48ecca533dd620281dc6f7fe46f66de7c5b4fc17b410d0ac329f533a13f
11073,سرت,municipal_2025,الغريبات,رست,رست,2025-10-21,المراكز_سرت_سرت,aa16c48ecca533dd620281dc6f7fe46f66de7c5b4fc17b410d0ac329f533a13f
11074,سرت,municipal_2025,الغريبات,رست,رست,2025-10-21,المراكز_سرت_سرت,aa16c48ecca533dd620281dc6f7fe46f66de7c5b4fc17b410d0ac329f533a13f
11075,سرت,municipal_2025,الغريبات,رست,رست,2025-10-21,المراكز_سرت_سرت,aa16c48ecca533dd620281dc6f7fe46f66de7c5b4fc17b410d0ac329f533a13f
11076,سرت,municipal_2025,الحنيوه,رست,رست,2025-10-21,المراكز_سرت_سرت,aa16c48ecca533dd620281dc6f7fe46f66de7c5b4fc17b410d0ac329f533a13f
11077,سرت,municipal_2025,جارف,رست,رست,2025-10-21,المراكز_سرت_سرت,aa16c48ecca533dd620281dc6f7fe46f66de7c5b4fc17b410d0ac329f533a13f
11078,سرت,municipal_2025,جارف,رست,رست,2025-10-21,المراكز_سرت_سرت,aa16c48ecca533dd620281dc6f7fe46f66de7c5b4fc17b410d0ac329f533a13f
11079,سرت,municipal_2025,الثالث ي,رست,رست,2025-10-21,المراكز_سرت_سرت,aa16c48ecca533dd620281dc6f7fe46f66de7c5b4fc17b410d0ac329f533a13f
11084,سرت,municipal_2025,أبوهادي,رست,رست,2025-10-21,المراكز_سرت_سرت,aa16c48ecca533dd620281dc6f7fe46f66de7c5b4fc17b410d0ac329f533a13f
11085,سرت,municipal_2025,أبوهادي,رست,رست,2025-10-21,المراكز_سرت_سرت,aa16c48ecca533dd620281dc6f7fe46f66de7c5b4fc17b410d0ac329f533a13f
11090,سرت,municipal_2025,الظه ت,رست,رست,2025-10-21,المراكز_سرت_سرت,aa16c48ecca533dd620281dc6f7fe46f66de7c5b4fc17b410d0ac329f533a13f
11091,سرت,municipal_2025,رسق رست,رست,رست,2025-10-21,المراكز_سرت_سرت,aa16c48ecca533dd620281dc6f7fe46f66de7c5b4fc17b410d0ac329f533a13f
11097,سرت,municipal_2025,السكانية الثالثة,رست,رست,2025-10-21,المراكز_سرت_سرت,aa16c48ecca533dd620281dc6f7fe46f66de7c5b4fc17b410d0ac329f533a13f
11107,سرت,municipal_2025,القرضابية,رست,رست,2025-10-21,المراكز_سرت_سرت,aa16c48ecca533dd620281dc6f7fe46f66de7c5b4fc17b410d0ac329f533a13f
11108,سرت,municipal_2025,النصب التذكارى,رست,رست,2025-10-21,المراكز_سرت_سرت,aa16c48ecca533dd620281dc6f7fe46f66de7c5b4fc17b410d0ac329f533a13f
11109,سرت,municipal_2025,المركز,رست,رست,2025-10-21,المراكز_سرت_سرت,aa16c48ecca533dd620281dc6f7fe46f66de7c5b4fc17b410d0ac329f533a13f
11110,سرت,municipal_2025,القبيبة,رست,رست,2025-10-21,المراكز_سرت_سرت,aa16c48ecca533dd620281dc6f7fe46f66de7c5b4fc17b410d0ac329f533a13f
11111,سرت,municipal_2025,جارف,رست,رست,2025-10-21,المراكز_سرت_سرت,aa16c48ecca533dd620281dc6f7fe46f66de7c5b4fc17b410d0ac329f533a13f
14065,تاجوراء,municipal_2025,الحميدية,طرابلس,تاجوراء,2025-10-21,المراكز_طرابلس_تاجوراء,a9cbb4cad5cdbac421e6f3c40003eb97bdd7ed20ca8290efd4c12195146ce785
14066,تاجوراء,municipal_2025,الحميدية,طرابلس,تاجوراء,2025-10-21,المراكز_طرابلس_تاجوراء,a9cbb4cad5cdbac421e6f3c40003eb97bdd7ed20ca8290efd4c12195146ce785
14067,تاجوراء,municipal_2025,الحميدية,طرابلس,تاجوراء,2025-10-21,المراكز_طرابلس_تاجوراء,a9cbb4cad5cdbac421e6f3c40003eb97bdd7ed20ca8290efd4c12195146ce785
14068,تاجوراء,municipal_2025,الحميدية,طرابلس,تاجوراء,2025-10-21,المراكز_طرابلس_تاجوراء,a9cbb4cad5cdbac421e6f3c40003eb97bdd7ed20ca8290efd4c12195146ce785
14069,تاجوراء,municipal_2025,الحميدية,طرابلس,تاجوراء,2025-10-21,المراكز_طرابلس_تاجوراء,a9cbb4cad5cdbac421e6f3c40003eb97bdd7ed20ca8290efd4c12195146ce785
14070,تاجوراء,municipal_2025,المشاي,طرابلس,تاجوراء,2025-10-21,المراكز_طرابلس_تاجوراء,a9cbb4cad5cdbac421e6f3c40003eb97bdd7ed20ca8290efd4c12195146ce785
14071,تاجوراء,municipal_2025,المشاي,طرابلس,تاجوراء,2025-10-21,المراكز_طرابلس_تاجوراء,a9cbb4cad5cdbac421e6f3c40003eb97bdd7ed20ca8290efd4c12195146ce785
14072,تاجوراء,municipal_2025,المشاي,طرابلس,تاجوراء,2025-10-21,المراكز_طرابلس_تاجوراء,a9cbb4cad5cdbac421e6f3c40003eb97bdd7ed20ca8290efd4c12195146ce785
14073,تاجوراء,municipal_2025,المشاي,طرابلس,تاجوراء,2025-10-21,المراكز_طرابلس_تاجوراء,a9cbb4cad5cdbac421e6f3c40003eb97bdd7ed20ca8290efd4c12195146ce785
14075,تاجوراء,municipal_2025,العثمانية,طرابلس,تاجوراء,2025-10-21,المراكز_طرابلس_تاجوراء,a9cbb4cad5cdbac421e6f3c40003eb97bdd7ed20ca8290efd4c12195146ce785
14076,تاجوراء,municipal_2025,العثمانية,طرابلس,تاجوراء,2025-10-21,المراكز_طرابلس_تاجوراء,a9cbb4cad5cdbac421e6f3c40003eb97bdd7ed20ca8290efd4c12195146ce785
14077,تاجوراء,municipal_2025,العثمانية,طرابلس,تاجوراء,2025-10-21,المراكز_طرابلس_تاجوراء,a9cbb4cad5cdbac421e6f3c40003eb97bdd7ed20ca8290efd4c12195146ce785
14078,تاجوراء,municipal_2025,ال تهانية,طرابلس,تاجوراء,2025-10-21,المراكز_طرابلس_تاجوراء,a9cbb4cad5cdbac421e6f3c40003eb97bdd7ed20ca8290efd4c12195146ce785
14079,تاجوراء,municipal_2025,ال تهانية,طرابلس,تاجوراء,2025-10-21,المراكز_طرابلس_تاجوراء,a9cbb4cad5cdbac421e6f3c40003eb97bdd7ed20ca8290efd4c12195146ce785
14080,تاجوراء,municipal_2025,أ ن األشهر,طرابلس,تاجوراء,2025-10-21,المراكز_طرابلس_تاجوراء,a9cbb4cad5cdbac421e6f3c40003eb97bdd7ed20ca8290efd4c12195146ce785
14081,تاجوراء,municipal_2025,أ ن األشهر,طرابلس,تاجوراء,2025-10-21,المراكز_طرابلس_تاجوراء,a9cbb4cad5cdbac421e6f3c40003eb97bdd7ed20ca8290efd4c12195146ce785
14082,تاجوراء,municipal_2025,وريمة,طرابلس,تاجوراء,2025-10-21,المراكز_طرابلس_تاجوراء,a9cbb4cad5cdbac421e6f3c40003eb97bdd7ed20ca8290efd4c12195146ce785
14083,تاجوراء,municipal_2025,أ ن األشهر,طرابلس,تاجوراء,2025-10-21,المراكز_طرابلس_تاجوراء,a9cbb4cad5cdbac421e6f3c40003eb97bdd7ed20ca8290efd4c12195146ce785
14084,تاجوراء,municipal_2025,الوادي الغر ن,طرابلس,تاجوراء,2025-10-21,المراكز_طرابلس_تاجوراء,a9cbb4cad5cdbac421e6f3c40003eb97bdd7ed20ca8290efd4c12195146ce785
14085,تاجوراء,municipal_2025,الوادي الغر ن,طرابلس,تاجوراء,2025-10-21,المراكز_طرابلس_تاجوراء,a9cbb4cad5cdbac421e6f3c40003eb97bdd7ed20ca8290efd4c12195146ce785
14086,تاجوراء,municipal_2025,الوادي الغر ن,طرابلس,تاجوراء,2025-10-21,المراكز_طرابلس_تاجوراء,a9cbb4cad5cdbac421e6f3c40003eb97bdd7ed20ca8290efd4c12195146ce785
14088,تاجوراء,municipal_2025,الوادي الشق,طرابلس,تاجوراء,2025-10-21,المراكز_طرابلس_تاجوراء,a9cbb4cad5cdbac421e6f3c40003eb97bdd7ed20ca8290efd4c12195146ce785
14089,تاجوراء,municipal_2025,الوادي الش ق,طرابلس,تاجوراء,2025-10-21,المراكز_طرابلس_تاجوراء,a9cbb4cad5cdbac421e6f3c40003eb97bdd7ed20ca8290efd4c12195146ce785
14090,تاجوراء,municipal_2025,سيدى خليفة,طرابلس,تاجوراء,2025-10-21,المراكز_طرابلس_تاجوراء,a9cbb4cad5cdbac421e6f3c40003eb97bdd7ed20ca8290efd4c12195146ce785
14091,تاجوراء,municipal_2025,ا ن االشهر,طرابلس,تاجوراء,2025-10-21,المراكز_طرابلس_تاجوراء,a9cbb4cad5cdbac421e6f3c40003eb97bdd7ed20ca8290efd4c12195146ce785
14092,تاجوراء,municipal_2025,الوادي الشق,طرابلس,تاجوراء,2025-10-21,المراكز_طرابلس_تاجوراء,a9cbb4cad5cdbac421e6f3c40003eb97bdd7ed20ca8290efd4c12195146ce785
14093,تاجوراء,municipal_2025,الوادي الشق,طرابلس,تاجوراء,2025-10-21,المراكز_طرابلس_تاجوراء,a9cbb4cad5cdbac421e6f3c40003eb97bdd7ed20ca8290efd4c12195146ce785
14094,تاجوراء,municipal_2025,الوادي الشق,طرابلس,تاجوراء,2025-10-21,المراكز_طرابلس_تاجوراء,a9cbb4cad5cdbac421e6f3c40003eb97bdd7ed20ca8290efd4c12195146ce785
14289,تاجوراء,municipal_2025,ال تهانية,طرابلس,تاجوراء,2025-10-21,المراكز_طرابلس_تاجوراء,a9cbb4cad5cdbac421e6f3c40003eb97bdd7ed20ca8290efd4c12195146ce785
14290,تاجوراء,municipal_2025,ال تهانية,طرابلس,تاجوراء,2025-10-21,المراكز_طرابلس_تاجوراء,a9cbb4cad5cdbac421e6f3c40003eb97bdd7ed20ca8290efd4c12195146ce785
14291,تاجوراء,municipal_2025,الحميدية,طرابلس,تاجوراء,2025-10-21,المراكز_طرابلس_تاجوراء,a9cbb4cad5cdbac421e6f3c40003eb97bdd7ed20ca8290efd4c12195146ce785
14292,تاجوراء,municipal_2025,الوادى الشق,طرابلس,تاجوراء,2025-10-21,المراكز_طرابلس_تاجوراء,a9cbb4cad5cdbac421e6f3c40003eb97bdd7ed20ca8290efd4c12195146ce785
14293,تاجوراء,municipal_2025,الوادى الشق,طرابلس,تاجوراء,2025-10-21,المراكز_طرابلس_تاجوراء,a9cbb4cad5cdbac421e6f3c40003eb97bdd7ed20ca8290efd4c12195146ce785
14294,تاجوراء,municipal_2025,الوادى الغر ن,طرابلس,تاجوراء,2025-10-21,المراكز_طرابلس_تاجوراء,a9cbb4cad5cdbac421e6f3c40003eb97bdd7ed20ca8290efd4c12195146ce785
14300,تاجوراء,municipal_2025,الحميدية,طرابلس,تاجوراء,2025-10-21,المراكز_طرابلس_تاجوراء,a9cbb4cad5cdbac421e6f3c40003eb97bdd7ed20ca8290efd4c12195146ce785
21001,سبها,municipal_2025,غدوة,سبها,سبها,2025-10-21,المراكز_سبها_سبها,ac141110fa0f5d3874cbcee5fcfef58a6b0bdf417b5f45ab89bf0d7eb41ca0ee
21005,سبها,municipal_2025,القرضة,سبها,سبها,2025-10-21,المراكز_سبها_سبها,ac141110fa0f5d3874cbcee5fcfef58a6b0bdf417b5f45ab89bf0d7eb41ca0ee
21006,سبها,municipal_2025,القرضة,سبها,سبها,2025-10-21,المراكز_سبها_سبها,ac141110fa0f5d3874cbcee5fcfef58a6b0bdf417b5f45ab89bf0d7eb41ca0ee
21007,سبها,municipal_2025,الثانوية,سبها,سبها,2025-10-21,المراكز_سبها_سبها,ac141110fa0f5d3874cbcee5fcfef58a6b0bdf417b5f45ab89bf0d7eb41ca0ee
21008,سبها,municipal_2025,الثانوية,سبها,سبها,2025-10-21,المراكز_سبها_سبها,ac141110fa0f5d3874cbcee5fcfef58a6b0bdf417b5f45ab89bf0d7eb41ca0ee
21009,سبها,municipal_2025,القاهرة,سبها,سبها,2025-10-21,المراكز_سبها_سبها,ac141110fa0f5d3874cbcee5fcfef58a6b0bdf417b5f45ab89bf0d7eb41ca0ee
21010,سبها,municipal_2025,المنشية,سبها,سبها,2025-10-21,المراكز_سبها_سبها,ac141110fa0f5d3874cbcee5fcfef58a6b0bdf417b5f45ab89bf0d7eb41ca0ee
21011,سبها,municipal_2025,المنشية,سبها,سبها,2025-10-21,المراكز_سبها_سبها,ac141110fa0f5d3874cbcee5fcfef58a6b0bdf417b5f45ab89bf0d7eb41ca0ee
21012,سبها,municipal_2025,المنشية,سبها,سبها,2025-10-21,المراكز_سبها_سبها,ac141110fa0f5d3874cbcee5fcfef58a6b0bdf417b5f45ab89bf0d7eb41ca0ee
21013,سبها,municipal_2025,المنشية,سبها,سبها,2025-10-21,المراكز_سبها_سبها,ac141110fa0f5d3874cbcee5fcfef58a6b0bdf417b5f45ab89bf0d7eb41ca0ee
21014,سبها,municipal_2025,وسط المدينة,سبها,سبها,2025-10-21,المراكز_سبها_سبها,ac141110fa0f5d3874cbcee5fcfef58a6b0bdf417b5f45ab89bf0d7eb41ca0ee
21015,سبها,municipal_2025,وسط المدينة,سبها,سبها,2025-10-21,المراكز_سبها_سبها,ac141110fa0f5d3874cbcee5fcfef58a6b0bdf417b5f45ab89bf0d7eb41ca0ee
21016,سبها,municipal_2025,الجديد,سبها,سبها,2025-10-21,المراكز_سبها_سبها,ac141110fa0f5d3874cbcee5fcfef58a6b0bdf417b5f45ab89bf0d7eb41ca0ee
21017,سبها,municipal_2025,الجديد,سبها,سبها,2025-10-21,المراكز_سبها_سبها,ac141110fa0f5d3874cbcee5fcfef58a6b0bdf417b5f45ab89bf0d7eb41ca0ee
21018,سبها,municipal_2025,الجديد,سبها,سبها,2025-10-21,المراكز_سبها_سبها,ac141110fa0f5d3874cbcee5fcfef58a6b0bdf417b5f45ab89bf0d7eb41ca0ee
21019,سبها,municipal_2025,الجديد,سبها,سبها,2025-10-21,المراكز_سبها_سبها,ac141110fa0f5d3874cbcee5fcfef58a6b0bdf417b5f45ab89bf0d7eb41ca0ee
21020,سبها,municipal_2025,الجديد,سبها,سبها,2025-10-21,المراكز_سبها_سبها,ac141110fa0f5d3874cbcee5fcfef58a6b0bdf417b5f45ab89bf0d7eb41ca0ee
21021,سبها,municipal_2025,الجديد,سبها,سبها,2025-10-21,المراكز_سبها_سبها,ac141110fa0f5d3874cbcee5fcfef58a6b0bdf417b5f45ab89bf0d7eb41ca0ee
21022,سبها,municipal_2025,سكرة,سبها,سبها,2025-10-21,المراكز_سبها_سبها,ac141110fa0f5d3874cbcee5fcfef58a6b0bdf417b5f45ab89bf0d7eb41ca0ee
21023,سبها,municipal_2025,ح عبدالكاف,سبها,سبها,2025-10-21,المراكز_سبها_سبها,ac141110fa0f5d3874cbcee5fcfef58a6b0bdf417b5f45ab89bf0d7eb41ca0ee
21026,سبها,municipal_2025,المهدية,سبها,سبها,2025-10-21,المراكز_سبها_سبها,ac141110fa0f5d3874cbcee5fcfef58a6b0bdf417b5f45ab89bf0d7eb41ca0ee
21027,سبها,municipal_2025,المهدية,سبها,سبها,2025-10-21,المراكز_سبها_سبها,ac141110fa0f5d3874cbcee5fcfef58a6b0bdf417b5f45ab89bf0d7eb41ca0ee
21028,سبها,municipal_2025,المهدية,سبها,سبها,2025-10-21,المراكز_سبها_سبها,ac141110fa0f5d3874cbcee5fcfef58a6b0bdf417b5f45ab89bf0d7eb41ca0ee
21029,سبها,municipal_2025,حجارة,سبها,سبها,2025-10-21,المراكز_سبها_سبها,ac141110fa0f5d3874cbcee5fcfef58a6b0bdf417b5f45ab89bf0d7eb41ca0ee
21030,سبها,municipal_2025,حجارة,سبها,سبها,2025-10-21,المراكز_سبها_سبها,ac141110fa0f5d3874cbcee5fcfef58a6b0bdf417b5f45ab89bf0d7eb41ca0ee
21062,سبها,municipal_2025,المنشية,سبها,سبها,2025-10-21,المراكز_سبها_سبها,ac141110fa0f5d3874cbcee5fcfef58a6b0bdf417b5f45ab89bf0d7eb41ca0ee
21064,سبها,municipal_2025,وسط المدينة,سبها,سبها,2025-10-21,المراكز_سبها_سبها,ac141110fa0f5d3874cbcee5fcfef58a6b0bdf417b5f45ab89bf0d7eb41ca0ee
21065,سبها,municipal_2025,وسط المدينة,سبها,سبها,2025-10-21,المراكز_سبها_سبها,ac141110fa0f5d3874cbcee5fcfef58a6b0bdf417b5f45ab89bf0d7eb41ca0ee
21066,سبها,municipal_2025,الجديد,سبها,سبها,2025-10-21,المراكز_سبها_سبها,ac141110fa0f5d3874cbcee5fcfef58a6b0bdf417b5f45ab89bf0d7eb41ca0ee
21067,سبها,municipal_2025,القاهرة,سبها,سبها,2025-10-21,المراكز_سبها_سبها,ac141110fa0f5d3874cbcee5fcfef58a6b0bdf417b5f45ab89bf0d7eb41ca0ee
21079,سبها,municipal_2025,النارصية,سبها,سبها,2025-10-21,المراكز_سبها_سبها,ac141110fa0f5d3874cbcee5fcfef58a6b0bdf417b5f45ab89bf0d7eb41ca0ee
31001,طبرق,municipal_2025,ع ي الغزالة,طربق,طربق,2025-10-21,المراكز_طبرق_طبرق,56a53b871b8ac643a5b4823ae63fcaa803ca946ba6b46fc8bd0ba49c72d0aaa7
31002,طبرق,municipal_2025,القرضبة,طربق,طربق,2025-10-21,المراكز_طبرق_طبرق,56a53b871b8ac643a5b4823ae63fcaa803ca946ba6b46fc8bd0ba49c72d0aaa7
31003,طبرق,municipal_2025,بالخاثر,طربق,طربق,2025-10-21,المراكز_طبرق_طبرق,56a53b871b8ac643a5b4823ae63fcaa803ca946ba6b46fc8bd0ba49c72d0aaa7
31004,طبرق,municipal_2025,المرصص,طربق,طربق,2025-10-21,المراكز_طبرق_طبرق,56a53b871b8ac643a5b4823ae63fcaa803ca946ba6b46fc8bd0ba49c72d0aaa7
31005,طبرق,municipal_2025,المدينة,طربق,طربق,2025-10-21,المراكز_طبرق_طبرق,56a53b871b8ac643a5b4823ae63fcaa803ca946ba6b46fc8bd0ba49c72d0aaa7
31006,طبرق,municipal_2025,المدينة,طربق,طربق,2025-10-21,المراكز_طبرق_طبرق,56a53b871b8ac643a5b4823ae63fcaa803ca946ba6b46fc8bd0ba49c72d0aaa7
31007,طبرق,municipal_2025,المدينة,طربق,طربق,2025-10-21,المراكز_طبرق_طبرق,56a53b871b8ac643a5b4823ae63fcaa803ca946ba6b46fc8bd0ba49c72d0aaa7
31008,طبرق,municipal_2025,المدينة,طربق,طربق,2025-10-21,المراكز_طبرق_طبرق,56a53b871b8ac643a5b4823ae63fcaa803ca946ba6b46fc8bd0ba49c72d0aaa7
31009,طبرق,municipal_2025,المدينة,طربق,طربق,2025-10-21,المراكز_طبرق_طبرق,56a53b871b8ac643a5b4823ae63fcaa803ca946ba6b46fc8bd0ba49c72d0aaa7
31010,طبرق,municipal_2025,المدينة,طربق,طربق,2025-10-21,المراكز_طبرق_طبرق,56a53b871b8ac643a5b4823ae63fcaa803ca946ba6b46fc8bd0ba49c72d0aaa7
31011,طبرق,municipal_2025,المدينة,طربق,طربق,2025-10-21,المراكز_طبرق_طبرق,56a53b871b8ac643a5b4823ae63fcaa803ca946ba6b46fc8bd0ba49c72d0aaa7
31012,طبرق,municipal_2025,المدينة,طربق,طربق,2025-10-21,المراكز_طبرق_طبرق,56a53b871b8ac643a5b4823ae63fcaa803ca946ba6b46fc8bd0ba49c72d0aaa7
31013,طبرق,municipal_2025,المدينة,طربق,طربق,2025-10-21,المراكز_طبرق_طبرق,56a53b871b8ac643a5b4823ae63fcaa803ca946ba6b46fc8bd0ba49c72d0aaa7
31014,طبرق,municipal_2025,المدينة,طربق,طربق,2025-10-21,المراكز_طبرق_طبرق,56a53b871b8ac643a5b4823ae63fcaa803ca946ba6b46fc8bd0ba49c72d0aaa7
31015,طبرق,municipal_2025,المدينة,طربق,طربق,2025-10-21,المراكز_طبرق_طبرق,56a53b871b8ac643a5b4823ae63fcaa803ca946ba6b46fc8bd0ba49c72d0aaa7
31016,طبرق,municipal_2025,المدينة,طربق,طربق,2025-10-21,المراكز_طبرق_طبرق,56a53b871b8ac643a5b4823ae63fcaa803ca946ba6b46fc8bd0ba49c72d0aaa7
31017,طبرق,municipal_2025,المدينة,طربق,طربق,2025-10-21,المراكز_طبرق_طبرق,56a53b871b8ac643a5b4823ae63fcaa803ca946ba6b46fc8bd0ba49c72d0aaa7
31018,طبرق,municipal_2025,المدينة,طربق,طربق,2025-10-21,المراكز_طبرق_طبرق,56a53b871b8ac643a5b4823ae63fcaa803ca946ba6b46fc8bd0ba49c72d0aaa7
31019,طبرق,municipal_2025,المدينة,طربق,طربق,2025-10-21,المراكز_طبرق_طبرق,56a53b871b8ac643a5b4823ae63fcaa803ca946ba6b46fc8bd0ba49c72d0aaa7
31020,طبرق,municipal_2025,المدينة,طربق,طربق,2025-10-21,المراكز_طبرق_طبرق,56a53b871b8ac643a5b4823ae63fcaa803ca946ba6b46fc8bd0ba49c72d0aaa7
31021,طبرق,municipal_2025,المدينة,طربق,طربق,2025-10-21,المراكز_طبرق_طبرق,56a53b871b8ac643a5b4823ae63fcaa803ca946ba6b46fc8bd0ba49c72d0aaa7
31022,طبرق,municipal_2025,المدينة,طربق,طربق,2025-10-21,المراكز_طبرق_طبرق,56a53b871b8ac643a5b4823ae63fcaa803ca946ba6b46fc8bd0ba49c72d0aaa7
31023,طبرق,municipal_2025,المدينة,طربق,طربق,2025-10-21,المراكز_طبرق_طبرق,56a53b871b8ac643a5b4823ae63fcaa803ca946ba6b46fc8bd0ba49c72d0aaa7
31024,طبرق,municipal_2025,المدينة,طربق,طربق,2025-10-21,المراكز_طبرق_طبرق,56a53b871b8ac643a5b4823ae63fcaa803ca946ba6b46fc8bd0ba49c72d0aaa7
31025,طبرق,municipal_2025,المدينة,طربق,طربق,2025-10-21,المراكز_طبرق_طبرق,56a53b871b8ac643a5b4823ae63fcaa803ca946ba6b46fc8bd0ba49c72d0aaa7
31026,طبرق,municipal_2025,الجهاد,طربق,طربق,2025-10-21,المراكز_طبرق_طبرق,56a53b871b8ac643a5b4823ae63fcaa803ca946ba6b46fc8bd0ba49c72d0aaa7
31027,طبرق,municipal_2025,الجهاد,طربق,طربق,2025-10-21,المراكز_طبرق_طبرق,56a53b871b8ac643a5b4823ae63fcaa803ca946ba6b46fc8bd0ba49c72d0aaa7
31028,طبرق,municipal_2025,الجهاد,طربق,طربق,2025-10-21,المراكز_طبرق_طبرق,56a53b871b8ac643a5b4823ae63fcaa803ca946ba6b46fc8bd0ba49c72d0aaa7
31029,طبرق,municipal_2025,الجهاد,طربق,طربق,2025-10-21,المراكز_طبرق_طبرق,56a53b871b8ac643a5b4823ae63fcaa803ca946ba6b46fc8bd0ba49c72d0aaa7
31030,طبرق,municipal_2025,الجهاد,طربق,طربق,2025-10-21,المراكز_طبرق_طبرق,56a53b871b8ac643a5b4823ae63fcaa803ca946ba6b46fc8bd0ba49c72d0aaa7
31031,طبرق,municipal_2025,الجهاد,طربق,طربق,2025-10-21,المراكز_طبرق_طبرق,56a53b871b8ac643a5b4823ae63fcaa803ca946ba6b46fc8bd0ba49c72d0aaa7
31032,طبرق,municipal_2025,باب الزيتون,طربق,طربق,2025-10-21,المراكز_طبرق_طبرق,56a53b871b8ac643a5b4823ae63fcaa803ca946ba6b46fc8bd0ba49c72d0aaa7
31033,طبرق,municipal_2025,عمر المختار,طربق,طربق,2025-10-21,المراكز_طبرق_طبرق,56a53b871b8ac643a5b4823ae63fcaa803ca946ba6b46fc8bd0ba49c72d0aaa7
31034,طبرق,municipal_2025,عمر المختار,طربق,طربق,2025-10-21,المراكز_طبرق_طبرق,56a53b871b8ac643a5b4823ae63fcaa803ca946ba6b46fc8bd0ba49c72d0aaa7
31035,طبرق,municipal_2025,القعرة,طربق,طربق,2025-10-21,المراكز_طبرق_طبرق,56a53b871b8ac643a5b4823ae63fcaa803ca946ba6b46fc8bd0ba49c72d0aaa7
31036,طبرق,municipal_2025,كمبوت,طربق,طربق,2025-10-21,المراكز_طبرق_طبرق,56a53b871b8ac643a5b4823ae63fcaa803ca946ba6b46fc8bd0ba49c72d0aaa7
31037,طبرق,municipal_2025,كمبوت,طربق,طربق,2025-10-21,المراكز_طبرق_طبرق,56a53b871b8ac643a5b4823ae63fcaa803ca946ba6b46fc8bd0ba49c72d0aaa7
31041,قصر الجدي,municipal_2025,قرص الجدي,طربق,امساعد,2025-10-21,المراكز_طبرق_ قصر الجدي,e9e032db8b134b8c99de1559731dcc5784d7a6cd6579d5339e3dfd7d3e03fa1a
31051,طبرق,municipal_2025,الجغبوب,طربق,طربق,2025-10-21,المراكز_طبرق_طبرق,56a53b871b8ac643a5b4823ae63fcaa803ca946ba6b46fc8bd0ba49c72d0aaa7
31052,طبرق,municipal_2025,القعرة,طربق,طربق,2025-10-21,المراكز_طبرق_طبرق,56a53b871b8ac643a5b4823ae63fcaa803ca946ba6b46fc8bd0ba49c72d0aaa7
31053,طبرق,municipal_2025,كمبوت,طربق,طربق,2025-10-21,المراكز_طبرق_طبرق,56a53b871b8ac643a5b4823ae63fcaa803ca946ba6b46fc8bd0ba49c72d0aaa7
31056,طبرق,municipal_2025,الجهاد,طربق,طربق,2025-10-21,المراكز_طبرق_طبرق,56a53b871b8ac643a5b4823ae63fcaa803ca946ba6b46fc8bd0ba49c72d0aaa7
31057,طبرق,municipal_2025,عمر المختار,طربق,طربق,2025-10-21,المراكز_طبرق_طبرق,56a53b871b8ac643a5b4823ae63fcaa803ca946ba6b46fc8bd0ba49c72d0aaa7
31058,طبرق,municipal_2025,الجهاد,طربق,طربق,2025-10-21,المراكز_طبرق_طبرق,56a53b871b8ac643a5b4823ae63fcaa803ca946ba6b46fc8bd0ba49c72d0aaa7
31059,طبرق,municipal_2025,المدينة,طربق,طربق,2025-10-21,المراكز_طبرق_طبرق,56a53b871b8ac643a5b4823ae63fcaa803ca946ba6b46fc8bd0ba49c72d0aaa7
31061,طبرق,municipal_2025,الجهاد,طربق,طربق,2025-10-21,المراكز_طبرق_طبرق,56a53b871b8ac643a5b4823ae63fcaa803ca946ba6b46fc8bd0ba49c72d0aaa7
31062,طبرق,municipal_2025,المدينة,طربق,طربق,2025-10-21,المراكز_طبرق_طبرق,56a53b871b8ac643a5b4823ae63fcaa803ca946ba6b46fc8bd0ba49c72d0aaa7
31064,طبرق,municipal_2025,المدينة,طربق,طربق,2025-10-21,المراكز_طبرق_طبرق,56a53b871b8ac643a5b4823ae63fcaa803ca946ba6b46fc8bd0ba49c72d0aaa7
31065,طبرق,municipal_2025,القعرة,القعرة,طربق,2025-10-21,المراكز_طبرق_طبرق,56a53b871b8ac643a5b4823ae63fcaa803ca946ba6b46fc8bd0ba49c72d0aaa7
31066,طبرق,municipal_2025,عكرمة,عكرمة,طربق,2025-10-21,المراكز_طبرق_طبرق,56a53b871b8ac643a5b4823ae63fcaa803ca946ba6b46fc8bd0ba49c72d0aaa7
31068,طبرق,municipal_2025,المدينة,طربق,طربق,2025-10-21,المراكز_طبرق_طبرق,56a53b871b8ac643a5b4823ae63fcaa803ca946ba6b46fc8bd0ba49c72d0aaa7
31070,طبرق,municipal_2025,باب الزيتون,طربق,طربق,2025-10-21,المراكز_طبرق_طبرق,56a53b871b8ac643a5b4823ae63fcaa803ca946ba6b46fc8bd0ba49c72d0aaa7
34001,بنغازي,municipal_2025,بنغازي المدينة,بنغازي المركز,بنغازي,2025-10-21,المراكز_بنغازي_بنغازي,553baec7eabf8caaacd292f472734ff452b3aff5a0af7504b7a92ca9c4219e7f
34002,بنغازي,municipal_2025,بنغازي المدينة,بنغازي المركز,بنغازي,2025-10-21,المراكز_بنغازي_بنغازي,553baec7eabf8caaacd292f472734ff452b3aff5a0af7504b7a92ca9c4219e7f
34006,بنغازي,municipal_2025,بنغازي المدينة,بنغازي المركز,بنغازي,2025-10-21,المراكز_بنغازي_بنغازي,553baec7eabf8caaacd292f472734ff452b3aff5a0af7504b7a92ca9c4219e7f
34008,بنغازي,municipal_2025,الصابري,بنغازي المركز,بنغازي,2025-10-21,المراكز_بنغازي_بنغازي,553baec7eabf8caaacd292f472734ff452b3aff5a0af7504b7a92ca9c4219e7f
34014,بنغازي,municipal_2025,راس اعبيدة,بنغازي المركز,بنغازي,2025-10-21,المراكز_بنغازي_بنغازي,553baec7eabf8caaacd292f472734ff452b3aff5a0af7504b7a92ca9c4219e7f
34015,بنغازي,municipal_2025,راس اعبيدة,بنغازي المركز,بنغازي,2025-10-21,المراكز_بنغازي_بنغازي,553baec7eabf8caaacd292f472734ff452b3aff5a0af7504b7a92ca9c4219e7f
34016,بنغازي,municipal_2025,راس اعبيدة,بنغازي المركز,بنغازي,2025-10-21,المراكز_بنغازي_بنغازي,553baec7eabf8caaacd292f472734ff452b3aff5a0af7504b7a92ca9c4219e7f
34017,بنغازي,municipal_2025,راس اعبيدة,بنغازي المركز,بنغازي,2025-10-21,المراكز_بنغازي_بنغازي,553baec7eabf8caaacd292f472734ff452b3aff5a0af7504b7a92ca9c4219e7f
34018,بنغازي,municipal_2025,سيدي اعبيد,بنغازي المركز,بنغازي,2025-10-21,المراكز_بنغازي_بنغازي,553baec7eabf8caaacd292f472734ff452b3aff5a0af7504b7a92ca9c4219e7f
34019,بنغازي,municipal_2025,سيدي اعبيد,بنغازي المركز,بنغازي,2025-10-21,المراكز_بنغازي_بنغازي,553baec7eabf8caaacd292f472734ff452b3aff5a0af7504b7a92ca9c4219e7f
34020,بنغازي,municipal_2025,سيدي اعبيد,بنغازي المركز,بنغازي,2025-10-21,المراكز_بنغازي_بنغازي,553baec7eabf8caaacd292f472734ff452b3aff5a0af7504b7a92ca9c4219e7f
34021,بنغازي,municipal_2025,سيدي حس ي,بنغازي المركز,بنغازي,2025-10-21,المراكز_بنغازي_بنغازي,553baec7eabf8caaacd292f472734ff452b3aff5a0af7504b7a92ca9c4219e7f
34022,بنغازي,municipal_2025,سيدي حس ي,بنغازي المركز,بنغازي,2025-10-21,المراكز_بنغازي_بنغازي,553baec7eabf8caaacd292f472734ff452b3aff5a0af7504b7a92ca9c4219e7f
34023,بنغازي,municipal_2025,سيدي حس ي,بنغازي المركز,بنغازي,2025-10-21,المراكز_بنغازي_بنغازي,553baec7eabf8caaacd292f472734ff452b3aff5a0af7504b7a92ca9c4219e7f
34024,بنغازي,municipal_2025,سيدي حس ي,بنغازي المركز,بنغازي,2025-10-21,المراكز_بنغازي_بنغازي,553baec7eabf8caaacd292f472734ff452b3aff5a0af7504b7a92ca9c4219e7f
34025,بنغازي,municipal_2025,شهداء السلمان,بنغازي المركز,بنغازي,2025-10-21,المراكز_بنغازي_بنغازي,553baec7eabf8caaacd292f472734ff452b3aff5a0af7504b7a92ca9c4219e7f
34026,بنغازي,municipal_2025,شهداء السلمان,بنغازي المركز,بنغازي,2025-10-21,المراكز_بنغازي_بنغازي,553baec7eabf8caaacd292f472734ff452b3aff5a0af7504b7a92ca9c4219e7f
34027,بنغازي,municipal_2025,شهداء السلما ن,بنغازي المركز,بنغازي,2025-10-21,المراكز_بنغازي_بنغازي,553baec7eabf8caaacd292f472734ff452b3aff5a0af7504b7a92ca9c4219e7f
34028,بنغازي,municipal_2025,شهداء السلمان,بنغازي المركز,بنغازي,2025-10-21,المراكز_بنغازي_بنغازي,553baec7eabf8caaacd292f472734ff452b3aff5a0af7504b7a92ca9c4219e7f
34029,بنغازي,municipal_2025,شهداء السلما ن,بنغازي المركز,بنغازي,2025-10-21,المراكز_بنغازي_بنغازي,553baec7eabf8caaacd292f472734ff452b3aff5a0af7504b7a92ca9c4219e7f
34030,بنغازي,municipal_2025,شهداء السلمان,بنغازي المركز,بنغازي,2025-10-21,المراكز_بنغازي_بنغازي,553baec7eabf8caaacd292f472734ff452b3aff5a0af7504b7a92ca9c4219e7f
34031,بنغازي,municipal_2025,الرتكة,الرتكة,بنغازي,2025-10-21,المراكز_بنغازي_بنغازي,553baec7eabf8caaacd292f472734ff452b3aff5a0af7504b7a92ca9c4219e7f
34032,بنغازي,municipal_2025,الرتكة,الرتكة,بنغازي,2025-10-21,المراكز_بنغازي_بنغازي,553baec7eabf8caaacd292f472734ff452b3aff5a0af7504b7a92ca9c4219e7f
34034,بنغازي,municipal_2025,الرتكة,الرتكة,بنغازي,2025-10-21,المراكز_بنغازي_بنغازي,553baec7eabf8caaacd292f472734ff452b3aff5a0af7504b7a92ca9c4219e7f
34035,بنغازي,municipal_2025,الرتكة,الرتكة,بنغازي,2025-10-21,المراكز_بنغازي_بنغازي,553baec7eabf8caaacd292f472734ff452b3aff5a0af7504b7a92ca9c4219e7f
34036,بنغازي,municipal_2025,الرتكة,الرتكة,بنغازي,2025-10-21,المراكز_بنغازي_بنغازي,553baec7eabf8caaacd292f472734ff452b3aff5a0af7504b7a92ca9c4219e7f
34037,بنغازي,municipal_2025,الرتكة,الرتكة,بنغازي,2025-10-21,المراكز_بنغازي_بنغازي,553baec7eabf8caaacd292f472734ff452b3aff5a0af7504b7a92ca9c4219e7f
34038,بنغازي,municipal_2025,الرتكة,الرتكة,بنغازي,2025-10-21,المراكز_بنغازي_بنغازي,553baec7eabf8caaacd292f472734ff452b3aff5a0af7504b7a92ca9c4219e7f
34039,بنغازي,municipal_2025,الرتكة,الرتكة,بنغازي,2025-10-21,المراكز_بنغازي_بنغازي,553baec7eabf8caaacd292f472734ff452b3aff5a0af7504b7a92ca9c4219e7f
34040,بنغازي,municipal_2025,الرتكة,الرتكة,بنغازي,2025-10-21,المراكز_بنغازي_بنغازي,553baec7eabf8caaacd292f472734ff452b3aff5a0af7504b7a92ca9c4219e7f
34041,بنغازي,municipal_2025,الرتكة,الرتكة,بنغازي,2025-10-21,المراكز_بنغازي_بنغازي,553baec7eabf8caaacd292f472734ff452b3aff5a0af7504b7a92ca9c4219e7f
34042,بنغازي,municipal_2025,الرتكة,الرتكة,بنغازي,2025-10-21,المراكز_بنغازي_بنغازي,553baec7eabf8caaacd292f472734ff452b3aff5a0af7504b7a92ca9c4219e7f
34043,بنغازي,municipal_2025,الرتكة,الرتكة,بنغازي,2025-10-21,المراكز_بنغازي_بنغازي,553baec7eabf8caaacd292f472734ff452b3aff5a0af7504b7a92ca9c4219e7f
34044,بنغازي,municipal_2025,الهواري,الرتكة,بنغازي,2025-10-21,المراكز_بنغازي_بنغازي,553baec7eabf8caaacd292f472734ff452b3aff5a0af7504b7a92ca9c4219e7f
34045,بنغازي,municipal_2025,الحدائق,الرتكة,بنغازي,2025-10-21,المراكز_بنغازي_بنغازي,553baec7eabf8caaacd292f472734ff452b3aff5a0af7504b7a92ca9c4219e7f
34046,بنغازي,municipal_2025,شهداء الزاوية,الرتكة,بنغازي,2025-10-21,المراكز_بنغازي_بنغازي,553baec7eabf8caaacd292f472734ff452b3aff5a0af7504b7a92ca9c4219e7f
34047,بنغازي,municipal_2025,منطقة الحدائق,الرتكة,بنغازي,2025-10-21,المراكز_بنغازي_بنغازي,553baec7eabf8caaacd292f472734ff452b3aff5a0af7504b7a92ca9c4219e7f
34048,بنغازي,municipal_2025,بنغازي الجديدة,الرتكة,بنغازي,2025-10-21,المراكز_بنغازي_بنغازي,553baec7eabf8caaacd292f472734ff452b3aff5a0af7504b7a92ca9c4219e7f
34049,بنغازي,municipal_2025,بنغازي الجديدة,الرتكة,بنغازي,2025-10-21,المراكز_بنغازي_بنغازي,553baec7eabf8caaacd292f472734ff452b3aff5a0af7504b7a92ca9c4219e7f
34050,بنغازي,municipal_2025,لملوم,الرتكة,بنغازي,2025-10-21,المراكز_بنغازي_بنغازي,553baec7eabf8caaacd292f472734ff452b3aff5a0af7504b7a92ca9c4219e7f
34051,بنغازي,municipal_2025,الفويهات,الرتكة,بنغازي,2025-10-21,المراكز_بنغازي_بنغازي,553baec7eabf8caaacd292f472734ff452b3aff5a0af7504b7a92ca9c4219e7f
34052,بنغازي,municipal_2025,الفويهات,الرتكة,بنغازي,2025-10-21,المراكز_بنغازي_بنغازي,553baec7eabf8caaacd292f472734ff452b3aff5a0af7504b7a92ca9c4219e7f
34053,بنغازي,municipal_2025,الفويهات,الرتكة,بنغازي,2025-10-21,المراكز_بنغازي_بنغازي,553baec7eabf8caaacd292f472734ff452b3aff5a0af7504b7a92ca9c4219e7f
34054,بنغازي,municipal_2025,الفويهات,الرتكة,بنغازي,2025-10-21,المراكز_بنغازي_بنغازي,553baec7eabf8caaacd292f472734ff452b3aff5a0af7504b7a92ca9c4219e7f
34055,بنغازي,municipal_2025,القوارشة,الرتكة,بنغازي,2025-10-21,المراكز_بنغازي_بنغازي,553baec7eabf8caaacd292f472734ff452b3aff5a0af7504b7a92ca9c4219e7f
34056,بنغازي,municipal_2025,القوارشة,الرتكة,بنغازي,2025-10-21,المراكز_بنغازي_بنغازي,553baec7eabf8caaacd292f472734ff452b3aff5a0af7504b7a92ca9c4219e7f
34057,بنغازي,municipal_2025,القوارشة,الرتكة,بنغازي,2025-10-21,المراكز_بنغازي_بنغازي,553baec7eabf8caaacd292f472734ff452b3aff5a0af7504b7a92ca9c4219e7f
34058,بنغازي,municipal_2025,القوارشة,الرتكة,بنغازي,2025-10-21,المراكز_بنغازي_بنغازي,553baec7eabf8caaacd292f472734ff452b3aff5a0af7504b7a92ca9c4219e7f
34059,بنغازي,municipal_2025,الكيش,الرتكة,بنغازي,2025-10-21,المراكز_بنغازي_بنغازي,553baec7eabf8caaacd292f472734ff452b3aff5a0af7504b7a92ca9c4219e7f
34060,بنغازي,municipal_2025,الكيش,الرتكة,بنغازي,2025-10-21,المراكز_بنغازي_بنغازي,553baec7eabf8caaacd292f472734ff452b3aff5a0af7504b7a92ca9c4219e7f
34061,بنغازي,municipal_2025,الكيش,الرتكة,بنغازي,2025-10-21,المراكز_بنغازي_بنغازي,553baec7eabf8caaacd292f472734ff452b3aff5a0af7504b7a92ca9c4219e7f
34062,بنغازي,municipal_2025,الكيش,الرتكة,بنغازي,2025-10-21,المراكز_بنغازي_بنغازي,553baec7eabf8caaacd292f472734ff452b3aff5a0af7504b7a92ca9c4219e7f
34063,بنغازي,municipal_2025,الكيش,الرتكة,بنغازي,2025-10-21,المراكز_بنغازي_بنغازي,553baec7eabf8caaacd292f472734ff452b3aff5a0af7504b7a92ca9c4219e7f
34064,بنغازي,municipal_2025,الكيش,الرتكة,بنغازي,2025-10-21,المراكز_بنغازي_بنغازي,553baec7eabf8caaacd292f472734ff452b3aff5a0af7504b7a92ca9c4219e7f
34065,بنغازي,municipal_2025,الكيش,الرتكة,بنغازي,2025-10-21,المراكز_بنغازي_بنغازي,553baec7eabf8caaacd292f472734ff452b3aff5a0af7504b7a92ca9c4219e7f
34066,بنغازي,municipal_2025,الكيش,الرتكة,بنغازي,2025-10-21,المراكز_بنغازي_بنغازي,553baec7eabf8caaacd292f472734ff452b3aff5a0af7504b7a92ca9c4219e7f
34067,بنغازي,municipal_2025,الكيش,الرتكة,بنغازي,2025-10-21,المراكز_بنغازي_بنغازي,553baec7eabf8caaacd292f472734ff452b3aff5a0af7504b7a92ca9c4219e7f
34068,بنغازي,municipal_2025,الهواري,الرتكة,بنغازي,2025-10-21,المراكز_بنغازي_بنغازي,553baec7eabf8caaacd292f472734ff452b3aff5a0af7504b7a92ca9c4219e7f
34069,بنغازي,municipal_2025,الهواري,الرتكة,بنغازي,2025-10-21,المراكز_بنغازي_بنغازي,553baec7eabf8caaacd292f472734ff452b3aff5a0af7504b7a92ca9c4219e7f
34070,بنغازي,municipal_2025,بنغازي الجديدة,الرتكة,بنغازي,2025-10-21,المراكز_بنغازي_بنغازي,553baec7eabf8caaacd292f472734ff452b3aff5a0af7504b7a92ca9c4219e7f
34071,بنغازي,municipal_2025,الهواري,الرتكة,بنغازي,2025-10-21,المراكز_بنغازي_بنغازي,553baec7eabf8caaacd292f472734ff452b3aff5a0af7504b7a92ca9c4219e7f
34072,بنغازي,municipal_2025,الهواري,الرتكة,بنغازي,2025-10-21,المراكز_بنغازي_بنغازي,553baec7eabf8caaacd292f472734ff452b3aff5a0af7504b7a92ca9c4219e7f
34074,بنغازي,municipal_2025,الهواري,الرتكة,بنغازي,2025-10-21,المراكز_بنغازي_بنغازي,553baec7eabf8caaacd292f472734ff452b3aff5a0af7504b7a92ca9c4219e7f
34075,بنغازي,municipal_2025,الهواري,الرتكة,بنغازي,2025-10-21,المراكز_بنغازي_بنغازي,553baec7eabf8caaacd292f472734ff452b3aff5a0af7504b7a92ca9c4219e7f
34077,بنغازي,municipal_2025,بنغازي الجديدة,الرتكة,بنغازي,2025-10-21,المراكز_بنغازي_بنغازي,553baec7eabf8caaacd292f472734ff452b3aff5a0af7504b7a92ca9c4219e7f
34078,بنغازي,municipal_2025,بنغازي الجديدة,الرتكة,بنغازي,2025-10-21,المراكز_بنغازي_بنغازي,553baec7eabf8caaacd292f472734ff452b3aff5a0af7504b7a92ca9c4219e7f
34079,بنغازي,municipal_2025,بنغازي الجديدة,الرتكة,بنغازي,2025-10-21,المراكز_بنغازي_بنغازي,553baec7eabf8caaacd292f472734ff452b3aff5a0af7504b7a92ca9c4219e7f
34080,بنغازي,municipal_2025,بنغازي الجديدة,الرتكة,بنغازي,2025-10-21,المراكز_بنغازي_بنغازي,553baec7eabf8caaacd292f472734ff452b3aff5a0af7504b7a92ca9c4219e7f
34081,بنغازي,municipal_2025,بوفاخرة,الرتكة,بنغازي,2025-10-21,المراكز_بنغازي_بنغازي,553baec7eabf8caaacd292f472734ff452b3aff5a0af7504b7a92ca9c4219e7f
34082,بنغازي,municipal_2025,بوفاخرة,الرتكة,بنغازي,2025-10-21,المراكز_بنغازي_بنغازي,553baec7eabf8caaacd292f472734ff452b3aff5a0af7504b7a92ca9c4219e7f
34083,بنغازي,municipal_2025,بوفاخرة,الرتكة,بنغازي,2025-10-21,المراكز_بنغازي_بنغازي,553baec7eabf8caaacd292f472734ff452b3aff5a0af7504b7a92ca9c4219e7f
34084,بنغازي,municipal_2025,بوفاخرة,الرتكة,بنغازي,2025-10-21,المراكز_بنغازي_بنغازي,553baec7eabf8caaacd292f472734ff452b3aff5a0af7504b7a92ca9c4219e7f
34085,بنغازي,municipal_2025,قاريونس,الرتكة,بنغازي,2025-10-21,المراكز_بنغازي_بنغازي,553baec7eabf8caaacd292f472734ff452b3aff5a0af7504b7a92ca9c4219e7f
34086,بنغازي,municipal_2025,قاريونس,الرتكة,بنغازي,2025-10-21,المراكز_بنغازي_بنغازي,553baec7eabf8caaacd292f472734ff452b3aff5a0af7504b7a92ca9c4219e7f
34087,بنغازي,municipal_2025,قاريونس,الرتكة,بنغازي,2025-10-21,المراكز_بنغازي_بنغازي,553baec7eabf8caaacd292f472734ff452b3aff5a0af7504b7a92ca9c4219e7f
34088,بنغازي,municipal_2025,السلمان الشق,السالوي,بنغازي,2025-10-21,المراكز_بنغازي_بنغازي,553baec7eabf8caaacd292f472734ff452b3aff5a0af7504b7a92ca9c4219e7f
34089,بنغازي,municipal_2025,السلمان الشق,السالوي,بنغازي,2025-10-21,المراكز_بنغازي_بنغازي,553baec7eabf8caaacd292f472734ff452b3aff5a0af7504b7a92ca9c4219e7f
34090,بنغازي,municipal_2025,السلما ن الش ق,السالوي,بنغازي,2025-10-21,المراكز_بنغازي_بنغازي,553baec7eabf8caaacd292f472734ff452b3aff5a0af7504b7a92ca9c4219e7f
34091,بنغازي,municipal_2025,السلما ن الش ق,السالوي,بنغازي,2025-10-21,المراكز_بنغازي_بنغازي,553baec7eabf8caaacd292f472734ff452b3aff5a0af7504b7a92ca9c4219e7f
34092,بنغازي,municipal_2025,السلمان الشق,السالوي,بنغازي,2025-10-21,المراكز_بنغازي_بنغازي,553baec7eabf8caaacd292f472734ff452b3aff5a0af7504b7a92ca9c4219e7f
34093,بنغازي,municipal_2025,العروبة,السالوي,بنغازي,2025-10-21,المراكز_بنغازي_بنغازي,553baec7eabf8caaacd292f472734ff452b3aff5a0af7504b7a92ca9c4219e7f
34094,بنغازي,municipal_2025,العروبة,السالوي,بنغازي,2025-10-21,المراكز_بنغازي_بنغازي,553baec7eabf8caaacd292f472734ff452b3aff5a0af7504b7a92ca9c4219e7f
34095,بنغازي,municipal_2025,العروبة,السالوي,بنغازي,2025-10-21,المراكز_بنغازي_بنغازي,553baec7eabf8caaacd292f472734ff452b3aff5a0af7504b7a92ca9c4219e7f
34096,بنغازي,municipal_2025,العروبة,السالوي,بنغازي,2025-10-21,المراكز_بنغازي_بنغازي,553baec7eabf8caaacd292f472734ff452b3aff5a0af7504b7a92ca9c4219e7f
34097,بنغازي,municipal_2025,العروبة,السالوي,بنغازي,2025-10-21,المراكز_بنغازي_بنغازي,553baec7eabf8caaacd292f472734ff452b3aff5a0af7504b7a92ca9c4219e7f
34098,بنغازي,municipal_2025,العروبة,السالوي,بنغازي,2025-10-21,المراكز_بنغازي_بنغازي,553baec7eabf8caaacd292f472734ff452b3aff5a0af7504b7a92ca9c4219e7f
34099,بنغازي,municipal_2025,العروبة,السالوي,بنغازي,2025-10-21,المراكز_بنغازي_بنغازي,553baec7eabf8caaacd292f472734ff452b3aff5a0af7504b7a92ca9c4219e7f
34100,بنغازي,municipal_2025,ح السالم,السالوي,بنغازي,2025-10-21,المراكز_بنغازي_بنغازي,553baec7eabf8caaacd292f472734ff452b3aff5a0af7504b7a92ca9c4219e7f
34101,بنغازي,municipal_2025,ح السالم,السالوي,بنغازي,2025-10-21,المراكز_بنغازي_بنغازي,553baec7eabf8caaacd292f472734ff452b3aff5a0af7504b7a92ca9c4219e7f
34102,بنغازي,municipal_2025,ح السالم,السالوي,بنغازي,2025-10-21,المراكز_بنغازي_بنغازي,553baec7eabf8caaacd292f472734ff452b3aff5a0af7504b7a92ca9c4219e7f
34103,بنغازي,municipal_2025,ح السالم,السالوي,بنغازي,2025-10-21,المراكز_بنغازي_بنغازي,553baec7eabf8caaacd292f472734ff452b3aff5a0af7504b7a92ca9c4219e7f
34104,بنغازي,municipal_2025,ح السالم,السالوي,بنغازي,2025-10-21,المراكز_بنغازي_بنغازي,553baec7eabf8caaacd292f472734ff452b3aff5a0af7504b7a92ca9c4219e7f
34105,بنغازي,municipal_2025,ح السالم,السالوي,بنغازي,2025-10-21,المراكز_بنغازي_بنغازي,553baec7eabf8caaacd292f472734ff452b3aff5a0af7504b7a92ca9c4219e7f
34106,بنغازي,municipal_2025,ح السالم,السالوي,بنغازي,2025-10-21,المراكز_بنغازي_بنغازي,553baec7eabf8caaacd292f472734ff452b3aff5a0af7504b7a92ca9c4219e7f
34107,بنغازي,municipal_2025,الكويفية,سيدي خليفة,بنغازي,2025-10-21,المراكز_بنغازي_بنغازي,553baec7eabf8caaacd292f472734ff452b3aff5a0af7504b7a92ca9c4219e7f
34108,بنغازي,municipal_2025,الكيش,السالوي,بنغازي,2025-10-21,المراكز_بنغازي_بنغازي,553baec7eabf8caaacd292f472734ff452b3aff5a0af7504b7a92ca9c4219e7f
34109,بنغازي,municipal_2025,الكويفية,سيدي خليفة,بنغازي,2025-10-21,المراكز_بنغازي_بنغازي,553baec7eabf8caaacd292f472734ff452b3aff5a0af7504b7a92ca9c4219e7f
34110,بنغازي,municipal_2025,ح السالم,السالوي,بنغازي,2025-10-21,المراكز_بنغازي_بنغازي,553baec7eabf8caaacd292f472734ff452b3aff5a0af7504b7a92ca9c4219e7f
34111,بنغازي,municipal_2025,ح السالم,السالوي,بنغازي,2025-10-21,المراكز_بنغازي_بنغازي,553baec7eabf8caaacd292f472734ff452b3aff5a0af7504b7a92ca9c4219e7f
34112,بنغازي,municipal_2025,المحيش,السالوي,بنغازي,2025-10-21,المراكز_بنغازي_بنغازي,553baec7eabf8caaacd292f472734ff452b3aff5a0af7504b7a92ca9c4219e7f
34113,بنغازي,municipal_2025,سيدي خليفة,سيدي خليفة,بنغازي,2025-10-21,المراكز_بنغازي_بنغازي,553baec7eabf8caaacd292f472734ff452b3aff5a0af7504b7a92ca9c4219e7f
34114,بنغازي,municipal_2025,سيدي خليفة,سيدي خليفة,بنغازي,2025-10-21,المراكز_بنغازي_بنغازي,553baec7eabf8caaacd292f472734ff452b3aff5a0af7504b7a92ca9c4219e7f
34115,بنغازي,municipal_2025,سيدي خليفة,سيدي خليفة,بنغازي,2025-10-21,المراكز_بنغازي_بنغازي,553baec7eabf8caaacd292f472734ff452b3aff5a0af7504b7a92ca9c4219e7f
34116,بنغازي,municipal_2025,المختار,السالوي,بنغازي,2025-10-21,المراكز_بنغازي_بنغازي,553baec7eabf8caaacd292f472734ff452b3aff5a0af7504b7a92ca9c4219e7f
34117,بنغازي,municipal_2025,المختار,السالوي,بنغازي,2025-10-21,المراكز_بنغازي_بنغازي,553baec7eabf8caaacd292f472734ff452b3aff5a0af7504b7a92ca9c4219e7f
34118,بنغازي,municipal_2025,المختار,السالوي,بنغازي,2025-10-21,المراكز_بنغازي_بنغازي,553baec7eabf8caaacd292f472734ff452b3aff5a0af7504b7a92ca9c4219e7f
34119,بنغازي,municipal_2025,بنينا,بنينا,بنغازي,2025-10-21,المراكز_بنغازي_بنغازي,553baec7eabf8caaacd292f472734ff452b3aff5a0af7504b7a92ca9c4219e7f
34120,بنغازي,municipal_2025,بنينا,بنينا,بنغازي,2025-10-21,المراكز_بنغازي_بنغازي,553baec7eabf8caaacd292f472734ff452b3aff5a0af7504b7a92ca9c4219e7f
34121,بنغازي,municipal_2025,بوعطن,السالوي,بنغازي,2025-10-21,المراكز_بنغازي_بنغازي,553baec7eabf8caaacd292f472734ff452b3aff5a0af7504b7a92ca9c4219e7f
34122,بنغازي,municipal_2025,بوعطن,السالوي,بنغازي,2025-10-21,المراكز_بنغازي_بنغازي,553baec7eabf8caaacd292f472734ff452b3aff5a0af7504b7a92ca9c4219e7f
34123,بنغازي,municipal_2025,بوعطن,السالوي,بنغازي,2025-10-21,المراكز_بنغازي_بنغازي,553baec7eabf8caaacd292f472734ff452b3aff5a0af7504b7a92ca9c4219e7f
34124,بنغازي,municipal_2025,بوعطن,السالوي,بنغازي,2025-10-21,المراكز_بنغازي_بنغازي,553baec7eabf8caaacd292f472734ff452b3aff5a0af7504b7a92ca9c4219e7f
34125,بنغازي,municipal_2025,بوعطن,السالوي,بنغازي,2025-10-21,المراكز_بنغازي_بنغازي,553baec7eabf8caaacd292f472734ff452b3aff5a0af7504b7a92ca9c4219e7f
34126,بنغازي,municipal_2025,بوعطن,السالوي,بنغازي,2025-10-21,المراكز_بنغازي_بنغازي,553baec7eabf8caaacd292f472734ff452b3aff5a0af7504b7a92ca9c4219e7f
34127,بنغازي,municipal_2025,شهداء السالوي,السالوي,بنغازي,2025-10-21,المراكز_بنغازي_بنغازي,553baec7eabf8caaacd292f472734ff452b3aff5a0af7504b7a92ca9c4219e7f
34128,بنغازي,municipal_2025,شهداء السالوي,السالوي,بنغازي,2025-10-21,المراكز_بنغازي_بنغازي,553baec7eabf8caaacd292f472734ff452b3aff5a0af7504b7a92ca9c4219e7f
34129,بنغازي,municipal_2025,شهداء السالوي,السالوي,بنغازي,2025-10-21,المراكز_بنغازي_بنغازي,553baec7eabf8caaacd292f472734ff452b3aff5a0af7504b7a92ca9c4219e7f
34130,بنغازي,municipal_2025,شهداء السالوي,السالوي,بنغازي,2025-10-21,المراكز_بنغازي_بنغازي,553baec7eabf8caaacd292f472734ff452b3aff5a0af7504b7a92ca9c4219e7f
34131,بنغازي,municipal_2025,شهداء السالوي,السالوي,بنغازي,2025-10-21,المراكز_بنغازي_بنغازي,553baec7eabf8caaacd292f472734ff452b3aff5a0af7504b7a92ca9c4219e7f
34132,بنغازي,municipal_2025,السالوي,السالوي,بنغازي,2025-10-21,المراكز_بنغازي_بنغازي,553baec7eabf8caaacd292f472734ff452b3aff5a0af7504b7a92ca9c4219e7f
34133,توكره,municipal_2025,توكره,توكره,توكرا,2025-10-21,المراكز_بنغازي_توكره,01ee44c82914ad85bc50c19a025f0e2636a3e7979e05cfef30517bfc7b635916
34134,توكره,municipal_2025,توكره,توكره,توكرا,2025-10-21,المراكز_بنغازي_توكره,01ee44c82914ad85bc50c19a025f0e2636a3e7979e05cfef30517bfc7b635916
34135,توكره,municipal_2025,توكره,توكره,توكرا,2025-10-21,المراكز_بنغازي_توكره,01ee44c82914ad85bc50c19a025f0e2636a3e7979e05cfef30517bfc7b635916
34136,توكره,municipal_2025,توكره,توكره,توكرا,2025-10-21,المراكز_بنغازي_توكره,01ee44c82914ad85bc50c19a025f0e2636a3e7979e05cfef30517bfc7b635916
34137,توكره,municipal_2025,دريانه,دريانه,توكرا,2025-10-21,المراكز_بنغازي_توكره,01ee44c82914ad85bc50c19a025f0e2636a3e7979e05cfef30517bfc7b635916
34138,توكره,municipal_2025,دريانه,دريانه,توكرا,2025-10-21,المراكز_بنغازي_توكره,01ee44c82914ad85bc50c19a025f0e2636a3e7979e05cfef30517bfc7b635916
34139,توكره,municipal_2025,الحمدة,توكره,توكرا,2025-10-21,المراكز_بنغازي_توكره,01ee44c82914ad85bc50c19a025f0e2636a3e7979e05cfef30517bfc7b635916
34140,توكره,municipal_2025,برسس,توكره,توكرا,2025-10-21,المراكز_بنغازي_توكره,01ee44c82914ad85bc50c19a025f0e2636a3e7979e05cfef30517bfc7b635916
34141,توكره,municipal_2025,المبن,دريانه,توكرا,2025-10-21,المراكز_بنغازي_توكره,01ee44c82914ad85bc50c19a025f0e2636a3e7979e05cfef30517bfc7b635916
34142,توكره,municipal_2025,المبن,دريانه,توكرا,2025-10-21,المراكز_بنغازي_توكره,01ee44c82914ad85bc50c19a025f0e2636a3e7979e05cfef30517bfc7b635916
34143,توكره,municipal_2025,الص تة الحمراء,دريانه,توكرا,2025-10-21,المراكز_بنغازي_توكره,01ee44c82914ad85bc50c19a025f0e2636a3e7979e05cfef30517bfc7b635916
34144,قمينس,municipal_2025,كركورة,المقرون,قمينس,2025-10-21,المراكز_بنغازي_قمينس,fcec28c778383607952aeed163528766f225c5bd5bb7158d7397168d9d1b5db2
34145,قمينس,municipal_2025,كركورة,المقرون,قمينس,2025-10-21,المراكز_بنغازي_قمينس,fcec28c778383607952aeed163528766f225c5bd5bb7158d7397168d9d1b5db2
34146,قمينس,municipal_2025,سيدي عبدالعاط,المقرون,قمينس,2025-10-21,المراكز_بنغازي_قمينس,fcec28c778383607952aeed163528766f225c5bd5bb7158d7397168d9d1b5db2
34147,الابيار,municipal_2025,االبيار,االبيار,االبيار,2025-10-21,المراكز_بنغازي_الابيار,9fd068754cb869271c0c3aa1092ad5670a9a08bb3648740d31a877bd43fbb93a
34148,الابيار,municipal_2025,االبيار,االبيار,االبيار,2025-10-21,المراكز_بنغازي_الابيار,9fd068754cb869271c0c3aa1092ad5670a9a08bb3648740d31a877bd43fbb93a
34149,الابيار,municipal_2025,االبيار,االبيار,االبيار,2025-10-21,المراكز_بنغازي_الابيار,9fd068754cb869271c0c3aa1092ad5670a9a08bb3648740d31a877bd43fbb93a
34150,الابيار,municipal_2025,األبيار,األبيار,االبيار,2025-10-21,المراكز_بنغازي_الابيار,9fd068754cb869271c0c3aa1092ad5670a9a08bb3648740d31a877bd43fbb93a
34151,الابيار,municipal_2025,األبيار,األبيار,االبيار,2025-10-21,المراكز_بنغازي_الابيار,9fd068754cb869271c0c3aa1092ad5670a9a08bb3648740d31a877bd43fbb93a
34152,الابيار,municipal_2025,الرجمة,االبيار,االبيار,2025-10-21,المراكز_بنغازي_الابيار,9fd068754cb869271c0c3aa1092ad5670a9a08bb3648740d31a877bd43fbb93a
34155,الابيار,municipal_2025,بومريم,االبيار,االبيار,2025-10-21,المراكز_بنغازي_الابيار,9fd068754cb869271c0c3aa1092ad5670a9a08bb3648740d31a877bd43fbb93a
34156,الابيار,municipal_2025,جنوب االبيار,االبيار,االبيار,2025-10-21,المراكز_بنغازي_الابيار,9fd068754cb869271c0c3aa1092ad5670a9a08bb3648740d31a877bd43fbb93a
34157,الابيار,municipal_2025,ج تة,االبيار,االبيار,2025-10-21,المراكز_بنغازي_الابيار,9fd068754cb869271c0c3aa1092ad5670a9a08bb3648740d31a877bd43fbb93a
34158,الابيار,municipal_2025,سيدي امهيوس,االبيار,االبيار,2025-10-21,المراكز_بنغازي_الابيار,9fd068754cb869271c0c3aa1092ad5670a9a08bb3648740d31a877bd43fbb93a
34159,قمينس,municipal_2025,قمينس,قمينس,قمينس,2025-10-21,المراكز_بنغازي_قمينس,fcec28c778383607952aeed163528766f225c5bd5bb7158d7397168d9d1b5db2
34160,قمينس,municipal_2025,قمينس,قمينس,قمينس,2025-10-21,المراكز_بنغازي_قمينس,fcec28c778383607952aeed163528766f225c5bd5bb7158d7397168d9d1b5db2
34161,قمينس,municipal_2025,قمينس,قمينس,قمينس,2025-10-21,المراكز_بنغازي_قمينس,fcec28c778383607952aeed163528766f225c5bd5bb7158d7397168d9d1b5db2
34162,قمينس,municipal_2025,قمينس,قمينس,قمينس,2025-10-21,المراكز_بنغازي_قمينس,fcec28c778383607952aeed163528766f225c5bd5bb7158d7397168d9d1b5db2
34163,قمينس,municipal_2025,قمينس,جروثة,قمينس,2025-10-21,المراكز_بنغازي_قمينس,fcec28c778383607952aeed163528766f225c5bd5bb7158d7397168d9d1b5db2
34164,قمينس,municipal_2025,المقرون,المقرون,قمينس,2025-10-21,المراكز_بنغازي_قمينس,fcec28c778383607952aeed163528766f225c5bd5bb7158d7397168d9d1b5db2
34165,قمينس,municipal_2025,الساحل الغرري ن,المقرون,قمينس,2025-10-21,المراكز_بنغازي_قمينس,fcec28c778383607952aeed163528766f225c5bd5bb7158d7397168d9d1b5db2
34166,سلوق,municipal_2025,سلوق,سلوق,سلوق,2025-10-21,المراكز_بنغازي_سلوق,32cb611a2e370500def2297b098e450ceee82e19c21943aa0a0e7d45dba72add
34167,سلوق,municipal_2025,سلوق,سلوق,سلوق,2025-10-21,المراكز_بنغازي_سلوق,32cb611a2e370500def2297b098e450ceee82e19c21943aa0a0e7d45dba72add
34168,سلوق,municipal_2025,سلوق,سلوق,سلوق,2025-10-21,المراكز_بنغازي_سلوق,32cb611a2e370500def2297b098e450ceee82e19c21943aa0a0e7d45dba72add
34169,سلوق,municipal_2025,سلوق,سلوق,سلوق,2025-10-21,المراكز_بنغازي_سلوق,32cb611a2e370500def2297b098e450ceee82e19c21943aa0a0e7d45dba72add
34170,سلوق,municipal_2025,سلوق,سلوق,سلوق,2025-10-21,المراكز_بنغازي_سلوق,32cb611a2e370500def2297b098e450ceee82e19c21943aa0a0e7d45dba72add
34171,سلوق,municipal_2025,سلوق,سلوق,سلوق,2025-10-21,المراكز_بنغازي_سلوق,32cb611a2e370500def2297b098e450ceee82e19c21943aa0a0e7d45dba72add
34172,بنغازي,municipal_2025,سلوق,سلوق,سلوق,2025-10-21,المراكز_بنغازي_بنغازي,553baec7eabf8caaacd292f472734ff452b3aff5a0af7504b7a92ca9c4219e7f
34173,بنغازي,municipal_2025,المقزحة,بنغازي,بنغازي,2025-10-21,المراكز_بنغازي_بنغازي,553baec7eabf8caaacd292f472734ff452b3aff5a0af7504b7a92ca9c4219e7f
34174,بنغازي,municipal_2025,النواقية,بنغازي,بنغازي,2025-10-21,المراكز_بنغازي_بنغازي,553baec7eabf8caaacd292f472734ff452b3aff5a0af7504b7a92ca9c4219e7f
34175,سلوق,municipal_2025,مسوس,سلوق,سلوق,2025-10-21,المراكز_بنغازي_سلوق,32cb611a2e370500def2297b098e450ceee82e19c21943aa0a0e7d45dba72add
34176,الابيار,municipal_2025,قرص الشيف,االبيار,االبيار,2025-10-21,المراكز_بنغازي_الابيار,9fd068754cb869271c0c3aa1092ad5670a9a08bb3648740d31a877bd43fbb93a
34178,بنغازي,municipal_2025,الكيش,الرتكة,بنغازي,2025-10-21,المراكز_بنغازي_بنغازي,553baec7eabf8caaacd292f472734ff452b3aff5a0af7504b7a92ca9c4219e7f
34179,الابيار,municipal_2025,االبيار,االبيار,االبيار,2025-10-21,المراكز_بنغازي_الابيار,9fd068754cb869271c0c3aa1092ad5670a9a08bb3648740d31a877bd43fbb93a
34180,سلوق,municipal_2025,سلوق,سلوق,سلوق,2025-10-21,المراكز_بنغازي_سلوق,32cb611a2e370500def2297b098e450ceee82e19c21943aa0a0e7d45dba72add
34181,بنغازي,municipal_2025,الرتكة,الرتكة,بنغازي,2025-10-21,المراكز_بنغازي_بنغازي,553baec7eabf8caaacd292f472734ff452b3aff5a0af7504b7a92ca9c4219e7f
34182,بنغازي,municipal_2025,الرتكة,الرتكة,بنغازي,2025-10-21,المراكز_بنغازي_بنغازي,553baec7eabf8caaacd292f472734ff452b3aff5a0af7504b7a92ca9c4219e7f
34183,بنغازي,municipal_2025,القوارشة,الرتكة,بنغازي,2025-10-21,المراكز_بنغازي_بنغازي,553baec7eabf8caaacd292f472734ff452b3aff5a0af7504b7a92ca9c4219e7f
34184,بنغازي,municipal_2025,السلمان الشق,السالوي,بنغازي,2025-10-21,المراكز_بنغازي_بنغازي,553baec7eabf8caaacd292f472734ff452b3aff5a0af7504b7a92ca9c4219e7f
34185,بنغازي,municipal_2025,الحدائق,الرتكة,بنغازي,2025-10-21,المراكز_بنغازي_بنغازي,553baec7eabf8caaacd292f472734ff452b3aff5a0af7504b7a92ca9c4219e7f
34186,بنغازي,municipal_2025,سيدي حس ي,بنغازي المركز,بنغازي,2025-10-21,المراكز_بنغازي_بنغازي,553baec7eabf8caaacd292f472734ff452b3aff5a0af7504b7a92ca9c4219e7f
34187,الابيار,municipal_2025,االبيار,االبيار,االبيار,2025-10-21,المراكز_بنغازي_الابيار,9fd068754cb869271c0c3aa1092ad5670a9a08bb3648740d31a877bd43fbb93a
34188,بنغازي,municipal_2025,قاريونس,الرتكة,بنغازي,2025-10-21,المراكز_بنغازي_بنغازي,553baec7eabf8caaacd292f472734ff452b3aff5a0af7504b7a92ca9c4219e7f
34189,سلوق,municipal_2025,سلوق,سلوق,سلوق,2025-10-21,المراكز_بنغازي_سلوق,32cb611a2e370500def2297b098e450ceee82e19c21943aa0a0e7d45dba72add
34190,سلوق,municipal_2025,سلوق,سلوق,سلوق,2025-10-21,المراكز_بنغازي_سلوق,32cb611a2e370500def2297b098e450ceee82e19c21943aa0a0e7d45dba72add
34191,توكره,municipal_2025,دريانه,دريانه,توكرا,2025-10-21,المراكز_بنغازي_توكره,01ee44c82914ad85bc50c19a025f0e2636a3e7979e05cfef30517bfc7b635916
34192,توكره,municipal_2025,توكره,توكره,بنغازي,2025-10-21,المراكز_بنغازي_توكره,01ee44c82914ad85bc50c19a025f0e2636a3e7979e05cfef30517bfc7b635916
34193,بنغازي,municipal_2025,سيدي خليفة,سيدي خليفة,بنغازي,2025-10-21,المراكز_بنغازي_بنغازي,553baec7eabf8caaacd292f472734ff452b3aff5a0af7504b7a92ca9c4219e7f
34194,بنغازي,municipal_2025,سيدي خليفة,سيدي خليفة,بنغازي,2025-10-21,المراكز_بنغازي_بنغازي,553baec7eabf8caaacd292f472734ff452b3aff5a0af7504b7a92ca9c4219e7f
34196,توكره,municipal_2025,دريانه,دريانه,توكرا,2025-10-21,المراكز_بنغازي_توكره,01ee44c82914ad85bc50c19a025f0e2636a3e7979e05cfef30517bfc7b635916
34197,بنغازي,municipal_2025,بنينا,بنينا,بنغازي,2025-10-21,المراكز_بنغازي_بنغازي,553baec7eabf8caaacd292f472734ff452b3aff5a0af7504b7a92ca9c4219e7f
34198,بنغازي,municipal_2025,بنينا,بنينا,بنغازي,2025-10-21,المراكز_بنغازي_بنغازي,553baec7eabf8caaacd292f472734ff452b3aff5a0af7504b7a92ca9c4219e7f
34199,الابيار,municipal_2025,بنينا,بنينا,بنغازي,2025-10-21,المراكز_بنغازي_الابيار,9fd068754cb869271c0c3aa1092ad5670a9a08bb3648740d31a877bd43fbb93a
34200,بنغازي,municipal_2025,شهداء الزاوية,الرتكة,بنغازي,2025-10-21,المراكز_بنغازي_بنغازي,553baec7eabf8caaacd292f472734ff452b3aff5a0af7504b7a92ca9c4219e7f
34201,بنغازي,municipal_2025,الكويفية,الكويفية,بنغازي,2025-10-21,المراكز_بنغازي_بنغازي,553baec7eabf8caaacd292f472734ff452b3aff5a0af7504b7a92ca9c4219e7f
34202,بنغازي,municipal_2025,الكويفية,الكويفية,بنغازي,2025-10-21,المراكز_بنغازي_بنغازي,553baec7eabf8caaacd292f472734ff452b3aff5a0af7504b7a92ca9c4219e7f
34203,الابيار,municipal_2025,االبيار,االبيار,االبيار,2025-10-21,المراكز_بنغازي_الابيار,9fd068754cb869271c0c3aa1092ad5670a9a08bb3648740d31a877bd43fbb93a
34204,بنغازي,municipal_2025,العروبة,السالوي,بنغازي,2025-10-21,المراكز_بنغازي_بنغازي,553baec7eabf8caaacd292f472734ff452b3aff5a0af7504b7a92ca9c4219e7f
34205,بنغازي,municipal_2025,بنينا,بنينا,بنغازي,2025-10-21,المراكز_بنغازي_بنغازي,553baec7eabf8caaacd292f472734ff452b3aff5a0af7504b7a92ca9c4219e7f
34207,بنغازي,municipal_2025,الكيش,الرتكة,بنغازي,2025-10-21,المراكز_بنغازي_بنغازي,553baec7eabf8caaacd292f472734ff452b3aff5a0af7504b7a92ca9c4219e7f
34208,بنغازي,municipal_2025,الرتكة,الرتكة,بنغازي,2025-10-21,المراكز_بنغازي_بنغازي,553baec7eabf8caaacd292f472734ff452b3aff5a0af7504b7a92ca9c4219e7f
34209,بنغازي,municipal_2025,الفويهات,الرتكة,بنغازي,2025-10-21,المراكز_بنغازي_بنغازي,553baec7eabf8caaacd292f472734ff452b3aff5a0af7504b7a92ca9c4219e7f
34210,الابيار,municipal_2025,االبيار,االبيار,االبيار,2025-10-21,المراكز_بنغازي_الابيار,9fd068754cb869271c0c3aa1092ad5670a9a08bb3648740d31a877bd43fbb93a
34211,بنغازي,municipal_2025,سيدي حس ي,بنغازي المركز,بنغازي,2025-10-21,المراكز_بنغازي_بنغازي,553baec7eabf8caaacd292f472734ff452b3aff5a0af7504b7a92ca9c4219e7f
34213,بنغازي,municipal_2025,سيدي اعبيد,بنغازي المركز,بنغازي,2025-10-21,المراكز_بنغازي_بنغازي,553baec7eabf8caaacd292f472734ff452b3aff5a0af7504b7a92ca9c4219e7f
34215,بنغازي,municipal_2025,قاريونس,الرتكة,بنغازي,2025-10-21,المراكز_بنغازي_بنغازي,553baec7eabf8caaacd292f472734ff452b3aff5a0af7504b7a92ca9c4219e7f
34216,الابيار,municipal_2025,غوط السلطان,غوط السلطان,االبيار,2025-10-21,المراكز_بنغازي_الابيار,9fd068754cb869271c0c3aa1092ad5670a9a08bb3648740d31a877bd43fbb93a
34217,الابيار,municipal_2025,االبيار,االبيار,االبيار,2025-10-21,المراكز_بنغازي_الابيار,9fd068754cb869271c0c3aa1092ad5670a9a08bb3648740d31a877bd43fbb93a
34219,بنغازي,municipal_2025,القوارشة,النجيلة,بنغازي,2025-10-21,المراكز_بنغازي_بنغازي,553baec7eabf8caaacd292f472734ff452b3aff5a0af7504b7a92ca9c4219e7f
34220,بنغازي,municipal_2025,القوارشة,القوارشة,بنغازي,2025-10-21,المراكز_بنغازي_بنغازي,553baec7eabf8caaacd292f472734ff452b3aff5a0af7504b7a92ca9c4219e7f
44001,الجديدة,municipal_2025,النرص,العجيالت,الجديدة,2025-10-21,المراكز_الساحل الغربي_الجديدة,c7874ea84f1c4991963eeec9df1aae9baf1651046c87f15e96d91469b104734b
44006,الجديدة,municipal_2025,الجديدة,العجيالت,الجديدة,2025-10-21,المراكز_الساحل الغربي_الجديدة,c7874ea84f1c4991963eeec9df1aae9baf1651046c87f15e96d91469b104734b
44007,الجديدة,municipal_2025,الجديدة,العجيالت,الجديدة,2025-10-21,المراكز_الساحل الغربي_الجديدة,c7874ea84f1c4991963eeec9df1aae9baf1651046c87f15e96d91469b104734b
44008,الجديدة,municipal_2025,النرص,العجيالت,الجديدة,2025-10-21,المراكز_الساحل الغربي_الجديدة,c7874ea84f1c4991963eeec9df1aae9baf1651046c87f15e96d91469b104734b
44011,الجديدة,municipal_2025,السدرة,العجيالت,العجيالت,2025-10-21,المراكز_الساحل الغربي_الجديدة,c7874ea84f1c4991963eeec9df1aae9baf1651046c87f15e96d91469b104734b
44012,الجديدة,municipal_2025,السدرة,العجيالت,الجديدة,2025-10-21,المراكز_الساحل الغربي_الجديدة,c7874ea84f1c4991963eeec9df1aae9baf1651046c87f15e96d91469b104734b
44020,الجديدة,municipal_2025,الجديدة,العجيالت,الجديدة,2025-10-21,المراكز_الساحل الغربي_الجديدة,c7874ea84f1c4991963eeec9df1aae9baf1651046c87f15e96d91469b104734b
44021,الجديدة,municipal_2025,النرص,العجيالت,الجديدة,2025-10-21,المراكز_الساحل الغربي_الجديدة,c7874ea84f1c4991963eeec9df1aae9baf1651046c87f15e96d91469b104734b
44046,الجديدة,municipal_2025,السدرة,العجيالت,العجيالت,2025-10-21,المراكز_الساحل الغربي_الجديدة,c7874ea84f1c4991963eeec9df1aae9baf1651046c87f15e96d91469b104734b
44055,الجديدة,municipal_2025,النرص,العجيالت,الجديدة,2025-10-21,المراكز_الساحل الغربي_الجديدة,c7874ea84f1c4991963eeec9df1aae9baf1651046c87f15e96d91469b104734b
44063,الجديدة,municipal_2025,النرص,العجيالت,الجديدة,2025-10-21,المراكز_الساحل الغربي_الجديدة,c7874ea84f1c4991963eeec9df1aae9baf1651046c87f15e96d91469b104734b
