volume,pdf_page,table,reference,population,area,group,dimension,category,sex,value
1939,360,Popolazione libica residente secondo il tipo della dimora e il sesso,census 1936 final,resident,Provincia di Tripoli,libyan,dimora,all,MF,351774
1939,360,Popolazione libica residente secondo il tipo della dimora e il sesso,census 1936 final,resident,Provincia di Tripoli,libyan,dimora,all,F,169509
1939,360,Popolazione libica residente secondo il tipo della dimora e il sesso,census 1936 final,resident,Provincia di Tripoli,libyan,dimora,stabile,MF,287601
1939,360,Popolazione libica residente secondo il tipo della dimora e il sesso,census 1936 final,resident,Provincia di Tripoli,libyan,dimora,stabile,F,139423
1939,360,Popolazione libica residente secondo il tipo della dimora e il sesso,census 1936 final,resident,Provincia di Tripoli,libyan,dimora,seminomade,MF,35559
1939,360,Popolazione libica residente secondo il tipo della dimora e il sesso,census 1936 final,resident,Provincia di Tripoli,libyan,dimora,seminomade,F,16720
1939,360,Popolazione libica residente secondo il tipo della dimora e il sesso,census 1936 final,resident,Provincia di Tripoli,libyan,dimora,nomade,MF,28614
1939,360,Popolazione libica residente secondo il tipo della dimora e il sesso,census 1936 final,resident,Provincia di Tripoli,libyan,dimora,nomade,F,13366
1939,360,Popolazione libica residente secondo il tipo della dimora e il sesso,census 1936 final,resident,Provincia di Tripoli,libyan,dimora,all,M,182265
1939,360,Popolazione libica residente secondo il tipo della dimora e il sesso,census 1936 final,resident,Provincia di Misurata,libyan,dimora,all,MF,213486
1939,360,Popolazione libica residente secondo il tipo della dimora e il sesso,census 1936 final,resident,Provincia di Misurata,libyan,dimora,all,F,102256
1939,360,Popolazione libica residente secondo il tipo della dimora e il sesso,census 1936 final,resident,Provincia di Misurata,libyan,dimora,stabile,MF,177589
1939,360,Popolazione libica residente secondo il tipo della dimora e il sesso,census 1936 final,resident,Provincia di Misurata,libyan,dimora,stabile,F,85451
1939,360,Popolazione libica residente secondo il tipo della dimora e il sesso,census 1936 final,resident,Provincia di Misurata,libyan,dimora,seminomade,MF,35693
1939,360,Popolazione libica residente secondo il tipo della dimora e il sesso,census 1936 final,resident,Provincia di Misurata,libyan,dimora,seminomade,F,16715
1939,360,Popolazione libica residente secondo il tipo della dimora e il sesso,census 1936 final,resident,Provincia di Misurata,libyan,dimora,nomade,MF,204
1939,360,Popolazione libica residente secondo il tipo della dimora e il sesso,census 1936 final,resident,Provincia di Misurata,libyan,dimora,nomade,F,90
1939,360,Popolazione libica residente secondo il tipo della dimora e il sesso,census 1936 final,resident,Provincia di Misurata,libyan,dimora,all,M,111230
1939,360,Popolazione libica residente secondo il tipo della dimora e il sesso,census 1936 final,resident,Provincia di Bengasi,libyan,dimora,all,MF,96193
1939,360,Popolazione libica residente secondo il tipo della dimora e il sesso,census 1936 final,resident,Provincia di Bengasi,libyan,dimora,all,F,46129
1939,360,Popolazione libica residente secondo il tipo della dimora e il sesso,census 1936 final,resident,Provincia di Bengasi,libyan,dimora,stabile,MF,87452
1939,360,Popolazione libica residente secondo il tipo della dimora e il sesso,census 1936 final,resident,Provincia di Bengasi,libyan,dimora,stabile,F,42191
1939,360,Popolazione libica residente secondo il tipo della dimora e il sesso,census 1936 final,resident,Provincia di Bengasi,libyan,dimora,seminomade,MF,8741
1939,360,Popolazione libica residente secondo il tipo della dimora e il sesso,census 1936 final,resident,Provincia di Bengasi,libyan,dimora,seminomade,F,3938
1939,360,Popolazione libica residente secondo il tipo della dimora e il sesso,census 1936 final,resident,Provincia di Bengasi,libyan,dimora,nomade,MF,0
1939,360,Popolazione libica residente secondo il tipo della dimora e il sesso,census 1936 final,resident,Provincia di Bengasi,libyan,dimora,nomade,F,0
1939,360,Popolazione libica residente secondo il tipo della dimora e il sesso,census 1936 final,resident,Provincia di Bengasi,libyan,dimora,all,M,50064
1939,360,Popolazione libica residente secondo il tipo della dimora e il sesso,census 1936 final,resident,Provincia di Derna,libyan,dimora,all,MF,41233
1939,360,Popolazione libica residente secondo il tipo della dimora e il sesso,census 1936 final,resident,Provincia di Derna,libyan,dimora,all,F,19389
1939,360,Popolazione libica residente secondo il tipo della dimora e il sesso,census 1936 final,resident,Provincia di Derna,libyan,dimora,stabile,MF,34463
1939,360,Popolazione libica residente secondo il tipo della dimora e il sesso,census 1936 final,resident,Provincia di Derna,libyan,dimora,stabile,F,16326
1939,360,Popolazione libica residente secondo il tipo della dimora e il sesso,census 1936 final,resident,Provincia di Derna,libyan,dimora,seminomade,MF,6673
1939,360,Popolazione libica residente secondo il tipo della dimora e il sesso,census 1936 final,resident,Provincia di Derna,libyan,dimora,seminomade,F,3022
1939,360,Popolazione libica residente secondo il tipo della dimora e il sesso,census 1936 final,resident,Provincia di Derna,libyan,dimora,nomade,MF,97
1939,360,Popolazione libica residente secondo il tipo della dimora e il sesso,census 1936 final,resident,Provincia di Derna,libyan,dimora,nomade,F,41
1939,360,Popolazione libica residente secondo il tipo della dimora e il sesso,census 1936 final,resident,Provincia di Derna,libyan,dimora,all,M,21844
1939,360,Popolazione libica residente secondo il tipo della dimora e il sesso,census 1936 final,resident,Provincie italiane della Libia,libyan,dimora,all,MF,702686
1939,360,Popolazione libica residente secondo il tipo della dimora e il sesso,census 1936 final,resident,Provincie italiane della Libia,libyan,dimora,all,F,337283
1939,360,Popolazione libica residente secondo il tipo della dimora e il sesso,census 1936 final,resident,Provincie italiane della Libia,libyan,dimora,stabile,MF,587105
1939,360,Popolazione libica residente secondo il tipo della dimora e il sesso,census 1936 final,resident,Provincie italiane della Libia,libyan,dimora,stabile,F,283391
1939,360,Popolazione libica residente secondo il tipo della dimora e il sesso,census 1936 final,resident,Provincie italiane della Libia,libyan,dimora,seminomade,MF,86666
1939,360,Popolazione libica residente secondo il tipo della dimora e il sesso,census 1936 final,resident,Provincie italiane della Libia,libyan,dimora,seminomade,F,40395
1939,360,Popolazione libica residente secondo il tipo della dimora e il sesso,census 1936 final,resident,Provincie italiane della Libia,libyan,dimora,nomade,MF,28915
1939,360,Popolazione libica residente secondo il tipo della dimora e il sesso,census 1936 final,resident,Provincie italiane della Libia,libyan,dimora,nomade,F,13497
1939,360,Popolazione libica residente secondo il tipo della dimora e il sesso,census 1936 final,resident,Provincie italiane della Libia,libyan,dimora,all,M,365403
1939,360,Popolazione libica residente secondo il tipo della dimora e il sesso,census 1936 final,resident,Territorio Militare del Sud,libyan,dimora,all,MF,48165
1939,360,Popolazione libica residente secondo il tipo della dimora e il sesso,census 1936 final,resident,Territorio Militare del Sud,libyan,dimora,all,F,24620
1939,360,Popolazione libica residente secondo il tipo della dimora e il sesso,census 1936 final,resident,Territorio Militare del Sud,libyan,dimora,stabile,MF,42840
1939,360,Popolazione libica residente secondo il tipo della dimora e il sesso,census 1936 final,resident,Territorio Militare del Sud,libyan,dimora,stabile,F,22055
1939,360,Popolazione libica residente secondo il tipo della dimora e il sesso,census 1936 final,resident,Territorio Militare del Sud,libyan,dimora,seminomade,MF,2024
1939,360,Popolazione libica residente secondo il tipo della dimora e il sesso,census 1936 final,resident,Territorio Militare del Sud,libyan,dimora,seminomade,F,960
1939,360,Popolazione libica residente secondo il tipo della dimora e il sesso,census 1936 final,resident,Territorio Militare del Sud,libyan,dimora,nomade,MF,3301
1939,360,Popolazione libica residente secondo il tipo della dimora e il sesso,census 1936 final,resident,Territorio Militare del Sud,libyan,dimora,nomade,F,1605
1939,360,Popolazione libica residente secondo il tipo della dimora e il sesso,census 1936 final,resident,Territorio Militare del Sud,libyan,dimora,all,M,23545
1939,360,Popolazione libica residente secondo il tipo della dimora e il sesso,census 1936 final,resident,LIBIA,libyan,dimora,all,MF,750851
1939,360,Popolazione libica residente secondo il tipo della dimora e il sesso,census 1936 final,resident,LIBIA,libyan,dimora,all,F,361903
1939,360,Popolazione libica residente secondo il tipo della dimora e il sesso,census 1936 final,resident,LIBIA,libyan,dimora,stabile,MF,629945
1939,360,Popolazione libica residente secondo il tipo della dimora e il sesso,census 1936 final,resident,LIBIA,libyan,dimora,stabile,F,305446
1939,360,Popolazione libica residente secondo il tipo della dimora e il sesso,census 1936 final,resident,LIBIA,libyan,dimora,seminomade,MF,88690
1939,360,Popolazione libica residente secondo il tipo della dimora e il sesso,census 1936 final,resident,LIBIA,libyan,dimora,seminomade,F,41355
1939,360,Popolazione libica residente secondo il tipo della dimora e il sesso,census 1936 final,resident,LIBIA,libyan,dimora,nomade,MF,32216
1939,360,Popolazione libica residente secondo il tipo della dimora e il sesso,census 1936 final,resident,LIBIA,libyan,dimora,nomade,F,15102
1939,360,Popolazione libica residente secondo il tipo della dimora e il sesso,census 1936 final,resident,LIBIA,libyan,dimora,all,M,388948
1939,360,"Popolazione libica residente secondo la religione, la razza e la lingua",census 1936 final,resident,Provincia di Tripoli,libyan,religion,muslim,MF,330744
1939,360,"Popolazione libica residente secondo la religione, la razza e la lingua",census 1936 final,resident,Provincia di Tripoli,libyan,religion,jewish,MF,21005
1939,360,"Popolazione libica residente secondo la religione, la razza e la lingua",census 1936 final,resident,Provincia di Tripoli,libyan,religion,other,MF,25
1939,360,"Popolazione libica residente secondo la religione, la razza e la lingua",census 1936 final,resident,Provincia di Tripoli,libyan,race,arab and arab-berber,MF,278312
1939,360,"Popolazione libica residente secondo la religione, la razza e la lingua",census 1936 final,resident,Provincia di Tripoli,libyan,race,berber,MF,34639
1939,360,"Popolazione libica residente secondo la religione, la razza e la lingua",census 1936 final,resident,Provincia di Tripoli,libyan,race,cologhli,MF,5848
1939,360,"Popolazione libica residente secondo la religione, la razza e la lingua",census 1936 final,resident,Provincia di Tripoli,libyan,race,negro,MF,11831
1939,360,"Popolazione libica residente secondo la religione, la razza e la lingua",census 1936 final,resident,Provincia di Tripoli,libyan,race,other,MF,21144
1939,360,"Popolazione libica residente secondo la religione, la razza e la lingua",census 1936 final,resident,Provincia di Tripoli,libyan,language,arabic,MF,319810
1939,360,"Popolazione libica residente secondo la religione, la razza e la lingua",census 1936 final,resident,Provincia di Tripoli,libyan,language,berber,MF,31888
1939,360,"Popolazione libica residente secondo la religione, la razza e la lingua",census 1936 final,resident,Provincia di Tripoli,libyan,language,other,MF,76
1939,360,"Popolazione libica residente secondo la religione, la razza e la lingua",census 1936 final,resident,Provincia di Tripoli,libyan,speaks_italian,yes,MF,24947
1939,360,"Popolazione libica residente secondo la religione, la razza e la lingua",census 1936 final,resident,Provincia di Misurata,libyan,religion,muslim,MF,210383
1939,360,"Popolazione libica residente secondo la religione, la razza e la lingua",census 1936 final,resident,Provincia di Misurata,libyan,religion,jewish,MF,3096
1939,360,"Popolazione libica residente secondo la religione, la razza e la lingua",census 1936 final,resident,Provincia di Misurata,libyan,religion,other,MF,7
1939,360,"Popolazione libica residente secondo la religione, la razza e la lingua",census 1936 final,resident,Provincia di Misurata,libyan,race,arab and arab-berber,MF,149725
1939,360,"Popolazione libica residente secondo la religione, la razza e la lingua",census 1936 final,resident,Provincia di Misurata,libyan,race,berber,MF,28651
1939,360,"Popolazione libica residente secondo la religione, la razza e la lingua",census 1936 final,resident,Provincia di Misurata,libyan,race,cologhli,MF,24820
1939,360,"Popolazione libica residente secondo la religione, la razza e la lingua",census 1936 final,resident,Provincia di Misurata,libyan,race,negro,MF,7166
1939,360,"Popolazione libica residente secondo la religione, la razza e la lingua",census 1936 final,resident,Provincia di Misurata,libyan,race,other,MF,3124
1939,360,"Popolazione libica residente secondo la religione, la razza e la lingua",census 1936 final,resident,Provincia di Misurata,libyan,language,arabic,MF,213447
1939,360,"Popolazione libica residente secondo la religione, la razza e la lingua",census 1936 final,resident,Provincia di Misurata,libyan,language,berber,MF,37
1939,360,"Popolazione libica residente secondo la religione, la razza e la lingua",census 1936 final,resident,Provincia di Misurata,libyan,language,other,MF,2
1939,360,"Popolazione libica residente secondo la religione, la razza e la lingua",census 1936 final,resident,Provincia di Misurata,libyan,speaks_italian,yes,MF,4094
1939,360,"Popolazione libica residente secondo la religione, la razza e la lingua",census 1936 final,resident,Provincia di Bengasi,libyan,religion,muslim,MF,92688
1939,360,"Popolazione libica residente secondo la religione, la razza e la lingua",census 1936 final,resident,Provincia di Bengasi,libyan,religion,jewish,MF,3468
1939,360,"Popolazione libica residente secondo la religione, la razza e la lingua",census 1936 final,resident,Provincia di Bengasi,libyan,religion,other,MF,37
1939,360,"Popolazione libica residente secondo la religione, la razza e la lingua",census 1936 final,resident,Provincia di Bengasi,libyan,race,arab and arab-berber,MF,92108
1939,360,"Popolazione libica residente secondo la religione, la razza e la lingua",census 1936 final,resident,Provincia di Bengasi,libyan,race,berber,MF,9
1939,360,"Popolazione libica residente secondo la religione, la razza e la lingua",census 1936 final,resident,Provincia di Bengasi,libyan,race,cologhli,MF,323
1939,360,"Popolazione libica residente secondo la religione, la razza e la lingua",census 1936 final,resident,Provincia di Bengasi,libyan,race,negro,MF,284
1939,360,"Popolazione libica residente secondo la religione, la razza e la lingua",census 1936 final,resident,Provincia di Bengasi,libyan,race,other,MF,3469
1939,360,"Popolazione libica residente secondo la religione, la razza e la lingua",census 1936 final,resident,Provincia di Bengasi,libyan,language,arabic,MF,94743
1939,360,"Popolazione libica residente secondo la religione, la razza e la lingua",census 1936 final,resident,Provincia di Bengasi,libyan,language,berber,MF,1447
1939,360,"Popolazione libica residente secondo la religione, la razza e la lingua",census 1936 final,resident,Provincia di Bengasi,libyan,language,other,MF,3
1939,360,"Popolazione libica residente secondo la religione, la razza e la lingua",census 1936 final,resident,Provincia di Bengasi,libyan,speaks_italian,yes,MF,12121
1939,360,"Popolazione libica residente secondo la religione, la razza e la lingua",census 1936 final,resident,Provincia di Derna,libyan,religion,muslim,MF,40515
1939,360,"Popolazione libica residente secondo la religione, la razza e la lingua",census 1936 final,resident,Provincia di Derna,libyan,religion,jewish,MF,714
1939,360,"Popolazione libica residente secondo la religione, la razza e la lingua",census 1936 final,resident,Provincia di Derna,libyan,religion,other,MF,4
1939,360,"Popolazione libica residente secondo la religione, la razza e la lingua",census 1936 final,resident,Provincia di Derna,libyan,race,arab and arab-berber,MF,38911
1939,360,"Popolazione libica residente secondo la religione, la razza e la lingua",census 1936 final,resident,Provincia di Derna,libyan,race,berber,MF,106
1939,360,"Popolazione libica residente secondo la religione, la razza e la lingua",census 1936 final,resident,Provincia di Derna,libyan,race,cologhli,MF,730
1939,360,"Popolazione libica residente secondo la religione, la razza e la lingua",census 1936 final,resident,Provincia di Derna,libyan,race,negro,MF,304
1939,360,"Popolazione libica residente secondo la religione, la razza e la lingua",census 1936 final,resident,Provincia di Derna,libyan,race,other,MF,1182
1939,360,"Popolazione libica residente secondo la religione, la razza e la lingua",census 1936 final,resident,Provincia di Derna,libyan,language,arabic,MF,40889
1939,360,"Popolazione libica residente secondo la religione, la razza e la lingua",census 1936 final,resident,Provincia di Derna,libyan,language,berber,MF,0
1939,360,"Popolazione libica residente secondo la religione, la razza e la lingua",census 1936 final,resident,Provincia di Derna,libyan,language,other,MF,344
1939,360,"Popolazione libica residente secondo la religione, la razza e la lingua",census 1936 final,resident,Provincia di Derna,libyan,speaks_italian,yes,MF,6489
1939,360,"Popolazione libica residente secondo la religione, la razza e la lingua",census 1936 final,resident,Provincie italiane della Libia,libyan,religion,muslim,MF,674330
1939,360,"Popolazione libica residente secondo la religione, la razza e la lingua",census 1936 final,resident,Provincie italiane della Libia,libyan,religion,jewish,MF,28283
1939,360,"Popolazione libica residente secondo la religione, la razza e la lingua",census 1936 final,resident,Provincie italiane della Libia,libyan,religion,other,MF,73
1939,360,"Popolazione libica residente secondo la religione, la razza e la lingua",census 1936 final,resident,Provincie italiane della Libia,libyan,race,arab and arab-berber,MF,559056
1939,360,"Popolazione libica residente secondo la religione, la razza e la lingua",census 1936 final,resident,Provincie italiane della Libia,libyan,race,berber,MF,63405
1939,360,"Popolazione libica residente secondo la religione, la razza e la lingua",census 1936 final,resident,Provincie italiane della Libia,libyan,race,cologhli,MF,31721
1939,360,"Popolazione libica residente secondo la religione, la razza e la lingua",census 1936 final,resident,Provincie italiane della Libia,libyan,race,negro,MF,19585
1939,360,"Popolazione libica residente secondo la religione, la razza e la lingua",census 1936 final,resident,Provincie italiane della Libia,libyan,race,other,MF,28919
1939,360,"Popolazione libica residente secondo la religione, la razza e la lingua",census 1936 final,resident,Provincie italiane della Libia,libyan,language,arabic,MF,668889
1939,360,"Popolazione libica residente secondo la religione, la razza e la lingua",census 1936 final,resident,Provincie italiane della Libia,libyan,language,berber,MF,33372
1939,360,"Popolazione libica residente secondo la religione, la razza e la lingua",census 1936 final,resident,Provincie italiane della Libia,libyan,language,other,MF,425
1939,360,"Popolazione libica residente secondo la religione, la razza e la lingua",census 1936 final,resident,Provincie italiane della Libia,libyan,speaks_italian,yes,MF,47651
1939,360,"Popolazione libica residente secondo la religione, la razza e la lingua",census 1936 final,resident,Territorio Militare del Sud,libyan,religion,muslim,MF,48149
1939,360,"Popolazione libica residente secondo la religione, la razza e la lingua",census 1936 final,resident,Territorio Militare del Sud,libyan,religion,jewish,MF,16
1939,360,"Popolazione libica residente secondo la religione, la razza e la lingua",census 1936 final,resident,Territorio Militare del Sud,libyan,religion,other,MF,0
1939,360,"Popolazione libica residente secondo la religione, la razza e la lingua",census 1936 final,resident,Territorio Militare del Sud,libyan,race,arab and arab-berber,MF,26846
1939,360,"Popolazione libica residente secondo la religione, la razza e la lingua",census 1936 final,resident,Territorio Militare del Sud,libyan,race,berber,MF,6769
1939,360,"Popolazione libica residente secondo la religione, la razza e la lingua",census 1936 final,resident,Territorio Militare del Sud,libyan,race,cologhli,MF,3341
1939,360,"Popolazione libica residente secondo la religione, la razza e la lingua",census 1936 final,resident,Territorio Militare del Sud,libyan,race,negro,MF,10494
1939,360,"Popolazione libica residente secondo la religione, la razza e la lingua",census 1936 final,resident,Territorio Militare del Sud,libyan,race,other,MF,715
1939,360,"Popolazione libica residente secondo la religione, la razza e la lingua",census 1936 final,resident,Territorio Militare del Sud,libyan,language,arabic,MF,43019
1939,360,"Popolazione libica residente secondo la religione, la razza e la lingua",census 1936 final,resident,Territorio Militare del Sud,libyan,language,berber,MF,4396
1939,360,"Popolazione libica residente secondo la religione, la razza e la lingua",census 1936 final,resident,Territorio Militare del Sud,libyan,language,other,MF,750
1939,360,"Popolazione libica residente secondo la religione, la razza e la lingua",census 1936 final,resident,Territorio Militare del Sud,libyan,speaks_italian,yes,MF,909
1939,360,"Popolazione libica residente secondo la religione, la razza e la lingua",census 1936 final,resident,LIBIA,libyan,religion,muslim,MF,722479
1939,360,"Popolazione libica residente secondo la religione, la razza e la lingua",census 1936 final,resident,LIBIA,libyan,religion,jewish,MF,28299
1939,360,"Popolazione libica residente secondo la religione, la razza e la lingua",census 1936 final,resident,LIBIA,libyan,religion,other,MF,73
1939,360,"Popolazione libica residente secondo la religione, la razza e la lingua",census 1936 final,resident,LIBIA,libyan,race,arab and arab-berber,MF,585902
1939,360,"Popolazione libica residente secondo la religione, la razza e la lingua",census 1936 final,resident,LIBIA,libyan,race,berber,MF,70174
1939,360,"Popolazione libica residente secondo la religione, la razza e la lingua",census 1936 final,resident,LIBIA,libyan,race,cologhli,MF,35062
1939,360,"Popolazione libica residente secondo la religione, la razza e la lingua",census 1936 final,resident,LIBIA,libyan,race,negro,MF,30079
1939,360,"Popolazione libica residente secondo la religione, la razza e la lingua",census 1936 final,resident,LIBIA,libyan,race,other,MF,29634
1939,360,"Popolazione libica residente secondo la religione, la razza e la lingua",census 1936 final,resident,LIBIA,libyan,language,arabic,MF,711908
1939,360,"Popolazione libica residente secondo la religione, la razza e la lingua",census 1936 final,resident,LIBIA,libyan,language,berber,MF,37768
1939,360,"Popolazione libica residente secondo la religione, la razza e la lingua",census 1936 final,resident,LIBIA,libyan,language,other,MF,1175
1939,360,"Popolazione libica residente secondo la religione, la razza e la lingua",census 1936 final,resident,LIBIA,libyan,speaks_italian,yes,MF,48560
1940,112,Popolazione libica residente secondo il tipo della dimora e il sesso,census 1936 final,resident,Provincia di Tripoli,libyan,dimora,all,MF,351774
1940,112,Popolazione libica residente secondo il tipo della dimora e il sesso,census 1936 final,resident,Provincia di Tripoli,libyan,dimora,all,F,169509
1940,112,Popolazione libica residente secondo il tipo della dimora e il sesso,census 1936 final,resident,Provincia di Tripoli,libyan,dimora,stabile,MF,287601
1940,112,Popolazione libica residente secondo il tipo della dimora e il sesso,census 1936 final,resident,Provincia di Tripoli,libyan,dimora,stabile,F,139423
1940,112,Popolazione libica residente secondo il tipo della dimora e il sesso,census 1936 final,resident,Provincia di Tripoli,libyan,dimora,seminomade,MF,35559
1940,112,Popolazione libica residente secondo il tipo della dimora e il sesso,census 1936 final,resident,Provincia di Tripoli,libyan,dimora,seminomade,F,16720
1940,112,Popolazione libica residente secondo il tipo della dimora e il sesso,census 1936 final,resident,Provincia di Tripoli,libyan,dimora,nomade,MF,28614
1940,112,Popolazione libica residente secondo il tipo della dimora e il sesso,census 1936 final,resident,Provincia di Tripoli,libyan,dimora,nomade,F,13366
1940,112,Popolazione libica residente secondo il tipo della dimora e il sesso,census 1936 final,resident,Provincia di Tripoli,libyan,dimora,all,M,182265
1940,112,Popolazione libica residente secondo il tipo della dimora e il sesso,census 1936 final,resident,Provincia di Misurata,libyan,dimora,all,MF,213486
1940,112,Popolazione libica residente secondo il tipo della dimora e il sesso,census 1936 final,resident,Provincia di Misurata,libyan,dimora,all,F,102256
1940,112,Popolazione libica residente secondo il tipo della dimora e il sesso,census 1936 final,resident,Provincia di Misurata,libyan,dimora,stabile,MF,177589
1940,112,Popolazione libica residente secondo il tipo della dimora e il sesso,census 1936 final,resident,Provincia di Misurata,libyan,dimora,stabile,F,85451
1940,112,Popolazione libica residente secondo il tipo della dimora e il sesso,census 1936 final,resident,Provincia di Misurata,libyan,dimora,seminomade,MF,35693
1940,112,Popolazione libica residente secondo il tipo della dimora e il sesso,census 1936 final,resident,Provincia di Misurata,libyan,dimora,seminomade,F,16715
1940,112,Popolazione libica residente secondo il tipo della dimora e il sesso,census 1936 final,resident,Provincia di Misurata,libyan,dimora,nomade,MF,204
1940,112,Popolazione libica residente secondo il tipo della dimora e il sesso,census 1936 final,resident,Provincia di Misurata,libyan,dimora,nomade,F,90
1940,112,Popolazione libica residente secondo il tipo della dimora e il sesso,census 1936 final,resident,Provincia di Misurata,libyan,dimora,all,M,111230
1940,112,Popolazione libica residente secondo il tipo della dimora e il sesso,census 1936 final,resident,Provincia di Bengasi,libyan,dimora,all,MF,96193
1940,112,Popolazione libica residente secondo il tipo della dimora e il sesso,census 1936 final,resident,Provincia di Bengasi,libyan,dimora,all,F,46129
1940,112,Popolazione libica residente secondo il tipo della dimora e il sesso,census 1936 final,resident,Provincia di Bengasi,libyan,dimora,stabile,MF,87452
1940,112,Popolazione libica residente secondo il tipo della dimora e il sesso,census 1936 final,resident,Provincia di Bengasi,libyan,dimora,stabile,F,42191
1940,112,Popolazione libica residente secondo il tipo della dimora e il sesso,census 1936 final,resident,Provincia di Bengasi,libyan,dimora,seminomade,MF,8741
1940,112,Popolazione libica residente secondo il tipo della dimora e il sesso,census 1936 final,resident,Provincia di Bengasi,libyan,dimora,seminomade,F,3938
1940,112,Popolazione libica residente secondo il tipo della dimora e il sesso,census 1936 final,resident,Provincia di Bengasi,libyan,dimora,nomade,MF,0
1940,112,Popolazione libica residente secondo il tipo della dimora e il sesso,census 1936 final,resident,Provincia di Bengasi,libyan,dimora,nomade,F,0
1940,112,Popolazione libica residente secondo il tipo della dimora e il sesso,census 1936 final,resident,Provincia di Bengasi,libyan,dimora,all,M,50064
1940,112,Popolazione libica residente secondo il tipo della dimora e il sesso,census 1936 final,resident,Provincia di Derna,libyan,dimora,all,MF,41233
1940,112,Popolazione libica residente secondo il tipo della dimora e il sesso,census 1936 final,resident,Provincia di Derna,libyan,dimora,all,F,19389
1940,112,Popolazione libica residente secondo il tipo della dimora e il sesso,census 1936 final,resident,Provincia di Derna,libyan,dimora,stabile,MF,34463
1940,112,Popolazione libica residente secondo il tipo della dimora e il sesso,census 1936 final,resident,Provincia di Derna,libyan,dimora,stabile,F,16326
1940,112,Popolazione libica residente secondo il tipo della dimora e il sesso,census 1936 final,resident,Provincia di Derna,libyan,dimora,seminomade,MF,6673
1940,112,Popolazione libica residente secondo il tipo della dimora e il sesso,census 1936 final,resident,Provincia di Derna,libyan,dimora,seminomade,F,3022
1940,112,Popolazione libica residente secondo il tipo della dimora e il sesso,census 1936 final,resident,Provincia di Derna,libyan,dimora,nomade,MF,97
1940,112,Popolazione libica residente secondo il tipo della dimora e il sesso,census 1936 final,resident,Provincia di Derna,libyan,dimora,nomade,F,41
1940,112,Popolazione libica residente secondo il tipo della dimora e il sesso,census 1936 final,resident,Provincia di Derna,libyan,dimora,all,M,21844
1940,112,Popolazione libica residente secondo il tipo della dimora e il sesso,census 1936 final,resident,Provincie italiane della Libia,libyan,dimora,all,MF,702686
1940,112,Popolazione libica residente secondo il tipo della dimora e il sesso,census 1936 final,resident,Provincie italiane della Libia,libyan,dimora,all,F,337283
1940,112,Popolazione libica residente secondo il tipo della dimora e il sesso,census 1936 final,resident,Provincie italiane della Libia,libyan,dimora,stabile,MF,587105
1940,112,Popolazione libica residente secondo il tipo della dimora e il sesso,census 1936 final,resident,Provincie italiane della Libia,libyan,dimora,stabile,F,283391
1940,112,Popolazione libica residente secondo il tipo della dimora e il sesso,census 1936 final,resident,Provincie italiane della Libia,libyan,dimora,seminomade,MF,86666
1940,112,Popolazione libica residente secondo il tipo della dimora e il sesso,census 1936 final,resident,Provincie italiane della Libia,libyan,dimora,seminomade,F,40395
1940,112,Popolazione libica residente secondo il tipo della dimora e il sesso,census 1936 final,resident,Provincie italiane della Libia,libyan,dimora,nomade,MF,28915
1940,112,Popolazione libica residente secondo il tipo della dimora e il sesso,census 1936 final,resident,Provincie italiane della Libia,libyan,dimora,nomade,F,13497
1940,112,Popolazione libica residente secondo il tipo della dimora e il sesso,census 1936 final,resident,Provincie italiane della Libia,libyan,dimora,all,M,365403
1940,112,Popolazione libica residente secondo il tipo della dimora e il sesso,census 1936 final,resident,Territorio Militare del Sud,libyan,dimora,all,MF,48165
1940,112,Popolazione libica residente secondo il tipo della dimora e il sesso,census 1936 final,resident,Territorio Militare del Sud,libyan,dimora,all,F,24620
1940,112,Popolazione libica residente secondo il tipo della dimora e il sesso,census 1936 final,resident,Territorio Militare del Sud,libyan,dimora,stabile,MF,42840
1940,112,Popolazione libica residente secondo il tipo della dimora e il sesso,census 1936 final,resident,Territorio Militare del Sud,libyan,dimora,stabile,F,22055
1940,112,Popolazione libica residente secondo il tipo della dimora e il sesso,census 1936 final,resident,Territorio Militare del Sud,libyan,dimora,seminomade,MF,2024
1940,112,Popolazione libica residente secondo il tipo della dimora e il sesso,census 1936 final,resident,Territorio Militare del Sud,libyan,dimora,seminomade,F,960
1940,112,Popolazione libica residente secondo il tipo della dimora e il sesso,census 1936 final,resident,Territorio Militare del Sud,libyan,dimora,nomade,MF,3301
1940,112,Popolazione libica residente secondo il tipo della dimora e il sesso,census 1936 final,resident,Territorio Militare del Sud,libyan,dimora,nomade,F,1605
1940,112,Popolazione libica residente secondo il tipo della dimora e il sesso,census 1936 final,resident,Territorio Militare del Sud,libyan,dimora,all,M,23545
1940,112,Popolazione libica residente secondo il tipo della dimora e il sesso,census 1936 final,resident,LIBIA,libyan,dimora,all,MF,750851
1940,112,Popolazione libica residente secondo il tipo della dimora e il sesso,census 1936 final,resident,LIBIA,libyan,dimora,all,F,361903
1940,112,Popolazione libica residente secondo il tipo della dimora e il sesso,census 1936 final,resident,LIBIA,libyan,dimora,stabile,MF,629945
1940,112,Popolazione libica residente secondo il tipo della dimora e il sesso,census 1936 final,resident,LIBIA,libyan,dimora,stabile,F,305446
1940,112,Popolazione libica residente secondo il tipo della dimora e il sesso,census 1936 final,resident,LIBIA,libyan,dimora,seminomade,MF,88690
1940,112,Popolazione libica residente secondo il tipo della dimora e il sesso,census 1936 final,resident,LIBIA,libyan,dimora,seminomade,F,41355
1940,112,Popolazione libica residente secondo il tipo della dimora e il sesso,census 1936 final,resident,LIBIA,libyan,dimora,nomade,MF,32216
1940,112,Popolazione libica residente secondo il tipo della dimora e il sesso,census 1936 final,resident,LIBIA,libyan,dimora,nomade,F,15102
1940,112,Popolazione libica residente secondo il tipo della dimora e il sesso,census 1936 final,resident,LIBIA,libyan,dimora,all,M,388948
1940,112,"Popolazione libica residente secondo la religione, la razza e la lingua",census 1936 final,resident,Provincia di Tripoli,libyan,religion,muslim,MF,330744
1940,112,"Popolazione libica residente secondo la religione, la razza e la lingua",census 1936 final,resident,Provincia di Tripoli,libyan,religion,jewish,MF,21005
1940,112,"Popolazione libica residente secondo la religione, la razza e la lingua",census 1936 final,resident,Provincia di Tripoli,libyan,religion,other,MF,25
1940,112,"Popolazione libica residente secondo la religione, la razza e la lingua",census 1936 final,resident,Provincia di Tripoli,libyan,race,arab and arab-berber,MF,278312
1940,112,"Popolazione libica residente secondo la religione, la razza e la lingua",census 1936 final,resident,Provincia di Tripoli,libyan,race,berber,MF,34639
1940,112,"Popolazione libica residente secondo la religione, la razza e la lingua",census 1936 final,resident,Provincia di Tripoli,libyan,race,cologhli,MF,5848
1940,112,"Popolazione libica residente secondo la religione, la razza e la lingua",census 1936 final,resident,Provincia di Tripoli,libyan,race,negro,MF,11831
1940,112,"Popolazione libica residente secondo la religione, la razza e la lingua",census 1936 final,resident,Provincia di Tripoli,libyan,race,other,MF,21144
1940,112,"Popolazione libica residente secondo la religione, la razza e la lingua",census 1936 final,resident,Provincia di Tripoli,libyan,language,arabic,MF,319810
1940,112,"Popolazione libica residente secondo la religione, la razza e la lingua",census 1936 final,resident,Provincia di Tripoli,libyan,language,berber,MF,31888
1940,112,"Popolazione libica residente secondo la religione, la razza e la lingua",census 1936 final,resident,Provincia di Tripoli,libyan,language,other,MF,76
1940,112,"Popolazione libica residente secondo la religione, la razza e la lingua",census 1936 final,resident,Provincia di Tripoli,libyan,speaks_italian,yes,MF,24947
1940,112,"Popolazione libica residente secondo la religione, la razza e la lingua",census 1936 final,resident,Provincia di Misurata,libyan,religion,muslim,MF,210383
1940,112,"Popolazione libica residente secondo la religione, la razza e la lingua",census 1936 final,resident,Provincia di Misurata,libyan,religion,jewish,MF,3096
1940,112,"Popolazione libica residente secondo la religione, la razza e la lingua",census 1936 final,resident,Provincia di Misurata,libyan,religion,other,MF,7
1940,112,"Popolazione libica residente secondo la religione, la razza e la lingua",census 1936 final,resident,Provincia di Misurata,libyan,race,arab and arab-berber,MF,149725
1940,112,"Popolazione libica residente secondo la religione, la razza e la lingua",census 1936 final,resident,Provincia di Misurata,libyan,race,berber,MF,28651
1940,112,"Popolazione libica residente secondo la religione, la razza e la lingua",census 1936 final,resident,Provincia di Misurata,libyan,race,cologhli,MF,24820
1940,112,"Popolazione libica residente secondo la religione, la razza e la lingua",census 1936 final,resident,Provincia di Misurata,libyan,race,negro,MF,7166
1940,112,"Popolazione libica residente secondo la religione, la razza e la lingua",census 1936 final,resident,Provincia di Misurata,libyan,race,other,MF,3124
1940,112,"Popolazione libica residente secondo la religione, la razza e la lingua",census 1936 final,resident,Provincia di Misurata,libyan,language,arabic,MF,213447
1940,112,"Popolazione libica residente secondo la religione, la razza e la lingua",census 1936 final,resident,Provincia di Misurata,libyan,language,berber,MF,37
1940,112,"Popolazione libica residente secondo la religione, la razza e la lingua",census 1936 final,resident,Provincia di Misurata,libyan,language,other,MF,2
1940,112,"Popolazione libica residente secondo la religione, la razza e la lingua",census 1936 final,resident,Provincia di Misurata,libyan,speaks_italian,yes,MF,4094
1940,112,"Popolazione libica residente secondo la religione, la razza e la lingua",census 1936 final,resident,Provincia di Bengasi,libyan,religion,muslim,MF,92688
1940,112,"Popolazione libica residente secondo la religione, la razza e la lingua",census 1936 final,resident,Provincia di Bengasi,libyan,religion,jewish,MF,3468
1940,112,"Popolazione libica residente secondo la religione, la razza e la lingua",census 1936 final,resident,Provincia di Bengasi,libyan,religion,other,MF,37
1940,112,"Popolazione libica residente secondo la religione, la razza e la lingua",census 1936 final,resident,Provincia di Bengasi,libyan,race,arab and arab-berber,MF,92108
1940,112,"Popolazione libica residente secondo la religione, la razza e la lingua",census 1936 final,resident,Provincia di Bengasi,libyan,race,berber,MF,9
1940,112,"Popolazione libica residente secondo la religione, la razza e la lingua",census 1936 final,resident,Provincia di Bengasi,libyan,race,cologhli,MF,323
1940,112,"Popolazione libica residente secondo la religione, la razza e la lingua",census 1936 final,resident,Provincia di Bengasi,libyan,race,negro,MF,284
1940,112,"Popolazione libica residente secondo la religione, la razza e la lingua",census 1936 final,resident,Provincia di Bengasi,libyan,race,other,MF,3469
1940,112,"Popolazione libica residente secondo la religione, la razza e la lingua",census 1936 final,resident,Provincia di Bengasi,libyan,language,arabic,MF,94743
1940,112,"Popolazione libica residente secondo la religione, la razza e la lingua",census 1936 final,resident,Provincia di Bengasi,libyan,language,berber,MF,1447
1940,112,"Popolazione libica residente secondo la religione, la razza e la lingua",census 1936 final,resident,Provincia di Bengasi,libyan,language,other,MF,3
1940,112,"Popolazione libica residente secondo la religione, la razza e la lingua",census 1936 final,resident,Provincia di Bengasi,libyan,speaks_italian,yes,MF,12121
1940,112,"Popolazione libica residente secondo la religione, la razza e la lingua",census 1936 final,resident,Provincia di Derna,libyan,religion,muslim,MF,40515
1940,112,"Popolazione libica residente secondo la religione, la razza e la lingua",census 1936 final,resident,Provincia di Derna,libyan,religion,jewish,MF,714
1940,112,"Popolazione libica residente secondo la religione, la razza e la lingua",census 1936 final,resident,Provincia di Derna,libyan,religion,other,MF,4
1940,112,"Popolazione libica residente secondo la religione, la razza e la lingua",census 1936 final,resident,Provincia di Derna,libyan,race,arab and arab-berber,MF,38911
1940,112,"Popolazione libica residente secondo la religione, la razza e la lingua",census 1936 final,resident,Provincia di Derna,libyan,race,berber,MF,106
1940,112,"Popolazione libica residente secondo la religione, la razza e la lingua",census 1936 final,resident,Provincia di Derna,libyan,race,cologhli,MF,730
1940,112,"Popolazione libica residente secondo la religione, la razza e la lingua",census 1936 final,resident,Provincia di Derna,libyan,race,negro,MF,304
1940,112,"Popolazione libica residente secondo la religione, la razza e la lingua",census 1936 final,resident,Provincia di Derna,libyan,race,other,MF,1182
1940,112,"Popolazione libica residente secondo la religione, la razza e la lingua",census 1936 final,resident,Provincia di Derna,libyan,language,arabic,MF,40889
1940,112,"Popolazione libica residente secondo la religione, la razza e la lingua",census 1936 final,resident,Provincia di Derna,libyan,language,berber,MF,0
1940,112,"Popolazione libica residente secondo la religione, la razza e la lingua",census 1936 final,resident,Provincia di Derna,libyan,language,other,MF,344
1940,112,"Popolazione libica residente secondo la religione, la razza e la lingua",census 1936 final,resident,Provincia di Derna,libyan,speaks_italian,yes,MF,6489
1940,112,"Popolazione libica residente secondo la religione, la razza e la lingua",census 1936 final,resident,Provincie italiane della Libia,libyan,religion,muslim,MF,674330
1940,112,"Popolazione libica residente secondo la religione, la razza e la lingua",census 1936 final,resident,Provincie italiane della Libia,libyan,religion,jewish,MF,28283
1940,112,"Popolazione libica residente secondo la religione, la razza e la lingua",census 1936 final,resident,Provincie italiane della Libia,libyan,religion,other,MF,73
1940,112,"Popolazione libica residente secondo la religione, la razza e la lingua",census 1936 final,resident,Provincie italiane della Libia,libyan,race,arab and arab-berber,MF,559056
1940,112,"Popolazione libica residente secondo la religione, la razza e la lingua",census 1936 final,resident,Provincie italiane della Libia,libyan,race,berber,MF,63405
1940,112,"Popolazione libica residente secondo la religione, la razza e la lingua",census 1936 final,resident,Provincie italiane della Libia,libyan,race,cologhli,MF,31721
1940,112,"Popolazione libica residente secondo la religione, la razza e la lingua",census 1936 final,resident,Provincie italiane della Libia,libyan,race,negro,MF,19585
1940,112,"Popolazione libica residente secondo la religione, la razza e la lingua",census 1936 final,resident,Provincie italiane della Libia,libyan,race,other,MF,28919
1940,112,"Popolazione libica residente secondo la religione, la razza e la lingua",census 1936 final,resident,Provincie italiane della Libia,libyan,language,arabic,MF,668889
1940,112,"Popolazione libica residente secondo la religione, la razza e la lingua",census 1936 final,resident,Provincie italiane della Libia,libyan,language,berber,MF,33372
1940,112,"Popolazione libica residente secondo la religione, la razza e la lingua",census 1936 final,resident,Provincie italiane della Libia,libyan,language,other,MF,425
1940,112,"Popolazione libica residente secondo la religione, la razza e la lingua",census 1936 final,resident,Provincie italiane della Libia,libyan,speaks_italian,yes,MF,47651
1940,112,"Popolazione libica residente secondo la religione, la razza e la lingua",census 1936 final,resident,Territorio Militare del Sud,libyan,religion,muslim,MF,48149
1940,112,"Popolazione libica residente secondo la religione, la razza e la lingua",census 1936 final,resident,Territorio Militare del Sud,libyan,religion,jewish,MF,16
1940,112,"Popolazione libica residente secondo la religione, la razza e la lingua",census 1936 final,resident,Territorio Militare del Sud,libyan,religion,other,MF,0
1940,112,"Popolazione libica residente secondo la religione, la razza e la lingua",census 1936 final,resident,Territorio Militare del Sud,libyan,race,arab and arab-berber,MF,26846
1940,112,"Popolazione libica residente secondo la religione, la razza e la lingua",census 1936 final,resident,Territorio Militare del Sud,libyan,race,berber,MF,6769
1940,112,"Popolazione libica residente secondo la religione, la razza e la lingua",census 1936 final,resident,Territorio Militare del Sud,libyan,race,cologhli,MF,3341
1940,112,"Popolazione libica residente secondo la religione, la razza e la lingua",census 1936 final,resident,Territorio Militare del Sud,libyan,race,negro,MF,10494
1940,112,"Popolazione libica residente secondo la religione, la razza e la lingua",census 1936 final,resident,Territorio Militare del Sud,libyan,race,other,MF,715
1940,112,"Popolazione libica residente secondo la religione, la razza e la lingua",census 1936 final,resident,Territorio Militare del Sud,libyan,language,arabic,MF,43019
1940,112,"Popolazione libica residente secondo la religione, la razza e la lingua",census 1936 final,resident,Territorio Militare del Sud,libyan,language,berber,MF,4396
1940,112,"Popolazione libica residente secondo la religione, la razza e la lingua",census 1936 final,resident,Territorio Militare del Sud,libyan,language,other,MF,750
1940,112,"Popolazione libica residente secondo la religione, la razza e la lingua",census 1936 final,resident,Territorio Militare del Sud,libyan,speaks_italian,yes,MF,909
1940,112,"Popolazione libica residente secondo la religione, la razza e la lingua",census 1936 final,resident,LIBIA,libyan,religion,muslim,MF,722479
1940,112,"Popolazione libica residente secondo la religione, la razza e la lingua",census 1936 final,resident,LIBIA,libyan,religion,jewish,MF,28299
1940,112,"Popolazione libica residente secondo la religione, la razza e la lingua",census 1936 final,resident,LIBIA,libyan,religion,other,MF,73
1940,112,"Popolazione libica residente secondo la religione, la razza e la lingua",census 1936 final,resident,LIBIA,libyan,race,arab and arab-berber,MF,585902
1940,112,"Popolazione libica residente secondo la religione, la razza e la lingua",census 1936 final,resident,LIBIA,libyan,race,berber,MF,70174
1940,112,"Popolazione libica residente secondo la religione, la razza e la lingua",census 1936 final,resident,LIBIA,libyan,race,cologhli,MF,35062
1940,112,"Popolazione libica residente secondo la religione, la razza e la lingua",census 1936 final,resident,LIBIA,libyan,race,negro,MF,30079
1940,112,"Popolazione libica residente secondo la religione, la razza e la lingua",census 1936 final,resident,LIBIA,libyan,race,other,MF,29634
1940,112,"Popolazione libica residente secondo la religione, la razza e la lingua",census 1936 final,resident,LIBIA,libyan,language,arabic,MF,711908
1940,112,"Popolazione libica residente secondo la religione, la razza e la lingua",census 1936 final,resident,LIBIA,libyan,language,berber,MF,37768
1940,112,"Popolazione libica residente secondo la religione, la razza e la lingua",census 1936 final,resident,LIBIA,libyan,language,other,MF,1175
1940,112,"Popolazione libica residente secondo la religione, la razza e la lingua",census 1936 final,resident,LIBIA,libyan,speaks_italian,yes,MF,48560
1940,112,Popolazione libica residente secondo il sesso e lo stato civile,census 1936 final,resident,Provincia di Tripoli,libyan,civil_status,single,MF,180397
1940,112,Popolazione libica residente secondo il sesso e lo stato civile,census 1936 final,resident,Provincia di Tripoli,libyan,civil_status,single,F,77247
1940,112,Popolazione libica residente secondo il sesso e lo stato civile,census 1936 final,resident,Provincia di Tripoli,libyan,civil_status,married,MF,150962
1940,112,Popolazione libica residente secondo il sesso e lo stato civile,census 1936 final,resident,Provincia di Tripoli,libyan,civil_status,married,F,76653
1940,112,Popolazione libica residente secondo il sesso e lo stato civile,census 1936 final,resident,Provincia di Tripoli,libyan,civil_status,widowed,MF,18600
1940,112,Popolazione libica residente secondo il sesso e lo stato civile,census 1936 final,resident,Provincia di Tripoli,libyan,civil_status,widowed,F,14576
1940,112,Popolazione libica residente secondo il sesso e lo stato civile,census 1936 final,resident,Provincia di Tripoli,libyan,civil_status,divorced,MF,1796
1940,112,Popolazione libica residente secondo il sesso e lo stato civile,census 1936 final,resident,Provincia di Tripoli,libyan,civil_status,divorced,F,1024
1940,112,Popolazione libica residente secondo il sesso e lo stato civile,census 1936 final,resident,Provincia di Tripoli,libyan,civil_status,unknown,MF,19
1940,112,Popolazione libica residente secondo il sesso e lo stato civile,census 1936 final,resident,Provincia di Tripoli,libyan,civil_status,unknown,F,9
1940,112,Popolazione libica residente secondo il sesso e lo stato civile,census 1936 final,resident,Provincia di Misurata,libyan,civil_status,single,MF,105291
1940,112,Popolazione libica residente secondo il sesso e lo stato civile,census 1936 final,resident,Provincia di Misurata,libyan,civil_status,single,F,43283
1940,112,Popolazione libica residente secondo il sesso e lo stato civile,census 1936 final,resident,Provincia di Misurata,libyan,civil_status,married,MF,95499
1940,112,Popolazione libica residente secondo il sesso e lo stato civile,census 1936 final,resident,Provincia di Misurata,libyan,civil_status,married,F,48611
1940,112,Popolazione libica residente secondo il sesso e lo stato civile,census 1936 final,resident,Provincia di Misurata,libyan,civil_status,widowed,MF,11643
1940,112,Popolazione libica residente secondo il sesso e lo stato civile,census 1936 final,resident,Provincia di Misurata,libyan,civil_status,widowed,F,9833
1940,112,Popolazione libica residente secondo il sesso e lo stato civile,census 1936 final,resident,Provincia di Misurata,libyan,civil_status,divorced,MF,1044
1940,112,Popolazione libica residente secondo il sesso e lo stato civile,census 1936 final,resident,Provincia di Misurata,libyan,civil_status,divorced,F,522
1940,112,Popolazione libica residente secondo il sesso e lo stato civile,census 1936 final,resident,Provincia di Misurata,libyan,civil_status,unknown,MF,9
1940,112,Popolazione libica residente secondo il sesso e lo stato civile,census 1936 final,resident,Provincia di Misurata,libyan,civil_status,unknown,F,7
1940,112,Popolazione libica residente secondo il sesso e lo stato civile,census 1936 final,resident,Provincia di Bengasi,libyan,civil_status,single,MF,45752
1940,112,Popolazione libica residente secondo il sesso e lo stato civile,census 1936 final,resident,Provincia di Bengasi,libyan,civil_status,single,F,18494
1940,112,Popolazione libica residente secondo il sesso e lo stato civile,census 1936 final,resident,Provincia di Bengasi,libyan,civil_status,married,MF,41295
1940,112,Popolazione libica residente secondo il sesso e lo stato civile,census 1936 final,resident,Provincia di Bengasi,libyan,civil_status,married,F,20961
1940,112,Popolazione libica residente secondo il sesso e lo stato civile,census 1936 final,resident,Provincia di Bengasi,libyan,civil_status,widowed,MF,7043
1940,112,Popolazione libica residente secondo il sesso e lo stato civile,census 1936 final,resident,Provincia di Bengasi,libyan,civil_status,widowed,F,5425
1940,112,Popolazione libica residente secondo il sesso e lo stato civile,census 1936 final,resident,Provincia di Bengasi,libyan,civil_status,divorced,MF,2098
1940,112,Popolazione libica residente secondo il sesso e lo stato civile,census 1936 final,resident,Provincia di Bengasi,libyan,civil_status,divorced,F,1246
1940,112,Popolazione libica residente secondo il sesso e lo stato civile,census 1936 final,resident,Provincia di Bengasi,libyan,civil_status,unknown,MF,5
1940,112,Popolazione libica residente secondo il sesso e lo stato civile,census 1936 final,resident,Provincia di Bengasi,libyan,civil_status,unknown,F,3
1940,112,Popolazione libica residente secondo il sesso e lo stato civile,census 1936 final,resident,Provincia di Derna,libyan,civil_status,single,MF,20079
1940,112,Popolazione libica residente secondo il sesso e lo stato civile,census 1936 final,resident,Provincia di Derna,libyan,civil_status,single,F,7889
1940,112,Popolazione libica residente secondo il sesso e lo stato civile,census 1936 final,resident,Provincia di Derna,libyan,civil_status,married,MF,17155
1940,112,Popolazione libica residente secondo il sesso e lo stato civile,census 1936 final,resident,Provincia di Derna,libyan,civil_status,married,F,8716
1940,112,Popolazione libica residente secondo il sesso e lo stato civile,census 1936 final,resident,Provincia di Derna,libyan,civil_status,widowed,MF,3084
1940,112,Popolazione libica residente secondo il sesso e lo stato civile,census 1936 final,resident,Provincia di Derna,libyan,civil_status,widowed,F,2304
1940,112,Popolazione libica residente secondo il sesso e lo stato civile,census 1936 final,resident,Provincia di Derna,libyan,civil_status,divorced,MF,914
1940,112,Popolazione libica residente secondo il sesso e lo stato civile,census 1936 final,resident,Provincia di Derna,libyan,civil_status,divorced,F,480
1940,112,Popolazione libica residente secondo il sesso e lo stato civile,census 1936 final,resident,Provincia di Derna,libyan,civil_status,unknown,MF,1
1940,112,Popolazione libica residente secondo il sesso e lo stato civile,census 1936 final,resident,Provincia di Derna,libyan,civil_status,unknown,F,0
1940,112,Popolazione libica residente secondo il sesso e lo stato civile,census 1936 final,resident,Provincie italiane della Libia,libyan,civil_status,single,MF,351519
1940,112,Popolazione libica residente secondo il sesso e lo stato civile,census 1936 final,resident,Provincie italiane della Libia,libyan,civil_status,single,F,146913
1940,112,Popolazione libica residente secondo il sesso e lo stato civile,census 1936 final,resident,Provincie italiane della Libia,libyan,civil_status,married,MF,304911
1940,112,Popolazione libica residente secondo il sesso e lo stato civile,census 1936 final,resident,Provincie italiane della Libia,libyan,civil_status,married,F,154941
1940,112,Popolazione libica residente secondo il sesso e lo stato civile,census 1936 final,resident,Provincie italiane della Libia,libyan,civil_status,widowed,MF,40370
1940,112,Popolazione libica residente secondo il sesso e lo stato civile,census 1936 final,resident,Provincie italiane della Libia,libyan,civil_status,widowed,F,32138
1940,112,Popolazione libica residente secondo il sesso e lo stato civile,census 1936 final,resident,Provincie italiane della Libia,libyan,civil_status,divorced,MF,5852
1940,112,Popolazione libica residente secondo il sesso e lo stato civile,census 1936 final,resident,Provincie italiane della Libia,libyan,civil_status,divorced,F,3272
1940,112,Popolazione libica residente secondo il sesso e lo stato civile,census 1936 final,resident,Provincie italiane della Libia,libyan,civil_status,unknown,MF,34
1940,112,Popolazione libica residente secondo il sesso e lo stato civile,census 1936 final,resident,Provincie italiane della Libia,libyan,civil_status,unknown,F,19
1940,112,Popolazione libica residente secondo il sesso e lo stato civile,census 1936 final,resident,Territorio Militare del Sud,libyan,civil_status,single,MF,24492
1940,112,Popolazione libica residente secondo il sesso e lo stato civile,census 1936 final,resident,Territorio Militare del Sud,libyan,civil_status,single,F,10519
1940,112,Popolazione libica residente secondo il sesso e lo stato civile,census 1936 final,resident,Territorio Militare del Sud,libyan,civil_status,married,MF,18874
1940,112,Popolazione libica residente secondo il sesso e lo stato civile,census 1936 final,resident,Territorio Militare del Sud,libyan,civil_status,married,F,9826
1940,112,Popolazione libica residente secondo il sesso e lo stato civile,census 1936 final,resident,Territorio Militare del Sud,libyan,civil_status,widowed,MF,3807
1940,112,Popolazione libica residente secondo il sesso e lo stato civile,census 1936 final,resident,Territorio Militare del Sud,libyan,civil_status,widowed,F,3483
1940,112,Popolazione libica residente secondo il sesso e lo stato civile,census 1936 final,resident,Territorio Militare del Sud,libyan,civil_status,divorced,MF,989
1940,112,Popolazione libica residente secondo il sesso e lo stato civile,census 1936 final,resident,Territorio Militare del Sud,libyan,civil_status,divorced,F,789
1940,112,Popolazione libica residente secondo il sesso e lo stato civile,census 1936 final,resident,Territorio Militare del Sud,libyan,civil_status,unknown,MF,3
1940,112,Popolazione libica residente secondo il sesso e lo stato civile,census 1936 final,resident,Territorio Militare del Sud,libyan,civil_status,unknown,F,3
1940,112,Popolazione libica residente secondo il sesso e lo stato civile,census 1936 final,resident,LIBIA,libyan,civil_status,single,MF,376011
1940,112,Popolazione libica residente secondo il sesso e lo stato civile,census 1936 final,resident,LIBIA,libyan,civil_status,single,F,157432
1940,112,Popolazione libica residente secondo il sesso e lo stato civile,census 1936 final,resident,LIBIA,libyan,civil_status,married,MF,323785
1940,112,Popolazione libica residente secondo il sesso e lo stato civile,census 1936 final,resident,LIBIA,libyan,civil_status,married,F,164767
1940,112,Popolazione libica residente secondo il sesso e lo stato civile,census 1936 final,resident,LIBIA,libyan,civil_status,widowed,MF,44177
1940,112,Popolazione libica residente secondo il sesso e lo stato civile,census 1936 final,resident,LIBIA,libyan,civil_status,widowed,F,35621
1940,112,Popolazione libica residente secondo il sesso e lo stato civile,census 1936 final,resident,LIBIA,libyan,civil_status,divorced,MF,6841
1940,112,Popolazione libica residente secondo il sesso e lo stato civile,census 1936 final,resident,LIBIA,libyan,civil_status,divorced,F,4061
1940,112,Popolazione libica residente secondo il sesso e lo stato civile,census 1936 final,resident,LIBIA,libyan,civil_status,unknown,MF,37
1940,112,Popolazione libica residente secondo il sesso e lo stato civile,census 1936 final,resident,LIBIA,libyan,civil_status,unknown,F,22
1943,214,Popolazione libica residente secondo il tipo della dimora e il sesso,census 1936 final,resident,Provincia di Tripoli,libyan,dimora,all,MF,351774
1943,214,Popolazione libica residente secondo il tipo della dimora e il sesso,census 1936 final,resident,Provincia di Tripoli,libyan,dimora,all,F,169509
1943,214,Popolazione libica residente secondo il tipo della dimora e il sesso,census 1936 final,resident,Provincia di Tripoli,libyan,dimora,stabile,MF,287601
1943,214,Popolazione libica residente secondo il tipo della dimora e il sesso,census 1936 final,resident,Provincia di Tripoli,libyan,dimora,stabile,F,139423
1943,214,Popolazione libica residente secondo il tipo della dimora e il sesso,census 1936 final,resident,Provincia di Tripoli,libyan,dimora,seminomade,MF,35559
1943,214,Popolazione libica residente secondo il tipo della dimora e il sesso,census 1936 final,resident,Provincia di Tripoli,libyan,dimora,seminomade,F,16720
1943,214,Popolazione libica residente secondo il tipo della dimora e il sesso,census 1936 final,resident,Provincia di Tripoli,libyan,dimora,nomade,MF,28614
1943,214,Popolazione libica residente secondo il tipo della dimora e il sesso,census 1936 final,resident,Provincia di Tripoli,libyan,dimora,nomade,F,13366
1943,214,Popolazione libica residente secondo il tipo della dimora e il sesso,census 1936 final,resident,Provincia di Tripoli,libyan,dimora,all,M,182265
1943,214,Popolazione libica residente secondo il tipo della dimora e il sesso,census 1936 final,resident,Provincia di Misurata,libyan,dimora,all,MF,213486
1943,214,Popolazione libica residente secondo il tipo della dimora e il sesso,census 1936 final,resident,Provincia di Misurata,libyan,dimora,all,F,102256
1943,214,Popolazione libica residente secondo il tipo della dimora e il sesso,census 1936 final,resident,Provincia di Misurata,libyan,dimora,stabile,MF,177589
1943,214,Popolazione libica residente secondo il tipo della dimora e il sesso,census 1936 final,resident,Provincia di Misurata,libyan,dimora,stabile,F,85451
1943,214,Popolazione libica residente secondo il tipo della dimora e il sesso,census 1936 final,resident,Provincia di Misurata,libyan,dimora,seminomade,MF,35693
1943,214,Popolazione libica residente secondo il tipo della dimora e il sesso,census 1936 final,resident,Provincia di Misurata,libyan,dimora,seminomade,F,16715
1943,214,Popolazione libica residente secondo il tipo della dimora e il sesso,census 1936 final,resident,Provincia di Misurata,libyan,dimora,nomade,MF,204
1943,214,Popolazione libica residente secondo il tipo della dimora e il sesso,census 1936 final,resident,Provincia di Misurata,libyan,dimora,nomade,F,90
1943,214,Popolazione libica residente secondo il tipo della dimora e il sesso,census 1936 final,resident,Provincia di Misurata,libyan,dimora,all,M,111230
1943,214,Popolazione libica residente secondo il tipo della dimora e il sesso,census 1936 final,resident,Provincia di Bengasi,libyan,dimora,all,MF,96193
1943,214,Popolazione libica residente secondo il tipo della dimora e il sesso,census 1936 final,resident,Provincia di Bengasi,libyan,dimora,all,F,46129
1943,214,Popolazione libica residente secondo il tipo della dimora e il sesso,census 1936 final,resident,Provincia di Bengasi,libyan,dimora,stabile,MF,87452
1943,214,Popolazione libica residente secondo il tipo della dimora e il sesso,census 1936 final,resident,Provincia di Bengasi,libyan,dimora,stabile,F,42191
1943,214,Popolazione libica residente secondo il tipo della dimora e il sesso,census 1936 final,resident,Provincia di Bengasi,libyan,dimora,seminomade,MF,8741
1943,214,Popolazione libica residente secondo il tipo della dimora e il sesso,census 1936 final,resident,Provincia di Bengasi,libyan,dimora,seminomade,F,3938
1943,214,Popolazione libica residente secondo il tipo della dimora e il sesso,census 1936 final,resident,Provincia di Bengasi,libyan,dimora,nomade,MF,0
1943,214,Popolazione libica residente secondo il tipo della dimora e il sesso,census 1936 final,resident,Provincia di Bengasi,libyan,dimora,nomade,F,0
1943,214,Popolazione libica residente secondo il tipo della dimora e il sesso,census 1936 final,resident,Provincia di Bengasi,libyan,dimora,all,M,50064
1943,214,Popolazione libica residente secondo il tipo della dimora e il sesso,census 1936 final,resident,Provincia di Derna,libyan,dimora,all,MF,41233
1943,214,Popolazione libica residente secondo il tipo della dimora e il sesso,census 1936 final,resident,Provincia di Derna,libyan,dimora,all,F,19389
1943,214,Popolazione libica residente secondo il tipo della dimora e il sesso,census 1936 final,resident,Provincia di Derna,libyan,dimora,stabile,MF,34463
1943,214,Popolazione libica residente secondo il tipo della dimora e il sesso,census 1936 final,resident,Provincia di Derna,libyan,dimora,stabile,F,16326
1943,214,Popolazione libica residente secondo il tipo della dimora e il sesso,census 1936 final,resident,Provincia di Derna,libyan,dimora,seminomade,MF,6673
1943,214,Popolazione libica residente secondo il tipo della dimora e il sesso,census 1936 final,resident,Provincia di Derna,libyan,dimora,seminomade,F,3022
1943,214,Popolazione libica residente secondo il tipo della dimora e il sesso,census 1936 final,resident,Provincia di Derna,libyan,dimora,nomade,MF,97
1943,214,Popolazione libica residente secondo il tipo della dimora e il sesso,census 1936 final,resident,Provincia di Derna,libyan,dimora,nomade,F,41
1943,214,Popolazione libica residente secondo il tipo della dimora e il sesso,census 1936 final,resident,Provincia di Derna,libyan,dimora,all,M,21844
1943,214,Popolazione libica residente secondo il tipo della dimora e il sesso,census 1936 final,resident,Provincie italiane della Libia,libyan,dimora,all,MF,702686
1943,214,Popolazione libica residente secondo il tipo della dimora e il sesso,census 1936 final,resident,Provincie italiane della Libia,libyan,dimora,all,F,337283
1943,214,Popolazione libica residente secondo il tipo della dimora e il sesso,census 1936 final,resident,Provincie italiane della Libia,libyan,dimora,stabile,MF,587105
1943,214,Popolazione libica residente secondo il tipo della dimora e il sesso,census 1936 final,resident,Provincie italiane della Libia,libyan,dimora,stabile,F,283391
1943,214,Popolazione libica residente secondo il tipo della dimora e il sesso,census 1936 final,resident,Provincie italiane della Libia,libyan,dimora,seminomade,MF,86666
1943,214,Popolazione libica residente secondo il tipo della dimora e il sesso,census 1936 final,resident,Provincie italiane della Libia,libyan,dimora,seminomade,F,40395
1943,214,Popolazione libica residente secondo il tipo della dimora e il sesso,census 1936 final,resident,Provincie italiane della Libia,libyan,dimora,nomade,MF,28915
1943,214,Popolazione libica residente secondo il tipo della dimora e il sesso,census 1936 final,resident,Provincie italiane della Libia,libyan,dimora,nomade,F,13497
1943,214,Popolazione libica residente secondo il tipo della dimora e il sesso,census 1936 final,resident,Provincie italiane della Libia,libyan,dimora,all,M,365403
1943,214,Popolazione libica residente secondo il tipo della dimora e il sesso,census 1936 final,resident,Territorio Militare del Sud,libyan,dimora,all,MF,48165
1943,214,Popolazione libica residente secondo il tipo della dimora e il sesso,census 1936 final,resident,Territorio Militare del Sud,libyan,dimora,all,F,24620
1943,214,Popolazione libica residente secondo il tipo della dimora e il sesso,census 1936 final,resident,Territorio Militare del Sud,libyan,dimora,stabile,MF,42840
1943,214,Popolazione libica residente secondo il tipo della dimora e il sesso,census 1936 final,resident,Territorio Militare del Sud,libyan,dimora,stabile,F,22055
1943,214,Popolazione libica residente secondo il tipo della dimora e il sesso,census 1936 final,resident,Territorio Militare del Sud,libyan,dimora,seminomade,MF,2024
1943,214,Popolazione libica residente secondo il tipo della dimora e il sesso,census 1936 final,resident,Territorio Militare del Sud,libyan,dimora,seminomade,F,960
1943,214,Popolazione libica residente secondo il tipo della dimora e il sesso,census 1936 final,resident,Territorio Militare del Sud,libyan,dimora,nomade,MF,3301
1943,214,Popolazione libica residente secondo il tipo della dimora e il sesso,census 1936 final,resident,Territorio Militare del Sud,libyan,dimora,nomade,F,1605
1943,214,Popolazione libica residente secondo il tipo della dimora e il sesso,census 1936 final,resident,Territorio Militare del Sud,libyan,dimora,all,M,23545
1943,214,Popolazione libica residente secondo il tipo della dimora e il sesso,census 1936 final,resident,LIBIA,libyan,dimora,all,MF,750851
1943,214,Popolazione libica residente secondo il tipo della dimora e il sesso,census 1936 final,resident,LIBIA,libyan,dimora,all,F,361903
1943,214,Popolazione libica residente secondo il tipo della dimora e il sesso,census 1936 final,resident,LIBIA,libyan,dimora,stabile,MF,629945
1943,214,Popolazione libica residente secondo il tipo della dimora e il sesso,census 1936 final,resident,LIBIA,libyan,dimora,stabile,F,305446
1943,214,Popolazione libica residente secondo il tipo della dimora e il sesso,census 1936 final,resident,LIBIA,libyan,dimora,seminomade,MF,88690
1943,214,Popolazione libica residente secondo il tipo della dimora e il sesso,census 1936 final,resident,LIBIA,libyan,dimora,seminomade,F,41355
1943,214,Popolazione libica residente secondo il tipo della dimora e il sesso,census 1936 final,resident,LIBIA,libyan,dimora,nomade,MF,32216
1943,214,Popolazione libica residente secondo il tipo della dimora e il sesso,census 1936 final,resident,LIBIA,libyan,dimora,nomade,F,15102
1943,214,Popolazione libica residente secondo il tipo della dimora e il sesso,census 1936 final,resident,LIBIA,libyan,dimora,all,M,388948
1943,214,"Popolazione libica residente secondo la religione, la razza e la lingua",census 1936 final,resident,Provincia di Tripoli,libyan,religion,muslim,MF,330744
1943,214,"Popolazione libica residente secondo la religione, la razza e la lingua",census 1936 final,resident,Provincia di Tripoli,libyan,religion,jewish,MF,21005
1943,214,"Popolazione libica residente secondo la religione, la razza e la lingua",census 1936 final,resident,Provincia di Tripoli,libyan,religion,other,MF,25
1943,214,"Popolazione libica residente secondo la religione, la razza e la lingua",census 1936 final,resident,Provincia di Tripoli,libyan,race,arab and arab-berber,MF,278312
1943,214,"Popolazione libica residente secondo la religione, la razza e la lingua",census 1936 final,resident,Provincia di Tripoli,libyan,race,berber,MF,34639
1943,214,"Popolazione libica residente secondo la religione, la razza e la lingua",census 1936 final,resident,Provincia di Tripoli,libyan,race,cologhli,MF,5848
1943,214,"Popolazione libica residente secondo la religione, la razza e la lingua",census 1936 final,resident,Provincia di Tripoli,libyan,race,negro,MF,11831
1943,214,"Popolazione libica residente secondo la religione, la razza e la lingua",census 1936 final,resident,Provincia di Tripoli,libyan,race,other,MF,21144
1943,214,"Popolazione libica residente secondo la religione, la razza e la lingua",census 1936 final,resident,Provincia di Tripoli,libyan,language,arabic,MF,319810
1943,214,"Popolazione libica residente secondo la religione, la razza e la lingua",census 1936 final,resident,Provincia di Tripoli,libyan,language,berber,MF,31888
1943,214,"Popolazione libica residente secondo la religione, la razza e la lingua",census 1936 final,resident,Provincia di Tripoli,libyan,language,other,MF,76
1943,214,"Popolazione libica residente secondo la religione, la razza e la lingua",census 1936 final,resident,Provincia di Tripoli,libyan,speaks_italian,yes,MF,24947
1943,214,"Popolazione libica residente secondo la religione, la razza e la lingua",census 1936 final,resident,Provincia di Misurata,libyan,religion,muslim,MF,210383
1943,214,"Popolazione libica residente secondo la religione, la razza e la lingua",census 1936 final,resident,Provincia di Misurata,libyan,religion,jewish,MF,3096
1943,214,"Popolazione libica residente secondo la religione, la razza e la lingua",census 1936 final,resident,Provincia di Misurata,libyan,religion,other,MF,7
1943,214,"Popolazione libica residente secondo la religione, la razza e la lingua",census 1936 final,resident,Provincia di Misurata,libyan,race,arab and arab-berber,MF,149725
1943,214,"Popolazione libica residente secondo la religione, la razza e la lingua",census 1936 final,resident,Provincia di Misurata,libyan,race,berber,MF,28651
1943,214,"Popolazione libica residente secondo la religione, la razza e la lingua",census 1936 final,resident,Provincia di Misurata,libyan,race,cologhli,MF,24820
1943,214,"Popolazione libica residente secondo la religione, la razza e la lingua",census 1936 final,resident,Provincia di Misurata,libyan,race,negro,MF,7166
1943,214,"Popolazione libica residente secondo la religione, la razza e la lingua",census 1936 final,resident,Provincia di Misurata,libyan,race,other,MF,3124
1943,214,"Popolazione libica residente secondo la religione, la razza e la lingua",census 1936 final,resident,Provincia di Misurata,libyan,language,arabic,MF,213447
1943,214,"Popolazione libica residente secondo la religione, la razza e la lingua",census 1936 final,resident,Provincia di Misurata,libyan,language,berber,MF,37
1943,214,"Popolazione libica residente secondo la religione, la razza e la lingua",census 1936 final,resident,Provincia di Misurata,libyan,language,other,MF,2
1943,214,"Popolazione libica residente secondo la religione, la razza e la lingua",census 1936 final,resident,Provincia di Misurata,libyan,speaks_italian,yes,MF,4094
1943,214,"Popolazione libica residente secondo la religione, la razza e la lingua",census 1936 final,resident,Provincia di Bengasi,libyan,religion,muslim,MF,92688
1943,214,"Popolazione libica residente secondo la religione, la razza e la lingua",census 1936 final,resident,Provincia di Bengasi,libyan,religion,jewish,MF,3468
1943,214,"Popolazione libica residente secondo la religione, la razza e la lingua",census 1936 final,resident,Provincia di Bengasi,libyan,religion,other,MF,37
1943,214,"Popolazione libica residente secondo la religione, la razza e la lingua",census 1936 final,resident,Provincia di Bengasi,libyan,race,arab and arab-berber,MF,92108
1943,214,"Popolazione libica residente secondo la religione, la razza e la lingua",census 1936 final,resident,Provincia di Bengasi,libyan,race,berber,MF,9
1943,214,"Popolazione libica residente secondo la religione, la razza e la lingua",census 1936 final,resident,Provincia di Bengasi,libyan,race,cologhli,MF,323
1943,214,"Popolazione libica residente secondo la religione, la razza e la lingua",census 1936 final,resident,Provincia di Bengasi,libyan,race,negro,MF,284
1943,214,"Popolazione libica residente secondo la religione, la razza e la lingua",census 1936 final,resident,Provincia di Bengasi,libyan,race,other,MF,3469
1943,214,"Popolazione libica residente secondo la religione, la razza e la lingua",census 1936 final,resident,Provincia di Bengasi,libyan,language,arabic,MF,94743
1943,214,"Popolazione libica residente secondo la religione, la razza e la lingua",census 1936 final,resident,Provincia di Bengasi,libyan,language,berber,MF,1447
1943,214,"Popolazione libica residente secondo la religione, la razza e la lingua",census 1936 final,resident,Provincia di Bengasi,libyan,language,other,MF,3
1943,214,"Popolazione libica residente secondo la religione, la razza e la lingua",census 1936 final,resident,Provincia di Bengasi,libyan,speaks_italian,yes,MF,12121
1943,214,"Popolazione libica residente secondo la religione, la razza e la lingua",census 1936 final,resident,Provincia di Derna,libyan,religion,muslim,MF,40515
1943,214,"Popolazione libica residente secondo la religione, la razza e la lingua",census 1936 final,resident,Provincia di Derna,libyan,religion,jewish,MF,714
1943,214,"Popolazione libica residente secondo la religione, la razza e la lingua",census 1936 final,resident,Provincia di Derna,libyan,religion,other,MF,4
1943,214,"Popolazione libica residente secondo la religione, la razza e la lingua",census 1936 final,resident,Provincia di Derna,libyan,race,arab and arab-berber,MF,38911
1943,214,"Popolazione libica residente secondo la religione, la razza e la lingua",census 1936 final,resident,Provincia di Derna,libyan,race,berber,MF,106
1943,214,"Popolazione libica residente secondo la religione, la razza e la lingua",census 1936 final,resident,Provincia di Derna,libyan,race,cologhli,MF,730
1943,214,"Popolazione libica residente secondo la religione, la razza e la lingua",census 1936 final,resident,Provincia di Derna,libyan,race,negro,MF,304
1943,214,"Popolazione libica residente secondo la religione, la razza e la lingua",census 1936 final,resident,Provincia di Derna,libyan,race,other,MF,1182
1943,214,"Popolazione libica residente secondo la religione, la razza e la lingua",census 1936 final,resident,Provincia di Derna,libyan,language,arabic,MF,40889
1943,214,"Popolazione libica residente secondo la religione, la razza e la lingua",census 1936 final,resident,Provincia di Derna,libyan,language,berber,MF,0
1943,214,"Popolazione libica residente secondo la religione, la razza e la lingua",census 1936 final,resident,Provincia di Derna,libyan,language,other,MF,344
1943,214,"Popolazione libica residente secondo la religione, la razza e la lingua",census 1936 final,resident,Provincia di Derna,libyan,speaks_italian,yes,MF,6489
1943,214,"Popolazione libica residente secondo la religione, la razza e la lingua",census 1936 final,resident,Provincie italiane della Libia,libyan,religion,muslim,MF,674330
1943,214,"Popolazione libica residente secondo la religione, la razza e la lingua",census 1936 final,resident,Provincie italiane della Libia,libyan,religion,jewish,MF,28283
1943,214,"Popolazione libica residente secondo la religione, la razza e la lingua",census 1936 final,resident,Provincie italiane della Libia,libyan,religion,other,MF,73
1943,214,"Popolazione libica residente secondo la religione, la razza e la lingua",census 1936 final,resident,Provincie italiane della Libia,libyan,race,arab and arab-berber,MF,559056
1943,214,"Popolazione libica residente secondo la religione, la razza e la lingua",census 1936 final,resident,Provincie italiane della Libia,libyan,race,berber,MF,63405
1943,214,"Popolazione libica residente secondo la religione, la razza e la lingua",census 1936 final,resident,Provincie italiane della Libia,libyan,race,cologhli,MF,31721
1943,214,"Popolazione libica residente secondo la religione, la razza e la lingua",census 1936 final,resident,Provincie italiane della Libia,libyan,race,negro,MF,19585
1943,214,"Popolazione libica residente secondo la religione, la razza e la lingua",census 1936 final,resident,Provincie italiane della Libia,libyan,race,other,MF,28919
1943,214,"Popolazione libica residente secondo la religione, la razza e la lingua",census 1936 final,resident,Provincie italiane della Libia,libyan,language,arabic,MF,668889
1943,214,"Popolazione libica residente secondo la religione, la razza e la lingua",census 1936 final,resident,Provincie italiane della Libia,libyan,language,berber,MF,33372
1943,214,"Popolazione libica residente secondo la religione, la razza e la lingua",census 1936 final,resident,Provincie italiane della Libia,libyan,language,other,MF,425
1943,214,"Popolazione libica residente secondo la religione, la razza e la lingua",census 1936 final,resident,Provincie italiane della Libia,libyan,speaks_italian,yes,MF,47651
1943,214,"Popolazione libica residente secondo la religione, la razza e la lingua",census 1936 final,resident,Territorio Militare del Sud,libyan,religion,muslim,MF,48149
1943,214,"Popolazione libica residente secondo la religione, la razza e la lingua",census 1936 final,resident,Territorio Militare del Sud,libyan,religion,jewish,MF,16
1943,214,"Popolazione libica residente secondo la religione, la razza e la lingua",census 1936 final,resident,Territorio Militare del Sud,libyan,religion,other,MF,0
1943,214,"Popolazione libica residente secondo la religione, la razza e la lingua",census 1936 final,resident,Territorio Militare del Sud,libyan,race,arab and arab-berber,MF,26846
1943,214,"Popolazione libica residente secondo la religione, la razza e la lingua",census 1936 final,resident,Territorio Militare del Sud,libyan,race,berber,MF,6769
1943,214,"Popolazione libica residente secondo la religione, la razza e la lingua",census 1936 final,resident,Territorio Militare del Sud,libyan,race,cologhli,MF,3341
1943,214,"Popolazione libica residente secondo la religione, la razza e la lingua",census 1936 final,resident,Territorio Militare del Sud,libyan,race,negro,MF,10494
1943,214,"Popolazione libica residente secondo la religione, la razza e la lingua",census 1936 final,resident,Territorio Militare del Sud,libyan,race,other,MF,715
1943,214,"Popolazione libica residente secondo la religione, la razza e la lingua",census 1936 final,resident,Territorio Militare del Sud,libyan,language,arabic,MF,43019
1943,214,"Popolazione libica residente secondo la religione, la razza e la lingua",census 1936 final,resident,Territorio Militare del Sud,libyan,language,berber,MF,4396
1943,214,"Popolazione libica residente secondo la religione, la razza e la lingua",census 1936 final,resident,Territorio Militare del Sud,libyan,language,other,MF,750
1943,214,"Popolazione libica residente secondo la religione, la razza e la lingua",census 1936 final,resident,Territorio Militare del Sud,libyan,speaks_italian,yes,MF,909
1943,214,"Popolazione libica residente secondo la religione, la razza e la lingua",census 1936 final,resident,LIBIA,libyan,religion,muslim,MF,722479
1943,214,"Popolazione libica residente secondo la religione, la razza e la lingua",census 1936 final,resident,LIBIA,libyan,religion,jewish,MF,28299
1943,214,"Popolazione libica residente secondo la religione, la razza e la lingua",census 1936 final,resident,LIBIA,libyan,religion,other,MF,73
1943,214,"Popolazione libica residente secondo la religione, la razza e la lingua",census 1936 final,resident,LIBIA,libyan,race,arab and arab-berber,MF,585902
1943,214,"Popolazione libica residente secondo la religione, la razza e la lingua",census 1936 final,resident,LIBIA,libyan,race,berber,MF,70174
1943,214,"Popolazione libica residente secondo la religione, la razza e la lingua",census 1936 final,resident,LIBIA,libyan,race,cologhli,MF,35062
1943,214,"Popolazione libica residente secondo la religione, la razza e la lingua",census 1936 final,resident,LIBIA,libyan,race,negro,MF,30079
1943,214,"Popolazione libica residente secondo la religione, la razza e la lingua",census 1936 final,resident,LIBIA,libyan,race,other,MF,29634
1943,214,"Popolazione libica residente secondo la religione, la razza e la lingua",census 1936 final,resident,LIBIA,libyan,language,arabic,MF,711908
1943,214,"Popolazione libica residente secondo la religione, la razza e la lingua",census 1936 final,resident,LIBIA,libyan,language,berber,MF,37768
1943,214,"Popolazione libica residente secondo la religione, la razza e la lingua",census 1936 final,resident,LIBIA,libyan,language,other,MF,1175
1943,214,"Popolazione libica residente secondo la religione, la razza e la lingua",census 1936 final,resident,LIBIA,libyan,speaks_italian,yes,MF,48560
1943,214,Popolazione libica residente secondo il sesso e lo stato civile,census 1936 final,resident,Provincia di Tripoli,libyan,civil_status,single,MF,180397
1943,214,Popolazione libica residente secondo il sesso e lo stato civile,census 1936 final,resident,Provincia di Tripoli,libyan,civil_status,single,F,77247
1943,214,Popolazione libica residente secondo il sesso e lo stato civile,census 1936 final,resident,Provincia di Tripoli,libyan,civil_status,married,MF,150962
1943,214,Popolazione libica residente secondo il sesso e lo stato civile,census 1936 final,resident,Provincia di Tripoli,libyan,civil_status,married,F,76653
1943,214,Popolazione libica residente secondo il sesso e lo stato civile,census 1936 final,resident,Provincia di Tripoli,libyan,civil_status,widowed,MF,18600
1943,214,Popolazione libica residente secondo il sesso e lo stato civile,census 1936 final,resident,Provincia di Tripoli,libyan,civil_status,widowed,F,14576
1943,214,Popolazione libica residente secondo il sesso e lo stato civile,census 1936 final,resident,Provincia di Tripoli,libyan,civil_status,divorced,MF,1796
1943,214,Popolazione libica residente secondo il sesso e lo stato civile,census 1936 final,resident,Provincia di Tripoli,libyan,civil_status,divorced,F,1024
1943,214,Popolazione libica residente secondo il sesso e lo stato civile,census 1936 final,resident,Provincia di Tripoli,libyan,civil_status,unknown,MF,19
1943,214,Popolazione libica residente secondo il sesso e lo stato civile,census 1936 final,resident,Provincia di Tripoli,libyan,civil_status,unknown,F,9
1943,214,Popolazione libica residente secondo il sesso e lo stato civile,census 1936 final,resident,Provincia di Misurata,libyan,civil_status,single,MF,105291
1943,214,Popolazione libica residente secondo il sesso e lo stato civile,census 1936 final,resident,Provincia di Misurata,libyan,civil_status,single,F,43283
1943,214,Popolazione libica residente secondo il sesso e lo stato civile,census 1936 final,resident,Provincia di Misurata,libyan,civil_status,married,MF,95499
1943,214,Popolazione libica residente secondo il sesso e lo stato civile,census 1936 final,resident,Provincia di Misurata,libyan,civil_status,married,F,48611
1943,214,Popolazione libica residente secondo il sesso e lo stato civile,census 1936 final,resident,Provincia di Misurata,libyan,civil_status,widowed,MF,11643
1943,214,Popolazione libica residente secondo il sesso e lo stato civile,census 1936 final,resident,Provincia di Misurata,libyan,civil_status,widowed,F,9833
1943,214,Popolazione libica residente secondo il sesso e lo stato civile,census 1936 final,resident,Provincia di Misurata,libyan,civil_status,divorced,MF,1044
1943,214,Popolazione libica residente secondo il sesso e lo stato civile,census 1936 final,resident,Provincia di Misurata,libyan,civil_status,divorced,F,522
1943,214,Popolazione libica residente secondo il sesso e lo stato civile,census 1936 final,resident,Provincia di Misurata,libyan,civil_status,unknown,MF,9
1943,214,Popolazione libica residente secondo il sesso e lo stato civile,census 1936 final,resident,Provincia di Misurata,libyan,civil_status,unknown,F,7
1943,214,Popolazione libica residente secondo il sesso e lo stato civile,census 1936 final,resident,Provincia di Bengasi,libyan,civil_status,single,MF,45752
1943,214,Popolazione libica residente secondo il sesso e lo stato civile,census 1936 final,resident,Provincia di Bengasi,libyan,civil_status,single,F,18494
1943,214,Popolazione libica residente secondo il sesso e lo stato civile,census 1936 final,resident,Provincia di Bengasi,libyan,civil_status,married,MF,41295
1943,214,Popolazione libica residente secondo il sesso e lo stato civile,census 1936 final,resident,Provincia di Bengasi,libyan,civil_status,married,F,20961
1943,214,Popolazione libica residente secondo il sesso e lo stato civile,census 1936 final,resident,Provincia di Bengasi,libyan,civil_status,widowed,MF,7043
1943,214,Popolazione libica residente secondo il sesso e lo stato civile,census 1936 final,resident,Provincia di Bengasi,libyan,civil_status,widowed,F,5425
1943,214,Popolazione libica residente secondo il sesso e lo stato civile,census 1936 final,resident,Provincia di Bengasi,libyan,civil_status,divorced,MF,2098
1943,214,Popolazione libica residente secondo il sesso e lo stato civile,census 1936 final,resident,Provincia di Bengasi,libyan,civil_status,divorced,F,1246
1943,214,Popolazione libica residente secondo il sesso e lo stato civile,census 1936 final,resident,Provincia di Bengasi,libyan,civil_status,unknown,MF,5
1943,214,Popolazione libica residente secondo il sesso e lo stato civile,census 1936 final,resident,Provincia di Bengasi,libyan,civil_status,unknown,F,3
1943,214,Popolazione libica residente secondo il sesso e lo stato civile,census 1936 final,resident,Provincia di Derna,libyan,civil_status,single,MF,20079
1943,214,Popolazione libica residente secondo il sesso e lo stato civile,census 1936 final,resident,Provincia di Derna,libyan,civil_status,single,F,7889
1943,214,Popolazione libica residente secondo il sesso e lo stato civile,census 1936 final,resident,Provincia di Derna,libyan,civil_status,married,MF,17155
1943,214,Popolazione libica residente secondo il sesso e lo stato civile,census 1936 final,resident,Provincia di Derna,libyan,civil_status,married,F,8716
1943,214,Popolazione libica residente secondo il sesso e lo stato civile,census 1936 final,resident,Provincia di Derna,libyan,civil_status,widowed,MF,3084
1943,214,Popolazione libica residente secondo il sesso e lo stato civile,census 1936 final,resident,Provincia di Derna,libyan,civil_status,widowed,F,2304
1943,214,Popolazione libica residente secondo il sesso e lo stato civile,census 1936 final,resident,Provincia di Derna,libyan,civil_status,divorced,MF,914
1943,214,Popolazione libica residente secondo il sesso e lo stato civile,census 1936 final,resident,Provincia di Derna,libyan,civil_status,divorced,F,480
1943,214,Popolazione libica residente secondo il sesso e lo stato civile,census 1936 final,resident,Provincia di Derna,libyan,civil_status,unknown,MF,1
1943,214,Popolazione libica residente secondo il sesso e lo stato civile,census 1936 final,resident,Provincia di Derna,libyan,civil_status,unknown,F,0
1943,214,Popolazione libica residente secondo il sesso e lo stato civile,census 1936 final,resident,Provincie italiane della Libia,libyan,civil_status,single,MF,351519
1943,214,Popolazione libica residente secondo il sesso e lo stato civile,census 1936 final,resident,Provincie italiane della Libia,libyan,civil_status,single,F,146913
1943,214,Popolazione libica residente secondo il sesso e lo stato civile,census 1936 final,resident,Provincie italiane della Libia,libyan,civil_status,married,MF,304911
1943,214,Popolazione libica residente secondo il sesso e lo stato civile,census 1936 final,resident,Provincie italiane della Libia,libyan,civil_status,married,F,154941
1943,214,Popolazione libica residente secondo il sesso e lo stato civile,census 1936 final,resident,Provincie italiane della Libia,libyan,civil_status,widowed,MF,40370
1943,214,Popolazione libica residente secondo il sesso e lo stato civile,census 1936 final,resident,Provincie italiane della Libia,libyan,civil_status,widowed,F,32138
1943,214,Popolazione libica residente secondo il sesso e lo stato civile,census 1936 final,resident,Provincie italiane della Libia,libyan,civil_status,divorced,MF,5852
1943,214,Popolazione libica residente secondo il sesso e lo stato civile,census 1936 final,resident,Provincie italiane della Libia,libyan,civil_status,divorced,F,3272
1943,214,Popolazione libica residente secondo il sesso e lo stato civile,census 1936 final,resident,Provincie italiane della Libia,libyan,civil_status,unknown,MF,34
1943,214,Popolazione libica residente secondo il sesso e lo stato civile,census 1936 final,resident,Provincie italiane della Libia,libyan,civil_status,unknown,F,19
1943,214,Popolazione libica residente secondo il sesso e lo stato civile,census 1936 final,resident,Territorio Militare del Sud,libyan,civil_status,single,MF,24492
1943,214,Popolazione libica residente secondo il sesso e lo stato civile,census 1936 final,resident,Territorio Militare del Sud,libyan,civil_status,single,F,10519
1943,214,Popolazione libica residente secondo il sesso e lo stato civile,census 1936 final,resident,Territorio Militare del Sud,libyan,civil_status,married,MF,18874
1943,214,Popolazione libica residente secondo il sesso e lo stato civile,census 1936 final,resident,Territorio Militare del Sud,libyan,civil_status,married,F,9826
1943,214,Popolazione libica residente secondo il sesso e lo stato civile,census 1936 final,resident,Territorio Militare del Sud,libyan,civil_status,widowed,MF,3807
1943,214,Popolazione libica residente secondo il sesso e lo stato civile,census 1936 final,resident,Territorio Militare del Sud,libyan,civil_status,widowed,F,3483
1943,214,Popolazione libica residente secondo il sesso e lo stato civile,census 1936 final,resident,Territorio Militare del Sud,libyan,civil_status,divorced,MF,989
1943,214,Popolazione libica residente secondo il sesso e lo stato civile,census 1936 final,resident,Territorio Militare del Sud,libyan,civil_status,divorced,F,789
1943,214,Popolazione libica residente secondo il sesso e lo stato civile,census 1936 final,resident,Territorio Militare del Sud,libyan,civil_status,unknown,MF,3
1943,214,Popolazione libica residente secondo il sesso e lo stato civile,census 1936 final,resident,Territorio Militare del Sud,libyan,civil_status,unknown,F,3
1943,214,Popolazione libica residente secondo il sesso e lo stato civile,census 1936 final,resident,LIBIA,libyan,civil_status,single,MF,376011
1943,214,Popolazione libica residente secondo il sesso e lo stato civile,census 1936 final,resident,LIBIA,libyan,civil_status,single,F,157432
1943,214,Popolazione libica residente secondo il sesso e lo stato civile,census 1936 final,resident,LIBIA,libyan,civil_status,married,MF,323785
1943,214,Popolazione libica residente secondo il sesso e lo stato civile,census 1936 final,resident,LIBIA,libyan,civil_status,married,F,164767
1943,214,Popolazione libica residente secondo il sesso e lo stato civile,census 1936 final,resident,LIBIA,libyan,civil_status,widowed,MF,44177
1943,214,Popolazione libica residente secondo il sesso e lo stato civile,census 1936 final,resident,LIBIA,libyan,civil_status,widowed,F,35621
1943,214,Popolazione libica residente secondo il sesso e lo stato civile,census 1936 final,resident,LIBIA,libyan,civil_status,divorced,MF,6841
1943,214,Popolazione libica residente secondo il sesso e lo stato civile,census 1936 final,resident,LIBIA,libyan,civil_status,divorced,F,4061
1943,214,Popolazione libica residente secondo il sesso e lo stato civile,census 1936 final,resident,LIBIA,libyan,civil_status,unknown,MF,37
1943,214,Popolazione libica residente secondo il sesso e lo stato civile,census 1936 final,resident,LIBIA,libyan,civil_status,unknown,F,22
1939,364,Sahara Libico: popolazione residente in complesso,census 1936 final,resident,Sottozona militare di Brach,all,total,all,MF,17145
1939,364,Sahara Libico: popolazione residente in complesso,census 1936 final,resident,Sottozona militare di Brach,national,total,all,MF,45
1939,364,Sahara Libico: popolazione residente in complesso,census 1936 final,resident,Sottozona militare di Brach,national,total,all,M,45
1939,364,Sahara Libico: popolazione residente in complesso,census 1936 final,resident,Sottozona militare di Brach,national,total,all,F,0
1939,364,Sahara Libico: popolazione residente in complesso,census 1936 final,resident,Sottozona militare di Brach,foreign,total,all,MF,0
1939,364,Sahara Libico: popolazione residente in complesso,census 1936 final,resident,Sottozona militare di Brach,foreign,total,all,M,0
1939,364,Sahara Libico: popolazione residente in complesso,census 1936 final,resident,Sottozona militare di Brach,foreign,total,all,F,0
1939,364,Sahara Libico: popolazione residente in complesso,census 1936 final,resident,Sottozona militare di Brach,libyan,total,all,MF,17100
1939,364,Sahara Libico: popolazione residente in complesso,census 1936 final,resident,Sottozona militare di Brach,libyan,total,all,M,8576
1939,364,Sahara Libico: popolazione residente in complesso,census 1936 final,resident,Sottozona militare di Brach,libyan,total,all,F,8524
1939,364,Sahara Libico: popolazione residente in complesso,census 1936 final,resident,Sottozona militare di Gat,all,total,all,MF,9358
1939,364,Sahara Libico: popolazione residente in complesso,census 1936 final,resident,Sottozona militare di Gat,national,total,all,MF,34
1939,364,Sahara Libico: popolazione residente in complesso,census 1936 final,resident,Sottozona militare di Gat,national,total,all,M,33
1939,364,Sahara Libico: popolazione residente in complesso,census 1936 final,resident,Sottozona militare di Gat,national,total,all,F,1
1939,364,Sahara Libico: popolazione residente in complesso,census 1936 final,resident,Sottozona militare di Gat,foreign,total,all,MF,0
1939,364,Sahara Libico: popolazione residente in complesso,census 1936 final,resident,Sottozona militare di Gat,foreign,total,all,M,0
1939,364,Sahara Libico: popolazione residente in complesso,census 1936 final,resident,Sottozona militare di Gat,foreign,total,all,F,0
1939,364,Sahara Libico: popolazione residente in complesso,census 1936 final,resident,Sottozona militare di Gat,libyan,total,all,MF,9324
1939,364,Sahara Libico: popolazione residente in complesso,census 1936 final,resident,Sottozona militare di Gat,libyan,total,all,M,4439
1939,364,Sahara Libico: popolazione residente in complesso,census 1936 final,resident,Sottozona militare di Gat,libyan,total,all,F,4885
1939,364,Sahara Libico: popolazione residente in complesso,census 1936 final,resident,Sottozona militare di Murzuch,all,total,all,MF,9299
1939,364,Sahara Libico: popolazione residente in complesso,census 1936 final,resident,Sottozona militare di Murzuch,national,total,all,MF,40
1939,364,Sahara Libico: popolazione residente in complesso,census 1936 final,resident,Sottozona militare di Murzuch,national,total,all,M,40
1939,364,Sahara Libico: popolazione residente in complesso,census 1936 final,resident,Sottozona militare di Murzuch,national,total,all,F,0
1939,364,Sahara Libico: popolazione residente in complesso,census 1936 final,resident,Sottozona militare di Murzuch,foreign,total,all,MF,0
1939,364,Sahara Libico: popolazione residente in complesso,census 1936 final,resident,Sottozona militare di Murzuch,foreign,total,all,M,0
1939,364,Sahara Libico: popolazione residente in complesso,census 1936 final,resident,Sottozona militare di Murzuch,foreign,total,all,F,0
1939,364,Sahara Libico: popolazione residente in complesso,census 1936 final,resident,Sottozona militare di Murzuch,libyan,total,all,MF,9259
1939,364,Sahara Libico: popolazione residente in complesso,census 1936 final,resident,Sottozona militare di Murzuch,libyan,total,all,M,4207
1939,364,Sahara Libico: popolazione residente in complesso,census 1936 final,resident,Sottozona militare di Murzuch,libyan,total,all,F,5052
1939,364,Sahara Libico: popolazione residente in complesso,census 1936 final,resident,Sottozona militare di Hon,all,total,all,MF,7346
1939,364,Sahara Libico: popolazione residente in complesso,census 1936 final,resident,Sottozona militare di Hon,national,total,all,MF,100
1939,364,Sahara Libico: popolazione residente in complesso,census 1936 final,resident,Sottozona militare di Hon,national,total,all,M,90
1939,364,Sahara Libico: popolazione residente in complesso,census 1936 final,resident,Sottozona militare di Hon,national,total,all,F,10
1939,364,Sahara Libico: popolazione residente in complesso,census 1936 final,resident,Sottozona militare di Hon,foreign,total,all,MF,1
1939,364,Sahara Libico: popolazione residente in complesso,census 1936 final,resident,Sottozona militare di Hon,foreign,total,all,M,0
1939,364,Sahara Libico: popolazione residente in complesso,census 1936 final,resident,Sottozona militare di Hon,foreign,total,all,F,1
1939,364,Sahara Libico: popolazione residente in complesso,census 1936 final,resident,Sottozona militare di Hon,libyan,total,all,MF,7245
1939,364,Sahara Libico: popolazione residente in complesso,census 1936 final,resident,Sottozona militare di Hon,libyan,total,all,M,3793
1939,364,Sahara Libico: popolazione residente in complesso,census 1936 final,resident,Sottozona militare di Hon,libyan,total,all,F,3452
1939,364,Sahara Libico: popolazione residente in complesso,census 1936 final,resident,Sottozona militare di el-Giof,all,total,all,MF,5255
1939,364,Sahara Libico: popolazione residente in complesso,census 1936 final,resident,Sottozona militare di el-Giof,national,total,all,MF,18
1939,364,Sahara Libico: popolazione residente in complesso,census 1936 final,resident,Sottozona militare di el-Giof,national,total,all,M,18
1939,364,Sahara Libico: popolazione residente in complesso,census 1936 final,resident,Sottozona militare di el-Giof,national,total,all,F,0
1939,364,Sahara Libico: popolazione residente in complesso,census 1936 final,resident,Sottozona militare di el-Giof,foreign,total,all,MF,0
1939,364,Sahara Libico: popolazione residente in complesso,census 1936 final,resident,Sottozona militare di el-Giof,foreign,total,all,M,0
1939,364,Sahara Libico: popolazione residente in complesso,census 1936 final,resident,Sottozona militare di el-Giof,foreign,total,all,F,0
1939,364,Sahara Libico: popolazione residente in complesso,census 1936 final,resident,Sottozona militare di el-Giof,libyan,total,all,MF,5237
1939,364,Sahara Libico: popolazione residente in complesso,census 1936 final,resident,Sottozona militare di el-Giof,libyan,total,all,M,2530
1939,364,Sahara Libico: popolazione residente in complesso,census 1936 final,resident,Sottozona militare di el-Giof,libyan,total,all,F,2707
1939,364,Sahara Libico: popolazione residente in complesso,census 1936 final,resident,Territorio Militare del Sud,all,total,all,MF,48403
1939,364,Sahara Libico: popolazione residente in complesso,census 1936 final,resident,Territorio Militare del Sud,national,total,all,MF,237
1939,364,Sahara Libico: popolazione residente in complesso,census 1936 final,resident,Territorio Militare del Sud,national,total,all,M,226
1939,364,Sahara Libico: popolazione residente in complesso,census 1936 final,resident,Territorio Militare del Sud,national,total,all,F,11
1939,364,Sahara Libico: popolazione residente in complesso,census 1936 final,resident,Territorio Militare del Sud,foreign,total,all,MF,1
1939,364,Sahara Libico: popolazione residente in complesso,census 1936 final,resident,Territorio Militare del Sud,foreign,total,all,M,0
1939,364,Sahara Libico: popolazione residente in complesso,census 1936 final,resident,Territorio Militare del Sud,foreign,total,all,F,1
1939,364,Sahara Libico: popolazione residente in complesso,census 1936 final,resident,Territorio Militare del Sud,libyan,total,all,MF,48165
1939,364,Sahara Libico: popolazione residente in complesso,census 1936 final,resident,Territorio Militare del Sud,libyan,total,all,M,23545
1939,364,Sahara Libico: popolazione residente in complesso,census 1936 final,resident,Territorio Militare del Sud,libyan,total,all,F,24620
1939,364,"Sahara Libico: popolazione libica residente secondo il tipo della dimora, il sesso, la religione, la razza e la lingua",census 1936 final,resident,Sottozona militare di Brach,libyan,dimora=stabile,all,MF,15354
1939,364,"Sahara Libico: popolazione libica residente secondo il tipo della dimora, il sesso, la religione, la razza e la lingua",census 1936 final,resident,Sottozona militare di Brach,libyan,dimora=stabile,family heads,MF,3841
1939,364,"Sahara Libico: popolazione libica residente secondo il tipo della dimora, il sesso, la religione, la razza e la lingua",census 1936 final,resident,Sottozona militare di Brach,libyan,dimora=stabile;religion,muslim,MF,15352
1939,364,"Sahara Libico: popolazione libica residente secondo il tipo della dimora, il sesso, la religione, la razza e la lingua",census 1936 final,resident,Sottozona militare di Brach,libyan,dimora=stabile;religion,jewish,MF,2
1939,364,"Sahara Libico: popolazione libica residente secondo il tipo della dimora, il sesso, la religione, la razza e la lingua",census 1936 final,resident,Sottozona militare di Brach,libyan,dimora=stabile;race,arab and arab-berber,MF,10619
1939,364,"Sahara Libico: popolazione libica residente secondo il tipo della dimora, il sesso, la religione, la razza e la lingua",census 1936 final,resident,Sottozona militare di Brach,libyan,dimora=stabile;race,berber,MF,656
1939,364,"Sahara Libico: popolazione libica residente secondo il tipo della dimora, il sesso, la religione, la razza e la lingua",census 1936 final,resident,Sottozona militare di Brach,libyan,dimora=stabile;race,cologhli,MF,0
1939,364,"Sahara Libico: popolazione libica residente secondo il tipo della dimora, il sesso, la religione, la razza e la lingua",census 1936 final,resident,Sottozona militare di Brach,libyan,dimora=stabile;race,negro,MF,4075
1939,364,"Sahara Libico: popolazione libica residente secondo il tipo della dimora, il sesso, la religione, la razza e la lingua",census 1936 final,resident,Sottozona militare di Brach,libyan,dimora=stabile;race,other,MF,4
1939,364,"Sahara Libico: popolazione libica residente secondo il tipo della dimora, il sesso, la religione, la razza e la lingua",census 1936 final,resident,Sottozona militare di Brach,libyan,dimora=stabile;language,arabic,MF,15343
1939,364,"Sahara Libico: popolazione libica residente secondo il tipo della dimora, il sesso, la religione, la razza e la lingua",census 1936 final,resident,Sottozona militare di Brach,libyan,dimora=stabile;language,berber,MF,8
1939,364,"Sahara Libico: popolazione libica residente secondo il tipo della dimora, il sesso, la religione, la razza e la lingua",census 1936 final,resident,Sottozona militare di Brach,libyan,dimora=stabile;language,other,MF,3
1939,364,"Sahara Libico: popolazione libica residente secondo il tipo della dimora, il sesso, la religione, la razza e la lingua",census 1936 final,resident,Sottozona militare di Brach,libyan,dimora=stabile;speaks_italian,yes,MF,378
1939,364,"Sahara Libico: popolazione libica residente secondo il tipo della dimora, il sesso, la religione, la razza e la lingua",census 1936 final,resident,Sottozona militare di Brach,libyan,dimora=seminomade,all,MF,1079
1939,364,"Sahara Libico: popolazione libica residente secondo il tipo della dimora, il sesso, la religione, la razza e la lingua",census 1936 final,resident,Sottozona militare di Brach,libyan,dimora=seminomade,family heads,MF,262
1939,364,"Sahara Libico: popolazione libica residente secondo il tipo della dimora, il sesso, la religione, la razza e la lingua",census 1936 final,resident,Sottozona militare di Brach,libyan,dimora=seminomade;religion,muslim,MF,1079
1939,364,"Sahara Libico: popolazione libica residente secondo il tipo della dimora, il sesso, la religione, la razza e la lingua",census 1936 final,resident,Sottozona militare di Brach,libyan,dimora=seminomade;religion,jewish,MF,0
1939,364,"Sahara Libico: popolazione libica residente secondo il tipo della dimora, il sesso, la religione, la razza e la lingua",census 1936 final,resident,Sottozona militare di Brach,libyan,dimora=seminomade;race,arab and arab-berber,MF,907
1939,364,"Sahara Libico: popolazione libica residente secondo il tipo della dimora, il sesso, la religione, la razza e la lingua",census 1936 final,resident,Sottozona militare di Brach,libyan,dimora=seminomade;race,berber,MF,0
1939,364,"Sahara Libico: popolazione libica residente secondo il tipo della dimora, il sesso, la religione, la razza e la lingua",census 1936 final,resident,Sottozona militare di Brach,libyan,dimora=seminomade;race,cologhli,MF,0
1939,364,"Sahara Libico: popolazione libica residente secondo il tipo della dimora, il sesso, la religione, la razza e la lingua",census 1936 final,resident,Sottozona militare di Brach,libyan,dimora=seminomade;race,negro,MF,172
1939,364,"Sahara Libico: popolazione libica residente secondo il tipo della dimora, il sesso, la religione, la razza e la lingua",census 1936 final,resident,Sottozona militare di Brach,libyan,dimora=seminomade;race,other,MF,0
1939,364,"Sahara Libico: popolazione libica residente secondo il tipo della dimora, il sesso, la religione, la razza e la lingua",census 1936 final,resident,Sottozona militare di Brach,libyan,dimora=seminomade;language,arabic,MF,1079
1939,364,"Sahara Libico: popolazione libica residente secondo il tipo della dimora, il sesso, la religione, la razza e la lingua",census 1936 final,resident,Sottozona militare di Brach,libyan,dimora=seminomade;language,berber,MF,0
1939,364,"Sahara Libico: popolazione libica residente secondo il tipo della dimora, il sesso, la religione, la razza e la lingua",census 1936 final,resident,Sottozona militare di Brach,libyan,dimora=seminomade;language,other,MF,0
1939,364,"Sahara Libico: popolazione libica residente secondo il tipo della dimora, il sesso, la religione, la razza e la lingua",census 1936 final,resident,Sottozona militare di Brach,libyan,dimora=seminomade;speaks_italian,yes,MF,35
1939,364,"Sahara Libico: popolazione libica residente secondo il tipo della dimora, il sesso, la religione, la razza e la lingua",census 1936 final,resident,Sottozona militare di Brach,libyan,dimora=nomade,all,MF,667
1939,364,"Sahara Libico: popolazione libica residente secondo il tipo della dimora, il sesso, la religione, la razza e la lingua",census 1936 final,resident,Sottozona militare di Brach,libyan,dimora=nomade,family heads,MF,165
1939,364,"Sahara Libico: popolazione libica residente secondo il tipo della dimora, il sesso, la religione, la razza e la lingua",census 1936 final,resident,Sottozona militare di Brach,libyan,dimora=nomade;religion,muslim,MF,667
1939,364,"Sahara Libico: popolazione libica residente secondo il tipo della dimora, il sesso, la religione, la razza e la lingua",census 1936 final,resident,Sottozona militare di Brach,libyan,dimora=nomade;religion,jewish,MF,0
1939,364,"Sahara Libico: popolazione libica residente secondo il tipo della dimora, il sesso, la religione, la razza e la lingua",census 1936 final,resident,Sottozona militare di Brach,libyan,dimora=nomade;race,arab and arab-berber,MF,664
1939,364,"Sahara Libico: popolazione libica residente secondo il tipo della dimora, il sesso, la religione, la razza e la lingua",census 1936 final,resident,Sottozona militare di Brach,libyan,dimora=nomade;race,berber,MF,0
1939,364,"Sahara Libico: popolazione libica residente secondo il tipo della dimora, il sesso, la religione, la razza e la lingua",census 1936 final,resident,Sottozona militare di Brach,libyan,dimora=nomade;race,cologhli,MF,0
1939,364,"Sahara Libico: popolazione libica residente secondo il tipo della dimora, il sesso, la religione, la razza e la lingua",census 1936 final,resident,Sottozona militare di Brach,libyan,dimora=nomade;race,negro,MF,3
1939,364,"Sahara Libico: popolazione libica residente secondo il tipo della dimora, il sesso, la religione, la razza e la lingua",census 1936 final,resident,Sottozona militare di Brach,libyan,dimora=nomade;race,other,MF,0
1939,364,"Sahara Libico: popolazione libica residente secondo il tipo della dimora, il sesso, la religione, la razza e la lingua",census 1936 final,resident,Sottozona militare di Brach,libyan,dimora=nomade;language,arabic,MF,667
1939,364,"Sahara Libico: popolazione libica residente secondo il tipo della dimora, il sesso, la religione, la razza e la lingua",census 1936 final,resident,Sottozona militare di Brach,libyan,dimora=nomade;language,berber,MF,0
1939,364,"Sahara Libico: popolazione libica residente secondo il tipo della dimora, il sesso, la religione, la razza e la lingua",census 1936 final,resident,Sottozona militare di Brach,libyan,dimora=nomade;language,other,MF,0
1939,364,"Sahara Libico: popolazione libica residente secondo il tipo della dimora, il sesso, la religione, la razza e la lingua",census 1936 final,resident,Sottozona militare di Brach,libyan,dimora=nomade;speaks_italian,yes,MF,3
1939,364,"Sahara Libico: popolazione libica residente secondo il tipo della dimora, il sesso, la religione, la razza e la lingua",census 1936 final,resident,Sottozona militare di Brach,libyan,dimora=all,all,MF,17100
1939,364,"Sahara Libico: popolazione libica residente secondo il tipo della dimora, il sesso, la religione, la razza e la lingua",census 1936 final,resident,Sottozona militare di Brach,libyan,dimora=all,family heads,MF,4268
1939,364,"Sahara Libico: popolazione libica residente secondo il tipo della dimora, il sesso, la religione, la razza e la lingua",census 1936 final,resident,Sottozona militare di Brach,libyan,dimora=all;religion,muslim,MF,17098
1939,364,"Sahara Libico: popolazione libica residente secondo il tipo della dimora, il sesso, la religione, la razza e la lingua",census 1936 final,resident,Sottozona militare di Brach,libyan,dimora=all;religion,jewish,MF,2
1939,364,"Sahara Libico: popolazione libica residente secondo il tipo della dimora, il sesso, la religione, la razza e la lingua",census 1936 final,resident,Sottozona militare di Brach,libyan,dimora=all;race,arab and arab-berber,MF,12190
1939,364,"Sahara Libico: popolazione libica residente secondo il tipo della dimora, il sesso, la religione, la razza e la lingua",census 1936 final,resident,Sottozona militare di Brach,libyan,dimora=all;race,berber,MF,656
1939,364,"Sahara Libico: popolazione libica residente secondo il tipo della dimora, il sesso, la religione, la razza e la lingua",census 1936 final,resident,Sottozona militare di Brach,libyan,dimora=all;race,cologhli,MF,0
1939,364,"Sahara Libico: popolazione libica residente secondo il tipo della dimora, il sesso, la religione, la razza e la lingua",census 1936 final,resident,Sottozona militare di Brach,libyan,dimora=all;race,negro,MF,4250
1939,364,"Sahara Libico: popolazione libica residente secondo il tipo della dimora, il sesso, la religione, la razza e la lingua",census 1936 final,resident,Sottozona militare di Brach,libyan,dimora=all;race,other,MF,4
1939,364,"Sahara Libico: popolazione libica residente secondo il tipo della dimora, il sesso, la religione, la razza e la lingua",census 1936 final,resident,Sottozona militare di Brach,libyan,dimora=all;language,arabic,MF,17089
1939,364,"Sahara Libico: popolazione libica residente secondo il tipo della dimora, il sesso, la religione, la razza e la lingua",census 1936 final,resident,Sottozona militare di Brach,libyan,dimora=all;language,berber,MF,8
1939,364,"Sahara Libico: popolazione libica residente secondo il tipo della dimora, il sesso, la religione, la razza e la lingua",census 1936 final,resident,Sottozona militare di Brach,libyan,dimora=all;language,other,MF,3
1939,364,"Sahara Libico: popolazione libica residente secondo il tipo della dimora, il sesso, la religione, la razza e la lingua",census 1936 final,resident,Sottozona militare di Brach,libyan,dimora=all;speaks_italian,yes,MF,416
1939,364,"Sahara Libico: popolazione libica residente secondo il tipo della dimora, il sesso, la religione, la razza e la lingua",census 1936 final,resident,Sottozona militare di Gat,libyan,dimora=stabile,all,MF,7420
1939,364,"Sahara Libico: popolazione libica residente secondo il tipo della dimora, il sesso, la religione, la razza e la lingua",census 1936 final,resident,Sottozona militare di Gat,libyan,dimora=stabile,family heads,MF,1960
1939,364,"Sahara Libico: popolazione libica residente secondo il tipo della dimora, il sesso, la religione, la razza e la lingua",census 1936 final,resident,Sottozona militare di Gat,libyan,dimora=stabile;religion,muslim,MF,7420
1939,364,"Sahara Libico: popolazione libica residente secondo il tipo della dimora, il sesso, la religione, la razza e la lingua",census 1936 final,resident,Sottozona militare di Gat,libyan,dimora=stabile;religion,jewish,MF,0
1939,364,"Sahara Libico: popolazione libica residente secondo il tipo della dimora, il sesso, la religione, la razza e la lingua",census 1936 final,resident,Sottozona militare di Gat,libyan,dimora=stabile;race,arab and arab-berber,MF,1674
1939,364,"Sahara Libico: popolazione libica residente secondo il tipo della dimora, il sesso, la religione, la razza e la lingua",census 1936 final,resident,Sottozona militare di Gat,libyan,dimora=stabile;race,berber,MF,478
1939,364,"Sahara Libico: popolazione libica residente secondo il tipo della dimora, il sesso, la religione, la razza e la lingua",census 1936 final,resident,Sottozona militare di Gat,libyan,dimora=stabile;race,cologhli,MF,3331
1939,364,"Sahara Libico: popolazione libica residente secondo il tipo della dimora, il sesso, la religione, la razza e la lingua",census 1936 final,resident,Sottozona militare di Gat,libyan,dimora=stabile;race,negro,MF,1937
1939,364,"Sahara Libico: popolazione libica residente secondo il tipo della dimora, il sesso, la religione, la razza e la lingua",census 1936 final,resident,Sottozona militare di Gat,libyan,dimora=stabile;race,other,MF,0
1939,364,"Sahara Libico: popolazione libica residente secondo il tipo della dimora, il sesso, la religione, la razza e la lingua",census 1936 final,resident,Sottozona militare di Gat,libyan,dimora=stabile;language,arabic,MF,5752
1939,364,"Sahara Libico: popolazione libica residente secondo il tipo della dimora, il sesso, la religione, la razza e la lingua",census 1936 final,resident,Sottozona militare di Gat,libyan,dimora=stabile;language,berber,MF,1666
1939,364,"Sahara Libico: popolazione libica residente secondo il tipo della dimora, il sesso, la religione, la razza e la lingua",census 1936 final,resident,Sottozona militare di Gat,libyan,dimora=stabile;language,other,MF,2
1939,364,"Sahara Libico: popolazione libica residente secondo il tipo della dimora, il sesso, la religione, la razza e la lingua",census 1936 final,resident,Sottozona militare di Gat,libyan,dimora=stabile;speaks_italian,yes,MF,32
1939,364,"Sahara Libico: popolazione libica residente secondo il tipo della dimora, il sesso, la religione, la razza e la lingua",census 1936 final,resident,Sottozona militare di Gat,libyan,dimora=nomade,all,MF,1904
1939,364,"Sahara Libico: popolazione libica residente secondo il tipo della dimora, il sesso, la religione, la razza e la lingua",census 1936 final,resident,Sottozona militare di Gat,libyan,dimora=nomade,family heads,MF,421
1939,364,"Sahara Libico: popolazione libica residente secondo il tipo della dimora, il sesso, la religione, la razza e la lingua",census 1936 final,resident,Sottozona militare di Gat,libyan,dimora=nomade;religion,muslim,MF,1904
1939,364,"Sahara Libico: popolazione libica residente secondo il tipo della dimora, il sesso, la religione, la razza e la lingua",census 1936 final,resident,Sottozona militare di Gat,libyan,dimora=nomade;religion,jewish,MF,0
1939,364,"Sahara Libico: popolazione libica residente secondo il tipo della dimora, il sesso, la religione, la razza e la lingua",census 1936 final,resident,Sottozona militare di Gat,libyan,dimora=nomade;race,arab and arab-berber,MF,0
1939,364,"Sahara Libico: popolazione libica residente secondo il tipo della dimora, il sesso, la religione, la razza e la lingua",census 1936 final,resident,Sottozona militare di Gat,libyan,dimora=nomade;race,berber,MF,1649
1939,364,"Sahara Libico: popolazione libica residente secondo il tipo della dimora, il sesso, la religione, la razza e la lingua",census 1936 final,resident,Sottozona militare di Gat,libyan,dimora=nomade;race,cologhli,MF,0
1939,364,"Sahara Libico: popolazione libica residente secondo il tipo della dimora, il sesso, la religione, la razza e la lingua",census 1936 final,resident,Sottozona militare di Gat,libyan,dimora=nomade;race,negro,MF,255
1939,364,"Sahara Libico: popolazione libica residente secondo il tipo della dimora, il sesso, la religione, la razza e la lingua",census 1936 final,resident,Sottozona militare di Gat,libyan,dimora=nomade;race,other,MF,0
1939,364,"Sahara Libico: popolazione libica residente secondo il tipo della dimora, il sesso, la religione, la razza e la lingua",census 1936 final,resident,Sottozona militare di Gat,libyan,dimora=nomade;language,arabic,MF,11
1939,364,"Sahara Libico: popolazione libica residente secondo il tipo della dimora, il sesso, la religione, la razza e la lingua",census 1936 final,resident,Sottozona militare di Gat,libyan,dimora=nomade;language,berber,MF,1893
1939,364,"Sahara Libico: popolazione libica residente secondo il tipo della dimora, il sesso, la religione, la razza e la lingua",census 1936 final,resident,Sottozona militare di Gat,libyan,dimora=nomade;language,other,MF,0
1939,364,"Sahara Libico: popolazione libica residente secondo il tipo della dimora, il sesso, la religione, la razza e la lingua",census 1936 final,resident,Sottozona militare di Gat,libyan,dimora=nomade;speaks_italian,yes,MF,0
1939,364,"Sahara Libico: popolazione libica residente secondo il tipo della dimora, il sesso, la religione, la razza e la lingua",census 1936 final,resident,Sottozona militare di Gat,libyan,dimora=all,all,MF,9324
1939,364,"Sahara Libico: popolazione libica residente secondo il tipo della dimora, il sesso, la religione, la razza e la lingua",census 1936 final,resident,Sottozona militare di Gat,libyan,dimora=all,family heads,MF,2381
1939,364,"Sahara Libico: popolazione libica residente secondo il tipo della dimora, il sesso, la religione, la razza e la lingua",census 1936 final,resident,Sottozona militare di Gat,libyan,dimora=all;religion,muslim,MF,9324
1939,364,"Sahara Libico: popolazione libica residente secondo il tipo della dimora, il sesso, la religione, la razza e la lingua",census 1936 final,resident,Sottozona militare di Gat,libyan,dimora=all;religion,jewish,MF,0
1939,364,"Sahara Libico: popolazione libica residente secondo il tipo della dimora, il sesso, la religione, la razza e la lingua",census 1936 final,resident,Sottozona militare di Gat,libyan,dimora=all;race,arab and arab-berber,MF,1674
1939,364,"Sahara Libico: popolazione libica residente secondo il tipo della dimora, il sesso, la religione, la razza e la lingua",census 1936 final,resident,Sottozona militare di Gat,libyan,dimora=all;race,berber,MF,2127
1939,364,"Sahara Libico: popolazione libica residente secondo il tipo della dimora, il sesso, la religione, la razza e la lingua",census 1936 final,resident,Sottozona militare di Gat,libyan,dimora=all;race,cologhli,MF,3331
1939,364,"Sahara Libico: popolazione libica residente secondo il tipo della dimora, il sesso, la religione, la razza e la lingua",census 1936 final,resident,Sottozona militare di Gat,libyan,dimora=all;race,negro,MF,2192
1939,364,"Sahara Libico: popolazione libica residente secondo il tipo della dimora, il sesso, la religione, la razza e la lingua",census 1936 final,resident,Sottozona militare di Gat,libyan,dimora=all;race,other,MF,0
1939,364,"Sahara Libico: popolazione libica residente secondo il tipo della dimora, il sesso, la religione, la razza e la lingua",census 1936 final,resident,Sottozona militare di Gat,libyan,dimora=all;language,arabic,MF,5763
1939,364,"Sahara Libico: popolazione libica residente secondo il tipo della dimora, il sesso, la religione, la razza e la lingua",census 1936 final,resident,Sottozona militare di Gat,libyan,dimora=all;language,berber,MF,3559
1939,364,"Sahara Libico: popolazione libica residente secondo il tipo della dimora, il sesso, la religione, la razza e la lingua",census 1936 final,resident,Sottozona militare di Gat,libyan,dimora=all;language,other,MF,2
1939,364,"Sahara Libico: popolazione libica residente secondo il tipo della dimora, il sesso, la religione, la razza e la lingua",census 1936 final,resident,Sottozona militare di Gat,libyan,dimora=all;speaks_italian,yes,MF,32
1939,364,"Sahara Libico: popolazione libica residente secondo il tipo della dimora, il sesso, la religione, la razza e la lingua",census 1936 final,resident,Sottozona militare di Murzuch,libyan,dimora=stabile,all,MF,8538
1939,364,"Sahara Libico: popolazione libica residente secondo il tipo della dimora, il sesso, la religione, la razza e la lingua",census 1936 final,resident,Sottozona militare di Murzuch,libyan,dimora=stabile,family heads,MF,2073
1939,364,"Sahara Libico: popolazione libica residente secondo il tipo della dimora, il sesso, la religione, la razza e la lingua",census 1936 final,resident,Sottozona militare di Murzuch,libyan,dimora=stabile;religion,muslim,MF,8538
1939,364,"Sahara Libico: popolazione libica residente secondo il tipo della dimora, il sesso, la religione, la razza e la lingua",census 1936 final,resident,Sottozona militare di Murzuch,libyan,dimora=stabile;religion,jewish,MF,0
1939,364,"Sahara Libico: popolazione libica residente secondo il tipo della dimora, il sesso, la religione, la razza e la lingua",census 1936 final,resident,Sottozona militare di Murzuch,libyan,dimora=stabile;race,arab and arab-berber,MF,2359
1939,364,"Sahara Libico: popolazione libica residente secondo il tipo della dimora, il sesso, la religione, la razza e la lingua",census 1936 final,resident,Sottozona militare di Murzuch,libyan,dimora=stabile;race,berber,MF,3121
1939,364,"Sahara Libico: popolazione libica residente secondo il tipo della dimora, il sesso, la religione, la razza e la lingua",census 1936 final,resident,Sottozona militare di Murzuch,libyan,dimora=stabile;race,cologhli,MF,10
1939,364,"Sahara Libico: popolazione libica residente secondo il tipo della dimora, il sesso, la religione, la razza e la lingua",census 1936 final,resident,Sottozona militare di Murzuch,libyan,dimora=stabile;race,negro,MF,3014
1939,364,"Sahara Libico: popolazione libica residente secondo il tipo della dimora, il sesso, la religione, la razza e la lingua",census 1936 final,resident,Sottozona militare di Murzuch,libyan,dimora=stabile;race,other,MF,34
1939,364,"Sahara Libico: popolazione libica residente secondo il tipo della dimora, il sesso, la religione, la razza e la lingua",census 1936 final,resident,Sottozona militare di Murzuch,libyan,dimora=stabile;language,arabic,MF,8392
1939,364,"Sahara Libico: popolazione libica residente secondo il tipo della dimora, il sesso, la religione, la razza e la lingua",census 1936 final,resident,Sottozona militare di Murzuch,libyan,dimora=stabile;language,berber,MF,0
1939,364,"Sahara Libico: popolazione libica residente secondo il tipo della dimora, il sesso, la religione, la razza e la lingua",census 1936 final,resident,Sottozona militare di Murzuch,libyan,dimora=stabile;language,other,MF,146
1939,364,"Sahara Libico: popolazione libica residente secondo il tipo della dimora, il sesso, la religione, la razza e la lingua",census 1936 final,resident,Sottozona militare di Murzuch,libyan,dimora=stabile;speaks_italian,yes,MF,80
1939,364,"Sahara Libico: popolazione libica residente secondo il tipo della dimora, il sesso, la religione, la razza e la lingua",census 1936 final,resident,Sottozona militare di Murzuch,libyan,dimora=seminomade,all,MF,721
1939,364,"Sahara Libico: popolazione libica residente secondo il tipo della dimora, il sesso, la religione, la razza e la lingua",census 1936 final,resident,Sottozona militare di Murzuch,libyan,dimora=seminomade,family heads,MF,152
1939,364,"Sahara Libico: popolazione libica residente secondo il tipo della dimora, il sesso, la religione, la razza e la lingua",census 1936 final,resident,Sottozona militare di Murzuch,libyan,dimora=seminomade;religion,muslim,MF,721
1939,364,"Sahara Libico: popolazione libica residente secondo il tipo della dimora, il sesso, la religione, la razza e la lingua",census 1936 final,resident,Sottozona militare di Murzuch,libyan,dimora=seminomade;religion,jewish,MF,0
1939,364,"Sahara Libico: popolazione libica residente secondo il tipo della dimora, il sesso, la religione, la razza e la lingua",census 1936 final,resident,Sottozona militare di Murzuch,libyan,dimora=seminomade;race,arab and arab-berber,MF,0
1939,364,"Sahara Libico: popolazione libica residente secondo il tipo della dimora, il sesso, la religione, la razza e la lingua",census 1936 final,resident,Sottozona militare di Murzuch,libyan,dimora=seminomade;race,berber,MF,221
1939,364,"Sahara Libico: popolazione libica residente secondo il tipo della dimora, il sesso, la religione, la razza e la lingua",census 1936 final,resident,Sottozona militare di Murzuch,libyan,dimora=seminomade;race,cologhli,MF,0
1939,364,"Sahara Libico: popolazione libica residente secondo il tipo della dimora, il sesso, la religione, la razza e la lingua",census 1936 final,resident,Sottozona militare di Murzuch,libyan,dimora=seminomade;race,negro,MF,92
1939,364,"Sahara Libico: popolazione libica residente secondo il tipo della dimora, il sesso, la religione, la razza e la lingua",census 1936 final,resident,Sottozona militare di Murzuch,libyan,dimora=seminomade;race,other,MF,408
1939,364,"Sahara Libico: popolazione libica residente secondo il tipo della dimora, il sesso, la religione, la razza e la lingua",census 1936 final,resident,Sottozona militare di Murzuch,libyan,dimora=seminomade;language,arabic,MF,7
1939,364,"Sahara Libico: popolazione libica residente secondo il tipo della dimora, il sesso, la religione, la razza e la lingua",census 1936 final,resident,Sottozona militare di Murzuch,libyan,dimora=seminomade;language,berber,MF,306
1939,364,"Sahara Libico: popolazione libica residente secondo il tipo della dimora, il sesso, la religione, la razza e la lingua",census 1936 final,resident,Sottozona militare di Murzuch,libyan,dimora=seminomade;language,other,MF,408
1939,364,"Sahara Libico: popolazione libica residente secondo il tipo della dimora, il sesso, la religione, la razza e la lingua",census 1936 final,resident,Sottozona militare di Murzuch,libyan,dimora=seminomade;speaks_italian,yes,MF,0
1939,364,"Sahara Libico: popolazione libica residente secondo il tipo della dimora, il sesso, la religione, la razza e la lingua",census 1936 final,resident,Sottozona militare di Murzuch,libyan,dimora=all,all,MF,9259
1939,364,"Sahara Libico: popolazione libica residente secondo il tipo della dimora, il sesso, la religione, la razza e la lingua",census 1936 final,resident,Sottozona militare di Murzuch,libyan,dimora=all,family heads,MF,2225
1939,364,"Sahara Libico: popolazione libica residente secondo il tipo della dimora, il sesso, la religione, la razza e la lingua",census 1936 final,resident,Sottozona militare di Murzuch,libyan,dimora=all;religion,muslim,MF,9259
1939,364,"Sahara Libico: popolazione libica residente secondo il tipo della dimora, il sesso, la religione, la razza e la lingua",census 1936 final,resident,Sottozona militare di Murzuch,libyan,dimora=all;religion,jewish,MF,0
1939,364,"Sahara Libico: popolazione libica residente secondo il tipo della dimora, il sesso, la religione, la razza e la lingua",census 1936 final,resident,Sottozona militare di Murzuch,libyan,dimora=all;race,arab and arab-berber,MF,2359
1939,364,"Sahara Libico: popolazione libica residente secondo il tipo della dimora, il sesso, la religione, la razza e la lingua",census 1936 final,resident,Sottozona militare di Murzuch,libyan,dimora=all;race,berber,MF,3342
1939,364,"Sahara Libico: popolazione libica residente secondo il tipo della dimora, il sesso, la religione, la razza e la lingua",census 1936 final,resident,Sottozona militare di Murzuch,libyan,dimora=all;race,cologhli,MF,10
1939,364,"Sahara Libico: popolazione libica residente secondo il tipo della dimora, il sesso, la religione, la razza e la lingua",census 1936 final,resident,Sottozona militare di Murzuch,libyan,dimora=all;race,negro,MF,3106
1939,364,"Sahara Libico: popolazione libica residente secondo il tipo della dimora, il sesso, la religione, la razza e la lingua",census 1936 final,resident,Sottozona militare di Murzuch,libyan,dimora=all;race,other,MF,442
1939,364,"Sahara Libico: popolazione libica residente secondo il tipo della dimora, il sesso, la religione, la razza e la lingua",census 1936 final,resident,Sottozona militare di Murzuch,libyan,dimora=all;language,arabic,MF,8399
1939,364,"Sahara Libico: popolazione libica residente secondo il tipo della dimora, il sesso, la religione, la razza e la lingua",census 1936 final,resident,Sottozona militare di Murzuch,libyan,dimora=all;language,berber,MF,306
1939,364,"Sahara Libico: popolazione libica residente secondo il tipo della dimora, il sesso, la religione, la razza e la lingua",census 1936 final,resident,Sottozona militare di Murzuch,libyan,dimora=all;language,other,MF,554
1939,364,"Sahara Libico: popolazione libica residente secondo il tipo della dimora, il sesso, la religione, la razza e la lingua",census 1936 final,resident,Sottozona militare di Murzuch,libyan,dimora=all;speaks_italian,yes,MF,80
1939,364,"Sahara Libico: popolazione libica residente secondo il tipo della dimora, il sesso, la religione, la razza e la lingua",census 1936 final,resident,Sottozona militare di Hon,libyan,dimora=stabile,all,MF,6291
1939,364,"Sahara Libico: popolazione libica residente secondo il tipo della dimora, il sesso, la religione, la razza e la lingua",census 1936 final,resident,Sottozona militare di Hon,libyan,dimora=stabile,family heads,MF,1562
1939,364,"Sahara Libico: popolazione libica residente secondo il tipo della dimora, il sesso, la religione, la razza e la lingua",census 1936 final,resident,Sottozona militare di Hon,libyan,dimora=stabile;religion,muslim,MF,6277
1939,364,"Sahara Libico: popolazione libica residente secondo il tipo della dimora, il sesso, la religione, la razza e la lingua",census 1936 final,resident,Sottozona militare di Hon,libyan,dimora=stabile;religion,jewish,MF,14
1939,364,"Sahara Libico: popolazione libica residente secondo il tipo della dimora, il sesso, la religione, la razza e la lingua",census 1936 final,resident,Sottozona militare di Hon,libyan,dimora=stabile;race,arab and arab-berber,MF,5116
1939,364,"Sahara Libico: popolazione libica residente secondo il tipo della dimora, il sesso, la religione, la razza e la lingua",census 1936 final,resident,Sottozona militare di Hon,libyan,dimora=stabile;race,berber,MF,643
1939,364,"Sahara Libico: popolazione libica residente secondo il tipo della dimora, il sesso, la religione, la razza e la lingua",census 1936 final,resident,Sottozona militare di Hon,libyan,dimora=stabile;race,cologhli,MF,0
1939,364,"Sahara Libico: popolazione libica residente secondo il tipo della dimora, il sesso, la religione, la razza e la lingua",census 1936 final,resident,Sottozona militare di Hon,libyan,dimora=stabile;race,negro,MF,496
1939,364,"Sahara Libico: popolazione libica residente secondo il tipo della dimora, il sesso, la religione, la razza e la lingua",census 1936 final,resident,Sottozona militare di Hon,libyan,dimora=stabile;race,other,MF,36
1939,364,"Sahara Libico: popolazione libica residente secondo il tipo della dimora, il sesso, la religione, la razza e la lingua",census 1936 final,resident,Sottozona militare di Hon,libyan,dimora=stabile;language,arabic,MF,5756
1939,364,"Sahara Libico: popolazione libica residente secondo il tipo della dimora, il sesso, la religione, la razza e la lingua",census 1936 final,resident,Sottozona militare di Hon,libyan,dimora=stabile;language,berber,MF,523
1939,364,"Sahara Libico: popolazione libica residente secondo il tipo della dimora, il sesso, la religione, la razza e la lingua",census 1936 final,resident,Sottozona militare di Hon,libyan,dimora=stabile;language,other,MF,12
1939,364,"Sahara Libico: popolazione libica residente secondo il tipo della dimora, il sesso, la religione, la razza e la lingua",census 1936 final,resident,Sottozona militare di Hon,libyan,dimora=stabile;speaks_italian,yes,MF,267
1939,364,"Sahara Libico: popolazione libica residente secondo il tipo della dimora, il sesso, la religione, la razza e la lingua",census 1936 final,resident,Sottozona militare di Hon,libyan,dimora=seminomade,all,MF,224
1939,364,"Sahara Libico: popolazione libica residente secondo il tipo della dimora, il sesso, la religione, la razza e la lingua",census 1936 final,resident,Sottozona militare di Hon,libyan,dimora=seminomade,family heads,MF,50
1939,364,"Sahara Libico: popolazione libica residente secondo il tipo della dimora, il sesso, la religione, la razza e la lingua",census 1936 final,resident,Sottozona militare di Hon,libyan,dimora=seminomade;religion,muslim,MF,224
1939,364,"Sahara Libico: popolazione libica residente secondo il tipo della dimora, il sesso, la religione, la razza e la lingua",census 1936 final,resident,Sottozona militare di Hon,libyan,dimora=seminomade;religion,jewish,MF,0
1939,364,"Sahara Libico: popolazione libica residente secondo il tipo della dimora, il sesso, la religione, la razza e la lingua",census 1936 final,resident,Sottozona militare di Hon,libyan,dimora=seminomade;race,arab and arab-berber,MF,221
1939,364,"Sahara Libico: popolazione libica residente secondo il tipo della dimora, il sesso, la religione, la razza e la lingua",census 1936 final,resident,Sottozona militare di Hon,libyan,dimora=seminomade;race,berber,MF,1
1939,364,"Sahara Libico: popolazione libica residente secondo il tipo della dimora, il sesso, la religione, la razza e la lingua",census 1936 final,resident,Sottozona militare di Hon,libyan,dimora=seminomade;race,cologhli,MF,0
1939,364,"Sahara Libico: popolazione libica residente secondo il tipo della dimora, il sesso, la religione, la razza e la lingua",census 1936 final,resident,Sottozona militare di Hon,libyan,dimora=seminomade;race,negro,MF,2
1939,364,"Sahara Libico: popolazione libica residente secondo il tipo della dimora, il sesso, la religione, la razza e la lingua",census 1936 final,resident,Sottozona militare di Hon,libyan,dimora=seminomade;race,other,MF,0
1939,364,"Sahara Libico: popolazione libica residente secondo il tipo della dimora, il sesso, la religione, la razza e la lingua",census 1936 final,resident,Sottozona militare di Hon,libyan,dimora=seminomade;language,arabic,MF,224
1939,364,"Sahara Libico: popolazione libica residente secondo il tipo della dimora, il sesso, la religione, la razza e la lingua",census 1936 final,resident,Sottozona militare di Hon,libyan,dimora=seminomade;language,berber,MF,0
1939,364,"Sahara Libico: popolazione libica residente secondo il tipo della dimora, il sesso, la religione, la razza e la lingua",census 1936 final,resident,Sottozona militare di Hon,libyan,dimora=seminomade;language,other,MF,0
1939,364,"Sahara Libico: popolazione libica residente secondo il tipo della dimora, il sesso, la religione, la razza e la lingua",census 1936 final,resident,Sottozona militare di Hon,libyan,dimora=seminomade;speaks_italian,yes,MF,4
1939,364,"Sahara Libico: popolazione libica residente secondo il tipo della dimora, il sesso, la religione, la razza e la lingua",census 1936 final,resident,Sottozona militare di Hon,libyan,dimora=nomade,all,MF,730
1939,364,"Sahara Libico: popolazione libica residente secondo il tipo della dimora, il sesso, la religione, la razza e la lingua",census 1936 final,resident,Sottozona militare di Hon,libyan,dimora=nomade,family heads,MF,172
1939,364,"Sahara Libico: popolazione libica residente secondo il tipo della dimora, il sesso, la religione, la razza e la lingua",census 1936 final,resident,Sottozona militare di Hon,libyan,dimora=nomade;religion,muslim,MF,730
1939,364,"Sahara Libico: popolazione libica residente secondo il tipo della dimora, il sesso, la religione, la razza e la lingua",census 1936 final,resident,Sottozona militare di Hon,libyan,dimora=nomade;religion,jewish,MF,0
1939,364,"Sahara Libico: popolazione libica residente secondo il tipo della dimora, il sesso, la religione, la razza e la lingua",census 1936 final,resident,Sottozona militare di Hon,libyan,dimora=nomade;race,arab and arab-berber,MF,729
1939,364,"Sahara Libico: popolazione libica residente secondo il tipo della dimora, il sesso, la religione, la razza e la lingua",census 1936 final,resident,Sottozona militare di Hon,libyan,dimora=nomade;race,berber,MF,0
1939,364,"Sahara Libico: popolazione libica residente secondo il tipo della dimora, il sesso, la religione, la razza e la lingua",census 1936 final,resident,Sottozona militare di Hon,libyan,dimora=nomade;race,cologhli,MF,0
1939,364,"Sahara Libico: popolazione libica residente secondo il tipo della dimora, il sesso, la religione, la razza e la lingua",census 1936 final,resident,Sottozona militare di Hon,libyan,dimora=nomade;race,negro,MF,0
1939,364,"Sahara Libico: popolazione libica residente secondo il tipo della dimora, il sesso, la religione, la razza e la lingua",census 1936 final,resident,Sottozona militare di Hon,libyan,dimora=nomade;race,other,MF,1
1939,364,"Sahara Libico: popolazione libica residente secondo il tipo della dimora, il sesso, la religione, la razza e la lingua",census 1936 final,resident,Sottozona militare di Hon,libyan,dimora=nomade;language,arabic,MF,730
1939,364,"Sahara Libico: popolazione libica residente secondo il tipo della dimora, il sesso, la religione, la razza e la lingua",census 1936 final,resident,Sottozona militare di Hon,libyan,dimora=nomade;language,berber,MF,0
1939,364,"Sahara Libico: popolazione libica residente secondo il tipo della dimora, il sesso, la religione, la razza e la lingua",census 1936 final,resident,Sottozona militare di Hon,libyan,dimora=nomade;language,other,MF,0
1939,364,"Sahara Libico: popolazione libica residente secondo il tipo della dimora, il sesso, la religione, la razza e la lingua",census 1936 final,resident,Sottozona militare di Hon,libyan,dimora=nomade;speaks_italian,yes,MF,5
1939,364,"Sahara Libico: popolazione libica residente secondo il tipo della dimora, il sesso, la religione, la razza e la lingua",census 1936 final,resident,Sottozona militare di Hon,libyan,dimora=all,all,MF,7245
1939,364,"Sahara Libico: popolazione libica residente secondo il tipo della dimora, il sesso, la religione, la razza e la lingua",census 1936 final,resident,Sottozona militare di Hon,libyan,dimora=all,family heads,MF,1784
1939,364,"Sahara Libico: popolazione libica residente secondo il tipo della dimora, il sesso, la religione, la razza e la lingua",census 1936 final,resident,Sottozona militare di Hon,libyan,dimora=all;religion,muslim,MF,7231
1939,364,"Sahara Libico: popolazione libica residente secondo il tipo della dimora, il sesso, la religione, la razza e la lingua",census 1936 final,resident,Sottozona militare di Hon,libyan,dimora=all;religion,jewish,MF,14
1939,364,"Sahara Libico: popolazione libica residente secondo il tipo della dimora, il sesso, la religione, la razza e la lingua",census 1936 final,resident,Sottozona militare di Hon,libyan,dimora=all;race,arab and arab-berber,MF,6066
1939,364,"Sahara Libico: popolazione libica residente secondo il tipo della dimora, il sesso, la religione, la razza e la lingua",census 1936 final,resident,Sottozona militare di Hon,libyan,dimora=all;race,berber,MF,644
1939,364,"Sahara Libico: popolazione libica residente secondo il tipo della dimora, il sesso, la religione, la razza e la lingua",census 1936 final,resident,Sottozona militare di Hon,libyan,dimora=all;race,cologhli,MF,0
1939,364,"Sahara Libico: popolazione libica residente secondo il tipo della dimora, il sesso, la religione, la razza e la lingua",census 1936 final,resident,Sottozona militare di Hon,libyan,dimora=all;race,negro,MF,498
1939,364,"Sahara Libico: popolazione libica residente secondo il tipo della dimora, il sesso, la religione, la razza e la lingua",census 1936 final,resident,Sottozona militare di Hon,libyan,dimora=all;race,other,MF,37
1939,364,"Sahara Libico: popolazione libica residente secondo il tipo della dimora, il sesso, la religione, la razza e la lingua",census 1936 final,resident,Sottozona militare di Hon,libyan,dimora=all;language,arabic,MF,6710
1939,364,"Sahara Libico: popolazione libica residente secondo il tipo della dimora, il sesso, la religione, la razza e la lingua",census 1936 final,resident,Sottozona militare di Hon,libyan,dimora=all;language,berber,MF,523
1939,364,"Sahara Libico: popolazione libica residente secondo il tipo della dimora, il sesso, la religione, la razza e la lingua",census 1936 final,resident,Sottozona militare di Hon,libyan,dimora=all;language,other,MF,12
1939,364,"Sahara Libico: popolazione libica residente secondo il tipo della dimora, il sesso, la religione, la razza e la lingua",census 1936 final,resident,Sottozona militare di Hon,libyan,dimora=all;speaks_italian,yes,MF,276
1939,364,"Sahara Libico: popolazione libica residente secondo il tipo della dimora, il sesso, la religione, la razza e la lingua",census 1936 final,resident,Sottozona militare di el-Giof,libyan,dimora=stabile,all,MF,5237
1939,364,"Sahara Libico: popolazione libica residente secondo il tipo della dimora, il sesso, la religione, la razza e la lingua",census 1936 final,resident,Sottozona militare di el-Giof,libyan,dimora=stabile,family heads,MF,1361
1939,364,"Sahara Libico: popolazione libica residente secondo il tipo della dimora, il sesso, la religione, la razza e la lingua",census 1936 final,resident,Sottozona militare di el-Giof,libyan,dimora=stabile;religion,muslim,MF,5237
1939,364,"Sahara Libico: popolazione libica residente secondo il tipo della dimora, il sesso, la religione, la razza e la lingua",census 1936 final,resident,Sottozona militare di el-Giof,libyan,dimora=stabile;religion,jewish,MF,0
1939,364,"Sahara Libico: popolazione libica residente secondo il tipo della dimora, il sesso, la religione, la razza e la lingua",census 1936 final,resident,Sottozona militare di el-Giof,libyan,dimora=stabile;race,arab and arab-berber,MF,4557
1939,364,"Sahara Libico: popolazione libica residente secondo il tipo della dimora, il sesso, la religione, la razza e la lingua",census 1936 final,resident,Sottozona militare di el-Giof,libyan,dimora=stabile;race,berber,MF,0
1939,364,"Sahara Libico: popolazione libica residente secondo il tipo della dimora, il sesso, la religione, la razza e la lingua",census 1936 final,resident,Sottozona militare di el-Giof,libyan,dimora=stabile;race,cologhli,MF,0
1939,364,"Sahara Libico: popolazione libica residente secondo il tipo della dimora, il sesso, la religione, la razza e la lingua",census 1936 final,resident,Sottozona militare di el-Giof,libyan,dimora=stabile;race,negro,MF,448
1939,364,"Sahara Libico: popolazione libica residente secondo il tipo della dimora, il sesso, la religione, la razza e la lingua",census 1936 final,resident,Sottozona militare di el-Giof,libyan,dimora=stabile;race,other,MF,232
1939,364,"Sahara Libico: popolazione libica residente secondo il tipo della dimora, il sesso, la religione, la razza e la lingua",census 1936 final,resident,Sottozona militare di el-Giof,libyan,dimora=stabile;language,arabic,MF,5058
1939,364,"Sahara Libico: popolazione libica residente secondo il tipo della dimora, il sesso, la religione, la razza e la lingua",census 1936 final,resident,Sottozona militare di el-Giof,libyan,dimora=stabile;language,berber,MF,0
1939,364,"Sahara Libico: popolazione libica residente secondo il tipo della dimora, il sesso, la religione, la razza e la lingua",census 1936 final,resident,Sottozona militare di el-Giof,libyan,dimora=stabile;language,other,MF,179
1939,364,"Sahara Libico: popolazione libica residente secondo il tipo della dimora, il sesso, la religione, la razza e la lingua",census 1936 final,resident,Sottozona militare di el-Giof,libyan,dimora=stabile;speaks_italian,yes,MF,105
1939,364,"Sahara Libico: popolazione libica residente secondo il tipo della dimora, il sesso, la religione, la razza e la lingua",census 1936 final,resident,Territorio Militare del Sud,libyan,dimora=stabile,all,MF,42840
1939,364,"Sahara Libico: popolazione libica residente secondo il tipo della dimora, il sesso, la religione, la razza e la lingua",census 1936 final,resident,Territorio Militare del Sud,libyan,dimora=stabile,family heads,MF,10797
1939,364,"Sahara Libico: popolazione libica residente secondo il tipo della dimora, il sesso, la religione, la razza e la lingua",census 1936 final,resident,Territorio Militare del Sud,libyan,dimora=stabile;religion,muslim,MF,42824
1939,364,"Sahara Libico: popolazione libica residente secondo il tipo della dimora, il sesso, la religione, la razza e la lingua",census 1936 final,resident,Territorio Militare del Sud,libyan,dimora=stabile;religion,jewish,MF,16
1939,364,"Sahara Libico: popolazione libica residente secondo il tipo della dimora, il sesso, la religione, la razza e la lingua",census 1936 final,resident,Territorio Militare del Sud,libyan,dimora=stabile;race,arab and arab-berber,MF,24325
1939,364,"Sahara Libico: popolazione libica residente secondo il tipo della dimora, il sesso, la religione, la razza e la lingua",census 1936 final,resident,Territorio Militare del Sud,libyan,dimora=stabile;race,berber,MF,4898
1939,364,"Sahara Libico: popolazione libica residente secondo il tipo della dimora, il sesso, la religione, la razza e la lingua",census 1936 final,resident,Territorio Militare del Sud,libyan,dimora=stabile;race,cologhli,MF,3341
1939,364,"Sahara Libico: popolazione libica residente secondo il tipo della dimora, il sesso, la religione, la razza e la lingua",census 1936 final,resident,Territorio Militare del Sud,libyan,dimora=stabile;race,negro,MF,9970
1939,364,"Sahara Libico: popolazione libica residente secondo il tipo della dimora, il sesso, la religione, la razza e la lingua",census 1936 final,resident,Territorio Militare del Sud,libyan,dimora=stabile;race,other,MF,306
1939,364,"Sahara Libico: popolazione libica residente secondo il tipo della dimora, il sesso, la religione, la razza e la lingua",census 1936 final,resident,Territorio Militare del Sud,libyan,dimora=stabile;language,arabic,MF,40301
1939,364,"Sahara Libico: popolazione libica residente secondo il tipo della dimora, il sesso, la religione, la razza e la lingua",census 1936 final,resident,Territorio Militare del Sud,libyan,dimora=stabile;language,berber,MF,2197
1939,364,"Sahara Libico: popolazione libica residente secondo il tipo della dimora, il sesso, la religione, la razza e la lingua",census 1936 final,resident,Territorio Militare del Sud,libyan,dimora=stabile;language,other,MF,342
1939,364,"Sahara Libico: popolazione libica residente secondo il tipo della dimora, il sesso, la religione, la razza e la lingua",census 1936 final,resident,Territorio Militare del Sud,libyan,dimora=stabile;speaks_italian,yes,MF,862
1939,364,"Sahara Libico: popolazione libica residente secondo il tipo della dimora, il sesso, la religione, la razza e la lingua",census 1936 final,resident,Territorio Militare del Sud,libyan,dimora=seminomade,all,MF,2024
1939,364,"Sahara Libico: popolazione libica residente secondo il tipo della dimora, il sesso, la religione, la razza e la lingua",census 1936 final,resident,Territorio Militare del Sud,libyan,dimora=seminomade,family heads,MF,464
1939,364,"Sahara Libico: popolazione libica residente secondo il tipo della dimora, il sesso, la religione, la razza e la lingua",census 1936 final,resident,Territorio Militare del Sud,libyan,dimora=seminomade;religion,muslim,MF,2024
1939,364,"Sahara Libico: popolazione libica residente secondo il tipo della dimora, il sesso, la religione, la razza e la lingua",census 1936 final,resident,Territorio Militare del Sud,libyan,dimora=seminomade;religion,jewish,MF,0
1939,364,"Sahara Libico: popolazione libica residente secondo il tipo della dimora, il sesso, la religione, la razza e la lingua",census 1936 final,resident,Territorio Militare del Sud,libyan,dimora=seminomade;race,arab and arab-berber,MF,1128
1939,364,"Sahara Libico: popolazione libica residente secondo il tipo della dimora, il sesso, la religione, la razza e la lingua",census 1936 final,resident,Territorio Militare del Sud,libyan,dimora=seminomade;race,berber,MF,222
1939,364,"Sahara Libico: popolazione libica residente secondo il tipo della dimora, il sesso, la religione, la razza e la lingua",census 1936 final,resident,Territorio Militare del Sud,libyan,dimora=seminomade;race,cologhli,MF,0
1939,364,"Sahara Libico: popolazione libica residente secondo il tipo della dimora, il sesso, la religione, la razza e la lingua",census 1936 final,resident,Territorio Militare del Sud,libyan,dimora=seminomade;race,negro,MF,266
1939,364,"Sahara Libico: popolazione libica residente secondo il tipo della dimora, il sesso, la religione, la razza e la lingua",census 1936 final,resident,Territorio Militare del Sud,libyan,dimora=seminomade;race,other,MF,408
1939,364,"Sahara Libico: popolazione libica residente secondo il tipo della dimora, il sesso, la religione, la razza e la lingua",census 1936 final,resident,Territorio Militare del Sud,libyan,dimora=seminomade;language,arabic,MF,1310
1939,364,"Sahara Libico: popolazione libica residente secondo il tipo della dimora, il sesso, la religione, la razza e la lingua",census 1936 final,resident,Territorio Militare del Sud,libyan,dimora=seminomade;language,berber,MF,306
1939,364,"Sahara Libico: popolazione libica residente secondo il tipo della dimora, il sesso, la religione, la razza e la lingua",census 1936 final,resident,Territorio Militare del Sud,libyan,dimora=seminomade;language,other,MF,408
1939,364,"Sahara Libico: popolazione libica residente secondo il tipo della dimora, il sesso, la religione, la razza e la lingua",census 1936 final,resident,Territorio Militare del Sud,libyan,dimora=seminomade;speaks_italian,yes,MF,39
1939,364,"Sahara Libico: popolazione libica residente secondo il tipo della dimora, il sesso, la religione, la razza e la lingua",census 1936 final,resident,Territorio Militare del Sud,libyan,dimora=nomade,all,MF,3301
1939,364,"Sahara Libico: popolazione libica residente secondo il tipo della dimora, il sesso, la religione, la razza e la lingua",census 1936 final,resident,Territorio Militare del Sud,libyan,dimora=nomade,family heads,MF,758
1939,364,"Sahara Libico: popolazione libica residente secondo il tipo della dimora, il sesso, la religione, la razza e la lingua",census 1936 final,resident,Territorio Militare del Sud,libyan,dimora=nomade;religion,muslim,MF,3301
1939,364,"Sahara Libico: popolazione libica residente secondo il tipo della dimora, il sesso, la religione, la razza e la lingua",census 1936 final,resident,Territorio Militare del Sud,libyan,dimora=nomade;religion,jewish,MF,0
1939,364,"Sahara Libico: popolazione libica residente secondo il tipo della dimora, il sesso, la religione, la razza e la lingua",census 1936 final,resident,Territorio Militare del Sud,libyan,dimora=nomade;race,arab and arab-berber,MF,1393
1939,364,"Sahara Libico: popolazione libica residente secondo il tipo della dimora, il sesso, la religione, la razza e la lingua",census 1936 final,resident,Territorio Militare del Sud,libyan,dimora=nomade;race,berber,MF,1649
1939,364,"Sahara Libico: popolazione libica residente secondo il tipo della dimora, il sesso, la religione, la razza e la lingua",census 1936 final,resident,Territorio Militare del Sud,libyan,dimora=nomade;race,cologhli,MF,0
1939,364,"Sahara Libico: popolazione libica residente secondo il tipo della dimora, il sesso, la religione, la razza e la lingua",census 1936 final,resident,Territorio Militare del Sud,libyan,dimora=nomade;race,negro,MF,258
1939,364,"Sahara Libico: popolazione libica residente secondo il tipo della dimora, il sesso, la religione, la razza e la lingua",census 1936 final,resident,Territorio Militare del Sud,libyan,dimora=nomade;race,other,MF,1
1939,364,"Sahara Libico: popolazione libica residente secondo il tipo della dimora, il sesso, la religione, la razza e la lingua",census 1936 final,resident,Territorio Militare del Sud,libyan,dimora=nomade;language,arabic,MF,1408
1939,364,"Sahara Libico: popolazione libica residente secondo il tipo della dimora, il sesso, la religione, la razza e la lingua",census 1936 final,resident,Territorio Militare del Sud,libyan,dimora=nomade;language,berber,MF,1893
1939,364,"Sahara Libico: popolazione libica residente secondo il tipo della dimora, il sesso, la religione, la razza e la lingua",census 1936 final,resident,Territorio Militare del Sud,libyan,dimora=nomade;language,other,MF,0
1939,364,"Sahara Libico: popolazione libica residente secondo il tipo della dimora, il sesso, la religione, la razza e la lingua",census 1936 final,resident,Territorio Militare del Sud,libyan,dimora=nomade;speaks_italian,yes,MF,8
1939,364,"Sahara Libico: popolazione libica residente secondo il tipo della dimora, il sesso, la religione, la razza e la lingua",census 1936 final,resident,Territorio Militare del Sud,libyan,dimora=all,all,MF,48165
1939,364,"Sahara Libico: popolazione libica residente secondo il tipo della dimora, il sesso, la religione, la razza e la lingua",census 1936 final,resident,Territorio Militare del Sud,libyan,dimora=all,family heads,MF,12019
1939,364,"Sahara Libico: popolazione libica residente secondo il tipo della dimora, il sesso, la religione, la razza e la lingua",census 1936 final,resident,Territorio Militare del Sud,libyan,dimora=all;religion,muslim,MF,48149
1939,364,"Sahara Libico: popolazione libica residente secondo il tipo della dimora, il sesso, la religione, la razza e la lingua",census 1936 final,resident,Territorio Militare del Sud,libyan,dimora=all;religion,jewish,MF,16
1939,364,"Sahara Libico: popolazione libica residente secondo il tipo della dimora, il sesso, la religione, la razza e la lingua",census 1936 final,resident,Territorio Militare del Sud,libyan,dimora=all;race,arab and arab-berber,MF,26846
1939,364,"Sahara Libico: popolazione libica residente secondo il tipo della dimora, il sesso, la religione, la razza e la lingua",census 1936 final,resident,Territorio Militare del Sud,libyan,dimora=all;race,berber,MF,6769
1939,364,"Sahara Libico: popolazione libica residente secondo il tipo della dimora, il sesso, la religione, la razza e la lingua",census 1936 final,resident,Territorio Militare del Sud,libyan,dimora=all;race,cologhli,MF,3341
1939,364,"Sahara Libico: popolazione libica residente secondo il tipo della dimora, il sesso, la religione, la razza e la lingua",census 1936 final,resident,Territorio Militare del Sud,libyan,dimora=all;race,negro,MF,10494
1939,364,"Sahara Libico: popolazione libica residente secondo il tipo della dimora, il sesso, la religione, la razza e la lingua",census 1936 final,resident,Territorio Militare del Sud,libyan,dimora=all;race,other,MF,715
1939,364,"Sahara Libico: popolazione libica residente secondo il tipo della dimora, il sesso, la religione, la razza e la lingua",census 1936 final,resident,Territorio Militare del Sud,libyan,dimora=all;language,arabic,MF,43019
1939,364,"Sahara Libico: popolazione libica residente secondo il tipo della dimora, il sesso, la religione, la razza e la lingua",census 1936 final,resident,Territorio Militare del Sud,libyan,dimora=all;language,berber,MF,4396
1939,364,"Sahara Libico: popolazione libica residente secondo il tipo della dimora, il sesso, la religione, la razza e la lingua",census 1936 final,resident,Territorio Militare del Sud,libyan,dimora=all;language,other,MF,750
1939,364,"Sahara Libico: popolazione libica residente secondo il tipo della dimora, il sesso, la religione, la razza e la lingua",census 1936 final,resident,Territorio Militare del Sud,libyan,dimora=all;speaks_italian,yes,MF,909
1937,311,Popolazione: risultati del censimento al 21 aprile 1936 (dati provvisori),census 1936 provisional,present (heading),Provincia di Tripoli,all,total,all,MF,398250
1937,311,Popolazione: risultati del censimento al 21 aprile 1936 (dati provvisori),census 1936 provisional,present (heading),Provincia di Tripoli,settlers,total,all,MF,40790
1937,311,Popolazione: risultati del censimento al 21 aprile 1936 (dati provvisori),census 1936 provisional,present (heading),Provincia di Tripoli,settlers,total,all,M,21533
1937,311,Popolazione: risultati del censimento al 21 aprile 1936 (dati provvisori),census 1936 provisional,present (heading),Provincia di Tripoli,settlers,total,all,F,19257
1937,311,Popolazione: risultati del censimento al 21 aprile 1936 (dati provvisori),census 1936 provisional,present (heading),Provincia di Tripoli,libyan,dimora,all,MF,357460
1937,311,Popolazione: risultati del censimento al 21 aprile 1936 (dati provvisori),census 1936 provisional,present (heading),Provincia di Tripoli,libyan,dimora,stabile,MF,292396
1937,311,Popolazione: risultati del censimento al 21 aprile 1936 (dati provvisori),census 1936 provisional,present (heading),Provincia di Tripoli,libyan,dimora,seminomade,MF,36022
1937,311,Popolazione: risultati del censimento al 21 aprile 1936 (dati provvisori),census 1936 provisional,present (heading),Provincia di Tripoli,libyan,dimora,nomade,MF,29042
1937,311,Popolazione: risultati del censimento al 21 aprile 1936 (dati provvisori),census 1936 provisional,present (heading),Provincia di Tripoli,libyan,religion,muslim,MF,336509
1937,311,Popolazione: risultati del censimento al 21 aprile 1936 (dati provvisori),census 1936 provisional,present (heading),Provincia di Tripoli,libyan,religion,jewish,MF,20703
1937,311,Popolazione: risultati del censimento al 21 aprile 1936 (dati provvisori),census 1936 provisional,present (heading),Provincia di Tripoli,libyan,religion,other,MF,248
1937,311,Popolazione: risultati del censimento al 21 aprile 1936 (dati provvisori),census 1936 provisional,present (heading),Provincia di Misurata,all,total,all,MF,218611
1937,311,Popolazione: risultati del censimento al 21 aprile 1936 (dati provvisori),census 1936 provisional,present (heading),Provincia di Misurata,settlers,total,all,MF,2391
1937,311,Popolazione: risultati del censimento al 21 aprile 1936 (dati provvisori),census 1936 provisional,present (heading),Provincia di Misurata,settlers,total,all,M,1563
1937,311,Popolazione: risultati del censimento al 21 aprile 1936 (dati provvisori),census 1936 provisional,present (heading),Provincia di Misurata,settlers,total,all,F,828
1937,311,Popolazione: risultati del censimento al 21 aprile 1936 (dati provvisori),census 1936 provisional,present (heading),Provincia di Misurata,libyan,dimora,all,MF,216220
1937,311,Popolazione: risultati del censimento al 21 aprile 1936 (dati provvisori),census 1936 provisional,present (heading),Provincia di Misurata,libyan,dimora,stabile,MF,180232
1937,311,Popolazione: risultati del censimento al 21 aprile 1936 (dati provvisori),census 1936 provisional,present (heading),Provincia di Misurata,libyan,dimora,seminomade,MF,35735
1937,311,Popolazione: risultati del censimento al 21 aprile 1936 (dati provvisori),census 1936 provisional,present (heading),Provincia di Misurata,libyan,dimora,nomade,MF,253
1937,311,Popolazione: risultati del censimento al 21 aprile 1936 (dati provvisori),census 1936 provisional,present (heading),Provincia di Misurata,libyan,religion,muslim,MF,213292
1937,311,Popolazione: risultati del censimento al 21 aprile 1936 (dati provvisori),census 1936 provisional,present (heading),Provincia di Misurata,libyan,religion,jewish,MF,2920
1937,311,Popolazione: risultati del censimento al 21 aprile 1936 (dati provvisori),census 1936 provisional,present (heading),Provincia di Misurata,libyan,religion,other,MF,8
1937,311,Popolazione: risultati del censimento al 21 aprile 1936 (dati provvisori),census 1936 provisional,present (heading),Provincia di Bengasi,all,total,all,MF,116899
1937,311,Popolazione: risultati del censimento al 21 aprile 1936 (dati provvisori),census 1936 provisional,present (heading),Provincia di Bengasi,settlers,total,all,MF,17551
1937,311,Popolazione: risultati del censimento al 21 aprile 1936 (dati provvisori),census 1936 provisional,present (heading),Provincia di Bengasi,settlers,total,all,M,9621
1937,311,Popolazione: risultati del censimento al 21 aprile 1936 (dati provvisori),census 1936 provisional,present (heading),Provincia di Bengasi,settlers,total,all,F,7930
1937,311,Popolazione: risultati del censimento al 21 aprile 1936 (dati provvisori),census 1936 provisional,present (heading),Provincia di Bengasi,libyan,dimora,all,MF,99348
1937,311,Popolazione: risultati del censimento al 21 aprile 1936 (dati provvisori),census 1936 provisional,present (heading),Provincia di Bengasi,libyan,dimora,stabile,MF,90554
1937,311,Popolazione: risultati del censimento al 21 aprile 1936 (dati provvisori),census 1936 provisional,present (heading),Provincia di Bengasi,libyan,dimora,seminomade,MF,8793
1937,311,Popolazione: risultati del censimento al 21 aprile 1936 (dati provvisori),census 1936 provisional,present (heading),Provincia di Bengasi,libyan,dimora,nomade,MF,1
1937,311,Popolazione: risultati del censimento al 21 aprile 1936 (dati provvisori),census 1936 provisional,present (heading),Provincia di Bengasi,libyan,religion,muslim,MF,95025
1937,311,Popolazione: risultati del censimento al 21 aprile 1936 (dati provvisori),census 1936 provisional,present (heading),Provincia di Bengasi,libyan,religion,jewish,MF,3423
1937,311,Popolazione: risultati del censimento al 21 aprile 1936 (dati provvisori),census 1936 provisional,present (heading),Provincia di Bengasi,libyan,religion,other,MF,900
1937,311,Popolazione: risultati del censimento al 21 aprile 1936 (dati provvisori),census 1936 provisional,present (heading),Provincia di Derna,all,total,all,MF,56406
1937,311,Popolazione: risultati del censimento al 21 aprile 1936 (dati provvisori),census 1936 provisional,present (heading),Provincia di Derna,settlers,total,all,MF,5555
1937,311,Popolazione: risultati del censimento al 21 aprile 1936 (dati provvisori),census 1936 provisional,present (heading),Provincia di Derna,settlers,total,all,M,3490
1937,311,Popolazione: risultati del censimento al 21 aprile 1936 (dati provvisori),census 1936 provisional,present (heading),Provincia di Derna,settlers,total,all,F,2065
1937,311,Popolazione: risultati del censimento al 21 aprile 1936 (dati provvisori),census 1936 provisional,present (heading),Provincia di Derna,libyan,dimora,all,MF,50851
1937,311,Popolazione: risultati del censimento al 21 aprile 1936 (dati provvisori),census 1936 provisional,present (heading),Provincia di Derna,libyan,dimora,stabile,MF,44052
1937,311,Popolazione: risultati del censimento al 21 aprile 1936 (dati provvisori),census 1936 provisional,present (heading),Provincia di Derna,libyan,dimora,seminomade,MF,6704
1937,311,Popolazione: risultati del censimento al 21 aprile 1936 (dati provvisori),census 1936 provisional,present (heading),Provincia di Derna,libyan,dimora,nomade,MF,95
1937,311,Popolazione: risultati del censimento al 21 aprile 1936 (dati provvisori),census 1936 provisional,present (heading),Provincia di Derna,libyan,religion,muslim,MF,43081
1937,311,Popolazione: risultati del censimento al 21 aprile 1936 (dati provvisori),census 1936 provisional,present (heading),Provincia di Derna,libyan,religion,jewish,MF,678
1937,311,Popolazione: risultati del censimento al 21 aprile 1936 (dati provvisori),census 1936 provisional,present (heading),Provincia di Derna,libyan,religion,other,MF,7092
1937,311,Popolazione: risultati del censimento al 21 aprile 1936 (dati provvisori),census 1936 provisional,present (heading),Territorio Militare del Sud,all,total,all,MF,49358
1937,311,Popolazione: risultati del censimento al 21 aprile 1936 (dati provvisori),census 1936 provisional,present (heading),Territorio Militare del Sud,settlers,total,all,MF,238
1937,311,Popolazione: risultati del censimento al 21 aprile 1936 (dati provvisori),census 1936 provisional,present (heading),Territorio Militare del Sud,settlers,total,all,M,226
1937,311,Popolazione: risultati del censimento al 21 aprile 1936 (dati provvisori),census 1936 provisional,present (heading),Territorio Militare del Sud,settlers,total,all,F,12
1937,311,Popolazione: risultati del censimento al 21 aprile 1936 (dati provvisori),census 1936 provisional,present (heading),Territorio Militare del Sud,libyan,dimora,all,MF,49120
1937,311,Popolazione: risultati del censimento al 21 aprile 1936 (dati provvisori),census 1936 provisional,present (heading),Territorio Militare del Sud,libyan,dimora,stabile,MF,43775
1937,311,Popolazione: risultati del censimento al 21 aprile 1936 (dati provvisori),census 1936 provisional,present (heading),Territorio Militare del Sud,libyan,dimora,seminomade,MF,2044
1937,311,Popolazione: risultati del censimento al 21 aprile 1936 (dati provvisori),census 1936 provisional,present (heading),Territorio Militare del Sud,libyan,dimora,nomade,MF,3301
1937,311,Popolazione: risultati del censimento al 21 aprile 1936 (dati provvisori),census 1936 provisional,present (heading),Territorio Militare del Sud,libyan,religion,muslim,MF,48746
1937,311,Popolazione: risultati del censimento al 21 aprile 1936 (dati provvisori),census 1936 provisional,present (heading),Territorio Militare del Sud,libyan,religion,jewish,MF,16
1937,311,Popolazione: risultati del censimento al 21 aprile 1936 (dati provvisori),census 1936 provisional,present (heading),Territorio Militare del Sud,libyan,religion,other,MF,358
1937,311,Popolazione: risultati del censimento al 21 aprile 1936 (dati provvisori),census 1936 provisional,present (heading),LIBIA,all,total,all,MF,839524
1937,311,Popolazione: risultati del censimento al 21 aprile 1936 (dati provvisori),census 1936 provisional,present (heading),LIBIA,settlers,total,all,MF,66525
1937,311,Popolazione: risultati del censimento al 21 aprile 1936 (dati provvisori),census 1936 provisional,present (heading),LIBIA,settlers,total,all,M,36433
1937,311,Popolazione: risultati del censimento al 21 aprile 1936 (dati provvisori),census 1936 provisional,present (heading),LIBIA,settlers,total,all,F,30092
1937,311,Popolazione: risultati del censimento al 21 aprile 1936 (dati provvisori),census 1936 provisional,present (heading),LIBIA,libyan,dimora,all,MF,772999
1937,311,Popolazione: risultati del censimento al 21 aprile 1936 (dati provvisori),census 1936 provisional,present (heading),LIBIA,libyan,dimora,stabile,MF,651009
1937,311,Popolazione: risultati del censimento al 21 aprile 1936 (dati provvisori),census 1936 provisional,present (heading),LIBIA,libyan,dimora,seminomade,MF,89298
1937,311,Popolazione: risultati del censimento al 21 aprile 1936 (dati provvisori),census 1936 provisional,present (heading),LIBIA,libyan,dimora,nomade,MF,32692
1937,311,Popolazione: risultati del censimento al 21 aprile 1936 (dati provvisori),census 1936 provisional,present (heading),LIBIA,libyan,religion,muslim,MF,736653
1937,311,Popolazione: risultati del censimento al 21 aprile 1936 (dati provvisori),census 1936 provisional,present (heading),LIBIA,libyan,religion,jewish,MF,27740
1937,311,Popolazione: risultati del censimento al 21 aprile 1936 (dati provvisori),census 1936 provisional,present (heading),LIBIA,libyan,religion,other,MF,8606
1938,325,Popolazione: risultati del censimento al 21 aprile 1936 (dati provvisori),census 1936 provisional,resident (heading),Provincia di Tripoli,all,total,all,MF,398250
1938,325,Popolazione: risultati del censimento al 21 aprile 1936 (dati provvisori),census 1936 provisional,resident (heading),Provincia di Tripoli,settlers,total,all,MF,40790
1938,325,Popolazione: risultati del censimento al 21 aprile 1936 (dati provvisori),census 1936 provisional,resident (heading),Provincia di Tripoli,settlers,total,all,M,21533
1938,325,Popolazione: risultati del censimento al 21 aprile 1936 (dati provvisori),census 1936 provisional,resident (heading),Provincia di Tripoli,settlers,total,all,F,19257
1938,325,Popolazione: risultati del censimento al 21 aprile 1936 (dati provvisori),census 1936 provisional,resident (heading),Provincia di Tripoli,libyan,dimora,all,MF,357460
1938,325,Popolazione: risultati del censimento al 21 aprile 1936 (dati provvisori),census 1936 provisional,resident (heading),Provincia di Tripoli,libyan,dimora,stabile,MF,292396
1938,325,Popolazione: risultati del censimento al 21 aprile 1936 (dati provvisori),census 1936 provisional,resident (heading),Provincia di Tripoli,libyan,dimora,seminomade,MF,36022
1938,325,Popolazione: risultati del censimento al 21 aprile 1936 (dati provvisori),census 1936 provisional,resident (heading),Provincia di Tripoli,libyan,dimora,nomade,MF,29042
1938,325,Popolazione: risultati del censimento al 21 aprile 1936 (dati provvisori),census 1936 provisional,resident (heading),Provincia di Tripoli,libyan,religion,muslim,MF,336509
1938,325,Popolazione: risultati del censimento al 21 aprile 1936 (dati provvisori),census 1936 provisional,resident (heading),Provincia di Tripoli,libyan,religion,jewish,MF,20703
1938,325,Popolazione: risultati del censimento al 21 aprile 1936 (dati provvisori),census 1936 provisional,resident (heading),Provincia di Tripoli,libyan,religion,other,MF,248
1938,325,Popolazione: risultati del censimento al 21 aprile 1936 (dati provvisori),census 1936 provisional,resident (heading),Provincia di Misurata,all,total,all,MF,218611
1938,325,Popolazione: risultati del censimento al 21 aprile 1936 (dati provvisori),census 1936 provisional,resident (heading),Provincia di Misurata,settlers,total,all,MF,2391
1938,325,Popolazione: risultati del censimento al 21 aprile 1936 (dati provvisori),census 1936 provisional,resident (heading),Provincia di Misurata,settlers,total,all,M,1563
1938,325,Popolazione: risultati del censimento al 21 aprile 1936 (dati provvisori),census 1936 provisional,resident (heading),Provincia di Misurata,settlers,total,all,F,828
1938,325,Popolazione: risultati del censimento al 21 aprile 1936 (dati provvisori),census 1936 provisional,resident (heading),Provincia di Misurata,libyan,dimora,all,MF,216220
1938,325,Popolazione: risultati del censimento al 21 aprile 1936 (dati provvisori),census 1936 provisional,resident (heading),Provincia di Misurata,libyan,dimora,stabile,MF,180232
1938,325,Popolazione: risultati del censimento al 21 aprile 1936 (dati provvisori),census 1936 provisional,resident (heading),Provincia di Misurata,libyan,dimora,seminomade,MF,35735
1938,325,Popolazione: risultati del censimento al 21 aprile 1936 (dati provvisori),census 1936 provisional,resident (heading),Provincia di Misurata,libyan,dimora,nomade,MF,253
1938,325,Popolazione: risultati del censimento al 21 aprile 1936 (dati provvisori),census 1936 provisional,resident (heading),Provincia di Misurata,libyan,religion,muslim,MF,213292
1938,325,Popolazione: risultati del censimento al 21 aprile 1936 (dati provvisori),census 1936 provisional,resident (heading),Provincia di Misurata,libyan,religion,jewish,MF,2920
1938,325,Popolazione: risultati del censimento al 21 aprile 1936 (dati provvisori),census 1936 provisional,resident (heading),Provincia di Misurata,libyan,religion,other,MF,8
1938,325,Popolazione: risultati del censimento al 21 aprile 1936 (dati provvisori),census 1936 provisional,resident (heading),Provincia di Bengasi,all,total,all,MF,116899
1938,325,Popolazione: risultati del censimento al 21 aprile 1936 (dati provvisori),census 1936 provisional,resident (heading),Provincia di Bengasi,settlers,total,all,MF,17551
1938,325,Popolazione: risultati del censimento al 21 aprile 1936 (dati provvisori),census 1936 provisional,resident (heading),Provincia di Bengasi,settlers,total,all,M,9621
1938,325,Popolazione: risultati del censimento al 21 aprile 1936 (dati provvisori),census 1936 provisional,resident (heading),Provincia di Bengasi,settlers,total,all,F,7930
1938,325,Popolazione: risultati del censimento al 21 aprile 1936 (dati provvisori),census 1936 provisional,resident (heading),Provincia di Bengasi,libyan,dimora,all,MF,99348
1938,325,Popolazione: risultati del censimento al 21 aprile 1936 (dati provvisori),census 1936 provisional,resident (heading),Provincia di Bengasi,libyan,dimora,stabile,MF,90554
1938,325,Popolazione: risultati del censimento al 21 aprile 1936 (dati provvisori),census 1936 provisional,resident (heading),Provincia di Bengasi,libyan,dimora,seminomade,MF,8793
1938,325,Popolazione: risultati del censimento al 21 aprile 1936 (dati provvisori),census 1936 provisional,resident (heading),Provincia di Bengasi,libyan,dimora,nomade,MF,1
1938,325,Popolazione: risultati del censimento al 21 aprile 1936 (dati provvisori),census 1936 provisional,resident (heading),Provincia di Bengasi,libyan,religion,muslim,MF,95025
1938,325,Popolazione: risultati del censimento al 21 aprile 1936 (dati provvisori),census 1936 provisional,resident (heading),Provincia di Bengasi,libyan,religion,jewish,MF,3423
1938,325,Popolazione: risultati del censimento al 21 aprile 1936 (dati provvisori),census 1936 provisional,resident (heading),Provincia di Bengasi,libyan,religion,other,MF,900
1938,325,Popolazione: risultati del censimento al 21 aprile 1936 (dati provvisori),census 1936 provisional,resident (heading),Provincia di Derna,all,total,all,MF,56406
1938,325,Popolazione: risultati del censimento al 21 aprile 1936 (dati provvisori),census 1936 provisional,resident (heading),Provincia di Derna,settlers,total,all,MF,5555
1938,325,Popolazione: risultati del censimento al 21 aprile 1936 (dati provvisori),census 1936 provisional,resident (heading),Provincia di Derna,settlers,total,all,M,3490
1938,325,Popolazione: risultati del censimento al 21 aprile 1936 (dati provvisori),census 1936 provisional,resident (heading),Provincia di Derna,settlers,total,all,F,2065
1938,325,Popolazione: risultati del censimento al 21 aprile 1936 (dati provvisori),census 1936 provisional,resident (heading),Provincia di Derna,libyan,dimora,all,MF,50851
1938,325,Popolazione: risultati del censimento al 21 aprile 1936 (dati provvisori),census 1936 provisional,resident (heading),Provincia di Derna,libyan,dimora,stabile,MF,44052
1938,325,Popolazione: risultati del censimento al 21 aprile 1936 (dati provvisori),census 1936 provisional,resident (heading),Provincia di Derna,libyan,dimora,seminomade,MF,6704
1938,325,Popolazione: risultati del censimento al 21 aprile 1936 (dati provvisori),census 1936 provisional,resident (heading),Provincia di Derna,libyan,dimora,nomade,MF,95
1938,325,Popolazione: risultati del censimento al 21 aprile 1936 (dati provvisori),census 1936 provisional,resident (heading),Provincia di Derna,libyan,religion,muslim,MF,43081
1938,325,Popolazione: risultati del censimento al 21 aprile 1936 (dati provvisori),census 1936 provisional,resident (heading),Provincia di Derna,libyan,religion,jewish,MF,678
1938,325,Popolazione: risultati del censimento al 21 aprile 1936 (dati provvisori),census 1936 provisional,resident (heading),Provincia di Derna,libyan,religion,other,MF,7092
1938,325,Popolazione: risultati del censimento al 21 aprile 1936 (dati provvisori),census 1936 provisional,resident (heading),Territorio Militare del Sud,all,total,all,MF,49358
1938,325,Popolazione: risultati del censimento al 21 aprile 1936 (dati provvisori),census 1936 provisional,resident (heading),Territorio Militare del Sud,settlers,total,all,MF,238
1938,325,Popolazione: risultati del censimento al 21 aprile 1936 (dati provvisori),census 1936 provisional,resident (heading),Territorio Militare del Sud,settlers,total,all,M,226
1938,325,Popolazione: risultati del censimento al 21 aprile 1936 (dati provvisori),census 1936 provisional,resident (heading),Territorio Militare del Sud,settlers,total,all,F,12
1938,325,Popolazione: risultati del censimento al 21 aprile 1936 (dati provvisori),census 1936 provisional,resident (heading),Territorio Militare del Sud,libyan,dimora,all,MF,49120
1938,325,Popolazione: risultati del censimento al 21 aprile 1936 (dati provvisori),census 1936 provisional,resident (heading),Territorio Militare del Sud,libyan,dimora,stabile,MF,43775
1938,325,Popolazione: risultati del censimento al 21 aprile 1936 (dati provvisori),census 1936 provisional,resident (heading),Territorio Militare del Sud,libyan,dimora,seminomade,MF,2044
1938,325,Popolazione: risultati del censimento al 21 aprile 1936 (dati provvisori),census 1936 provisional,resident (heading),Territorio Militare del Sud,libyan,dimora,nomade,MF,3301
1938,325,Popolazione: risultati del censimento al 21 aprile 1936 (dati provvisori),census 1936 provisional,resident (heading),Territorio Militare del Sud,libyan,religion,muslim,MF,48746
1938,325,Popolazione: risultati del censimento al 21 aprile 1936 (dati provvisori),census 1936 provisional,resident (heading),Territorio Militare del Sud,libyan,religion,jewish,MF,16
1938,325,Popolazione: risultati del censimento al 21 aprile 1936 (dati provvisori),census 1936 provisional,resident (heading),Territorio Militare del Sud,libyan,religion,other,MF,358
1938,325,Popolazione: risultati del censimento al 21 aprile 1936 (dati provvisori),census 1936 provisional,resident (heading),LIBIA,all,total,all,MF,839524
1938,325,Popolazione: risultati del censimento al 21 aprile 1936 (dati provvisori),census 1936 provisional,resident (heading),LIBIA,settlers,total,all,MF,66525
1938,325,Popolazione: risultati del censimento al 21 aprile 1936 (dati provvisori),census 1936 provisional,resident (heading),LIBIA,settlers,total,all,M,36433
1938,325,Popolazione: risultati del censimento al 21 aprile 1936 (dati provvisori),census 1936 provisional,resident (heading),LIBIA,settlers,total,all,F,30092
1938,325,Popolazione: risultati del censimento al 21 aprile 1936 (dati provvisori),census 1936 provisional,resident (heading),LIBIA,libyan,dimora,all,MF,772999
1938,325,Popolazione: risultati del censimento al 21 aprile 1936 (dati provvisori),census 1936 provisional,resident (heading),LIBIA,libyan,dimora,stabile,MF,651009
1938,325,Popolazione: risultati del censimento al 21 aprile 1936 (dati provvisori),census 1936 provisional,resident (heading),LIBIA,libyan,dimora,seminomade,MF,89298
1938,325,Popolazione: risultati del censimento al 21 aprile 1936 (dati provvisori),census 1936 provisional,resident (heading),LIBIA,libyan,dimora,nomade,MF,32692
1938,325,Popolazione: risultati del censimento al 21 aprile 1936 (dati provvisori),census 1936 provisional,resident (heading),LIBIA,libyan,religion,muslim,MF,736653
1938,325,Popolazione: risultati del censimento al 21 aprile 1936 (dati provvisori),census 1936 provisional,resident (heading),LIBIA,libyan,religion,jewish,MF,27740
1938,325,Popolazione: risultati del censimento al 21 aprile 1936 (dati provvisori),census 1936 provisional,resident (heading),LIBIA,libyan,religion,other,MF,8606
1936,260,Popolazione: risultati del censimento al 21 aprile 1931,census 1931 final,present,Tripolitania: C. R. di Tripoli,all,total,all,MF,81986
1936,260,Popolazione: risultati del censimento al 21 aprile 1931,census 1931 final,present,Tripolitania: C. R. di Tripoli,settlers,total,all,MF,23735
1936,260,Popolazione: risultati del censimento al 21 aprile 1931,census 1931 final,present,Tripolitania: C. R. di Tripoli,settlers,total,all,M,13579
1936,260,Popolazione: risultati del censimento al 21 aprile 1931,census 1931 final,present,Tripolitania: C. R. di Tripoli,libyan,total,all,MF,58251
1936,260,Popolazione: risultati del censimento al 21 aprile 1931,census 1931 final,present,Tripolitania: C. R. di Tripoli,libyan,total,all,M,29963
1936,260,Popolazione: risultati del censimento al 21 aprile 1931,census 1931 final,present,Tripolitania: C. R. di Tripoli,libyan,dimora,stabile,MF,58251
1936,260,Popolazione: risultati del censimento al 21 aprile 1931,census 1931 final,present,Tripolitania: C. R. di Tripoli,libyan,dimora,seminomade,MF,0
1936,260,Popolazione: risultati del censimento al 21 aprile 1931,census 1931 final,present,Tripolitania: C. R. di Tripoli,libyan,dimora,nomade,MF,0
1936,260,Popolazione: risultati del censimento al 21 aprile 1931,census 1931 final,present,Tripolitania: C. R. di Tripoli,libyan,religion,muslim,MF,42654
1936,260,Popolazione: risultati del censimento al 21 aprile 1931,census 1931 final,present,Tripolitania: C. R. di Tripoli,libyan,religion,other or unknown,MF,15597
1936,260,Popolazione: risultati del censimento al 21 aprile 1931,census 1931 final,present,Tripolitania: C. R. di Tripoli,libyan,race,"arab, berber and arab-berber",MF,39141
1936,260,Popolazione: risultati del censimento al 21 aprile 1931,census 1931 final,present,Tripolitania: C. R. di Tripoli,libyan,race,cologhli,MF,100
1936,260,Popolazione: risultati del censimento al 21 aprile 1931,census 1931 final,present,Tripolitania: C. R. di Tripoli,libyan,race,negro,MF,3062
1936,260,Popolazione: risultati del censimento al 21 aprile 1931,census 1931 final,present,Tripolitania: C. R. di Tripoli,libyan,race,other or unknown,MF,15948
1936,260,Popolazione: risultati del censimento al 21 aprile 1931,census 1931 final,present,Tripolitania: C. R. del Confine Occidentale,all,total,all,MF,37154
1936,260,Popolazione: risultati del censimento al 21 aprile 1931,census 1931 final,present,Tripolitania: C. R. del Confine Occidentale,settlers,total,all,MF,728
1936,260,Popolazione: risultati del censimento al 21 aprile 1931,census 1931 final,present,Tripolitania: C. R. del Confine Occidentale,settlers,total,all,M,488
1936,260,Popolazione: risultati del censimento al 21 aprile 1931,census 1931 final,present,Tripolitania: C. R. del Confine Occidentale,libyan,total,all,MF,36426
1936,260,Popolazione: risultati del censimento al 21 aprile 1931,census 1931 final,present,Tripolitania: C. R. del Confine Occidentale,libyan,total,all,M,19282
1936,260,Popolazione: risultati del censimento al 21 aprile 1931,census 1931 final,present,Tripolitania: C. R. del Confine Occidentale,libyan,dimora,stabile,MF,29987
1936,260,Popolazione: risultati del censimento al 21 aprile 1931,census 1931 final,present,Tripolitania: C. R. del Confine Occidentale,libyan,dimora,seminomade,MF,6439
1936,260,Popolazione: risultati del censimento al 21 aprile 1931,census 1931 final,present,Tripolitania: C. R. del Confine Occidentale,libyan,dimora,nomade,MF,0
1936,260,Popolazione: risultati del censimento al 21 aprile 1931,census 1931 final,present,Tripolitania: C. R. del Confine Occidentale,libyan,religion,muslim,MF,35787
1936,260,Popolazione: risultati del censimento al 21 aprile 1931,census 1931 final,present,Tripolitania: C. R. del Confine Occidentale,libyan,religion,other or unknown,MF,639
1936,260,Popolazione: risultati del censimento al 21 aprile 1931,census 1931 final,present,Tripolitania: C. R. del Confine Occidentale,libyan,race,"arab, berber and arab-berber",MF,35785
1936,260,Popolazione: risultati del censimento al 21 aprile 1931,census 1931 final,present,Tripolitania: C. R. del Confine Occidentale,libyan,race,cologhli,MF,0
1936,260,Popolazione: risultati del censimento al 21 aprile 1931,census 1931 final,present,Tripolitania: C. R. del Confine Occidentale,libyan,race,negro,MF,0
1936,260,Popolazione: risultati del censimento al 21 aprile 1931,census 1931 final,present,Tripolitania: C. R. del Confine Occidentale,libyan,race,other or unknown,MF,641
1936,260,Popolazione: risultati del censimento al 21 aprile 1931,census 1931 final,present,Tripolitania: C. R. di Zavia,all,total,all,MF,40729
1936,260,Popolazione: risultati del censimento al 21 aprile 1931,census 1931 final,present,Tripolitania: C. R. di Zavia,settlers,total,all,MF,849
1936,260,Popolazione: risultati del censimento al 21 aprile 1931,census 1931 final,present,Tripolitania: C. R. di Zavia,settlers,total,all,M,474
1936,260,Popolazione: risultati del censimento al 21 aprile 1931,census 1931 final,present,Tripolitania: C. R. di Zavia,libyan,total,all,MF,39880
1936,260,Popolazione: risultati del censimento al 21 aprile 1931,census 1931 final,present,Tripolitania: C. R. di Zavia,libyan,total,all,M,20711
1936,260,Popolazione: risultati del censimento al 21 aprile 1931,census 1931 final,present,Tripolitania: C. R. di Zavia,libyan,dimora,stabile,MF,38061
1936,260,Popolazione: risultati del censimento al 21 aprile 1931,census 1931 final,present,Tripolitania: C. R. di Zavia,libyan,dimora,seminomade,MF,1819
1936,260,Popolazione: risultati del censimento al 21 aprile 1931,census 1931 final,present,Tripolitania: C. R. di Zavia,libyan,dimora,nomade,MF,0
1936,260,Popolazione: risultati del censimento al 21 aprile 1931,census 1931 final,present,Tripolitania: C. R. di Zavia,libyan,religion,muslim,MF,39301
1936,260,Popolazione: risultati del censimento al 21 aprile 1931,census 1931 final,present,Tripolitania: C. R. di Zavia,libyan,religion,other or unknown,MF,579
1936,260,Popolazione: risultati del censimento al 21 aprile 1931,census 1931 final,present,Tripolitania: C. R. di Zavia,libyan,race,"arab, berber and arab-berber",MF,34527
1936,260,Popolazione: risultati del censimento al 21 aprile 1931,census 1931 final,present,Tripolitania: C. R. di Zavia,libyan,race,cologhli,MF,4329
1936,260,Popolazione: risultati del censimento al 21 aprile 1931,census 1931 final,present,Tripolitania: C. R. di Zavia,libyan,race,negro,MF,445
1936,260,Popolazione: risultati del censimento al 21 aprile 1931,census 1931 final,present,Tripolitania: C. R. di Zavia,libyan,race,other or unknown,MF,579
1936,260,Popolazione: risultati del censimento al 21 aprile 1931,census 1931 final,present,Tripolitania: C. R. della Gefara,all,total,all,MF,74161
1936,260,Popolazione: risultati del censimento al 21 aprile 1931,census 1931 final,present,Tripolitania: C. R. della Gefara,settlers,total,all,MF,2260
1936,260,Popolazione: risultati del censimento al 21 aprile 1931,census 1931 final,present,Tripolitania: C. R. della Gefara,settlers,total,all,M,1453
1936,260,Popolazione: risultati del censimento al 21 aprile 1931,census 1931 final,present,Tripolitania: C. R. della Gefara,libyan,total,all,MF,71901
1936,260,Popolazione: risultati del censimento al 21 aprile 1931,census 1931 final,present,Tripolitania: C. R. della Gefara,libyan,total,all,M,37572
1936,260,Popolazione: risultati del censimento al 21 aprile 1931,census 1931 final,present,Tripolitania: C. R. della Gefara,libyan,dimora,stabile,MF,41488
1936,260,Popolazione: risultati del censimento al 21 aprile 1931,census 1931 final,present,Tripolitania: C. R. della Gefara,libyan,dimora,seminomade,MF,30413
1936,260,Popolazione: risultati del censimento al 21 aprile 1931,census 1931 final,present,Tripolitania: C. R. della Gefara,libyan,dimora,nomade,MF,0
1936,260,Popolazione: risultati del censimento al 21 aprile 1931,census 1931 final,present,Tripolitania: C. R. della Gefara,libyan,religion,muslim,MF,70552
1936,260,Popolazione: risultati del censimento al 21 aprile 1931,census 1931 final,present,Tripolitania: C. R. della Gefara,libyan,religion,other or unknown,MF,1349
1936,260,Popolazione: risultati del censimento al 21 aprile 1931,census 1931 final,present,Tripolitania: C. R. della Gefara,libyan,race,"arab, berber and arab-berber",MF,70551
1936,260,Popolazione: risultati del censimento al 21 aprile 1931,census 1931 final,present,Tripolitania: C. R. della Gefara,libyan,race,cologhli,MF,0
1936,260,Popolazione: risultati del censimento al 21 aprile 1931,census 1931 final,present,Tripolitania: C. R. della Gefara,libyan,race,negro,MF,0
1936,260,Popolazione: risultati del censimento al 21 aprile 1931,census 1931 final,present,Tripolitania: C. R. della Gefara,libyan,race,other or unknown,MF,1350
1936,260,Popolazione: risultati del censimento al 21 aprile 1931,census 1931 final,present,Tripolitania: C. R. di Leptis,all,total,all,MF,42487
1936,260,Popolazione: risultati del censimento al 21 aprile 1931,census 1931 final,present,Tripolitania: C. R. di Leptis,settlers,total,all,MF,481
1936,260,Popolazione: risultati del censimento al 21 aprile 1931,census 1931 final,present,Tripolitania: C. R. di Leptis,settlers,total,all,M,272
1936,260,Popolazione: risultati del censimento al 21 aprile 1931,census 1931 final,present,Tripolitania: C. R. di Leptis,libyan,total,all,MF,42006
1936,260,Popolazione: risultati del censimento al 21 aprile 1931,census 1931 final,present,Tripolitania: C. R. di Leptis,libyan,total,all,M,21652
1936,260,Popolazione: risultati del censimento al 21 aprile 1931,census 1931 final,present,Tripolitania: C. R. di Leptis,libyan,dimora,stabile,MF,36665
1936,260,Popolazione: risultati del censimento al 21 aprile 1931,census 1931 final,present,Tripolitania: C. R. di Leptis,libyan,dimora,seminomade,MF,5341
1936,260,Popolazione: risultati del censimento al 21 aprile 1931,census 1931 final,present,Tripolitania: C. R. di Leptis,libyan,dimora,nomade,MF,0
1936,260,Popolazione: risultati del censimento al 21 aprile 1931,census 1931 final,present,Tripolitania: C. R. di Leptis,libyan,religion,muslim,MF,40982
1936,260,Popolazione: risultati del censimento al 21 aprile 1931,census 1931 final,present,Tripolitania: C. R. di Leptis,libyan,religion,other or unknown,MF,1024
1936,260,Popolazione: risultati del censimento al 21 aprile 1931,census 1931 final,present,Tripolitania: C. R. di Leptis,libyan,race,"arab, berber and arab-berber",MF,39000
1936,260,Popolazione: risultati del censimento al 21 aprile 1931,census 1931 final,present,Tripolitania: C. R. di Leptis,libyan,race,cologhli,MF,1969
1936,260,Popolazione: risultati del censimento al 21 aprile 1931,census 1931 final,present,Tripolitania: C. R. di Leptis,libyan,race,negro,MF,5
1936,260,Popolazione: risultati del censimento al 21 aprile 1931,census 1931 final,present,Tripolitania: C. R. di Leptis,libyan,race,other or unknown,MF,1032
1936,260,Popolazione: risultati del censimento al 21 aprile 1931,census 1931 final,present,Tripolitania: C. R. di Misurata,all,total,all,MF,78397
1936,260,Popolazione: risultati del censimento al 21 aprile 1931,census 1931 final,present,Tripolitania: C. R. di Misurata,settlers,total,all,MF,862
1936,260,Popolazione: risultati del censimento al 21 aprile 1931,census 1931 final,present,Tripolitania: C. R. di Misurata,settlers,total,all,M,673
1936,260,Popolazione: risultati del censimento al 21 aprile 1931,census 1931 final,present,Tripolitania: C. R. di Misurata,libyan,total,all,MF,77535
1936,260,Popolazione: risultati del censimento al 21 aprile 1931,census 1931 final,present,Tripolitania: C. R. di Misurata,libyan,total,all,M,39506
1936,260,Popolazione: risultati del censimento al 21 aprile 1931,census 1931 final,present,Tripolitania: C. R. di Misurata,libyan,dimora,stabile,MF,70584
1936,260,Popolazione: risultati del censimento al 21 aprile 1931,census 1931 final,present,Tripolitania: C. R. di Misurata,libyan,dimora,seminomade,MF,6815
1936,260,Popolazione: risultati del censimento al 21 aprile 1931,census 1931 final,present,Tripolitania: C. R. di Misurata,libyan,dimora,nomade,MF,136
1936,260,Popolazione: risultati del censimento al 21 aprile 1931,census 1931 final,present,Tripolitania: C. R. di Misurata,libyan,religion,muslim,MF,76300
1936,260,Popolazione: risultati del censimento al 21 aprile 1931,census 1931 final,present,Tripolitania: C. R. di Misurata,libyan,religion,other or unknown,MF,1235
1936,260,Popolazione: risultati del censimento al 21 aprile 1931,census 1931 final,present,Tripolitania: C. R. di Misurata,libyan,race,"arab, berber and arab-berber",MF,57649
1936,260,Popolazione: risultati del censimento al 21 aprile 1931,census 1931 final,present,Tripolitania: C. R. di Misurata,libyan,race,cologhli,MF,18651
1936,260,Popolazione: risultati del censimento al 21 aprile 1931,census 1931 final,present,Tripolitania: C. R. di Misurata,libyan,race,negro,MF,0
1936,260,Popolazione: risultati del censimento al 21 aprile 1931,census 1931 final,present,Tripolitania: C. R. di Misurata,libyan,race,other or unknown,MF,1235
1936,260,Popolazione: risultati del censimento al 21 aprile 1931,census 1931 final,present,Tripolitania: C. R. del Gebel,all,total,all,MF,95897
1936,260,Popolazione: risultati del censimento al 21 aprile 1931,census 1931 final,present,Tripolitania: C. R. del Gebel,settlers,total,all,MF,567
1936,260,Popolazione: risultati del censimento al 21 aprile 1931,census 1931 final,present,Tripolitania: C. R. del Gebel,settlers,total,all,M,413
1936,260,Popolazione: risultati del censimento al 21 aprile 1931,census 1931 final,present,Tripolitania: C. R. del Gebel,libyan,total,all,MF,95330
1936,260,Popolazione: risultati del censimento al 21 aprile 1931,census 1931 final,present,Tripolitania: C. R. del Gebel,libyan,total,all,M,49903
1936,260,Popolazione: risultati del censimento al 21 aprile 1931,census 1931 final,present,Tripolitania: C. R. del Gebel,libyan,dimora,stabile,MF,47154
1936,260,Popolazione: risultati del censimento al 21 aprile 1931,census 1931 final,present,Tripolitania: C. R. del Gebel,libyan,dimora,seminomade,MF,35282
1936,260,Popolazione: risultati del censimento al 21 aprile 1931,census 1931 final,present,Tripolitania: C. R. del Gebel,libyan,dimora,nomade,MF,12894
1936,260,Popolazione: risultati del censimento al 21 aprile 1931,census 1931 final,present,Tripolitania: C. R. del Gebel,libyan,religion,muslim,MF,94588
1936,260,Popolazione: risultati del censimento al 21 aprile 1931,census 1931 final,present,Tripolitania: C. R. del Gebel,libyan,religion,other or unknown,MF,742
1936,260,Popolazione: risultati del censimento al 21 aprile 1931,census 1931 final,present,Tripolitania: C. R. del Gebel,libyan,race,"arab, berber and arab-berber",MF,94588
1936,260,Popolazione: risultati del censimento al 21 aprile 1931,census 1931 final,present,Tripolitania: C. R. del Gebel,libyan,race,cologhli,MF,0
1936,260,Popolazione: risultati del censimento al 21 aprile 1931,census 1931 final,present,Tripolitania: C. R. del Gebel,libyan,race,negro,MF,0
1936,260,Popolazione: risultati del censimento al 21 aprile 1931,census 1931 final,present,Tripolitania: C. R. del Gebel,libyan,race,other or unknown,MF,742
1936,260,Popolazione: risultati del censimento al 21 aprile 1931,census 1931 final,present,Tripolitania: C. Z. Sud Orientale,all,total,all,MF,21098
1936,260,Popolazione: risultati del censimento al 21 aprile 1931,census 1931 final,present,Tripolitania: C. Z. Sud Orientale,settlers,total,all,MF,801
1936,260,Popolazione: risultati del censimento al 21 aprile 1931,census 1931 final,present,Tripolitania: C. Z. Sud Orientale,settlers,total,all,M,739
1936,260,Popolazione: risultati del censimento al 21 aprile 1931,census 1931 final,present,Tripolitania: C. Z. Sud Orientale,libyan,total,all,MF,20297
1936,260,Popolazione: risultati del censimento al 21 aprile 1931,census 1931 final,present,Tripolitania: C. Z. Sud Orientale,libyan,total,all,M,11123
1936,260,Popolazione: risultati del censimento al 21 aprile 1931,census 1931 final,present,Tripolitania: C. Z. Sud Orientale,libyan,dimora,stabile,MF,13129
1936,260,Popolazione: risultati del censimento al 21 aprile 1931,census 1931 final,present,Tripolitania: C. Z. Sud Orientale,libyan,dimora,seminomade,MF,4807
1936,260,Popolazione: risultati del censimento al 21 aprile 1931,census 1931 final,present,Tripolitania: C. Z. Sud Orientale,libyan,dimora,nomade,MF,2361
1936,260,Popolazione: risultati del censimento al 21 aprile 1931,census 1931 final,present,Tripolitania: C. Z. Sud Orientale,libyan,religion,muslim,MF,19563
1936,260,Popolazione: risultati del censimento al 21 aprile 1931,census 1931 final,present,Tripolitania: C. Z. Sud Orientale,libyan,religion,other or unknown,MF,734
1936,260,Popolazione: risultati del censimento al 21 aprile 1931,census 1931 final,present,Tripolitania: C. Z. Sud Orientale,libyan,race,"arab, berber and arab-berber",MF,19192
1936,260,Popolazione: risultati del censimento al 21 aprile 1931,census 1931 final,present,Tripolitania: C. Z. Sud Orientale,libyan,race,cologhli,MF,0
1936,260,Popolazione: risultati del censimento al 21 aprile 1931,census 1931 final,present,Tripolitania: C. Z. Sud Orientale,libyan,race,negro,MF,325
1936,260,Popolazione: risultati del censimento al 21 aprile 1931,census 1931 final,present,Tripolitania: C. Z. Sud Orientale,libyan,race,other or unknown,MF,780
1936,260,Popolazione: risultati del censimento al 21 aprile 1931,census 1931 final,present,Tripolitania: C. Z. del Gebel,all,total,all,MF,24902
1936,260,Popolazione: risultati del censimento al 21 aprile 1931,census 1931 final,present,Tripolitania: C. Z. del Gebel,settlers,total,all,MF,140
1936,260,Popolazione: risultati del censimento al 21 aprile 1931,census 1931 final,present,Tripolitania: C. Z. del Gebel,settlers,total,all,M,124
1936,260,Popolazione: risultati del censimento al 21 aprile 1931,census 1931 final,present,Tripolitania: C. Z. del Gebel,libyan,total,all,MF,24762
1936,260,Popolazione: risultati del censimento al 21 aprile 1931,census 1931 final,present,Tripolitania: C. Z. del Gebel,libyan,total,all,M,13222
1936,260,Popolazione: risultati del censimento al 21 aprile 1931,census 1931 final,present,Tripolitania: C. Z. del Gebel,libyan,dimora,stabile,MF,2984
1936,260,Popolazione: risultati del censimento al 21 aprile 1931,census 1931 final,present,Tripolitania: C. Z. del Gebel,libyan,dimora,seminomade,MF,0
1936,260,Popolazione: risultati del censimento al 21 aprile 1931,census 1931 final,present,Tripolitania: C. Z. del Gebel,libyan,dimora,nomade,MF,21778
1936,260,Popolazione: risultati del censimento al 21 aprile 1931,census 1931 final,present,Tripolitania: C. Z. del Gebel,libyan,religion,muslim,MF,24388
1936,260,Popolazione: risultati del censimento al 21 aprile 1931,census 1931 final,present,Tripolitania: C. Z. del Gebel,libyan,religion,other or unknown,MF,374
1936,260,Popolazione: risultati del censimento al 21 aprile 1931,census 1931 final,present,Tripolitania: C. Z. del Gebel,libyan,race,"arab, berber and arab-berber",MF,24321
1936,260,Popolazione: risultati del censimento al 21 aprile 1931,census 1931 final,present,Tripolitania: C. Z. del Gebel,libyan,race,cologhli,MF,8
1936,260,Popolazione: risultati del censimento al 21 aprile 1931,census 1931 final,present,Tripolitania: C. Z. del Gebel,libyan,race,negro,MF,5
1936,260,Popolazione: risultati del censimento al 21 aprile 1931,census 1931 final,present,Tripolitania: C. Z. del Gebel,libyan,race,other or unknown,MF,428
1936,260,Popolazione: risultati del censimento al 21 aprile 1931,census 1931 final,present,Tripolitania: C. Z. Sud Occidentale,all,total,all,MF,20781
1936,260,Popolazione: risultati del censimento al 21 aprile 1931,census 1931 final,present,Tripolitania: C. Z. Sud Occidentale,settlers,total,all,MF,220
1936,260,Popolazione: risultati del censimento al 21 aprile 1931,census 1931 final,present,Tripolitania: C. Z. Sud Occidentale,settlers,total,all,M,209
1936,260,Popolazione: risultati del censimento al 21 aprile 1931,census 1931 final,present,Tripolitania: C. Z. Sud Occidentale,libyan,total,all,MF,20561
1936,260,Popolazione: risultati del censimento al 21 aprile 1931,census 1931 final,present,Tripolitania: C. Z. Sud Occidentale,libyan,total,all,M,10958
1936,260,Popolazione: risultati del censimento al 21 aprile 1931,census 1931 final,present,Tripolitania: C. Z. Sud Occidentale,libyan,dimora,stabile,MF,14181
1936,260,Popolazione: risultati del censimento al 21 aprile 1931,census 1931 final,present,Tripolitania: C. Z. Sud Occidentale,libyan,dimora,seminomade,MF,177
1936,260,Popolazione: risultati del censimento al 21 aprile 1931,census 1931 final,present,Tripolitania: C. Z. Sud Occidentale,libyan,dimora,nomade,MF,6203
1936,260,Popolazione: risultati del censimento al 21 aprile 1931,census 1931 final,present,Tripolitania: C. Z. Sud Occidentale,libyan,religion,muslim,MF,20555
1936,260,Popolazione: risultati del censimento al 21 aprile 1931,census 1931 final,present,Tripolitania: C. Z. Sud Occidentale,libyan,religion,other or unknown,MF,6
1936,260,Popolazione: risultati del censimento al 21 aprile 1931,census 1931 final,present,Tripolitania: C. Z. Sud Occidentale,libyan,race,"arab, berber and arab-berber",MF,20533
1936,260,Popolazione: risultati del censimento al 21 aprile 1931,census 1931 final,present,Tripolitania: C. Z. Sud Occidentale,libyan,race,cologhli,MF,1
1936,260,Popolazione: risultati del censimento al 21 aprile 1931,census 1931 final,present,Tripolitania: C. Z. Sud Occidentale,libyan,race,negro,MF,21
1936,260,Popolazione: risultati del censimento al 21 aprile 1931,census 1931 final,present,Tripolitania: C. Z. Sud Occidentale,libyan,race,other or unknown,MF,6
1936,260,Popolazione: risultati del censimento al 21 aprile 1931,census 1931 final,present,Tripolitania: C. Z. del Fezzan,all,total,all,MF,26080
1936,260,Popolazione: risultati del censimento al 21 aprile 1931,census 1931 final,present,Tripolitania: C. Z. del Fezzan,settlers,total,all,MF,258
1936,260,Popolazione: risultati del censimento al 21 aprile 1931,census 1931 final,present,Tripolitania: C. Z. del Fezzan,settlers,total,all,M,258
1936,260,Popolazione: risultati del censimento al 21 aprile 1931,census 1931 final,present,Tripolitania: C. Z. del Fezzan,libyan,total,all,MF,25822
1936,260,Popolazione: risultati del censimento al 21 aprile 1931,census 1931 final,present,Tripolitania: C. Z. del Fezzan,libyan,total,all,M,12841
1936,260,Popolazione: risultati del censimento al 21 aprile 1931,census 1931 final,present,Tripolitania: C. Z. del Fezzan,libyan,dimora,stabile,MF,24487
1936,260,Popolazione: risultati del censimento al 21 aprile 1931,census 1931 final,present,Tripolitania: C. Z. del Fezzan,libyan,dimora,seminomade,MF,121
1936,260,Popolazione: risultati del censimento al 21 aprile 1931,census 1931 final,present,Tripolitania: C. Z. del Fezzan,libyan,dimora,nomade,MF,1214
1936,260,Popolazione: risultati del censimento al 21 aprile 1931,census 1931 final,present,Tripolitania: C. Z. del Fezzan,libyan,religion,muslim,MF,25707
1936,260,Popolazione: risultati del censimento al 21 aprile 1931,census 1931 final,present,Tripolitania: C. Z. del Fezzan,libyan,religion,other or unknown,MF,115
1936,260,Popolazione: risultati del censimento al 21 aprile 1931,census 1931 final,present,Tripolitania: C. Z. del Fezzan,libyan,race,"arab, berber and arab-berber",MF,22902
1936,260,Popolazione: risultati del censimento al 21 aprile 1931,census 1931 final,present,Tripolitania: C. Z. del Fezzan,libyan,race,cologhli,MF,0
1936,260,Popolazione: risultati del censimento al 21 aprile 1931,census 1931 final,present,Tripolitania: C. Z. del Fezzan,libyan,race,negro,MF,2751
1936,260,Popolazione: risultati del censimento al 21 aprile 1931,census 1931 final,present,Tripolitania: C. Z. del Fezzan,libyan,race,other or unknown,MF,169
1936,260,Popolazione: risultati del censimento al 21 aprile 1931,census 1931 final,present,Tripolitania,all,total,all,MF,543672
1936,260,Popolazione: risultati del censimento al 21 aprile 1931,census 1931 final,present,Tripolitania,settlers,total,all,MF,30901
1936,260,Popolazione: risultati del censimento al 21 aprile 1931,census 1931 final,present,Tripolitania,settlers,total,all,M,18682
1936,260,Popolazione: risultati del censimento al 21 aprile 1931,census 1931 final,present,Tripolitania,libyan,total,all,MF,512771
1936,260,Popolazione: risultati del censimento al 21 aprile 1931,census 1931 final,present,Tripolitania,libyan,total,all,M,266733
1936,260,Popolazione: risultati del censimento al 21 aprile 1931,census 1931 final,present,Tripolitania,libyan,dimora,stabile,MF,376971
1936,260,Popolazione: risultati del censimento al 21 aprile 1931,census 1931 final,present,Tripolitania,libyan,dimora,seminomade,MF,91214
1936,260,Popolazione: risultati del censimento al 21 aprile 1931,census 1931 final,present,Tripolitania,libyan,dimora,nomade,MF,44586
1936,260,Popolazione: risultati del censimento al 21 aprile 1931,census 1931 final,present,Tripolitania,libyan,religion,muslim,MF,490377
1936,260,Popolazione: risultati del censimento al 21 aprile 1931,census 1931 final,present,Tripolitania,libyan,religion,other or unknown,MF,22394
1936,260,Popolazione: risultati del censimento al 21 aprile 1931,census 1931 final,present,Tripolitania,libyan,race,"arab, berber and arab-berber",MF,458189
1936,260,Popolazione: risultati del censimento al 21 aprile 1931,census 1931 final,present,Tripolitania,libyan,race,cologhli,MF,25058
1936,260,Popolazione: risultati del censimento al 21 aprile 1931,census 1931 final,present,Tripolitania,libyan,race,negro,MF,6614
1936,260,Popolazione: risultati del censimento al 21 aprile 1931,census 1931 final,present,Tripolitania,libyan,race,other or unknown,MF,22910
1936,260,Popolazione: risultati del censimento al 21 aprile 1931,census 1931 final,present,Cirenaica: C. R. di Bengasi,all,total,all,MF,81961
1936,260,Popolazione: risultati del censimento al 21 aprile 1931,census 1931 final,present,Cirenaica: C. R. di Bengasi,settlers,total,all,MF,12976
1936,260,Popolazione: risultati del censimento al 21 aprile 1931,census 1931 final,present,Cirenaica: C. R. di Bengasi,settlers,total,all,M,7857
1936,260,Popolazione: risultati del censimento al 21 aprile 1931,census 1931 final,present,Cirenaica: C. R. di Bengasi,libyan,total,all,MF,68985
1936,260,Popolazione: risultati del censimento al 21 aprile 1931,census 1931 final,present,Cirenaica: C. R. di Bengasi,libyan,total,all,M,36472
1936,260,Popolazione: risultati del censimento al 21 aprile 1931,census 1931 final,present,Cirenaica: C. R. di Bengasi,libyan,dimora,stabile,MF,50210
1936,260,Popolazione: risultati del censimento al 21 aprile 1931,census 1931 final,present,Cirenaica: C. R. di Bengasi,libyan,dimora,seminomade,MF,18775
1936,260,Popolazione: risultati del censimento al 21 aprile 1931,census 1931 final,present,Cirenaica: C. R. di Bengasi,libyan,religion,muslim,MF,65779
1936,260,Popolazione: risultati del censimento al 21 aprile 1931,census 1931 final,present,Cirenaica: C. R. di Bengasi,libyan,religion,copt,MF,1045
1936,260,Popolazione: risultati del censimento al 21 aprile 1931,census 1931 final,present,Cirenaica: C. R. di Bengasi,libyan,religion,jewish,MF,2083
1936,260,Popolazione: risultati del censimento al 21 aprile 1931,census 1931 final,present,Cirenaica: C. R. di Bengasi,libyan,religion,other or unknown,MF,78
1936,260,Popolazione: risultati del censimento al 21 aprile 1931,census 1931 final,present,Cirenaica: C. R. di Bengasi,libyan,race,"arab, berber and arab-berber",MF,63755
1936,260,Popolazione: risultati del censimento al 21 aprile 1931,census 1931 final,present,Cirenaica: C. R. di Bengasi,libyan,race,cologhli,MF,480
1936,260,Popolazione: risultati del censimento al 21 aprile 1931,census 1931 final,present,Cirenaica: C. R. di Bengasi,libyan,race,negro,MF,1323
1936,260,Popolazione: risultati del censimento al 21 aprile 1931,census 1931 final,present,Cirenaica: C. R. di Bengasi,libyan,race,other or unknown,MF,3427
1936,260,Popolazione: risultati del censimento al 21 aprile 1931,census 1931 final,present,Cirenaica: C. R. del Gebel,all,total,all,MF,35407
1936,260,Popolazione: risultati del censimento al 21 aprile 1931,census 1931 final,present,Cirenaica: C. R. del Gebel,settlers,total,all,MF,3883
1936,260,Popolazione: risultati del censimento al 21 aprile 1931,census 1931 final,present,Cirenaica: C. R. del Gebel,settlers,total,all,M,2868
1936,260,Popolazione: risultati del censimento al 21 aprile 1931,census 1931 final,present,Cirenaica: C. R. del Gebel,libyan,total,all,MF,31524
1936,260,Popolazione: risultati del censimento al 21 aprile 1931,census 1931 final,present,Cirenaica: C. R. del Gebel,libyan,total,all,M,16129
1936,260,Popolazione: risultati del censimento al 21 aprile 1931,census 1931 final,present,Cirenaica: C. R. del Gebel,libyan,dimora,stabile,MF,31274
1936,260,Popolazione: risultati del censimento al 21 aprile 1931,census 1931 final,present,Cirenaica: C. R. del Gebel,libyan,dimora,seminomade,MF,250
1936,260,Popolazione: risultati del censimento al 21 aprile 1931,census 1931 final,present,Cirenaica: C. R. del Gebel,libyan,religion,muslim,MF,29617
1936,260,Popolazione: risultati del censimento al 21 aprile 1931,census 1931 final,present,Cirenaica: C. R. del Gebel,libyan,religion,copt,MF,1244
1936,260,Popolazione: risultati del censimento al 21 aprile 1931,census 1931 final,present,Cirenaica: C. R. del Gebel,libyan,religion,jewish,MF,541
1936,260,Popolazione: risultati del censimento al 21 aprile 1931,census 1931 final,present,Cirenaica: C. R. del Gebel,libyan,religion,other or unknown,MF,122
1936,260,Popolazione: risultati del censimento al 21 aprile 1931,census 1931 final,present,Cirenaica: C. R. del Gebel,libyan,race,"arab, berber and arab-berber",MF,27896
1936,260,Popolazione: risultati del censimento al 21 aprile 1931,census 1931 final,present,Cirenaica: C. R. del Gebel,libyan,race,cologhli,MF,1168
1936,260,Popolazione: risultati del censimento al 21 aprile 1931,census 1931 final,present,Cirenaica: C. R. del Gebel,libyan,race,negro,MF,340
1936,260,Popolazione: risultati del censimento al 21 aprile 1931,census 1931 final,present,Cirenaica: C. R. del Gebel,libyan,race,other or unknown,MF,2120
1936,260,Popolazione: risultati del censimento al 21 aprile 1931,census 1931 final,present,Cirenaica: C. Z. della Marmarica,all,total,all,MF,6467
1936,260,Popolazione: risultati del censimento al 21 aprile 1931,census 1931 final,present,Cirenaica: C. Z. della Marmarica,settlers,total,all,MF,1124
1936,260,Popolazione: risultati del censimento al 21 aprile 1931,census 1931 final,present,Cirenaica: C. Z. della Marmarica,settlers,total,all,M,985
1936,260,Popolazione: risultati del censimento al 21 aprile 1931,census 1931 final,present,Cirenaica: C. Z. della Marmarica,libyan,total,all,MF,5343
1936,260,Popolazione: risultati del censimento al 21 aprile 1931,census 1931 final,present,Cirenaica: C. Z. della Marmarica,libyan,total,all,M,4090
1936,260,Popolazione: risultati del censimento al 21 aprile 1931,census 1931 final,present,Cirenaica: C. Z. della Marmarica,libyan,dimora,stabile,MF,5343
1936,260,Popolazione: risultati del censimento al 21 aprile 1931,census 1931 final,present,Cirenaica: C. Z. della Marmarica,libyan,dimora,seminomade,MF,0
1936,260,Popolazione: risultati del censimento al 21 aprile 1931,census 1931 final,present,Cirenaica: C. Z. della Marmarica,libyan,religion,muslim,MF,3513
1936,260,Popolazione: risultati del censimento al 21 aprile 1931,census 1931 final,present,Cirenaica: C. Z. della Marmarica,libyan,religion,copt,MF,1589
1936,260,Popolazione: risultati del censimento al 21 aprile 1931,census 1931 final,present,Cirenaica: C. Z. della Marmarica,libyan,religion,jewish,MF,220
1936,260,Popolazione: risultati del censimento al 21 aprile 1931,census 1931 final,present,Cirenaica: C. Z. della Marmarica,libyan,religion,other or unknown,MF,21
1936,260,Popolazione: risultati del censimento al 21 aprile 1931,census 1931 final,present,Cirenaica: C. Z. della Marmarica,libyan,race,"arab, berber and arab-berber",MF,2041
1936,260,Popolazione: risultati del censimento al 21 aprile 1931,census 1931 final,present,Cirenaica: C. Z. della Marmarica,libyan,race,cologhli,MF,39
1936,260,Popolazione: risultati del censimento al 21 aprile 1931,census 1931 final,present,Cirenaica: C. Z. della Marmarica,libyan,race,negro,MF,179
1936,260,Popolazione: risultati del censimento al 21 aprile 1931,census 1931 final,present,Cirenaica: C. Z. della Marmarica,libyan,race,other or unknown,MF,3084
1936,260,Popolazione: risultati del censimento al 21 aprile 1931,census 1931 final,present,Cirenaica: C. Z. di Agedabia,all,total,all,MF,36616
1936,260,Popolazione: risultati del censimento al 21 aprile 1931,census 1931 final,present,Cirenaica: C. Z. di Agedabia,settlers,total,all,MF,523
1936,260,Popolazione: risultati del censimento al 21 aprile 1931,census 1931 final,present,Cirenaica: C. Z. di Agedabia,settlers,total,all,M,499
1936,260,Popolazione: risultati del censimento al 21 aprile 1931,census 1931 final,present,Cirenaica: C. Z. di Agedabia,libyan,total,all,MF,36093
1936,260,Popolazione: risultati del censimento al 21 aprile 1931,census 1931 final,present,Cirenaica: C. Z. di Agedabia,libyan,total,all,M,18560
1936,260,Popolazione: risultati del censimento al 21 aprile 1931,census 1931 final,present,Cirenaica: C. Z. di Agedabia,libyan,dimora,stabile,MF,28572
1936,260,Popolazione: risultati del censimento al 21 aprile 1931,census 1931 final,present,Cirenaica: C. Z. di Agedabia,libyan,dimora,seminomade,MF,7521
1936,260,Popolazione: risultati del censimento al 21 aprile 1931,census 1931 final,present,Cirenaica: C. Z. di Agedabia,libyan,religion,muslim,MF,35505
1936,260,Popolazione: risultati del censimento al 21 aprile 1931,census 1931 final,present,Cirenaica: C. Z. di Agedabia,libyan,religion,copt,MF,533
1936,260,Popolazione: risultati del censimento al 21 aprile 1931,census 1931 final,present,Cirenaica: C. Z. di Agedabia,libyan,religion,jewish,MF,42
1936,260,Popolazione: risultati del censimento al 21 aprile 1931,census 1931 final,present,Cirenaica: C. Z. di Agedabia,libyan,religion,other or unknown,MF,13
1936,260,Popolazione: risultati del censimento al 21 aprile 1931,census 1931 final,present,Cirenaica: C. Z. di Agedabia,libyan,race,"arab, berber and arab-berber",MF,33783
1936,260,Popolazione: risultati del censimento al 21 aprile 1931,census 1931 final,present,Cirenaica: C. Z. di Agedabia,libyan,race,cologhli,MF,6
1936,260,Popolazione: risultati del censimento al 21 aprile 1931,census 1931 final,present,Cirenaica: C. Z. di Agedabia,libyan,race,negro,MF,1338
1936,260,Popolazione: risultati del censimento al 21 aprile 1931,census 1931 final,present,Cirenaica: C. Z. di Agedabia,libyan,race,other or unknown,MF,966
1936,260,Popolazione: risultati del censimento al 21 aprile 1931,census 1931 final,present,Cirenaica,all,total,all,MF,160451
1936,260,Popolazione: risultati del censimento al 21 aprile 1931,census 1931 final,present,Cirenaica,settlers,total,all,MF,18506
1936,260,Popolazione: risultati del censimento al 21 aprile 1931,census 1931 final,present,Cirenaica,settlers,total,all,M,12209
1936,260,Popolazione: risultati del censimento al 21 aprile 1931,census 1931 final,present,Cirenaica,libyan,total,all,MF,141945
1936,260,Popolazione: risultati del censimento al 21 aprile 1931,census 1931 final,present,Cirenaica,libyan,total,all,M,75251
1936,260,Popolazione: risultati del censimento al 21 aprile 1931,census 1931 final,present,Cirenaica,libyan,dimora,stabile,MF,115399
1936,260,Popolazione: risultati del censimento al 21 aprile 1931,census 1931 final,present,Cirenaica,libyan,dimora,seminomade,MF,26546
1936,260,Popolazione: risultati del censimento al 21 aprile 1931,census 1931 final,present,Cirenaica,libyan,religion,muslim,MF,134414
1936,260,Popolazione: risultati del censimento al 21 aprile 1931,census 1931 final,present,Cirenaica,libyan,religion,copt,MF,4411
1936,260,Popolazione: risultati del censimento al 21 aprile 1931,census 1931 final,present,Cirenaica,libyan,religion,jewish,MF,2886
1936,260,Popolazione: risultati del censimento al 21 aprile 1931,census 1931 final,present,Cirenaica,libyan,religion,other or unknown,MF,234
1936,260,Popolazione: risultati del censimento al 21 aprile 1931,census 1931 final,present,Cirenaica,libyan,race,"arab, berber and arab-berber",MF,127475
1936,260,Popolazione: risultati del censimento al 21 aprile 1931,census 1931 final,present,Cirenaica,libyan,race,cologhli,MF,1693
1936,260,Popolazione: risultati del censimento al 21 aprile 1931,census 1931 final,present,Cirenaica,libyan,race,negro,MF,3180
1936,260,Popolazione: risultati del censimento al 21 aprile 1931,census 1931 final,present,Cirenaica,libyan,race,other or unknown,MF,9597
1936,256,Superficie e popolazione: risultati del censimento eseguito il 21 aprile 1931,census 1931 final,present,Tripolitania,all,area_km2,all,,912532
1936,256,Superficie e popolazione: risultati del censimento eseguito il 21 aprile 1931,census 1931 final,present,Tripolitania,all,total,all,MF,543672
1936,256,Superficie e popolazione: risultati del censimento eseguito il 21 aprile 1931,census 1931 final,present,Tripolitania,settlers,families and institutions,all,,6868
1936,256,Superficie e popolazione: risultati del censimento eseguito il 21 aprile 1931,census 1931 final,present,Tripolitania,settlers,total,all,MF,30901
1936,256,Superficie e popolazione: risultati del censimento eseguito il 21 aprile 1931,census 1931 final,present,Tripolitania,settlers,total,all,M,18682
1936,256,Superficie e popolazione: risultati del censimento eseguito il 21 aprile 1931,census 1931 final,present,Tripolitania,foreign,total,all,MF,2405
1936,256,Superficie e popolazione: risultati del censimento eseguito il 21 aprile 1931,census 1931 final,present,Tripolitania,foreign,total,all,M,1257
1936,256,Superficie e popolazione: risultati del censimento eseguito il 21 aprile 1931,census 1931 final,present,Tripolitania,libyan,families and institutions,all,,124443
1936,256,Superficie e popolazione: risultati del censimento eseguito il 21 aprile 1931,census 1931 final,present,Tripolitania,libyan,total,all,MF,512771
1936,256,Superficie e popolazione: risultati del censimento eseguito il 21 aprile 1931,census 1931 final,present,Tripolitania,libyan,total,all,M,266733
1936,256,Superficie e popolazione: risultati del censimento eseguito il 21 aprile 1931,census 1931 final,present,Tripolitania,libyan,dimora,stabile,MF,376971
1936,256,Superficie e popolazione: risultati del censimento eseguito il 21 aprile 1931,census 1931 final,present,Tripolitania,libyan,dimora,seminomade,MF,91214
1936,256,Superficie e popolazione: risultati del censimento eseguito il 21 aprile 1931,census 1931 final,present,Tripolitania,libyan,dimora,nomade,MF,44586
1936,256,Superficie e popolazione: risultati del censimento eseguito il 21 aprile 1931,census 1931 final,present,Cirenaica,all,area_km2,all,,861420
1936,256,Superficie e popolazione: risultati del censimento eseguito il 21 aprile 1931,census 1931 final,present,Cirenaica,all,total,all,MF,160451
1936,256,Superficie e popolazione: risultati del censimento eseguito il 21 aprile 1931,census 1931 final,present,Cirenaica,settlers,families and institutions,all,,4146
1936,256,Superficie e popolazione: risultati del censimento eseguito il 21 aprile 1931,census 1931 final,present,Cirenaica,settlers,total,all,MF,18506
1936,256,Superficie e popolazione: risultati del censimento eseguito il 21 aprile 1931,census 1931 final,present,Cirenaica,settlers,total,all,M,12209
1936,256,Superficie e popolazione: risultati del censimento eseguito il 21 aprile 1931,census 1931 final,present,Cirenaica,foreign,total,all,MF,2402
1936,256,Superficie e popolazione: risultati del censimento eseguito il 21 aprile 1931,census 1931 final,present,Cirenaica,foreign,total,all,M,1523
1936,256,Superficie e popolazione: risultati del censimento eseguito il 21 aprile 1931,census 1931 final,present,Cirenaica,libyan,families and institutions,all,,37799
1936,256,Superficie e popolazione: risultati del censimento eseguito il 21 aprile 1931,census 1931 final,present,Cirenaica,libyan,total,all,MF,141945
1936,256,Superficie e popolazione: risultati del censimento eseguito il 21 aprile 1931,census 1931 final,present,Cirenaica,libyan,total,all,M,75251
1936,256,Superficie e popolazione: risultati del censimento eseguito il 21 aprile 1931,census 1931 final,present,Cirenaica,libyan,dimora,stabile,MF,115399
1936,256,Superficie e popolazione: risultati del censimento eseguito il 21 aprile 1931,census 1931 final,present,Cirenaica,libyan,dimora,seminomade,MF,26546
1936,256,Superficie e popolazione: risultati del censimento eseguito il 21 aprile 1931,census 1931 final,present,Cirenaica,libyan,dimora,nomade,MF,0
1933,441,"Superficie e popolazione presente (Cens. 1931, cifre provvisorie); popolazione indigena secondo la religione",census 1931 provisional,present,Tripolitania,all,area_km2,all,,900000
1933,441,"Superficie e popolazione presente (Cens. 1931, cifre provvisorie); popolazione indigena secondo la religione",census 1931 provisional,present,Tripolitania,settlers,total,all,MF,30866
1933,441,"Superficie e popolazione presente (Cens. 1931, cifre provvisorie); popolazione indigena secondo la religione",census 1931 provisional,present,Tripolitania,libyan,total,all,MF,512831
1933,441,"Superficie e popolazione presente (Cens. 1931, cifre provvisorie); popolazione indigena secondo la religione",census 1931 provisional,present,Tripolitania,libyan,religion,catholic,MF,97
1933,441,"Superficie e popolazione presente (Cens. 1931, cifre provvisorie); popolazione indigena secondo la religione",census 1931 provisional,present,Tripolitania,libyan,religion,protestant,MF,2
1933,441,"Superficie e popolazione presente (Cens. 1931, cifre provvisorie); popolazione indigena secondo la religione",census 1931 provisional,present,Tripolitania,libyan,religion,greek orthodox,MF,50
1933,441,"Superficie e popolazione presente (Cens. 1931, cifre provvisorie); popolazione indigena secondo la religione",census 1931 provisional,present,Tripolitania,libyan,religion,copt,MF,1093
1933,441,"Superficie e popolazione presente (Cens. 1931, cifre provvisorie); popolazione indigena secondo la religione",census 1931 provisional,present,Tripolitania,libyan,religion,muslim,MF,490173
1933,441,"Superficie e popolazione presente (Cens. 1931, cifre provvisorie); popolazione indigena secondo la religione",census 1931 provisional,present,Tripolitania,libyan,religion,jewish,MF,21117
1933,441,"Superficie e popolazione presente (Cens. 1931, cifre provvisorie); popolazione indigena secondo la religione",census 1931 provisional,present,Tripolitania,libyan,religion,other,MF,0
1933,441,"Superficie e popolazione presente (Cens. 1931, cifre provvisorie); popolazione indigena secondo la religione",census 1931 provisional,present,Tripolitania,libyan,religion,unknown,MF,299
1933,441,"Superficie e popolazione presente (Cens. 1931, cifre provvisorie); popolazione indigena secondo la religione",census 1931 provisional,present,Cirenaica,all,area_km2,all,,738000
1933,441,"Superficie e popolazione presente (Cens. 1931, cifre provvisorie); popolazione indigena secondo la religione",census 1931 provisional,present,Cirenaica,settlers,total,all,MF,18741
1933,441,"Superficie e popolazione presente (Cens. 1931, cifre provvisorie); popolazione indigena secondo la religione",census 1931 provisional,present,Cirenaica,libyan,total,all,MF,141975
1933,441,"Superficie e popolazione presente (Cens. 1931, cifre provvisorie); popolazione indigena secondo la religione",census 1931 provisional,present,Cirenaica,libyan,religion,catholic,MF,117
1933,441,"Superficie e popolazione presente (Cens. 1931, cifre provvisorie); popolazione indigena secondo la religione",census 1931 provisional,present,Cirenaica,libyan,religion,protestant,MF,3
1933,441,"Superficie e popolazione presente (Cens. 1931, cifre provvisorie); popolazione indigena secondo la religione",census 1931 provisional,present,Cirenaica,libyan,religion,greek orthodox,MF,0
1933,441,"Superficie e popolazione presente (Cens. 1931, cifre provvisorie); popolazione indigena secondo la religione",census 1931 provisional,present,Cirenaica,libyan,religion,copt,MF,4440
1933,441,"Superficie e popolazione presente (Cens. 1931, cifre provvisorie); popolazione indigena secondo la religione",census 1931 provisional,present,Cirenaica,libyan,religion,muslim,MF,133562
1933,441,"Superficie e popolazione presente (Cens. 1931, cifre provvisorie); popolazione indigena secondo la religione",census 1931 provisional,present,Cirenaica,libyan,religion,jewish,MF,2887
1933,441,"Superficie e popolazione presente (Cens. 1931, cifre provvisorie); popolazione indigena secondo la religione",census 1931 provisional,present,Cirenaica,libyan,religion,other,MF,0
1933,441,"Superficie e popolazione presente (Cens. 1931, cifre provvisorie); popolazione indigena secondo la religione",census 1931 provisional,present,Cirenaica,libyan,religion,unknown,MF,966
1937,299,Superficie e popolazione,census 1936 provisional,resident,LIBIA,all,area_km2,all,,1754000
1937,299,Superficie e popolazione,census 1936 provisional,resident,LIBIA,all,total,all,MF,839524
1938,311,Superficie e popolazione,census 1936 provisional,resident,LIBIA,all,area_km2,all,,1754000
1938,311,Superficie e popolazione,census 1936 provisional,resident,LIBIA,all,total,all,MF,839524
1939,360,Superficie e popolazione,census 1936 final,resident,Provincie italiane della Libia,all,area_km2,all,,553940
1939,360,Superficie e popolazione,census 1936 final,resident,Provincie italiane della Libia,libyan,total,all,MF,702686
1939,360,Superficie e popolazione,census 1936 final,resident,Territorio Militare del Sud,all,area_km2,all,,1205600
1939,360,Superficie e popolazione,census 1936 final,resident,Territorio Militare del Sud,all,total,all,MF,48403
1940,112,Superficie e popolazione,census 1936 final,resident,Provincie italiane della Libia,all,area_km2,all,,553940
1940,112,Superficie e popolazione,census 1936 final,resident,Provincie italiane della Libia,libyan,total,all,MF,702686
1940,112,Superficie e popolazione,census 1936 final,resident,Territorio Militare del Sud,all,area_km2,all,,1205600
1940,112,Superficie e popolazione,census 1936 final,resident,Territorio Militare del Sud,all,total,all,MF,48403
1943,214,Superficie e popolazione,census 1936 final,resident,Provincie italiane della Libia,all,area_km2,all,,553940
1943,214,Superficie e popolazione,census 1936 final,resident,Provincie italiane della Libia,libyan,total,all,MF,702686
1943,214,Superficie e popolazione,census 1936 final,resident,Territorio Militare del Sud,all,area_km2,all,,1205600
1943,214,Superficie e popolazione,census 1936 final,resident,Territorio Militare del Sud,all,total,all,MF,48403
1912,377,Superficie e popolazione (testo),planimetric estimate,,LIBIA,all,area_km2,all,,1484218
1913,449,Superficie e popolazione (testo),Ottoman census of 3 July 1911,present,"Tripolitania (proper, without the Fezzan)",all,total,all,MF,523176
1913,449,Superficie e popolazione (testo),Ottoman census of 3 July 1911,present,"Tripolitania (proper, without the Fezzan)",all,religion,muslim,MF,508521
1913,449,Superficie e popolazione (testo),Ottoman census of 3 July 1911,present,city of Tripoli,all,total,all,MF,29761
1913,449,Superficie e popolazione (testo),Ottoman census of 3 July 1911,present,city of Tripoli,all,religion,muslim,MF,20802
