sanction_id,entity_id,entity_name,authority,authority_id,unsc_id,program,program_id,listing_date,start_date,end_date,status,reason,country
ofac-51bb49cad502e15e40512814534ca3715fa33291,NK-26aLUdNdrvaLZphX6xQrr5,MANABEA THARWAT AL-JANOOB GENERAL TRADING COMPANY LLC,Office of Foreign Assets Control,26861,,IFSR,US-IRAN,,,,,Executive Order 13224 (Terrorism),us
sa-pcct-3e7698abebe7d3f200b18ef835ac96e66f18fbb7,NK-26aLUdNdrvaLZphX6xQrr5,MANABEA THARWAT AL-JANOOB GENERAL TRADING COMPANY LLC,Permanent Committee for Counter-Terrorism,,,,SA-UNSC1373,,2022-01-26,,,,sa
ca-sema-fa2b54b8ad07baebb8ec940fd1cba60ac5c28dac,NK-28DYyZtuHyHDr3Gk7spEQM,Fars News Agency,Global Affairs Canada,165,,Iran,CA-SEMA,2022-10-19,,,,"1, Part 1",ca
ofac-e8b8ca5abe06e0672c1a3dad8268d4106dac0d3f,NK-28DYyZtuHyHDr3Gk7spEQM,Fars News Agency,Office of Foreign Assets Control,45049,,IRAN-HR,US-IRAN,,,,,Executive Order 13553 (Iran),us
ae-lt-ff51c8aba2186600764035a343f63da7c6dd9bc0,NK-2MS7jsniKXBFQqiFLMF5Fm,AHMED ABD AL-JALEEL AL-HASNAWI,Executive Office for Control & Non-proliferation,,,مدرج بموجب قرار مجلس الوزراء رقم (28) لسنة 2017,AE-UNSC1373,,,,,,ae
sa-pcct-e87f508c840e7c829193397d92ac77f8931bc165,NK-2MS7jsniKXBFQqiFLMF5Fm,AHMED ABD AL-JALEEL AL-HASNAWI,Permanent Committee for Counter-Terrorism,,,,SA-UNSC1373,,2017-07-25,,,,sa
ofac-11a069ab70d3e1cf9038b274ee9ab4f704e74306,NK-2eixRqePmhfxn4rpXFL5J4,Qingdao Premier Technology Co Ltd,Office of Foreign Assets Control,54153,,NPWMD,US-NON-PROLIF,,,,,Executive Order 13382 (Non-proliferation),us
ofac-b32bdd0eb1162b920f3f3b325b76eee3f3166b34,NK-36BimqBDqNvZyXA6dxrZFu,Ansar Bank Brokerage Company,Office of Foreign Assets Control,26528,,IFSR,US-IRAN,,,,,Executive Order 13224 (Terrorism),us
sa-pcct-1a64895294f9fc55a0d0bdf70b7e8e93073c335b,NK-36BimqBDqNvZyXA6dxrZFu,Ansar Bank Brokerage Company,Permanent Committee for Counter-Terrorism,,,,SA-UNSC1373,,2022-01-26,,,,sa
ofac-a26b1e5b085a71d4c12efbb6c42beabd8e4fedd7,NK-3G6TirGHw2TJQDFFZ7Uv7M,Bahman Diesel Co.,Office of Foreign Assets Control,48625,,IFSR,US-IRAN,,,,,Executive Order 13224 (Terrorism),us
au-dfat-5ccdfb3e3f9a512ae4bffc56f49c7b437792b891,NK-3H4SATNbUHJBsFEZHjB8eT,Hurras al-Din,Department of Foreign Affairs and Trade,,,1373 (2001),AU-UNSC1373,,2025-02-03,,,,au
au-to-0acd4b011eed4ce3037cd0b5b714608c97de9f38,NK-3H4SATNbUHJBsFEZHjB8eT,Hurras al-Din,Attorney-General of Australia,,,,AU-TERROR,,2022-04-09,,,Listed as terrorist organisation under Criminal Code Act 1995,au
be-fod-222e1daa240c861f1284b62356d1171c003a2068,NK-3H4SATNbUHJBsFEZHjB8eT,Hurras al-Din,Federal Public Service Finance,,,,EU-TAQA-EUAQ,2022-05-30,,,,2022/836 (OJ L147I),be
eu-fsf-b82fc805feecfeb9178c903bfe34810a71fdb0a6,NK-3H4SATNbUHJBsFEZHjB8eT,Hurras al-Din,"Directorate‑General for Financial Stability, Financial Services and Capital Markets Union",EU.8214.70,,EUAQ,EU-TAQA-EUAQ,2022-05-30,2022-05-30,,,2022/836 (OJ L147I),eu
fr-ga-5deee24b3412b08fc7c19a365394fbe5ed8d8639,NK-3H4SATNbUHJBsFEZHjB8eT,Hurras al-Din,Direction Générale du Trésor,,,(UE) 2022/836 du 30/05/2022 (UE Etat islamique - Al Qaida - R (UE) 2016/1686),EU-TAQA-EUAQ,,,,,,fr
jo-sanc-07d19c1340f3accb102165d974e81d8d318cfb4b,NK-3H4SATNbUHJBsFEZHjB8eT,Hurras al-Din,وحدة مكافحة غسل الأموال وتمويل الإرهاب,,,,,,2022-03-28,,,,jo
mc-freezes-545b700f113307020803f6f01af81dfba229a671,NK-3H4SATNbUHJBsFEZHjB8eT,Hurras al-Din,Principauté de Monaco,,,,,,,,,,mc
md-terr-0aeecf9f889ba696a9836d08e95d0ee53db1a678,NK-3H4SATNbUHJBsFEZHjB8eT,Hurras al-Din,Centrul Antiterorist al Serviciului de Informaţii şi Securitate al Republicii Moldova,3,,"Lista persoanelor, grupurilor, întreprinderilor și entităților menționate la articolele 2 și 3 din Decizia (PESC) 2016/1693",,,,,,,md
ofac-db1e9e4b437b5d8d045bce62e68bea590867d8a1,NK-3H4SATNbUHJBsFEZHjB8eT,Hurras al-Din,Office of Foreign Assets Control,27318,,SDGT,US-TERR,,,,,Executive Order 13224 (Terrorism),us
ofac-3cf643ec984f0d50d0481d9b0c7dfc4b25cb2937,NK-3MfQWRpv5SmXALt6gxHqFA,Mansur Ravankar,Office of Foreign Assets Control,26939,,IFSR,US-IRAN,,,,,Executive Order 13224 (Terrorism),us
sa-pcct-9e4f9f79b157ec1c627f0232fe0027c42d613f25,NK-3MfQWRpv5SmXALt6gxHqFA,Mansur Ravankar,Permanent Committee for Counter-Terrorism,,,,SA-UNSC1373,,2022-01-26,,,,sa
ofac-22f511f2d4074b0df3ec5befeccede42afdd28e1,NK-3WypzcsPwhiNPjQTGf4y6d,Abd al Hadi Zarqun,Office of Foreign Assets Control,21204,,SDGT,US-TERR,,,,,Executive Order 13224 (Terrorism),us
ofac-f7487905a06855811fc6db6e310cbcb5ff89c66c,NK-3bomqyXWFAntu5nbrRVKTH,Fani Oil Trading FZE,Office of Foreign Assets Control,34957,,SDGT,US-TERR,,,,,Executive Order 13224 (Terrorism),us
sa-pcct-0338f2a7c42e304f4d39abd89ed48504a6b597ba,NK-3bomqyXWFAntu5nbrRVKTH,Fani Oil Trading FZE,Permanent Committee for Counter-Terrorism,,,,SA-UNSC1373,,2022-03-31,,,,sa
ae-lt-5f148584965cccda745c3781a6697dfdd8ef36c9,NK-3podLWzo9udm7yDeN2Qu8g,THE MUSLIM BROTHERHOOD,Executive Office for Control & Non-proliferation,,,مدرج بموجب قرار مجلس الوزراء رقم (41) لسنة 2014,AE-UNSC1373,,,,,,ae
ofac-0ada4883379e3f4f0f61597c1bd90fdc67d4796e,NK-3podLWzo9udm7yDeN2Qu8g,THE MUSLIM BROTHERHOOD,Office of Foreign Assets Control,56483,,SDGT,US-TERR,,,,,Executive Order 13224 (Terrorism),us
ofac-5c9a1a47dc0aa28da8be6b060a6378c6f4f79932,NK-3ydrtJ4Mutkok8jnjnca4Y,JJO General Trading Gida Sanayi Ve Ticaret Anonim Sirketi,Office of Foreign Assets Control,34978,,SDGT,US-TERR,,,,,Executive Order 13224 (Terrorism),us
sa-pcct-1d4aff0948e37367c39ca04dda524bc4b88a9cf8,NK-3ydrtJ4Mutkok8jnjnca4Y,JJO General Trading Gida Sanayi Ve Ticaret Anonim Sirketi,Permanent Committee for Counter-Terrorism,,,,SA-UNSC1373,,2022-03-31,,,,sa
ofac-3b6a33ea105ed8ba555fd063a0c215b49e3b5185,NK-43MRjWTRbdiZ6G9XVaTEux,ADOON GENERAL TRADING L.L.C,Office of Foreign Assets Control,32152,,SDGT,US-TERR,,,,,Executive Order 13224 (Terrorism),us
sa-pcct-38cb245ccfb0ed06f1de956d530c66a0f80c4624,NK-43MRjWTRbdiZ6G9XVaTEux,ADOON GENERAL TRADING L.L.C,Permanent Committee for Counter-Terrorism,,,,SA-UNSC1373,,2022-03-31,,,,sa
ofac-bd4b4f84caaed0cafcf3c9937ae5daf9edacd055,NK-446LyQXDAU8WtWgWVfjB8r,Ansar Exchange,Office of Foreign Assets Control,26530,,IFSR,US-IRAN,,,,,Executive Order 13224 (Terrorism),us
sa-pcct-3349030e6f60cd97d81017e63b4dcf4ff6e564b9,NK-446LyQXDAU8WtWgWVfjB8r,Ansar Exchange,Permanent Committee for Counter-Terrorism,,,,SA-UNSC1373,,2022-01-26,,,,sa
ofac-80b1aa79b7756b73c63db6b00e2d7c140609d28a,NK-47US9RAkrjCr9J4y9dcPJm,Nematollah BAGHERI,Office of Foreign Assets Control,56781,,IRAN-HR,US-IRAN,,,,,Executive Order 13553 (Iran),us
trade-csl-3c355481ea8f6c6eaf8199d1c4936d3988c33881,NK-4DvANGSCjWr9epFnGs23yg,CAPTAIN ELYAZGI,Denied Persons List (DPL) - Bureau of Industry and Security,49 F.R. 2002 1/17/84,,Denied Persons List (DPL) - Bureau of Industry and Security,US-BIS-DPL,,1984-01-10,,,,us
us-bis-23d42fe4882f19548ef2386ff90830a88913dc6d,NK-4DvANGSCjWr9epFnGs23yg,CAPTAIN ELYAZGI,Bureau of Industry and Security,,,49 F.R. 2002 1/17/84,US-BIS-DPL,,1984-01-10,,,,us
ca-sema-a25c6f51da9621e0e28a125a0c7ebc9f0729bcff,NK-4YKsbTe29VbRCQu6NqziRL,Iran Tractor Manufacturing Company,Global Affairs Canada,28,,Iran,CA-SEMA,2016-02-05,,,,"1, Part 1",ca
ofac-b94fd561047dc2f428fca056f082675d9555f492,NK-4YKsbTe29VbRCQu6NqziRL,Iran Tractor Manufacturing Company,Office of Foreign Assets Control,25041,,IFSR,US-IRAN,,,,,Executive Order 13224 (Terrorism),us
sa-pcct-c5a0aff2dc5cc00500912e84c23183281f95f0b7,NK-4YKsbTe29VbRCQu6NqziRL,Iran Tractor Manufacturing Company,Permanent Committee for Counter-Terrorism,,,,SA-UNSC1373,,2019-10-30,,,,sa
ofac-894c867f883db693a693f4169e20e296e31ba0e6,NK-4ZURfkkRkubWm2FfdVqq3F,Al-Ta'ir Company,Office of Foreign Assets Control,48304,,PAARSSR-EO13894,US-SYR-REL,,,,,Executive Order 14312 (PAARSSR),us
ofac-563e458347d5a10e48824097d598f1a77aca49ec,NK-4fdMAyDCXMVQXwXs8vjPu2,Agila Saleh Essa,Office of Foreign Assets Control,19849,,LIBYA3,US-LIBYA,,,,,Executive Order 13726 (Libya),us
ae-lt-bfecf60253d09451073d01adc71d41b299f03579,NK-4houE2UxgP2YYDWHtWDiXY,"AL-SALLABI, ALI MOHAMMED MOHAMMED",Executive Office for Control & Non-proliferation,,,مدرج بموجب قرار مجلس الوزراء رقم (18) لسنة 2017,AE-UNSC1373,,,,,,ae
sa-pcct-f815947a23ceb7dc2a5c09b89b03da96100f5ec2,NK-4houE2UxgP2YYDWHtWDiXY,"AL-SALLABI, ALI MOHAMMED MOHAMMED",Permanent Committee for Counter-Terrorism,,,,SA-UNSC1373,,2017-06-08,,,,sa
trade-csl-7f18bc1a82783e7fc5ae9d0876f9565f788a2438,NK-4kPo2XaBuLygKK9XmKK5b6,COLONEL ELYAZGI,Denied Persons List (DPL) - Bureau of Industry and Security,49 F.R. 2002 1/17/84,,Denied Persons List (DPL) - Bureau of Industry and Security,US-BIS-DPL,,1984-01-10,,,,us
us-bis-8fbaea9586aa4cd6fe1b00fadcf06cfe1d06ad84,NK-4kPo2XaBuLygKK9XmKK5b6,COLONEL ELYAZGI,Bureau of Industry and Security,,,49 F.R. 2002 1/17/84,US-BIS-DPL,,1984-01-10,,,,us
au-dfat-4878042f8c86abd614f796bf37d88e8bbcb1ebf5,NK-4mtWBti7Fkrh4ZC6pun7wu,Basij Resistance Force,Department of Foreign Affairs and Trade,,,Autonomous (Thematic - Human Rights),AU-HUMAN,,2022-12-10,,,,au
be-fod-8cc780ebe4d28c84c05b11e7b6f535c0283432c8,NK-4mtWBti7Fkrh4ZC6pun7wu,Basij Resistance Force,Federal Public Service Finance,,,,EU-IRN,2022-10-17,,,,2022/1955 (OJ L269I),be
ca-sema-b7a5ef22883eec023b02f5bc8ee1dbdf56c85262,NK-4mtWBti7Fkrh4ZC6pun7wu,Basij Resistance Force,Global Affairs Canada,132,,Iran,CA-SEMA,2016-02-05,,,,"1, Part 1",ca
ca-sema-c6d8ed0e39a3c6277da4756b1d24254aac6025a5,NK-4mtWBti7Fkrh4ZC6pun7wu,Basij Resistance Force,Global Affairs Canada,3,,Iran,CA-SEMA,2022-10-03,,,,"1, Part 1.1",ca
eu-fsf-eef6d8728b119e129d309632cfcd9a1aa9f94e1d,NK-4mtWBti7Fkrh4ZC6pun7wu,Basij Resistance Force,"Directorate‑General for Financial Stability, Financial Services and Capital Markets Union",EU.9152.24,,IRN,EU-IRN,2022-10-17,2022-10-17,,,2022/1955 (OJ L269I),eu
fr-ga-62fdb56af94427cbdfc6da2c7d885e10f8812726,NK-4mtWBti7Fkrh4ZC6pun7wu,Basij Resistance Force,Direction Générale du Trésor,,,(UE) 2022/1955 du 17/10/2022 (UE Iran répression - R (UE) 359/2011),EU-IRN,,,,,"La force de résistance Basij est une organisation paramilitaire composée de volontaires contrôlée par le Corps des gardiens de la révolution islamique et dotée de branches dans l’ensemble de l’Iran. La réaction des forces de sécurité lors des manifestations qui ont eu lieu en septembre 2022 en Iran a été particulièrement brutale, entraînant la mort de nombreuses personnes. La force de résistance B",fr
gb-fcdo-163447961d330bb83c9095d8041a8ce5c33d97e4,NK-4mtWBti7Fkrh4ZC6pun7wu,Basij Resistance Force,UK,IRN0123,,The Iran (Sanctions) Regulations 2023,GB-IRAN,,2023-01-23,,,"There are reasonable grounds to suspect that the Basij Resistance Force is an involved person under the Iran (Sanctions) Regulations 2023 as it has been involved in serious human rights violations in Iran, including being responsible for, engaging in and providing support for violations of the right to life and right to freedom of expression and peaceful assembly through the violent repression of ",gb
mc-freezes-85ba25da12849d26ec3cf2ac20038e67a4c07ad9,NK-4mtWBti7Fkrh4ZC6pun7wu,Basij Resistance Force,Principauté de Monaco,,,,,,,,,"La force de résistance Basij est une organisation paramilitaire composée de volontaires contrôlée par le Corps des gardiens de la révolution islamique et dotée de branches dans l’ensemble de l’Iran. La réaction des forces de sécurité lors des manifestations qui ont eu lieu en septembre 2022 en Iran a été particulièrement brutale, entraînant la mort de nombreuses personnes. La force de résistance B",mc
ofac-5bac93bd1e4d89fd92f81ec7e33a473da55da1f8,NK-4mtWBti7Fkrh4ZC6pun7wu,Basij Resistance Force,Office of Foreign Assets Control,12727,,IRAN-HR,US-IRAN,,,,,Executive Order 13553 (Iran),us
sa-pcct-cfdb5c4333a919248b6c05e3d94cd6d8b4ea5605,NK-4mtWBti7Fkrh4ZC6pun7wu,Basij Resistance Force,Permanent Committee for Counter-Terrorism,,,,SA-UNSC1373,,2019-10-30,,,,sa
ua-nsdc-5e1253727987968df20e8b409b44c61c28c41586,NK-4mtWBti7Fkrh4ZC6pun7wu,Basij Resistance Force,National Security and Defense Council,25044312200019,,443/2025,UA-SA1644,,2025-06-29,2035-06-29,active,рішення та регламенти Ради Європейського Союзу щодо забезпечення національних інтересів та національної безпеки України,ua
gb-fcdo-c3f7c77f5be6135c4e145eda278010a1ff67e93b,NK-5422BfjR88C7geP5RBRBwb,Mohamed al Kani,UK,LIB0072,,The Libya (Sanctions) (EU Exit) Regulations 2020,GB-LBY,,2021-05-07,,,"Mohamed al-Kani is designated on the basis that there are reasonable grounds to suspect that he was head of the Al-Kaniyat militia and involved in the activities of the militia in Tarhuna, including in serious human rights abuses, and violations of international humanitarian law. Under the leadership of Mohamed al-Kani, there are reasonable grounds to suspect that the al-Kaniyat militia was respon",gb
ofac-2a89072ef5d68a102259e386596aab2be060fe02,NK-5422BfjR88C7geP5RBRBwb,Mohamed al Kani,Office of Foreign Assets Control,29119,,GLOMAG,US-GLOMAG,,,,,Executive Order 13818 (Global Magnitsky),us
au-dfat-36ad33fb06f650e1a2ec8462c2955e17b8f38b93,NK-5PJzeksBUtpVFoJHPNXeGj,IRGC-Air Force Al-Ghadir Missile Command,Department of Foreign Affairs and Trade,,,Autonomous (Iran),AU-IRAN,,2023-10-18,,,,au
be-fod-f6e560378de0c37cc5f377b7fc001c57f54f4175,NK-5PJzeksBUtpVFoJHPNXeGj,IRGC-Air Force Al-Ghadir Missile Command,Federal Public Service Finance,,,,EU-IRN,2024-07-29,,,,668/2010 (OJ L195),be
ca-sema-be8c65059adfa526440c52498527017578af1348,NK-5PJzeksBUtpVFoJHPNXeGj,IRGC-Air Force Al-Ghadir Missile Command,Global Affairs Canada,38,,Iran,CA-SEMA,2016-02-05,,,,"1, Part 1",ca
ch-seco-2d9bf22a683d8e0fa7b5a2321085dfb7ae00651a,NK-5PJzeksBUtpVFoJHPNXeGj,IRGC-Air Force Al-Ghadir Missile Command,State Secretariat for Economic Affairs,9672,108.,"Ordinance of 12 December 2025 on measures against the Islamic Republic of Iran (SR 946.231.143.6), annexes 11-14",SECO-IRAN,2024-08-16,2024-08-16,,,,ch
eu-fsf-769d4896e1ca5439279d727e6d3d45d219735873,NK-5PJzeksBUtpVFoJHPNXeGj,IRGC-Air Force Al-Ghadir Missile Command,"Directorate‑General for Financial Stability, Financial Services and Capital Markets Union",EU.1953.68,,IRN,EU-IRN,2024-07-29,2010-07-26,,,2024/2074 (OJ L29072024),eu
fr-ga-41d4bfefce8a56512687dd5ffd8039fd08f0fa0d,NK-5PJzeksBUtpVFoJHPNXeGj,IRGC-Air Force Al-Ghadir Missile Command,Direction Générale du Trésor,,,(UE) 668/2010 du 26/07/2010- (UE Iran prolifération - R (UE) 267/2012),EU-IRN,,,,,"Il s’agit d’un un élément bien spécifique des forces aériennes de l’IRGC, qui travaille avec le SBIG, désigné par l’UE, en ce qui concerne les missiles balistiques à courte portée FATEH 110 et les missiles à moyenne portée Ashura. Ce commandement est manifestement l’entité qui détient le contrôle opérationnel des missiles",fr
gb-fcdo-73bc94ef1fdf41db7542754fc8f583de745a3b40,NK-5PJzeksBUtpVFoJHPNXeGj,IRGC-Air Force Al-Ghadir Missile Command,UK,11239,,The Iran (Sanctions) (Nuclear) (EU Exit) Regulations 2019,GB-IRAN-NW,,2020-12-31,,,"The IRGC-Air Force Al Ghadir Missile Command is a specific element within the IRGC Air Force that has been working with SBIG (designated under UNSCR 1737) with the FATEH 110, short range ballistic missile as well as Ashura medium range ballistic missile. This command appears to be the entity that actually has the operational control of the missiles. Controlled by the IRGC.",gb
jp-eul-3f1d6d449a47613879233e4b4876ed29d9545a66,NK-5PJzeksBUtpVFoJHPNXeGj,IRGC-Air Force Al-Ghadir Missile Command,"Ministry of Economy, Trade and Industry",,,,,,,,,"Weapon Types: Missile, Conventional Weapons",jp
mc-freezes-0d103ccc5cfbee0b4d2d42f1b6c301cee0919b82,NK-5PJzeksBUtpVFoJHPNXeGj,IRGC-Air Force Al-Ghadir Missile Command,Principauté de Monaco,,,,,,,,,"Il s’agit d’un un élément bien spécifique des forces aériennes de l’IRGC, qui travaille avec le SBIG, désigné par l’UE, en ce qui concerne les missiles balistiques à courte portée FATEH 110 et les missiles à moyenne portée Ashura. Ce commandement est manifestement l’entité qui détient le contrôle opérationnel des missiles.",mc
ofac-958bca59c206453c07103731475e694db3bf7e50,NK-5PJzeksBUtpVFoJHPNXeGj,IRGC-Air Force Al-Ghadir Missile Command,Office of Foreign Assets Control,12056,,NPWMD,US-NON-PROLIF,,,,,TRA,us
au-dfat-f0d7c1002c258574333a0f6a823c2131d7c2c9a8,NK-5axEznLYfbP2LHS4RYpZ7m,Abdelbakir Mohamad Fakhiri,Department of Foreign Affairs and Trade,,,Autonomous (Libya),AU-LIBYA,,2024-01-12,,,,au
be-fod-ae9f5781fb1614388ca82cbe9242b63166b4b13b,NK-5axEznLYfbP2LHS4RYpZ7m,Abdelbakir Mohamad Fakhiri,Federal Public Service Finance,,,,EU-LBY,2011-03-22,,,,272/2011 (OJ L76),be
ch-seco-32286d484e5582b64495c4d89ff4cab4d1c34e5f,NK-5axEznLYfbP2LHS4RYpZ7m,Abdelbakir Mohamad Fakhiri,State Secretariat for Economic Affairs,20468,,"Ordinance of 30 March 2011 on measures against Libya (SR 946.231.149.82), annexes 2, 3, 4 and 5",SECO-LIBYA,2015-08-28,2015-08-28,,,,ch
ch-seco-d9b8c9aa6aff9bc2c6e0f163b24462332555992e,NK-5axEznLYfbP2LHS4RYpZ7m,Abdelbakir Mohamad Fakhiri,State Secretariat for Economic Affairs,20687,,"Ordinance of 30 March 2011 on measures against Libya (SR 946.231.149.82), annexes 2, 3, 4 and 5",SECO-LIBYA,2015-08-28,2015-08-28,,,,ch
eu-fsf-53e7b7a6fbe45b05c55eb6aa8b1f82ad8bc8d43f,NK-5axEznLYfbP2LHS4RYpZ7m,Abdelbakir Mohamad Fakhiri,"Directorate‑General for Financial Stability, Financial Services and Capital Markets Union",EU.3358.8,,LBY,EU-LBY,2016-01-19,2011-03-21,,,2016/44 (OJ L12),eu
eu-tb-96d66fbda666a07df5f88d3d9576d1f876b45a91,NK-5axEznLYfbP2LHS4RYpZ7m,Abdelbakir Mohamad Fakhiri,Council of the European Union,,,,,,,,,"Council Decision concerning restrictive measures in view of the situation in Libya, and repealing Decision 2011/137/CFSP",eu
fr-ga-f828fa5aaca69ece94871b9f7c20a663caea5581,NK-5axEznLYfbP2LHS4RYpZ7m,Abdelbakir Mohamad Fakhiri,Direction Générale du Trésor,,,(UE) 288/2011 du 23/03/2011 -  (UE Libye - R (UE) 2016/44),EU-LBY,,,,,"ministre de l'éducation, de l'enseignement supérieur et de la recherche du gouvernement du colonel Qadhafi, étroitement associé à l'ancien régime de Qadhafi",fr
gb-fcdo-de5f763295f27c00be97bd97c91419b1d138f556,NK-5axEznLYfbP2LHS4RYpZ7m,Abdelbakir Mohamad Fakhiri,UK,LIB0024,,The Libya (Sanctions) (EU Exit) Regulations 2020,GB-LBY,,2020-12-31,,,"As a Minister for Education, and Higher Education and Research in Colonel Qadhafi's Government. Associated with Muammar Qadhafi and other involved persons.",gb
mc-freezes-725612a679bc52a04878b9d9f76748907ed62183,NK-5axEznLYfbP2LHS4RYpZ7m,Abdelbakir Mohamad Fakhiri,Principauté de Monaco,,,,,,,,,"ministre de l'éducation, de l'enseignement supérieur et de la recherche du gouvernement du colonel Qadhafi, étroitement associé à l'ancien régime de Qadhafi",mc
ofac-28d764f4e460ce68d463e87f7d09801f9248c89b,NK-66mRzDZBMMufdvKCXYD3Fw,Jami' 'Ali Muhammad,Office of Foreign Assets Control,32174,,SDGT,US-TERR,,,,,Executive Order 13224 (Terrorism),us
sa-pcct-377e1f6f09ec33d6617d4154606a3971f53011bc,NK-66mRzDZBMMufdvKCXYD3Fw,Jami' 'Ali Muhammad,Permanent Committee for Counter-Terrorism,,,,SA-UNSC1373,,2022-03-31,,,,sa
ofac-8e680facea4714aba53a58c6c395ff2e4d4b750d,NK-6DDzKQ58m43rkyGfX2rWmC,"AS'AD, HANI ABD-AL-MAJID MUHAMMAD",Office of Foreign Assets Control,32175,,SDGT,US-TERR,,,,,Executive Order 13224 (Terrorism),us
sa-pcct-073ce7ef26455013cb0308ffa37fc0ec92c36ed0,NK-6DDzKQ58m43rkyGfX2rWmC,"AS'AD, HANI ABD-AL-MAJID MUHAMMAD",Permanent Committee for Counter-Terrorism,,,,SA-UNSC1373,,2022-03-31,,,,sa
ofac-9467eeb8c9d2ed62c1c8729d66bfd2bed8069a26,NK-6ck5qrDN99NgizrM6v46He,Mustafa Bazvand,Office of Foreign Assets Control,50672,,IRAN-HR,US-IRAN,,,,,Executive Order 13553 (Iran),us
ofac-7912bad8a0d4741cd61dfb1093274cb0f98dea35,NK-6dfFozPvWWsmPx2MUMseez,Technotar Engineering Company,Office of Foreign Assets Control,25039,,IFSR,US-IRAN,,,,,Executive Order 13224 (Terrorism),us
sa-pcct-9de0de91dc6edd83c3185b1de917b4771778ce29,NK-6dfFozPvWWsmPx2MUMseez,Technotar Engineering Company,Permanent Committee for Counter-Terrorism,,,,SA-UNSC1373,,2019-10-30,,,,sa
ofac-c3eeb33b3f7810577f57249f3ad01f9c4a982600,NK-6m4kWcVXGzAzayrS3chbSG,"ASHTARI, MAHMOOD",Office of Foreign Assets Control,27287,,SDGT,US-TERR,,,,,Executive Order 13224 (Terrorism),us
sa-pcct-68f90290283a0a2cc9eff86bebbdfd78dea0ed55,NK-6m4kWcVXGzAzayrS3chbSG,"ASHTARI, MAHMOOD",Permanent Committee for Counter-Terrorism,,,,SA-UNSC1373,,2022-01-26,,,,sa
ae-lt-ec94da6dc527e9074df58924d59344539e20126b,NK-7sL7HP9VHGYc6xwpvKQnvF,"JABER, SALEM JABER OMAR ALI SULTAN FATHALLAH",Executive Office for Control & Non-proliferation,,,مدرج بموجب قرار مجلس الوزراء رقم (53) لسنة 2017,AE-UNSC1373,,,,,,ae
sa-pcct-88512816b3e79b8f779bebb866f32f4f7e4cbda6,NK-7sL7HP9VHGYc6xwpvKQnvF,"JABER, SALEM JABER OMAR ALI SULTAN FATHALLAH",Permanent Committee for Counter-Terrorism,,,,SA-UNSC1373,,2017-11-23,,,,sa
ofac-0bcacedd82b20d103416b552417c4e7f5e0ce0e0,NK-7tsdHQGLZFFjhnvnF6qY5b,Samad Fathi Salami,Office of Foreign Assets Control,57569,,SDGT,US-TERR,,,,,Executive Order 13224 (Terrorism),us
jp-eul-10094f2f497c4940e6e1490548ec5bebe4c86f1f,NK-8TDFS7XnbcGfworfijpQ8D,SAMAN TEJARAT BARMAN TRADINGCOMPANY,"Ministry of Economy, Trade and Industry",,,,,,,,,Weapon Types: Chemical,jp
ofac-e6532ccca69d8a3d41924f2c07ae96ebce9c317a,NK-8TDFS7XnbcGfworfijpQ8D,SAMAN TEJARAT BARMAN TRADINGCOMPANY,Office of Foreign Assets Control,54022,,IFSR,US-IRAN,,,,,Executive Order 13382 (Non-proliferation),us
ofac-7afdb1a205d626669bc90103673dd70c125bb74d,NK-8hQB6Buv4QnQHMusiSNDfi,Ali Malek Shahkoui,Office of Foreign Assets Control,50673,,IRAN-HR,US-IRAN,,,,,Executive Order 13553 (Iran),us
ofac-708f3d5d7e4f1e4084202e3c5aabcb5ace6c164a,NK-9Jw3VJsfPatkvDQbrQWC7n,Parsian Bank,Office of Foreign Assets Control,25066,,IFSR,US-IRAN,,,,,Executive Order 13599 (Iran),us
sa-pcct-b20b0d2c0412903ca4279f08ce9ab300bb59414f,NK-9Jw3VJsfPatkvDQbrQWC7n,Parsian Bank,Permanent Committee for Counter-Terrorism,,,,SA-UNSC1373,,2019-10-30,,,,sa
au-dfat-d458e78af9649a88e72cf475247a3415556bb9f6,NK-9p5RUMkReDHzt8mhSLRBeE,Ja Hyong KU,Department of Foreign Affairs and Trade,,,1718 (DPRK),UN-SC1718,,2026-02-20,,,,au
be-fod-6fa5c8d2ae6243842fd2dd3c6526fb439af30f6e,NK-9p5RUMkReDHzt8mhSLRBeE,Ja Hyong KU,Federal Public Service Finance,,,,EU-PRK,2018-01-09,,,,2018/12 (OJ L4),be
ch-seco-bfac4d6c750a2cd7a71391ce78d975488da451fb,NK-9p5RUMkReDHzt8mhSLRBeE,Ja Hyong KU,State Secretariat for Economic Affairs,37727,KPi.070,"Ordinance of 18 May 2016 on measures against North Korea (SR 946.231.127.6), annexes 1 et 6",SECO-NORTHKOREA,2017-12-27,2017-12-22,,,,ch
eu-fsf-a26b4e4ff82f40f7d02536ef6b3a977ff7c089c3,NK-9p5RUMkReDHzt8mhSLRBeE,Ja Hyong KU,"Directorate‑General for Financial Stability, Financial Services and Capital Markets Union",EU.4268.56,,PRK,EU-PRK,2018-01-09,2017-12-22,,,2018/12 (OJ L4),eu
eu-tb-9a965419723c561f424f44fb5d803679ad14b54c,NK-9p5RUMkReDHzt8mhSLRBeE,Ja Hyong KU,Council of the European Union,,,,,,,,,Council Decision concerning restrictive measures against the Democratic People’s Republic of Korea,eu
eu-tb-9ba531f27e9877f1e3fc671e81aee455148df085,NK-9p5RUMkReDHzt8mhSLRBeE,Ja Hyong KU,Council of the European Union,,,,,,,,,Council Decision concerning restrictive measures against the Democratic People's Republic of Korea and repealing Decision 2013/183/CFSP,eu
fr-ga-9d4a44940e914ddff76f1d19401660b0459f18aa,NK-9p5RUMkReDHzt8mhSLRBeE,Ja Hyong KU,Direction Générale du Trésor,,,décision du comité des sanctions des Nations unies du 22/12/2017 (ONU Corée du Nord - RCSNU 1718 (2006) et R (UE) 2017/1509),UN-SC1718,,,,,Est le représentant en chef de la Foreign Trade Bank en Libye,fr
gb-fcdo-d5c1511f0ca0f1b14bc55c9a58d36bb98bbcdd62,NK-9p5RUMkReDHzt8mhSLRBeE,Ja Hyong KU,"Foreign, Commonwealth & Development Office",DPR0245,KPi.070,The Democratic People's Republic of Korea (Sanctions) (EU Exit) Regulations 2019,GB-DPRK,,2017-12-22,,,,gb
il-wmd-f48ca21bf9e005ce21b08aca78984ea700885c7b,NK-9p5RUMkReDHzt8mhSLRBeE,Ja Hyong KU,Isreali Ministry of Finance,,,,,,2018-07-12,,,,il
ja-mof-0d1c0089aaf4ce3e88cd87f9452f9476765b1ddf,NK-9p5RUMkReDHzt8mhSLRBeE,Ja Hyong KU,Ministry of Finance,#70,,北朝鮮に関連する国際連合安全保障理事会決議に基づく資産凍結等の措置の対象となる者（個人）,,,2017-12-28,,,,jp
mc-freezes-155c09138c44a87657ba9ab1693c09fd796cad17,NK-9p5RUMkReDHzt8mhSLRBeE,Ja Hyong KU,Principauté de Monaco,,,,,,,,,Est le représentant en chef de la Foreign Trade Bank en Libye,mc
md-terr-76cdba795e003efe941024dd1f46f880509457c0,NK-9p5RUMkReDHzt8mhSLRBeE,Ja Hyong KU,Centrul Antiterorist al Serviciului de Informaţii şi Securitate al Republicii Moldova,,KPi.070,Comitetul Consiliului de Securitate al ONU instituit prin Rezoluția 1718 (2006) - RPDC,,,,,,,md
ofac-56ab5c146727cf57237916fbdaaf35b7b9857231,NK-9p5RUMkReDHzt8mhSLRBeE,Ja Hyong KU,Office of Foreign Assets Control,23017,,DPRK2,US-NK,,,,,Executive Order 13687 (North Korea),us
tr-fcib-74d60c3b732a7a5c72a12a761278e63c871c26b1,NK-9p5RUMkReDHzt8mhSLRBeE,Ja Hyong KU,Republic of Türkiye Ministry of Treasury and Finance - Financial Crimes Investigation Board,,,"Asset freezes within the scope of Articles 3.A and 3.B of Law No. 7262, aimed at preventing the financing of the proliferation of weapons of mass destruction.",,2017-12-22,,,,,tr
ua-sfms-e33f509e97e0bfbedd6f95c9701e0916dc5b1a56,NK-9p5RUMkReDHzt8mhSLRBeE,Ja Hyong KU,State Finance Monitoring Service,,,Резолюція РБ ООН 1718 (2006),,2017-12-26,2017-12-26,,,,ua
unsc-fa78a62c4829eacbeb86359aec7fffa8a8985aba,NK-9p5RUMkReDHzt8mhSLRBeE,Ja Hyong KU,United Nations Security Council,,KPi.070,DPRK,UN-SC1718,2017-12-22,2017-12-22,,,,
zafic-e176a595c9840d7ba9d5f827053256d035a27806,NK-9p5RUMkReDHzt8mhSLRBeE,Ja Hyong KU,Financial Intelligence Centre,,KPi.070,,,2017-12-22,,,,,za
ofac-62dc94f138f5c97ee5037decd539ce2d689ead43,NK-ABigoeCwt6BgNKAcYVy3Yd,Atlas Exchange,Office of Foreign Assets Control,26536,,IFSR,US-IRAN,,,,,Executive Order 13224 (Terrorism),us
sa-pcct-626a9c86820f32e209f47de170859fb0cb0bceb7,NK-ABigoeCwt6BgNKAcYVy3Yd,Atlas Exchange,Permanent Committee for Counter-Terrorism,,,,SA-UNSC1373,,2022-01-26,,,,sa
ofac-4afa1ef9f105e4b484be7e2a84c2dc2a2286efab,NK-AfP34MpmmNrnqdyqTeMHrL,Shibl Muhsin 'Ubayd Al-Zaydi,Office of Foreign Assets Control,26057,,SDGT,US-TERR,,,,,Executive Order 13224 (Terrorism),us
sa-pcct-8005e14add07ffbb4e2bc0aaf98323920ca9b807,NK-AfP34MpmmNrnqdyqTeMHrL,Shibl Muhsin 'Ubayd Al-Zaydi,Permanent Committee for Counter-Terrorism,,,,SA-UNSC1373,,2019-10-30,,,,sa
ofac-7f03ba01242fa38b6a98c535b5fedb816c4978b9,NK-BAbq5Zmm3z8ehJ9Siy6bTd,Javad Bordbar Shir Amin,Office of Foreign Assets Control,24472,,IFSR,US-IRAN,,,,,Executive Order 13224 (Terrorism),us
ofac-9ebb4ae68fc1123131d61af52293110452291450,NK-BKusgwsvmh3si3BbNLu34L,Ahmad Mohammadi Zadeh,Office of Foreign Assets Control,57568,,SDGT,US-TERR,,,,,Executive Order 13224 (Terrorism),us
ofac-8ff834ae5daa5a2513eb1a9268ac1143c7ff8eae,NK-BfsQqYjcYUVGWCSaULtUk4,Zanjan Acid Production Company,Office of Foreign Assets Control,25047,,IFSR,US-IRAN,,,,,Executive Order 13224 (Terrorism),us
sa-pcct-93d42a35454a6c2ac85288c9163abcef62a0ef69,NK-BfsQqYjcYUVGWCSaULtUk4,Zanjan Acid Production Company,Permanent Committee for Counter-Terrorism,,,,SA-UNSC1373,,2019-10-30,,,,sa
au-dfat-b6b0f0670fb2d8788dc61a10d5da60d0882357a9,NK-CTfQPWfYmnbqNaL8H8y4wj,Gaddafi International Charity and Development Foundation,Department of Foreign Affairs and Trade,,,Autonomous (Libya),AU-LIBYA,,2024-01-12,,,,au
be-fod-bd76e8e421d01eb5864bbfda21b323e4aead94c3,NK-CTfQPWfYmnbqNaL8H8y4wj,Gaddafi International Charity and Development Foundation,Federal Public Service Finance,,,,EU-LBY,2011-03-22,,,,272/2011 (OJ L76),be
ch-seco-0fe113bc0235b3551bc4b19515b80797830386bf,NK-CTfQPWfYmnbqNaL8H8y4wj,Gaddafi International Charity and Development Foundation,State Secretariat for Economic Affairs,20785,,"Ordinance of 30 March 2011 on measures against Libya (SR 946.231.149.82), annexes 2, 3, 4 and 5",SECO-LIBYA,2015-08-28,2015-08-28,,,,ch
eu-fsf-fd53e57143bd65044daa1a9610ef246d540ba006,NK-CTfQPWfYmnbqNaL8H8y4wj,Gaddafi International Charity and Development Foundation,"Directorate‑General for Financial Stability, Financial Services and Capital Markets Union",EU.3376.80,,LBY,EU-LBY,2016-01-19,2011-03-21,,,2016/44 (OJ L12),eu
fr-ga-16b4ab97e5b3109960d8f3d3ca5e60e24a55cefd,NK-CTfQPWfYmnbqNaL8H8y4wj,Gaddafi International Charity and Development Foundation,Direction Générale du Trésor,,,(UE) 272/2011 du 21/03/2011 (UE Libye - R (UE) 2016/44),EU-LBY,,,,,étroitement associée à l'ancien régime de Mouammar Qadhafi,fr
gb-fcdo-727fa6d70ab24cbaec4fe86f2731fcef1b9e557e,NK-CTfQPWfYmnbqNaL8H8y4wj,Gaddafi International Charity and Development Foundation,UK,11711,,The Libya (Sanctions) (EU Exit) Regulations 2020,GB-LBY,,2020-12-31,,,"Controlled by Saif Al Islam Qadhafi, son of Muammar Qadhafi, a person involved in the commission of serious human rights violations or abuses in Libya and connected to the repressive policies of the Muammar Qadhafi regime.",gb
mc-freezes-62976a3f6d0d3958e1b9cb87b798bcd6e95b1bc0,NK-CTfQPWfYmnbqNaL8H8y4wj,Gaddafi International Charity and Development Foundation,Principauté de Monaco,,,,,,,,,étroitement associée à l'ancien régime de Mouammar Qadhafi,mc
ofac-6bdd70bc5b9c3e17f90c0d6b01d38b47414f3cd9,NK-CTfQPWfYmnbqNaL8H8y4wj,Gaddafi International Charity and Development Foundation,Office of Foreign Assets Control,12685,,LIBYA2,US-LIBYA,,,,,Unknown,us
au-dfat-04bfe41201b65073d3b0026861c17d77e4ab15ba,NK-CWUnm8DJ9gotyVwJ8zHNbT,MEHR EQTESAD IRANIAN INVESTMENT COMPANY,Department of Foreign Affairs and Trade,,,Autonomous (Iran),AU-IRAN,,2024-01-12,,,,au
ofac-5a37bff1bf12cecaae2c9d8c5e656c4b407d5926,NK-CWUnm8DJ9gotyVwJ8zHNbT,MEHR EQTESAD IRANIAN INVESTMENT COMPANY,Office of Foreign Assets Control,12802,,IRGC,US-IRAN,,,,,TRA,us
sa-pcct-1953e33d49ac347fa117f5058218f5441f98151d,NK-CWUnm8DJ9gotyVwJ8zHNbT,MEHR EQTESAD IRANIAN INVESTMENT COMPANY,Permanent Committee for Counter-Terrorism,,,,SA-UNSC1373,,2019-10-30,,,,sa
ofac-24133c7bb4007a908e75fa52c9e090c54308ae2d,NK-CjJxdyheQnT32FforWagA7,Sa'id Yusif Ali Abu AZIZAH,Office of Foreign Assets Control,10329,,SDGT,US-TERR,,,,,Unknown,us
ofac-3876564b5cde63611e5f435f002cb06cb65ecff3,NK-DNab6tvzBySiSWVXTDRrTT,Lichun Xu,Office of Foreign Assets Control,57874,,IFSR,US-IRAN,,,,,Executive Order 13382 (Non-proliferation),us
arpet-43a903fb69a2afb22ad864421d50fdd280b83caa,NK-DbY9gqAiqRKSZ4qWmbkaio,Hamed Abdollahi,Ministerio de Justicia,,,OFAC - UK - EU - Australia,,2026-01-17,2026-01-17,,,,ar
au-dfat-933f803f81802a2e2e2d4cb440dcce82dad8abd7,NK-DbY9gqAiqRKSZ4qWmbkaio,Hamed Abdollahi,Department of Foreign Affairs and Trade,,,1373 (2001),AU-UNSC1373,,2023-10-11,,,,au
be-fod-b506b1c597b9c3916780be39b36678159ba9d09f,NK-DbY9gqAiqRKSZ4qWmbkaio,Hamed Abdollahi,Federal Public Service Finance,,,,EU-TERR,2025-01-31,,,,2024/329 (OJ L16012024),be
ca-sema-4c9d0ff66c04d98741e6ea7823316c11f35bfd97,NK-DbY9gqAiqRKSZ4qWmbkaio,Hamed Abdollahi,Global Affairs Canada,23,,Iran,CA-SEMA,2016-02-05,,,,"1, Part 2",ca
eu-fsf-fc756fe227f2a5df21fcbd74a3aa51e0a51b1ba6,NK-DbY9gqAiqRKSZ4qWmbkaio,Hamed Abdollahi,"Directorate‑General for Financial Stability, Financial Services and Capital Markets Union",EU.3566.9,,TERR,EU-TERR,2025-01-31,2025-02-01,,,2025/206 (L 202500206),eu
fr-ga-c8a3c25674189e660f55e8215919d13ee936e5fa,NK-DbY9gqAiqRKSZ4qWmbkaio,Hamed Abdollahi,Direction Générale du Trésor,EU.3566.9,,(UE) 2025/206 du 30/01/2025 (UE personnes impliquées dans des actes de terrorisme - R (UE) 2580/2001),EU-TERR,,,,,,fr
gb-fcdo-815c473f9fedf14ad67a81c9e6105c2fb7f030df,NK-DbY9gqAiqRKSZ4qWmbkaio,Hamed Abdollahi,UK,12205,,The Counter-Terrorism (International Sanctions) (EU Exit) Regulations 2019,GB-ICT,,2020-12-31,,,"Hamed Abdollahi is a senior commander in the Iranian Revolutionary Guards-Qods Force (IRGC-QF). Mr Abdollahi has been accused of overseeing and coordinating the attempted assassination of Adel al-Jubeir, the Saudi ambassador to the US, in 2011.",gb
mc-freezes-72d4b59db07c88b22ff5533cbc896c1a4ce142f1,NK-DbY9gqAiqRKSZ4qWmbkaio,Hamed Abdollahi,Principauté de Monaco,,,,,,,,,,mc
md-terr-e450ab784587f58a43b20c5f111cc2eabc05b033,NK-DbY9gqAiqRKSZ4qWmbkaio,Hamed Abdollahi,Centrul Antiterorist al Serviciului de Informaţii şi Securitate al Republicii Moldova,,,"Lista persoanelor, grupurilor și entităților cărora li se aplică măsurile menționate la articolele 2 și 3 din Poziția comună 2001/931/PESC",,,,,,,md
ofac-3e16cc38854eae159a607e50538a161821aa9d41,NK-DbY9gqAiqRKSZ4qWmbkaio,Hamed Abdollahi,Office of Foreign Assets Control,12930,,IRGC,US-IRAN,,,,,TRA,us
sa-pcct-3b17d9511154c8fb8093bd4495e85f4d4814c7de,NK-DbY9gqAiqRKSZ4qWmbkaio,Hamed Abdollahi,Permanent Committee for Counter-Terrorism,,,,SA-UNSC1373,,2018-10-23,,,,sa
ofac-5326b73fe2b6d905f3da80bf500c72b306c49606,NK-E5TauvsA889jNJeKtv4YMG,"MAX HONOR INTERNATIONAL TRADE CO., LIMITED",Office of Foreign Assets Control,57576,,SDGT,US-TERR,,,,,Executive Order 13224 (Terrorism),us
ofac-e1b1c812e78dccfcbf82d2280edb244d1c0ea69b,NK-ENRNZNb4YwWSC8PU2Qibqy,Fateh Aseman Sharif Company,Office of Foreign Assets Control,48682,,SDGT,US-TERR,,,,,Executive Order 13224 (Terrorism),us
ofac-4d5d0677632ed73194d735ecb8052b2cfe6637fa,NK-EVgfwq7wRSataR8jvaMgxC,Yadollah Badin,Office of Foreign Assets Control,26938,,IFSR,US-IRAN,,,,,Executive Order 13224 (Terrorism),us
sa-pcct-c57ba6f7f009a8884624722c4857cd05fb28922b,NK-EVgfwq7wRSataR8jvaMgxC,Yadollah Badin,Permanent Committee for Counter-Terrorism,,,,SA-UNSC1373,,2022-01-26,,,,sa
ofac-b825d4f53c27d1082ed8f2a60bec85b61e2cc24c,NK-F4woLMysr2xtzxN6aKDPV5,TADIRGARAN ATIYEH IRANIAN INVESTMENT COMPANY,Office of Foreign Assets Control,25020,,IFSR,US-IRAN,,,,,Executive Order 13224 (Terrorism),us
sa-pcct-dd64f768c70ae0351080fecfedbec9c9501a3fe9,NK-F4woLMysr2xtzxN6aKDPV5,TADIRGARAN ATIYEH IRANIAN INVESTMENT COMPANY,Permanent Committee for Counter-Terrorism,,,,SA-UNSC1373,,2019-10-30,,,,sa
au-dfat-b970ddd474cfc6d5c2578e3f4d5f27956d26c4cf,NK-FGjWdXXVxtYvgUCissgXQ9,Hassan Shahvarpour,Department of Foreign Affairs and Trade,,,Autonomous (Iran),AU-IRAN,,2026-02-02,,,,au
be-fod-0f3c7773fab6750d15d1cdc7e08d0cda9af8df09,NK-FGjWdXXVxtYvgUCissgXQ9,Hassan Shahvarpour,Federal Public Service Finance,,,,EU-IRN,2024-04-05,,,,2024/1033 (OJ L05042024),be
eu-fsf-f2ad99b3f2100972b01489609eeb826e8262dd09,NK-FGjWdXXVxtYvgUCissgXQ9,Hassan Shahvarpour,"Directorate‑General for Financial Stability, Financial Services and Capital Markets Union",EU.6139.18,,IRN,EU-IRN,2024-04-05,2021-04-12,,,2024/1033 (OJ L05042024),eu
eu-tb-a737829da50d4ad06b455b74899fa5efa0d93057,NK-FGjWdXXVxtYvgUCissgXQ9,Hassan Shahvarpour,Council of the European Union,,,,,,,,,Council Decision concerning restrictive measures directed against certain persons and entities in view of the situation in Iran,eu
fr-ga-ee2959a94fabee8f014456c0a00f6ba607863fac,NK-FGjWdXXVxtYvgUCissgXQ9,Hassan Shahvarpour,Direction Générale du Trésor,EU.6139.18,,(UE) 2024/1033 du 04/04/2024 (UE Iran répression - R (UE) 359/2011),EU-IRN,,,,,"Le général de brigade Hassan Shahvarpour est le commandant du Corps des gardiens de la révolution islamique (IRGC) dans la province du Khouzistan (Corps Vali Asr) depuis 2009. En 2023, le Corps Vali Asr a reçu un certificat délivré par le commandant en chef de l’IRGC pour avoir été le corps le plus performant en matière de gestion du cyberespace. Hassan Shahvarpour est chargé du commandement des f",fr
gb-fcdo-2a56371015d3f39503310eeed52ead9ba2719903,NK-FGjWdXXVxtYvgUCissgXQ9,Hassan Shahvarpour,UK,IRN0084,,The Iran (Sanctions) Regulations 2023,GB-IRAN,,2022-10-10,,,Hassan Shahvarpour (SHAHVARPOUR) is commander of the Islamic Revolutionary Guard Corps (IRGC) in Khuzestan Province and Deputy of the South West Karbala Headquarters. In this role SHAHVARPOUR is or has been involved in the commission of a serious human rights violation or abuse in Iran through his role in the violent suppression of protests.,gb
mc-freezes-5b23489e17775ecf019a8b747374b288e2614199,NK-FGjWdXXVxtYvgUCissgXQ9,Hassan Shahvarpour,Principauté de Monaco,,,,,,,,,"Le général de brigade Hassan Shahvarpour est le commandant du Corps des gardiens de la révolution islamique (IRGC) dans la province du Khouzistan (Corps Vali Asr) depuis 2009. En 2023, le Corps Vali Asr a reçu un certificat délivré par le commandant en chef de l’IRGC pour avoir été le corps le plus performant en matière de gestion du cyberespace. Hassan Shahvarpour est chargé du commandement des f",mc
ofac-8387fdc6c1a67e5da513ef44ac489a7fe7714da7,NK-FGjWdXXVxtYvgUCissgXQ9,Hassan Shahvarpour,Office of Foreign Assets Control,28924,,IRAN-HR,US-IRAN,,,,,CISADA,us
ua-nsdc-a9c739939cf13ab8807ab682ce64a622651e8675,NK-FGjWdXXVxtYvgUCissgXQ9,Hassan Shahvarpour,National Security and Defense Council,25044311100096,,443/2025,UA-SA1644,,2025-06-29,2035-06-29,active,рішення та регламенти Ради Європейського Союзу щодо забезпечення національних інтересів та національної безпеки України,ua
us-klepto-hr-visa-c3bdda3ec2f2ba03102e50023c85a9e9e5275aab,NK-FGjWdXXVxtYvgUCissgXQ9,Hassan Shahvarpour,US State Department,,,Actions Taken Pursuant to Section 7031(c) for Involvement in a Gross Violation of Human Rights,,,,,,(1)(B) Public Designation.,us
ae-lt-df15fe5640ded78489d6bdd2483e8c0a61418cf5,NK-FJsMeg3J67Hk3QxHqw4CpU,Al Hadha Exchange Co,Executive Office for Control & Non-proliferation,,,مدرج بموجب قرار مجلس الوزراء رقم (13) لسنة 2022,AE-UNSC1373,,,,,,ae
ofac-7c0b658f02ce461dd25d1c040bf862970ae4bede,NK-FJsMeg3J67Hk3QxHqw4CpU,Al Hadha Exchange Co,Office of Foreign Assets Control,34953,,SDGT,US-TERR,,,,,Executive Order 13224 (Terrorism),us
sa-pcct-00b722a331347f9bb885adbf032d4a0a14b0cbaf,NK-FJsMeg3J67Hk3QxHqw4CpU,Al Hadha Exchange Co,Permanent Committee for Counter-Terrorism,,,,SA-UNSC1373,,2022-03-31,,,,sa
ae-lt-0680deae6e59003648fca96740d1c03c1ee6d4fe,NK-FTCU4D7jhkFn5JCv3P9hHN,"AL-QHRIANY, AL-SADIQ ABD-ALRAHMAN ALI",Executive Office for Control & Non-proliferation,,,مدرج بموجب قرار مجلس الوزراء رقم (18) لسنة 2017,AE-UNSC1373,,,,,,ae
sa-pcct-2a33c458e66510d7b6d4350350b8d87a667d47f7,NK-FTCU4D7jhkFn5JCv3P9hHN,"AL-QHRIANY, AL-SADIQ ABD-ALRAHMAN ALI",Permanent Committee for Counter-Terrorism,,,,SA-UNSC1373,,2017-06-08,,,,sa
ofac-f5de3be48b453e707d40563514e0221a0772750b,NK-G5BTasApunhmAgv3tD34xg,Hossein Zare Kamali,Office of Foreign Assets Control,56891,,IFSR,US-IRAN,,,,,Executive Order 13553 (Iran),us
ofac-42c89aa7dfea1c51d22b19f440c4b64af3a9cad7,NK-GNVD9dTpoQ4F3m5RhCDAzn,Taif Mining Services LLC,Office of Foreign Assets Control,28860,,IFSR,US-IRAN,,,,,Executive Order 13224 (Terrorism),us
sa-pcct-32df35176acceeaea4ebdc12a0fe12e6781efc9c,NK-GNVD9dTpoQ4F3m5RhCDAzn,Taif Mining Services LLC,Permanent Committee for Counter-Terrorism,,,,SA-UNSC1373,,2022-01-26,,,,sa
ofac-958c8e8d803b1edb3f265d4d7f601e610ff02273,NK-GUgMrUaEuLULaxf9HUvFsY,Alwefaq Ltd,Office of Foreign Assets Control,28300,,LIBYA3,US-LIBYA,,,,,Executive Order 13726 (Libya),us
trade-csl-94f58c3d6d3c1b448443b1c26b024e37f1584541,NK-GavZ8i5jwzzPJQ9tZm4LSS,ALI M HIJAZI,Denied Persons List (DPL) - Bureau of Industry and Security,46 F.R. 44803 9/8/81,,Denied Persons List (DPL) - Bureau of Industry and Security,US-BIS-DPL,,1981-09-01,,,,us
trade-csl-eb67baa071b05bb552074f50690493e976ea841e,NK-GavZ8i5jwzzPJQ9tZm4LSS,ALI M HIJAZI,Denied Persons List (DPL) - Bureau of Industry and Security,46 F.R. 44803 9/8/81,,Denied Persons List (DPL) - Bureau of Industry and Security,US-BIS-DPL,,1981-09-01,,,,us
us-bis-00b3d4a9e497bf53ad1f88fea6cad46171410170,NK-GavZ8i5jwzzPJQ9tZm4LSS,ALI M HIJAZI,Bureau of Industry and Security,,,46 F.R. 44803 9/8/81,US-BIS-DPL,,1981-09-01,,,,us
us-bis-55bb3bb79240d2f39b940bd1c216903f5bc72436,NK-GavZ8i5jwzzPJQ9tZm4LSS,ALI M HIJAZI,Bureau of Industry and Security,,,46 F.R. 44803 9/8/81,US-BIS-DPL,,1981-09-01,,,,us
us-bis-67d5fb9b723e9be5e8d103ccc3bc35a129536ec2,NK-GavZ8i5jwzzPJQ9tZm4LSS,ALI M HIJAZI,Bureau of Industry and Security,,,46 F.R. 44803 9/8/81,US-BIS-DPL,,1981-09-01,,,,us
us-bis-8a50cd6fee336362f3d000c93270a46b69da831c,NK-GavZ8i5jwzzPJQ9tZm4LSS,ALI M HIJAZI,Bureau of Industry and Security,,,46 F.R. 44803 9/8/81,US-BIS-DPL,,1981-09-01,,,,us
us-bis-8d43dcca468da857101bc23eeca7bae365570f59,NK-GavZ8i5jwzzPJQ9tZm4LSS,ALI M HIJAZI,Bureau of Industry and Security,,,46 F.R. 44803 9/8/81,US-BIS-DPL,,1981-09-01,,,,us
us-bis-c2f498a9e7b238a622ddcbe0d2837addab28ac83,NK-GavZ8i5jwzzPJQ9tZm4LSS,ALI M HIJAZI,Bureau of Industry and Security,,,46 F.R. 44803 9/8/81,US-BIS-DPL,,1981-09-01,,,,us
ofac-d08fa4d09a41643330ed69451644f16be5a52548,NK-GjAEVSCgQyfTMBxmrv7KXE,Ramezan Zirahi,Office of Foreign Assets Control,26937,,IFSR,US-IRAN,,,,,Executive Order 13224 (Terrorism),us
sa-pcct-da88f4519328605e18c079bd65a5f21ebbfe94cb,NK-GjAEVSCgQyfTMBxmrv7KXE,Ramezan Zirahi,Permanent Committee for Counter-Terrorism,,,,SA-UNSC1373,,2022-01-26,,,,sa
ae-lt-9368626991328caa201ce06c7d39899b123fff73,NK-GochgB48DMGz8iNBKWBU8F,AL-SAADI ABDULLAH IBRAHIM BUKHAZEM,Executive Office for Control & Non-proliferation,,,مدرج بموجب قرار مجلس الوزراء رقم (28) لسنة 2017,AE-UNSC1373,,,,,,ae
sa-pcct-b319cb592f7f6d4c56e1c6f799de250baa742e94,NK-GochgB48DMGz8iNBKWBU8F,AL-SAADI ABDULLAH IBRAHIM BUKHAZEM,Permanent Committee for Counter-Terrorism,,,,SA-UNSC1373,,2017-07-25,,,,sa
ofac-0c219a8e063226d3f0d171e8f8b653585ab88789,NK-H4LD8U38qJrfKnHyaCDz7w,CALCIMINE,Office of Foreign Assets Control,25044,,IFSR,US-IRAN,,,,,Executive Order 13224 (Terrorism),us
sa-pcct-e1e2b0f0a83d18ac1fa677420cabe0b0b105415f,NK-H4LD8U38qJrfKnHyaCDz7w,CALCIMINE,Permanent Committee for Counter-Terrorism,,,,SA-UNSC1373,,2019-10-30,,,,sa
ofac-dd096724df9b9c7d6df665ef4f1a2c5875cd03dd,NK-JQi5wGgJcPRMtp8RWuaB7M,Abdelrazag Elsharif ELOSTA,Office of Foreign Assets Control,11174,,SDGT,US-TERR,,,,,Unknown,us
ofac-6f2f656ec118ecc9801e5c8bdf445912589fcc2f,NK-JmokkiirJcZS3nsJtPqGZV,Shenzhen Amor Logistics Co Ltd,Office of Foreign Assets Control,54025,,IFSR,US-IRAN,,,,,Executive Order 13382 (Non-proliferation),us
ofac-c05b4a82a4974665bd96e7a7bf91e17de2234bd7,NK-Jqt6zaFzFhL59DPnYZ8jU4,"AL-RAWI, TALIB' ALI HUSAYN AL-AHMED",Office of Foreign Assets Control,32177,,SDGT,US-TERR,,,,,Executive Order 13224 (Terrorism),us
sa-pcct-b0b11a1bbd55eb0200b37024734fd923b1e9f8fe,NK-Jqt6zaFzFhL59DPnYZ8jU4,"AL-RAWI, TALIB' ALI HUSAYN AL-AHMED",Permanent Committee for Counter-Terrorism,,,,SA-UNSC1373,,2022-03-31,,,,sa
tr-fcib-c5e72e6164415cf2d4baa308837234c228b52c89,NK-Jqt6zaFzFhL59DPnYZ8jU4,"AL-RAWI, TALIB' ALI HUSAYN AL-AHMED",Republic of Türkiye Ministry of Treasury and Finance - Financial Crimes Investigation Board,,,"Asset freezes pursuant to Article 6 of Law No. 6415, targeting individuals and entities based on requests made by foreign governments.",,2021-10-29,,,,,tr
au-dfat-a1a4e783211704a7034979e24ddfcb8cf5f15577,NK-Ju9jV8xGUy4jTMnpK2HKqN,Quren Salih Quren al Qadhafi,Department of Foreign Affairs and Trade,,,1970 (Libya),UN-SC1970,,2026-02-20,,,,au
au-dfat-b32d76c1f3a46224ecf416e822e1dfaef23eb549,NK-Ju9jV8xGUy4jTMnpK2HKqN,Quren Salih Quren al Qadhafi,Department of Foreign Affairs and Trade,,,Autonomous (Libya),AU-LIBYA,,2024-01-12,,,,au
be-fod-f49f6315efcd770eeabdfab53e2e894ab0fcda00,NK-Ju9jV8xGUy4jTMnpK2HKqN,Quren Salih Quren al Qadhafi,Federal Public Service Finance,,,,EU-LBY,2022-07-27,,,,2022/1308 (OJ L198),be
ch-seco-339b23c700c645e7a91c9090e071572127c58ace,NK-Ju9jV8xGUy4jTMnpK2HKqN,Quren Salih Quren al Qadhafi,State Secretariat for Economic Affairs,20706,,"Ordinance of 30 March 2011 on measures against Libya (SR 946.231.149.82), annexes 2, 3, 4 and 5",SECO-LIBYA,2023-01-24,2023-01-24,,,,ch
ch-seco-abe02cd41d84c23b88719f08c72011db129027f6,NK-Ju9jV8xGUy4jTMnpK2HKqN,Quren Salih Quren al Qadhafi,State Secretariat for Economic Affairs,21080,LYi.004,"Ordinance of 30 March 2011 on measures against Libya (SR 946.231.149.82), annexes 2, 3, 4 and 5",SECO-LIBYA,2025-04-07,2025-04-07,,,,ch
eu-fsf-131142c1f6144e60a884f0372f27e30fa2290859,NK-Ju9jV8xGUy4jTMnpK2HKqN,Quren Salih Quren al Qadhafi,"Directorate‑General for Financial Stability, Financial Services and Capital Markets Union",EU.3373.88,,LBY,EU-LBY,2022-07-27,2011-04-12,,,2022/1308 (OJ L198),eu
eu-sancmap-c9689142334413668ba14a3a82b9141e02fa4a29,NK-Ju9jV8xGUy4jTMnpK2HKqN,Quren Salih Quren al Qadhafi,UN and EU,,,LBY,EU-LBY,,,,,,eu
eu-tb-345d2d7795884c4413c15b83076c6c406b83f04e,NK-Ju9jV8xGUy4jTMnpK2HKqN,Quren Salih Quren al Qadhafi,Council of the European Union,,,,,,,,,"Council Decision concerning restrictive measures in view of the situation in Libya, and repealing Decision 2011/137/CFSP",eu
eu-tb-66f9f5e843656fa140ae72f50e50e79ac6ef4cda,NK-Ju9jV8xGUy4jTMnpK2HKqN,Quren Salih Quren al Qadhafi,Council of the European Union,,,"Council Decision concerning restrictive measures in view of the situation in Libya, and repealing Decision 2011/137/CFSP",EU-LBY,,,,,"Council Decision concerning restrictive measures in view of the situation in Libya, and repealing Decision 2011/137/CFSP",eu
fr-ga-104dac5065140330272169b524ecf4fea7e1fdcb,NK-Ju9jV8xGUy4jTMnpK2HKqN,Quren Salih Quren al Qadhafi,Direction Générale du Trésor,,,(UE) 2022/1308 du 26/07/2022 (UE Libye - R (UE) 2016/44),EU-LBY,,,,,"Ancien ambassadeur libyen au Tchad. A quitté le Tchad pour Sabha. Directement impliqué dans le recrutement et la coordination des mercenaires pour le régime de Mouammar Qadhafi, décédé depuis lors. Étroitement associée à l'ancien régime de Mouammar Qadhafi.Membre du Front populaire pour la libération de la Libye (FPLL), milice et parti politique loyale à Mouammar Qadhafi. Impliqué dans des atteint",fr
gb-fcdo-1f095827966908977dfd411876a817de27ef50fe,NK-Ju9jV8xGUy4jTMnpK2HKqN,Quren Salih Quren al Qadhafi,UK|UN,LIB0076,LYi.004,The Libya (Sanctions) (EU Exit) Regulations 2020,GB-LBY,,2022-01-12,,,Quren Salih Quren Al Qadhafi was the former Libyan ambassador to Chad under the regime of Muammar Qadhafi and there are reasonable grounds to suspect that he has been involved in activities carried out on behalf of the former regime of Muammar Qadhafi implementing or connected to the repressive policies of that regime through his involvement in the procurement and coordination of foreign armed mer,gb
mc-freezes-dc8090106680b7c99b93c0553f5cd3badb72d642,NK-Ju9jV8xGUy4jTMnpK2HKqN,Quren Salih Quren al Qadhafi,Principauté de Monaco,,,,,,,,,"Ancien ambassadeur libyen au Tchad. A quitté le Tchad pour Sabha. Directement impliqué dans le recrutement et la coordination des mercenaires pour le régime de Mouammar Qadhafi, décédé depuis lors.
Étroitement associée à l’ancien régime de Mouammar Qadhafi.
Membre du Front populaire pour la libération de la Libye (FPLL), milice et parti politique loyale à Mouammar Qadhafi. Impliqué dans des attein",mc
ua-sfms-5dc251559ede03469d8e55e206f4493b95c9e317,NK-Ju9jV8xGUy4jTMnpK2HKqN,Quren Salih Quren al Qadhafi,State Finance Monitoring Service,,,Резолюція РБ ООН 1970 (2011),,2015-04-06,2015-04-06,,,,ua
unsc-2dd2e245d60049c98fec461fd87c6c05cb28468f,NK-Ju9jV8xGUy4jTMnpK2HKqN,Quren Salih Quren al Qadhafi,United Nations Security Council,,LYi.004,Libya,UN-SC1970,2011-03-17,2011-03-17,,,,
zafic-3dfb5c5ebd9ebd0661494c30dcb4a35cab39244a,NK-Ju9jV8xGUy4jTMnpK2HKqN,Quren Salih Quren al Qadhafi,Financial Intelligence Centre,,LYi.004,,,2011-03-17,,,,,za
ofac-b4eee024f638decc6833f991977216af5cf0c408,NK-L85nwzMViEAcuH7NwM2qHn,HONG KONG BLUE OCEAN LIMITED,Office of Foreign Assets Control,57571,,SDGT,US-TERR,,,,,Executive Order 13224 (Terrorism),us
ofac-ec59a589fa7042962e098ccef477d585e7a3ac07,NK-LdhUMNCXRJpvX4mKcpbodP,ATIC ENERGY FZE,Office of Foreign Assets Control,57577,,SDGT,US-TERR,,,,,Executive Order 13224 (Terrorism),us
be-fod-d137455a41ee999466a01ff92640a4aaec53baf7,NK-Le5JHd24EkxFTP8kQ32u29,Mahmoud Abdulilah Al-Dj,Federal Public Service Finance,,,,EU-SYR,2024-01-22,,,,2024/362 (OJ L22012024),be
ch-seco-413f24e9e0c8a230778bba4e83abe3bb8dd9c769,NK-Le5JHd24EkxFTP8kQ32u29,Mahmoud Abdulilah Al-Dj,State Secretariat for Economic Affairs,71060,,Ordinance of 8 June 2012 on measures against Syria (SR 946.231.172.7),SECO-SYRIA,2025-06-20,2025-06-20,,,,ch
eu-fsf-f0d3b5c552155abf91f226cf13c30c2e4e8acb19,NK-Le5JHd24EkxFTP8kQ32u29,Mahmoud Abdulilah Al-Dj,"Directorate‑General for Financial Stability, Financial Services and Capital Markets Union",EU.11098.26,,SYR,EU-SYR,2024-01-22,2024-01-22,,,2024/362 (OJ L22012024),eu
eu-tb-75e5bad190776f2394d0488f167f27d5689bcc5c,NK-Le5JHd24EkxFTP8kQ32u29,Mahmoud Abdulilah Al-Dj,Council of the European Union,,,,,,,,,Council Decision concerning restrictive measures against Syria,eu
fr-ga-137bee793cba373632497b7174f7512a7ad56091,NK-Le5JHd24EkxFTP8kQ32u29,Mahmoud Abdulilah Al-Dj,Direction Générale du Trésor,,,(UE) 2024/362 du 22/01/2024 (UE Syrie - R (UE) 36/2012 ),EU-SYR,,,,,"Mahmoud al-Dj est un homme d’affaires influent exerçant ses activités en Syrie sous l’ancien régime d’al-Assad, qui possède plusieurs sociétés actives dans différents secteurs, tels que la logistique et le tourisme. Il facilite les transactions illicites entre des personnes et entités affiliées au régime en Syrie et dans l’est de la Libye, y compris en ce qui concerne les stupéfiants, et les envoi",fr
mc-freezes-01e725b96ef7289dc58a726f5d568b4205071ebb,NK-Le5JHd24EkxFTP8kQ32u29,Mahmoud Abdulilah Al-Dj,Principauté de Monaco,,,,,,,,,"Mahmoud al-Dj est un homme d’affaires influent exerçant ses activités en Syrie sous l’ancien régime d’al-Assad, qui possède plusieurs sociétés actives dans différents secteurs, tels que la logistique et le tourisme. Il facilite les transactions illicites entre des personnes et entités affiliées au régime en Syrie et dans l’est de la Libye, y compris en ce qui concerne les stupéfiants, et les envoi",mc
ofac-aaad49d03ccad1932a7af64d72bef93eb5002ab9,NK-Le5JHd24EkxFTP8kQ32u29,Mahmoud Abdulilah Al-Dj,Office of Foreign Assets Control,48303,,PAARSSR-EO13894,US-SYR-REL,,,,,Executive Order 14312 (PAARSSR),us
ofac-d960250f50b4e47adad35d71438ef79b0f826dd9,NK-Lqx5ms4MCtwLX4VKSWHrzQ,SUSANGIRD,Office of Foreign Assets Control,15090,,IRAN,US-IRAN,,,,,Executive Order 13599 (Iran),us
sa-pcct-981ab0ca44793e756a083177856f1e1e56e3740d,NK-Lqx5ms4MCtwLX4VKSWHrzQ,SUSANGIRD,Permanent Committee for Counter-Terrorism,,,,SA-UNSC1373,,2022-01-26,,,,sa
ofac-71ec1c34fc91b90427fb4f284a205394e15960e5,NK-MLfdhQKBKsjEynrGXkq5mp,Destiny,Office of Foreign Assets Control,15725,,IRAN,US-IRAN,,,,,Executive Order 13599 (Iran),us
sa-pcct-c02aa6cc96e220d4f0d8a8aa8919303f5463d9cb,NK-MLfdhQKBKsjEynrGXkq5mp,Destiny,Permanent Committee for Counter-Terrorism,,,,SA-UNSC1373,,2022-01-26,,,,sa
trade-csl-a4317f79e12d91f78c4935c5d1d334045179d55a,NK-MQoPYoJ7mAT8zHvKgZ8jG7,UNITED AFRICAN AIRLINES,Denied Persons List (DPL) - Bureau of Industry and Security,46 F.R. 44803 9/8/81,,Denied Persons List (DPL) - Bureau of Industry and Security,US-BIS-DPL,,1981-09-01,,,,us
us-bis-33063a3f609ee323aa72aa70845da0b65af6860e,NK-MQoPYoJ7mAT8zHvKgZ8jG7,UNITED AFRICAN AIRLINES,Bureau of Industry and Security,,,46 F.R. 44803 9/8/81,US-BIS-DPL,,1981-09-01,,,,us
us-bis-9ba3cac2da50815581c6c294d2eb8ff516e0628f,NK-MQoPYoJ7mAT8zHvKgZ8jG7,UNITED AFRICAN AIRLINES,Bureau of Industry and Security,,,46 F.R. 44803 9/8/81,US-BIS-DPL,,1981-09-01,,,,us
us-bis-a2800994cdd9f92c74717a7fd1a8a6cb794517e6,NK-MQoPYoJ7mAT8zHvKgZ8jG7,UNITED AFRICAN AIRLINES,Bureau of Industry and Security,,,46 F.R. 44803 9/8/81,US-BIS-DPL,,1981-09-01,,,,us
ae-lt-f63e44cf30d3e61a023e6a12bcf32ad5fb6fd4bb,NK-MmRr4bivDQbLzq3uzci7oP,Abdo Abdullah Dael Ahmed,Executive Office for Control & Non-proliferation,,,,AE-UNSC1373,2022,,2024,,,ae
ofac-149f8406b0bd105610c4dd7da369ae7f2d4bfe5e,NK-MmRr4bivDQbLzq3uzci7oP,Abdo Abdullah Dael Ahmed,Office of Foreign Assets Control,34985,,SDGT,US-TERR,,,,,Executive Order 13224 (Terrorism),us
sa-pcct-6f3ee16853f193878fa25d7e53be2fe7887c5632,NK-MmRr4bivDQbLzq3uzci7oP,Abdo Abdullah Dael Ahmed,Permanent Committee for Counter-Terrorism,,,,SA-UNSC1373,,2022-03-31,,,,sa
ofac-9773add0101367c31e05e5c250ce262f5d49bd3b,NK-MnFkb9k4MJ477XDeS5Fqg4,Haytham Sabih Sa'id,Office of Foreign Assets Control,55938,,SDGT,US-TERR,,,,,Executive Order 13224 (Terrorism),us
be-fod-4e23fc8ecb587a4ab00a18a946a54e88ccb91f94,NK-MquwTyyeWLtztCZQbR6v6k,Sabtina Ltd,Federal Public Service Finance,,,,EU-LBY,2011-04-14,,,,360/2011 (OJ L100),be
ch-seco-4b73eb0ad7434c9e909df7f786952ee1a734a7bb,NK-MquwTyyeWLtztCZQbR6v6k,Sabtina Ltd,State Secretariat for Economic Affairs,20829,,"Ordinance of 30 March 2011 on measures against Libya (SR 946.231.149.82), annexes 2, 3, 4 and 5",SECO-LIBYA,2015-08-28,2015-08-28,,,,ch
eu-fsf-d6024e26afaf6991ea8a477ea3f2cef014e0b0f8,NK-MquwTyyeWLtztCZQbR6v6k,Sabtina Ltd,"Directorate‑General for Financial Stability, Financial Services and Capital Markets Union",EU.3386.81,,LBY,EU-LBY,2016-01-19,2011-04-12,,,2016/44 (OJ L12),eu
fr-ga-1e11c20d60dfaa6c5f89de1f3018f6423702d622,NK-MquwTyyeWLtztCZQbR6v6k,Sabtina Ltd,Direction Générale du Trésor,,,(UE) 360/2011 du 12/04/2011 -  (UE Libye - R (UE) 2016/44),EU-LBY,,,,,"filiale de droit britannique de la Libyan Investment Authority, étroitement associée à l'ancien régime de Mouammar Qadhafi",fr
gb-fcdo-f63fd19c42218ba77feb331413edd9fad73d6e87,NK-MquwTyyeWLtztCZQbR6v6k,Sabtina Ltd,UK,LIB0012,,The Libya (Sanctions) (EU Exit) Regulations 2020,GB-LBY,,2020-12-31,,,"Subsidiary of the Libyan Arab Foreign Investment Company, which is itself a subsidiary of the Libyan Investment Authority. Associated with the Qadhafi regime.",gb
mc-freezes-3d061b4f0ab8a638ae61344bf3e0bf43f8f05427,NK-MquwTyyeWLtztCZQbR6v6k,Sabtina Ltd,Principauté de Monaco,,,,,,,,,"filiale de droit britannique de la Libyan Investment Authority, étroitement associée à l'ancien régime de Mouammar Qadhafi",mc
ofac-4ed61db4942e37e8a905ad6d273083ac0f6b56b0,NK-NTPMapNDMjXU8aHXCUgNGy,Khodarahm Sarani,Office of Foreign Assets Control,44925,,IRAN-HR,US-IRAN,,,,,Executive Order 13553 (Iran),us
ae-lt-e0de18dcefd80301d9b2b88c8b6921095bfd02d7,NK-NebXD3fjLkbFyZaTuQLAmL,Saraya al-Mukhtar,Executive Office for Control & Non-proliferation,,,مدرج بموجب قرار مجلس الوزراء رقم (18) لسنة 2017,AE-UNSC1373,,,,,,ae
ofac-5048c2a84123fdcb77535a38000b7fd15626ac94,NK-NebXD3fjLkbFyZaTuQLAmL,Saraya al-Mukhtar,Office of Foreign Assets Control,30650,,SDGT,US-TERR,,,,,Executive Order 13224 (Terrorism),us
sa-pcct-f6a5a06ed1bc15b2075853836fa484df7bbdb257,NK-NebXD3fjLkbFyZaTuQLAmL,Saraya al-Mukhtar,Permanent Committee for Counter-Terrorism,,,,SA-UNSC1373,,2022-01-05,,,,sa
ofac-32a3aaa5a9929560ab1a37dcb8ac7b9d669063a4,NK-NoUBNjMJBFxfyrV7Jp47oZ,Ali Ozma'i,Office of Foreign Assets Control,26940,,IFSR,US-IRAN,,,,,Executive Order 13224 (Terrorism),us
sa-pcct-e79aced809d72621fbe60ab7a89d8e00f0417e92,NK-NoUBNjMJBFxfyrV7Jp47oZ,Ali Ozma'i,Permanent Committee for Counter-Terrorism,,,,SA-UNSC1373,,2022-01-26,,,,sa
ofac-0cbf192312207f5cba136a53753eb29f9c4414b5,NK-Px32M8q5oUmZnw4DqST6a4,Mohammed BENHAMMEDI,Office of Foreign Assets Control,9599,,SDGT,US-TERR,,,,,Unknown,us
trade-csl-45098ffaa7854c8aed368e85d1053a38749b76e3,NK-Q5THtGesssSno8eRTQYhcP,KHALID JARRAH,Denied Persons List (DPL) - Bureau of Industry and Security,88 F.R. 39406 6/16/2023,,Denied Persons List (DPL) - Bureau of Industry and Security,US-BIS-DPL,,2023-06-10,2031-08-11,,,us
us-bis-6b5f06ddac14853c98befdc9e42ee07e6da1f77d,NK-Q5THtGesssSno8eRTQYhcP,KHALID JARRAH,Bureau of Industry and Security,,,88 F.R. 39406 6/16/2023,US-BIS-DPL,,2023-06-10,2031-08-11,,,us
ofac-f8a1ff45fa8668f183deb2b1fbbe3e63f474243b,NK-QLsXqx9vVVi7Si4tM8rWqg,Mohammad Asgari,Office of Foreign Assets Control,54024,,IFSR,US-IRAN,,,,,Executive Order 13382 (Non-proliferation),us
arpet-2a27d429d6d938f60a4dd30383138d40a46d293d,NK-Qa584FgTtDj66eoz3UoVBS,Lased BEN HENI,Ministerio de Justicia,,QDi.062,UN List,,2002-04-24,2002-04-24,,,,ar
au-dfat-5aaf63e90e19608273688551236e38306780cc00,NK-Qa584FgTtDj66eoz3UoVBS,Lased BEN HENI,Department of Foreign Affairs and Trade,,,1267 (ISIL (Da'esh) and Al-Qaida),UN-SCISIL,,2026-02-20,,,,au
be-fod-5d6e90cb05ed481bc59cf9a81bb209f238706b1c,NK-Qa584FgTtDj66eoz3UoVBS,Lased BEN HENI,Federal Public Service Finance,,,,EU-TAQA-EUAQ,2015-01-16,,,,1210/2006 (OJ L219),be
ch-seco-2da54d22fb54359a2968e8097c8923ca40daff80,NK-Qa584FgTtDj66eoz3UoVBS,Lased BEN HENI,State Secretariat for Economic Affairs,80819,QDi.062,"Ordinance on measures against persons, groups, undertakings and entities associated with ISIL (Da'esh) and Al-Qaida",SECO-ISIL,2025-05-14,2025-05-15,,,,ch
eu-fsf-e17d3afa9675f5e7ee0fd789904f4c194f3f8bd1,NK-Qa584FgTtDj66eoz3UoVBS,Lased BEN HENI,"Directorate‑General for Financial Stability, Financial Services and Capital Markets Union",EU.590.83,,TAQA,EU-TAQA-EUAQ,2015-01-16,2015-01-17,,,2015/64 (OJ L11),eu
eu-tb-4d755049d463451f1e837345654ac05f832067d9,NK-Qa584FgTtDj66eoz3UoVBS,Lased BEN HENI,Council of the European Union,,,,,,,,,"Council Decision concerning restrictive measures against ISIL (Da'esh) and Al-Qaeda and persons, groups, undertakings and entities associated with them and repealing Common Position 2002/402/CFSP",eu
eu-tb-cca0879b07cad5035ad5fe3e7329d096e51d97a0,NK-Qa584FgTtDj66eoz3UoVBS,Lased BEN HENI,Council of the European Union,,,,,,,,,"Decision concerning restrictive measures against ISIL (Da’esh) and Al-Qaeda and persons, groups, undertakings and entities associated with them",eu
fr-ga-a935e909d719406c89f0073acbf8968d7b229579,NK-Qa584FgTtDj66eoz3UoVBS,Lased BEN HENI,Direction Générale du Trésor,EU.590.83,,(UE) 36/2011 du 18/01/2011 (ONU Al Qaeda Etat - Islamique - RCSNU 1267 (1999) et R (UE) 881/2002 ),UN-SCISIL,,,,,"expulsé d'Italie vers la Tunisie le 27/08/2006 --  a officiellement changé de nom de famille en 2014, abandonnant Aouani pour Lakhal",fr
gb-fcdo-8f96e4e2be06bfb52e214096c6213ff7c78bb63f,NK-Qa584FgTtDj66eoz3UoVBS,Lased BEN HENI,"Foreign, Commonwealth & Development Office",7087,QDi.062,Isil (Da'esh) and Al-Qaeda (United Nations Sanctions) (EU Exit) Regulations 2019,GB-ISIL,,2002-04-24,,,,gb
id-dttot-8cc577028f165a26b86a59426c3db2ea51aa94a1,NK-Qa584FgTtDj66eoz3UoVBS,Lased BEN HENI,Indonesian Financial Transaction Reports and Analysis Center,ILQ-266,,,,,,,,,id
il-nbctf-a32f843daa905faf9dc84516f3c16aec1ac6c397,NK-Qa584FgTtDj66eoz3UoVBS,Lased BEN HENI,National Bureau for Counter Terror Financing,,,הכרזה על ארגון טרור על פי סעיף 2 לחוק איסור מימון טרור התשסה- 2005,,,2013-01-02,,,,il
ja-mof-ad2f40d11611cfa02dc867749a3181ae52766531,NK-Qa584FgTtDj66eoz3UoVBS,Lased BEN HENI,Ministry of Finance,*293,,テロリスト等 / 先進主要７か国（米、加、英、仏、独、伊、日）が協調して資産凍結の措置を実施する対象となるテロリスト等の個人及び団体,,,2002-04-20,,,,jp
mc-freezes-4395c67b780bc5470b5e94e183b97b02b2eba523,NK-Qa584FgTtDj66eoz3UoVBS,Lased BEN HENI,Principauté de Monaco,,,,,,,,,"expulsé d'Italie vers la Tunisie le 27/08/2006 --  a officiellement changé de nom de famille en 2014, abandonnant Aouani pour Lakhal",mc
md-terr-77b3b0c339066454309521317b899b901b796467,NK-Qa584FgTtDj66eoz3UoVBS,Lased BEN HENI,Centrul Antiterorist al Serviciului de Informaţii şi Securitate al Republicii Moldova,,QDi.062,"Lista persoanelor, entităţilor şi a altor grupuri asociate cu „ISIL” („Da’esh”) şi „Al-Qaida” menţinută de CCS al ONU, instituit prin Rezoluţiile 1267 (1999), 1989 (2011), 2253 (2015)",,,,,,,md
ofac-7024a918a1d9c5ccb413ab376e4db37b6fca8716,NK-Qa584FgTtDj66eoz3UoVBS,Lased BEN HENI,Office of Foreign Assets Control,7204,,SDGT,US-TERR,,,,,Unknown,us
ua-sfms-2929939ab3310726b3b4a98724866faa41099ac2,NK-Qa584FgTtDj66eoz3UoVBS,Lased BEN HENI,State Finance Monitoring Service,,,"РБ ООН 1267(1999),1989(2011),2253(2015),2610(2021)",,2024-02-08,2024-02-08,,,,ua
unsc-fb94aa8285718f20721aa8ffb7fccae5e82cbd72,NK-Qa584FgTtDj66eoz3UoVBS,Lased BEN HENI,United Nations Security Council,,QDi.062,Al-Qaida,UN-SCISIL,2002-04-24,2002-04-24,,,,
zafic-c88acef3fe18f5451fbc6fe57754156242983fe8,NK-Qa584FgTtDj66eoz3UoVBS,Lased BEN HENI,Financial Intelligence Centre,,QDi.062,,,2002-04-24,,,,,za
ofac-b33ac933c7242a0185f703739f5c7fd9c8e3a24f,NK-REiNireayyuncLMsTWm3cY,Persian Gulf Strait Authority,Office of Foreign Assets Control,57753,,SDGT,US-TERR,,,,,Executive Order 13224 (Terrorism),us
ofac-8e45c3568b1162f9ec46db1de2c796194dccd312,NK-RFRRB2ey3qFEnnmB2XCceA,IQTISAD MEHR FINANCIAL GROUP,Office of Foreign Assets Control,25037,,IFSR,US-IRAN,,,,,Executive Order 13224 (Terrorism),us
sa-pcct-78d62de3885d16a09f0b29e6317634e6bcc0d5d5,NK-RFRRB2ey3qFEnnmB2XCceA,IQTISAD MEHR FINANCIAL GROUP,Permanent Committee for Counter-Terrorism,,,,SA-UNSC1373,,2019-10-30,,,,sa
ofac-c51aa2a66dc2c07c9ffe4b7612d65e9b025a49f2,NK-RH2s4uxqZLpzrCgyKMJRcv,"GARANTI IHRACAT ITHALAT KUYU, MCULUK DIS TICARET LIMITED SIRKETI",Office of Foreign Assets Control,34983,,SDGT,US-TERR,,,,,Executive Order 13224 (Terrorism),us
sa-pcct-be09bba85c206346c314451eae0cee383e2ab052,NK-RH2s4uxqZLpzrCgyKMJRcv,"GARANTI IHRACAT ITHALAT KUYU, MCULUK DIS TICARET LIMITED SIRKETI",Permanent Committee for Counter-Terrorism,,,,SA-UNSC1373,,2022-03-31,,,,sa
au-dfat-e42dcd63d027766fe36f188bf3a1b5ba6160ef95,NK-RT3cWscWLuM5xMEEtBZsjh,Abu Shaariya,Department of Foreign Affairs and Trade,,,Autonomous (Libya),AU-LIBYA,,2024-01-12,,,,au
be-fod-3d263e87fd4f3c85bf6e9246dd5d141aef5dd2e5,NK-RT3cWscWLuM5xMEEtBZsjh,Abu Shaariya,Federal Public Service Finance,,,,EU-LBY,2011-03-03,,,,204/2011 (OJ L58),be
ch-seco-877d5eaed20688b6d6d9d5b6ad3e59865f510274,NK-RT3cWscWLuM5xMEEtBZsjh,Abu Shaariya,State Secretariat for Economic Affairs,20385,,"Ordinance of 30 March 2011 on measures against Libya (SR 946.231.149.82), annexes 2, 3, 4 and 5",SECO-LIBYA,2015-08-28,2015-08-28,,,,ch
ch-seco-ed93f456f6acb0555e65e7210b8943c682bbd115,NK-RT3cWscWLuM5xMEEtBZsjh,Abu Shaariya,State Secretariat for Economic Affairs,20587,,"Ordinance of 30 March 2011 on measures against Libya (SR 946.231.149.82), annexes 2, 3, 4 and 5",SECO-LIBYA,2015-08-28,2015-08-28,,,,ch
eu-fsf-ca355c8b31fad28ec08e5208950cd1750deac2af,NK-RT3cWscWLuM5xMEEtBZsjh,Abu Shaariya,"Directorate‑General for Financial Stability, Financial Services and Capital Markets Union",EU.3347.42,,LBY,EU-LBY,2016-01-19,2011-02-28,,,2016/44 (OJ L12),eu
eu-tb-b8c45dda662f985e12e3fb4c7b064afed15a5028,NK-RT3cWscWLuM5xMEEtBZsjh,Abu Shaariya,Council of the European Union,,,,,,,,,"Council Decision concerning restrictive measures in view of the situation in Libya, and repealing Decision 2011/137/CFSP",eu
fr-ga-52fc21a9d116d8c3d489722a857634b298969d36,NK-RT3cWscWLuM5xMEEtBZsjh,Abu Shaariya,Direction Générale du Trésor,,,(UE) 204/2011 du 02/03/2011 -  (UE Libye - R (UE) 2016/44),EU-LBY,,,,,beau-frère de Mouammar QADHAFI,fr
mc-freezes-eca14f4d62f6cf60c58d2451f3aa58640650da1c,NK-RT3cWscWLuM5xMEEtBZsjh,Abu Shaariya,Principauté de Monaco,,,,,,,,,beau-frère de Mouammar QADHAFI,mc
ofac-0813f2ffbf1a71ab6d0facef9988dec0510aca99,NK-RUk78FAfvme3QEDUmrwnUV,BLANCA GOODS WHOLESALER LLC,Office of Foreign Assets Control,57578,,SDGT,US-TERR,,,,,Executive Order 13224 (Terrorism),us
au-dfat-d483c9501977594fe7a423578621338ef3e8c217,NK-RVnWZtDSHimXYYeVA9wtdc,Bonyad Taavon Sepah,Department of Foreign Affairs and Trade,,,Autonomous (Iran),AU-IRAN,,2024-01-12,,,,au
be-fod-3140e27c62e2a430780c178cd6132be3039f76e0,NK-RVnWZtDSHimXYYeVA9wtdc,Bonyad Taavon Sepah,Federal Public Service Finance,,,,EU-IRN,2023-05-22,,,,2023/986 (OJ L134 I),be
be-fod-9eaa1b9e2247fad9af34a00df43154bd2fa3e18d,NK-RVnWZtDSHimXYYeVA9wtdc,Bonyad Taavon Sepah,Federal Public Service Finance,,,,EU-IRN,2025-07-28,,,,2025/1559 (OJ L202501559),be
ca-sema-b408de5929a64ccd4228e57efcc7740eeeb68a9f,NK-RVnWZtDSHimXYYeVA9wtdc,Bonyad Taavon Sepah,Global Affairs Canada,93,,Iran,CA-SEMA,2016-02-05,,,,"1, Part 1",ca
ch-seco-a57f362a27d86e5e516622a3c409913572c1d2c7,NK-RVnWZtDSHimXYYeVA9wtdc,Bonyad Taavon Sepah,State Secretariat for Economic Affairs,9660,,"Ordinance of 12 December 2025 on measures against the Islamic Republic of Iran (SR 946.231.143.6), annexes 11-14",SECO-IRAN,2025-08-19,2025-08-20,,,,ch
eu-fsf-b83bc5f114055fb0882b86ab4b7b4fbffa45ca76,NK-RVnWZtDSHimXYYeVA9wtdc,Bonyad Taavon Sepah,"Directorate‑General for Financial Stability, Financial Services and Capital Markets Union",EU.10118.4,,IRN,EU-IRN,2023-05-22,2023-05-22,,,2023/986 (OJ L134 I),eu
eu-fsf-f6228742235f0c73783eb563a174e98f01511509,NK-RVnWZtDSHimXYYeVA9wtdc,Bonyad Taavon Sepah,"Directorate‑General for Financial Stability, Financial Services and Capital Markets Union",EU.2404.10,,IRN,EU-IRN,2025-07-28,2011-05-23,,,2025/1559 (OJ L202501559),eu
fr-ga-21378690eb148e22db338a01fd33dc0873afc4e6,NK-RVnWZtDSHimXYYeVA9wtdc,Bonyad Taavon Sepah,Direction Générale du Trésor,EU.2404.10,,(UE) 2025/1559 du 25/07/2025 (UE Iran prolifération - R (UE) 267/2012),EU-IRN,,,,,"Bonyad Taavon Sepah, également connue sous le nom d’IRGC Cooperative Foundation, a été créée par les commandants du Corps des gardiens de la révolution islamique (IRGC), inscrit sur la liste de l’UE, afin de structurer les investissements de l’IRGC et de fournir au personnel permanent de ce dernier des prêts financiers, des prêts hypothécaires, des prêts commerciaux, ainsi que des terrains et des ",fr
fr-ga-566e311c5dc7f92b3cb9ceb8ccce1381f553819d,NK-RVnWZtDSHimXYYeVA9wtdc,Bonyad Taavon Sepah,Direction Générale du Trésor,,,(UE) 2023/986  du 22/05/2023 (UE Iran répression - R (UE) 359/2011),EU-IRN,,,,,"Personnes associées: Ali Asghar Nourouzi; Seyyed Amin Ala; Emami Tabatabai; Ahmad Hasan Karimi; Yahya Alaoddini  - Autre entité associée: Corps des gardiens de la révolution islamique (IRGC)  - L'IRGC joue un rôle de premier plan dans la répression des manifestations organisées en Iran depuis septembre 2022, qui, selon des sources indépendantes, a fait plus de 520 morts, dont celles de plus de 70 ",fr
gb-fcdo-e7795c66e997b38ba27374d9a8e1b4add19c1d8a,NK-RVnWZtDSHimXYYeVA9wtdc,Bonyad Taavon Sepah,UK,11580,,The Iran (Sanctions) (Nuclear) (EU Exit) Regulations 2019,GB-IRAN-NW,,2020-12-31,,,"Bonyad Taavon Sepah, also known as the IRGC Cooperative Foundation, was formed by the commanders of the IRGC to structure the IRGC's investments. It is controlled by the IRGC. Bonyad Taavon Sepah's Board of Trustees is composed of nine members, of whom eight are IRGC members. These officers include the IRGC's Commander in Chief, who is the Chairman of the Board of Trustees, the Supreme Leader's re",gb
mc-freezes-22deb1954a78e0d91e99cc9e3c7e820984c2a4ab,NK-RVnWZtDSHimXYYeVA9wtdc,Bonyad Taavon Sepah,Principauté de Monaco,,,,,,,,,"L'IRGC joue un rôle de premier plan dans la répression des manifestations organisées en Iran depuis septembre 2022, qui, selon des sources indépendantes, a fait plus de 520 morts, dont celles de plus de 70 mineurs, et a donné lieu à plus de 22 000 arrestations/emprisonnements.
L'IRGC Cooperative Foundation est l'organe responsable de la gestion des investissements de l'IRGC et est ainsi responsabl",mc
mc-freezes-c52caff343576a2617c9c33e58ba8f8cf539baa8,NK-RVnWZtDSHimXYYeVA9wtdc,Bonyad Taavon Sepah,Principauté de Monaco,,,,,,,,,"Bonyad Taavon Sepah, également connue sous le nom d’IRGC Cooperative Foundation, a été créée par les commandants du Corps des gardiens de la révolution islamique (IRGC), inscrit sur la liste de l’UE, afin de structurer les investissements de l’IRGC et de fournir au personnel permanent de ce dernier des prêts financiers, des prêts hypothécaires, des prêts commerciaux, ainsi que des terrains et des ",mc
ofac-29b7d1e583ccb680de026c17ab8ef32481ccfaa2,NK-RVnWZtDSHimXYYeVA9wtdc,Bonyad Taavon Sepah,Office of Foreign Assets Control,12477,,IRGC,US-IRAN,,,,,TRA,us
ua-nsdc-d5400931e900a8854218a3df8104144619338c32,NK-RVnWZtDSHimXYYeVA9wtdc,Bonyad Taavon Sepah,National Security and Defense Council,25044312200049,,443/2025,UA-SA1644,,2025-06-29,2035-06-29,active,рішення та регламенти Ради Європейського Союзу щодо забезпечення національних інтересів та національної безпеки України,ua
ae-lt-5fcdebc0cfa7067277915cef665fcf46e0b31323,NK-RgWrKcymG2QWDjaGSRt4Qa,ANSAR AL-SHARI'A IN DARNAH,Executive Office for Control & Non-proliferation,,,مدرج بموجب قرار مجلس الوزراء رقم (41) لسنة 2014,AE-UNSC1373,,,,,,ae
arpet-abc8a1cad2a8a918ed9e7d1fb04e979be1b6a4b5,NK-RgWrKcymG2QWDjaGSRt4Qa,ANSAR AL-SHARI'A IN DARNAH,Ministerio de Justicia,,QDe.145,Al-Qaida,,2014-11-19,2014-11-19,,,,ar
au-dfat-1f82273f9c8ce49e7bee658a6a996898a678013f,NK-RgWrKcymG2QWDjaGSRt4Qa,ANSAR AL-SHARI'A IN DARNAH,Department of Foreign Affairs and Trade,,,1267 (ISIL (Da'esh) and Al-Qaida),UN-SCISIL,,2026-02-20,,,,au
be-fod-29dc197029c19cf0c49e49dc45e9a9ccf70a84d3,NK-RgWrKcymG2QWDjaGSRt4Qa,ANSAR AL-SHARI'A IN DARNAH,Federal Public Service Finance,,,,EU-TAQA-EUAQ,2014-11-28,,,,1273/2014 (OJ L344),be
ch-seco-e0790f5a37553d26a7eff7ef584012252d425e25,NK-RgWrKcymG2QWDjaGSRt4Qa,ANSAR AL-SHARI'A IN DARNAH,State Secretariat for Economic Affairs,88159,QDe.145,"Ordinance on measures against persons, groups, undertakings and entities associated with ISIL (Da'esh) and Al-Qaida",SECO-ISIL,2025-05-14,2025-05-15,,,,ch
eu-fsf-98088a5d8af13e71e753a03d1c6cbc9f0c8222e1,NK-RgWrKcymG2QWDjaGSRt4Qa,ANSAR AL-SHARI'A IN DARNAH,"Directorate‑General for Financial Stability, Financial Services and Capital Markets Union",EU.2958.88,,TAQA,EU-TAQA-EUAQ,2014-11-28,2014-11-19,,,1273/2014 (OJ L344),eu
fr-ga-4eaff2d42bd9bbb87921c9ceec9c43c0f24bca46,NK-RgWrKcymG2QWDjaGSRt4Qa,ANSAR AL-SHARI'A IN DARNAH,Direction Générale du Trésor,EU.2958.88,,(UE) 1273/2014 du 28/11/2014 (ONU Al Qaeda Etat - Islamique - RCSNU 1267 (1999) et R (UE) 881/2002 ),UN-SCISIL,,,,,"associée avec l'organisation d'Al-Qaida au Maghreb islamique,  Ansar al-Shari'a en Tunisie et Ansar al Charia Benghazi  -- gère des camps d'entrainements pour les combattants terroristes qui se rendent en Syrie et en Iraq",fr
gb-fcdo-b4020ce3aa3783d335c6d810f5f93c2219dfad7c,NK-RgWrKcymG2QWDjaGSRt4Qa,ANSAR AL-SHARI'A IN DARNAH,"Foreign, Commonwealth & Development Office",AQD0031,QDE.145,Isil (Da'esh) and Al-Qaeda (United Nations Sanctions) (EU Exit) Regulations 2019,GB-ISIL,,2014-11-19,,,,gb
id-dttot-fde093896fb4e7d4db3bdc9b4f3483c0074dc4f4,NK-RgWrKcymG2QWDjaGSRt4Qa,ANSAR AL-SHARI'A IN DARNAH,Indonesian Financial Transaction Reports and Analysis Center,ELQ-066,,,,,,,,,id
il-nbctf-2242ddb48628d28ad2b8977dc5172ec944bd3827,NK-RgWrKcymG2QWDjaGSRt4Qa,ANSAR AL-SHARI'A IN DARNAH,National Bureau for Counter Terror Financing,,,"הכרזה על התאחדות בלתי מותרת לפי תקנות ההגנה (שעת חירום), 1945",,,2016-03-29,,,,il
ja-mof-3b7de28cd461c242dc5727754387aa203beaf04c,NK-RgWrKcymG2QWDjaGSRt4Qa,ANSAR AL-SHARI'A IN DARNAH,Ministry of Finance,677,,タリバーン関係者等 （タリバーン、アル・カーイダ及びISIL（ダーイシュ）関係者等） / （注1）国連安保理決議第1267号、第1333号、第1390号、第1988号、第1989号、第2253号及び第2255号に加えて、国連安保理決議第1373号に基づく資産凍結措置の対象に指定されている個人及び団体については、告示番号の冒頭に＊印を付しています。 （注2）2021年5月28日以降の制裁対象者の追加指定につきましては、外務省告示を２回に分けて発出することとなりました。 （１回目：制裁対象者の氏名等を国連安保理が公表した英文の情報のまま発出する告示、２回目：制裁対象者の氏名等に仮名表記等を追加・修文する告示）２回目の告示発出につきましては、当シートの告示日付には反映しておりません。,,,2020-01-20,,,,jp
md-terr-1f375a1d86857c4246eec8b703d3047fa2c09cc4,NK-RgWrKcymG2QWDjaGSRt4Qa,ANSAR AL-SHARI'A IN DARNAH,Centrul Antiterorist al Serviciului de Informaţii şi Securitate al Republicii Moldova,,QDe.145,"Lista persoanelor, entităţilor şi a altor grupuri asociate cu „ISIL” („Da’esh”) şi „Al-Qaida” menţinută de CCS al ONU, instituit prin Rezoluţiile 1267 (1999), 1989 (2011), 2253 (2015)",,,,,,,md
ofac-638611bdcee8fc69c547a93d0941591a074b70bb,NK-RgWrKcymG2QWDjaGSRt4Qa,ANSAR AL-SHARI'A IN DARNAH,Office of Foreign Assets Control,16476,,FTO,US-TERR,,,,,INA,us
ua-sfms-e1c644552e7eb9dd318503ee71892edd0a489f97,NK-RgWrKcymG2QWDjaGSRt4Qa,ANSAR AL-SHARI'A IN DARNAH,State Finance Monitoring Service,,,"РБ ООН 1267 (1999), 1989 (2011), 2610 (2021)",,2024-02-08,2024-02-08,,,,ua
unsc-5df48a9440c3c481d6a80bec56778a38bbc12448,NK-RgWrKcymG2QWDjaGSRt4Qa,ANSAR AL-SHARI'A IN DARNAH,United Nations Security Council,,QDe.145,Al-Qaida,UN-SCISIL,2014-11-19,2014-11-19,,,,
us-dos-fto-f595eba73221074ef4bd6888d9dc28de2e40d90b,NK-RgWrKcymG2QWDjaGSRt4Qa,ANSAR AL-SHARI'A IN DARNAH,U.S. Department of State,,,,US-FTO219,,2014-01-13,,,,us
zafic-78fc4dda395c1b377d4ba657bee90efff95dc935,NK-RgWrKcymG2QWDjaGSRt4Qa,ANSAR AL-SHARI'A IN DARNAH,Financial Intelligence Centre,,QDe.145,,,2014-11-19,,,,,za
arpet-60376b6143512cafd9c57f155667bf0da0348685,NK-S7PSCTUgXkJuSAw5MSVjdo,'Ali Sulayman Mas'ud 'Abd AL-SAYYID,Ministerio de Justicia,,QDi.229,UN List,,2007-06-08,2007-06-08,,,,ar
au-dfat-843567ef791596b1a5e728b1e845e5d4c93e35b4,NK-S7PSCTUgXkJuSAw5MSVjdo,'Ali Sulayman Mas'ud 'Abd AL-SAYYID,Department of Foreign Affairs and Trade,,,1267 (ISIL (Da'esh) and Al-Qaida),UN-SCISIL,,2026-02-20,,,,au
be-fod-3b6e4a0f391f4364685f53f827bf4f2d527fc152,NK-S7PSCTUgXkJuSAw5MSVjdo,'Ali Sulayman Mas'ud 'Abd AL-SAYYID,Federal Public Service Finance,,,,EU-TAQA-EUAQ,2007-06-30,,,,760/2007 (OJ L172),be
ch-seco-8e201375ea800632a987e07978628e2126dccb7e,NK-S7PSCTUgXkJuSAw5MSVjdo,'Ali Sulayman Mas'ud 'Abd AL-SAYYID,State Secretariat for Economic Affairs,82626,QDi.229,"Ordinance on measures against persons, groups, undertakings and entities associated with ISIL (Da'esh) and Al-Qaida",SECO-ISIL,2025-05-14,2025-05-15,,,,ch
eu-fsf-2019cece010f5c1e112ad2903614690ade9eb60d,NK-S7PSCTUgXkJuSAw5MSVjdo,'Ali Sulayman Mas'ud 'Abd AL-SAYYID,"Directorate‑General for Financial Stability, Financial Services and Capital Markets Union",EU.1743.40,,TAQA,EU-TAQA-EUAQ,2012-01-18,2012-01-17,,,34/2012 (OJ L15),eu
eu-tb-2496365620e0553035ec62f0d6600f78e057323d,NK-S7PSCTUgXkJuSAw5MSVjdo,'Ali Sulayman Mas'ud 'Abd AL-SAYYID,Council of the European Union,,,,,,,,,"Council Decision concerning restrictive measures against ISIL (Da'esh) and Al-Qaeda and persons, groups, undertakings and entities associated with them and repealing Common Position 2002/402/CFSP",eu
eu-tb-9b0ffe08931398f87fda6ab6fe5b9603612f2750,NK-S7PSCTUgXkJuSAw5MSVjdo,'Ali Sulayman Mas'ud 'Abd AL-SAYYID,Council of the European Union,,,,,,,,,"Decision concerning restrictive measures against ISIL (Da’esh) and Al-Qaeda and persons, groups, undertakings and entities associated with them",eu
fr-ga-75f82303f3a11991b43b051f113da4635fec082d,NK-S7PSCTUgXkJuSAw5MSVjdo,'Ali Sulayman Mas'ud 'Abd AL-SAYYID,Direction Générale du Trésor,EU.1743.40,QDi.229,décision du comité des sanctions des Nations unies du 15/03/2023 (ONU Al Qaeda Etat - Islamique - RCSNU 1267 (1999) et R (UE) 881/2002 ),UN-SCISIL,,,,,membre du Groupe islamique combattant libyen (QDe.011). La révision prévue par la résolution 1822 (2008) du Conseil de sécurité a été achevée le 24 nov. 2009. La révision prévue par la résolution 2253 (2015) du Conseil de sécurité a été achevée le 21 févr. 2019. La révision prévue par la résolution 2610 (2021) du Conseil de sécurité a été achevée le 8 novembre 2022,fr
gb-fcdo-267dbfbad0c084c43f49d712c5ac9596efeada65,NK-S7PSCTUgXkJuSAw5MSVjdo,'Ali Sulayman Mas'ud 'Abd AL-SAYYID,"Foreign, Commonwealth & Development Office",AQD0135,QDi.229,Isil (Da'esh) and Al-Qaeda (United Nations Sanctions) (EU Exit) Regulations 2019,GB-ISIL,,2007-06-08,,,,gb
id-dttot-5569cbe7ce80451669e309fa4bd527cabc32ae4c,NK-S7PSCTUgXkJuSAw5MSVjdo,'Ali Sulayman Mas'ud 'Abd AL-SAYYID,Indonesian Financial Transaction Reports and Analysis Center,ILQ-010,,,,,,,,,id
il-nbctf-55a446f8b5f37d1ebe9ff3db4e22c245ba71a567,NK-S7PSCTUgXkJuSAw5MSVjdo,'Ali Sulayman Mas'ud 'Abd AL-SAYYID,National Bureau for Counter Terror Financing,,,"מועבי""ט - או""ם",,,2011-11-22,,,,il
ja-mof-2fba80f302c7c246ec413a7bdfddbc3295135817,NK-S7PSCTUgXkJuSAw5MSVjdo,'Ali Sulayman Mas'ud 'Abd AL-SAYYID,Ministry of Finance,515,,タリバーン関係者等 （タリバーン、アル・カーイダ及びISIL（ダーイシュ）関係者等） / （注1）国連安保理決議第1267号、第1333号、第1390号、第1988号、第1989号、第2253号及び第2255号に加えて、国連安保理決議第1373号に基づく資産凍結措置の対象に指定されている個人及び団体については、告示番号の冒頭に＊印を付しています。 （注2）2021年5月28日以降の制裁対象者の追加指定につきましては、外務省告示を２回に分けて発出することとなりました。 （１回目：制裁対象者の氏名等を国連安保理が公表した英文の情報のまま発出する告示、２回目：制裁対象者の氏名等に仮名表記等を追加・修文する告示）２回目の告示発出につきましては、当シートの告示日付には反映しておりません。,,,2023-04-18,,,,jp
mc-freezes-896990a76bc1396dc534725d5ccaac2ffd3b3fc5,NK-S7PSCTUgXkJuSAw5MSVjdo,'Ali Sulayman Mas'ud 'Abd AL-SAYYID,Principauté de Monaco,,,,,,,,,membre du Groupe libyen de combat pour l'Islam,mc
md-terr-e8ea4e38856c2bcbe2508b905ad5b892d48c5475,NK-S7PSCTUgXkJuSAw5MSVjdo,'Ali Sulayman Mas'ud 'Abd AL-SAYYID,Centrul Antiterorist al Serviciului de Informaţii şi Securitate al Republicii Moldova,,QDi.229,"Lista persoanelor, entităţilor şi a altor grupuri asociate cu „ISIL” („Da’esh”) şi „Al-Qaida” menţinută de CCS al ONU, instituit prin Rezoluţiile 1267 (1999), 1989 (2011), 2253 (2015)",,,,,,,md
ofac-e40b22b27c173f992ced82908f25140364b677ce,NK-S7PSCTUgXkJuSAw5MSVjdo,'Ali Sulayman Mas'ud 'Abd AL-SAYYID,Office of Foreign Assets Control,10330,,SDGT,US-TERR,,,,,Executive Order 13224 (Terrorism),us
ua-sfms-b25f97ab964690ca4306437606af32ba1332539f,NK-S7PSCTUgXkJuSAw5MSVjdo,'Ali Sulayman Mas'ud 'Abd AL-SAYYID,State Finance Monitoring Service,,,"РБ ООН (Комітет 1267(1999),1989(2011), 2253(2015))",,2023-03-17,2023-03-17,,,,ua
unsc-1a989979efcc086767264f932324e784c9860d7e,NK-S7PSCTUgXkJuSAw5MSVjdo,'Ali Sulayman Mas'ud 'Abd AL-SAYYID,United Nations Security Council,,QDi.229,Al-Qaida,UN-SCISIL,2007-06-08,2007-06-08,,,,
zafic-b92133fa1a9f1fb7005f7b9ef47c316d959c40aa,NK-S7PSCTUgXkJuSAw5MSVjdo,'Ali Sulayman Mas'ud 'Abd AL-SAYYID,Financial Intelligence Centre,,QDi.229,,,2007-06-08,,,,,za
ofac-3b02364f8212b230e65c9f73ab1001b796e58ea0,NK-S7pHVijF9R4WwGRdgckCBq,Fahmi Ben Khalifa,Office of Foreign Assets Control,23194,,LIBYA3,US-LIBYA,,,,,Executive Order 13726 (Libya),us
ofac-81463c57d6b1b85e8412e809328981e8176a33d5,NK-SKhpBYjPpVkLzkXxcgBQzo,Morteza Hashemi,Office of Foreign Assets Control,33258,,IFSR,US-IRAN,,,,,Executive Order 13224 (Terrorism),us
sa-pcct-9faf2d7778646e647ac0008aae9ddd8620873b81,NK-SKhpBYjPpVkLzkXxcgBQzo,Morteza Hashemi,Permanent Committee for Counter-Terrorism,,,,SA-UNSC1373,,2022-06-06,,,,sa
be-fod-474da07f2a84c213c50c622789f06c20b32e9cb0,NK-SfPxtnRH4Hwsc5tbssb3dj,Kaniyat militia,Federal Public Service Finance,,,,EU-HR,2022-12-06,,,,2022/2374 (OJ L314),be
eu-fsf-ce4574ff6defb3243204dfec51c7af4abe080b11,NK-SfPxtnRH4Hwsc5tbssb3dj,Kaniyat militia,"Directorate‑General for Financial Stability, Financial Services and Capital Markets Union",EU.6273.6,,HR,EU-HR,2022-12-06,2021-03-22,,,2022/2374 (OJ L314),eu
fr-ga-734505b1b7c141ea7c296f22412f9cf69ec547ee,NK-SfPxtnRH4Hwsc5tbssb3dj,Kaniyat militia,Direction Générale du Trésor,EU.6273.6,,(UE) 2021/478 du 22/03/2021 (UE Violation des droits de l'homme - R (UE) 2020/1998),EU-HR,,,,,"La milice Kaniyat est une milice armée libyenne, qui a contrôlé la ville libyenne de Tarhuna entre 2015 et juin 2020. Des charniers attribués à la milice Kaniyat ont été découverts à Tarhuna depuis juin 2020, après qu'elle a fui pour rejoindre l'est de la Libye. La milice Kaniyat responsable de violations graves des droits de l'homme, en particulier d'assassinats extrajudiciaires et de disparition",fr
gb-fcdo-1363fcfdfea62463ca1104151efd39a729cab133,NK-SfPxtnRH4Hwsc5tbssb3dj,Kaniyat militia,UK,LIB0074,,The Libya (Sanctions) (EU Exit) Regulations 2020,GB-LBY,,2021-05-07,,,"The al-Kaniyat milita is designated on the basis that there are reasonable grounds to suspect that the militia has committed serious human rights abuses and committed violations of international humanitarian law. There are reasonable grounds to suspect that the al-Kaniyat militia was responsible for enforced disappearances, torture and killings which resulted in eight mass graves being uncovered i",gb
mc-freezes-4a94c790fae3e83703e349b96e57ec00491e51e6,NK-SfPxtnRH4Hwsc5tbssb3dj,Kaniyat militia,Principauté de Monaco,,,,,,,,,"La milice Kaniyat est une milice armée libyenne, qui a contrôlé la ville libyenne de Tarhuna entre 2015 et juin 2020. Des charniers attribués à la milice Kaniyat ont été découverts à Tarhuna depuis juin 2020, après qu'elle a fui pour rejoindre l'est de la Libye. La milice Kaniyat responsable de violations graves des droits de l'homme, en particulier d'assassinats extrajudiciaires et de disparition",mc
ofac-a23ef7276114dcd627531c6262bdaac65f9744aa,NK-SfPxtnRH4Hwsc5tbssb3dj,Kaniyat militia,Office of Foreign Assets Control,29368,,GLOMAG,US-GLOMAG,,,,,Executive Order 13818 (Global Magnitsky),us
ae-lt-f2770bb2070e55668089268ee796b25a151d533e,NK-SpaaQELqBC2epnosd5YWF2,BAHRAIN FREEDOM MOVEMENT,Executive Office for Control & Non-proliferation,,,مدرج بموجب قرار مجلس الوزراء رقم (18) لسنة 2017,AE-UNSC1373,,,,,,ae
sa-pcct-08b5b92fc48a5a1c6635ef433db340d82a9be85c,NK-SpaaQELqBC2epnosd5YWF2,BAHRAIN FREEDOM MOVEMENT,Permanent Committee for Counter-Terrorism,,,,SA-UNSC1373,,2017-06-08,,,,sa
be-fod-01b45b6b4c7a3677751e72a9629a7762bb2d808b,NK-TGJjwNmw5DCZLYNDfnD5G4,Libyan Agricultural Bank,Federal Public Service Finance,,,,EU-LBY,2011-04-14,,,,360/2011 (OJ L100),be
ch-seco-34ca5d82c326fad9713b23e119d3ba5681b1d9c8,NK-TGJjwNmw5DCZLYNDfnD5G4,Libyan Agricultural Bank,State Secretariat for Economic Affairs,20760,,"Ordinance of 30 March 2011 on measures against Libya (SR 946.231.149.82), annexes 2, 3, 4 and 5",SECO-LIBYA,2015-08-28,2015-08-28,,,,ch
eu-fsf-2805ef9639f78927d96fe6aa60bb2c3a9cc05a77,NK-TGJjwNmw5DCZLYNDfnD5G4,Libyan Agricultural Bank,"Directorate‑General for Financial Stability, Financial Services and Capital Markets Union",EU.3380.0,,LBY,EU-LBY,2016-01-19,2011-04-12,,,2016/44 (OJ L12),eu
fr-ga-45b89357ef58dc962cf89b3358b407bc6b19b07b,NK-TGJjwNmw5DCZLYNDfnD5G4,Libyan Agricultural Bank,Direction Générale du Trésor,,,(UE) 360/2011 du 12/04/2011 -  (UE Libye - R (UE) 2016/44),EU-LBY,,,,,"filiale libyenne de la Banque centrale de Libye, étroitement associée à l'ancien régime de Mouammar Qadhafi",fr
gb-fcdo-25474b39272759f47c5cd2535c7ce36e94cc1bf7,NK-TGJjwNmw5DCZLYNDfnD5G4,Libyan Agricultural Bank,UK,11745,,The Libya (Sanctions) (EU Exit) Regulations 2020,GB-LBY,,2020-12-31,,,Libyan subsidiary of the Central Bank of Libya. Owned or controlled directly or indirectly (within the meaning regulation 7) by a person who is or has been so involved.,gb
mc-freezes-678d3c987a32b4949323c4b9b3624444fecb1eca,NK-TGJjwNmw5DCZLYNDfnD5G4,Libyan Agricultural Bank,Principauté de Monaco,,,,,,,,,"filiale libyenne de la Banque centrale de Libye, étroitement associée à l'ancien régime de Mouammar Qadhafi",mc
ch-seco-12e8903d99439cb07e950446c40827b2b673ef8e,NK-TYghj2c5NHsoPs4vRVQ4bV,Ali Ansari,State Secretariat for Economic Affairs,113067,,"Ordinance of 12 December 2025 on measures against the Islamic Republic of Iran (SR 946.231.143.6), annexes 11-14",SECO-IRAN,2026-08-18,2026-08-18,,,,ch
eu-oj-02416e961b4f00715f0a71520e6bb95541b1f633,NK-TYghj2c5NHsoPs4vRVQ4bV,Ali Ansari,Council of the European Union,,,,EU-IRN,,2026-07-30,,,,eu
fr-ga-08ead51578f33cca3e80f89810577729d1aa45d7,NK-TYghj2c5NHsoPs4vRVQ4bV,Ali Ansari,Direction Générale du Trésor,,,R(UE) 2026/1883 du 30/07/2026 (ONU Iran prolifération - RCSNU 1737 (2006) et R (UE) 267/2012),EU-IRN,,,,,"Ali Ansari est un homme d’affaires iranien, anciennement propriétaire de Bank Ayandeh et d’Iran Mall. Par l’intermédiaire d’un réseau de sociétés, Ali Ansari utilise des canaux bancaires étrangers pour transférer des fonds à l’étranger. Ces fonds proviennent en partie de la vente de pétrole iranien. Le secteur pétrolier iranien constitue une source importante de financement pour l’armée iranienne ",fr
gb-fcdo-4b22cba31d8a18f72d3d549d8ef13733690ead9a,NK-TYghj2c5NHsoPs4vRVQ4bV,Ali Ansari,UK,17215,,The Iran (Sanctions) Regulations 2023,GB-IRAN,,2025-10-30,,,"The Secretary of State considers that there are reasonable grounds to suspect that Ali Aliakbar ANSARI is an involved person under The Iran (Sanctions) Regulations 2023 on the basis of the following ground: 
 
ANSARI has facilitated and provided support to hostile activity by the Government of Iran, namely providing economic resources to the IRGC and individuals who have undertaken activity which ",gb
mc-freezes-d1da79398145acff44f7fa886ca428b441abde39,NK-TYghj2c5NHsoPs4vRVQ4bV,Ali Ansari,Principauté de Monaco,,,,,,,,,"Ali Ansari est un homme d’affaires iranien, anciennement propriétaire de Bank Ayandeh et d’Iran Mall.
Par l’intermédiaire d’un réseau de sociétés, Ali Ansari utilise des canaux bancaires étrangers pour transférer des fonds à l’étranger. Ces fonds proviennent en partie de la vente de pétrole iranien. Le secteur pétrolier iranien constitue une source importante de financement pour l’armée iranienne ",mc
ofac-2370dcb93a023efc9d98c79156818915a3cec96d,NK-TYghj2c5NHsoPs4vRVQ4bV,Ali Ansari,Office of Foreign Assets Control,57957,,IRAN-EO13876,US-IRAN,,,,,Executive Order 13224 (Terrorism),us
ofac-d19164c89cf09f6e8f4cbe833d13d191ef0206b8,NK-TinkkQtAdcc5orgs3zc7qN,Mohammadreza Ali Akbari,Office of Foreign Assets Control,27271,,SDGT,US-TERR,,,,,Executive Order 13224 (Terrorism),us
sa-pcct-ecfff7f2c5bbda07c808108ff589245c2f0fd8b2,NK-TinkkQtAdcc5orgs3zc7qN,Mohammadreza Ali Akbari,Permanent Committee for Counter-Terrorism,,,,SA-UNSC1373,,2022-01-26,,,,sa
au-dfat-fe8757b71e945fa7cfd0d2ae41f146cfed492235,NK-TyDcXQ2tXNCuADMfhjnwSj,Mehr Bank,Department of Foreign Affairs and Trade,,,Autonomous (Iran),AU-IRAN,,2024-01-12,,,,au
be-fod-db3e0b70f3a5331c64eb9100d411f67de54b8344,NK-TyDcXQ2tXNCuADMfhjnwSj,Mehr Bank,Federal Public Service Finance,,,,EU-IRN,2011-05-24,,,,503/2011 (OJ L136),be
ca-sema-ff055e119d9b7e9758071be651d9e7a59685354b,NK-TyDcXQ2tXNCuADMfhjnwSj,Mehr Bank,Global Affairs Canada,108,,Iran,CA-SEMA,2016-02-05,,,,"1, Part 1",ca
ch-seco-1386cfdfad66f31bb8f1a980564a48b9b43bfb23,NK-TyDcXQ2tXNCuADMfhjnwSj,Mehr Bank,State Secretariat for Economic Affairs,9681,110.,"Ordinance of 12 December 2025 on measures against the Islamic Republic of Iran (SR 946.231.143.6), annexes 11-14",SECO-IRAN,2019-12-03,2019-12-03,,,,ch
eu-fsf-d07d262b43760670bc0b3d8999d8b1aed721f3a8,NK-TyDcXQ2tXNCuADMfhjnwSj,Mehr Bank,"Directorate‑General for Financial Stability, Financial Services and Capital Markets Union",EU.2407.2,,IRN,EU-IRN,2022-06-28,2011-05-23,,,2022/1010 (OJ L170),eu
fr-ga-99c7fd7eff46679d2b1e133a0ef5af6a0f011de0,NK-TyDcXQ2tXNCuADMfhjnwSj,Mehr Bank,Direction Générale du Trésor,EU.2407.2,,(UE) 2022/1010 du 27/06/2022 (UE Iran prolifération - R (UE) 267/2012),EU-IRN,,,,,"La Mehr Bank est contrôlée par Bonyad Taavon Sepah et l'IRGC. Elle fournit des services financiers à l'IRGC. Selon un entretien de source ouverte avec Parviz Fatah, alors directeur de Bonyad Taavon Sepah, Bonyad Taavon Sepah a créé la Mehr Bank pour servir le Basij (branche paramilitaire de l'IRGC).",fr
gb-fcdo-0488229c8f0ac88f6e214ea094382c98d08add7a,NK-TyDcXQ2tXNCuADMfhjnwSj,Mehr Bank,UK,11582,,The Iran (Sanctions) (Nuclear) (EU Exit) Regulations 2019,GB-IRAN-NW,,2020-12-31,,,Mehr Bank provides financial services to the IRGC and was created to serve the Basij,gb
mc-freezes-b027eae9c5755d1eaf1946dd84c63fecea70728c,NK-TyDcXQ2tXNCuADMfhjnwSj,Mehr Bank,Principauté de Monaco,,,,,,,,,"La Mehr Bank est contrôlée par Bonyad Taavon Sepah et l’IRGC. Elle fournit des services financiers à l’IRGC. Selon un entretien de source ouverte avec Parviz Fatah, alors directeur de Bonyad Taavon Sepah, Bonyad Taavon Sepah a créé la Mehr Bank pour servir le Basij (branche paramilitaire de l’IRGC).",mc
ofac-0a4f8160d82dcd0606d01b41af4c20030468f535,NK-TyDcXQ2tXNCuADMfhjnwSj,Mehr Bank,Office of Foreign Assets Control,12481,,NPWMD,US-NON-PROLIF,,,,,TRA,us
ofac-51d5edda6a48461767efee13a1e99f66ca8268c3,NK-TyDcXQ2tXNCuADMfhjnwSj,Mehr Bank,Office of Foreign Assets Control,25018,,IFSR,US-IRAN,,,,,Executive Order 13224 (Terrorism),us
ofac-b12420f7b761460362a71b9d7e09c8fe53865a08,NK-TyDcXQ2tXNCuADMfhjnwSj,Mehr Bank,Office of Foreign Assets Control,13143,,IRAN,US-IRAN,,,,,Executive Order 13902 (Iran),us
sa-pcct-84a833d1f05bae2c322af17568206933d45787e6,NK-TyDcXQ2tXNCuADMfhjnwSj,Mehr Bank,Permanent Committee for Counter-Terrorism,,,,SA-UNSC1373,,2019-10-30,,,,sa
au-dfat-5ee6a1c5adc99a08931c83e471cb35f7ccbbdcfe,NK-U2Mdh5BoyW3V8ZcVERdom2,Mohammed Boucharaya FARKASH,Department of Foreign Affairs and Trade,,,Autonomous (Libya),AU-LIBYA,,2024-01-12,,,,au
be-fod-67cbfc32329ce277bb9a24623e49df7f554b48a1,NK-U2Mdh5BoyW3V8ZcVERdom2,Mohammed Boucharaya FARKASH,Federal Public Service Finance,,,,EU-LBY,2016-01-19,,,,2016/44 (OJ L12),be
ch-seco-0491fa9a7b87b97ee269d7bb3293808cb0821c7c,NK-U2Mdh5BoyW3V8ZcVERdom2,Mohammed Boucharaya FARKASH,State Secretariat for Economic Affairs,20424,,"Ordinance of 30 March 2011 on measures against Libya (SR 946.231.149.82), annexes 2, 3, 4 and 5",SECO-LIBYA,2015-08-28,2015-08-28,,,,ch
ch-seco-a2feb117655de5202995d11ebb8354eb528c715f,NK-U2Mdh5BoyW3V8ZcVERdom2,Mohammed Boucharaya FARKASH,State Secretariat for Economic Affairs,20648,,"Ordinance of 30 March 2011 on measures against Libya (SR 946.231.149.82), annexes 2, 3, 4 and 5",SECO-LIBYA,2015-08-28,2015-08-28,,,,ch
eu-fsf-b60f1afe08b2e9577e0d8422a9e836a2a78e3c31,NK-U2Mdh5BoyW3V8ZcVERdom2,Mohammed Boucharaya FARKASH,"Directorate‑General for Financial Stability, Financial Services and Capital Markets Union",EU.3351.59,,LBY,EU-LBY,2016-01-19,2011-02-28,,,2016/44 (OJ L12),eu
eu-tb-30fd61a9ccee53ea980fb966503ec67121fe640d,NK-U2Mdh5BoyW3V8ZcVERdom2,Mohammed Boucharaya FARKASH,Council of the European Union,,,,,,,,,"Council Decision concerning restrictive measures in view of the situation in Libya, and repealing Decision 2011/137/CFSP",eu
fr-ga-4bc6ac2ba1c1a5c8608a11d478439aebdbcfa105,NK-U2Mdh5BoyW3V8ZcVERdom2,Mohammed Boucharaya FARKASH,Direction Générale du Trésor,,,(UE) 204/2011 du 02/03/2011 -  (UE Libye - R (UE) 2016/44),EU-LBY,,,,,,fr
mc-freezes-c5d6791d5d84e7218813495a51c3905372cfc1f1,NK-U2Mdh5BoyW3V8ZcVERdom2,Mohammed Boucharaya FARKASH,Principauté de Monaco,,,,,,,,,,mc
be-fod-0bda67974d431539700b2df85603683fff2cf0a1,NK-UJ6VjXqPL3Amtn8hgRZZX9,Capitana Seas Limited,Federal Public Service Finance,,,,EU-LBY,2011-04-14,,,,360/2011 (OJ L100),be
ch-seco-c1bdbaa6b55f98d37427db5c6840ffd00ce0472f,NK-UJ6VjXqPL3Amtn8hgRZZX9,Capitana Seas Limited,State Secretariat for Economic Affairs,20852,,"Ordinance of 30 March 2011 on measures against Libya (SR 946.231.149.82), annexes 2, 3, 4 and 5",SECO-LIBYA,2015-08-28,2015-08-28,,,,ch
eu-fsf-b0c6212d0e72ec365745063aa16202a826d527e8,NK-UJ6VjXqPL3Amtn8hgRZZX9,Capitana Seas Limited,"Directorate‑General for Financial Stability, Financial Services and Capital Markets Union",EU.3398.12,,LBY,EU-LBY,2016-01-19,2011-04-12,,,2016/44 (OJ L12),eu
fr-ga-6f8c1a0c7a4e4ff5b86bd23b6a80194ff5ae606a,NK-UJ6VjXqPL3Amtn8hgRZZX9,Capitana Seas Limited,Direction Générale du Trésor,,,(UE) 360/2011 du 12/04/2011 -  (UE Libye - R (UE) 2016/44),EU-LBY,,,,,"entité constituée aux Iles Vierges britanniques appartenant à Saadi Qadhafi, étroitement associée à l'ancien régime de Mouammar Qadhafi",fr
gb-fcdo-a73009f856760efe50fc5b2784c26b9a2e76b94b,NK-UJ6VjXqPL3Amtn8hgRZZX9,Capitana Seas Limited,UK,LIB0014,,The Libya (Sanctions) (EU Exit) Regulations 2020,GB-LBY,,2020-12-31,,,"Entity owned or controlled by Qadhafi family, utilised as a shell company for buying property in the UK.",gb
mc-freezes-4cb586107ffbae64eba83727d709b322ed5c0fe3,NK-UJ6VjXqPL3Amtn8hgRZZX9,Capitana Seas Limited,Principauté de Monaco,,,,,,,,,"entité constituée aux Iles Vierges britanniques appartenant à Saadi Qadhafi, étroitement associée à l'ancien régime de Mouammar Qadhafi",mc
ofac-44ef7fc42a6d902c5c7cd752d359407a4d7ea98b,NK-UREq2TewkT69yVkcyP5t2M,Maftah Mohamed ELMABRUK,Office of Foreign Assets Control,11173,,SDGT,US-TERR,,,,,Executive Order 13224 (Terrorism),us
arpet-fc1f0e30362619bf781644484074be96991f795d,NK-UWnvVbyGgBSund99h6UCBb,Nur Al-Din AL-DIBISKI,Ministerio de Justicia,,QDi.231,UN List,,2007-06-08,2007-06-08,,,,ar
au-dfat-738c6fb752fd55094ee5adf8d96c7717435434b1,NK-UWnvVbyGgBSund99h6UCBb,Nur Al-Din AL-DIBISKI,Department of Foreign Affairs and Trade,,,1267 (ISIL (Da'esh) and Al-Qaida),UN-SCISIL,,2026-02-20,,,,au
be-fod-43074cae002ca244e2d43c987d5af29bac456168,NK-UWnvVbyGgBSund99h6UCBb,Nur Al-Din AL-DIBISKI,Federal Public Service Finance,,,,EU-TAQA-EUAQ,2012-01-18,,,,760/2007 (OJ L172),be
ch-seco-9d075a997e153b0d23da862a9a6b0208c603c2dd,NK-UWnvVbyGgBSund99h6UCBb,Nur Al-Din AL-DIBISKI,State Secretariat for Economic Affairs,82639,QDi.231,"Ordinance on measures against persons, groups, undertakings and entities associated with ISIL (Da'esh) and Al-Qaida",SECO-ISIL,2025-05-14,2025-05-15,,,,ch
eu-fsf-86f6e540213ebcc62fb86e106fb4a2e3d6343046,NK-UWnvVbyGgBSund99h6UCBb,Nur Al-Din AL-DIBISKI,"Directorate‑General for Financial Stability, Financial Services and Capital Markets Union",EU.1693.80,,TAQA,EU-TAQA-EUAQ,2012-01-18,2012-01-17,,,34/2012 (OJ L15),eu
eu-tb-5fb44de978bc54cccbcab79ba5154f3362e8148d,NK-UWnvVbyGgBSund99h6UCBb,Nur Al-Din AL-DIBISKI,Council of the European Union,,,,,,,,,"Decision concerning restrictive measures against ISIL (Da’esh) and Al-Qaeda and persons, groups, undertakings and entities associated with them",eu
eu-tb-9414f2074d15f43392b7b716a85d0d273d1e0c05,NK-UWnvVbyGgBSund99h6UCBb,Nur Al-Din AL-DIBISKI,Council of the European Union,,,,,,,,,"Council Decision concerning restrictive measures against ISIL (Da'esh) and Al-Qaeda and persons, groups, undertakings and entities associated with them and repealing Common Position 2002/402/CFSP",eu
fr-ga-bc538a1f8d8d8feb89a27c31d56ebfa757c5ee5c,NK-UWnvVbyGgBSund99h6UCBb,Nur Al-Din AL-DIBISKI,Direction Générale du Trésor,EU.1693.80,QDi.231,(UE) 34/2012 du 17/01/2012 (ONU Al Qaeda Etat - Islamique - RCSNU 1267 (1999) et R (UE) 881/2002 ),UN-SCISIL,,,,,La mère s’appelle Kalthoum Abdul Salam al-Shaftari. Haut responsable du Groupe islamique combattant libyen (QDe.011) et membre d'Al-Qaida (QDe.004). La révision prévue par la résolution 1822 (2008) du Conseil de sécurité a été achevée le 24 nov. 2009. La révision prévue par la résolution 2253 (2015) du Conseil de sécurité a été achevée le 21 févr. 2019. La révision prévue par la résolution 2610 (2,fr
gb-fcdo-1ea9c4370c68ffe236a7f6564d5a450672c4c0c3,NK-UWnvVbyGgBSund99h6UCBb,Nur Al-Din AL-DIBISKI,"Foreign, Commonwealth & Development Office",AQD0305,QDi.231,Isil (Da'esh) and Al-Qaeda (United Nations Sanctions) (EU Exit) Regulations 2019,GB-ISIL,,2007-06-08,,,,gb
id-dttot-f7b1858db770aec7f3f65e54210ce9a3996fa1e4,NK-UWnvVbyGgBSund99h6UCBb,Nur Al-Din AL-DIBISKI,Indonesian Financial Transaction Reports and Analysis Center,ILQ-032,,,,,,,,,id
il-nbctf-cf9256946149bde9462a0328d12801adde4af243,NK-UWnvVbyGgBSund99h6UCBb,Nur Al-Din AL-DIBISKI,National Bureau for Counter Terror Financing,,,"מועבי""ט - או""ם",,,2011-11-22,,,,il
ja-mof-169cc3ccf6afd727d84a3dc7abd37197be2d37ee,NK-UWnvVbyGgBSund99h6UCBb,Nur Al-Din AL-DIBISKI,Ministry of Finance,513,,タリバーン関係者等 （タリバーン、アル・カーイダ及びISIL（ダーイシュ）関係者等） / （注1）国連安保理決議第1267号、第1333号、第1390号、第1988号、第1989号、第2253号及び第2255号に加えて、国連安保理決議第1373号に基づく資産凍結措置の対象に指定されている個人及び団体については、告示番号の冒頭に＊印を付しています。 （注2）2021年5月28日以降の制裁対象者の追加指定につきましては、外務省告示を２回に分けて発出することとなりました。 （１回目：制裁対象者の氏名等を国連安保理が公表した英文の情報のまま発出する告示、２回目：制裁対象者の氏名等に仮名表記等を追加・修文する告示）２回目の告示発出につきましては、当シートの告示日付には反映しておりません。,,,2023-04-18,,,,jp
mc-freezes-ad4146eea71c9ebab9a964e53efe07e4e3137ab1,NK-UWnvVbyGgBSund99h6UCBb,Nur Al-Din AL-DIBISKI,Principauté de Monaco,,,,,,,,,nom de sa mère : Kalthoum Abdul Salam Al-Shaftari -- membre de haut rang du Groupe libyen de combat pour l'Islam et d'Al-Qaida,mc
md-terr-6f716f55ec4dfdcf0518cfd61d1425452f8ccda0,NK-UWnvVbyGgBSund99h6UCBb,Nur Al-Din AL-DIBISKI,Centrul Antiterorist al Serviciului de Informaţii şi Securitate al Republicii Moldova,,QDi.231,"Lista persoanelor, entităţilor şi a altor grupuri asociate cu „ISIL” („Da’esh”) şi „Al-Qaida” menţinută de CCS al ONU, instituit prin Rezoluţiile 1267 (1999), 1989 (2011), 2253 (2015)",,,,,,,md
ofac-c87734042dc3f3084fce4cbe1b83648856957901,NK-UWnvVbyGgBSund99h6UCBb,Nur Al-Din AL-DIBISKI,Office of Foreign Assets Control,10327,,SDGT,US-TERR,,,,,Unknown,us
ua-sfms-b08bcc332a0c5f3e44fc4eb405c07c76c79c0f35,NK-UWnvVbyGgBSund99h6UCBb,Nur Al-Din AL-DIBISKI,State Finance Monitoring Service,,,"РБ ООН (Комітет 1267(1999),1989(2011), 2253(2015))",,2023-03-17,2023-03-17,,,,ua
unsc-5aa2be96bdee18dc2b6ce7f8fd7c45ed771a7290,NK-UWnvVbyGgBSund99h6UCBb,Nur Al-Din AL-DIBISKI,United Nations Security Council,,QDi.231,Al-Qaida,UN-SCISIL,2007-06-08,2007-06-08,,,,
zafic-17f36a7bd771693feb99ee878a1b4dfbf0a33438,NK-UWnvVbyGgBSund99h6UCBb,Nur Al-Din AL-DIBISKI,Financial Intelligence Centre,,QDi.231,,,2007-06-08,,,,,za
ofac-0c06c6a126a80409cdf090e13bf33cd7b3fe912b,NK-UdowvUWUzRAZMVTvxHhFvu,Masoud Jalili,Office of Foreign Assets Control,50546,,ELECTION-EO13848,US-FORINT,,,,,Executive Order 13848 (Election),us
au-dfat-228dc68b84d2278bacea0b1f091c4e3ff54fe572,NK-Ue3LEDP3YKz4hDcTm8Waok,Design and Manufacturing of Aircraft Engines (DAMA),Department of Foreign Affairs and Trade,,,Autonomous (Ukraine),AU-UKRAINE,,2023-02-01,,,,au
au-dfat-783f9a2c56082b22c7b046da0fc14d61a8f02c7d,NK-Ue3LEDP3YKz4hDcTm8Waok,Design and Manufacturing of Aircraft Engines (DAMA),Department of Foreign Affairs and Trade,,,Autonomous (Iran),AU-IRAN,,2024-05-12,,,,au
be-fod-4f9e748a299fb8a22688a9bff16e34161c475423,NK-Ue3LEDP3YKz4hDcTm8Waok,Design and Manufacturing of Aircraft Engines (DAMA),Federal Public Service Finance,,,,EU-UKR,2022-12-12,,,,2022/2430 (OJ L318-I ),be
be-fod-ec00c31b898167fd80f268693fa63290792703a3,NK-Ue3LEDP3YKz4hDcTm8Waok,Design and Manufacturing of Aircraft Engines (DAMA),Federal Public Service Finance,,,,EU-IRN,2012-01-24,,,,54/2012 (OJ L19),be
ca-sema-35d50f764a2551dfb9423ca89dff000236a68174,NK-Ue3LEDP3YKz4hDcTm8Waok,Design and Manufacturing of Aircraft Engines (DAMA),Global Affairs Canada,84,,Iran,CA-SEMA,2016-02-05,,,,"1, Part 1",ca
ca-sema-44191c268ca1189ca9118820df8190c45fc84c79,NK-Ue3LEDP3YKz4hDcTm8Waok,Design and Manufacturing of Aircraft Engines (DAMA),Global Affairs Canada,128,,Iran,CA-SEMA,2016-02-05,,,,"1, Part 1",ca
ca-sema-584c22e8bdf5488711def05da2ca045b5cd43946,NK-Ue3LEDP3YKz4hDcTm8Waok,Design and Manufacturing of Aircraft Engines (DAMA),Global Affairs Canada,171,,Iran,CA-SEMA,2022-11-29,,,,"1, Part 1",ca
ch-seco-72c6abefcfa18908fe09598ff8e29c0633d0337e,NK-Ue3LEDP3YKz4hDcTm8Waok,Design and Manufacturing of Aircraft Engines (DAMA),State Secretariat for Economic Affairs,9628,287.,"Ordinance of 12 December 2025 on measures against the Islamic Republic of Iran (SR 946.231.143.6), annexes 11-14",SECO-IRAN,,,,,,ch
ch-seco-80cacb05e9dc211c1a6a9d4c3afd12305e0b58c1,NK-Ue3LEDP3YKz4hDcTm8Waok,Design and Manufacturing of Aircraft Engines (DAMA),State Secretariat for Economic Affairs,57746,,"Ordinance of 4 March 2022 on measures related to the situation in Ukraine (RS 946.231.176.72), annexes 2, 8, 9, 10, 11, 12,13, 14, 14a, 15, 15a, 15b, 15c, 25, 33, 35, 36, 37, 39, 40 and 41",SECO-UKRAINE,2022-12-21,2022-12-21,,,,ch
ch-seco-ef2ef55bc66847bab24ce9a8a71455441f249e8b,NK-Ue3LEDP3YKz4hDcTm8Waok,Design and Manufacturing of Aircraft Engines (DAMA),State Secretariat for Economic Affairs,61641,,"Ordinance of 4 March 2022 on measures related to the situation in Ukraine (RS 946.231.176.72), annexes 2, 8, 9, 10, 11, 12,13, 14, 14a, 15, 15a, 15b, 15c, 25, 33, 35, 36, 37, 39, 40 and 41",SECO-UKRAINE,2023-03-29,2023-03-29,,,,ch
eu-fsf-1efaca4fe65b2cd586026ab7792ccae7124d1856,NK-Ue3LEDP3YKz4hDcTm8Waok,Design and Manufacturing of Aircraft Engines (DAMA),"Directorate‑General for Financial Stability, Financial Services and Capital Markets Union",EU.9438.10,,UKR,EU-UKR,2022-12-12,2022-12-12,,,2022/2430 (OJ L318-I ),eu
eu-fsf-424c89687622fdba6944de2258691267c18110c0,NK-Ue3LEDP3YKz4hDcTm8Waok,Design and Manufacturing of Aircraft Engines (DAMA),"Directorate‑General for Financial Stability, Financial Services and Capital Markets Union",EU.2580.26,,IRN,EU-IRN,2012-01-24,2012-01-24,,,54/2012 (OJ L19),eu
fr-ga-33fb9291c562f70d6b47943d10a5a358cf35593b,NK-Ue3LEDP3YKz4hDcTm8Waok,Design and Manufacturing of Aircraft Engines (DAMA),Direction Générale du Trésor,,,(UE) 54/2012 du 23/01/2012 (UE Iran prolifération - R (UE) 267/2012),EU-IRN,,,,,personne concourant au programme nucléaire ou de missiles balistiques - utilisée comme société-écran par l'entité désignée Iran Aircraft Industries (IACI) aux fins d'activités clandestines en matière d'achat,fr
fr-ga-adbdd4bfd7bc8fcd366489db8c05559d8ef16641,NK-Ue3LEDP3YKz4hDcTm8Waok,Design and Manufacturing of Aircraft Engines (DAMA),Direction Générale du Trésor,,,(UE) 2022/2430 du 12/12/2022 (UE Ukraine intégrité territoriale - R (UE) 269/2014),EU-UKR,,,,,"Principal lieu d'activité: Iran. Design and Manufacturing of Aircraft Engines (DAMA) est une société iranienne. DAMA participe à la recherche, au développement et à la production dans le cadre du programme iranien de véhicules aériens sans pilote (UAV) Shahed-171 de la force aérospatiale du Corps des gardiens de la révolution islamique. DAMA est une société écran qui a mené des activités clandesti",fr
gb-fcdo-d3b9c1139c58a1451e3e764dedcd4105ffd1facf,NK-Ue3LEDP3YKz4hDcTm8Waok,Design and Manufacturing of Aircraft Engines (DAMA),UK,12491,,The Iran (Sanctions) (Nuclear) (EU Exit) Regulations 2019,GB-IRAN-NW,,2020-12-31,,,Used as a front company by Iran Aircraft Industries (IACI) for covert procurement activities,gb
jp-eul-0689e200738cb9b990e27163978b4bcc96b957dc,NK-Ue3LEDP3YKz4hDcTm8Waok,Design and Manufacturing of Aircraft Engines (DAMA),"Ministry of Economy, Trade and Industry",,,,,,,,,"Weapon Types: Missile, Conventional Weapons",jp
jp-eul-18f801ca1aa14e5d6dcb89810b10b2be6f9b0f1d,NK-Ue3LEDP3YKz4hDcTm8Waok,Design and Manufacturing of Aircraft Engines (DAMA),"Ministry of Economy, Trade and Industry",,,,,,,,,"Weapon Types: Missile, Nuclear, Conventional Weapons",jp
mc-freezes-393e2055cfb5a93a20630eb37adb6048b978ffb6,NK-Ue3LEDP3YKz4hDcTm8Waok,Design and Manufacturing of Aircraft Engines (DAMA),Principauté de Monaco,,,,,,,,,"Design and Manufacturing of Aircraft Engines (DAMA) est une société iranienne. 
DAMA participe à la recherche, au développement et à la production dans le cadre du programme iranien de véhicules aériens sans pilote (UAV) Shahed-171 de la
force aérospatiale du Corps des gardiens de la révolution islamique. DAMA est une société écran qui a mené des activités clandestines en matière d’achat pour Iran",mc
mc-freezes-fe3d53eafe9fe55160e98504a69d503ebdf430e8,NK-Ue3LEDP3YKz4hDcTm8Waok,Design and Manufacturing of Aircraft Engines (DAMA),Principauté de Monaco,,,,,,,,,personne concourant au programme nucléaire ou de missiles balistiques - utilisée comme société-écran par l'entité désignée Iran Aircraft Industries (IACI) aux fins d'activités clandestines en matière d'achat,mc
nz-ru-bbe8502065521ae879735a7948e0b0c62f14a945,NK-Ue3LEDP3YKz4hDcTm8Waok,Design and Manufacturing of Aircraft Engines (DAMA),Ministry of Foreign Affairs and Trade,,,,NZ-RSA2022,,2023-02-17,,Sanctioned,Involved in the supply of Iranian drones to the Russian Federation,nz
ofac-a278ba8d4c1fdb3b600d3e5341820f4020ffa56f,NK-Ue3LEDP3YKz4hDcTm8Waok,Design and Manufacturing of Aircraft Engines (DAMA),Office of Foreign Assets Control,39039,,NPWMD,US-NON-PROLIF,,,,,Executive Order 13382 (Non-proliferation),us
trade-csl-3725aef7865ff90b4c485e3bffc7801496ea5727,NK-Ue3LEDP3YKz4hDcTm8Waok,Design and Manufacturing of Aircraft Engines (DAMA),Entity List (EL) - Bureau of Industry and Security,88 FR 6622,,Entity List (EL) - Bureau of Industry and Security,US-BIS-EL,,2023-01-31,,,"For All Items Subject to the EAR (See §734.9(g), 3 §744.21(b), and §746.8(a)(3) of the EAR).",us
ua-nsdc-8ce86c9ab553aae9d5fc5bdeaf3543554cdeb297,NK-Ue3LEDP3YKz4hDcTm8Waok,Design and Manufacturing of Aircraft Engines (DAMA),National Security and Defense Council,23016312200068,,163/2023,UA-SA1644,,2023-03-18,2033-03-18,active,,ua
ofac-ebc4c5162c9b9358fc46e978bd1c94f3df24f9b3,NK-Ufn4fdY4HcVzqzbc3a4vB7,Muhammad Qasim Al-Bazzal,Office of Foreign Assets Control,26122,,SDGT,US-TERR,,,,,Executive Order 13224 (Terrorism),us
sa-pcct-26b0a522eade9c387fed26b3272fe47387568ac0,NK-Ufn4fdY4HcVzqzbc3a4vB7,Muhammad Qasim Al-Bazzal,Permanent Committee for Counter-Terrorism,,,,SA-UNSC1373,,2022-01-26,,,,sa
ca-sema-650a5ba7b74ee4eab5b2303ea7152bb50a929e9b,NK-V2c2Qpw4Q5do6VwTP2ssm4,Mohamed Mohamed Farrara Lashtar,Global Affairs Canada,28,,Nicaragua,CA-SEMA,2021-11-14,,,,,ca
ofac-310f79154d660abe259869d3b48e2929e1740b6a,NK-V2c2Qpw4Q5do6VwTP2ssm4,Mohamed Mohamed Farrara Lashtar,Office of Foreign Assets Control,33331,,NICARAGUA,US-NICARAGUA,,,,,Executive Order 13851 (Nicaragua),us
ofac-9af4c8af682297331ae3c3accbdf12909984e336,NK-V3yjEXHcfBpDnTzDoeR7Wb,Nourddin Milood M Musbah,Office of Foreign Assets Control,28299,,LIBYA3,US-LIBYA,,,,,Executive Order 13726 (Libya),us
be-fod-7f12f2aa76a70605c8322497d54412413d2a1817,NK-VNERCZAZrpg5RvphApUB5B,Parviz ABSALAN,Federal Public Service Finance,,,,EU-IRN,2022-11-14,,,,2022/2231 (OJ L293-I),be
ca-sema-e8aea091b54e558484c7e1a22e14422e0ffba0a8,NK-VNERCZAZrpg5RvphApUB5B,Parviz ABSALAN,Global Affairs Canada,86,,Iran,CA-SEMA,2023-04-28,,,,"1, Part 2.1",ca
eu-fsf-8a9d521e44bece3bbde6ed13d51c0912feba4a3d,NK-VNERCZAZrpg5RvphApUB5B,Parviz ABSALAN,"Directorate‑General for Financial Stability, Financial Services and Capital Markets Union",EU.9077.45,,IRN,EU-IRN,2022-11-14,2022-11-14,,,2022/2231 (OJ L293-I),eu
eu-tb-648cd1733a3f85c1b9cc852360591c17a5c2860a,NK-VNERCZAZrpg5RvphApUB5B,Parviz ABSALAN,Council of the European Union,,,,,,,,,Council Decision concerning restrictive measures directed against certain persons and entities in view of the situation in Iran,eu
fr-ga-b30b4ab395c3bae52cfbad0be9e384905d43da71,NK-VNERCZAZrpg5RvphApUB5B,Parviz ABSALAN,Direction Générale du Trésor,,,(UE) 2022/2231 du 14/11/2022 (UE Iran répression - R (UE) 359/2011),EU-IRN,,,,,"Le général Parviz Absalan est le chef adjoint du Corps des gardiens de la révolution islamique (IRGC) dans la province du Sistan-Baloutchistan. L'IRGC est un élément central des forces de sécurité iraniennes dans cette province, où il est également appelé “armée Salmane”. Les forces de sécurité de la province du Sistan-Baloutchistan ont recouru à la violence brutale contre des manifestants pacifiq",fr
gb-fcdo-c8e925f010c4f9cd38a87bc66023e95c0e13eaf5,NK-VNERCZAZrpg5RvphApUB5B,Parviz ABSALAN,UK,IRN0134,,The Iran (Sanctions) Regulations 2023,GB-IRAN,,2023-02-20,,,"Parviz ABSALAN is an involved person within the meaning of the Iran (Sanctions) Regulations 2023 as in his role as Deputy Commander of Islamic Revolutionary Guard Corps (IRGC) Salman Corps in Sistan and Baluchestan province he is or has been responsible for, engaging in, and providing support for serious human rights violations in Iran through the repression of recent protests in Iran, leading to ",gb
mc-freezes-69be12a1a187633a0fd52e002fb0da0dbeaefa1f,NK-VNERCZAZrpg5RvphApUB5B,Parviz ABSALAN,Principauté de Monaco,,,,,,,,,"Le général Parviz Absalan est le chef adjoint du Corps des gardiens de la révolution islamique (IRGC) dans la province du Sistan-Baloutchistan. L’IRGC est un élément
central des forces de sécurité iraniennes dans cette province, où il est également appelé “armée Salmane”.
Les forces de sécurité de la province du Sistan-Baloutchistan ont recouru à la violence brutale contre des manifestants pacifiq",mc
ofac-770bc839fe7e11f1c9b4b9a21c2492a3f8823280,NK-VNERCZAZrpg5RvphApUB5B,Parviz ABSALAN,Office of Foreign Assets Control,42537,,IRAN-HR,US-IRAN,,,,,Executive Order 13553 (Iran),us
ua-nsdc-ce183f8c515d896e0a489427028a3235b7d98ebe,NK-VNERCZAZrpg5RvphApUB5B,Parviz ABSALAN,National Security and Defense Council,25044311100117,,443/2025,UA-SA1644,,2025-06-29,2035-06-29,active,рішення та регламенти Ради Європейського Союзу щодо забезпечення національних інтересів та національної безпеки України,ua
ofac-9929f06051ea25e1addd8b61954078b8ad4557e1,NK-VhbRTuH7dVnatXe7y4wSf6,Muhammad Qahtan al-Sa'idi,Office of Foreign Assets Control,55930,,SDGT,US-TERR,,,,,Executive Order 13224 (Terrorism),us
jp-eul-9edf1a31cafeaa319dbb83869dd4e94bfee8d0fa,NK-Vi66NTp7uG6HQ2VzftJdU8,Rayan Roshd Afzar Company,"Ministry of Economy, Trade and Industry",,,,,,,,,"Weapon Types: Missile, Conventional Weapons",jp
ofac-b710dc0df484dce3462787307c7b9de3596746fb,NK-Vi66NTp7uG6HQ2VzftJdU8,Rayan Roshd Afzar Company,Office of Foreign Assets Control,22688,,NPWMD,US-NON-PROLIF,,,,,Executive Order 13382 (Non-proliferation),us
ofac-d2706b68a160d3316f7f42d3ea29e9b07f0f1711,NK-VpyDLB6jumX44BTJTgVWeq,Konstantinos Stavridis,Office of Foreign Assets Control,34956,,SDGT,US-TERR,,,,,Executive Order 13224 (Terrorism),us
sa-pcct-7eae1676a831549884e2fde102d177fb4103bd6c,NK-VpyDLB6jumX44BTJTgVWeq,Konstantinos Stavridis,Permanent Committee for Counter-Terrorism,,,,SA-UNSC1373,,2022-03-31,,,,sa
arpet-c3dc52b3a6047f8bdb711332f645429a923a1dff,NK-VuD5VVuNSrztqDupPa6jxF,MERAI ABDEFATTAH KHALIL ZOGHBI,Ministerio de Justicia,,QDi.223,UN List,,2006-08-02,2006-08-02,,,,ar
au-dfat-f43d4dab81c638883aadd03c6545e3751680c366,NK-VuD5VVuNSrztqDupPa6jxF,MERAI ABDEFATTAH KHALIL ZOGHBI,Department of Foreign Affairs and Trade,,,1267 (ISIL (Da'esh) and Al-Qaida),UN-SCISIL,,2026-02-20,,,,au
be-fod-17f8c5dc186fa92eebba8554bfe036327b8e69cd,NK-VuD5VVuNSrztqDupPa6jxF,MERAI ABDEFATTAH KHALIL ZOGHBI,Federal Public Service Finance,,,,EU-TAQA-EUAQ,2023-06-09,,,,2023/1139 (OJ L149 I),be
ch-seco-d9f3b86dea025f289dbb7f048770879573ffba0f,NK-VuD5VVuNSrztqDupPa6jxF,MERAI ABDEFATTAH KHALIL ZOGHBI,State Secretariat for Economic Affairs,82546,QDi.223,"Ordinance on measures against persons, groups, undertakings and entities associated with ISIL (Da'esh) and Al-Qaida",SECO-ISIL,2025-05-14,2025-10-06,,,,ch
eu-fsf-7df98a811a5373cb7a5e68172f394dcf68cc7762,NK-VuD5VVuNSrztqDupPa6jxF,MERAI ABDEFATTAH KHALIL ZOGHBI,"Directorate‑General for Financial Stability, Financial Services and Capital Markets Union",EU.3962.9,,TAQA,EU-TAQA-EUAQ,2023-06-09,2006-08-02,,,2023/1139 (OJ L149 I),eu
eu-tb-1aa53ed7fae8f33b04cf1a1406b4a88475a26a31,NK-VuD5VVuNSrztqDupPa6jxF,MERAI ABDEFATTAH KHALIL ZOGHBI,Council of the European Union,,,,,,,,,"Decision concerning restrictive measures against ISIL (Da’esh) and Al-Qaeda and persons, groups, undertakings and entities associated with them",eu
eu-tb-c7aa2b17b7daa3ad218902e676d86cad8e0448d1,NK-VuD5VVuNSrztqDupPa6jxF,MERAI ABDEFATTAH KHALIL ZOGHBI,Council of the European Union,,,,,,,,,"Council Decision concerning restrictive measures against ISIL (Da'esh) and Al-Qaeda and persons, groups, undertakings and entities associated with them and repealing Common Position 2002/402/CFSP",eu
fr-ga-1dfe42799ff8ec5cd9e5df24023edeccad717979,NK-VuD5VVuNSrztqDupPa6jxF,MERAI ABDEFATTAH KHALIL ZOGHBI,Direction Générale du Trésor,EU.3962.9,QDi223,(UE) 2023/1139 du 08/06/2023 (ONU Al Qaeda Etat - Islamique - RCSNU 1267 (1999) et R (UE) 881/2002 ),UN-SCISIL,,,,,Considéré comme un fugitif par les autorités italiennes et condamné par contumace à 6 ans d'emprisonnement le 20 novembre 2008. Membre du Groupe islamique combattant libyen (QDe.011). Nom de la mère : Wanisa Abdessalam. L'examen de l'inscription en application de la résolution 1822 (2008) du Conseil de sécurité s'est achevé le 20 juillet 2009. L'examen de l'inscription en application de la résolut,fr
gb-fcdo-f661ce0567eab53c802a911a92306485ffd52bda,NK-VuD5VVuNSrztqDupPa6jxF,MERAI ABDEFATTAH KHALIL ZOGHBI,"Foreign, Commonwealth & Development Office",AQD0232,QDi.223,Isil (Da'esh) and Al-Qaeda (United Nations Sanctions) (EU Exit) Regulations 2019,GB-ISIL,,2006-08-02,,,,gb
id-dttot-f385bf23852726bde9d286df75fb0804dbc0359f,NK-VuD5VVuNSrztqDupPa6jxF,MERAI ABDEFATTAH KHALIL ZOGHBI,Indonesian Financial Transaction Reports and Analysis Center,ILQ-194,,,,,,,,,id
il-nbctf-08c8f271a46895cad52e2e38499e760e1c1303f8,NK-VuD5VVuNSrztqDupPa6jxF,MERAI ABDEFATTAH KHALIL ZOGHBI,National Bureau for Counter Terror Financing,,,"מועבי""ט - או""ם",,,2011-11-22,,,,il
ja-mof-1706c5d65b6848401de971f80b9eeaa980a3e6a4,NK-VuD5VVuNSrztqDupPa6jxF,MERAI ABDEFATTAH KHALIL ZOGHBI,Ministry of Finance,505,,タリバーン関係者等 （タリバーン、アル・カーイダ及びISIL（ダーイシュ）関係者等） / （注1）国連安保理決議第1267号、第1333号、第1390号、第1988号、第1989号、第2253号及び第2255号に加えて、国連安保理決議第1373号に基づく資産凍結措置の対象に指定されている個人及び団体については、告示番号の冒頭に＊印を付しています。 （注2）2021年5月28日以降の制裁対象者の追加指定につきましては、外務省告示を２回に分けて発出することとなりました。 （１回目：制裁対象者の氏名等を国連安保理が公表した英文の情報のまま発出する告示、２回目：制裁対象者の氏名等に仮名表記等を追加・修文する告示）２回目の告示発出につきましては、当シートの告示日付には反映しておりません。,,,2023-04-18,,,,jp
mc-freezes-08d114c9636da7fb970813bd1047fa6d07f55ea0,NK-VuD5VVuNSrztqDupPa6jxF,MERAI ABDEFATTAH KHALIL ZOGHBI,Principauté de Monaco,,,,,,,,,Membre du Groupe islamique combattant libyen.,mc
md-terr-281002c3d9f55d3ba6c4d0bbaa113fe45d871635,NK-VuD5VVuNSrztqDupPa6jxF,MERAI ABDEFATTAH KHALIL ZOGHBI,Centrul Antiterorist al Serviciului de Informaţii şi Securitate al Republicii Moldova,,QDi.223,"Lista persoanelor, entităţilor şi a altor grupuri asociate cu „ISIL” („Da’esh”) şi „Al-Qaida” menţinută de CCS al ONU, instituit prin Rezoluţiile 1267 (1999), 1989 (2011), 2253 (2015)",,,,,,,md
ua-sfms-1bc962eaef93e0839e137ad1d477c0344464be13,NK-VuD5VVuNSrztqDupPa6jxF,MERAI ABDEFATTAH KHALIL ZOGHBI,State Finance Monitoring Service,,,"РБ ООН (Комітет 1267(1999),1989(2011), 2253(2015))",,2023-06-05,2023-06-05,,,,ua
unsc-6a74b3c7381dffb27e137de9e330c1c198be7d36,NK-VuD5VVuNSrztqDupPa6jxF,MERAI ABDEFATTAH KHALIL ZOGHBI,United Nations Security Council,,QDi.223,Al-Qaida,UN-SCISIL,2006-08-02,2006-08-02,,,,
zafic-e2060678f71efa5a3449def15ccfc74431b1677b,NK-VuD5VVuNSrztqDupPa6jxF,MERAI ABDEFATTAH KHALIL ZOGHBI,Financial Intelligence Centre,,QDi.223,,,2006-08-02,,,,,za
ofac-bd077e9210adc41e23b0f2d0597416dc4d51c79f,NK-W4xcJCwtH4hmWaezbVkZiv,Azadegan Transportation Company,Office of Foreign Assets Control,49030,,SDGT,US-TERR,,,,,Executive Order 13224 (Terrorism),us
au-dfat-e1d696a507fbc65be7b4e9d1cc74e1ec97cc40eb,NK-WBxPAsNkFUZEniYXbPCdHe,Libyan Investment Authority,Department of Foreign Affairs and Trade,,,1970 (Libya),UN-SC1970,,2026-02-20,,,,au
be-fod-baff63d056fe24898ae36e5329e825bf1c222a92,NK-WBxPAsNkFUZEniYXbPCdHe,Libyan Investment Authority,Federal Public Service Finance,,,,EU-LBY,2011-03-11,,,,2017/489 (OJ L76),be
ch-seco-5b181ad1408785bd7941435643da356bb3dd9428,NK-WBxPAsNkFUZEniYXbPCdHe,Libyan Investment Authority,State Secretariat for Economic Affairs,12894,LYe.001,"Ordinance of 30 March 2011 on measures against Libya (SR 946.231.149.82), annexes 2, 3, 4 and 5",SECO-LIBYA,2017-04-05,2014-08-05,,,,ch
eu-fsf-9f62d3c285eea862b77abc9758c3419e9413ac81,NK-WBxPAsNkFUZEniYXbPCdHe,Libyan Investment Authority,"Directorate‑General for Financial Stability, Financial Services and Capital Markets Union",EU.3870.18,,LBY,EU-LBY,2017-03-22,2011-03-17,,,2017/489 (OJ L76),eu
fr-ga-1a6e3184d368d561d47f215bdb77d0455f504544,NK-WBxPAsNkFUZEniYXbPCdHe,Libyan Investment Authority,Direction Générale du Trésor,,,(UE) 233/2011 du 10/03/2011. (ONU Libye - RCSNU 1970/2011 et R (UE) 2016/44 - Mesures particulières Annexe 6),UN-SC1970,,,,,Ne fait pas l'objet d'un gel mais d'une mesure particulière - article 5-4 du Règlement,fr
gb-fcdo-030fb427a27de382303d27494889a47d9619ef59,NK-WBxPAsNkFUZEniYXbPCdHe,Libyan Investment Authority,"Foreign, Commonwealth & Development Office",11666,LYe.001,The Libya (Sanctions) (EU Exit) Regulations 2020,GB-LBY,,2011-03-17,,,,gb
ja-mof-eda3cd3b0a2a8f78d41f8b5943444ca6a7be8d62,NK-WBxPAsNkFUZEniYXbPCdHe,Libyan Investment Authority,Ministry of Finance,2,,リビアのカダフィ革命指導者及びその関係者 （Ⅰ．国際連合安全保障理事会決議第2009号主文15に従い、資産凍結の措置が緩和されて適用される個人又は団体 ）,,,2011-03-24,,,,jp
mc-freezes-5d8300dbd35683978fc4798f4d1544bf8958e0a8,NK-WBxPAsNkFUZEniYXbPCdHe,Libyan Investment Authority,Principauté de Monaco,,,,,,,,,Ne fait pas l'objet d'un gel mais d'une mesure particulière - article 5-4 du Règlement,mc
ua-sfms-ba57723fcc9b484f1194278c379d5162aa5034e3,NK-WBxPAsNkFUZEniYXbPCdHe,Libyan Investment Authority,State Finance Monitoring Service,,,Резолюція РБ ООН 1970 (2011),,2014-07-14,2014-07-14,,,,ua
unsc-8feb4098d99fb9d2c059920dfe6824f7d17a9e94,NK-WBxPAsNkFUZEniYXbPCdHe,Libyan Investment Authority,United Nations Security Council,,LYe.001,Libya,UN-SC1970,2011-03-17,2011-03-17,,,,
zafic-78b60540926e97afdb9c253dfd5ff3c108579f52,NK-WBxPAsNkFUZEniYXbPCdHe,Libyan Investment Authority,Financial Intelligence Centre,,LYe.001,,,2011-03-17,,,,,za
ofac-52e67ed8e656676efbe3171124bd8d0640ee7859,NK-X5iawSa5BbFxZuaTrSfTBr,Chiranjeev Kumar Singh,Office of Foreign Assets Control,34959,,SDGT,US-TERR,,,,,Executive Order 13224 (Terrorism),us
sa-pcct-51ef3c84cb4484e71b5a5c615e18e762b48f7c1c,NK-X5iawSa5BbFxZuaTrSfTBr,Chiranjeev Kumar Singh,Permanent Committee for Counter-Terrorism,,,,SA-UNSC1373,,2022-03-31,,,,sa
ae-lt-affdf659b3cc82b11583e1ea8c3fc92711d967fc,NK-XWSyx9LtLfH8pe3JToRtnX,FEBRUARY 14 COALITION,Executive Office for Control & Non-proliferation,,,مدرج بموجب قرار مجلس الوزراء رقم (18) لسنة 2017,AE-UNSC1373,,,,,,ae
sa-pcct-461520cba2b5b767370218e564ba3a1d0dda89bb,NK-XWSyx9LtLfH8pe3JToRtnX,FEBRUARY 14 COALITION,Permanent Committee for Counter-Terrorism,,,,SA-UNSC1373,,2017-06-08,,,,sa
au-dfat-44e10a0dbb8965fdbd8d4d54d9af553663c37608,NK-XfbWhq925ZvtHj3TZbBsTb,Shahroudi Ali Saeedi,Department of Foreign Affairs and Trade,,,Autonomous (Iran),AU-IRAN,,2026-02-02,,,,au
be-fod-1d7ac66369f1f6ee0b7456a75ebc6061e814bf27,NK-XfbWhq925ZvtHj3TZbBsTb,Shahroudi Ali Saeedi,Federal Public Service Finance,,,,EU-IRN,2021-04-13,,,,2021/587 (OJ L125),be
be-fod-a0f5dc3233243212a92fddd2f741e469010d9752,NK-XfbWhq925ZvtHj3TZbBsTb,Shahroudi Ali Saeedi,Federal Public Service Finance,,,,EU-IRN,2022-06-28,,,,2022/1010 (OJ L170),be
ca-sema-bd246b13147f0d25efd7d3cc1fb9010bca23d282,NK-XfbWhq925ZvtHj3TZbBsTb,Shahroudi Ali Saeedi,Global Affairs Canada,26,,Iran,CA-SEMA,2016-02-05,,,,"1, Part 2",ca
ch-seco-cfc6bff0093c18021cc4e29b69146125206f46fd,NK-XfbWhq925ZvtHj3TZbBsTb,Shahroudi Ali Saeedi,State Secretariat for Economic Affairs,11314,74.,"Ordinance of 12 December 2025 on measures against the Islamic Republic of Iran (SR 946.231.143.6), annexes 11-14",SECO-IRAN,2022-08-03,2022-08-03,,,,ch
ch-seco-f65cdd70a030764da58d66de48618d7d301675d0,NK-XfbWhq925ZvtHj3TZbBsTb,Shahroudi Ali Saeedi,State Secretariat for Economic Affairs,13396,67.,"Ordinance of 12 December 2025 on measures against the Islamic Republic of Iran (SR 946.231.143.6), annexes 11-14",SECO-IRAN,2021-04-28,2021-04-28,,,,ch
eu-fsf-3d018466f440fbd2835226e1e0c9c600df11d814,NK-XfbWhq925ZvtHj3TZbBsTb,Shahroudi Ali Saeedi,"Directorate‑General for Financial Stability, Financial Services and Capital Markets Union",EU.2604.37,,IRN,EU-IRN,2022-06-28,2012-01-23,,,2022/1010 (OJ L170),eu
eu-fsf-7a2779e410fdf1cb6f3337fa3f4024b1f3e469b3,NK-XfbWhq925ZvtHj3TZbBsTb,Shahroudi Ali Saeedi,"Directorate‑General for Financial Stability, Financial Services and Capital Markets Union",EU.2910.73,,IRN,EU-IRN,2021-04-13,2012-03-23,,,2021/587 (OJ L125),eu
eu-tb-02396fbb2772fd8659034fe19be8da4290675a58,NK-XfbWhq925ZvtHj3TZbBsTb,Shahroudi Ali Saeedi,Council of the European Union,,,,,,,,,Council Decision concerning restrictive measures against Iran and repealing Common Position 2007/140/CFSP,eu
eu-tb-2b41157d8d8d598fce5b7be3d241a5bdbea4379a,NK-XfbWhq925ZvtHj3TZbBsTb,Shahroudi Ali Saeedi,Council of the European Union,,,,,,,,,Council Decision concerning restrictive measures directed against certain persons and entities in view of the situation in Iran,eu
eu-tb-703195363bef63edfc01d0cab414503debce6267,NK-XfbWhq925ZvtHj3TZbBsTb,Shahroudi Ali Saeedi,Council of the European Union,,,,,,,,,Council Decision concerning restrictive measures against Iran,eu
eu-tb-fbd62edd610519e544143ec4db34c3cdaa31c893,NK-XfbWhq925ZvtHj3TZbBsTb,Shahroudi Ali Saeedi,Council of the European Union,,,,,,,,,Council Decision concerning restrictive measures against Iran,eu
fr-ga-81b3c8c4cbaccf08e599e793330960f889287f51,NK-XfbWhq925ZvtHj3TZbBsTb,Shahroudi Ali Saeedi,Direction Générale du Trésor,EU.2910.73,,(UE) 2021/587 du 12/04/2021 (UE Iran répression - R (UE) 359/2011),EU-IRN,,,,,"Ancien représentant du Guide suprême chez les Pasdaran (1995-2020) après avoir fait toute sa carrière au sein de l’institution militaire, plus précisément dans les services de renseignement des Pasdaran. Cette fonction officielle a fait de lui la courroie de transmission indispensable des ordres provenant du Bureau du Guide suprême vers l’appareil de répression des Pasdaran.",fr
fr-ga-c9ed34dfcefde217281f87d2fc77f84a5bc3dd6e,NK-XfbWhq925ZvtHj3TZbBsTb,Shahroudi Ali Saeedi,Direction Générale du Trésor,,,(UE) 54/2012 du 23/01/2012 (UE Iran prolifération - R (UE) 267/2012),EU-IRN,,,,,"Depuis mars 2017, chef du bureau idéologique et politique du guide suprême en sa qualité de commandant en chef. Auparavant représentant du guide suprême auprès de l’IRGC.",fr
gb-fcdo-20c5a84fbbdefa58bff522eb24b447e1055a15fe,NK-XfbWhq925ZvtHj3TZbBsTb,Shahroudi Ali Saeedi,UK,12651,,The Iran (Sanctions) Regulations 2023,GB-IRAN,,2020-12-31,,,"Representative of the Guide for the Pasdaran since 1995 after spending his whole career within the institution of the military, and specifically in the Pasdaran intelligence service. This official role makes him the key figure in the transmission of orders emanating from the Office of the Guide to the Pasdaran's repression apparatus.",gb
gb-fcdo-df5fcdb406b422ab66192f176db58d3fb7720de5,NK-XfbWhq925ZvtHj3TZbBsTb,Shahroudi Ali Saeedi,UK,INU0008,,The Iran (Sanctions) (Nuclear) (EU Exit) Regulations 2019,GB-IRAN-NW,,2020-12-31,,,Representative of the Supreme Leader to the IRGC,gb
mc-freezes-0c32ee5be92e967c44a33d500d7948d5a1703f46,NK-XfbWhq925ZvtHj3TZbBsTb,Shahroudi Ali Saeedi,Principauté de Monaco,,,,,,,,,,mc
mc-freezes-f9bc2c03240fc3dd9cb162f60deb0c9b3b10de79,NK-XfbWhq925ZvtHj3TZbBsTb,Shahroudi Ali Saeedi,Principauté de Monaco,,,,,,,,,"Ancien représentant du Guide suprême chez les Pasdaran (1995-2020) après avoir fait toute sa carrière au sein de l’institution militaire, plus précisément dans les services de renseignement des Pasdaran. Cette fonction officielle a fait de lui la courroie de transmission indispensable des ordres provenant du Bureau du Guide suprême vers l’appareil de répression des Pasdaran.",mc
ua-nsdc-d1ae582af724bd2f0376a54dc46ee280584ddf40,NK-XfbWhq925ZvtHj3TZbBsTb,Shahroudi Ali Saeedi,National Security and Defense Council,25044311100074,,443/2025,UA-SA1644,,2025-06-29,2035-06-29,active,рішення та регламенти Ради Європейського Союзу щодо забезпечення національних інтересів та національної безпеки України,ua
trade-csl-a40425be51ab7634a69625e9a432b4ab791c0d7a,NK-XpDDrntRGAwjLRJTWWgkt8,NAJMEDDIN A. ELYAZGI,Denied Persons List (DPL) - Bureau of Industry and Security,49 F.R. 2002 1/17/84,,Denied Persons List (DPL) - Bureau of Industry and Security,US-BIS-DPL,,1984-01-10,,,,us
us-bis-9ead5cad2c7f6f676d5e09dd22b500359ea7ef46,NK-XpDDrntRGAwjLRJTWWgkt8,NAJMEDDIN A. ELYAZGI,Bureau of Industry and Security,,,49 F.R. 2002 1/17/84,US-BIS-DPL,,1984-01-10,,,,us
ae-lt-b82b70ee09fee8e2fb439d85204dae9263610d91,NK-Xz9VbxXJDbFXEihkmbvkdu,MANOJ SABHARWAL OM PRAKASH,Executive Office for Control & Non-proliferation,,,,AE-UNSC1373,2021,,2024,,,ae
sa-pcct-47c87a6b661da1d7f226b119dcbfed1d7c012c52,NK-Xz9VbxXJDbFXEihkmbvkdu,MANOJ SABHARWAL OM PRAKASH,Permanent Committee for Counter-Terrorism,,,,SA-UNSC1373,,2022-03-31,,,,sa
au-dfat-2a4a7a9ce6fc58adfddf35e6a0a1cc8a0ed6f605,NK-XzP9kE42ivvoJsRFtqCQeM,Behineh Trading Co.,Department of Foreign Affairs and Trade,,,Autonomous (Iran),AU-IRAN,,2023-10-18,,,,au
au-dfat-79c4e2fab8b8bdf76a9701b091925122825ef208,NK-XzP9kE42ivvoJsRFtqCQeM,Behineh Trading Co.,Department of Foreign Affairs and Trade,,,1737 (Iran),UN-SC1737,,2025-12-12,,,,au
be-fod-2ef3ab8abd8adffd0bdd51ded814ef4ed8f87101,NK-XzP9kE42ivvoJsRFtqCQeM,Behineh Trading Co.,Federal Public Service Finance,,,,EU-IRN,2024-07-29,,,,2024/2074 (OJ L29072024),be
ca-sema-10cb7dbd977b81a176fa6cd1d9aaba5ab4522410,NK-XzP9kE42ivvoJsRFtqCQeM,Behineh Trading Co.,Global Affairs Canada,205,,Iran,CA-SEMA,2023-10-18,,,,"1, Part 1",ca
ch-seco-6be204ba4e13976df52b491818b0d4d41adf8ecc,NK-XzP9kE42ivvoJsRFtqCQeM,Behineh Trading Co.,State Secretariat for Economic Affairs,66517,IRe.009,"Ordinance of 12 December 2025 on measures against the Islamic Republic of Iran (SR 946.231.143.6), annexes 11-14",SECO-IRAN,2024-08-16,2024-08-16,,,,ch
eu-fsf-220d70fea9ceee3364e09532e4c45e20a4f8d667,NK-XzP9kE42ivvoJsRFtqCQeM,Behineh Trading Co.,"Directorate‑General for Financial Stability, Financial Services and Capital Markets Union",EU.2622.12,,IRN,EU-IRN,2025-09-29,2023-10-17,,,2025/1982 (OJ L202501982),eu
fr-ga-b8767644ec6c8695aaf24c64fb99ef6df625ac4e,NK-XzP9kE42ivvoJsRFtqCQeM,Behineh Trading Co.,Direction Générale du Trésor,,,(UE) 2024/2074 du 26/07/2024 (UE Iran prolifération - R (UE) 267/2012),EU-IRN,,,,,"Behineh Trading Co., qui est détenue et/ou contrôlée par Behineh Trading Company, est une société-écran du Corps des gardiens de la révolution islamique (IRGC). Behineh Trading Company est également liée aux activités nucléaires de l’Iran posant un risque de prolifération ou à la mise au point par ce pays de vecteurs d’armes nucléaires. Elle a également participé à des activités de transport illég",fr
fr-ga-d8e50b064f7778d1dde49cf873c9759f199044c8,NK-XzP9kE42ivvoJsRFtqCQeM,Behineh Trading Co.,Direction Générale du Trésor,,,(UE) 2025/1982 du 29/09/2025 (ONU Iran prolifération - RCSNU 1737 (2006) et R (UE) 267/2012),EU-IRN,,,,,"société iranienne qui a joué un rôle clé dans le transfert illicite d'armes de l'Iran vers l'Afrique de l'Ouest, agissant pour le compte de la force Qods de l'IRGC, commandée par le général de division Qasem Soleimani, désigné par le Conseil de sécurité des Nations unies dans sa résolution 1747 (2007), en assurant le transport de la cargaison d'armes",fr
gb-fcdo-564a7c24092e21a03399a09547527a45fcb18143,NK-XzP9kE42ivvoJsRFtqCQeM,Behineh Trading Co.,UK|UN,16107,IRe.009,The Iran (Sanctions) (Nuclear) (EU Exit) Regulations 2019,GB-IRAN-NW,,2023-10-18,,,"Behineh Trading Co is an involved person within the meaning of the Iran (Sanctions) (Nuclear) (EU Exit) Regulations 2019. Behineh Trading Co is or has been responsible for engaging in, providing support for, and facilitating a relevant nuclear activity in, or for use in, Iran.",gb
il-wmd-a666f6a9bcf81d52a6c21792354e76e12fddc880,NK-XzP9kE42ivvoJsRFtqCQeM,Behineh Trading Co.,Isreali Ministry of Finance,,,,,,2018-07-12,,,,il
ja-mof-fc409e496075be082154e0f65ccf499cf83123e0,NK-XzP9kE42ivvoJsRFtqCQeM,Behineh Trading Co.,Ministry of Finance,76,,イランの拡散上機微な核活動又は核兵器運搬手段の開発に関与する者（団体）,,,2025-09-28,,,,jp
jp-eul-7eac401fa33bb964e4742aa815d89ee929d5711c,NK-XzP9kE42ivvoJsRFtqCQeM,Behineh Trading Co.,"Ministry of Economy, Trade and Industry",,,,,,,,,"Weapon Types: Missile, Nuclear",jp
mc-freezes-ab6739fd1d998eb05968c76c3992dfb3b1d18f2c,NK-XzP9kE42ivvoJsRFtqCQeM,Behineh Trading Co.,Principauté de Monaco,,,,,,,,,"Behineh Trading Co., qui est détenue et/ou contrôlée par Behineh Trading Company, est une société-écran du Corps des gardiens de la révolution islamique (IRGC). Behineh Trading Company est également liée aux activités nucléaires de l’Iran posant un risque de prolifération ou à la mise au point par ce pays de vecteurs d’armes nucléaires. Elle a également participé à des activités de transport illég",mc
ofac-a175a565049b086f6d1017718c0eb62c75ea4c86,NK-XzP9kE42ivvoJsRFtqCQeM,Behineh Trading Co.,Office of Foreign Assets Control,13110,,SDGT,US-TERR,,,,,TRA,us
tr-fcib-d7c959f980552a3e5f9e84b1fdfff874dd568254,NK-XzP9kE42ivvoJsRFtqCQeM,Behineh Trading Co.,Republic of Türkiye Ministry of Treasury and Finance - Financial Crimes Investigation Board,,,"Asset freezes within the scope of Articles 3.A and 3.B of Law No. 7262, aimed at preventing the financing of the proliferation of weapons of mass destruction.",,2021-02-24,,,,,tr
ua-nsdc-5e6a31be0ade8c7cd8c640bd2eaf4a0dca6e3f59,NK-XzP9kE42ivvoJsRFtqCQeM,Behineh Trading Co.,National Security and Defense Council,16025412200007,,254/2016,UA-SA1644,,2016-06-15,2018-10-18,expired,,ua
ua-sfms-a6dc9c0c0748548ddd61e0b8ea188382c4c89159,NK-XzP9kE42ivvoJsRFtqCQeM,Behineh Trading Co.,State Finance Monitoring Service,,,РБ ООН (Комітет 1737 (2006)),,2025-09-29,2025-09-29,,,,ua
unsc-d7db066f25c216d3d9f600ef5873e5b0ec484c20,NK-XzP9kE42ivvoJsRFtqCQeM,Behineh Trading Co.,United Nations Security Council,,IRe.009,Iran,UN-SC1737,2012-04-18,2012-04-18,,,,
zafic-5bb556287faae0f7eb6232447ed6c310bed0f011,NK-XzP9kE42ivvoJsRFtqCQeM,Behineh Trading Co.,Financial Intelligence Centre,,IRe.009,,,2012-04-18,,,,,za
il-nbctf-717ca7e451bd5b1f248e777496169c33516e1d83,NK-Y855M94WoKyKvDUgpVns48,Zedxion Exchange Ltd,National Bureau for Counter Terror Financing,,,הכרזה על ארגון טרור לפי חוק המאבק בטרור - התשע''ו-2016,,,2026-03-25,,,A cryptocurrency trading and money transfer platform used by the designated terrorist organization Iran's Revolutionary Guard Corps for the purpose of carrying out financial activity to further the aims of terrorism.,il
ofac-55dc5a15cdd541fdc477afa274d54fee933202ac,NK-Y855M94WoKyKvDUgpVns48,Zedxion Exchange Ltd,Office of Foreign Assets Control,56867,,IRAN-EO13902,US-IRAN,,,,,Executive Order 13902 (Iran),us
au-dfat-2e3669aff77af09b47a8ed826cce0fd11e649bd6,NK-YJW5UGsLLLku4QBSc9JL3t,Mus'ab Mustafa Abu al Qassim Omar,Department of Foreign Affairs and Trade,,,1970 (Libya),UN-SC1970,,2026-02-20,,,,au
be-fod-9b0ea50f3b9cd997e194bb31b3fbc80baf6c2d65,NK-YJW5UGsLLLku4QBSc9JL3t,Mus'ab Mustafa Abu al Qassim Omar,Federal Public Service Finance,,,,EU-LBY,2018-09-25,,,,2018/1285 (OJ L240,be
ch-seco-9ddbdc320248ba92306d5ee1913ac0ba35fe617e,NK-YJW5UGsLLLku4QBSc9JL3t,Mus'ab Mustafa Abu al Qassim Omar,State Secretariat for Economic Affairs,39184,LYi.024,"Ordinance of 30 March 2011 on measures against Libya (SR 946.231.149.82), annexes 2, 3, 4 and 5",SECO-LIBYA,2018-06-08,2018-09-17,,,,ch
ch-seco-e2b4dc0d3b8843a90d14ac5d2d39436e6d4a6924,NK-YJW5UGsLLLku4QBSc9JL3t,Mus'ab Mustafa Abu al Qassim Omar,State Secretariat for Economic Affairs,39108,LYi.024,"Ordinance of 30 March 2011 on measures against Libya (SR 946.231.149.82), annexes 2, 3, 4 and 5",SECO-LIBYA,2018-06-08,2018-09-17,,,,ch
eu-fsf-74b4e3e086b1bc0f42254e40a4d07dd4fac91883,NK-YJW5UGsLLLku4QBSc9JL3t,Mus'ab Mustafa Abu al Qassim Omar,"Directorate‑General for Financial Stability, Financial Services and Capital Markets Union",EU.4587.22,,LBY,EU-LBY,2018-09-25,2018-06-07,,,2018/1285 (OJ L240,eu
eu-tb-2fbe50c8d8f8b0b4a91df693309beb42044a20f1,NK-YJW5UGsLLLku4QBSc9JL3t,Mus'ab Mustafa Abu al Qassim Omar,Council of the European Union,,,,,,,,,"Council Decision concerning restrictive measures in view of the situation in Libya, and repealing Decision 2011/137/CFSP",eu
fr-ga-26988cbdd21eed9e6a368b533bc9355d13c16bd5,NK-YJW5UGsLLLku4QBSc9JL3t,Mus'ab Mustafa Abu al Qassim Omar,Direction Générale du Trésor,,LYi.024,(UE) 2018/870 du 14/06/2018 (ONU Libye - RCSNU 1970/2011 et R (UE) 2016/44),UN-SC1970,,,,,"Mus'ab Mustafa est considéré comme un acteur majeur de la traite des êtres humains et du trafic de migrants dans la zone de Sabrata. Il est également présent à Zaouïa et Garibulli. Son réseau transnational opère en Libye, dans les pays de destination en Europe et les pays d'Afrique subsaharienne pour ce qui est du recrutement des migrants et dans les pays arabes en ce qui concerne ses activités fi",fr
gb-fcdo-fa57e289dc562bcbb4991e0512078fdec9e8ce43,NK-YJW5UGsLLLku4QBSc9JL3t,Mus'ab Mustafa Abu al Qassim Omar,"Foreign, Commonwealth & Development Office",LIB0058,LYi.024,The Libya (Sanctions) (EU Exit) Regulations 2020,GB-LBY,,2018-06-07,,,,gb
ja-mof-337af9deff05205456eed87ae782da779fb6ca29,NK-YJW5UGsLLLku4QBSc9JL3t,Mus'ab Mustafa Abu al Qassim Omar,Ministry of Finance,19,,リビアのカダフィ革命指導者及びその関係者 （Ⅱ その他の個人又は団体）,,,2018-09-17,,,,jp
mc-freezes-b93ab77a63d7557c2fba762613044a9cb3c82ea6,NK-YJW5UGsLLLku4QBSc9JL3t,Mus'ab Mustafa Abu al Qassim Omar,Principauté de Monaco,,,,,,,,,"Mus'ab Mustafa est considéré comme un acteur majeur de la traite des êtres humains et du trafic de migrants dans la zone de Sabrata. Il est également présent à Zaouïa et Garibulli. Son réseau transnational opère en Libye, dans les pays de destination en Europe et les pays d'Afrique subsaharienne pour ce qui est du recrutement des migrants et dans les pays arabes en ce qui concerne ses activités fi",mc
ofac-02e8a880aa3da47443099de7f34d889e6878cb7c,NK-YJW5UGsLLLku4QBSc9JL3t,Mus'ab Mustafa Abu al Qassim Omar,Office of Foreign Assets Control,24310,,LIBYA3,US-LIBYA,,,,,Executive Order 13726 (Libya),us
ua-sfms-5206a22b00e872422c2aca473d2c30217099949d,NK-YJW5UGsLLLku4QBSc9JL3t,Mus'ab Mustafa Abu al Qassim Omar,State Finance Monitoring Service,,,Резолюція РБ ООН 1970 (2011),,2018-09-18,2018-09-18,,,,ua
unsc-71d3aa2ce768e520a039bd4ce67601c197bae2e1,NK-YJW5UGsLLLku4QBSc9JL3t,Mus'ab Mustafa Abu al Qassim Omar,United Nations Security Council,,LYi.024,Libya,UN-SC1970,2018-06-07,2018-06-07,,,,
zafic-55c0510f0fbacbb080397fa2bcc60eb0c7066d65,NK-YJW5UGsLLLku4QBSc9JL3t,Mus'ab Mustafa Abu al Qassim Omar,Financial Intelligence Centre,,LYi.024,,,2018-06-07,,,,,za
ae-lt-2881319b2dbea33a901784c0046def1b0677a1a7,NK-YSJstkRDhJjGHko6FdVx9Z,Meghdad Amini,Executive Office for Control & Non-proliferation,,,مدرج بموجب قرار مجلس الوزراء رقم (24) لسنة 2018,AE-UNSC1373,,,,,,ae
ofac-7f4079d45ef0eb180e4482fa667001ff67485ccb,NK-YSJstkRDhJjGHko6FdVx9Z,Meghdad Amini,Office of Foreign Assets Control,24533,,IRGC,US-IRAN,,,,,Executive Order 13224 (Terrorism),us
sa-pcct-839b282408a288270587d927c9556f6e2c72b894,NK-YSJstkRDhJjGHko6FdVx9Z,Meghdad Amini,Permanent Committee for Counter-Terrorism,,,,SA-UNSC1373,,2022-06-06,,,,sa
au-dfat-d2d29cd255739ff163d1e8e2ada5252672fb0cf9,NK-YmhPApkeRGfmAuZ7Phxouz,Ghorban Mohammad VALIZADEH,Department of Foreign Affairs and Trade,,,Autonomous (Iran),AU-IRAN,,2026-05-12,,,,au
ofac-ac87476ccc712a3d90fcc3fa4bb936d48e2b5119,NK-YmhPApkeRGfmAuZ7Phxouz,Ghorban Mohammad VALIZADEH,Office of Foreign Assets Control,56894,,IRAN-HR,US-IRAN,,,,,Executive Order 13553 (Iran),us
ofac-85d7c31dfc46907cb8c1d3c90bff37c8e60f5f00,NK-Yta4Agzv6ygaagPZmzGs89,Hamidreza Moghadam Far,Office of Foreign Assets Control,44928,,IRAN-HR,US-IRAN,,,,,Executive Order 13553 (Iran),us
ofac-ed42ba4a944e639686f3cea5f5cf979fd1e00e7e,NK-YvhBuayvMgWVWL4yN9prCr,Cognitive Design Production Center,Office of Foreign Assets Control,51399,,IFSR,US-IRAN,,,,,Executive Order 13848 (Election),us
ofac-df5f6bd4bd0f11a3315ea6c7e1b692aee74ae2a9,NK-Z46gvWWD6E8t6QYBRobqs6,ADOON GENERAL TRADING GIDA SANAYI VE TICARET ANONIM,Office of Foreign Assets Control,32176,,SDGT,US-TERR,,,,,Executive Order 13224 (Terrorism),us
sa-pcct-badaaa6ceb6100c1b750a5b0eb99d7fad0145ca2,NK-Z46gvWWD6E8t6QYBRobqs6,ADOON GENERAL TRADING GIDA SANAYI VE TICARET ANONIM,Permanent Committee for Counter-Terrorism,,,,SA-UNSC1373,,2022-03-31,,,,sa
ca-sema-d28e1694faeb49b3ce52ff08e87199dd5de7898e,NK-ZEjNY6NXEwD8X6q7n8jHzQ,ESFAHAN MOBARAKEH STEEL COMPANY,Global Affairs Canada,150,,Iran,CA-SEMA,2016-02-05,,,,"1, Part 1",ca
jp-eul-968d6e3a1c659e88e167103d9b7546a594479886,NK-ZEjNY6NXEwD8X6q7n8jHzQ,ESFAHAN MOBARAKEH STEEL COMPANY,"Ministry of Economy, Trade and Industry",,,,,,,,,"Weapon Types: Biological, Chemical, Missile, Nuclear",jp
ofac-f36fb0fd9f38cd841ed8e2974cf0e93f55e273d6,NK-ZEjNY6NXEwD8X6q7n8jHzQ,ESFAHAN MOBARAKEH STEEL COMPANY,Office of Foreign Assets Control,25064,,IFSR,US-IRAN,,,,,Executive Order 13846 (Iran),us
sa-pcct-5288739234069f956feaff3d7147e89ce93c95d5,NK-ZEjNY6NXEwD8X6q7n8jHzQ,ESFAHAN MOBARAKEH STEEL COMPANY,Permanent Committee for Counter-Terrorism,,,,SA-UNSC1373,,2019-10-30,,,,sa
ofac-f8f065798ff4ab4e231dc4dfc39e7d799fa3f40d,NK-ZKuzJftmUCZAnHGA2jHUyt,PARSIAN CATALYST CHEMICAL COMPANY.,Office of Foreign Assets Control,25058,,IFSR,US-IRAN,,,,,Executive Order 13224 (Terrorism),us
sa-pcct-2447934766e7deafd5072cdf7550b7621855eaf7,NK-ZKuzJftmUCZAnHGA2jHUyt,PARSIAN CATALYST CHEMICAL COMPANY.,Permanent Committee for Counter-Terrorism,,,,SA-UNSC1373,,2019-10-30,,,,sa
au-dfat-cf6db98d8b497c2645958c7f5874f55203590c53,NK-ZSSebjH9yRgcpaf5Y5CWNp,ABDULQADER MOHAMMED AL-BAGHDADI,Department of Foreign Affairs and Trade,,,1970 (Libya),UN-SC1970,,2026-02-20,,,,au
be-fod-54ac0f856ff4a95c8bc9f6b2a0f83b32aace859c,NK-ZSSebjH9yRgcpaf5Y5CWNp,ABDULQADER MOHAMMED AL-BAGHDADI,Federal Public Service Finance,,,,EU-LBY,2011-03-03,,,,204/2011 (OJ L58),be
ch-seco-272bbcde297b0d69ebc5f6b0e4138c2d260a871b,NK-ZSSebjH9yRgcpaf5Y5CWNp,ABDULQADER MOHAMMED AL-BAGHDADI,State Secretariat for Economic Affairs,12916,LYi.001,"Ordinance of 30 March 2011 on measures against Libya (SR 946.231.149.82), annexes 2, 3, 4 and 5",SECO-LIBYA,2017-04-05,2017-04-05,,,,ch
eu-sancmap-212e826dce6eba14fc75c359c04bd65ea9567f76,NK-ZSSebjH9yRgcpaf5Y5CWNp,ABDULQADER MOHAMMED AL-BAGHDADI,UN and EU,,,LBY,EU-LBY,,,,,,eu
eu-tb-b1190e56a642012b6ec64b091b88f3e90ee9c107,NK-ZSSebjH9yRgcpaf5Y5CWNp,ABDULQADER MOHAMMED AL-BAGHDADI,Council of the European Union,,,"Council Decision concerning restrictive measures in view of the situation in Libya, and repealing Decision 2011/137/CFSP",EU-LBY,,,,,"Council Decision concerning restrictive measures in view of the situation in Libya, and repealing Decision 2011/137/CFSP",eu
gb-fcdo-b653d1041aa80a5053120ba6a01acf2af8d79680,NK-ZSSebjH9yRgcpaf5Y5CWNp,ABDULQADER MOHAMMED AL-BAGHDADI,"Foreign, Commonwealth & Development Office",11655,LYi.001,The Libya (Sanctions) (EU Exit) Regulations 2020,GB-LBY,,2011-02-26,,,,gb
ua-sfms-1f5f1a168afdb83751e5c0ebe053715e54b11f9a,NK-ZSSebjH9yRgcpaf5Y5CWNp,ABDULQADER MOHAMMED AL-BAGHDADI,State Finance Monitoring Service,,,РБ ООН (Комітет 1970 (2011)),,2024-12-23,2024-12-23,,,,ua
unsc-4845fa35054b43da4352dd54a1ef2352af503773,NK-ZSSebjH9yRgcpaf5Y5CWNp,ABDULQADER MOHAMMED AL-BAGHDADI,United Nations Security Council,,LYi.001,Libya,UN-SC1970,2011-02-26,2011-02-26,,,,
zafic-bbf57890ded3087d46313598f8454f64030f680a,NK-ZSSebjH9yRgcpaf5Y5CWNp,ABDULQADER MOHAMMED AL-BAGHDADI,Financial Intelligence Centre,,LYi.001,,,2011-02-26,,,,,za
ofac-2caa8ac58bb1028ee57adc8774684b111092720d,NK-ZZkiTTse3chDkJrDXmLBWQ,Hasan Qahtan Al-Sa'idi,Office of Foreign Assets Control,55937,,SDGT,US-TERR,,,,,Executive Order 13224 (Terrorism),us
ofac-92d3aa5e2c0735fc49ac26f8f47c1a557714c4ce,NK-ZjAFhL7UAWTHJy57rwjYvx,Behrouz Namazi,Office of Foreign Assets Control,58142,,NPWMD,US-NON-PROLIF,,,,,Executive Order 13382 (Non-proliferation),us
be-fod-a7a22fa15b3ac65777a07bdbbfba28c55a851170,NK-ZuBRVL3nScNKSmoiQ37Uda,Gholamhossein Gheib Parvar,Federal Public Service Finance,,,,EU-IRN,2023-09-15,,,,2023/1779 (OJ L228 I),be
eu-fsf-0dab3563e355aef3e51243280c436660adbe84cd,NK-ZuBRVL3nScNKSmoiQ37Uda,Gholamhossein Gheib Parvar,"Directorate‑General for Financial Stability, Financial Services and Capital Markets Union",EU.10772.72,,IRN,EU-IRN,2023-09-15,2023-09-15,,,2023/1779 (OJ L228 I),eu
eu-tb-389301114993ac0a35a3c4a00f83a0856450dae7,NK-ZuBRVL3nScNKSmoiQ37Uda,Gholamhossein Gheib Parvar,Council of the European Union,,,,,,,,,Council Decision concerning restrictive measures directed against certain persons and entities in view of the situation in Iran,eu
fr-ga-56f9d6674bde841e45c5933f3df0e8bb17a45c93,NK-ZuBRVL3nScNKSmoiQ37Uda,Gholamhossein Gheib Parvar,Direction Générale du Trésor,,,(UE) 2023/1779 du 15/09/2023 (UE Iran répression - R (UE) 359/2011),EU-IRN,,,,,"Gholamhossein Gheib Parvar est commandant en chef adjoint du corps des gardiens de la révolution islamique (IRGC) au quartier général de la sécurité centrale Imam Ali. Dans le cadre de cette fonction au quartier général de la sécurité centrale Imam Ali, créé dans le but de réprimer les manifestations populaires, il a été responsable de l’exécution et de la répression de manifestants lors des manif",fr
mc-freezes-b5bc6a8a6450d0314a6163f915bfa2286f31af8b,NK-ZuBRVL3nScNKSmoiQ37Uda,Gholamhossein Gheib Parvar,Principauté de Monaco,,,,,,,,,"Gholamhossein Gheib Parvar est commandant en chef adjoint du corps des gardiens de la révolution islamique (IRGC) au quartier général de la sécurité centrale Imam Ali. Dans le cadre de cette fonction au quartier général de la sécurité centrale Imam Ali, créé dans le but de réprimer les manifestations populaires, il a été responsable de l’exécution et de la répression de manifestants lors des manif",mc
ofac-505fbe5e681000ddb8a79b442e915ec8370c0763,NK-ZuBRVL3nScNKSmoiQ37Uda,Gholamhossein Gheib Parvar,Office of Foreign Assets Control,44924,,IRAN-HR,US-IRAN,,,,,Executive Order 13553 (Iran),us
ua-nsdc-e2186a9d335065dfc3f3079e1bf499cc899a42fc,NK-ZuBRVL3nScNKSmoiQ37Uda,Gholamhossein Gheib Parvar,National Security and Defense Council,25044311100235,,443/2025,UA-SA1644,,2025-06-29,2035-06-29,active,рішення та регламенти Ради Європейського Союзу щодо забезпечення національних інтересів та національної безпеки України,ua
ofac-85914065f9722ed3249a14d934ea159e6b6e0171,NK-Zve9ffXz5psFkogs6uTaFA,OCEAN ALLIANZ SHIPPING LLC,Office of Foreign Assets Control,57572,,SDGT,US-TERR,,,,,Executive Order 13224 (Terrorism),us
be-fod-09e493d8b1de97756ad9376424fa94f06f2a192a,NK-a25Du9aFeQbQRSQJau4nWr,Abdurrahim al Kani,Federal Public Service Finance,,,,EU-HR,2022-12-06,,,,2022/2374 (OJ L314),be
eu-fsf-dfe3638f83ccfdcfcf9642af74981e88a7377ae3,NK-a25Du9aFeQbQRSQJau4nWr,Abdurrahim al Kani,"Directorate‑General for Financial Stability, Financial Services and Capital Markets Union",EU.6258.63,,HR,EU-HR,2022-12-06,2021-03-22,,,2022/2374 (OJ L314),eu
eu-tb-3c1304fb84537105edcdeae30319f685c0c1e414,NK-a25Du9aFeQbQRSQJau4nWr,Abdurrahim al Kani,Council of the European Union,,,,,,,,,Council Decision concerning restrictive measures against serious human rights violations and abuses,eu
eu-tb-bc7a9648a733efe46d71b9299ca3c19de07aa9f8,NK-a25Du9aFeQbQRSQJau4nWr,Abdurrahim al Kani,Council of the European Union,,,,,,,,,Council Decision concerning restrictive measures against serious human rights violations and abuses,eu
fr-ga-00cf9d75bccbf8f3a00f4b5a9f61cd1e5667e132,NK-a25Du9aFeQbQRSQJau4nWr,Abdurrahim al Kani,Direction Générale du Trésor,EU.6258.63,,(UE) 2021/2151 du 06/12/2021 (UE Violation des droits de l'homme - R (UE) 2020/1998),EU-HR,,,,,"Abderrahim Al-Kani est un membre clé de la milice Kaniyat et il est le frère du chef de la milice Kaniyat, Mohammed Khalifa Al-Khani (décédé en juillet 2021). La milice Kaniyat a contrôlé la ville libyenne de Tarhuna entre 2015 et juin 2020. Abderrahim Al-Kani est chargé de la sécurité intérieure pour la milice Kaniyat. En cette qualité, il est responsable de violations graves des droits de l'homm",fr
gb-fcdo-0fa92b7175cc596b1a8cceb8d55e099ca3d9c476,NK-a25Du9aFeQbQRSQJau4nWr,Abdurrahim al Kani,UK,LIB0073,,The Libya (Sanctions) (EU Exit) Regulations 2020,GB-LBY,,2021-05-07,,,"Abdurahem al-Kani is designated on the basis that there are reasonable grounds to suspect that he was one of the leaders of the Al-Kaniyat militia and involved in the activities of the militia in Tarhuna, including in the commission of serious human rights abuses, or violations of international humanitarian law. There are reasonable grounds to suspect that, under the leadership of Abdurahem al-Kan",gb
mc-freezes-317c33a3fb044e0a6a45a956f0981fa0dd7ea746,NK-a25Du9aFeQbQRSQJau4nWr,Abdurrahim al Kani,Principauté de Monaco,,,,,,,,,"Abderrahim Al-Kani est un membre clé de la milice Kaniyat et il est le frère du chef de la milice Kaniyat, Mohammed Khalifa Al-Khani (décédé en juillet 2021). La milice Kaniyat a contrôlé la ville libyenne de Tarhuna entre 2015 et juin 2020.
Abderrahim Al-Kani est chargé de la sécurité intérieure pour la milice Kaniyat. En cette qualité, il est responsable de violations graves des droits de l'homm",mc
be-fod-1625bed069fe7f74004f08be8b1e2e95de5cb164,NK-a4LXHRWm5pDj2gJp7MnzL4,Tasnim News Agency,Federal Public Service Finance,,,,EU-IRN,2023-09-15,,,,2023/1779 (OJ L228 I),be
ca-sema-3cc8cba0f497671ac667b70254827addb2090453,NK-a4LXHRWm5pDj2gJp7MnzL4,Tasnim News Agency,Global Affairs Canada,163,,Iran,CA-SEMA,2022-10-11,,,,"1, Part 1",ca
eu-fsf-02ff756c2af88169e54e3c03421cdda42b7db7f5,NK-a4LXHRWm5pDj2gJp7MnzL4,Tasnim News Agency,"Directorate‑General for Financial Stability, Financial Services and Capital Markets Union",EU.10776.68,,IRN,EU-IRN,2023-09-15,2023-09-15,,,2023/1779 (OJ L228 I),eu
fr-ga-a83847717d723000da061371c48bd0083ba16a13,NK-a4LXHRWm5pDj2gJp7MnzL4,Tasnim News Agency,Direction Générale du Trésor,,,(UE) 2023/1779 du 15/09/2023 (UE Iran répression - R (UE) 359/2011),EU-IRN,,,,,L'agence de presse Tasnim est le plus grand média affilié au Corps des gardiens de la révolution islamique (IRGC) et sert de machine de propagande au régime iranien en diffusant des informations qui reflètent une ligne dure de l'Iran. Il est responsable de publier de fausses confessions de manifestants sur son site internet et sur ses comptes de réseaux sociaux ainsi que d'afficher des photos de m,fr
mc-freezes-3e5e1267939bd3f4457201fa2211f31a1ecec12f,NK-a4LXHRWm5pDj2gJp7MnzL4,Tasnim News Agency,Principauté de Monaco,,,,,,,,,L’agence de presse Tasnim est le plus grand média affilié au Corps des gardiens de la révolution islamique (IRGC) et sert de machine de propagande au régime iranien en diffusant des informations qui reflètent une ligne dure de l’Iran. Il est responsable de publier de fausses confessions de manifestants sur son site internet et sur ses comptes de réseaux sociaux ainsi que d’afficher des photos de m,mc
ofac-6b04380305a4db0099c8eddb6a38eb072da4f242,NK-a4LXHRWm5pDj2gJp7MnzL4,Tasnim News Agency,Office of Foreign Assets Control,44926,,IRAN-HR,US-IRAN,,,,,Executive Order 13553 (Iran),us
ua-nsdc-6c3f20c50eecdeea3e548a4c01ebd381fe31b553,NK-a4LXHRWm5pDj2gJp7MnzL4,Tasnim News Agency,National Security and Defense Council,25044312200050,,443/2025,UA-SA1644,,2025-06-29,2035-06-29,active,рішення та регламенти Ради Європейського Союзу щодо забезпечення національних інтересів та національної безпеки України,ua
be-fod-6182173aee08b502c3171882409d052e460c49bf,NK-aF3RsSUob7B4JtqEpM5NrY,Ahmad Ali FAIZULLAHI,Federal Public Service Finance,,,,EU-IRN,2026-01-29,,,,2026/267 (OJ L202600267),be
ca-sema-eca3cc02a5fc90c55296bc47fada9b97154efbe5,NK-aF3RsSUob7B4JtqEpM5NrY,Ahmad Ali FAIZULLAHI,Global Affairs Canada,15,,Hamas Terrorist Attacks / Attaques terroristes du Hamas,CA-SEMA,2024-05-09,,,,Part 1,ca
ch-seco-9f8775195aa19043144b428f94abd8ddcf923e30,NK-aF3RsSUob7B4JtqEpM5NrY,Ahmad Ali FAIZULLAHI,State Secretariat for Economic Affairs,101981,,"Ordinance of 12 December 2025 on measures against the Islamic Republic of Iran (SR 946.231.143.6), annexes 11-14",SECO-IRAN,2026-03-10,2026-03-10,,,,ch
eu-fsf-8651b817820bcaa480adf5c9f918b4a9feee9bdd,NK-aF3RsSUob7B4JtqEpM5NrY,Ahmad Ali FAIZULLAHI,"Directorate‑General for Financial Stability, Financial Services and Capital Markets Union",EU.13964.83,,IRN,EU-IRN,2026-01-29,2026-01-29,,,2026/267 (OJ L202600267),eu
fr-ga-63302d02a9a76bbee88b2d9ae44b36139cc9fe12,NK-aF3RsSUob7B4JtqEpM5NrY,Ahmad Ali FAIZULLAHI,Direction Générale du Trésor,,,(UE) 2026/267 (UE Iran répression - R (UE) 359/2011),EU-IRN,,,,,"Ahmad Ali Faizullahi est le commandant de la brigade des forces spéciales Saberin Takavar du corps des gardiens de la révolution islamique (IRGC), une force d’opérations spéciales d’élite au sein des forces terrestres de l’IRGC. La brigade des forces spéciales Saberin Takavar a été directement impliquée dans la répression violente de manifestations en Iran et dans la commission de graves violation",fr
mc-freezes-cae74be6ed5c735a5b474bd7c73b28369af9155e,NK-aF3RsSUob7B4JtqEpM5NrY,Ahmad Ali FAIZULLAHI,Principauté de Monaco,,,,,,,,,"Ahmad Ali Faizullahi est le commandant de la brigade des forces spéciales Saberin Takavar du corps des gardiens de la révolution islamique (IRGC), une force d’opérations spéciales d’élite au sein des forces terrestres de l’IRGC. La brigade des forces spéciales Saberin Takavar a été directement impliquée dans la répression violente de manifestations en Iran et dans la commission de graves violation",mc
ofac-4b2b8190313217b270907ff6d3c2de4cb2bd661f,NK-aF3RsSUob7B4JtqEpM5NrY,Ahmad Ali FAIZULLAHI,Office of Foreign Assets Control,45897,,SDGT,US-TERR,,,,,Executive Order 13224 (Terrorism),us
ua-nsdc-f23da04812c0e9f1084f9c0304b3eeec9c65cf85,NK-aF3RsSUob7B4JtqEpM5NrY,Ahmad Ali FAIZULLAHI,National Security and Defense Council,26044811100005,,448/2026,UA-SA1644,,2026-05-29,2036-05-29,active,рішення та регламенти Ради Європейського Союзу щодо забезпечення національних інтересів та національної безпеки України,ua
au-dfat-d34968f71b068218641c9fce850aa423de63c1f0,NK-aGpakLbbC6dn3YWwfaN22K,Abd al-Razzak Fitwi,Department of Foreign Affairs and Trade,,,1970 (Libya),UN-SC1970,,2026-02-20,,,,au
be-fod-50b7a6bc49faac777e348f407e594c2940c60bf3,NK-aGpakLbbC6dn3YWwfaN22K,Abd al-Razzak Fitwi,Federal Public Service Finance,,,,EU-LBY,2018-09-25,,,,2018/1285 (OJ L240,be
ch-seco-3a56ece12b4e2054c1ad416350273d9e5cc2f109,NK-aGpakLbbC6dn3YWwfaN22K,Abd al-Razzak Fitwi,State Secretariat for Economic Affairs,39083,LYi.022,"Ordinance of 30 March 2011 on measures against Libya (SR 946.231.149.82), annexes 2, 3, 4 and 5",SECO-LIBYA,2018-06-08,2018-09-17,,,,ch
ch-seco-840437b2516be6ac0c671b724b57f82198ac06bf,NK-aGpakLbbC6dn3YWwfaN22K,Abd al-Razzak Fitwi,State Secretariat for Economic Affairs,39157,LYi.022,"Ordinance of 30 March 2011 on measures against Libya (SR 946.231.149.82), annexes 2, 3, 4 and 5",SECO-LIBYA,2018-06-08,2018-09-17,,,,ch
eu-fsf-9ea06407a4a24218dd188af2bc2c618181b90440,NK-aGpakLbbC6dn3YWwfaN22K,Abd al-Razzak Fitwi,"Directorate‑General for Financial Stability, Financial Services and Capital Markets Union",EU.4566.85,,LBY,EU-LBY,2018-09-25,2018-06-07,,,2018/1285 (OJ L240,eu
eu-tb-b384eff850d6d3e78b8399597928a1b30f28ad9b,NK-aGpakLbbC6dn3YWwfaN22K,Abd al-Razzak Fitwi,Council of the European Union,,,,,,,,,"Council Decision concerning restrictive measures in view of the situation in Libya, and repealing Decision 2011/137/CFSP",eu
fr-ga-6164bb6cb366205d1357875f9fb21309e17ae602,NK-aGpakLbbC6dn3YWwfaN22K,Abd al-Razzak Fitwi,Direction Générale du Trésor,,LYi.022,(UE) 2018/870 du 14/06/2018 (ONU Libye - RCSNU 1970/2011 et R (UE) 2016/44),UN-SC1970,,,,,"Fitiwi Abdelrazak est un dirigeant d'un réseau transnational responsable de la traite d'êtres humains et du trafic de dizaines de milliers de migrants, principalement depuis la Corne de l'Afrique jusqu'aux côtes libyennes puis jusqu'à leur destination en Europe et aux États-Unis. Fitiwi Abdelrazak a été décrit dans plusieurs enquêtes criminelles et par d'autres sources publiques comme l'un des pri",fr
gb-fcdo-9d9d348558fe57e4c53476a84cb8325f25e331c1,NK-aGpakLbbC6dn3YWwfaN22K,Abd al-Razzak Fitwi,"Foreign, Commonwealth & Development Office",LIB0050,LYi.022,The Libya (Sanctions) (EU Exit) Regulations 2020,GB-LBY,,2018-06-07,,,,gb
ja-mof-683ad8c1f29fc8280d6ee59c041566eecab67758,NK-aGpakLbbC6dn3YWwfaN22K,Abd al-Razzak Fitwi,Ministry of Finance,17,,リビアのカダフィ革命指導者及びその関係者 （Ⅱ その他の個人又は団体）,,,2018-09-17,,,,jp
mc-freezes-e335081b4e49a2378feed47f1b6adae42797f26a,NK-aGpakLbbC6dn3YWwfaN22K,Abd al-Razzak Fitwi,Principauté de Monaco,,,,,,,,,"Fitiwi Abdelrazak est un dirigeant d'un réseau transnational responsable de la traite d'êtres humains et du trafic de dizaines de milliers de migrants, principalement depuis la Corne de l'Afrique jusqu'aux côtes libyennes puis jusqu'à leur destination en Europe et aux États-Unis. Fitiwi Abdelrazak a été décrit dans plusieurs enquêtes criminelles et par d'autres sources publiques comme l'un des pri",mc
ofac-90da5794d9ebffbe06426ef8ecb0399dbc75ff23,NK-aGpakLbbC6dn3YWwfaN22K,Abd al-Razzak Fitwi,Office of Foreign Assets Control,24313,,LIBYA3,US-LIBYA,,,,,Executive Order 13726 (Libya),us
ua-sfms-89746cc802958de97069eb2fe8d4530116cfc60c,NK-aGpakLbbC6dn3YWwfaN22K,Abd al-Razzak Fitwi,State Finance Monitoring Service,,,Резолюція РБ ООН 1970 (2011),,2018-09-18,2018-09-18,,,,ua
unsc-cd58925b138a32a125a57968a9165e3b4c27bab3,NK-aGpakLbbC6dn3YWwfaN22K,Abd al-Razzak Fitwi,United Nations Security Council,,LYi.022,Libya,UN-SC1970,2018-06-07,2018-06-07,,,,
zafic-f510b387b18312513c2bcc5e2bbe030d741f93e2,NK-aGpakLbbC6dn3YWwfaN22K,Abd al-Razzak Fitwi,Financial Intelligence Centre,,LYi.022,,,2018-06-07,,,,,za
ofac-de1f814b4a063a8f59cd712318e76f9ca9662b97,NK-aMZeqCarQjXEZywjpLktye,Mohammadreza Ashrafi Ghehi,Office of Foreign Assets Control,57570,,SDGT,US-TERR,,,,,Executive Order 13224 (Terrorism),us
ofac-a8c1f22b94e70417a2f659c19c722c85173d7504,NK-am4M4hQG6F4MBYVQBQwXRH,SWAID AND SONS FOR EXCHANGE CO,Office of Foreign Assets Control,32179,,SDGT,US-TERR,,,,,Executive Order 13224 (Terrorism),us
sa-pcct-7e1261cbb7319fcfcdcb27449e2129f7e7136309,NK-am4M4hQG6F4MBYVQBQwXRH,SWAID AND SONS FOR EXCHANGE CO,Permanent Committee for Counter-Terrorism,,,,SA-UNSC1373,,2022-03-31,,,,sa
il-nbctf-dfea44d35b8ce315597d9948ee5d47e21e366c3b,NK-ambDxVyyJoTExKoqq9kxUB,Zedpay Finansal Sistem Ve Hizmetleri Anonim Sirketi,National Bureau for Counter Terror Financing,,,הכרזה על ארגון טרור לפי חוק המאבק בטרור - התשע''ו-2016,,,2026-03-25,,,A financial platform used to transfer funds for the designated terrorist organization Iran's Revolutionary Guard Corps. The platform enables a variety of financial operations and money transfers in order to further the aims of terrorism.,il
ofac-7e0fc05d2bf0d2a0b2c6d5fbe1c3e55a79e891a9,NK-ambDxVyyJoTExKoqq9kxUB,Zedpay Finansal Sistem Ve Hizmetleri Anonim Sirketi,Office of Foreign Assets Control,58174,,IRAN-EO13902,US-IRAN,,,,,Executive Order 13902 (Iran),us
au-dfat-e68111886ba291be3b17fca92c6d4eb708c08af6,NK-bCqCZiXVhavep845qc8m9W,Mohamed Koshlaf,Department of Foreign Affairs and Trade,,,1970 (Libya),UN-SC1970,,2026-02-20,,,,au
be-fod-25292367ebbb6834f4886ba6584746e63763a7c9,NK-bCqCZiXVhavep845qc8m9W,Mohamed Koshlaf,Federal Public Service Finance,,,,EU-LBY,2018-09-25,,,,2020/371 (OJ L71),be
ch-seco-2f9e52fc9ec725f1635ec94de53a9ea8571177f3,NK-bCqCZiXVhavep845qc8m9W,Mohamed Koshlaf,State Secretariat for Economic Affairs,39124,LYi.025,"Ordinance of 30 March 2011 on measures against Libya (SR 946.231.149.82), annexes 2, 3, 4 and 5",SECO-LIBYA,2020-02-26,2018-06-07,,,,ch
ch-seco-aff2daab761d712a5abdb9fc800affda67c94b5f,NK-bCqCZiXVhavep845qc8m9W,Mohamed Koshlaf,State Secretariat for Economic Affairs,39199,LYi.025,"Ordinance of 30 March 2011 on measures against Libya (SR 946.231.149.82), annexes 2, 3, 4 and 5",SECO-LIBYA,2020-02-26,2018-06-07,,,,ch
eu-fsf-6cabc9fd083cdb4eeabe3afd23f8cbbef7287b48,NK-bCqCZiXVhavep845qc8m9W,Mohamed Koshlaf,"Directorate‑General for Financial Stability, Financial Services and Capital Markets Union",EU.4584.25,LYi.025,LBY,EU-LBY,2020-03-06,2018-06-07,,,2020/371 (OJ L71),eu
eu-tb-2ea432c74b2df03e2618a39bf0df2add090ff473,NK-bCqCZiXVhavep845qc8m9W,Mohamed Koshlaf,Council of the European Union,,LYi.025,,,,,,,"Council Decision concerning restrictive measures in view of the situation in Libya, and repealing Decision 2011/137/CFSP",eu
fr-ga-3407486838407da9a4a6d797dc77195d3eec0166,NK-bCqCZiXVhavep845qc8m9W,Mohamed Koshlaf,Direction Générale du Trésor,EU.4584.25,LYi.025,(UE) 2018/870 du 14/06/2018 (ONU Libye - RCSNU 1970/2011 et R (UE) 2016/44),UN-SC1970,,,,,"Sa milice contrôle la raffinerie de Zawiya, un pôle central du trafic de migrants ; contrôle également des centres de détention, y compris le centre de détention de Nasr officiellement sous le contrôle du Service de la lutte contre l'immigration illégale. D'après des informations provenant de sources diverses, le réseau d'al-AMIN est parmi les plus actifs dans le domaine du trafic et de l'exploita",fr
gb-fcdo-4054a90c3d9e24bdfa4da9c9f7c8fede9a99c821,NK-bCqCZiXVhavep845qc8m9W,Mohamed Koshlaf,"Foreign, Commonwealth & Development Office",13675,LYi.025,The Libya (Sanctions) (EU Exit) Regulations 2020,GB-LBY,,2018-06-07,,,,gb
ja-mof-b534b1582494ca9afb2d08952fc08092cbc25f7e,NK-bCqCZiXVhavep845qc8m9W,Mohamed Koshlaf,Ministry of Finance,20,,リビアのカダフィ革命指導者及びその関係者 （Ⅱ その他の個人又は団体）,,,2018-06-07,,,,jp
mc-freezes-2a8e54a2cb62a097289cc23c991abcb289c66320,NK-bCqCZiXVhavep845qc8m9W,Mohamed Koshlaf,Principauté de Monaco,,,,,,,,,"Sa milice contrôle la raffinerie de Zawiya, un pôle central du trafic de migrants ; contrôle également des centres de détention, y compris le centre de détention de Nasr officiellement sous le contrôle du Service de la lutte contre l'immigration illégale. D'après des informations provenant de sources diverses, le réseau d'al-AMIN est parmi les plus actifs dans le domaine du trafic et de l'exploita",mc
ofac-3b268d802998dad02a22a7137e997663b6b8ae3f,NK-bCqCZiXVhavep845qc8m9W,Mohamed Koshlaf,Office of Foreign Assets Control,24311,,LIBYA3,US-LIBYA,,,,,Executive Order 13726 (Libya),us
ua-sfms-e59fa227a21c3ab3f2d8f5f6433c4d328786f15e,NK-bCqCZiXVhavep845qc8m9W,Mohamed Koshlaf,State Finance Monitoring Service,,,РБ ООН (Комітет 1970 (2011)),,2023-11-30,2023-11-30,,,,ua
unsc-ee8c3a3b8e047c5431449989cdc2d5862aafc5bb,NK-bCqCZiXVhavep845qc8m9W,Mohamed Koshlaf,United Nations Security Council,,LYi.025,Libya,UN-SC1970,2018-06-07,2018-06-07,,,,
zafic-a10b91a032d921d0e86db80913bbffd45a00a4c4,NK-bCqCZiXVhavep845qc8m9W,Mohamed Koshlaf,Financial Intelligence Centre,,LYi.025,,,2018-06-07,,,,,za
ae-lt-e3d5da0fab37963e67d195e210fa6642c0ab52b9,NK-biCGPDdQJzbuiywdUbZxFm,PERIDOT SHIPPING & TRADING LLC,Executive Office for Control & Non-proliferation,,,مدرج بموجب قرار مجلس الوزراء رقم (13) لسنة 2022,AE-UNSC1373,,,,,,ae
ofac-d7441b9c72fc04454081c0040172266588be869f,NK-biCGPDdQJzbuiywdUbZxFm,PERIDOT SHIPPING & TRADING LLC,Office of Foreign Assets Control,34960,,SDGT,US-TERR,,,,,Executive Order 13224 (Terrorism),us
sa-pcct-d62a1403527a72407661daf733bf1d1933187356,NK-biCGPDdQJzbuiywdUbZxFm,PERIDOT SHIPPING & TRADING LLC,Permanent Committee for Counter-Terrorism,,,,SA-UNSC1373,,2022-03-31,,,,sa
ofac-9fc14304e09615d0d64a88f6d4daac6b146335f5,NK-bqHtiingHrG89XMLkzXvBf,Iran Zinc Mines Development Company,Office of Foreign Assets Control,25043,,IFSR,US-IRAN,,,,,Executive Order 13224 (Terrorism),us
sa-pcct-4f4819461c2c80e5d1f6402e7d86351566f24f4e,NK-bqHtiingHrG89XMLkzXvBf,Iran Zinc Mines Development Company,Permanent Committee for Counter-Terrorism,,,,SA-UNSC1373,,2019-10-30,,,,sa
ca-sema-794fafce601d8ae87983a39c1c806662ee7f0462,NK-bsdHmQ7Psay9MXYjPxL77Z,Ayatollah Ebrahimi,Global Affairs Canada,31,,Iran,CA-SEMA,2016-02-05,,,,"1, Part 2",ca
ofac-3e85f819317e5fd0db3a4bc170092eb953ec9370,NK-bsdHmQ7Psay9MXYjPxL77Z,Ayatollah Ebrahimi,Office of Foreign Assets Control,26526,,IFSR,US-IRAN,,,,,Executive Order 13224 (Terrorism),us
sa-pcct-54da46a6dbb654f5d9725a7f8726884e59067883,NK-bsdHmQ7Psay9MXYjPxL77Z,Ayatollah Ebrahimi,Permanent Committee for Counter-Terrorism,,,,SA-UNSC1373,,2022-01-26,,,,sa
ofac-e6244630dc08d66aa5e41ec08cea612cce0a16cb,NK-btMzoFNBguMNzwMzJZtycP,Abdul Jalil Mallah,Office of Foreign Assets Control,32178,,SDGT,US-TERR,,,,,Executive Order 13224 (Terrorism),us
sa-pcct-350c0b2141be4ac90ac36b1e4765ccfeb3185c80,NK-btMzoFNBguMNzwMzJZtycP,Abdul Jalil Mallah,Permanent Committee for Counter-Terrorism,,,,SA-UNSC1373,,2022-03-31,,,,sa
be-fod-2a308bf9c2b3dfc5b897c3677d706270510b5967,NK-btUYbDZ6oRQ5SdJM2ZKPVR,Hassan Asgari,Federal Public Service Finance,,,,EU-IRN,2023-01-23,,,,2023/152 (OJ L20 I),be
ca-sema-4dfdb4cf543aaa41c72c61252abbb2a6f5ead650,NK-btUYbDZ6oRQ5SdJM2ZKPVR,Hassan Asgari,Global Affairs Canada,50,,Iran,CA-SEMA,2022-12-07,,,,"1, Part 2.1",ca
eu-fsf-3e17aef2fa7365324544cfecfcecbaeae8cdc29f,NK-btUYbDZ6oRQ5SdJM2ZKPVR,Hassan Asgari,"Directorate‑General for Financial Stability, Financial Services and Capital Markets Union",EU.9474.84,,IRN,EU-IRN,2023-01-23,2023-01-23,,,2023/152 (OJ L20 I),eu
eu-tb-5a8da96e55fa321c36ffa837ee34ff2e99618312,NK-btUYbDZ6oRQ5SdJM2ZKPVR,Hassan Asgari,Council of the European Union,,,,,,,,,Council Decision concerning restrictive measures directed against certain persons and entities in view of the situation in Iran,eu
fr-ga-e4c2e3bc58c78640dace74f44c9f8d34b66e46c3,NK-btUYbDZ6oRQ5SdJM2ZKPVR,Hassan Asgari,Direction Générale du Trésor,,,(UE) 2023/152 du 23/01/2023 (UE Iran répression - R (UE) 359/2011),EU-IRN,,,,,"Entités associées: Corps des gardiens de la révolution islamique (IRGC)  - Hassan Asgari est le gouverneur de la ville de Sanandaj, dans la province iranienne du Kurdistan, et un ancien commandant des forces locales du Corps des gardiens de la révolution islamique (IRGC). En tant que gouverneur de Sanandaj, il est responsable de la riposte violente et brutale dans cette ville face aux manifestatio",fr
gb-fcdo-6eb7d132ef3863d36135051737eb6242b1eab1c7,NK-btUYbDZ6oRQ5SdJM2ZKPVR,Hassan Asgari,UK,15752,,The Iran (Sanctions) Regulations 2023,GB-IRAN,,2023-02-20,,,"Hassan ASGARI is an involved person within the meaning of the Iran (Sanctions) Regulations 2023 as it is reasonable to suspect that ASGARI, through his role as Governor of Sanandaj, is an individual providing support for or promoting serious human rights violations in Iran through the repression of recent protests in Iran, leading to violations of the right of life and violations of the right to f",gb
mc-freezes-316c9592ee208c9b5d530e70c41f2692789083db,NK-btUYbDZ6oRQ5SdJM2ZKPVR,Hassan Asgari,Principauté de Monaco,,,,,,,,,"Hassan Asgari est le gouverneur de la ville de Sanandaj, dans la province iranienne du Kurdistan, et un ancien commandant des forces locales du Corps
des gardiens de la révolution islamique (IRGC).
En tant que gouverneur de Sanandaj, il est responsable de la riposte violente et brutale dans cette ville face aux manifestations qui ont suivi la mort de la jeune femme kurde Mahsa Amini en septembre 2",mc
ofac-a02c1473e9328b6e3b3842d0b3676d4784f6c019,NK-btUYbDZ6oRQ5SdJM2ZKPVR,Hassan Asgari,Office of Foreign Assets Control,40018,,IRAN-HR,US-IRAN,,,,,Executive Order 13553 (Iran),us
ua-nsdc-a0303d53b8d524fd3b3808ae06aa94539d423a89,NK-btUYbDZ6oRQ5SdJM2ZKPVR,Hassan Asgari,National Security and Defense Council,25044311100160,,443/2025,UA-SA1644,,2025-06-29,2035-06-29,active,рішення та регламенти Ради Європейського Союзу щодо забезпечення національних інтересів та національної безпеки України,ua
au-dfat-3b3337e6e5cdbf218ab8cce4402b0e3285fdb074,NK-c55S959ZVS6JnyQZCzjPPN,Bonyad Taavon Basij,Department of Foreign Affairs and Trade,,,Autonomous (Thematic - Human Rights),AU-HUMAN,,2023-02-01,,,,au
be-fod-209d9afa908df130b1acd78f54e4077a3891bd24,NK-c55S959ZVS6JnyQZCzjPPN,Bonyad Taavon Basij,Federal Public Service Finance,,,,EU-IRN,2022-11-14,,,,2022/2231 (OJ L293-I),be
ca-sema-61dfa48eabdca23000545da74656933506c937c0,NK-c55S959ZVS6JnyQZCzjPPN,Bonyad Taavon Basij,Global Affairs Canada,2,,Iran,CA-SEMA,2022-10-03,,,,"1, Part 1.1",ca
eu-fsf-bb656c30183dd8056937b8169b91f424ccc30224,NK-c55S959ZVS6JnyQZCzjPPN,Bonyad Taavon Basij,"Directorate‑General for Financial Stability, Financial Services and Capital Markets Union",EU.9099.78,,IRN,EU-IRN,2022-11-14,2022-11-14,,,2022/2231 (OJ L293-I),eu
fr-ga-d9fa4d2f04e31cada2e43a37175f032447c4fdd6,NK-c55S959ZVS6JnyQZCzjPPN,Bonyad Taavon Basij,Direction Générale du Trésor,,,(UE) 2022/2231 du 14/11/2022 (UE Iran répression - R (UE) 359/2011),EU-IRN,,,,,Type d’entité: Fondation/Réseau d’entreprises - La Fondation coopérative Basij est l’une des entités affiliées à la Force de résistance Basij (inscrite sur la liste établie par l’Union européenne). Elle a été créée en 1996 et sa mission consiste notamment à promouvoir et à soutenir la Force de résistance Basij. Les activités de la Fondation coopérative Basij comprennent le financement de la Force ,fr
gb-fcdo-baa8bd9a5118492a92eec7e67019d71a32b76423,NK-c55S959ZVS6JnyQZCzjPPN,Bonyad Taavon Basij,UK,IRN0124,,The Iran (Sanctions) Regulations 2023,GB-IRAN,,2023-01-23,,,"There are reasonable grounds to suspect that the Basij Cooperative Foundation is an involved person under the Iran (Sanctions) Regulations 2023 as it has been involved in serious human rights violations in Iran, including providing financial services, or making available funds or economic resources that have contributed to serious human rights violations in Iran. The Basij Cooperative Foundation i",gb
mc-freezes-e1f89a38b1dc8eb067f8e919882e1c3ca35e6a65,NK-c55S959ZVS6JnyQZCzjPPN,Bonyad Taavon Basij,Principauté de Monaco,,,,,,,,,"La Fondation coopérative Basij est l’une des entités affiliées à la Force de résistance Basij (inscrite sur la liste établie par l’Union européenne).
Elle a été créée en 1996 et sa mission consiste notamment à promouvoir et à soutenir la Force de résistance Basij. Les activités de la Fondation coopérative Basij
comprennent le financement de la Force de résistance de Basij (inscrite sur la liste ét",mc
ofac-2ae840b8cb27059b27ac37c47efee5c3a3a4443a,NK-c55S959ZVS6JnyQZCzjPPN,Bonyad Taavon Basij,Office of Foreign Assets Control,25017,,IFSR,US-IRAN,,,,,Executive Order 13224 (Terrorism),us
sa-pcct-c019ac49ed9ae8b19b0172af21b9e4cd21b2870f,NK-c55S959ZVS6JnyQZCzjPPN,Bonyad Taavon Basij,Permanent Committee for Counter-Terrorism,,,,SA-UNSC1373,,2019-10-30,,,,sa
ua-nsdc-00446a6fa2fe8260b53ccfd31b14476aa4d54b69,NK-c55S959ZVS6JnyQZCzjPPN,Bonyad Taavon Basij,National Security and Defense Council,25044312200022,,443/2025,UA-SA1644,,2025-06-29,2035-06-29,active,рішення та регламенти Ради Європейського Союзу щодо забезпечення національних інтересів та національної безпеки України,ua
ofac-305090322c36f0c679d9158b942bc464703d6ee9,NK-cDNcN876vrMzC7SZcMk49G,ANDISHEH MAHVARAN INVESTMENT COMPANY,Office of Foreign Assets Control,25065,,IFSR,US-IRAN,,,,,Executive Order 13224 (Terrorism),us
sa-pcct-27c8877d4e2c32324d400f088980b3c8b6eaa6c3,NK-cDNcN876vrMzC7SZcMk49G,ANDISHEH MAHVARAN INVESTMENT COMPANY,Permanent Committee for Counter-Terrorism,,,,SA-UNSC1373,,2019-10-30,,,,sa
au-dfat-5f7d20c52f5540ebae36e2e7591c99f20a5dbbe4,NK-cK7ALNfC3dxGjmGdHPZk9s,Habib Shahsavari,Department of Foreign Affairs and Trade,,,Autonomous (Thematic - Human Rights),AU-HUMAN,,2023-02-01,,,,au
be-fod-a579c359add4c1a8b7b604cc78d0d6b5a8b8defc,NK-cK7ALNfC3dxGjmGdHPZk9s,Habib Shahsavari,Federal Public Service Finance,,,,EU-IRN,2022-12-12,,,,2022/2428 (OJ L318I),be
ca-sema-758ca850bca6503591175779967155b49dbba694,NK-cK7ALNfC3dxGjmGdHPZk9s,Habib Shahsavari,Global Affairs Canada,70,,Iran,CA-SEMA,2023-02-23,,,,"1, Part 2.1",ca
eu-fsf-b993e19eae939c57d42b830bdb65b7a07a2e941e,NK-cK7ALNfC3dxGjmGdHPZk9s,Habib Shahsavari,"Directorate‑General for Financial Stability, Financial Services and Capital Markets Union",EU.9198.88,,IRN,EU-IRN,2022-12-12,2022-12-12,,,2022/2428 (OJ L318I),eu
eu-tb-61108366bd1d9006ba934f11ebfcf0f47dc77169,NK-cK7ALNfC3dxGjmGdHPZk9s,Habib Shahsavari,Council of the European Union,,,,,,,,,Council Decision concerning restrictive measures directed against certain persons and entities in view of the situation in Iran,eu
fr-ga-27f8e6f4044cd213e9e0d2afd620a796f1d0b672,NK-cK7ALNfC3dxGjmGdHPZk9s,Habib Shahsavari,Direction Générale du Trésor,,,(UE) 2022/2428 du 12/12/2022 (UE Iran répression - R (UE) 359/2011),EU-IRN,,,,,"Le général de brigade Habib Shahsavari est le commandant du corps de troupes terrestres “Shohada” relevant du Corps des gardiens de la révolution islamique (IRGC), dans la province de l’Azerbaïdjan occidental. Les unités de l’IRGC placées sous son commandement ont mené des opérations contre des manifestants dans les régions kurdes d’Iran. En particulier, à partir du 15 novembre 2022, de telles opé",fr
gb-fcdo-2cb5e9058ab6e44e59868eea284596a55a472145,NK-cK7ALNfC3dxGjmGdHPZk9s,Habib Shahsavari,UK,15894,,The Iran (Sanctions) Regulations 2023,GB-IRAN,,2023-04-24,,,"Habib SHAHSAVARI ('SHAHSAVARI') is an involved person within the meaning of the Iran (Sanctions) Regulations 2023 as through his role as Islamic Revolutionary Guard Corps (IRGC) Commander of the Shohada Provincial Corps in West Azerbaijan, Iran, he is or has been responsible for, engaging in, providing support for, or promoting serious human rights violations including violations of the right of l",gb
mc-freezes-586dd6cbb110bce64fdcb47f4f55cf7facc8ad70,NK-cK7ALNfC3dxGjmGdHPZk9s,Habib Shahsavari,Principauté de Monaco,,,,,,,,,"Le général de brigade Habib Shahsavari est le commandant du corps de troupes terrestres “Shohada” relevant du Corps des gardiens de la révolution islamique (IRGC), dans la province de l’Azerbaïdjan occidental.
Les unités de l’IRGC placées sous son commandement ont mené des opérations contre des manifestants dans les régions kurdes d’Iran. En particulier, à partir du 15 novembre 2022, de telles opé",mc
ofac-650f6cf165405e5f84a0103fa23ff3505ad79624,NK-cK7ALNfC3dxGjmGdHPZk9s,Habib Shahsavari,Office of Foreign Assets Control,41216,,IRAN-HR,US-IRAN,,,,,Executive Order 13553 (Iran),us
ua-nsdc-33935ae256627854800507de124473d85e71bcdf,NK-cK7ALNfC3dxGjmGdHPZk9s,Habib Shahsavari,National Security and Defense Council,25044311100151,,443/2025,UA-SA1644,,2025-06-29,2035-06-29,active,рішення та регламенти Ради Європейського Союзу щодо забезпечення національних інтересів та національної безпеки України,ua
be-fod-dde0dc6b770788c7dcdd53cbaab9471aad5059d2,NK-cVgveYEXNcpTc5jKkf7nEq,Amanollah GOSHTASBI,Federal Public Service Finance,,,,EU-IRN,2022-12-12,,,,2022/2428 (OJ L318I),be
eu-fsf-fc15b814a1688d611db6dd42c7102e68d1be8787,NK-cVgveYEXNcpTc5jKkf7nEq,Amanollah GOSHTASBI,"Directorate‑General for Financial Stability, Financial Services and Capital Markets Union",EU.9196.90,,IRN,EU-IRN,2022-12-12,2022-12-12,,,2022/2428 (OJ L318I),eu
eu-tb-fac27a51abb5cea686a3d8d433f30533ab77b9b2,NK-cVgveYEXNcpTc5jKkf7nEq,Amanollah GOSHTASBI,Council of the European Union,,,,,,,,,Council Decision concerning restrictive measures directed against certain persons and entities in view of the situation in Iran,eu
fr-ga-4402a937a548b2e68a9da2ea31493988b83b8edf,NK-cVgveYEXNcpTc5jKkf7nEq,Amanollah GOSHTASBI,Direction Générale du Trésor,,,(UE) 2022/2428 du 12/12/2022 (UE Iran répression - R (UE) 359/2011),EU-IRN,,,,,"Le général de brigade Amanollah Garshasbi est le commandant adjoint du Corps des gardiens de la révolution islamique (IRGC) dans la province du Sistan Baloutchistan. Le corps provincial “Salaman” est placé sous son commandement. Au cours des manifestations de 2022, la province du Sistan-Baloutchistan a vu des répressions parmi les plus violentes exercées par les forces de sécurité iraniennes, y co",fr
gb-fcdo-2f01740d85f628124c58d96351187d764be18016,NK-cVgveYEXNcpTc5jKkf7nEq,Amanollah GOSHTASBI,UK,15750,,The Iran (Sanctions) Regulations 2023,GB-IRAN,,2023-02-20,,,"Amanolla GARSHASBI is an involved person under the Iran (Sanctions) Regulations 2023 because he is and has been involved in the commission of serious human rights violations in Iran, namely being responsible for, engaging in, providing support for and promoting serious violations with respect to the right to life and the right to freedom of expression and peaceful assembly in Iran through his role",gb
mc-freezes-9c6e85e8248bf43d2c43ee2ba887c2f5f57db4af,NK-cVgveYEXNcpTc5jKkf7nEq,Amanollah GOSHTASBI,Principauté de Monaco,,,,,,,,,"Le général de brigade Amanollah Garshasbi est le commandant adjoint du Corps des gardiens de la révolution islamique (IRGC) dans la province du SistanBaloutchistan. Le corps provincial “Salaman” est placé sous son commandement.
Au cours des manifestations de 2022, la province du Sistan-Baloutchistan a vu des répressions parmi les plus violentes exercées par les forces de sécurité iraniennes, y com",mc
ofac-3f33105593c6a0a84e48425a9eb6630fe051091e,NK-cVgveYEXNcpTc5jKkf7nEq,Amanollah GOSHTASBI,Office of Foreign Assets Control,42538,,IRAN-HR,US-IRAN,,,,,Executive Order 13553 (Iran),us
ua-nsdc-52d6a269df0e0aa5f9245d04f9e301695f1365a2,NK-cVgveYEXNcpTc5jKkf7nEq,Amanollah GOSHTASBI,National Security and Defense Council,25044311100149,,443/2025,UA-SA1644,,2025-06-29,2035-06-29,active,рішення та регламенти Ради Європейського Союзу щодо забезпечення національних інтересів та національної безпеки України,ua
be-fod-b9e87667134457c834c6bb2a1fce936e2a1e4dfb,NK-cZUeHEJ6pGyS5BmheMFLVg,Ali Ashraf Nouri,Federal Public Service Finance,,,,EU-IRN,2022-06-28,,,,2022/1010 (OJ L170),be
ca-sema-85a01f181e8b90b53cc1a3adfd407c1016955b67,NK-cZUeHEJ6pGyS5BmheMFLVg,Ali Ashraf Nouri,Global Affairs Canada,25,,Iran,CA-SEMA,2016-02-05,,,,"1, Part 2",ca
ch-seco-b1552ecc1f839ad435ae98d42690d717560653e5,NK-cZUeHEJ6pGyS5BmheMFLVg,Ali Ashraf Nouri,State Secretariat for Economic Affairs,11310,73,"Ordinance of 12 December 2025 on measures against the Islamic Republic of Iran (SR 946.231.143.6), annexes 11-14",SECO-IRAN,2022-08-03,2022-08-03,,,,ch
eu-fsf-441b4d31e6f20be0578bbab36760697930844453,NK-cZUeHEJ6pGyS5BmheMFLVg,Ali Ashraf Nouri,"Directorate‑General for Financial Stability, Financial Services and Capital Markets Union",EU.2602.10,,IRN,EU-IRN,2022-06-28,2012-01-23,,,2022/1010 (OJ L170),eu
eu-tb-262ed8d3227c83a28782a42db0a1931fb0b85a06,NK-cZUeHEJ6pGyS5BmheMFLVg,Ali Ashraf Nouri,Council of the European Union,,,,,,,,,Council Decision concerning restrictive measures against Iran,eu
eu-tb-301140f522e1ae20e738405cb5322095a1d3aae8,NK-cZUeHEJ6pGyS5BmheMFLVg,Ali Ashraf Nouri,Council of the European Union,,,,,,,,,Council Decision concerning restrictive measures against Iran,eu
eu-tb-45211c5a44f6f159fbe43b6a68fc4cd88c998399,NK-cZUeHEJ6pGyS5BmheMFLVg,Ali Ashraf Nouri,Council of the European Union,,,,,,,,,Council Decision concerning restrictive measures against Iran and repealing Common Position 2007/140/CFSP,eu
fr-ga-a746aefbfda7a7a787b05aeb1a4d1ab6bf35ddf0,NK-cZUeHEJ6pGyS5BmheMFLVg,Ali Ashraf Nouri,Direction Générale du Trésor,,,(UE) 54/2012 du 23/01/2012 (UE Iran prolifération - R (UE) 267/2012),EU-IRN,,,,,"Directeur de l’Islamic Revolution Art Educational and Research Complex du Basij. Ancien commandant en second de l’IRGC, chef du bureau politique de l’IRGC.",fr
gb-fcdo-4a4da777854e6c31a7e52953789c5f6519432130,NK-cZUeHEJ6pGyS5BmheMFLVg,Ali Ashraf Nouri,UK,INU0015,,The Iran (Sanctions) (Nuclear) (EU Exit) Regulations 2019,GB-IRAN-NW,,2020-12-31,,,IRGC Political Deputy Commander,gb
mc-freezes-8cb56a12faa256d2955227449f026f581d264bba,NK-cZUeHEJ6pGyS5BmheMFLVg,Ali Ashraf Nouri,Principauté de Monaco,,,,,,,,,,mc
ofac-266d139828269a57ff0a0ad827f6e9d321960f79,NK-cafXdYfWuKmSRfw6FJkEke,Star Ocean Shipmanage Ltd,Office of Foreign Assets Control,50840,,SDGT,US-TERR,,,,,Executive Order 13224 (Terrorism),us
ae-lt-24d1c508a2a719aa4abb343858ce5e7a4f0a0130,NK-cbNtrQxwNDNsp7MiTrZ99U,THE POPULAR RESISTANCE BRIGADES,Executive Office for Control & Non-proliferation,,,مدرج بموجب قرار مجلس الوزراء رقم (18) لسنة 2017,AE-UNSC1373,,,,,,ae
sa-pcct-14ba74d64cd6bfc6de5b3daacfba9e5afebb266a,NK-cbNtrQxwNDNsp7MiTrZ99U,THE POPULAR RESISTANCE BRIGADES,Permanent Committee for Counter-Terrorism,,,,SA-UNSC1373,,2017-06-08,,,,sa
ofac-cdaf95936503d9f085913260425bcaabc0856e3b,NK-cejRmnGjnhv7y27eX28fcC,Ali Qasir,Office of Foreign Assets Control,27273,,SDGT,US-TERR,,,,,Executive Order 13224 (Terrorism),us
sa-pcct-cb0c218635ba89a81467577cdd3d48ca2aac424f,NK-cejRmnGjnhv7y27eX28fcC,Ali Qasir,Permanent Committee for Counter-Terrorism,,,,SA-UNSC1373,,2022-01-26,,,,sa
ofac-b3cb24ee3c95cbc9af64ff684663fa1d8ec13f81,NK-cnuG3EUgAAHC3xk2qn5xr5,Mahmud Baghlani,Office of Foreign Assets Control,50664,,IRAN-HR,US-IRAN,,,,,Executive Order 13553 (Iran),us
ae-lt-8e729bb19b4897104ddbb57ab2f7e48e0ca4b51d,NK-d3EDp9jW6m6nP7dWxjETdo,AL ALAMIYAH EXPRESS COMPANY FOR EXCHANGE & REMITTANCE.,Executive Office for Control & Non-proliferation,,,مدرج بموجب قرار مجلس الوزراء رقم (13) لسنة 2022,AE-UNSC1373,,,,,,ae
ofac-d35b727750137bed2e62695f6e7c05d1185beb24,NK-d3EDp9jW6m6nP7dWxjETdo,AL ALAMIYAH EXPRESS COMPANY FOR EXCHANGE & REMITTANCE.,Office of Foreign Assets Control,34952,,SDGT,US-TERR,,,,,Executive Order 13224 (Terrorism),us
sa-pcct-a093cbd96b490c130b72cf99f0d9fe51b0d5cbd7,NK-d3EDp9jW6m6nP7dWxjETdo,AL ALAMIYAH EXPRESS COMPANY FOR EXCHANGE & REMITTANCE.,Permanent Committee for Counter-Terrorism,,,,SA-UNSC1373,,2022-03-31,,,,sa
au-dfat-f593ff24ada571bfecb56b7be5341a3f7aa0c577,NK-dMAzhvH7ooNytMQJf3ZNZL,Sayyid Mohammed Qadhafi Al-Dam,Department of Foreign Affairs and Trade,,,1970 (Libya),UN-SC1970,,2026-02-20,,,,au
ch-seco-badcea441e29e075fc5b442dadab08e53f863f0e,NK-dMAzhvH7ooNytMQJf3ZNZL,Sayyid Mohammed Qadhafi Al-Dam,State Secretariat for Economic Affairs,12950,LYi.003,"Ordinance of 30 March 2011 on measures against Libya (SR 946.231.149.82), annexes 2, 3, 4 and 5",SECO-LIBYA,2017-04-05,2017-04-05,,,,ch
eu-sancmap-0ef58da4427717a564a3d70f9e306a21ec91ea66,NK-dMAzhvH7ooNytMQJf3ZNZL,Sayyid Mohammed Qadhafi Al-Dam,UN and EU,,,LBY,EU-LBY,,,,,,eu
eu-tb-4475a856016d2f379c2a3562e92c683b3eb645d9,NK-dMAzhvH7ooNytMQJf3ZNZL,Sayyid Mohammed Qadhafi Al-Dam,Council of the European Union,,,"Council Decision concerning restrictive measures in view of the situation in Libya, and repealing Decision 2011/137/CFSP",EU-LBY,,,,,"Council Decision concerning restrictive measures in view of the situation in Libya, and repealing Decision 2011/137/CFSP",eu
gb-fcdo-3db6b744c81013916b790c75eb0fa193352ab638,NK-dMAzhvH7ooNytMQJf3ZNZL,Sayyid Mohammed Qadhafi Al-Dam,UK|UN,LIB0029,LYi.003,The Libya (Sanctions) (EU Exit) Regulations 2020,GB-LBY,,2020-12-31,,,"Involved in activities carried out on behalf of the former regime of Muammar Qadhafi implementing or connected to the repressive policies of that regime, including in the 1980s, Sayyid was involved in the dissident assassination campaign and allegedly responsible for several deaths in Europe. He is also thought to have been involved in arms procurement.",gb
ua-sfms-3768bc932ed833b36c2e91f28b66e289abcb040e,NK-dMAzhvH7ooNytMQJf3ZNZL,Sayyid Mohammed Qadhafi Al-Dam,State Finance Monitoring Service,,,РБ ООН (Комітет 1970 (2011)),,2024-12-23,2024-12-23,,,,ua
unsc-5e99594a7bdf0cc58e45d0f07376830fb5e87ad5,NK-dMAzhvH7ooNytMQJf3ZNZL,Sayyid Mohammed Qadhafi Al-Dam,United Nations Security Council,,LYi.003,Libya,UN-SC1970,2011-02-26,2011-02-26,,,,
zafic-cd4530aabc770cadf89bff91122acb2bd815d9e0,NK-dMAzhvH7ooNytMQJf3ZNZL,Sayyid Mohammed Qadhafi Al-Dam,Financial Intelligence Centre,,LYi.003,,,2011-02-26,,,,,za
ofac-a7bfc773bbfcba4c7cefad7b70107f9bd17e1e5b,NK-dYEfCaPkqhV58dGm96WM29,Saeed Beheshti rad,Office of Foreign Assets Control,50675,,IRAN-HR,US-IRAN,,,,,Executive Order 13553 (Iran),us
ofac-892df678d7c87a31216ed20f153b20ac397181e8,NK-daTqt72Roi4TNEyQJaYqAj,NEGIN SAHIL ROYAL INVESTMENT COMPANY,Office of Foreign Assets Control,25042,,IFSR,US-IRAN,,,,,Executive Order 13224 (Terrorism),us
sa-pcct-572c860ea2a3a91a66252b83177f6010612d4300,NK-daTqt72Roi4TNEyQJaYqAj,NEGIN SAHIL ROYAL INVESTMENT COMPANY,Permanent Committee for Counter-Terrorism,,,,SA-UNSC1373,,2019-10-30,,,,sa
au-dfat-7d5f3b81696163ed4a5c78e37713bf18036e6662,NK-dgsVRGxxqgpu2FhrR5yENh,Naserin Vahid,Department of Foreign Affairs and Trade,,,Autonomous (Iran),AU-IRAN,,2024-01-12,,,,au
be-fod-9bf3674359803ca4363f25c4cf5bd39a54641df5,NK-dgsVRGxxqgpu2FhrR5yENh,Naserin Vahid,Federal Public Service Finance,,,,EU-IRN,2010-07-27,,,,668/2010 (OJ L195),be
ca-sema-a18160a42b87e14dc8b9147f93ea8774cbe78ca1,NK-dgsVRGxxqgpu2FhrR5yENh,Naserin Vahid,Global Affairs Canada,56,,Iran,CA-SEMA,2016-02-05,,,,"1, Part 1",ca
ch-seco-a9e32cbd71cab9a3ef37a85942da1be1d822e45c,NK-dgsVRGxxqgpu2FhrR5yENh,Naserin Vahid,State Secretariat for Economic Affairs,9688,111.,"Ordinance of 12 December 2025 on measures against the Islamic Republic of Iran (SR 946.231.143.6), annexes 11-14",SECO-IRAN,,,,,,ch
eu-fsf-f7a9f824011e882452b628dd51f4426526f3d130,NK-dgsVRGxxqgpu2FhrR5yENh,Naserin Vahid,"Directorate‑General for Financial Stability, Financial Services and Capital Markets Union",EU.1954.33,,IRN,EU-IRN,2012-03-24,2012-03-23,,,267/2012 (OJ L88),eu
fr-ga-7aa634bb227e796504ab9750c5c9dd6ed358acdd,NK-dgsVRGxxqgpu2FhrR5yENh,Naserin Vahid,Direction Générale du Trésor,,,(UE) 668/2010 du 26/07/2010 (UE Iran prolifération - R (UE) 267/2012),EU-IRN,,,,,"appartient au Corps des gardiens de la révolution islamique (IRGC) - Naserin Vahid fabrique, pour le compte de l'IRGC, des pièces détachées destinées à l'armement. Société-écran de l'IRGC",fr
gb-fcdo-8c199da832f7ec32883f33a60b63a9749d3b1e0c,NK-dgsVRGxxqgpu2FhrR5yENh,Naserin Vahid,UK,11240,,The Iran (Sanctions) (Nuclear) (EU Exit) Regulations 2019,GB-IRAN-NW,,2020-12-31,,,An Islamic Revolutionary Guard Corps (IRGC) front company which has produced weapons parts on its behalf,gb
jp-eul-0fb54daef6bcb4d2d9aae66adec7546eeb6a8be1,NK-dgsVRGxxqgpu2FhrR5yENh,Naserin Vahid,"Ministry of Economy, Trade and Industry",,,,,,,,,"Weapon Types: Missile, Nuclear",jp
mc-freezes-2d3cc7b80986bb6c29f09e2f0c08e553175fde10,NK-dgsVRGxxqgpu2FhrR5yENh,Naserin Vahid,Principauté de Monaco,,,,,,,,,"appartient au Corps des gardiens de la révolution islamique (IRGC) - Naserin Vahid fabrique, pour le compte de l'IRGC, des pièces détachées destinées à l'armement. Société-écran de l'IRGC",mc
ofac-d0eefca6bd5ce204075afb55f3d7e12162244462,NK-dgv4kscydHAhW4fcqWt9PX,Boyu Liu,Office of Foreign Assets Control,57842,,IFSR,US-IRAN,,,,,Executive Order 13382 (Non-proliferation),us
ofac-345745b393f1168ae5707c652d16bdc7ab9e7352,NK-djnjH2kTpvZTffMRp6rRjE,Shamsollah Asadi,Office of Foreign Assets Control,27274,,SDGT,US-TERR,,,,,Executive Order 13224 (Terrorism),us
sa-pcct-974b70dfd09a77a1b2523b667801268204a96c2a,NK-djnjH2kTpvZTffMRp6rRjE,Shamsollah Asadi,Permanent Committee for Counter-Terrorism,,,,SA-UNSC1373,,2022-01-26,,,,sa
be-fod-37d2b77f3c69abecad5de2db3c5df5907e6f69aa,NK-dkcJyuGjYVezc4Mui4DBcd,Ali Khalili,Federal Public Service Finance,,,,EU-IRN,2020-04-08,,,,2020/510 (OJ L113),be
ch-seco-dcc240c6af9d48b867c5b5d0f76831499238b33c,NK-dkcJyuGjYVezc4Mui4DBcd,Ali Khalili,State Secretariat for Economic Affairs,13096,7.,"Ordinance of 12 December 2025 on measures against the Islamic Republic of Iran (SR 946.231.143.6), annexes 11-14",SECO-IRAN,2019-05-08,2020-04-30,,,,ch
eu-fsf-c9998c4cd911386201d6f6cd582ca41e162f633c,NK-dkcJyuGjYVezc4Mui4DBcd,Ali Khalili,"Directorate‑General for Financial Stability, Financial Services and Capital Markets Union",EU.2496.46,,IRN,EU-IRN,2020-04-08,2020-04-08,,,2020/510 (OJ L113),eu
eu-tb-534ea0dd0c45cebbbdf87cf6adf51ea482a6ec4d,NK-dkcJyuGjYVezc4Mui4DBcd,Ali Khalili,Council of the European Union,,,,,,,,,Council Decision concerning restrictive measures directed against certain persons and entities in view of the situation in Iran,eu
fr-ga-f1af003fbc7ddd053de410cc1e03dc5c2c96ec5f,NK-dkcJyuGjYVezc4Mui4DBcd,Ali Khalili,Direction Générale du Trésor,EU.2496.46,,(UE) 359/2011 du 12/04/2011 (UE Iran répression - R (UE) 359/2011),EU-IRN,,,,,Signataire d'une lettre adressée au ministère de la santé le 26 juin 2009 interdisant la transmission de documents ou de dossiers médicaux à toute personne blessée ou hospitalisée pendant les événements qui ont suivi l'élection,fr
gb-fcdo-cc4adda78e0a4577fb55ed3e6d050ea6e02fd10d,NK-dkcJyuGjYVezc4Mui4DBcd,Ali Khalili,UK,11782,,The Iran (Sanctions) Regulations 2023,GB-IRAN,,2020-12-31,,,"IRGC General, in a senior role within the Sarollah Base. He signed a letter sent to the Ministry of Health June 26, 2009 forbidding the submission of documents or medical records to anyone injured or hospitalized during post-elections events.",gb
mc-freezes-6aec4aa81efdf0e4dc32edeba86e487f81b4fdf2,NK-dkcJyuGjYVezc4Mui4DBcd,Ali Khalili,Principauté de Monaco,,,,,,,,,Signataire d'une lettre adressée au ministère de la santé le 26 juin 2009 interdisant la transmission de documents ou de dossiers médicaux à toute personne blessée ou hospitalisée pendant les événements qui ont suivi l'élection,mc
ua-nsdc-c52b1b5da66bd86145a1610a2bcd8eee139ddc28,NK-dkcJyuGjYVezc4Mui4DBcd,Ali Khalili,National Security and Defense Council,25044311100019,,443/2025,UA-SA1644,,2025-06-29,2035-06-29,active,рішення та регламенти Ради Європейського Союзу щодо забезпечення національних інтересів та національної безпеки України,ua
ofac-6af46d4766cd7dd3275b4bd83b63b412ad8eadb1,NK-dpRdrxTLwW6HZvZ7pqkbHU,GOLDEN GLOBE DEMIR CELIK PETROL SANAYI VE TICARET ANONIM SIRKETI,Office of Foreign Assets Control,54610,,SDGT,US-TERR,,,,,Executive Order 13224 (Terrorism),us
arpet-4a6b45f9d24479f49c6913353f46d00cd864ca1d,NK-dqAaENTGtNQ4anQuKLWc5u,ISLAMIC REVOLUTIONARY GUARD CORPS (IRGC)-QODS FORCE,Ministerio de Justicia,,,ARG List,,2026-01-17,2026-01-17,,,,ar
au-dfat-bbd2bdcfde6f4c328e0a9a0a05c3b4eb688e4402,NK-dqAaENTGtNQ4anQuKLWc5u,ISLAMIC REVOLUTIONARY GUARD CORPS (IRGC)-QODS FORCE,Department of Foreign Affairs and Trade,,,Autonomous (Iran),AU-IRAN,,2023-10-18,,,,au
au-dfat-f6900de718c6978849b1be0897c00d33025951ca,NK-dqAaENTGtNQ4anQuKLWc5u,ISLAMIC REVOLUTIONARY GUARD CORPS (IRGC)-QODS FORCE,Department of Foreign Affairs and Trade,,,Autonomous (Thematic - Human Rights),AU-HUMAN,,2023-03-20,,,,au
be-fod-095a8a89965749eab924f44ea4a47c196bc7cd09,NK-dqAaENTGtNQ4anQuKLWc5u,ISLAMIC REVOLUTIONARY GUARD CORPS (IRGC)-QODS FORCE,Federal Public Service Finance,,,,EU-IRN,2024-07-29,,,,668/2010 (OJ L195),be
be-fod-a784f1a18191d2da68a7eb2b89147bf5538da50e,NK-dqAaENTGtNQ4anQuKLWc5u,ISLAMIC REVOLUTIONARY GUARD CORPS (IRGC)-QODS FORCE,Federal Public Service Finance,,,,EU-SYR,2011-08-24,,,,843/2011 (OJ L218),be
ca-lte-b0262c37fde9a222fc40d21f7705bc84128d1daf,NK-dqAaENTGtNQ4anQuKLWc5u,ISLAMIC REVOLUTIONARY GUARD CORPS (IRGC)-QODS FORCE,Public Safety Canada,,,,CA-UNSC1373,,,,,,ca
ch-seco-387d1086e24a55da96e19b019153a23f25e518bf,NK-dqAaENTGtNQ4anQuKLWc5u,ISLAMIC REVOLUTIONARY GUARD CORPS (IRGC)-QODS FORCE,State Secretariat for Economic Affairs,12378,,Ordinance of 8 June 2012 on measures against Syria (SR 946.231.172.7),SECO-SYRIA,2016-01-19,2016-01-19,,,,ch
ch-seco-826849ef5e94b446905537328ce7e4ade8d72696,NK-dqAaENTGtNQ4anQuKLWc5u,ISLAMIC REVOLUTIONARY GUARD CORPS (IRGC)-QODS FORCE,State Secretariat for Economic Affairs,9676,109.,"Ordinance of 12 December 2025 on measures against the Islamic Republic of Iran (SR 946.231.143.6), annexes 11-14",SECO-IRAN,2024-08-16,2024-08-16,,,,ch
eu-fsf-7d3c94e3129cbc4e07d20311f98309dea8b806be,NK-dqAaENTGtNQ4anQuKLWc5u,ISLAMIC REVOLUTIONARY GUARD CORPS (IRGC)-QODS FORCE,"Directorate‑General for Financial Stability, Financial Services and Capital Markets Union",EU.1965.96,,IRN,EU-IRN,2024-07-29,2010-07-26,,,2024/2074 (OJ L29072024),eu
eu-fsf-c251a64abbb01de80d0d2d6747a651fe50e80eed,NK-dqAaENTGtNQ4anQuKLWc5u,ISLAMIC REVOLUTIONARY GUARD CORPS (IRGC)-QODS FORCE,"Directorate‑General for Financial Stability, Financial Services and Capital Markets Union",EU.2078.17,,IRN,EU-IRN,2012-03-24,2010-07-26,,,267/2012 (OJ L88),eu
eu-fsf-f1db37160a7c083f578fc0eeafb70b80b8fde7c9,NK-dqAaENTGtNQ4anQuKLWc5u,ISLAMIC REVOLUTIONARY GUARD CORPS (IRGC)-QODS FORCE,"Directorate‑General for Financial Stability, Financial Services and Capital Markets Union",EU.2773.44,,SYR,EU-SYR,2020-05-29,2020-05-30,,,2020/716 (OJ L168),eu
fr-ga-0ec435fa65175e71b6a8f044ce41a7a1bd1d261a,NK-dqAaENTGtNQ4anQuKLWc5u,ISLAMIC REVOLUTIONARY GUARD CORPS (IRGC)-QODS FORCE,Direction Générale du Trésor,EU.1965.96,,(UE) 668/2010 du 26/07/2010- (UE Iran prolifération - R (UE) 267/2012),EU-IRN,,,,,"La force Qods du Corps des gardiens de la révolution islamique (IRGC) est chargée des opérations menées en dehors de l’Iran et constitue le principal instrument de politique étrangère de Téhéran pour les opérations spéciales et le soutien aux terroristes et aux militants islamistes à l’étranger. Le Hezbollah a utilisé les moyens de la force Qods: roquettes, missiles de croisière anti-navire (ASCM)",fr
fr-ga-323a7db9818f9c9cfd11362014a02d43e0658e45,NK-dqAaENTGtNQ4anQuKLWc5u,ISLAMIC REVOLUTIONARY GUARD CORPS (IRGC)-QODS FORCE,Direction Générale du Trésor,EU.2773.44,,(UE) 2025/1094 du 27/05/2025 (UE Syrie - R (UE) 36/2012 ),EU-SYR,,,,,"Les forces Qods (ou Quds) sont des forces spéciales du Corps des gardiens de la révolution islamique d’Iran (IRGC). Elles participent à la fourniture de matériel et de soutien à l’ancien régime d’al-Assad pour aider celui-ci à réprimer la contestation en Syrie. Les forces Qods ont fourni aux services de sécurité syriens une assistance technique, du matériel et un soutien pour les aider à réprimer ",fr
gb-fcdo-1dae0ecd6322c5d7b81862dcb3a8a501794bb2c7,NK-dqAaENTGtNQ4anQuKLWc5u,ISLAMIC REVOLUTIONARY GUARD CORPS (IRGC)-QODS FORCE,UK,INU0082,,The Iran (Sanctions) (Nuclear) (EU Exit) Regulations 2019,GB-IRAN-NW,,2020-12-31,,,"Iran’s Islamic Revolutionary Guard Corps (IRGC) Qods Force is responsible for operations outside Iran and is Tehran’s principal foreign policy tool for special operations and support to terrorists and Islamic militants abroad. Hizballah used Qods Force-supplied rockets, anti-ship cruise missiles (ASCMs), man-portable air defense systems (MANPADS), and unmanned aerial vehicles (UAVs) in the 2006 co",gb
il-nbctf-fe4c93f436f4e6e4e8b2f157f53b568802ddd5de,NK-dqAaENTGtNQ4anQuKLWc5u,ISLAMIC REVOLUTIONARY GUARD CORPS (IRGC)-QODS FORCE,National Bureau for Counter Terror Financing,,,"הכרזה על חבר בני אדם או ארגונים כארגוני טרור - לפי פקודה למניעת טרור, התש""ח-1948",,,2012-12-02,,,,il
jp-eul-9b9a820bf47b868c268337035d60ac2437765bed,NK-dqAaENTGtNQ4anQuKLWc5u,ISLAMIC REVOLUTIONARY GUARD CORPS (IRGC)-QODS FORCE,"Ministry of Economy, Trade and Industry",,,,,,,,,"Weapon Types: Missile, Conventional Weapons",jp
mc-freezes-d9371935d735bac296391cba89eaeb7061677840,NK-dqAaENTGtNQ4anQuKLWc5u,ISLAMIC REVOLUTIONARY GUARD CORPS (IRGC)-QODS FORCE,Principauté de Monaco,,,,,,,,,"Les forces Qods (ou Quds) sont des forces spéciales du Corps des gardiens de la révolution islamique d’Iran (IRGC). Elles participent à la fourniture de matériel et de soutien à l’ancien régime d’al-Assad pour aider celui-ci à réprimer la contestation en Syrie. Les forces Qods ont fourni aux services de sécurité syriens une assistance technique, du matériel et un soutien pour les aider à réprimer ",mc
ofac-07a48fc0a0c060c328ae89c07f6b1976021935d0,NK-dqAaENTGtNQ4anQuKLWc5u,ISLAMIC REVOLUTIONARY GUARD CORPS (IRGC)-QODS FORCE,Office of Foreign Assets Control,10465,,IRGC,US-IRAN,,,,,TRA,us
sa-pcct-f1a30e6dcca586df18d9362adc7d67d3c2644bb7,NK-dqAaENTGtNQ4anQuKLWc5u,ISLAMIC REVOLUTIONARY GUARD CORPS (IRGC)-QODS FORCE,Permanent Committee for Counter-Terrorism,,,,SA-UNSC1373,,2018-10-23,,,,sa
arpet-5f47c8a7a600dfe3daa51fa4129d17befcddeacd,NK-eBW2YX3HZRRVS8bHhHWXay,Libyan Islamic Fighting Group,Ministerio de Justicia,,QDe.011,Al-Qaida,,2001-10-06,2001-10-06,,,,ar
au-dfat-7a17664814b0f2718c3ddd2009cf532a1b2518ac,NK-eBW2YX3HZRRVS8bHhHWXay,Libyan Islamic Fighting Group,Department of Foreign Affairs and Trade,,,1267 (ISIL (Da'esh) and Al-Qaida),UN-SCISIL,,2026-02-20,,,,au
be-fod-59fac7c45ce25f994a045c6344457b542484efa0,NK-eBW2YX3HZRRVS8bHhHWXay,Libyan Islamic Fighting Group,Federal Public Service Finance,,,,EU-TAQA-EUAQ,2009-11-18,,,,881/2002 (OJ L139),be
ch-seco-e7b3418b9495ea0cadcedf5fa4954defb55683a3,NK-eBW2YX3HZRRVS8bHhHWXay,Libyan Islamic Fighting Group,State Secretariat for Economic Affairs,87453,QDe.011,"Ordinance on measures against persons, groups, undertakings and entities associated with ISIL (Da'esh) and Al-Qaida",SECO-ISIL,2025-05-14,2025-05-15,,,,ch
eu-fsf-7926498879a7a296905dc7e95c807ea1b8800866,NK-eBW2YX3HZRRVS8bHhHWXay,Libyan Islamic Fighting Group,"Directorate‑General for Financial Stability, Financial Services and Capital Markets Union",EU.507.17,,TAQA,EU-TAQA-EUAQ,2012-01-18,2012-01-17,,,34/2012 (OJ L15),eu
fr-ga-55915426dbc2fc3b2055dae2aa080b3e6a2471da,NK-eBW2YX3HZRRVS8bHhHWXay,Libyan Islamic Fighting Group,Direction Générale du Trésor,EU.507.17,,(CE) 881/2002 du 27/05/2002 (ONU Al Qaeda Etat - Islamique - RCSNU 1267 (1999) et R (UE) 881/2002 ),UN-SCISIL,,,,,"en Afghanistan, ses membres ont fusionné avec Al-Qaida en novembre 2007",fr
gb-fcdo-35a58ff47762b2c72014fc894cf649cb698dd9ca,NK-eBW2YX3HZRRVS8bHhHWXay,Libyan Islamic Fighting Group,"Foreign, Commonwealth & Development Office",7249,QDe.011,Isil (Da'esh) and Al-Qaeda (United Nations Sanctions) (EU Exit) Regulations 2019,GB-ISIL,,2001-10-06,,,,gb
id-dttot-64fa115a686bd95db8c853f7149df25b39152c9a,NK-eBW2YX3HZRRVS8bHhHWXay,Libyan Islamic Fighting Group,Indonesian Financial Transaction Reports and Analysis Center,ELQ-049,,,,,,,,,id
il-nbctf-bafb07ba3e51c618a34d5b2f88270b9bd1d93f27,NK-eBW2YX3HZRRVS8bHhHWXay,Libyan Islamic Fighting Group,National Bureau for Counter Terror Financing,,,הכרזה על ארגו ן טרור על פי סעיף 2 לחוק איסור מימון טרור - התשס''ה- 2005,,,2011-12-11,,,,il
ja-mof-f367869aa5741d67413a9662cb0847a87dc40f21,NK-eBW2YX3HZRRVS8bHhHWXay,Libyan Islamic Fighting Group,Ministry of Finance,174,,タリバーン関係者等 （タリバーン、アル・カーイダ及びISIL（ダーイシュ）関係者等） / （注1）国連安保理決議第1267号、第1333号、第1390号、第1988号、第1989号、第2253号及び第2255号に加えて、国連安保理決議第1373号に基づく資産凍結措置の対象に指定されている個人及び団体については、告示番号の冒頭に＊印を付しています。 （注2）2021年5月28日以降の制裁対象者の追加指定につきましては、外務省告示を２回に分けて発出することとなりました。 （１回目：制裁対象者の氏名等を国連安保理が公表した英文の情報のまま発出する告示、２回目：制裁対象者の氏名等に仮名表記等を追加・修文する告示）２回目の告示発出につきましては、当シートの告示日付には反映しておりません。,,,2001-10-06,,,,jp
mc-freezes-65559b77de458dff1508929bf0d936f68522b2cc,NK-eBW2YX3HZRRVS8bHhHWXay,Libyan Islamic Fighting Group,Principauté de Monaco,,,,,,,,,"en Afghanistan, ses membres ont fusionné avec Al-Qaida en novembre 2007",mc
md-terr-d8aad0b8f7307a399b4813b23809cb4230da0335,NK-eBW2YX3HZRRVS8bHhHWXay,Libyan Islamic Fighting Group,Centrul Antiterorist al Serviciului de Informaţii şi Securitate al Republicii Moldova,,QDe.011,"Lista persoanelor, entităţilor şi a altor grupuri asociate cu „ISIL” („Da’esh”) şi „Al-Qaida” menţinută de CCS al ONU, instituit prin Rezoluţiile 1267 (1999), 1989 (2011), 2253 (2015)",,,,,,,md
ofac-0656683c5f58a4d37c2afc25a136503cecde53c7,NK-eBW2YX3HZRRVS8bHhHWXay,Libyan Islamic Fighting Group,Office of Foreign Assets Control,6898,,SDGT,US-TERR,,,,,Executive Order 13224 (Terrorism),us
ua-sfms-1a877daf195c1e75f78727b207e2c35dfe8a4f6a,NK-eBW2YX3HZRRVS8bHhHWXay,Libyan Islamic Fighting Group,State Finance Monitoring Service,,,Резолюції РБ ООН 1267 (1999) та 1989 (2011),,2011-12-21,2011-12-21,,,,ua
unsc-005e3963c0bb1bffc355b895993f26dfed1db0bf,NK-eBW2YX3HZRRVS8bHhHWXay,Libyan Islamic Fighting Group,United Nations Security Council,,QDe.011,Al-Qaida,UN-SCISIL,2001-10-06,2001-10-06,,,,
us-dos-fto-c7f4d05a0af3a14e4fc561f6bb7fc252b342d268,NK-eBW2YX3HZRRVS8bHhHWXay,Libyan Islamic Fighting Group,U.S. Department of State,,,,US-FTO219,2004-12-17,,2015-12-09,,,us
zafic-9cb02b193830f92dcc3a432a25cd5964ca590437,NK-eBW2YX3HZRRVS8bHhHWXay,Libyan Islamic Fighting Group,Financial Intelligence Centre,,QDe.011,,,2001-10-06,,,,,za
au-dfat-62404238c07815901b2acd5d95f6940d440809da,NK-eW2KXzZ9gW2QyQfJkZJWjs,KHAMIS MUAMMAR QADHAFI,Department of Foreign Affairs and Trade,,,1970 (Libya),UN-SC1970,,2026-02-20,,,,au
be-fod-6238ffb281410b7e67fe99f8dc8e8870bc07eed0,NK-eW2KXzZ9gW2QyQfJkZJWjs,KHAMIS MUAMMAR QADHAFI,Federal Public Service Finance,,,,EU-LBY,2011-03-03,,,,204/2011 (OJ L58),be
ch-seco-d2ec9ffb978e87cc587f26624d9854e4b5cfccee,NK-eW2KXzZ9gW2QyQfJkZJWjs,KHAMIS MUAMMAR QADHAFI,State Secretariat for Economic Affairs,12972,LYi.011,"Ordinance of 30 March 2011 on measures against Libya (SR 946.231.149.82), annexes 2, 3, 4 and 5",SECO-LIBYA,2017-04-05,2017-04-05,,,,ch
ch-seco-f5ad8ee2072265112f9453bd62325e45622dda30,NK-eW2KXzZ9gW2QyQfJkZJWjs,KHAMIS MUAMMAR QADHAFI,State Secretariat for Economic Affairs,12805,LYi.011,"Ordinance of 30 March 2011 on measures against Libya (SR 946.231.149.82), annexes 2, 3, 4 and 5",SECO-LIBYA,2017-04-05,2017-04-05,,,,ch
eu-fsf-5ce3c0631a0146fdb25a5051a6e29d0d1897c2fa,NK-eW2KXzZ9gW2QyQfJkZJWjs,KHAMIS MUAMMAR QADHAFI,"Directorate‑General for Financial Stability, Financial Services and Capital Markets Union",EU.3848.26,,LBY,EU-LBY,2017-03-22,2011-02-26,,,2017/489 (OJ L76),eu
eu-tb-3751292c88b154c5be193ea907dafd3af7e2e149,NK-eW2KXzZ9gW2QyQfJkZJWjs,KHAMIS MUAMMAR QADHAFI,Council of the European Union,,,,,,,,,"Council Decision concerning restrictive measures in view of the situation in Libya, and repealing Decision 2011/137/CFSP",eu
fr-ga-d14a91fe1f146e30a80f5afa20002e8a65b73072,NK-eW2KXzZ9gW2QyQfJkZJWjs,KHAMIS MUAMMAR QADHAFI,Direction Générale du Trésor,,,(UE) 2017/489 du 21/03/2017 (ONU Libye - RCSNU 1970/2011 et R (UE) 2016/44),UN-SC1970,,,,,Décédé,fr
gb-fcdo-4457c1cfbd8c737253e92c03292de39120b946af,NK-eW2KXzZ9gW2QyQfJkZJWjs,KHAMIS MUAMMAR QADHAFI,"Foreign, Commonwealth & Development Office",LIB0053,LYi.011,The Libya (Sanctions) (EU Exit) Regulations 2020,GB-LBY,,2011-02-26,,,,gb
ja-mof-916bdb56c958d0efa54452b2f2d61ca37e54dfe9,NK-eW2KXzZ9gW2QyQfJkZJWjs,KHAMIS MUAMMAR QADHAFI,Ministry of Finance,3,,リビアのカダフィ革命指導者及びその関係者 （Ⅱ その他の個人又は団体）,,,2012-04-02,,,,jp
mc-freezes-c03bf760b7a9fd868a90706cd86f13eed5240222,NK-eW2KXzZ9gW2QyQfJkZJWjs,KHAMIS MUAMMAR QADHAFI,Principauté de Monaco,,,,,,,,,Décédé,mc
ua-sfms-20150f23fb70a68dc3bb22bcf62ae1f562d5765a,NK-eW2KXzZ9gW2QyQfJkZJWjs,KHAMIS MUAMMAR QADHAFI,State Finance Monitoring Service,,,Резолюція РБ ООН 1970 (2011),,2014-10-14,2014-10-14,,,,ua
unsc-a0e0f62da021f60b335999be8bd92c8512606f77,NK-eW2KXzZ9gW2QyQfJkZJWjs,KHAMIS MUAMMAR QADHAFI,United Nations Security Council,,LYi.011,Libya,UN-SC1970,2011-02-26,2011-02-26,,,,
zafic-a0d5bda6ea3e58ce8bd56e0b2eed3718ff6afcaf,NK-eW2KXzZ9gW2QyQfJkZJWjs,KHAMIS MUAMMAR QADHAFI,Financial Intelligence Centre,,LYi.011,,,2011-02-26,,,,,za
au-dfat-3a7ddf13d7c5a7eddac1b06e84f775a160749408,NK-eZDJFmy3xSMcKRXG86SyQF,Imen Sazan Consulting Engineers,Department of Foreign Affairs and Trade,,,Autonomous (Iran),AU-IRAN,,2023-10-18,,,,au
au-dfat-9545697d75f754cd3f5db6dd041caf2b37fba12d,NK-eZDJFmy3xSMcKRXG86SyQF,Imen Sazan Consulting Engineers,Department of Foreign Affairs and Trade,,,1737 (Iran),UN-SC1737,,2025-12-12,,,,au
be-fod-4f95334ebc32370e2597927d48f4f52297d09684,NK-eZDJFmy3xSMcKRXG86SyQF,Imen Sazan Consulting Engineers,Federal Public Service Finance,,,,EU-IRN,2024-07-29,,,,2024/2074 (OJ L29072024),be
ca-sema-60129d00719b92b3f2d39c19b99d42c396b2b5ae,NK-eZDJFmy3xSMcKRXG86SyQF,Imen Sazan Consulting Engineers,Global Affairs Canada,219,,Iran,CA-SEMA,2023-10-18,,,,"1, Part 1",ca
ch-seco-e16065233ba8dc21f1f49d2ae92a0aa466e67f08,NK-eZDJFmy3xSMcKRXG86SyQF,Imen Sazan Consulting Engineers,State Secretariat for Economic Affairs,66575,IRe.026,"Ordinance of 12 December 2025 on measures against the Islamic Republic of Iran (SR 946.231.143.6), annexes 11-14",SECO-IRAN,2024-08-16,2024-08-16,,,,ch
eu-fsf-60b0628a97d83ecacb9621f9b75b75346c0e3c59,NK-eZDJFmy3xSMcKRXG86SyQF,Imen Sazan Consulting Engineers,"Directorate‑General for Financial Stability, Financial Services and Capital Markets Union",EU.2063.94,,IRN,EU-IRN,2025-09-29,2023-10-17,,,2025/1982 (OJ L202501982),eu
fr-ga-63d20ff76ba28988f296fd23e1e4b60c1c2881f1,NK-eZDJFmy3xSMcKRXG86SyQF,Imen Sazan Consulting Engineers,Direction Générale du Trésor,,,RCSNU 1737 (2006) et suiv (ONU Iran prolifération - RCSNU 1737 (2006) et suivantes),EU-IRN,,,,,"Entités qui sont la propriété, sont sous le contrôle ou agissent pour le compte du Corps des gardiens de la révolution islamique; Imensazan Consultant Engineers Institute est la propriété, se trouve sous le contrôle ou agit pour le compte de KAA",fr
fr-ga-9d26929aefbf6941a1ef558e27b5c03560d65e8e,NK-eZDJFmy3xSMcKRXG86SyQF,Imen Sazan Consulting Engineers,Direction Générale du Trésor,,,décision du comité des sanctions des Nations unies du 09/06/2010 (ONU Iran prolifération - RCSNU 1737 (2006) et R (UE) 267/2012),EU-IRN,,,,,"Imensazan Consultant Engineering Institute est une société de construction de tunnels et de défense passive et une filiale de l’entité Khatam al-Anbiya Construction Headquarters (KAA), entité de l’IRGC. Imensazan Consultant Engineering Institute est donc contrôlée par l’IRGC.",fr
gb-fcdo-7090b31a327738fbb862d315c0ec2d2b4e25e08e,NK-eZDJFmy3xSMcKRXG86SyQF,Imen Sazan Consulting Engineers,UK|UN,INU0235,IRe.026,The Iran (Sanctions) (Nuclear) (EU Exit) Regulations 2019,GB-IRAN-NW,,2023-10-18,,,"Imensazan Consultant Engineers Institute is an involved person within the meaning of the Iran (Sanctions) (Nuclear) (EU Exit) Regulations 2019. ICEI is or has been responsible for, engaged in, provided support for, or promoted, or facilitated, a relevant nuclear activity, specifically, the proliferation or development of nuclear weapons in, or for use in, Iran.",gb
il-wmd-c0ed000e4b25bdb9c55e05a63a5d7535b0e50530,NK-eZDJFmy3xSMcKRXG86SyQF,Imen Sazan Consulting Engineers,Isreali Ministry of Finance,,,,,,2018-07-12,,,,il
ja-mof-bb114d53ffcfab39789590d9034d1f7fa173f6f2,NK-eZDJFmy3xSMcKRXG86SyQF,Imen Sazan Consulting Engineers,Ministry of Finance,63,,イランの拡散上機微な核活動又は核兵器運搬手段の開発に関与する者（団体）,,,2025-09-28,,,,jp
jp-eul-2e383642084307c862094dc2d4f32d76bb3b3028,NK-eZDJFmy3xSMcKRXG86SyQF,Imen Sazan Consulting Engineers,"Ministry of Economy, Trade and Industry",,,,,,,,,"Weapon Types: Biological, Chemical, Missile, Nuclear",jp
mc-freezes-f126331e0907597759a980273d50420065c064cb,NK-eZDJFmy3xSMcKRXG86SyQF,Imen Sazan Consulting Engineers,Principauté de Monaco,,,,,,,,,"Imensazan Consultant Engineering Institute est une société de construction de tunnels et de défense passive et une filiale de l’entité Khatam al-Anbiya Construction Headquarters (KAA), entité de l’IRGC. Imensazan Consultant Engineering Institute est donc contrôlée par l’IRGC.
Imensazan Consultant Engineers Institute est la propriété, se trouve sous le contrôle ou agit pour le compte de KAA.",mc
ofac-922bbb94ed0f62bf443ac4c6eb58416fd3c68085,NK-eZDJFmy3xSMcKRXG86SyQF,Imen Sazan Consulting Engineers,Office of Foreign Assets Control,11791,,NPWMD,US-NON-PROLIF,,,,,TRA,us
tr-fcib-f2ee506d16677e4af853b4a031e77034b2c78c98,NK-eZDJFmy3xSMcKRXG86SyQF,Imen Sazan Consulting Engineers,Republic of Türkiye Ministry of Treasury and Finance - Financial Crimes Investigation Board,,,"Asset freezes within the scope of Articles 3.A and 3.B of Law No. 7262, aimed at preventing the financing of the proliferation of weapons of mass destruction.",,2010-06-09,,,,,tr
ua-nsdc-1070fbc9bf07149de540dbe57f24e51874e604a6,NK-eZDJFmy3xSMcKRXG86SyQF,Imen Sazan Consulting Engineers,National Security and Defense Council,16025412200022,,254/2016,UA-SA1644,,2016-06-15,2018-10-18,expired,,ua
ua-sfms-a0bef9af87fcd7e3232baca2c1568da1f4d0cd38,NK-eZDJFmy3xSMcKRXG86SyQF,Imen Sazan Consulting Engineers,State Finance Monitoring Service,,,РБ ООН (Комітет 1737 (2006)),,2025-09-29,2025-09-29,,,,ua
unsc-97d9163caa2c64a326a991b124760fd42a5978c0,NK-eZDJFmy3xSMcKRXG86SyQF,Imen Sazan Consulting Engineers,United Nations Security Council,,IRe.026,Iran,UN-SC1737,2010-06-09,2010-06-09,,,,
zafic-645577543d3df7a28918db04ee99213bc7b290a4,NK-eZDJFmy3xSMcKRXG86SyQF,Imen Sazan Consulting Engineers,Financial Intelligence Centre,,IRe.026,,,2010-06-09,,,,,za
ofac-efa4f5ada9c4d2c870e31ad80e243bcba2bb6a71,NK-eh2Tfuq7iNMqDnCZYQbzsN,Adoon General Trading FZE,Office of Foreign Assets Control,32154,,SDGT,US-TERR,,,,,Executive Order 13224 (Terrorism),us
sa-pcct-4b56e77a4fb6f3276147f5a0737e37ccae531de4,NK-eh2Tfuq7iNMqDnCZYQbzsN,Adoon General Trading FZE,Permanent Committee for Counter-Terrorism,,,,SA-UNSC1373,,2022-03-31,,,,sa
au-dfat-2bc06c6229fb6371234d692eb27a7b7a23aef78c,NK-ejsUNEL4mGMy3LEyANyQCA,Waatassimou Foundation,Department of Foreign Affairs and Trade,,,Autonomous (Libya),AU-LIBYA,,2024-01-12,,,,au
be-fod-e3c3d2b564393f96f628618494aeda7b0268c2a8,NK-ejsUNEL4mGMy3LEyANyQCA,Waatassimou Foundation,Federal Public Service Finance,,,,EU-LBY,2011-03-22,,,,272/2011 (OJ L76),be
ch-seco-0da9b522e4a76afb8abaa38a831f038f6a0d4ca8,NK-ejsUNEL4mGMy3LEyANyQCA,Waatassimou Foundation,State Secretariat for Economic Affairs,20780,,"Ordinance of 30 March 2011 on measures against Libya (SR 946.231.149.82), annexes 2, 3, 4 and 5",SECO-LIBYA,2015-08-28,2015-08-28,,,,ch
eu-fsf-2ab9cc6efc96b6db13b57f882049c4c3d578d1a9,NK-ejsUNEL4mGMy3LEyANyQCA,Waatassimou Foundation,"Directorate‑General for Financial Stability, Financial Services and Capital Markets Union",EU.3377.45,,LBY,EU-LBY,2016-01-19,2011-03-21,,,2016/44 (OJ L12),eu
fr-ga-7e67dbb5be54de3cddf0062535316f543ebca3bd,NK-ejsUNEL4mGMy3LEyANyQCA,Waatassimou Foundation,Direction Générale du Trésor,,,(UE) 272/2011 du 21/03/2011 (UE Libye - R (UE) 2016/44),EU-LBY,,,,,basée à Tripoli - étroitement associée à l'ancien régime de Mouammar Qadhafi,fr
gb-fcdo-87103bcdc93375d2242b63fa2fe59bb4df7d0ce8,NK-ejsUNEL4mGMy3LEyANyQCA,Waatassimou Foundation,UK,11712,,The Libya (Sanctions) (EU Exit) Regulations 2020,GB-LBY,,2020-12-31,,,"Owned or controlled by directly or indirectly by an involved person, namely Aisha Qadhafi.",gb
mc-freezes-a03c9ebf94c6f6c6a3cc811659325cd32b765e89,NK-ejsUNEL4mGMy3LEyANyQCA,Waatassimou Foundation,Principauté de Monaco,,,,,,,,,basée à Tripoli - étroitement associée à l'ancien régime de Mouammar Qadhafi,mc
ofac-355a44b619a70a7e1bbc219e4c55c13b3def8dec,NK-ejsUNEL4mGMy3LEyANyQCA,Waatassimou Foundation,Office of Foreign Assets Control,12686,,LIBYA2,US-LIBYA,,,,,Unknown,us
au-dfat-66c40f73ba0a655307092235e2bb6b80f30925e1,NK-epoDUiV64eLLTdWrXxgyZi,Rahab Institute,Department of Foreign Affairs and Trade,,,1737 (Iran),UN-SC1737,,2025-12-12,,,,au
au-dfat-99e490d2ae1b2c09d41e10a33b86813de2a93583,NK-epoDUiV64eLLTdWrXxgyZi,Rahab Institute,Department of Foreign Affairs and Trade,,,Autonomous (Iran),AU-IRAN,,2023-10-18,,,,au
be-fod-5a6bec2bec7c32d11a7ffd1a1dcf03cca2d31ac9,NK-epoDUiV64eLLTdWrXxgyZi,Rahab Institute,Federal Public Service Finance,,,,EU-IRN,2023-10-17,,,,2023/2196 (OJ L17102023),be
ca-sema-0ce239f43c4eacf8c5aaeadbe46b00ab27fb1f8c,NK-epoDUiV64eLLTdWrXxgyZi,Rahab Institute,Global Affairs Canada,191,,Iran,CA-SEMA,2023-10-18,,,,"1, Part 1",ca
ch-seco-b69a20e697d921491695f0271de8808a33ea13d3,NK-epoDUiV64eLLTdWrXxgyZi,Rahab Institute,State Secretariat for Economic Affairs,66486,IRe.057,"Ordinance of 12 December 2025 on measures against the Islamic Republic of Iran (SR 946.231.143.6), annexes 11-14",SECO-IRAN,2025-12-12,2025-12-12,,,,ch
eu-fsf-9700e1380a78a6310c129fbfab6976c4583a999e,NK-epoDUiV64eLLTdWrXxgyZi,Rahab Institute,"Directorate‑General for Financial Stability, Financial Services and Capital Markets Union",EU.1831.74,,IRN,EU-IRN,2025-09-29,2023-10-17,,,2025/1982 (OJ L202501982),eu
fr-ga-90ef1c7a24499ff35c157bb813af0a45e6cc6e8c,NK-epoDUiV64eLLTdWrXxgyZi,Rahab Institute,Direction Générale du Trésor,,,RCSNU 1737 (2006) et suiv (ONU Iran prolifération - RCSNU 1737 (2006) et suivantes),EU-IRN,,,,,"Entités qui sont la propriété, sont sous le contrôle ou agissent pour le compte du Corps des gardiens de la révolution islamique; Rahab est la propriété, se trouve sous le contrôle ou agit pour le compte de KAA, et est une filiale de KAA",fr
fr-ga-e68c3e5261bde18bef8f9d4f31eeccef988c7db4,NK-epoDUiV64eLLTdWrXxgyZi,Rahab Institute,Direction Générale du Trésor,,,décision du comité des sanctions des Nations unies du 09/06/2010 (ONU Iran prolifération - RCSNU 1737 (2006) et R (UE) 267/2012),EU-IRN,,,,,"Rahab Engineering Institute, anciennement connue sous le nom de Rahsaz Institute, est une société et une filiale de Khatam al-Anbiya Construction Headquarters (KAA). Elle soutient directement des projets miniers et d’ingénierie. Elle est affiliée au Corps des gardiens de la révolution islamique (IRGC) et est contrôlée par celui-ci.",fr
gb-fcdo-813e1f09ad0d83ed8bd383e2faf1c28ef4961187,NK-epoDUiV64eLLTdWrXxgyZi,Rahab Institute,UK|UN,16140,IRe.057,The Iran (Sanctions) (Nuclear) (EU Exit) Regulations 2019,GB-IRAN-NW,,2023-10-18,,,"Rahab Engineering Institute is an involved person within the meaning of the Iran (Sanctions) (Nuclear) (EU Exit) Regulations 2019. Rahab Engineering Institute is or has facilitated the proliferation or development of nuclear weapons in, or for use in, Iran, or an activity that could lead to the development of nuclear weapons in, or for use in, Iran.",gb
il-wmd-3e0252238ea91cfa38a4425ae2cf21d3998364ef,NK-epoDUiV64eLLTdWrXxgyZi,Rahab Institute,Isreali Ministry of Finance,,,,,,2018-07-12,,,,il
ja-mof-6a528722dc51d2bc1ecfc935e9ee596bc910127e,NK-epoDUiV64eLLTdWrXxgyZi,Rahab Institute,Ministry of Finance,69,,イランの拡散上機微な核活動又は核兵器運搬手段の開発に関与する者（団体）,,,2025-09-28,,,,jp
jp-eul-8bf6dc05b0a8d0b45166db7141c86c6413e53e25,NK-epoDUiV64eLLTdWrXxgyZi,Rahab Institute,"Ministry of Economy, Trade and Industry",,,,,,,,,"Weapon Types: Biological, Chemical, Missile, Nuclear",jp
mc-freezes-a3fcf46a40446424e15f2e16330cad35d7b5aad0,NK-epoDUiV64eLLTdWrXxgyZi,Rahab Institute,Principauté de Monaco,,,,,,,,,"Rahab Engineering Institute, anciennement connue sous le nom de Rahsaz Institute, est une société et une filiale de Khatam al-Anbiya Construction Headquarters (KAA). Elle soutient directement des projets miniers et d’ingénierie. Elle est affiliée au Corps des gardiens de la révolution islamique (IRGC) et est contrôlée par celui-ci.",mc
ofac-e162c3d856d3993f657f862e5e8deb0a1b33b27f,NK-epoDUiV64eLLTdWrXxgyZi,Rahab Institute,Office of Foreign Assets Control,11789,,IFSR,US-IRAN,,,,,TRA,us
tr-fcib-08d37a626287df55023ba8687b71b1168f10a8d1,NK-epoDUiV64eLLTdWrXxgyZi,Rahab Institute,Republic of Türkiye Ministry of Treasury and Finance - Financial Crimes Investigation Board,,,"Asset freezes within the scope of Articles 3.A and 3.B of Law No. 7262, aimed at preventing the financing of the proliferation of weapons of mass destruction.",,2010-06-09,,,,,tr
ua-nsdc-b4cbf2c1daf26dae90f939cece7d51fd7cd6832e,NK-epoDUiV64eLLTdWrXxgyZi,Rahab Institute,National Security and Defense Council,16025412200042,,254/2016,UA-SA1644,,2016-06-15,2018-10-18,expired,,ua
ua-sfms-557911408980ea1aba7d4853b39e17cc40a588d7,NK-epoDUiV64eLLTdWrXxgyZi,Rahab Institute,State Finance Monitoring Service,,,РБ ООН (Комітет 1737 (2006)),,2025-09-29,2025-09-29,,,,ua
unsc-f27708ba95686a081212e5625b718adb9ecebd96,NK-epoDUiV64eLLTdWrXxgyZi,Rahab Institute,United Nations Security Council,,IRe.057,Iran,UN-SC1737,2010-06-09,2010-06-09,,,,
zafic-32d520ca95ee023c378f6a57c79c509f75d9ccf7,NK-epoDUiV64eLLTdWrXxgyZi,Rahab Institute,Financial Intelligence Centre,,IRe.057,,,2010-06-09,,,,,za
us-fincen-5ee61ccbbb31ff8e2fe131c1bf94faf5012c0a5d,NK-erq4srWgDxJyq4SkyQa6by,Al-Huda Bank,Financial Crimes Enforcement Network,,,,,,2024-07-03,,,,us
arpet-03f2461465d44a454d658f31ae91fe1270134ad5,NK-esSsBtSqP6TBC37AqdQVAZ,'Abd-al-Hamid AL-MASLI,Ministerio de Justicia,,QDi.320,UN List,,2013-11-26,2013-11-26,,,,ar
au-dfat-613aa1a64e57523b441fc5e32a2ec8665570a1bc,NK-esSsBtSqP6TBC37AqdQVAZ,'Abd-al-Hamid AL-MASLI,Department of Foreign Affairs and Trade,,,1267 (ISIL (Da'esh) and Al-Qaida),UN-SCISIL,,2026-02-20,,,,au
be-fod-5ce3fccadceb0e5cb04a1d69757edfb291c8933c,NK-esSsBtSqP6TBC37AqdQVAZ,'Abd-al-Hamid AL-MASLI,Federal Public Service Finance,,,,EU-TAQA-EUAQ,2013-12-06,,,,1267/2013 (OJ L326),be
ch-seco-e8092163fab4c86322870ec3222aa0adc4f41c2c,NK-esSsBtSqP6TBC37AqdQVAZ,'Abd-al-Hamid AL-MASLI,State Secretariat for Economic Affairs,83809,QDi.320,"Ordinance on measures against persons, groups, undertakings and entities associated with ISIL (Da'esh) and Al-Qaida",SECO-ISIL,2025-05-14,2025-10-06,,,,ch
eu-fsf-f58cd19f9b0729f0b2f42dddefb89e7972a97b27,NK-esSsBtSqP6TBC37AqdQVAZ,'Abd-al-Hamid AL-MASLI,"Directorate‑General for Financial Stability, Financial Services and Capital Markets Union",EU.3060.6,,TAQA,EU-TAQA-EUAQ,2013-12-06,2013-11-26,,,1267/2013 (OJ L326),eu
eu-tb-a189c9e728d2615e696e9f5630684e71e3f14ed5,NK-esSsBtSqP6TBC37AqdQVAZ,'Abd-al-Hamid AL-MASLI,Council of the European Union,,,,,,,,,"Decision concerning restrictive measures against ISIL (Da’esh) and Al-Qaeda and persons, groups, undertakings and entities associated with them",eu
eu-tb-d92feebea0ef7174927fa8197d08b45668a24122,NK-esSsBtSqP6TBC37AqdQVAZ,'Abd-al-Hamid AL-MASLI,Council of the European Union,,,,,,,,,"Council Decision concerning restrictive measures against ISIL (Da'esh) and Al-Qaeda and persons, groups, undertakings and entities associated with them and repealing Common Position 2002/402/CFSP",eu
fr-ga-12e69610447ecb02196d1767ad830d039242a70b,NK-esSsBtSqP6TBC37AqdQVAZ,'Abd-al-Hamid AL-MASLI,Direction Générale du Trésor,EU.3060.6,QDi.320,(UE) 1267/2013 05/12/2013 (ONU Al Qaeda Etat - Islamique - RCSNU 1267 (1999) et R (UE) 881/2002 ),UN-SCISIL,,,,,"dirige un atelier de matériel électronique et d’explosifs appartenant à Al-Qaida (QDe.004) et assure la formation au sein de cet atelier, qui fabrique des éléments entrant dans la composition d’engins explosifs improvisés. La révision prévue par la résolution 2253 (2015) du Conseil de sécurité a été achevée le 21 févr. 2019. La révision prévue par la résolution 2610 (2021) du Conseil de sécurité a",fr
gb-fcdo-43630d7eb469579e1651d8d2e752f1fc909601a9,NK-esSsBtSqP6TBC37AqdQVAZ,'Abd-al-Hamid AL-MASLI,"Foreign, Commonwealth & Development Office",12890,QDi.320,Isil (Da'esh) and Al-Qaeda (United Nations Sanctions) (EU Exit) Regulations 2019,GB-ISIL,,2013-11-26,,,,gb
id-dttot-697d00736cd761293a503c0f5bef3c69e8788b94,NK-esSsBtSqP6TBC37AqdQVAZ,'Abd-al-Hamid AL-MASLI,Indonesian Financial Transaction Reports and Analysis Center,ILQ-057,,,,,,,,,id
il-nbctf-0351e1f540bf9050146640738ce9e4fbc6b7917b,NK-esSsBtSqP6TBC37AqdQVAZ,'Abd-al-Hamid AL-MASLI,National Bureau for Counter Terror Financing,,,הכרזה על ארגון טרור על פי סעיף 2 לחוק איסור מימון טרור התשסה- 2005,,,2014-09-30,,,,il
ja-mof-1cc8f0f4928cd105b052eae3df3938fa55ed94a3,NK-esSsBtSqP6TBC37AqdQVAZ,'Abd-al-Hamid AL-MASLI,Ministry of Finance,641,,タリバーン関係者等 （タリバーン、アル・カーイダ及びISIL（ダーイシュ）関係者等） / （注1）国連安保理決議第1267号、第1333号、第1390号、第1988号、第1989号、第2253号及び第2255号に加えて、国連安保理決議第1373号に基づく資産凍結措置の対象に指定されている個人及び団体については、告示番号の冒頭に＊印を付しています。 （注2）2021年5月28日以降の制裁対象者の追加指定につきましては、外務省告示を２回に分けて発出することとなりました。 （１回目：制裁対象者の氏名等を国連安保理が公表した英文の情報のまま発出する告示、２回目：制裁対象者の氏名等に仮名表記等を追加・修文する告示）２回目の告示発出につきましては、当シートの告示日付には反映しておりません。,,,2023-04-18,,,,jp
mc-freezes-0424f7d73aab13f247c2baa28b8c554265b74d6f,NK-esSsBtSqP6TBC37AqdQVAZ,'Abd-al-Hamid AL-MASLI,Principauté de Monaco,,,,,,,,,"aurait été localisé au Waziristan, zone tribale sous administration fédérale, Pakistan",mc
md-terr-c1316c552118b65bcf81670ff6522dfe7d01fe71,NK-esSsBtSqP6TBC37AqdQVAZ,'Abd-al-Hamid AL-MASLI,Centrul Antiterorist al Serviciului de Informaţii şi Securitate al Republicii Moldova,,QDi.320,"Lista persoanelor, entităţilor şi a altor grupuri asociate cu „ISIL” („Da’esh”) şi „Al-Qaida” menţinută de CCS al ONU, instituit prin Rezoluţiile 1267 (1999), 1989 (2011), 2253 (2015)",,,,,,,md
ofac-196e870d35331d1a974a53a990a01cae6bb3dbcd,NK-esSsBtSqP6TBC37AqdQVAZ,'Abd-al-Hamid AL-MASLI,Office of Foreign Assets Control,16000,,SDGT,US-TERR,,,,,Executive Order 13224 (Terrorism),us
ua-sfms-696ba4f5127d61b3540faa7f7e666a57f7b4dd92,NK-esSsBtSqP6TBC37AqdQVAZ,'Abd-al-Hamid AL-MASLI,State Finance Monitoring Service,,,"РБ ООН (Комітет 1267(1999),1989(2011), 2253(2015))",,2023-03-17,2023-03-17,,,,ua
unsc-d8d220db3eb0742fd06af8e659b887e6afd3cff3,NK-esSsBtSqP6TBC37AqdQVAZ,'Abd-al-Hamid AL-MASLI,United Nations Security Council,,QDi.320,Al-Qaida,UN-SCISIL,2013-11-26,2013-11-26,,,,
zafic-7e09eb1cf8aead92888e2671ab3f8141497784dd,NK-esSsBtSqP6TBC37AqdQVAZ,'Abd-al-Hamid AL-MASLI,Financial Intelligence Centre,,QDi.320,,,2013-11-26,,,,,za
ofac-ebc2f4c7401c388f33105730762c28613e36f501,NK-f276CTc72sLRzDzyqr7QYc,ADJ Trading Limited,Office of Foreign Assets Control,23419,,LIBYA3,US-LIBYA,,,,,Executive Order 13726 (Libya),us
ofac-3c96bbf3a25e21bb50850425cb96bfd763073467,NK-f95DNYPjzuQKZry6qPRUcc,JIANDI HK LIMITED,Office of Foreign Assets Control,57574,,SDGT,US-TERR,,,,,Executive Order 13224 (Terrorism),us
arpet-979d9d5038760078f570b694d408b8830ac68a7f,NK-fCGt6rgmz9Gb5KrcMHrKuj,RAED MUHAMMAD HASAN MUHAMMAD HIJAZI,Ministerio de Justicia,,QDi.029,UN List,,2001-10-17,2001-10-17,,,,ar
au-dfat-b72a6702e7fdc53acca6f0c72549c9b801a8260d,NK-fCGt6rgmz9Gb5KrcMHrKuj,RAED MUHAMMAD HASAN MUHAMMAD HIJAZI,Department of Foreign Affairs and Trade,,,1267 (ISIL (Da'esh) and Al-Qaida),UN-SCISIL,,2026-02-20,,,,au
be-fod-b068fb2532c209ac37861a4133cf3d4ef0508214,NK-fCGt6rgmz9Gb5KrcMHrKuj,RAED MUHAMMAD HASAN MUHAMMAD HIJAZI,Federal Public Service Finance,,,,EU-TAQA-EUAQ,2011-06-17,,,,2017/557 (OJ L80),be
ch-seco-7eefbd77cf3b758e97ee29370d8215f50b960271,NK-fCGt6rgmz9Gb5KrcMHrKuj,RAED MUHAMMAD HASAN MUHAMMAD HIJAZI,State Secretariat for Economic Affairs,80640,QDi.029,"Ordinance on measures against persons, groups, undertakings and entities associated with ISIL (Da'esh) and Al-Qaida",SECO-ISIL,2025-05-14,2025-10-06,,,,ch
eu-fsf-bec710ef3246d5b435bbd2183e6c5b2f1816e42f,NK-fCGt6rgmz9Gb5KrcMHrKuj,RAED MUHAMMAD HASAN MUHAMMAD HIJAZI,"Directorate‑General for Financial Stability, Financial Services and Capital Markets Union",EU.3851.78,,TAQA,EU-TAQA-EUAQ,2017-03-25,2001-10-17,,,2017/557 (OJ L80),eu
eu-tb-50e6ee40c05ddc6505b62bf5cea4882ae65ed9bd,NK-fCGt6rgmz9Gb5KrcMHrKuj,RAED MUHAMMAD HASAN MUHAMMAD HIJAZI,Council of the European Union,,,,,,,,,"Decision concerning restrictive measures against ISIL (Da’esh) and Al-Qaeda and persons, groups, undertakings and entities associated with them",eu
eu-tb-5ba7227a7f1cd60569da1efe19391a87d93be4af,NK-fCGt6rgmz9Gb5KrcMHrKuj,RAED MUHAMMAD HASAN MUHAMMAD HIJAZI,Council of the European Union,,,,,,,,,"Council Decision concerning restrictive measures against ISIL (Da'esh) and Al-Qaeda and persons, groups, undertakings and entities associated with them and repealing Common Position 2002/402/CFSP",eu
fr-ga-955af2807b2ad69ad267f786a0f213fae630e860,NK-fCGt6rgmz9Gb5KrcMHrKuj,RAED MUHAMMAD HASAN MUHAMMAD HIJAZI,Direction Générale du Trésor,EU.3851.78,,(CE) 881/2002 du 27/05/2002 (ONU Al Qaeda Etat - Islamique - RCSNU 1267 (1999) et R (UE) 881/2002 ),UN-SCISIL,,,,,"nom de son père : Mohammad Hijazi, nom de sa mère : Sakina",fr
gb-fcdo-ccaf3af1340b5deba60f9113ee01b86221dcd543,NK-fCGt6rgmz9Gb5KrcMHrKuj,RAED MUHAMMAD HASAN MUHAMMAD HIJAZI,"Foreign, Commonwealth & Development Office",6974,QDi.029,Isil (Da'esh) and Al-Qaeda (United Nations Sanctions) (EU Exit) Regulations 2019,GB-ISIL,,2001-10-17,,,,gb
id-dttot-ad4724cd59679f7e94b3fd8bbe89cffbc18542dc,NK-fCGt6rgmz9Gb5KrcMHrKuj,RAED MUHAMMAD HASAN MUHAMMAD HIJAZI,Indonesian Financial Transaction Reports and Analysis Center,ILQ-127,,,,,,,,,id
il-nbctf-b48c1d28b7dadb5e48d85e50b774ac7fd6ed1e8e,NK-fCGt6rgmz9Gb5KrcMHrKuj,RAED MUHAMMAD HASAN MUHAMMAD HIJAZI,National Bureau for Counter Terror Financing,,,הכרזה על ארגון טרור על פי סעיף 2 לחוק איסור מימון טרור התשסה- 2005,,,2013-01-02,,,,il
ja-mof-fb3ea981dc80baad13a18c97d376b2085334ce0b,NK-fCGt6rgmz9Gb5KrcMHrKuj,RAED MUHAMMAD HASAN MUHAMMAD HIJAZI,Ministry of Finance,201,,タリバーン関係者等 （タリバーン、アル・カーイダ及びISIL（ダーイシュ）関係者等） / （注1）国連安保理決議第1267号、第1333号、第1390号、第1988号、第1989号、第2253号及び第2255号に加えて、国連安保理決議第1373号に基づく資産凍結措置の対象に指定されている個人及び団体については、告示番号の冒頭に＊印を付しています。 （注2）2021年5月28日以降の制裁対象者の追加指定につきましては、外務省告示を２回に分けて発出することとなりました。 （１回目：制裁対象者の氏名等を国連安保理が公表した英文の情報のまま発出する告示、２回目：制裁対象者の氏名等に仮名表記等を追加・修文する告示）２回目の告示発出につきましては、当シートの告示日付には反映しておりません。,,,2017-03-21,,,,jp
jo-sanc-54fffd383c2f2b8781627f18d9861b5a5cea37fe,NK-fCGt6rgmz9Gb5KrcMHrKuj,RAED MUHAMMAD HASAN MUHAMMAD HIJAZI,وحدة مكافحة غسل الأموال وتمويل الإرهاب,,,,,,2022-03-28,,,,jo
mc-freezes-716e299e54fe5cd468ba207032f33aaf7073f46b,NK-fCGt6rgmz9Gb5KrcMHrKuj,RAED MUHAMMAD HASAN MUHAMMAD HIJAZI,Principauté de Monaco,,,,,,,,,"nom de son père : Mohammad Hijazi, nom de sa mère : Sakina",mc
md-terr-6ff30de1c37bbdca111a074a3b1144f15f6d59fc,NK-fCGt6rgmz9Gb5KrcMHrKuj,RAED MUHAMMAD HASAN MUHAMMAD HIJAZI,Centrul Antiterorist al Serviciului de Informaţii şi Securitate al Republicii Moldova,,QDi.029,"Lista persoanelor, entităţilor şi a altor grupuri asociate cu „ISIL” („Da’esh”) şi „Al-Qaida” menţinută de CCS al ONU, instituit prin Rezoluţiile 1267 (1999), 1989 (2011), 2253 (2015)",,,,,,,md
ofac-ccfd72750324304f42520e9763c1302b399c49a6,NK-fCGt6rgmz9Gb5KrcMHrKuj,RAED MUHAMMAD HASAN MUHAMMAD HIJAZI,Office of Foreign Assets Control,6948,,SDGT,US-TERR,,,,,Unknown,us
ua-sfms-1d045ae867d5dfa86d98c8ac4676b4f4c78f928e,NK-fCGt6rgmz9Gb5KrcMHrKuj,RAED MUHAMMAD HASAN MUHAMMAD HIJAZI,State Finance Monitoring Service,,,"РБ ООН (Комітет 1267(1999),1989(2011), 2253(2015))",,2025-02-06,2025-02-06,,,,ua
unsc-4c54d10ddd72c8d4c6d5f6f995b99d7928b539f5,NK-fCGt6rgmz9Gb5KrcMHrKuj,RAED MUHAMMAD HASAN MUHAMMAD HIJAZI,United Nations Security Council,,QDi.029,Al-Qaida,UN-SCISIL,2001-10-17,2001-10-17,,,,
zafic-9179b25d0d59d0d72761a411b9000879b3a722de,NK-fCGt6rgmz9Gb5KrcMHrKuj,RAED MUHAMMAD HASAN MUHAMMAD HIJAZI,Financial Intelligence Centre,,QDi.029,,,2001-10-17,,,,,za
au-dfat-d341309dbaa6c165b867c6e0bcd809fd249645ae,NK-fJACvhyiFsjYFd6FaHm5xb,LIBYAN AFRICA INVESTMENT PORTFOLIO,Department of Foreign Affairs and Trade,,,1970 (Libya),UN-SC1970,,2026-02-20,,,,au
be-fod-de1b99231e7f560031203e375185894c990261ef,NK-fJACvhyiFsjYFd6FaHm5xb,LIBYAN AFRICA INVESTMENT PORTFOLIO,Federal Public Service Finance,,,,EU-LBY,2011-03-11,,,,2017/489 (OJ L76),be
ch-seco-885b06f6b6402cd4562a9bf60051c35198cc3322,NK-fJACvhyiFsjYFd6FaHm5xb,LIBYAN AFRICA INVESTMENT PORTFOLIO,State Secretariat for Economic Affairs,12900,LYe.002,"Ordinance of 30 March 2011 on measures against Libya (SR 946.231.149.82), annexes 2, 3, 4 and 5",SECO-LIBYA,2025-04-07,2025-04-07,,,,ch
eu-fsf-84af963b011584a77e827a2b175994aed1aba15b,NK-fJACvhyiFsjYFd6FaHm5xb,LIBYAN AFRICA INVESTMENT PORTFOLIO,"Directorate‑General for Financial Stability, Financial Services and Capital Markets Union",EU.3871.80,,LBY,EU-LBY,2017-03-22,2011-03-17,,,2017/489 (OJ L76),eu
fr-ga-0ce329ea00b6a1621506441551a786baeab2ee2b,NK-fJACvhyiFsjYFd6FaHm5xb,LIBYAN AFRICA INVESTMENT PORTFOLIO,Direction Générale du Trésor,,,(UE) 233/2011 du 10/03/2011. (ONU Libye - RCSNU 1970/2011 et R (UE) 2016/44 - Mesures particulières Annexe 6),UN-SC1970,,,,,Ne fait pas l'objet d'un gel mais d'une mesure particulière - article 5-4 du Règlement,fr
gb-fcdo-f06cb4a7e5e8dc7d512627b5334ae21ce217e1e2,NK-fJACvhyiFsjYFd6FaHm5xb,LIBYAN AFRICA INVESTMENT PORTFOLIO,"Foreign, Commonwealth & Development Office",11663,LYe.002,The Libya (Sanctions) (EU Exit) Regulations 2020,GB-LBY,,2011-03-17,,,,gb
ja-mof-7e8be3c61616cb30e6db237416f09ac02434f54e,NK-fJACvhyiFsjYFd6FaHm5xb,LIBYAN AFRICA INVESTMENT PORTFOLIO,Ministry of Finance,4,,リビアのカダフィ革命指導者及びその関係者 （Ⅰ．国際連合安全保障理事会決議第2009号主文15に従い、資産凍結の措置が緩和されて適用される個人又は団体 ）,,,2011-03-24,,,,jp
mc-freezes-7dc6cea4f05cbb8eb68dad6961f55a36821a5c52,NK-fJACvhyiFsjYFd6FaHm5xb,LIBYAN AFRICA INVESTMENT PORTFOLIO,Principauté de Monaco,,,,,,,,,Ne fait pas l'objet d'un gel mais d'une mesure particulière - article 5-4 du Règlement,mc
ua-sfms-ac3cd818aa9281b94afb3f3a2d5c2fc0ad3c33c5,NK-fJACvhyiFsjYFd6FaHm5xb,LIBYAN AFRICA INVESTMENT PORTFOLIO,State Finance Monitoring Service,,,Резолюція РБ ООН 1970 (2011),,2019-09-10,2019-09-10,,,,ua
unsc-a681adbb9b54621a34adb7fbcd6d5b5c090c824a,NK-fJACvhyiFsjYFd6FaHm5xb,LIBYAN AFRICA INVESTMENT PORTFOLIO,United Nations Security Council,,LYe.002,Libya,UN-SC1970,2011-03-17,2011-03-17,,,,
zafic-63f4ebd0b60e546607092d248dd00bf90bcc8f51,NK-fJACvhyiFsjYFd6FaHm5xb,LIBYAN AFRICA INVESTMENT PORTFOLIO,Financial Intelligence Centre,,LYe.002,,,2011-03-17,,,,,za
au-dfat-0fa05f3c2c6882749a4a0d77b29e5e5a2be005fa,NK-fURQM6tyCbJYJCQyiPRwKd,Makin Institute,Department of Foreign Affairs and Trade,,,1737 (Iran),UN-SC1737,,2025-12-12,,,,au
au-dfat-3f64de7275a9f6e23d83bba779015e623020c75c,NK-fURQM6tyCbJYJCQyiPRwKd,Makin Institute,Department of Foreign Affairs and Trade,,,Autonomous (Iran),AU-IRAN,,2023-10-18,,,,au
be-fod-7d3173b877d0f7cc1d77db98f9b97095723cddeb,NK-fURQM6tyCbJYJCQyiPRwKd,Makin Institute,Federal Public Service Finance,,,,EU-IRN,2023-10-17,,,,2023/2196 (OJ L17102023),be
ca-sema-8e508fc81d917d74f4f31e43fe3c460f4af405d9,NK-fURQM6tyCbJYJCQyiPRwKd,Makin Institute,Global Affairs Canada,217,,Iran,CA-SEMA,2023-10-18,,,,"1, Part 1",ca
ch-seco-e4a8084af2dff3b6f188ab4d01940049045b835a,NK-fURQM6tyCbJYJCQyiPRwKd,Makin Institute,State Secretariat for Economic Affairs,66466,IRe.039,"Ordinance of 12 December 2025 on measures against the Islamic Republic of Iran (SR 946.231.143.6), annexes 11-14",SECO-IRAN,2025-12-12,2025-12-12,,,,ch
eu-fsf-35e871a9efe2a72b37ba049b2c5364d71b193cd1,NK-fURQM6tyCbJYJCQyiPRwKd,Makin Institute,"Directorate‑General for Financial Stability, Financial Services and Capital Markets Union",EU.2022.28,,IRN,EU-IRN,2025-09-29,2023-10-17,,,2025/1982 (OJ L202501982),eu
fr-ga-12bb11984f6e31763e4dbfd5914953985312b8ea,NK-fURQM6tyCbJYJCQyiPRwKd,Makin Institute,Direction Générale du Trésor,,,décision du comité des sanctions des Nations unies du 09/06/2010 (ONU Iran prolifération - RCSNU 1737 (2006) et R (UE) 267/2012),EU-IRN,,,,,Makin Institute est une société d’ingénierie relevant du Corps des gardiens de la révolution islamique (IRGC). Makin Institute est donc contrôlée par l’IRGC.,fr
fr-ga-25a872d9658cbf6c2fdcb53d1e962c4731f0940a,NK-fURQM6tyCbJYJCQyiPRwKd,Makin Institute,Direction Générale du Trésor,,,RCSNU 1737 (2006) et suiv (ONU Iran prolifération - RCSNU 1737 (2006) et suivantes),EU-IRN,,,,,"Entité concourant au programme nucléaire ou de missiles balistiques;  se trouve sous le contrôle ou agit pour le compte de KAA, dont elle est une filiale",fr
gb-fcdo-1272ad051df629980ebb1443549df996643bfb65,NK-fURQM6tyCbJYJCQyiPRwKd,Makin Institute,UK|UN,INU0243,IRe.039,The Iran (Sanctions) (Nuclear) (EU Exit) Regulations 2019,GB-IRAN-NW,,2023-10-18,,,"Makin Institute is an involved person within the meaning of the Iran (Sanctions) (Nuclear) (EU Exit) Regulations 2019. Makin Institute is or has been responsible for, engaged in, provided support for, or facilitated the proliferation or development of nuclear weapons in, or for use in, Iran, or an activity that could lead to the development of nuclear weapons in, or for use in, Iran.",gb
il-wmd-fc02cc6ecfb5e7062d240a91d2984fa409c49cc2,NK-fURQM6tyCbJYJCQyiPRwKd,Makin Institute,Isreali Ministry of Finance,,,,,,2018-07-12,,,,il
ja-mof-551cb84ffce491900d80a4e05a20e2f5071f4492,NK-fURQM6tyCbJYJCQyiPRwKd,Makin Institute,Ministry of Finance,65,,イランの拡散上機微な核活動又は核兵器運搬手段の開発に関与する者（団体）,,,2025-09-28,,,,jp
jp-eul-a9a9c8546e62f649b86fa829624744e35914c0cf,NK-fURQM6tyCbJYJCQyiPRwKd,Makin Institute,"Ministry of Economy, Trade and Industry",,,,,,,,,"Weapon Types: Biological, Chemical, Missile, Nuclear",jp
mc-freezes-0fae18af893238603cd8633556414b457616a3e3,NK-fURQM6tyCbJYJCQyiPRwKd,Makin Institute,Principauté de Monaco,,,,,,,,,Makin Institute est une société d’ingénierie relevant du Corps des gardiens de la révolution islamique (IRGC). Makin Institute est donc contrôlée par l’IRGC.,mc
mc-freezes-feb1ba5bb3ebf25791347fdebcc2d758dad89454,NK-fURQM6tyCbJYJCQyiPRwKd,Makin Institute,Principauté de Monaco,,,,,,,,,"Makin est la propriété, se trouve sous le contrôle ou agit pour le compte de KAA, dont elle est une filiale.",mc
ofac-978ddc86927622a95323c2cd46946d633518cff7,NK-fURQM6tyCbJYJCQyiPRwKd,Makin Institute,Office of Foreign Assets Control,11790,,SDGT,US-TERR,,,,,TRA,us
tr-fcib-938b0e999674be0df0267119bbe905ccdf58e8ed,NK-fURQM6tyCbJYJCQyiPRwKd,Makin Institute,Republic of Türkiye Ministry of Treasury and Finance - Financial Crimes Investigation Board,,,"Asset freezes within the scope of Articles 3.A and 3.B of Law No. 7262, aimed at preventing the financing of the proliferation of weapons of mass destruction.",,2010-06-09,,,,,tr
ua-nsdc-9bc41fee3903e8d6eb129fc4f677eaf159a6f901,NK-fURQM6tyCbJYJCQyiPRwKd,Makin Institute,National Security and Defense Council,16025412200030,,254/2016,UA-SA1644,,2016-06-15,2018-10-18,expired,,ua
ua-sfms-72e2eddd8f9d62856be533435ee2d0be58d68ae5,NK-fURQM6tyCbJYJCQyiPRwKd,Makin Institute,State Finance Monitoring Service,,,РБ ООН (Комітет 1737 (2006)),,2025-09-29,2025-09-29,,,,ua
unsc-5e6d9014cbc2d6d1e6dd7f21596c20f39d4aac69,NK-fURQM6tyCbJYJCQyiPRwKd,Makin Institute,United Nations Security Council,,IRe.039,Iran,UN-SC1737,2010-06-09,2010-06-09,,,,
zafic-0f011d5fe6972f56aeab1f36954a05c4c30f638b,NK-fURQM6tyCbJYJCQyiPRwKd,Makin Institute,Financial Intelligence Centre,,IRe.039,,,2010-06-09,,,,,za
ofac-a325ee011ea425f08d3f2947cec80304e83b9b09,NK-feYNmGKcERMWxVkoEenzvr,ALFOULK TRADING CO .L.L.C,Office of Foreign Assets Control,34986,,SDGT,US-TERR,,,,,Executive Order 13224 (Terrorism),us
sa-pcct-8582ef460227424be9d3a589d38e30e02903c4a5,NK-feYNmGKcERMWxVkoEenzvr,ALFOULK TRADING CO .L.L.C,Permanent Committee for Counter-Terrorism,,,,SA-UNSC1373,,2022-03-31,,,,sa
ofac-18fcb3b0dc9b98f8cc186563d9737a116487a2aa,NK-fnCbiJENHXpKRLjpQ87ehU,HAPPINESS I,Office of Foreign Assets Control,15055,,IRAN,US-IRAN,,,,,Executive Order 13599 (Iran),us
sa-pcct-e8471b005098ea9b71a6782ff4e6d115ffc1b6af,NK-fnCbiJENHXpKRLjpQ87ehU,HAPPINESS I,Permanent Committee for Counter-Terrorism,,,,SA-UNSC1373,,2022-01-26,,,,sa
be-fod-6c04cdc9fded7d4440bbee1a9ee3967be0968f86,NK-fnq9mAtrqxMRBQLYYh2PQZ,Sina Bank,Federal Public Service Finance,,,,EU-IRN,2025-09-29,,,,2025/1980 (OJ L202501980),be
ch-seco-ad358633b3f72b620513f6ca77ca5434b52c7cb9,NK-fnq9mAtrqxMRBQLYYh2PQZ,Sina Bank,State Secretariat for Economic Affairs,100372,,"Ordinance of 12 December 2025 on measures against the Islamic Republic of Iran (SR 946.231.143.6), annexes 11-14",SECO-IRAN,2025-12-12,2025-12-12,,,,ch
eu-fsf-7b33f732fe08fdbdc7161ae808efa3a8defd13d0,NK-fnq9mAtrqxMRBQLYYh2PQZ,Sina Bank,"Directorate‑General for Financial Stability, Financial Services and Capital Markets Union",EU.13732.63,,IRN,EU-IRN,2025-09-29,2025-09-29,,,2025/1980 (OJ L202501980),eu
fr-ga-46d231681502cd49cda4a7b3ec27432fabc455c4,NK-fnq9mAtrqxMRBQLYYh2PQZ,Sina Bank,Direction Générale du Trésor,,,(UE) 2025/1980 du 29/09/2025 (UE Iran prolifération - R (UE) 267/2012),EU-IRN,,,,,"Sina Bank est contrôlée par Islamic Revolution Mostazafan Foundation, une grande entité paraétatique iranienne contrôlée par le guide suprême Khamenei, qui détient une participation de contrôle dans Sina Bank. Elle fournit des services financiers à Mostazafan Foundation et à son groupe de filiales et de sociétés. En conséquence, Sina Bank fournit un soutien financier au gouvernement iranien par l’",fr
gb-fcdo-4716b0e553156df52c41d165c86cc14696b76423,NK-fnq9mAtrqxMRBQLYYh2PQZ,Sina Bank,UK,INU0341,,The Iran (Sanctions) (Nuclear) (EU Exit) Regulations 2019,GB-IRAN-NW,,2025-09-29,,,"Sina Bank is an involved person under the Iran (Sanctions) (Nuclear) (EU Exit) Regulations 2019 on the basis of the following ground: Sina Bank is or has been providing financial services, or making available funds or economic resources, that could contribute to a relevant nuclear activity, namely the proliferation or development of nuclear weapons in, or for use in, Iran; an activity that could l",gb
mc-freezes-62d43dd84414ad4c34511960b580927d94668816,NK-fnq9mAtrqxMRBQLYYh2PQZ,Sina Bank,Principauté de Monaco,,,,,,,,,"Sina Bank est contrôlée par Islamic Revolution Mostazafan Foundation, une grande entité paraétatique iranienne contrôlée par le guide suprême Khamenei, qui détient une participation de contrôle dans Sina Bank. Elle fournit des services financiers à Mostazafan Foundation et à son groupe de filiales et de sociétés. En conséquence, Sina Bank fournit un soutien financier au gouvernement iranien par l’",mc
ofac-ba6a3c09d636156fe761f9b92fcbf2b733a89160,NK-fnq9mAtrqxMRBQLYYh2PQZ,Sina Bank,Office of Foreign Assets Control,25067,,IFSR,US-IRAN,,,,,Executive Order 13599 (Iran),us
sa-pcct-917db0d36f51a1f4c3769404d3f597ed8740fbf1,NK-fnq9mAtrqxMRBQLYYh2PQZ,Sina Bank,Permanent Committee for Counter-Terrorism,,,,SA-UNSC1373,,2019-10-30,,,,sa
ofac-b229f49965f35ea92d6681d4968bf1eb54156673,NK-fzQdekwLcFzVXP5g9VwYtr,Ermias Ghermay,Office of Foreign Assets Control,24004,,LIBYA3,US-LIBYA,,,,,Executive Order 13726 (Libya),us
au-dfat-e09dd0918e45a6b7da609d6449bd73b24a644a26,NK-g9UmVJoB9SrZxT4pTE8G9q,Sepanir Oil & Gas Energy Eng. Co.,Department of Foreign Affairs and Trade,,,Autonomous (Iran),AU-IRAN,,2023-10-18,,,,au
au-dfat-f321250e6f8b53015bbb5e6c427a263a8c181a3e,NK-g9UmVJoB9SrZxT4pTE8G9q,Sepanir Oil & Gas Energy Eng. Co.,Department of Foreign Affairs and Trade,,,1737 (Iran),UN-SC1737,,2025-12-12,,,,au
be-fod-44b8c5ccf6d7c68eff5fa97eb715dd50edadc3df,NK-g9UmVJoB9SrZxT4pTE8G9q,Sepanir Oil & Gas Energy Eng. Co.,Federal Public Service Finance,,,,EU-IRN,2023-10-17,,,,2023/2196 (OJ L17102023),be
ca-sema-86aa0c0b45e6ac55dcbe90715bc49b1c0a584814,NK-g9UmVJoB9SrZxT4pTE8G9q,Sepanir Oil & Gas Energy Eng. Co.,Global Affairs Canada,115,,Iran,CA-SEMA,2016-02-05,,,,"1, Part 1",ca
ch-seco-458f65e103773348ebc29d008a54b727740567b9,NK-g9UmVJoB9SrZxT4pTE8G9q,Sepanir Oil & Gas Energy Eng. Co.,State Secretariat for Economic Affairs,66614,IRe.064,"Ordinance of 12 December 2025 on measures against the Islamic Republic of Iran (SR 946.231.143.6), annexes 11-14",SECO-IRAN,2025-12-12,2025-12-12,,,,ch
eu-fsf-128b0512ef0590e6219b9d619b38171bf1e1cd0a,NK-g9UmVJoB9SrZxT4pTE8G9q,Sepanir Oil & Gas Energy Eng. Co.,"Directorate‑General for Financial Stability, Financial Services and Capital Markets Union",EU.2039.75,,IRN,EU-IRN,2025-09-29,2010-07-26,,,2025/1982 (OJ L202501982),eu
fr-ga-7e9c82b64219c2f98c45126bb41374fd14f7b35a,NK-g9UmVJoB9SrZxT4pTE8G9q,Sepanir Oil & Gas Energy Eng. Co.,Direction Générale du Trésor,,,décision du comité des sanctions des Nations unies du 09/06/2010 (ONU Iran prolifération - RCSNU 1737 (2006) et R (UE) 267/2012),EU-IRN,,,,,"Sepanir Oil and Gas Energy Engineering Company est une société pétrolière et gazière et une filiale de Khatam al-Anbiya Construction Headquarters (KAA), et est donc contrôlée par l’IRGC",fr
fr-ga-8e39cffdb7a4daec5d5377b17e5fbe18e3811ee9,NK-g9UmVJoB9SrZxT4pTE8G9q,Sepanir Oil & Gas Energy Eng. Co.,Direction Générale du Trésor,,,(UE) 668/2010 du 26/07/2010 (UE Iran prolifération - R (UE) 267/2012),EU-IRN,,,,,"appartient au Corps des gardiens de la révolution islamique (IRGC) - filiale de Khatam al-Anbya Construction Headquarters, visée dans la résolution 1929 du CSNU. Sepanir Oil and Gas Engineering Company participe au projet d'exploitation du gisement gazier offshore de South Pars (Phase 15-16)",fr
fr-ga-fd3f957cd2d606e181378ea218474c7fccbbcff7,NK-g9UmVJoB9SrZxT4pTE8G9q,Sepanir Oil & Gas Energy Eng. Co.,Direction Générale du Trésor,,,RCSNU 1737 (2006) et suiv (ONU Iran prolifération - RCSNU 1737 (2006) et suivantes),EU-IRN,,,,,"Entités qui sont la propriété, sont sous le contrôle ou agissent pour le compte du Corps des gardiens de la révolution islamique; Sepanir est la propriété, se trouve sous le contrôle ou agit pour le compte de KAA",fr
gb-fcdo-ddbb838975c44a9d44880fbda493288943c6c118,NK-g9UmVJoB9SrZxT4pTE8G9q,Sepanir Oil & Gas Energy Eng. Co.,UK|UN,INU0262,IRe.064,The Iran (Sanctions) (Nuclear) (EU Exit) Regulations 2019,GB-IRAN-NW,,2023-10-18,,,"Sepanir is an involved person within the meaning of the Iran (Sanctions) (Nuclear) (EU Exit) Regulations 2019. Sepanir is or has been responsible for, engaged in, provided support for, promoted, or facilitated the proliferation or development of nuclear weapons in, or for use in, Iran, or an activity that could lead to the development of nuclear weapons in, or for use in, Iran.",gb
il-wmd-35a0d2b1c9577cfd66d4fba692db390bf82e716a,NK-g9UmVJoB9SrZxT4pTE8G9q,Sepanir Oil & Gas Energy Eng. Co.,Isreali Ministry of Finance,,,,,,2018-07-12,,,,il
ja-mof-bc334bc61b24781dbd899efbabf91f94a7be9df4,NK-g9UmVJoB9SrZxT4pTE8G9q,Sepanir Oil & Gas Energy Eng. Co.,Ministry of Finance,71,,イランの拡散上機微な核活動又は核兵器運搬手段の開発に関与する者（団体）,,,2025-09-28,,,,jp
jp-eul-6aea797edf95699709983ea1fa90706ebb9b90fd,NK-g9UmVJoB9SrZxT4pTE8G9q,Sepanir Oil & Gas Energy Eng. Co.,"Ministry of Economy, Trade and Industry",,,,,,,,,"Weapon Types: Biological, Chemical, Missile, Nuclear",jp
mc-freezes-01a777e091d11851641647a1b1c834214d0c5ed2,NK-g9UmVJoB9SrZxT4pTE8G9q,Sepanir Oil & Gas Energy Eng. Co.,Principauté de Monaco,,,,,,,,,"Sepanir est la propriété, se trouve sous le contrôle ou agit pour le compte de KAA.",mc
mc-freezes-6b89eca9e0b446e427874f51b575620aa521fcc0,NK-g9UmVJoB9SrZxT4pTE8G9q,Sepanir Oil & Gas Energy Eng. Co.,Principauté de Monaco,,,,,,,,,"Sepanir Oil and Gas Energy Engineering Company est une société pétrolière et gazière et une filiale de Khatam al-Anbiya Construction Headquarters (KAA), et est donc contrôlée par l’IRGC.",mc
ofac-3c6978b1d2ceeaac43b4ab2a69c71bfd9e193b02,NK-g9UmVJoB9SrZxT4pTE8G9q,Sepanir Oil & Gas Energy Eng. Co.,Office of Foreign Assets Control,12059,,NPWMD,US-NON-PROLIF,,,,,TRA,us
tr-fcib-862fa3d7cd3818753860c476379a953a2297eebd,NK-g9UmVJoB9SrZxT4pTE8G9q,Sepanir Oil & Gas Energy Eng. Co.,Republic of Türkiye Ministry of Treasury and Finance - Financial Crimes Investigation Board,,,"Asset freezes within the scope of Articles 3.A and 3.B of Law No. 7262, aimed at preventing the financing of the proliferation of weapons of mass destruction.",,2010-06-09,,,,,tr
ua-nsdc-cd5afeef141c976f41c73e7059dd940202ff7b98,NK-g9UmVJoB9SrZxT4pTE8G9q,Sepanir Oil & Gas Energy Eng. Co.,National Security and Defense Council,16025412200049,,254/2016,UA-SA1644,,2016-06-15,2018-10-18,expired,,ua
ua-sfms-b90eb107625bd02e0e18fb330ba400385988f1c0,NK-g9UmVJoB9SrZxT4pTE8G9q,Sepanir Oil & Gas Energy Eng. Co.,State Finance Monitoring Service,,,РБ ООН (Комітет 1737 (2006)),,2025-09-29,2025-09-29,,,,ua
unsc-34aeb5a3b21f050c2d674e270c3e6bd5ba55e738,NK-g9UmVJoB9SrZxT4pTE8G9q,Sepanir Oil & Gas Energy Eng. Co.,United Nations Security Council,,IRe.064,Iran,UN-SC1737,2010-06-09,2010-06-09,,,,
zafic-225488fa96deb0217d0f2ae5a67627c400c162db,NK-g9UmVJoB9SrZxT4pTE8G9q,Sepanir Oil & Gas Energy Eng. Co.,Financial Intelligence Centre,,IRe.064,,,2010-06-09,,,,,za
us-fincen-e5ca15d293e31f4f50ea33ed816a525b44e83254,NK-g9otNs5vgss4kvR62bJiW7,Islamic Republic of Iran,Financial Crimes Enforcement Network,,,,,2011-11-25,2019-10-25,,,,us
ofac-906a5c7fddca42dd5947206b5a4b86a0db2b7bd9,NK-gE5hQj5gJZcLSZrgF2UNFD,Bandar Abbas Zinc Production Company,Office of Foreign Assets Control,25046,,IFSR,US-IRAN,,,,,Executive Order 13224 (Terrorism),us
sa-pcct-3ec053d8470233c15eacdf1a3e34f418304ac571,NK-gE5hQj5gJZcLSZrgF2UNFD,Bandar Abbas Zinc Production Company,Permanent Committee for Counter-Terrorism,,,,SA-UNSC1373,,2019-10-30,,,,sa
ofac-7a86c630756556463580959abb2a19d20459e089,NK-gKrAm5TtGc6x8yqzRvzkd5,Muhammad Qasir,Office of Foreign Assets Control,24544,,SDGT,US-TERR,,,,,Executive Order 13224 (Terrorism),us
sa-pcct-39381ed5d4c3535e6db544d2d48be5a85e3fa809,NK-gKrAm5TtGc6x8yqzRvzkd5,Muhammad Qasir,Permanent Committee for Counter-Terrorism,,,,SA-UNSC1373,,2022-01-26,,,,sa
ofac-62735b9c092ecaca9582c4e0622b78b582f1db19,NK-gPJ9hD6w3ikrvctxipJhXf,ZEUS LOGISTICS GROUP,Office of Foreign Assets Control,57573,,SDGT,US-TERR,,,,,Executive Order 13224 (Terrorism),us
be-fod-370fee45d29c5b188acfb6484e660953bc4ad215,NK-gi7rgpNBnXSGHkKQdiVs9r,Al-Qatirji Company,Federal Public Service Finance,,,,EU-SYR,2021-05-28,,,,2020/211 (OJ L43I),be
ch-seco-9931ba2c1d7aa6b9467c0444e3ea0f70c8f34a88,NK-gi7rgpNBnXSGHkKQdiVs9r,Al-Qatirji Company,State Secretariat for Economic Affairs,41390,,Ordinance of 8 June 2012 on measures against Syria (SR 946.231.172.7),SECO-SYRIA,2021-06-11,2021-06-11,,,,ch
eu-fsf-c2183125bf54060ef6dc9a6195e8fe7955f14a7d,NK-gi7rgpNBnXSGHkKQdiVs9r,Al-Qatirji Company,"Directorate‑General for Financial Stability, Financial Services and Capital Markets Union",EU.5521.8,,SYR,EU-SYR,2022-05-31,2020-02-17,,,2022/840 (OJ L148),eu
fr-ga-3e1b2e12a6f2d353253a750cc923da45af1e041a,NK-gi7rgpNBnXSGHkKQdiVs9r,Al-Qatirji Company,Direction Générale du Trésor,EU.5521.8,,(UE) 2025/1094 du 27/05/2025 (UE Syrie - R (UE) 36/2012 ),EU-SYR,,,,,"Secteur d'activité: promotion immobilière - Nom du directeur/direction: Adel Anwar al-Olabi, président du conseil d'administration et gouverneur de Damas (désigné par le Conseil) - Bénéficiaire effectif ultime: gouvernorat de Damas - Parents/associés/entités ou partenaires d'affaires/liens: Rami Makhlouf (désigné par le Conseil); Samer Foz (désigné par le Conseil); Mazen Tarazi (désigné par le Con",fr
gb-fcdo-8123bd7fc6cc67106381a9ecf91eaa27f8c39d05,NK-gi7rgpNBnXSGHkKQdiVs9r,Al-Qatirji Company,UK,SYR0359,,The Syria (Sanctions) (EU Exit) Regulations 2019,GB-SYR,,2020-12-31,,,"There are reasonable grounds to suspect that they are an involved person under the Syria (Sanctions) (EU Exit) Regulations 2019 because they are or have been involved in activities carried out on behalf of the Assad regime, implementing or connected to the repressive police of that regime and/or involved in supporting or benefitting from the Assad regime.",gb
mc-freezes-ec11653869eef2eca5729783b2235f0cafd49dd8,NK-gi7rgpNBnXSGHkKQdiVs9r,Al-Qatirji Company,Principauté de Monaco,,,,,,,,,"Entreprise de premier plan exerçant des activités dans de nombreux secteurs de l’économie syrienne. En facilitant les échanges de carburants, d’armes et de munitions entre l’ancien régime d’al-Assad et différents acteurs, dont l’EIIL (Daech), sous couvert d’importation et d’exportation de produits alimentaires, en soutenant les milices qui combattent aux côtés de l’ancien régime d’al-Assad et en t",mc
ofac-384c9ed5450c48cdb04167cd628e977e5bc4e174,NK-gi7rgpNBnXSGHkKQdiVs9r,Al-Qatirji Company,Office of Foreign Assets Control,24903,,SDGT,US-TERR,,,,,Executive Order 13224 (Terrorism),us
sa-pcct-c6973c88d63498e8d66738be051466278ee58823,NK-gi7rgpNBnXSGHkKQdiVs9r,Al-Qatirji Company,Permanent Committee for Counter-Terrorism,,,,SA-UNSC1373,,2022-01-05,,,,sa
ae-lt-7b83c468ea94fe2abe1545d5ac2adc4cabc30023,NK-gpsZisXS7dwpfsGXJPsbw2,Al-Ashtar,Executive Office for Control & Non-proliferation,,,مدرج بموجب قرار مجلس الوزراء رقم (18) لسنة 2017,AE-UNSC1373,,,,,,ae
ca-lte-cbe06677fc823578ace74ddfe647f72806ef92fd,NK-gpsZisXS7dwpfsGXJPsbw2,Al-Ashtar,Public Safety Canada,,,,CA-UNSC1373,,,,,,ca
ofac-2ae74aa532b23afef7eb7eb57eca6a5c92e4a113,NK-gpsZisXS7dwpfsGXJPsbw2,Al-Ashtar,Office of Foreign Assets Control,24723,,FTO,US-TERR,,,,,INA,us
sa-pcct-cc8c1f95073a9aa6ccf1eb58f7bf4fc49551355a,NK-gpsZisXS7dwpfsGXJPsbw2,Al-Ashtar,Permanent Committee for Counter-Terrorism,,,,SA-UNSC1373,,2022-01-05,,,,sa
us-dos-fto-c33de52c9b2c78d57edd679feabf379321e5ee8a,NK-gpsZisXS7dwpfsGXJPsbw2,Al-Ashtar,U.S. Department of State,,,,US-FTO219,,2018-07-11,,,,us
ofac-f4cdd5243277a67105d9a442c3bac59fc497fca7,NK-guDJYfrCqUgG7fvt3YWR74,Hossein TANAVAR,Office of Foreign Assets Control,40598,,IRAN-HR,US-IRAN,,,,,Executive Order 13553 (Iran),us
be-fod-f92d1a426389243fa6df79ada057ec1e7245a024,NK-hVCfCHsBCVUM6qBq3whpgz,Freebird Travel Agency,Federal Public Service Finance,,,,EU-SYR,2024-01-22,,,,2024/362 (OJ L22012024),be
ch-seco-66fa2a54beb4b91cbd7d32c2b93ebdc9ed037c1d,NK-hVCfCHsBCVUM6qBq3whpgz,Freebird Travel Agency,State Secretariat for Economic Affairs,71127,,Ordinance of 8 June 2012 on measures against Syria (SR 946.231.172.7),SECO-SYRIA,2025-06-20,2025-06-20,,,,ch
eu-fsf-bac515d171aefa89e918c286633f6f08017530f0,NK-hVCfCHsBCVUM6qBq3whpgz,Freebird Travel Agency,"Directorate‑General for Financial Stability, Financial Services and Capital Markets Union",EU.11106.25,,SYR,EU-SYR,2024-01-22,2024-01-22,,,2024/362 (OJ L22012024),eu
fr-ga-71545d7a607f52241baf8107b95aa1add923fae9,NK-hVCfCHsBCVUM6qBq3whpgz,Freebird Travel Agency,Direction Générale du Trésor,EU.11106.25,,(UE) 2024/362 du 22/01/2024 (UE Syrie - R (UE) 36/2012 ),EU-SYR,,,,,"L’agence de voyage Freebird Travel Agency est une entité commerciale syrienne détenue et exploitée par Al-Dj Group, lui-même détenu et géré par Mahmoud al-Dj. Freebird constitue l’intermédiaire principal de Cham Wings Airlines et tire donc avantage de l’ancien régime d’al-Assad et le soutient.",fr
mc-freezes-121325cb5f368e20b87ba18a0b6322d232f8b0f7,NK-hVCfCHsBCVUM6qBq3whpgz,Freebird Travel Agency,Principauté de Monaco,,,,,,,,,"L’agence de voyage Freebird Travel Agency est une entité commerciale syrienne détenue et exploitée par Al-Dj Group, lui-même détenu et géré par Mahmoud al-Dj. Freebird constitue l’intermédiaire principal de Cham Wings Airlines et tire donc avantage de l’ancien régime d’al-Assad et le soutient.",mc
ofac-8b2eed23e37f2569b1761866855b2732eadeef98,NK-hVCfCHsBCVUM6qBq3whpgz,Freebird Travel Agency,Office of Foreign Assets Control,48305,,PAARSSR-EO13894,US-SYR-REL,,,,,Executive Order 14312 (PAARSSR),us
ofac-9f3d48a86b418df584f49fd3d36d63786d77a05a,NK-hnvfY8qU9frVhv7dSkeyNA,Kish P and I Club,Office of Foreign Assets Control,27285,,SDGT,US-TERR,,,,,Executive Order 13224 (Terrorism),us
sa-pcct-8e39796dbb1d966490ca832214cae37c040ea7b8,NK-hnvfY8qU9frVhv7dSkeyNA,Kish P and I Club,Permanent Committee for Counter-Terrorism,,,,SA-UNSC1373,,2022-01-26,,,,sa
au-dfat-ba7d3cade576e4fc1ddc6ce2e9a760acd287cf49,NK-hpBEqVMUqBcqw4gTAqyrRt,Ibrahim Zarroug Al-Charif,Department of Foreign Affairs and Trade,,,Autonomous (Libya),AU-LIBYA,,2024-01-12,,,,au
be-fod-3fff75a2c4a46541ac0230f1ea719b48fcca7f13,NK-hpBEqVMUqBcqw4gTAqyrRt,Ibrahim Zarroug Al-Charif,Federal Public Service Finance,,,,EU-LBY,2011-03-22,,,,272/2011 (OJ L76),be
ch-seco-4cd7de118e53b856e1d528809a99b78267a83797,NK-hpBEqVMUqBcqw4gTAqyrRt,Ibrahim Zarroug Al-Charif,State Secretariat for Economic Affairs,20464,,"Ordinance of 30 March 2011 on measures against Libya (SR 946.231.149.82), annexes 2, 3, 4 and 5",SECO-LIBYA,2015-08-28,2015-08-28,,,,ch
ch-seco-f113b38b688805e7c459ecdbaf3b5bd199373f69,NK-hpBEqVMUqBcqw4gTAqyrRt,Ibrahim Zarroug Al-Charif,State Secretariat for Economic Affairs,20683,,"Ordinance of 30 March 2011 on measures against Libya (SR 946.231.149.82), annexes 2, 3, 4 and 5",SECO-LIBYA,2015-08-28,2015-08-28,,,,ch
eu-fsf-c51c9c65f145994fc751184cfb0156ce753ff7af,NK-hpBEqVMUqBcqw4gTAqyrRt,Ibrahim Zarroug Al-Charif,"Directorate‑General for Financial Stability, Financial Services and Capital Markets Union",EU.3357.43,,LBY,EU-LBY,2016-01-19,2011-03-21,,,2016/44 (OJ L12),eu
eu-tb-7b5eb1d93031613775478a3af9097b2f8af72635,NK-hpBEqVMUqBcqw4gTAqyrRt,Ibrahim Zarroug Al-Charif,Council of the European Union,,,,,,,,,"Council Decision concerning restrictive measures in view of the situation in Libya, and repealing Decision 2011/137/CFSP",eu
fr-ga-b47e8d855eda5a9d01de446431ed233b15c51d80,NK-hpBEqVMUqBcqw4gTAqyrRt,Ibrahim Zarroug Al-Charif,Direction Générale du Trésor,,,(UE) 272/2011 du 21/03/2011 (UE Libye - R (UE) 2016/44),EU-LBY,,,,,étroitement associé à l'ancien régime de Qadhafi,fr
gb-fcdo-3b1c87d2260afff51f37f7b167fd13ab632b591a,NK-hpBEqVMUqBcqw4gTAqyrRt,Ibrahim Zarroug Al-Charif,UK,11704,,The Libya (Sanctions) (EU Exit) Regulations 2020,GB-LBY,,2020-12-31,,,"As Minister for Social Affairs in Colonel Qadhafi's Government, is associated Muammar Qadhafi. Al Charif has made public statements which are supportive of the repressive policies off the Qadhafi regime.",gb
mc-freezes-e91b14a82cf4e887e352a40170082b9f50300ac7,NK-hpBEqVMUqBcqw4gTAqyrRt,Ibrahim Zarroug Al-Charif,Principauté de Monaco,,,,,,,,,étroitement associé à l'ancien régime de Qadhafi,mc
il-nbctf-24637636e4f10a09b2d010c89e7944c5c0b45759,NK-hzhRKcbaH3JJDgW6PePKGw,Zedcex Exchange Ltd,National Bureau for Counter Terror Financing,,,הכרזה על ארגון טרור לפי חוק המאבק בטרור - התשע''ו-2016,,,2026-03-25,,,A cryptocurrency trading and money transfer platform used by the designated terrorist organization Iran's Revolutionary Guard Corps for the purpose of carrying out financial activity to further the aims of terrorism.,il
ofac-7a2b396833bc4f099899f96ce21201cd49523640,NK-hzhRKcbaH3JJDgW6PePKGw,Zedcex Exchange Ltd,Office of Foreign Assets Control,56865,,IRAN-EO13902,US-IRAN,,,,,Executive Order 13902 (Iran),us
au-dfat-29167e68fcb450c2c448d5b02428bcd3c2907920,NK-i7bVYy9HagGNgzA2cToPMY,Rah Sahel,Department of Foreign Affairs and Trade,,,Autonomous (Iran),AU-IRAN,,2023-10-18,,,,au
au-dfat-503fb278f3deed665a931f0d263ec6b6421c0ae2,NK-i7bVYy9HagGNgzA2cToPMY,Rah Sahel,Department of Foreign Affairs and Trade,,,1737 (Iran),UN-SC1737,,2025-12-12,,,,au
be-fod-a10a8d4113c573106383936e6cfbc953db861cbe,NK-i7bVYy9HagGNgzA2cToPMY,Rah Sahel,Federal Public Service Finance,,,,EU-IRN,2023-10-17,,,,2023/2196 (OJ L17102023),be
ca-sema-15070f53b7d0087ef8b973956bc782539bbd1b2d,NK-i7bVYy9HagGNgzA2cToPMY,Rah Sahel,Global Affairs Canada,227,,Iran,CA-SEMA,2023-10-18,,,,"1, Part 1",ca
ch-seco-b837a77dba7dd96cb3db3effc995e9f9e3d063ad,NK-i7bVYy9HagGNgzA2cToPMY,Rah Sahel,State Secretariat for Economic Affairs,66476,IRe.056,"Ordinance of 12 December 2025 on measures against the Islamic Republic of Iran (SR 946.231.143.6), annexes 11-14",SECO-IRAN,2025-12-12,2025-12-12,,,,ch
eu-fsf-3f4e19d28b5071e4687c48d4b2cd181080f0f2f2,NK-i7bVYy9HagGNgzA2cToPMY,Rah Sahel,"Directorate‑General for Financial Stability, Financial Services and Capital Markets Union",EU.1830.12,,IRN,EU-IRN,2025-09-29,2023-10-17,,,2025/1982 (OJ L202501982),eu
fr-ga-187466fe393e9752d0cae2a8f3616ab21374ab59,NK-i7bVYy9HagGNgzA2cToPMY,Rah Sahel,Direction Générale du Trésor,,,RCSNU 1737 (2006) et suiv (ONU Iran prolifération - RCSNU 1737 (2006) et suivantes),EU-IRN,,,,,"Entités qui sont la propriété, sont sous le contrôle ou agissent pour le compte du Corps des gardiens de la révolution islamique ;  Appartient à KAA ou est contrôlé ou mandaté par KAA",fr
fr-ga-57f9f75c6a77e7eee3413b470e27b0c6227e54f1,NK-i7bVYy9HagGNgzA2cToPMY,Rah Sahel,Direction Générale du Trésor,,,décision du comité des sanctions des Nations unies du 09/06/2010 (ONU Iran prolifération - RCSNU 1737 (2006) et R (UE) 267/2012),EU-IRN,,,,,"Rah Sahel est une société de construction et une filiale de Khatam al-Anbiya Construction Headquarters (KAA), qui est contrôlée par l’IRGC. En tant que filiale de KAA, le bras d’ingénierie de l’IRGC, Rah Sahel sert à aider l’IRGC à générer des revenus et à financer son fonctionnement. Rah Sahel est donc contrôlée par l’IRGC et agit pour son compte.",fr
gb-fcdo-449de3cd3efb2b3ccf44ba0a0bd09d0babb2dbbf,NK-i7bVYy9HagGNgzA2cToPMY,Rah Sahel,UK|UN,INU0254,IRe.056,The Iran (Sanctions) (Nuclear) (EU Exit) Regulations 2019,GB-IRAN-NW,,2023-10-18,,,"Rah Sahel is an involved person within the meaning of the Iran (Sanctions) (Nuclear) (EU Exit) Regulations 2019. Rah Sahel is or has been responsible for, engaged in, provided support for, promoted, or facilitated the proliferation or development of nuclear weapons in, or for use in, Iran, or an activity that could lead to the development of nuclear weapons in, or for use in, Iran.",gb
il-wmd-51a4d85cb8e490075d452709ea4ce77f6e254846,NK-i7bVYy9HagGNgzA2cToPMY,Rah Sahel,Isreali Ministry of Finance,,,,,,2018-07-12,,,,il
ja-mof-ae6cb6c32d142b2562e2453da376672b88a72311,NK-i7bVYy9HagGNgzA2cToPMY,Rah Sahel,Ministry of Finance,68,,イランの拡散上機微な核活動又は核兵器運搬手段の開発に関与する者（団体）,,,2025-09-28,,,,jp
jp-eul-aa5dd9e2949efa796f1f8f97efa9a23a14fdbd52,NK-i7bVYy9HagGNgzA2cToPMY,Rah Sahel,"Ministry of Economy, Trade and Industry",,,,,,,,,"Weapon Types: Biological, Chemical, Missile, Nuclear",jp
mc-freezes-502531b7df62af42a62790bd24f8f0260d08a523,NK-i7bVYy9HagGNgzA2cToPMY,Rah Sahel,Principauté de Monaco,,,,,,,,,"Rah Sahel est une société de construction et une filiale de Khatam al-Anbiya Construction Headquarters (KAA), qui est contrôlée par l’IRGC. En tant que filiale de KAA, le bras d’ingénierie de l’IRGC, Rah Sahel sert à aider l’IRGC à générer des revenus et à financer son fonctionnement. Rah Sahel est donc contrôlée par l’IRGC et agit pour son compte.",mc
ofac-8c9b398dacb25555a44af27ec5060803e54462bb,NK-i7bVYy9HagGNgzA2cToPMY,Rah Sahel,Office of Foreign Assets Control,12058,,NPWMD,US-NON-PROLIF,,,,,TRA,us
tr-fcib-65b65fd1f61cc1798403d367175c00abf8e3db1b,NK-i7bVYy9HagGNgzA2cToPMY,Rah Sahel,Republic of Türkiye Ministry of Treasury and Finance - Financial Crimes Investigation Board,,,"Asset freezes within the scope of Articles 3.A and 3.B of Law No. 7262, aimed at preventing the financing of the proliferation of weapons of mass destruction.",,2010-06-09,,,,,tr
ua-nsdc-71ccb5fc8e0bf5ee0c997b3d9048dc050c42736a,NK-i7bVYy9HagGNgzA2cToPMY,Rah Sahel,National Security and Defense Council,16025412200041,,254/2016,UA-SA1644,,2016-06-15,2018-10-18,expired,,ua
ua-sfms-e60504fb5f2471fd78e8627226386efbf84413f4,NK-i7bVYy9HagGNgzA2cToPMY,Rah Sahel,State Finance Monitoring Service,,,РБ ООН (Комітет 1737 (2006)),,2025-09-29,2025-09-29,,,,ua
unsc-51aaa3e8b597db3393a1d2f870896c4c954d887e,NK-i7bVYy9HagGNgzA2cToPMY,Rah Sahel,United Nations Security Council,,IRe.056,Iran,UN-SC1737,2010-06-09,2010-06-09,,,,
zafic-f5fba71f341bba2e44d402eb4d8fdb080f30dc7a,NK-i7bVYy9HagGNgzA2cToPMY,Rah Sahel,Financial Intelligence Centre,,IRe.056,,,2010-06-09,,,,,za
ofac-752e582f6796b47ec207450a261f726f231896e3,NK-iT8tTbZvb5WZ5CTXB4dFK6,Sanjesh Gostar Dana Engineering and Quality Control Inspection Company,Office of Foreign Assets Control,50554,,IFSR,US-IRAN,,,,,Executive Order 13224 (Terrorism),us
au-dfat-b3b4b1e0e0997a476ab83a90e41cdd50e5037229,NK-ifqum332GLA2XtCU7LRGv7,Yousef Aboutalebi,Department of Foreign Affairs and Trade,,,Autonomous (Ukraine),AU-UKRAINE,,2023-02-01,,,,au
be-fod-f0331d0ff3f052e043eff1f962521298d74b16a3,NK-ifqum332GLA2XtCU7LRGv7,Yousef Aboutalebi,Federal Public Service Finance,,,,EU-UKR,2022-12-12,,,,2022/2430 (OJ L318-I ),be
ch-seco-9acb6c2b019768961abbdd3ef1a1d3f384e98c9b,NK-ifqum332GLA2XtCU7LRGv7,Yousef Aboutalebi,State Secretariat for Economic Affairs,57708,,"Ordinance of 4 March 2022 on measures related to the situation in Ukraine (RS 946.231.176.72), annexes 2, 8, 9, 10, 11, 12,13, 14, 14a, 15, 15a, 15b, 15c, 25, 33, 35, 36, 37, 39, 40 and 41",SECO-UKRAINE,2022-12-21,2022-12-21,,,,ch
eu-fsf-f1f4526b5380c7f1ed810063e85b1749e7ba4301,NK-ifqum332GLA2XtCU7LRGv7,Yousef Aboutalebi,"Directorate‑General for Financial Stability, Financial Services and Capital Markets Union",EU.9433.15,,UKR,EU-UKR,2022-12-12,2022-12-12,,,2022/2430 (OJ L318-I ),eu
eu-tb-04b6f5c0addfaeb13204e96c35fc744399cd80db,NK-ifqum332GLA2XtCU7LRGv7,Yousef Aboutalebi,Council of the European Union,,,,,,,,,"Council Decision concerning restrictive measures in respect of actions undermining or threatening the territorial integrity, sovereignty and independence of Ukraine",eu
fr-ga-ec3f8545a46ab27dd10982102711e991fdf873cd,NK-ifqum332GLA2XtCU7LRGv7,Yousef Aboutalebi,Direction Générale du Trésor,,,(UE) 2022/2430 du 12/12/2022 (UE Ukraine intégrité territoriale - R (UE) 269/2014),EU-UKR,,,,,"Yousef Aboutalebi est le directeur exécutif de la société inscrite sur la liste de l’UE Oje Parvaz Mado Nafar Company (Mado), établie en Iran, spécialisée dans la fabrication de composants de véhicules aériens sans pilote (UAV) ainsi que dans l’importation et l’exportation de marchandises commerciales. Mado est affiliée au Corps des gardiens de la révolution islamique (IRGC). Par l’intermédiaire d",fr
gb-fcdo-efdbdcfba5297c5a7125de489a9653a305ed2946,NK-ifqum332GLA2XtCU7LRGv7,Yousef Aboutalebi,UK,RUS1694,,The Russia (Sanctions) (EU Exit) Regulations 2019,GB-RUS,,2022-12-13,,,"Yousef ABOUTALEBI is an involved person under the Russia (Sanctions) (EU Exit) Regulations 2019, in that he is the Managing Director of Oje Parvaz Mado Nafar Company (Mado Company) which has provided or made available for use by the Russian military components and engines for Unmanned Aerial Vehicles (UAVs) that could contribute to destabilising Ukraine or undermining or threatening the territoria",gb
mc-freezes-3f8dcaa2d5b4d5729d061b45e4afc7bb9080c8bf,NK-ifqum332GLA2XtCU7LRGv7,Yousef Aboutalebi,Principauté de Monaco,,,,,,,,,"Yousef Aboutalebi est le directeur exécutif de la société inscrite sur la liste de l’UE Oje Parvaz Mado Nafar Company (Mado), établie en Iran, spécialisée dans la
fabrication de composants de véhicules aériens sans pilote (UAV) ainsi que dans l’importation et l’exportation de marchandises commerciales.
Mado est affiliée au Corps des gardiens de la révolution islamique (IRGC). Par l’intermédiaire d",mc
nz-ru-a70e950d2241640012c1ee9bc5ba1bc9e86ef8a0,NK-ifqum332GLA2XtCU7LRGv7,Yousef Aboutalebi,Ministry of Foreign Affairs and Trade,,,,NZ-RSA2022,,2023-02-17,,Sanctioned,Involved in the supply of Iranian drones to the Russian Federation,nz
ofac-401627e5fd8a045cf232c78bfc704f4910520eff,NK-ifqum332GLA2XtCU7LRGv7,Yousef Aboutalebi,Office of Foreign Assets Control,33595,,IFSR,US-IRAN,,,,,Executive Order 13382 (Non-proliferation),us
ua-nsdc-a01dc157c75384286a94a8bc1d1e9239e14b8884,NK-ifqum332GLA2XtCU7LRGv7,Yousef Aboutalebi,National Security and Defense Council,23016311100258,,163/2023,UA-SA1644,,2023-03-18,2033-03-18,active,,ua
gb-fcdo-a3a65fe26c6dceacd85f6bb84f1dce71aadc507a,NK-imyvmQUFJMSak2f4ACWWST,Khalifa Ghwell,UK,LIB0032,,The Libya (Sanctions) (EU Exit) Regulations 2020,GB-LBY,,2020-12-31,,,"In his capacity as the so-called 'Prime Minister and Defence Minister' off the internationally unrecognised General National Congress ('GNC')(also known as the 'National Salvation Government'), and therefore responsible for their activities. Ghwell has engaged in activity threatening the peace, security and stability of Libya and undermining its political transition.",gb
ofac-5ad835423ffede2050e518af92ed67d9a2a030f8,NK-imyvmQUFJMSak2f4ACWWST,Khalifa Ghwell,Office of Foreign Assets Control,19769,,LIBYA3,US-LIBYA,,,,,Executive Order 13726 (Libya),us
au-dfat-1f2f8303118c3c376db15999a084ebd6fb50fc05,NK-ipVrFZf7o3drYzB3jPB6tu,Islamic Revolutionary Guard Corps (IRGC),Department of Foreign Affairs and Trade,,,Autonomous (Libya),AU-LIBYA,,2024-01-12,,,,au
au-dfat-c61ed46b293fb9ea5eb1e227f3de84498a014f4c,NK-ipVrFZf7o3drYzB3jPB6tu,Islamic Revolutionary Guard Corps (IRGC),Department of Foreign Affairs and Trade,,,Autonomous (Iran),AU-IRAN,,2024-01-12,,,,au
be-fod-068fbadd6de2447e6c221b3e326007c7101cc1a0,NK-ipVrFZf7o3drYzB3jPB6tu,Islamic Revolutionary Guard Corps (IRGC),Federal Public Service Finance,,,,EU-LBY,2011-03-22,,,,272/2011 (OJ L76),be
be-fod-aafdbfbe7e6a71706f25239f224213a71beeaa3d,NK-ipVrFZf7o3drYzB3jPB6tu,Islamic Revolutionary Guard Corps (IRGC),Federal Public Service Finance,,,,EU-IRN,2012-03-24,,,,668/2010 (OJ L195),be
ca-lte-55195b22976a5f9ed5ab1436ae0f7b92a9d0cd5b,NK-ipVrFZf7o3drYzB3jPB6tu,Islamic Revolutionary Guard Corps (IRGC),Public Safety Canada,,,,CA-UNSC1373,,,,,,ca
ca-sema-425a06cb41c4df3e6c1b082ec52eaee7a35a6fc7,NK-ipVrFZf7o3drYzB3jPB6tu,Islamic Revolutionary Guard Corps (IRGC),Global Affairs Canada,136,,Iran,CA-SEMA,2016-02-05,,,,"1, Part 1",ca
ch-seco-5cd15f0b855a39f795a5fcb4e722d35017b00922,NK-ipVrFZf7o3drYzB3jPB6tu,Islamic Revolutionary Guard Corps (IRGC),State Secretariat for Economic Affairs,9645,104.,"Ordinance of 12 December 2025 on measures against the Islamic Republic of Iran (SR 946.231.143.6), annexes 11-14",SECO-IRAN,,,,,,ch
ch-seco-ae87f1be8fbd966dcf2e0419ec97e5dcc7eace3d,NK-ipVrFZf7o3drYzB3jPB6tu,Islamic Revolutionary Guard Corps (IRGC),State Secretariat for Economic Affairs,20771,,"Ordinance of 30 March 2011 on measures against Libya (SR 946.231.149.82), annexes 2, 3, 4 and 5",SECO-LIBYA,2015-08-28,2015-08-28,,,,ch
eu-fsf-9638487fa9d7070d9291aadd716cd53f44720592,NK-ipVrFZf7o3drYzB3jPB6tu,Islamic Revolutionary Guard Corps (IRGC),"Directorate‑General for Financial Stability, Financial Services and Capital Markets Union",EU.3379.72,,LBY,EU-LBY,2016-01-19,2011-03-21,,,2016/44 (OJ L12),eu
fr-ga-4805d29e9baeccb52c97e5bb58a0e8cbbe66e5fb,NK-ipVrFZf7o3drYzB3jPB6tu,Islamic Revolutionary Guard Corps (IRGC),Direction Générale du Trésor,,,(UE) 267/2012 du 23/03/2012- (UE Iran prolifération - R (UE) 267/2012),EU-TERR,,,,,responsable du programme nucléaire Iranien. Assure le contrôle opérationnel du programme de missiles balistiques de l'Iran. A tenté d'effectuer des acquisitions visant à soutenir le programme de missiles balistiques et le programme nucléaire de l'Iran,fr
gb-fcdo-89669811107d5a307393b1d7c7998add854d81b8,NK-ipVrFZf7o3drYzB3jPB6tu,Islamic Revolutionary Guard Corps (IRGC),UK,11238,,The Iran (Sanctions) (Nuclear) (EU Exit) Regulations 2019,GB-IRAN-NW,,2020-12-31,,,Responsible for Iran's nuclear programme. Has operational control for Iran's ballistic missile programme. Has undertaken procurement attempts to support Iran's ballistic missiles and nuclear programmes.,gb
gb-fcdo-ac0df4198205137487047e31e0b6f1e8f1d502df,NK-ipVrFZf7o3drYzB3jPB6tu,Islamic Revolutionary Guard Corps (IRGC),UK,11714,,The Libya (Sanctions) (EU Exit) Regulations 2020,GB-LBY,,2020-12-31,,,"Associated with Muammar Qadhafi, involved in activities carried out on behalf of the former regime of Muammar Qadhafi implementing or connected to the repressive policies of that regime, involved in violence against demonstrators.",gb
il-nbctf-3cd7167e2e97d34708570818baa21c72f761f2c8,NK-ipVrFZf7o3drYzB3jPB6tu,Islamic Revolutionary Guard Corps (IRGC),National Bureau for Counter Terror Financing,,,הכרזה על ארגון טרור לפי חוק המאבק בטרור - התשע''ו-2016,,,2024-03-28,,,"The Iranian Revolutionary Guard is a terrorist organization operating in the service of the Iranian regime. Over the past few years, it has been operating in order to harm the State of Israel and Israeli entities or those identified with Israel abroad, as well as commercial vessels that in its view are connected to Israel on the international shipping routes. All this in addition to the terrorist ",il
jp-eul-bef4b9b8541b39e92039380045317681dc55feda,NK-ipVrFZf7o3drYzB3jPB6tu,Islamic Revolutionary Guard Corps (IRGC),"Ministry of Economy, Trade and Industry",,,,,,,,,"Weapon Types: Missile, Nuclear, Conventional Weapons",jp
mc-freezes-128ec5605b1f0af2332354b03613256ad1659000,NK-ipVrFZf7o3drYzB3jPB6tu,Islamic Revolutionary Guard Corps (IRGC),Principauté de Monaco,,,,,,,,,,mc
mc-freezes-1cd6ebc3277b8c7d35d2805527a4481ff48642bb,NK-ipVrFZf7o3drYzB3jPB6tu,Islamic Revolutionary Guard Corps (IRGC),Principauté de Monaco,,,,,,,,,responsable du programme nucléaire Iranien. Assure le contrôle opérationnel du programme de missiles balistiques de l'Iran. A tenté d'effectuer des acquisitions visant à soutenir le programme de missiles balistiques et le programme nucléaire de l'Iran,mc
ofac-e15a63c529682f3c66eeee10fe90dcd21374528f,NK-ipVrFZf7o3drYzB3jPB6tu,Islamic Revolutionary Guard Corps (IRGC),Office of Foreign Assets Control,10391,,NPWMD,US-NON-PROLIF,,,,,TRA,us
sa-pcct-1bcc99233c415114ec231dec97f1504df8f2c9a3,NK-ipVrFZf7o3drYzB3jPB6tu,Islamic Revolutionary Guard Corps (IRGC),Permanent Committee for Counter-Terrorism,,,,SA-UNSC1373,,2018-10-23,,,,sa
trade-csl-6d756529794d56ed0dfb947071660467d0dee52e,NK-ipVrFZf7o3drYzB3jPB6tu,Islamic Revolutionary Guard Corps (IRGC),Nonproliferation Sanctions (ISN) - State Department,12/19/2007,,Nonproliferation Sanctions (ISN) - State Department,US-DOS-ISN,,2007-10-25,,,,us
us-dos-fto-b13222324f18241795f41ea641087b20f0eaebf1,NK-ipVrFZf7o3drYzB3jPB6tu,Islamic Revolutionary Guard Corps (IRGC),U.S. Department of State,,,,US-FTO219,,2019-04-15,,,,us
au-dfat-8b6778e6b81055dae07454675492019523384872,NK-iqGt93kQpGhRxEVy4KjriT,Kourosh ASIABANI,Department of Foreign Affairs and Trade,,,Autonomous (Thematic - Human Rights),AU-HUMAN,,2023-03-20,,,,au
ofac-6a7c5d33c7ecdef3474a690f99d01603ecf66ac2,NK-iqGt93kQpGhRxEVy4KjriT,Kourosh ASIABANI,Office of Foreign Assets Control,40601,,IRAN-HR,US-IRAN,,,,,Executive Order 13553 (Iran),us
au-dfat-dfe60a9621b86d6232c0bbceb43b62f9a58bf3d6,NK-istDm9fHi3CGpVhhN747bS,Mohammad Abdollahpour,Department of Foreign Affairs and Trade,,,Autonomous (Iran),AU-IRAN,,2024-09-16,,,,au
be-fod-62ee369f118bbd3d4eb00a34f5cd4d469859e739,NK-istDm9fHi3CGpVhhN747bS,Mohammad Abdollahpour,Federal Public Service Finance,,,,EU-IRN,2022-12-12,,,,2022/2428 (OJ L318I),be
eu-fsf-ae8dbe79a41814ed2fa67fa0b2cf0c45ee807c78,NK-istDm9fHi3CGpVhhN747bS,Mohammad Abdollahpour,"Directorate‑General for Financial Stability, Financial Services and Capital Markets Union",EU.9199.87,,IRN,EU-IRN,2022-12-12,2022-12-12,,,2022/2428 (OJ L318I),eu
eu-tb-637403a4468f4d8eee5702ef3689776f44e8f360,NK-istDm9fHi3CGpVhhN747bS,Mohammad Abdollahpour,Council of the European Union,,,,,,,,,Council Decision concerning restrictive measures directed against certain persons and entities in view of the situation in Iran,eu
fr-ga-ea819e15ae7270348cc1949a4c282e9c82ac772e,NK-istDm9fHi3CGpVhhN747bS,Mohammad Abdollahpour,Direction Générale du Trésor,,,(UE) 2022/2428 du 12/12/2022 (UE Iran répression - R (UE) 359/2011),EU-IRN,,,,,"Le général de brigade Mohammad Abdollahpour est le commandant du corps provincial “Quds” relevant du Corps des gardiens de la révolution islamique (IRGC), dans la province de Gilan.La province de Gilan a vu des répressions violentes de la part des forces de sécurité iraniennes, y compris les forces de l’IRGC sous le commandement d’Abdollahpour, lors des manifestations de 2022. Il est donc responsa",fr
mc-freezes-dabbcb89a701c96a45b6ea4db64fc05c5e4a082c,NK-istDm9fHi3CGpVhhN747bS,Mohammad Abdollahpour,Principauté de Monaco,,,,,,,,,"Le général de brigade Mohammad Abdollahpour est le commandant du corps provincial “Quds” relevant du Corps des gardiens de la révolution islamique (IRGC),
dans la province de Gilan.
La province de Gilan a vu des répressions violentes de la part des forces de sécurité iraniennes, y compris les forces de l’IRGC sous le commandement d’Abdollahpour,
lors des manifestations de 2022.
Il est donc respons",mc
ofac-b928efc500b281054c5a2038eb8a4219f0caa0f1,NK-istDm9fHi3CGpVhhN747bS,Mohammad Abdollahpour,Office of Foreign Assets Control,44922,,IFSR,US-IRAN,,,,,Executive Order 13553 (Iran),us
ua-nsdc-d3a552a2430b40f8d4ac23792e248c6102270b77,NK-istDm9fHi3CGpVhhN747bS,Mohammad Abdollahpour,National Security and Defense Council,25044311100152,,443/2025,UA-SA1644,,2025-06-29,2035-06-29,active,рішення та регламенти Ради Європейського Союзу щодо забезпечення національних інтересів та національної безпеки України,ua
ofac-5be06bc04f9e3953577c4b36094c899021b1bc63,NK-iymWPuUPtRPqZdtMnEYVBk,Bahman Group,Office of Foreign Assets Control,25068,,IFSR,US-IRAN,,,,,Executive Order 13224 (Terrorism),us
sa-pcct-a6a4d62f72dca23ba33965f5f07c5098ca419210,NK-iymWPuUPtRPqZdtMnEYVBk,Bahman Group,Permanent Committee for Counter-Terrorism,,,,SA-UNSC1373,,2019-10-30,,,,sa
jp-eul-412bf0a63f86a467ff50b2d9644027adcec9f346,NK-j7hkGePxB9BdN6Wtqoisme,Saberin Kish Company,"Ministry of Economy, Trade and Industry",,,,,,,,,"Weapon Types: Missile, Conventional Weapons",jp
ofac-adae1f467570c8005d00de36da91fd99ab7edf61,NK-j7hkGePxB9BdN6Wtqoisme,Saberin Kish Company,Office of Foreign Assets Control,45354,,NPWMD,US-NON-PROLIF,,,,,Executive Order 13382 (Non-proliferation),us
au-dfat-af6645d9e555e72327b5dc28718e5d556d78dc00,NK-jAjDQx8NUBGdJB4RCMLScf,Sepasad Engineering Company,Department of Foreign Affairs and Trade,,,Autonomous (Iran),AU-IRAN,,2023-10-18,,,,au
au-dfat-d5a4f4ee6e84201c7d1925ed6b6a034bd4f9e72c,NK-jAjDQx8NUBGdJB4RCMLScf,Sepasad Engineering Company,Department of Foreign Affairs and Trade,,,1737 (Iran),UN-SC1737,,2025-12-12,,,,au
be-fod-0fadfec2cf6d1cd156540ab7798924374152272b,NK-jAjDQx8NUBGdJB4RCMLScf,Sepasad Engineering Company,Federal Public Service Finance,,,,EU-IRN,2023-10-17,,,,2023/2196 (OJ L17102023),be
ca-sema-b29144b374a14a4cfc2d37a06002dcd275a1059a,NK-jAjDQx8NUBGdJB4RCMLScf,Sepasad Engineering Company,Global Affairs Canada,230,,Iran,CA-SEMA,2023-10-18,,,,"1, Part 1",ca
ch-seco-ab4deeb9e3b1bc9245c85e45d416fa430dc9d92d,NK-jAjDQx8NUBGdJB4RCMLScf,Sepasad Engineering Company,State Secretariat for Economic Affairs,66496,IRe.065,"Ordinance of 12 December 2025 on measures against the Islamic Republic of Iran (SR 946.231.143.6), annexes 11-14",SECO-IRAN,2025-12-12,2025-12-12,,,,ch
eu-fsf-f193a7e0e0ca7abf7aa9e5d67d36f7248dc00e9e,NK-jAjDQx8NUBGdJB4RCMLScf,Sepasad Engineering Company,"Directorate‑General for Financial Stability, Financial Services and Capital Markets Union",EU.1836.93,,IRN,EU-IRN,2025-09-29,2023-10-17,,,2025/1982 (OJ L202501982),eu
fr-ga-8d6321bf4261f78e30c0954fc38fdd912892c8ef,NK-jAjDQx8NUBGdJB4RCMLScf,Sepasad Engineering Company,Direction Générale du Trésor,,,décision du comité des sanctions des Nations unies du 09/06/2010 (ONU Iran prolifération - RCSNU 1737 (2006) et R (UE) 267/2012),EU-IRN,,,,,"SSepasad Engineering Company est une filiale de Khatam al-Anbiya Construction Headquarters (KAA), entité de l’IRGC, et est donc  contrôlée par l’IRGC.",fr
fr-ga-fc3d6de083ee007ab6c6dac0f7fcda1e75b43ee7,NK-jAjDQx8NUBGdJB4RCMLScf,Sepasad Engineering Company,Direction Générale du Trésor,,,RCSNU 1737 (2006) et suiv (ONU Iran prolifération - RCSNU 1737 (2006) et suivantes),EU-IRN,,,,,"Entités qui sont la propriété, sont sous le contrôle ou agissent pour le compte du Corps des gardiens de la révolution islamique ; Sepasad Engineering Company est la propriété, se trouve sous le contrôle ou agit pour le compte de KAA",fr
gb-fcdo-0c70d7976bec56e13c4092abb858538dea1449a6,NK-jAjDQx8NUBGdJB4RCMLScf,Sepasad Engineering Company,UK|UN,INU0263,IRe.065,The Iran (Sanctions) (Nuclear) (EU Exit) Regulations 2019,GB-IRAN-NW,,2023-10-18,,,"Sepasad Engineering Company is an involved person within the meaning of the Iran (Sanctions) (Nuclear) (EU Exit) Regulations 2019. Sepasad Engineering Company is or has been responsible for, engaged in, or facilitated the proliferation or development of nuclear weapons in, or for use in, Iran, or an activity that could lead to the development of nuclear weapons in, or for use in, Iran.",gb
il-wmd-075f9c65f19b7f1d1a1c92e1e49689f4e9361a55,NK-jAjDQx8NUBGdJB4RCMLScf,Sepasad Engineering Company,Isreali Ministry of Finance,,,,,,2018-07-12,,,,il
ja-mof-41c9bc27cecea7c33b287795056b9311f54df8cc,NK-jAjDQx8NUBGdJB4RCMLScf,Sepasad Engineering Company,Ministry of Finance,72,,イランの拡散上機微な核活動又は核兵器運搬手段の開発に関与する者（団体）,,,2025-09-28,,,,jp
jp-eul-d6b3ca50f0f4c3b1ae5ac9acd5ba96b92f1961ab,NK-jAjDQx8NUBGdJB4RCMLScf,Sepasad Engineering Company,"Ministry of Economy, Trade and Industry",,,,,,,,,"Weapon Types: Biological, Chemical, Missile, Nuclear",jp
mc-freezes-892a43b08513ad3d7da5a41a4eaa49b77c43d68d,NK-jAjDQx8NUBGdJB4RCMLScf,Sepasad Engineering Company,Principauté de Monaco,,,,,,,,,"Sepasad Engineering Company est la propriété, se trouve sous le contrôle ou agit pour le compte de KAA.",mc
ofac-d8774233e885f5331cd983d7e213db58eac2310f,NK-jAjDQx8NUBGdJB4RCMLScf,Sepasad Engineering Company,Office of Foreign Assets Control,10491,,NPWMD,US-NON-PROLIF,,,,,TRA,us
tr-fcib-8a96bfc3d3e107366b837cdff12d3102eb1cc4e2,NK-jAjDQx8NUBGdJB4RCMLScf,Sepasad Engineering Company,Republic of Türkiye Ministry of Treasury and Finance - Financial Crimes Investigation Board,,,"Asset freezes within the scope of Articles 3.A and 3.B of Law No. 7262, aimed at preventing the financing of the proliferation of weapons of mass destruction.",,2010-06-09,,,,,tr
ua-nsdc-0bfcaed8250dd829714b8236e71ff5c583994c87,NK-jAjDQx8NUBGdJB4RCMLScf,Sepasad Engineering Company,National Security and Defense Council,16025412200050,,254/2016,UA-SA1644,,2016-06-15,2018-10-18,expired,,ua
ua-sfms-067ce1173cb0a4e359b176ef56c2b79ed1d056a5,NK-jAjDQx8NUBGdJB4RCMLScf,Sepasad Engineering Company,State Finance Monitoring Service,,,РБ ООН (Комітет 1737 (2006)),,2025-09-29,2025-09-29,,,,ua
unsc-a907a2661a237f9e8b8ce70827810c04cda5fd33,NK-jAjDQx8NUBGdJB4RCMLScf,Sepasad Engineering Company,United Nations Security Council,,IRe.065,Iran,UN-SC1737,2010-06-09,2010-06-09,,,,
zafic-5208b82543a11570c45287edff25743367f8a953,NK-jAjDQx8NUBGdJB4RCMLScf,Sepasad Engineering Company,Financial Intelligence Centre,,IRe.065,,,2010-06-09,,,,,za
au-dfat-944a3ef9a9764bfa03bab3e559183ebf0539acfb,NK-jE5CT2uhW8uureiPCVy843,Ansar Bank,Department of Foreign Affairs and Trade,,,Autonomous (Iran),AU-IRAN,,2024-01-12,,,,au
be-fod-275b814e1247db443462f56c0d2d6063f652f40e,NK-jE5CT2uhW8uureiPCVy843,Ansar Bank,Federal Public Service Finance,,,,EU-IRN,2011-05-24,,,,503/2011 (OJ L136),be
ca-sema-77f57150274b6c7ff84cb56aea4e4f4b517b5e65,NK-jE5CT2uhW8uureiPCVy843,Ansar Bank,Global Affairs Canada,88,,Iran,CA-SEMA,2016-02-05,,,,"1, Part 1",ca
ch-seco-6d1659215ea353cab99933cec34f47da45daf250,NK-jE5CT2uhW8uureiPCVy843,Ansar Bank,State Secretariat for Economic Affairs,9650,105.,"Ordinance of 12 December 2025 on measures against the Islamic Republic of Iran (SR 946.231.143.6), annexes 11-14",SECO-IRAN,,,,,,ch
eu-fsf-d6e3121f836bcf032b29bdde87d62d7d1f012ff3,NK-jE5CT2uhW8uureiPCVy843,Ansar Bank,"Directorate‑General for Financial Stability, Financial Services and Capital Markets Union",EU.2405.72,,IRN,EU-IRN,2011-05-24,2011-05-24,,,503/2011 (OJ L136),eu
fr-ga-56ba7194f46b904537eb5d72043d9b0dcf3e0cdf,NK-jE5CT2uhW8uureiPCVy843,Ansar Bank,Direction Générale du Trésor,,,(UE) 267/2012 du 23/03/2012 (UE Iran prolifération - R (UE) 267/2012),EU-IRN,,,,,Appartient au Corps des gardiens de la révolution islamique (IRGC) - Bonyad Taavon Sepah a créé l'Ansar Bank pour fournir des services financiers et de crédit au personnel de l'IRGC,fr
gb-fcdo-ee9c10ba49761ae75b93944adeecb8606b81fd5e,NK-jE5CT2uhW8uureiPCVy843,Ansar Bank,UK,INU0048,,The Iran (Sanctions) (Nuclear) (EU Exit) Regulations 2019,GB-IRAN-NW,,2020-12-31,,,"Bonyad Taavon Sepah created Ansar Bank to provide financial and credit services to IRGC personnel. Initially, Ansar Bank operated as a credit union and transitioned into a fully fledged bank in mid 2009, upon receiving a license from Iran's Central Bank. Ansar Bank, formerly known as Ansar al Mojahedin, provides financial services to the IRGC. IRGC members received their salaries through Ansar Ban",gb
mc-freezes-0170c96f377a137b9dc10dfeec58276b6380928c,NK-jE5CT2uhW8uureiPCVy843,Ansar Bank,Principauté de Monaco,,,,,,,,,Appartient au Corps des gardiens de la révolution islamique (IRGC) - Bonyad Taavon Sepah a créé l'Ansar Bank pour fournir des services financiers et de crédit au personnel de l'IRGC,mc
ofac-779349eb1df9fe4efec682f8d743a4b99ec8bef1,NK-jE5CT2uhW8uureiPCVy843,Ansar Bank,Office of Foreign Assets Control,12478,,NPWMD,US-NON-PROLIF,,,,,TRA,us
au-dfat-f31309aaceb6b341f044ce6f85fadb7fc2c7f964,NK-jEWLrYXBq5XEzuyMXYZfRs,Javad Darvish-Vand,Department of Foreign Affairs and Trade,,,Autonomous (Iran),AU-IRAN,,2024-01-12,,,,au
be-fod-8832b86ae9d6669ebc0b80b740efee5cd07c0502,NK-jEWLrYXBq5XEzuyMXYZfRs,Javad Darvish-Vand,Federal Public Service Finance,,,,EU-IRN,2022-06-28,,,,2022/1010 (OJ L170),be
ca-sema-e897a69e1f7a8fd436a12711930533a1939f0a41,NK-jEWLrYXBq5XEzuyMXYZfRs,Javad Darvish-Vand,Global Affairs Canada,11,,Iran,CA-SEMA,2016-02-05,,,,"1, Part 2",ca
ch-seco-ae6c8a0e1bc87c8bbf8e17f13be9444c592abc4e,NK-jEWLrYXBq5XEzuyMXYZfRs,Javad Darvish-Vand,State Secretariat for Economic Affairs,11050,14.,"Ordinance of 12 December 2025 on measures against the Islamic Republic of Iran (SR 946.231.143.6), annexes 11-14",SECO-IRAN,2019-06-18,2019-06-18,,,,ch
eu-fsf-c5dc8a5e9acb1e76456b2ca442801c134ef39cb4,NK-jEWLrYXBq5XEzuyMXYZfRs,Javad Darvish-Vand,"Directorate‑General for Financial Stability, Financial Services and Capital Markets Union",EU.2123.55,,IRN,EU-IRN,2022-06-28,2008-06-23,,,2022/1010 (OJ L170),eu
eu-tb-096c804bf9a237669579cbfca5b85dd4e25bc5a2,NK-jEWLrYXBq5XEzuyMXYZfRs,Javad Darvish-Vand,Council of the European Union,,,,,,,,,Council Decision concerning restrictive measures against Iran and repealing Common Position 2007/140/CFSP,eu
eu-tb-7140f54e2e75a8f1e17f7a46fe91eedb97401dd8,NK-jEWLrYXBq5XEzuyMXYZfRs,Javad Darvish-Vand,Council of the European Union,,,,,,,,,Council Decision concerning restrictive measures against Iran,eu
eu-tb-86b4860d947b3b29f0a5db2819365249d790edc2,NK-jEWLrYXBq5XEzuyMXYZfRs,Javad Darvish-Vand,Council of the European Union,,,,,,,,,Council Decision concerning restrictive measures against Iran,eu
fr-ga-31425449aeb312a1b7bbac1f6b9f204896a94b53,NK-jEWLrYXBq5XEzuyMXYZfRs,Javad Darvish-Vand,Direction Générale du Trésor,,,(UE) 2022/1010 du 27/06/2022 (UE Iran prolifération - R (UE) 267/2012),EU-IRN,,,,,,fr
gb-fcdo-dc2d524599f58b26054437c112a04fe085939679,NK-jEWLrYXBq5XEzuyMXYZfRs,Javad Darvish-Vand,UK,INU0010,,The Iran (Sanctions) (Nuclear) (EU Exit) Regulations 2019,GB-IRAN-NW,,2020-12-31,,,Former Deputy Minister and Inspector General of MODAFL,gb
mc-freezes-9dc08ac2b7df10310214c8eef166ba02c4e75e8a,NK-jEWLrYXBq5XEzuyMXYZfRs,Javad Darvish-Vand,Principauté de Monaco,,,,,,,,,,mc
au-dfat-ba96c6bd2c23d2f957e35fdbca44740014b83819,NK-jF6xZDZzsiGDtJtGcBqoLi,Islamic Revolutionary Guard Corps Aerospace Force,Department of Foreign Affairs and Trade,,,Autonomous (Iran),AU-IRAN,,2023-10-18,,,,au
be-fod-1679bcf658fc9bc228c86a0cd4cc371e4876b2dc,NK-jF6xZDZzsiGDtJtGcBqoLi,Islamic Revolutionary Guard Corps Aerospace Force,Federal Public Service Finance,,,,EU-UKR,2022-11-14,,,,2022/2229 (OJ L293-I),be
be-fod-a74b3b2bac7e9bd4d45b21e5e2ed27e4bc926f15,NK-jF6xZDZzsiGDtJtGcBqoLi,Islamic Revolutionary Guard Corps Aerospace Force,Federal Public Service Finance,,,,EU-IRN,2008-06-24,,,,2008/475/EC (OJ L163),be
ch-seco-4375122456c6d631fb5d59961df2e486adf5c710,NK-jF6xZDZzsiGDtJtGcBqoLi,Islamic Revolutionary Guard Corps Aerospace Force,State Secretariat for Economic Affairs,57575,,"Ordinance of 4 March 2022 on measures related to the situation in Ukraine (RS 946.231.176.72), annexes 2, 8, 9, 10, 11, 12,13, 14, 14a, 15, 15a, 15b, 15c, 25, 33, 35, 36, 37, 39, 40 and 41",SECO-UKRAINE,2022-12-08,2022-12-08,,,,ch
ch-seco-45bb989d6ee346af77a4a0a9ec7b5b8364ca01bb,NK-jF6xZDZzsiGDtJtGcBqoLi,Islamic Revolutionary Guard Corps Aerospace Force,State Secretariat for Economic Affairs,9668,107.,"Ordinance of 12 December 2025 on measures against the Islamic Republic of Iran (SR 946.231.143.6), annexes 11-14",SECO-IRAN,2024-08-16,2024-08-16,,,,ch
ch-seco-fbcf40d98fc0366a3235a8d1db2ced74bb2abf19,NK-jF6xZDZzsiGDtJtGcBqoLi,Islamic Revolutionary Guard Corps Aerospace Force,State Secretariat for Economic Affairs,61644,,"Ordinance of 4 March 2022 on measures related to the situation in Ukraine (RS 946.231.176.72), annexes 2, 8, 9, 10, 11, 12,13, 14, 14a, 15, 15a, 15b, 15c, 25, 33, 35, 36, 37, 39, 40 and 41",SECO-UKRAINE,2023-03-29,2023-03-29,,,,ch
eu-fsf-685bc58ba54abf8a25ca37078d18ce84527c9327,NK-jF6xZDZzsiGDtJtGcBqoLi,Islamic Revolutionary Guard Corps Aerospace Force,"Directorate‑General for Financial Stability, Financial Services and Capital Markets Union",EU.2166.51,,IRN,EU-IRN,2024-07-29,2008-06-23,,,2024/2074 (OJ L29072024),eu
eu-fsf-8e24940c6e2b7940303adddb102e4b4ed7df8f95,NK-jF6xZDZzsiGDtJtGcBqoLi,Islamic Revolutionary Guard Corps Aerospace Force,"Directorate‑General for Financial Stability, Financial Services and Capital Markets Union",EU.9027.6,,UKR,EU-UKR,2022-11-14,2022-11-14,,,2022/2229 (OJ L293-I),eu
fr-ga-18001fda6da13f56b63fcc8ef5d2c3a152f2e3db,NK-jF6xZDZzsiGDtJtGcBqoLi,Islamic Revolutionary Guard Corps Aerospace Force,Direction Générale du Trésor,,,(UE) 54/2012 du 23/01/2012 (UE Iran prolifération - R (UE) 267/2012),EU-IRN,,,,,Gère les stocks de missiles balistiques à courte et moyenne portée de l’Iran,fr
fr-ga-1fea272786ad509543bd1843007230b4f438542f,NK-jF6xZDZzsiGDtJtGcBqoLi,Islamic Revolutionary Guard Corps Aerospace Force,Direction Générale du Trésor,,,(UE) 2022/2229 du 14/11/2022 (UE Ukraine intégrité territoriale - R (UE) 269/2014),EU-UKR,,,,,"La force aérospatiale du Corps des gardiens de la révolution islamique (IRGC ASF) est responsable du développement du programme iranien de véhicules aériens sans pilote (UAV), y compris les Shahed-136 et Mohajer-6, qui sont utilisés par la Fédération de Russie dans la guerre d’agression contre l’Ukraine. En tant que principal exploitant de la flotte iranienne d’UAV, l’IRGC ASF joue un rôle importa",fr
gb-fcdo-411f54721650292a00569ad5fdbd7cb320d14cd2,NK-jF6xZDZzsiGDtJtGcBqoLi,Islamic Revolutionary Guard Corps Aerospace Force,UK,INU0081,,The Iran (Sanctions) (Nuclear) (EU Exit) Regulations 2019,GB-IRAN-NW,,2020-12-31,,,Operates Iran’s inventory of short and medium range ballistic missiles and is responsible for controlling Iran’s strategic missile force. Controlled by and acts on behalf of the IRGC.,gb
jp-eul-885618376d3f0c636fb1e600327c000be08fb41b,NK-jF6xZDZzsiGDtJtGcBqoLi,Islamic Revolutionary Guard Corps Aerospace Force,"Ministry of Economy, Trade and Industry",,,,,,,,,"Weapon Types: Missile, Conventional Weapons",jp
jp-eul-d132dc19c3a64089b146a1f684ccd3b4ea2f85ba,NK-jF6xZDZzsiGDtJtGcBqoLi,Islamic Revolutionary Guard Corps Aerospace Force,"Ministry of Economy, Trade and Industry",,,,,,,,,"Weapon Types: Missile, Conventional Weapons",jp
mc-freezes-76767db4a5cc13370093221377a7a3c0f1774ef6,NK-jF6xZDZzsiGDtJtGcBqoLi,Islamic Revolutionary Guard Corps Aerospace Force,Principauté de Monaco,,,,,,,,,"La force aérospatiale du Corps des gardiens de la révolution islamique (IRGC ASF) est responsable du développement du programme iranien de véhicules aériens
sans pilote (UAV), y compris les Shahed-136 et Mohajer-6, qui sont utilisés par la Fédération de Russie dans la guerre d’agression contre l’Ukraine. En tant que principal exploitant de la flotte iranienne d’UAV, l’IRGC ASF joue un rôle importa",mc
mc-freezes-dc77c221c239453d91c9205d4f652b9ce051ad3b,NK-jF6xZDZzsiGDtJtGcBqoLi,Islamic Revolutionary Guard Corps Aerospace Force,Principauté de Monaco,,,,,,,,,Gère les stocks de missiles balistiques à courte et moyenne portée de l’Iran.,mc
nz-ru-88f9709c45d7d784efbb718b2267a0ddb19fd656,NK-jF6xZDZzsiGDtJtGcBqoLi,Islamic Revolutionary Guard Corps Aerospace Force,Ministry of Foreign Affairs and Trade,,,,NZ-RSA2022,,2023-05-05,,Sanctioned,Involved in the supply of Iranian drones to the Russian Federation,nz
ofac-a659e0162f607cac292b4679c1f23b3fa647de34,NK-jF6xZDZzsiGDtJtGcBqoLi,Islamic Revolutionary Guard Corps Aerospace Force,Office of Foreign Assets Control,12055,,NPWMD,US-NON-PROLIF,,,,,TRA,us
trade-csl-ba93aa8a3d9564a95794f4e6f99619055be84643,NK-jF6xZDZzsiGDtJtGcBqoLi,Islamic Revolutionary Guard Corps Aerospace Force,Entity List (EL) - Bureau of Industry and Security,88 FR 6622,,Entity List (EL) - Bureau of Industry and Security,US-BIS-EL,,2023-01-31,,,"For All Items Subject to the EAR (See §734.9(g), 3 §744.21(b), and §746.8(a)(3) of the EAR).",us
ua-nsdc-c06568b3ac23455b810defa3c65b99b813d6d4c8,NK-jF6xZDZzsiGDtJtGcBqoLi,Islamic Revolutionary Guard Corps Aerospace Force,National Security and Defense Council,24063812200003,,638/2024,UA-SA1644,,2024-09-19,2034-09-19,active,рішення та регламенти Ради Європейського Союзу щодо забезпечення національних інтересів та національної безпеки України,ua
ae-lt-593a2ea520605b2cbb7801a6bdb7633a0e3b95ed,NK-jRwdpfgCZ68SqqLVnRXJSx,MOAZ ABDALLA DAEL FOR IMPORT AND EXPORT,Executive Office for Control & Non-proliferation,,,مدرج بموجب قرار مجلس الوزراء رقم (13) لسنة 2022,AE-UNSC1373,,,,,,ae
ofac-a9b53693b27321f14ef2267cd750359fce390f9d,NK-jRwdpfgCZ68SqqLVnRXJSx,MOAZ ABDALLA DAEL FOR IMPORT AND EXPORT,Office of Foreign Assets Control,34984,,SDGT,US-TERR,,,,,Executive Order 13224 (Terrorism),us
sa-pcct-9b66805e2d1381d550c1d6053fd669464e51c979,NK-jRwdpfgCZ68SqqLVnRXJSx,MOAZ ABDALLA DAEL FOR IMPORT AND EXPORT,Permanent Committee for Counter-Terrorism,,,,SA-UNSC1373,,2022-03-31,,,,sa
au-dfat-ddfa832239d8959ee85d5037fce71620566bc24d,NK-jSMTrsYkFusCkMoaH6N4Nu,Base opérationnelle de Karbala du Corps des gardiens de la révolution islamique (IRGC),Department of Foreign Affairs and Trade,,,Autonomous (Thematic - Human Rights),AU-HUMAN,,2023-03-20,,,,au
be-fod-88a8a6f8659bc34a280a5b00a00207f2391bda89,NK-jSMTrsYkFusCkMoaH6N4Nu,Base opérationnelle de Karbala du Corps des gardiens de la révolution islamique (IRGC),Federal Public Service Finance,,,,EU-IRN,2023-01-23,,,,2023/152 (OJ L20 I),be
eu-fsf-e0ddaa64158a8e76e0fa31c207cfec7013e35af9,NK-jSMTrsYkFusCkMoaH6N4Nu,Base opérationnelle de Karbala du Corps des gardiens de la révolution islamique (IRGC),"Directorate‑General for Financial Stability, Financial Services and Capital Markets Union",EU.9536.21,,IRN,EU-IRN,2023-01-23,2023-01-23,,,2023/152 (OJ L20 I),eu
fr-ga-15733837d295a75ca3827225ca65ac0c16fd8177,NK-jSMTrsYkFusCkMoaH6N4Nu,Base opérationnelle de Karbala du Corps des gardiens de la révolution islamique (IRGC),Direction Générale du Trésor,,,(UE) 2026/776 du 30/03/2026 (UE Iran répression - R (UE) 359/2011),EU-IRN,,,,,"La base opérationnelle de Karbala du Corps des gardiens de la révolution islamique (IRGC) est le quartier général régional du IRGC qui couvre les provinces du Khuzestan, du Lorestan et de Kohguilouyeh-et-Bouyer-Ahmad, au sud-ouest de l'Iran. À plusieurs reprises, la base opérationnelle de Karbala du IRGC a réprimé violemment les manifestations dans la région, en étroite collaboration avec le minis",fr
mc-freezes-08eb930d2ca9523bd98461d25deb69f4ac74edab,NK-jSMTrsYkFusCkMoaH6N4Nu,Base opérationnelle de Karbala du Corps des gardiens de la révolution islamique (IRGC),Principauté de Monaco,,,,,,,,,"La base opérationnelle de Karbala du Corps des gardiens de la révolution islamique (IRGC) est le quartier général régional du IRGC qui couvre les provinces du Khuzestan, du Lorestan et de Kohguilouyeh-et-Bouyer-Ahmad, au sud-ouest de l'Iran.
À plusieurs reprises, la base opérationnelle de Karbala du IRGC a réprimé violemment les manifestations dans la région, en étroite collaboration avec le minis",mc
ua-nsdc-6472ace81dd72c03f2c4167466e72b8a352ceae4,NK-jSMTrsYkFusCkMoaH6N4Nu,Base opérationnelle de Karbala du Corps des gardiens de la révolution islamique (IRGC),National Security and Defense Council,25044312200037,,443/2025,UA-SA1644,,2025-06-29,2035-06-29,active,рішення та регламенти Ради Європейського Союзу щодо забезпечення національних інтересів та національної безпеки України,ua
ofac-487b8060a2ee0951d3dd9e879224012e0eb03de7,NK-jVfHFouz7oC2dzNjSYKS4n,Africo 1 Off-Shore SAL,Office of Foreign Assets Control,27269,,SDGT,US-TERR,,,,,Executive Order 13224 (Terrorism),us
sa-pcct-9c5292e8b5bb5ae62adaf3bd7236f77c3ac81fa6,NK-jVfHFouz7oC2dzNjSYKS4n,Africo 1 Off-Shore SAL,Permanent Committee for Counter-Terrorism,,,,SA-UNSC1373,,2022-01-26,,,,sa
au-dfat-598edb5d5c22edea32e2d8e0fc3b2b45a769fb4c,NK-jj3vAETxpV67TYbc8GCkrw,Khatam al-Anbiya Construction Headquarters (KAA),Department of Foreign Affairs and Trade,,,1737 (Iran),UN-SC1737,,2025-12-12,,,,au
au-dfat-d6899ca17fae94440ba93d445ad410e7d2836d2f,NK-jj3vAETxpV67TYbc8GCkrw,Khatam al-Anbiya Construction Headquarters (KAA),Department of Foreign Affairs and Trade,,,Autonomous (Iran),AU-IRAN,,2024-01-12,,,,au
be-fod-c4b79459f9f180051f7055b464dd827ab5809677,NK-jj3vAETxpV67TYbc8GCkrw,Khatam al-Anbiya Construction Headquarters (KAA),Federal Public Service Finance,,,,EU-IRN,2024-07-29,,,,2024/2074 (OJ L29072024),be
be-fod-e48af2e96cd8696df71d0da43225a6b0a05e0172,NK-jj3vAETxpV67TYbc8GCkrw,Khatam al-Anbiya Construction Headquarters (KAA),Federal Public Service Finance,,,,EU-IRN,2024-07-11,,,,2024/1604 (OJ L31052024),be
ca-sema-b93857f90b956f3cff7440cbf9eb877fe150dd4a,NK-jj3vAETxpV67TYbc8GCkrw,Khatam al-Anbiya Construction Headquarters (KAA),Global Affairs Canada,46,,Iran,CA-SEMA,2016-02-05,,,,"1, Part 1",ca
ca-sema-c7aa8c772b5fe9b215e8b8268ed2a1e318ae2794,NK-jj3vAETxpV67TYbc8GCkrw,Khatam al-Anbiya Construction Headquarters (KAA),Global Affairs Canada,232,,Iran,CA-SEMA,2024-04-24,,,,"1, Part 1",ca
ch-seco-828245b7c8070dd404b5856ae4aeab56da760116,NK-jj3vAETxpV67TYbc8GCkrw,Khatam al-Anbiya Construction Headquarters (KAA),State Secretariat for Economic Affairs,66456,IRe.036,"Ordinance of 12 December 2025 on measures against the Islamic Republic of Iran (SR 946.231.143.6), annexes 11-14",SECO-IRAN,2024-08-16,2024-08-16,,,,ch
ch-seco-a0afcc4b32cb45650b3a65da75ae21abb7b93d0e,NK-jj3vAETxpV67TYbc8GCkrw,Khatam al-Anbiya Construction Headquarters (KAA),State Secretariat for Economic Affairs,78284,,"Ordinance of 12 December 2025 on measures against the Islamic Republic of Iran (SR 946.231.143.6), annexes 11-14",SECO-IRAN,2024-11-06,2024-11-07,,,,ch
eu-fsf-05054437756055408eff5989338713026e30ff05,NK-jj3vAETxpV67TYbc8GCkrw,Khatam al-Anbiya Construction Headquarters (KAA),"Directorate‑General for Financial Stability, Financial Services and Capital Markets Union",EU.2179.44,,IRN,EU-IRN,2025-09-29,2023-10-17,,,2025/1982 (OJ L202501982),eu
eu-fsf-e726cce4dee2b519a298d606daba197c5161606c,NK-jj3vAETxpV67TYbc8GCkrw,Khatam al-Anbiya Construction Headquarters (KAA),"Directorate‑General for Financial Stability, Financial Services and Capital Markets Union",EU.11698.80,,IRN,EU-IRN,2024-07-11,2024-05-31,,,2024/90388 (OJ L11072024),eu
fr-ga-3b53c90ca5bf24f4df6cab6b7a33c65e170c981f,NK-jj3vAETxpV67TYbc8GCkrw,Khatam al-Anbiya Construction Headquarters (KAA),Direction Générale du Trésor,,,RCSNU 1737 (2006) et suiv (ONU Iran prolifération - RCSNU 1737 (2006) et suivantes),EU-IRN,,,,,"Entités qui sont la propriété, sont sous le contrôle ou agissent pour le compte du Corps des gardiens de la révolution islamique ; Khatam al-Anbiya Construction Headquarters (KAA) est une société appartenant à l’IRGC, qui participe à d’importants projets de construction civils et militaires et à d’autres activités d’ingénierie. Elle travaille beaucoup sur des projets de l’Organisation de défense p",fr
fr-ga-75e69a2f9d39e0205b7418fa9d8784f9a1316727,NK-jj3vAETxpV67TYbc8GCkrw,Khatam al-Anbiya Construction Headquarters (KAA),Direction Générale du Trésor,,,(UE) 2024/1604 du 31/05/2024 (UE Iran - Soutien militaire dans le conflit Russie/Ukraine  - R(UE) 2023/1529),EU-IRN,,,,,"Entités associées: Corps des gardiens de la révolution islamique (IRGC) - Personnes associées: Gholam Ali RASHID (commandant du KCHG) - Le Khatam al-Anbiya Central Headquarters (KCHG) est l’entité centrale de la chaîne de commandement des forces armées iraniennes, prenant les décisions militaires opérationnelles et assurant la coordination entre l’armée conventionnelle iranienne (Artesh) et le Cor",fr
fr-ga-aeb4016df2d7587c50dfa55e6a53af2790401490,NK-jj3vAETxpV67TYbc8GCkrw,Khatam al-Anbiya Construction Headquarters (KAA),Direction Générale du Trésor,,,décision du comité des sanctions des Nations unies du 09/06/2010 (ONU Iran prolifération - RCSNU 1737 (2006) et R (UE) 267/2012),EU-IRN,,,,,Khatam al-Anbiya Construction Headquarters est une société de construction contrôlée par le Corps des gardiens de la révolution islamique (IRGC),fr
gb-fcdo-592cbfe03941dced8ce17e4b4bc8cbb223462480,NK-jj3vAETxpV67TYbc8GCkrw,Khatam al-Anbiya Construction Headquarters (KAA),UK,16470,,The Iran (Sanctions) Regulations 2023,GB-IRAN,,2024-04-18,,,"Khatam-al Anbiya Central Headquarters (KACHQ) is an involved person within the meaning of the Iran (Sanctions) Regulations 2023 on the basis of the following ground: KACHQ is or has been involved in hostile activity by the Government of Iran, namely threatening, planning or conducting activity which is intended to undermine the prosperity or security of Israel.",gb
gb-fcdo-d22cc44e6f0614cf1e316484e180f0452b2212c8,NK-jj3vAETxpV67TYbc8GCkrw,Khatam al-Anbiya Construction Headquarters (KAA),UK|UN,INU0240,IRe.036,The Iran (Sanctions) (Nuclear) (EU Exit) Regulations 2019,GB-IRAN-NW,,2023-10-18,,,"Khatam-al Anbiya Construction Headquarters is an involved person within the meaning of the Iran (Sanctions) (Nuclear) (EU Exit) Regulations 2019. Khatam-al Anbiya Construction Headquarters is or has been responsible for engaging in, providing support for or facilitating a relevant nuclear activity, specifically an activity that could lead to the development of nuclear weapons in, or for use in, Ir",gb
il-wmd-d84d8b1e072f4edfe549ee2ea46b34bfaeaec753,NK-jj3vAETxpV67TYbc8GCkrw,Khatam al-Anbiya Construction Headquarters (KAA),Isreali Ministry of Finance,,,,,,2018-07-12,,,,il
ja-mof-d859deb315c9acd8b6ac03c77a2092d75c4753e1,NK-jj3vAETxpV67TYbc8GCkrw,Khatam al-Anbiya Construction Headquarters (KAA),Ministry of Finance,64,,イランの拡散上機微な核活動又は核兵器運搬手段の開発に関与する者（団体）,,,2025-09-28,,,,jp
jp-eul-e7c3c03c55f7645a27d063fe490349ed00a63012,NK-jj3vAETxpV67TYbc8GCkrw,Khatam al-Anbiya Construction Headquarters (KAA),"Ministry of Economy, Trade and Industry",,,,,,,,,"Weapon Types: Biological, Chemical, Missile, Nuclear",jp
mc-freezes-503751795cedfb16195abc5d2b90d7244698e49d,NK-jj3vAETxpV67TYbc8GCkrw,Khatam al-Anbiya Construction Headquarters (KAA),Principauté de Monaco,,,,,,,,,"Le Khatam al-Anbiya Central Headquarters (KCHG) est l’entité centrale de la chaîne de commandement des forces armées iraniennes, prenant les décisions militaires opérationnelles et assurant la coordination entre l’armée conventionnelle iranienne (Artesh) et le Corps des gardiens de la révolution islamique (IRGC), qui acquiert et déploie des véhicules aériens sans pilote (UAV). La mission du KCHG e",mc
mc-freezes-54793565ab82f85cc24b847f0f60c38411c8ddb5,NK-jj3vAETxpV67TYbc8GCkrw,Khatam al-Anbiya Construction Headquarters (KAA),Principauté de Monaco,,,,,,,,,"Khatam al-Anbiya Construction Headquarters (KAA) est une société appartenant à l’IRGC, qui participe à d’importants projets de construction civils et militaires et à d’autres activités d’ingénierie. Elle travaille beaucoup sur des projets de l’Organisation de défense passive. En particulier, les filiales de KAA ont été fortement impliquées dans la construction du site d’enrichissement de l’uranium",mc
ofac-1603f28f704d007612053a01b9aaa2b8efc50720,NK-jj3vAETxpV67TYbc8GCkrw,Khatam al-Anbiya Construction Headquarters (KAA),Office of Foreign Assets Control,10488,,NPWMD,US-NON-PROLIF,,,,,TRA,us
tr-fcib-470c5e67cdfa89581e5948de1787e5ecb1abdc9f,NK-jj3vAETxpV67TYbc8GCkrw,Khatam al-Anbiya Construction Headquarters (KAA),Republic of Türkiye Ministry of Treasury and Finance - Financial Crimes Investigation Board,,,"Asset freezes within the scope of Articles 3.A and 3.B of Law No. 7262, aimed at preventing the financing of the proliferation of weapons of mass destruction.",,2010-06-09,,,,,tr
ua-nsdc-99c2fabf68f8da1ca9f913e701222685419cb93d,NK-jj3vAETxpV67TYbc8GCkrw,Khatam al-Anbiya Construction Headquarters (KAA),National Security and Defense Council,25044312200001,,443/2025,UA-SA1644,,2025-06-29,2035-06-29,active,рішення та регламенти Ради Європейського Союзу щодо забезпечення національних інтересів та національної безпеки України,ua
ua-nsdc-a97b11155618e213161785cc557046657c66a7f9,NK-jj3vAETxpV67TYbc8GCkrw,Khatam al-Anbiya Construction Headquarters (KAA),National Security and Defense Council,16025412200027,,254/2016,UA-SA1644,,2016-06-15,2018-10-18,expired,,ua
ua-sfms-fffeee56f8614b2ad93961b5685b4869d1d4c60c,NK-jj3vAETxpV67TYbc8GCkrw,Khatam al-Anbiya Construction Headquarters (KAA),State Finance Monitoring Service,,,РБ ООН (Комітет 1737 (2006)),,2025-09-29,2025-09-29,,,,ua
unsc-aa77cb577b72afe3b6fc2ff0c90fedce04d6ffc1,NK-jj3vAETxpV67TYbc8GCkrw,Khatam al-Anbiya Construction Headquarters (KAA),United Nations Security Council,,IRe.036,Iran,UN-SC1737,2010-06-09,2010-06-09,,,,
zafic-8029eac04082ec8576f137a4f4c718d56507e6d4,NK-jj3vAETxpV67TYbc8GCkrw,Khatam al-Anbiya Construction Headquarters (KAA),Financial Intelligence Centre,,IRe.036,,,2010-06-09,,,,,za
arpet-0258a246938121f1836c2ccbacf8b670d821f5ae,NK-jjmtejv3UkowmTUjQTmGZd,Abd Al-Baset Azzouz,Ministerio de Justicia,,QDi.371,UN List,,2016-02-29,2016-02-29,,,,ar
au-dfat-2d2a83cd87eb9213080ea423dfbf53edf1fb5d4a,NK-jjmtejv3UkowmTUjQTmGZd,Abd Al-Baset Azzouz,Department of Foreign Affairs and Trade,,,1267 (ISIL (Da'esh) and Al-Qaida),UN-SCISIL,,2026-02-20,,,,au
be-fod-a0ee43e68e99c338f4ad1819a5386fe2011eae0b,NK-jjmtejv3UkowmTUjQTmGZd,Abd Al-Baset Azzouz,Federal Public Service Finance,,,,EU-TAQA-EUAQ,2016-03-04,,,,2016/307 (OJ L58),be
ch-seco-fb75844e2b8546465632eae437aa7542eece6850,NK-jjmtejv3UkowmTUjQTmGZd,Abd Al-Baset Azzouz,State Secretariat for Economic Affairs,84560,QDi.371,"Ordinance on measures against persons, groups, undertakings and entities associated with ISIL (Da'esh) and Al-Qaida",SECO-ISIL,2025-05-14,2025-05-15,,,,ch
eu-fsf-60883965c1ca565a52d2a3e414a9fba753c52121,NK-jjmtejv3UkowmTUjQTmGZd,Abd Al-Baset Azzouz,"Directorate‑General for Financial Stability, Financial Services and Capital Markets Union",EU.3428.67,,TAQA,EU-TAQA-EUAQ,2016-03-04,2016-02-29,,,2016/307 (OJ L58),eu
eu-tb-6a528701c38d1bbe50c7bf190c15c9bb6c4cad4c,NK-jjmtejv3UkowmTUjQTmGZd,Abd Al-Baset Azzouz,Council of the European Union,,,,,,,,,"Council Decision concerning restrictive measures against ISIL (Da'esh) and Al-Qaeda and persons, groups, undertakings and entities associated with them and repealing Common Position 2002/402/CFSP",eu
eu-tb-920f7df3799508eb904509f3d1a6c9cc1bdd4f1a,NK-jjmtejv3UkowmTUjQTmGZd,Abd Al-Baset Azzouz,Council of the European Union,,,,,,,,,"Decision concerning restrictive measures against ISIL (Da’esh) and Al-Qaeda and persons, groups, undertakings and entities associated with them",eu
fr-ga-e9917950efbe193411495d90f5eec208c249e42b,NK-jjmtejv3UkowmTUjQTmGZd,Abd Al-Baset Azzouz,Direction Générale du Trésor,EU.3428.67,QDi.371,(UE) 2016/307 du 03/03/2016 (ONU Al Qaeda Etat - Islamique - RCSNU 1267 (1999) et R (UE) 881/2002 ),UN-SCISIL,,,,,cadre Al Qaeda - recruteur. Dernière localisation connue : Libye,fr
gb-fcdo-1c5961efb110d8c3ebf8d7d5b72667d0bf435e73,NK-jjmtejv3UkowmTUjQTmGZd,Abd Al-Baset Azzouz,"Foreign, Commonwealth & Development Office",AQD0089,QDi.371,Isil (Da'esh) and Al-Qaeda (United Nations Sanctions) (EU Exit) Regulations 2019,GB-ISIL,,2016-02-29,,,,gb
id-dttot-e3bbca5f2fa99764b3686dfdfbf180ba28d9d128,NK-jjmtejv3UkowmTUjQTmGZd,Abd Al-Baset Azzouz,Indonesian Financial Transaction Reports and Analysis Center,ILQ-257,,,,,,,,,id
il-nbctf-2df90c9caeff191d98f6720408cd6a12c7d4c80e,NK-jjmtejv3UkowmTUjQTmGZd,Abd Al-Baset Azzouz,National Bureau for Counter Terror Financing,,,"מועבי""ט - או""ם",,,2016-02-29,,,,il
ja-mof-f5855b362d5ba706bffb51513f203b408b16440c,NK-jjmtejv3UkowmTUjQTmGZd,Abd Al-Baset Azzouz,Ministry of Finance,722,,タリバーン関係者等 （タリバーン、アル・カーイダ及びISIL（ダーイシュ）関係者等） / （注1）国連安保理決議第1267号、第1333号、第1390号、第1988号、第1989号、第2253号及び第2255号に加えて、国連安保理決議第1373号に基づく資産凍結措置の対象に指定されている個人及び団体については、告示番号の冒頭に＊印を付しています。 （注2）2021年5月28日以降の制裁対象者の追加指定につきましては、外務省告示を２回に分けて発出することとなりました。 （１回目：制裁対象者の氏名等を国連安保理が公表した英文の情報のまま発出する告示、２回目：制裁対象者の氏名等に仮名表記等を追加・修文する告示）２回目の告示発出につきましては、当シートの告示日付には反映しておりません。,,,2021-04-30,,,,jp
mc-freezes-6434b9d86f42a0782275525434869ce7525a3512,NK-jjmtejv3UkowmTUjQTmGZd,Abd Al-Baset Azzouz,Principauté de Monaco,,,,,,,,,cadre Al Qaeda - recruteur. Dernière localisation connue : Libye,mc
md-terr-8f10d0e60ab4bf36064a0746551de3a995063054,NK-jjmtejv3UkowmTUjQTmGZd,Abd Al-Baset Azzouz,Centrul Antiterorist al Serviciului de Informaţii şi Securitate al Republicii Moldova,,QDi.371,"Lista persoanelor, entităţilor şi a altor grupuri asociate cu „ISIL” („Da’esh”) şi „Al-Qaida” menţinută de CCS al ONU, instituit prin Rezoluţiile 1267 (1999), 1989 (2011), 2253 (2015)",,,,,,,md
ofac-846503e2ebeb599d92cb17512c1b77de64cdae33,NK-jjmtejv3UkowmTUjQTmGZd,Abd Al-Baset Azzouz,Office of Foreign Assets Control,17300,,SDGT,US-TERR,,,,,Executive Order 13224 (Terrorism),us
ua-sfms-c0519378bc3a8dac077c426d5a1edeb076543a25,NK-jjmtejv3UkowmTUjQTmGZd,Abd Al-Baset Azzouz,State Finance Monitoring Service,,,Резолюції РБ ООН 1267 (1999) та 1989 (2011),,2016-03-11,2016-03-11,,,,ua
unsc-26c9e53441581138c997d916b8d8d2849402d787,NK-jjmtejv3UkowmTUjQTmGZd,Abd Al-Baset Azzouz,United Nations Security Council,,QDi.371,Al-Qaida,UN-SCISIL,2016-02-29,2016-02-29,,,,
zafic-971f860ebf26870638a27b0e4e3c3a17d080e6d5,NK-jjmtejv3UkowmTUjQTmGZd,Abd Al-Baset Azzouz,Financial Intelligence Centre,,QDi.371,,,2016-02-29,,,,,za
au-dfat-01b5697477523619f8be7f9f64223dccbf1d1396,NK-jtVerogvcsNowZJdBqbqDa,Ghorb Nooh,Department of Foreign Affairs and Trade,,,Autonomous (Iran),AU-IRAN,,2023-10-18,,,,au
au-dfat-ddb0a32dc6dc9899e821d11e452bd0b88a343311,NK-jtVerogvcsNowZJdBqbqDa,Ghorb Nooh,Department of Foreign Affairs and Trade,,,1737 (Iran),UN-SC1737,,2025-12-12,,,,au
be-fod-90d1c587484107c0c2c3996ca2ccbffa99693956,NK-jtVerogvcsNowZJdBqbqDa,Ghorb Nooh,Federal Public Service Finance,,,,EU-IRN,2023-10-17,,,,2023/2196 (OJ L17102023),be
ca-sema-dbce8191b4d8bf1ae8dcb8b914ef0d53d9d6bbef,NK-jtVerogvcsNowZJdBqbqDa,Ghorb Nooh,Global Affairs Canada,181,,Iran,CA-SEMA,2023-10-18,,,,"1, Part 1",ca
ch-seco-1a91cedb221f058c9ca472a9c9463aeb3002a3bc,NK-jtVerogvcsNowZJdBqbqDa,Ghorb Nooh,State Secretariat for Economic Affairs,66524,IRe.024,"Ordinance of 12 December 2025 on measures against the Islamic Republic of Iran (SR 946.231.143.6), annexes 11-14",SECO-IRAN,2025-12-12,2025-12-12,,,,ch
eu-fsf-ca5ead388ff6f438239f22fcfb2db96cc3954246,NK-jtVerogvcsNowZJdBqbqDa,Ghorb Nooh,"Directorate‑General for Financial Stability, Financial Services and Capital Markets Union",EU.2061.67,,IRN,EU-IRN,2025-09-29,2023-10-17,,,2025/1982 (OJ L202501982),eu
fr-ga-641a3c2ae40ce9e88b7d76447e6ab06c6fd69b42,NK-jtVerogvcsNowZJdBqbqDa,Ghorb Nooh,Direction Générale du Trésor,,,décision du comité des sanctions des Nations unies du 09/06/2010 (ONU Iran prolifération - RCSNU 1737 (2006) et R (UE) 267/2012),EU-IRN,,,,,Ghorb Nooh est une filiale de Khatam al-Anbiya Construction Headquarters (KAA) et est donc contrôlée par l’IRGC.,fr
fr-ga-a1c3468cce60f581edbe690108748823cd139b26,NK-jtVerogvcsNowZJdBqbqDa,Ghorb Nooh,Direction Générale du Trésor,,,RCSNU 1737 (2006) et suiv (ONU Iran prolifération - RCSNU 1737 (2006) et suivantes),EU-IRN,,,,,"Entités qui sont la propriété, sont sous le contrôle ou agissent pour le compte du Corps des gardiens de la révolution islamique ; Appartient à KAA ou est contrôlé par KAA.",fr
gb-fcdo-942c6432016a8fe98e950dfc99c593b132c74678,NK-jtVerogvcsNowZJdBqbqDa,Ghorb Nooh,UK|UN,INU0233,IRe.024,The Iran (Sanctions) (Nuclear) (EU Exit) Regulations 2019,GB-IRAN-NW,,2023-10-18,,,"Ghorb Nooh is an involved person within the meaning of the Iran (Sanctions) (Nuclear) (EU Exit) Regulations 2019. Ghorb Nooh is or has been responsible for, engaged in, provided support for, or promoted, or facilitated, a relevant nuclear activity, specifically the proliferation or development of nuclear weapons in, or for use in, Iran, or an activity that could lead to the development of nuclear ",gb
il-wmd-f8f68f9b329f441acc6b2479e06a9262756462b6,NK-jtVerogvcsNowZJdBqbqDa,Ghorb Nooh,Isreali Ministry of Finance,,,,,,2018-07-12,,,,il
ja-mof-dd1c0394b38695d71edeaa2e799c04bc89bf0df6,NK-jtVerogvcsNowZJdBqbqDa,Ghorb Nooh,Ministry of Finance,61,,イランの拡散上機微な核活動又は核兵器運搬手段の開発に関与する者（団体）,,,2025-09-28,,,,jp
jp-eul-1d782d634f7629d5a208290eeaaad7f5303edbc8,NK-jtVerogvcsNowZJdBqbqDa,Ghorb Nooh,"Ministry of Economy, Trade and Industry",,,,,,,,,"Weapon Types: Biological, Chemical, Missile, Nuclear",jp
mc-freezes-f7c78f7e1483839e78600ee82a248f76eb3c952d,NK-jtVerogvcsNowZJdBqbqDa,Ghorb Nooh,Principauté de Monaco,,,,,,,,,"Ghorb Nooh est une filiale de Khatam al-Anbiya Construction Headquarters (KAA) et est donc contrôlée par l’IRGC.
Ghorb Nooh est la propriété ou se trouve sous le contrôle de KAA.",mc
ofac-b4faffcfa9488e5a7b6293bdd9b4af9e9acc03fe,NK-jtVerogvcsNowZJdBqbqDa,Ghorb Nooh,Office of Foreign Assets Control,10492,,NPWMD,US-NON-PROLIF,,,,,TRA,us
tr-fcib-387e0f9bc55247810c6f1e8e77470f0754e13086,NK-jtVerogvcsNowZJdBqbqDa,Ghorb Nooh,Republic of Türkiye Ministry of Treasury and Finance - Financial Crimes Investigation Board,,,"Asset freezes within the scope of Articles 3.A and 3.B of Law No. 7262, aimed at preventing the financing of the proliferation of weapons of mass destruction.",,2010-06-09,,,,,tr
ua-nsdc-85c8d6da175608506aefaf44f23a86808fdf0d28,NK-jtVerogvcsNowZJdBqbqDa,Ghorb Nooh,National Security and Defense Council,16025412200020,,254/2016,UA-SA1644,,2016-06-15,2018-10-18,expired,,ua
ua-sfms-214d4e78a48540da68bd526fb29627c3d6114eb6,NK-jtVerogvcsNowZJdBqbqDa,Ghorb Nooh,State Finance Monitoring Service,,,РБ ООН (Комітет 1737 (2006)),,2025-09-29,2025-09-29,,,,ua
unsc-192c1f6912ed216f42d78277806e94972ccc0bc1,NK-jtVerogvcsNowZJdBqbqDa,Ghorb Nooh,United Nations Security Council,,IRe.024,Iran,UN-SC1737,2010-06-09,2010-06-09,,,,
zafic-567bb2e80c2f5dbd349f21df0132ce51274ab3fc,NK-jtVerogvcsNowZJdBqbqDa,Ghorb Nooh,Financial Intelligence Centre,,IRe.024,,,2010-06-09,,,,,za
jp-eul-c670a426b457ab695619f99148cf1719c6bf3bf6,NK-jzGyiPEyGma9WRoPEjrfaM,Qeshm Madkandaloo Shipbuilding Cooperative Co,"Ministry of Economy, Trade and Industry",,,,,,,,,"Weapon Types: Missile, Conventional Weapons",jp
ofac-61a976f12024597b296471667b9c9e282e837d2b,NK-jzGyiPEyGma9WRoPEjrfaM,Qeshm Madkandaloo Shipbuilding Cooperative Co,Office of Foreign Assets Control,22694,,IFSR,US-IRAN,,,,,Executive Order 13382 (Non-proliferation),us
au-dfat-dba579fb1c99804a39305eefbeb5a8af2bab64be,NK-k2CyriHZoaokUNi9VZiFKY,Ibrahim Jadhran,Department of Foreign Affairs and Trade,,,1970 (Libya),UN-SC1970,,2026-02-20,,,,au
be-fod-37365b9238a86a7e123898357bfceb4270efbd8f,NK-k2CyriHZoaokUNi9VZiFKY,Ibrahim Jadhran,Federal Public Service Finance,,,,EU-LBY,2020-03-06,,,,2020/371 (OJ L71),be
ch-seco-3bc2df94ac07e322a3789c9bb7f6eccaa4f6a928,NK-k2CyriHZoaokUNi9VZiFKY,Ibrahim Jadhran,State Secretariat for Economic Affairs,39608,LYi.027,"Ordinance of 30 March 2011 on measures against Libya (SR 946.231.149.82), annexes 2, 3, 4 and 5",SECO-LIBYA,2018-09-12,2020-02-25,,,,ch
ch-seco-e6619c5ebfefa78d1fd7cf8be45094a687a9de46,NK-k2CyriHZoaokUNi9VZiFKY,Ibrahim Jadhran,State Secretariat for Economic Affairs,39601,LYi.027,"Ordinance of 30 March 2011 on measures against Libya (SR 946.231.149.82), annexes 2, 3, 4 and 5",SECO-LIBYA,2020-02-26,2025-04-07,,,,ch
eu-fsf-a3314c85f7f71db9b25d69c9af14da9182942e33,NK-k2CyriHZoaokUNi9VZiFKY,Ibrahim Jadhran,"Directorate‑General for Financial Stability, Financial Services and Capital Markets Union",EU.4721.38,LYi.027,LBY,EU-LBY,2020-03-06,2018-09-11,,,2020/371 (OJ L71),eu
eu-tb-d3abdae78024130a0fbf1d60054d7886de64c1b0,NK-k2CyriHZoaokUNi9VZiFKY,Ibrahim Jadhran,Council of the European Union,,LYi.027,,,,,,,"Council Decision concerning restrictive measures in view of the situation in Libya, and repealing Decision 2011/137/CFSP",eu
fr-ga-c35e8d5fb7947bd315d3b21b86e97fa0e8a09c31,NK-k2CyriHZoaokUNi9VZiFKY,Ibrahim Jadhran,Direction Générale du Trésor,,,(UE) 2020/371 du 05/03/2020 (ONU Libye - RCSNU 1970/2011 et R (UE) 2016/44),UN-SC1970,,,,,"Nom de la mère : Salma Abdula Younis - le Bureau du Procureur général libyen a émis un mandat d'arrêt contre l'intéressé, qu'il accuse d'être l'auteur de plusieurs infractions. - L'intéressé a mené des attentats et des attaques armées contre des installations pétrolières situées dans la région du croissant pétrolier, ce qui a entraîné leur destruction; la dernière de ces attaques a eu lieu le 14 j",fr
gb-fcdo-d37147b48c468cbe20740bae30316f5db43a15dd,NK-k2CyriHZoaokUNi9VZiFKY,Ibrahim Jadhran,"Foreign, Commonwealth & Development Office",LIB0052,LYi.027,The Libya (Sanctions) (EU Exit) Regulations 2020,GB-LBY,,2018-09-11,,,,gb
ja-mof-43e10748990447e45b0f721c093a7b7075318e94,NK-k2CyriHZoaokUNi9VZiFKY,Ibrahim Jadhran,Ministry of Finance,22,,リビアのカダフィ革命指導者及びその関係者 （Ⅱ その他の個人又は団体）,,,2018-09-11,,,,jp
mc-freezes-8dbdb67592e2bc00fc396321298b0706670cbbff,NK-k2CyriHZoaokUNi9VZiFKY,Ibrahim Jadhran,Principauté de Monaco,,,,,,,,,"Nom de la mère : Salma Abdula Younis - le Bureau du Procureur général libyen a émis un mandat d'arrêt contre l'intéressé, qu'il accuse d'être l'auteur de plusieurs infractions. - L'intéressé a mené des attentats et des attaques armées contre des installations pétrolières situées dans la région du croissant pétrolier, ce qui a entraîné leur destruction; la dernière de ces attaques a eu lieu le 14 j",mc
ofac-f2fc7db78aa5256f4b1a2fe248ff0de39968569d,NK-k2CyriHZoaokUNi9VZiFKY,Ibrahim Jadhran,Office of Foreign Assets Control,24957,,LIBYA3,US-LIBYA,,,,,Executive Order 13726 (Libya),us
ua-sfms-f43d26c632605e91f0a243bcf596bf28c2c5b544,NK-k2CyriHZoaokUNi9VZiFKY,Ibrahim Jadhran,State Finance Monitoring Service,,,РБ ООН (Комітет 1970 (2011)),,2020-02-27,2020-02-27,,,,ua
unsc-d0808a41b24c437b90e1e295659eb7f03eb50fd0,NK-k2CyriHZoaokUNi9VZiFKY,Ibrahim Jadhran,United Nations Security Council,,LYi.027,Libya,UN-SC1970,2018-09-11,2018-09-11,,,,
zafic-9733daae3007c1ed2e4112346e40e43510b9ec1d,NK-k2CyriHZoaokUNi9VZiFKY,Ibrahim Jadhran,Financial Intelligence Centre,,LYi.027,,,2018-09-11,,,,,za
be-fod-9d94a7da0e4c2bd62824d2a46f78e8e611240e7b,NK-k5wewbsKc9fjNgjmdzJoKS,Al-Inma Holding Co. for Services Investments,Federal Public Service Finance,,,,EU-LBY,2011-04-14,,,,360/2011 (OJ L100),be
be-fod-a73d4af6f40ca04417a4c439296429ede1b87308,NK-k5wewbsKc9fjNgjmdzJoKS,Al-Inma Holding Co. for Services Investments,Federal Public Service Finance,,,,EU-LBY,2011-04-14,,,,360/2011 (OJ L100),be
ch-seco-151317bcb61ce20393d3b6b4665fa61d450fca26,NK-k5wewbsKc9fjNgjmdzJoKS,Al-Inma Holding Co. for Services Investments,State Secretariat for Economic Affairs,20804,,"Ordinance of 30 March 2011 on measures against Libya (SR 946.231.149.82), annexes 2, 3, 4 and 5",SECO-LIBYA,2015-08-28,2015-08-28,,,,ch
ch-seco-ac113c0f09fd63ebdeff345ef27f4126010d02a0,NK-k5wewbsKc9fjNgjmdzJoKS,Al-Inma Holding Co. for Services Investments,State Secretariat for Economic Affairs,20809,,"Ordinance of 30 March 2011 on measures against Libya (SR 946.231.149.82), annexes 2, 3, 4 and 5",SECO-LIBYA,2015-08-28,2015-08-28,,,,ch
eu-fsf-b510630cc77456025685700d2083fa09dec32991,NK-k5wewbsKc9fjNgjmdzJoKS,Al-Inma Holding Co. for Services Investments,"Directorate‑General for Financial Stability, Financial Services and Capital Markets Union",EU.3383.89,,LBY,EU-LBY,2016-01-19,2011-04-12,,,2016/44 (OJ L12),eu
eu-fsf-fe3c5201dc07fb4c50392ba28dc7c49b4be44b70,NK-k5wewbsKc9fjNgjmdzJoKS,Al-Inma Holding Co. for Services Investments,"Directorate‑General for Financial Stability, Financial Services and Capital Markets Union",EU.3381.62,,LBY,EU-LBY,2016-01-19,2011-04-12,,,2016/44 (OJ L12),eu
fr-ga-4908a1d061332dd7097bea62e7f37b4a23889579,NK-k5wewbsKc9fjNgjmdzJoKS,Al-Inma Holding Co. for Services Investments,Direction Générale du Trésor,,,(UE) 360/2011 du 12/04/2011 -  (UE Libye - R (UE) 2016/44),EU-LBY,,,,,"filiale libyenne du Fonds de développement économique et social, étroitement associée à l'ancien régime de Mouammar Qadhafi",fr
fr-ga-c202cc12a433e5e7820b6bba0781b412ebd7b66a,NK-k5wewbsKc9fjNgjmdzJoKS,Al-Inma Holding Co. for Services Investments,Direction Générale du Trésor,,,(UE) 360/2011 du 12/04/2011 -  (UE Libye - R (UE) 2016/44),EU-LBY,,,,,"filiale libyenne du Fonds de développement économique et social, étroitement associée à l'ancien régime de Mouammar Qadhafi",fr
gb-fcdo-4db3149ea4a066e63e9428662e29693e03421c7f,NK-k5wewbsKc9fjNgjmdzJoKS,Al-Inma Holding Co. for Services Investments,UK,LIB0007,,The Libya (Sanctions) (EU Exit) Regulations 2020,GB-LBY,,2020-12-31,,,"Libyan subsidiary of the Economic & Social Development Fund, which is itself a subsidiary of the Libyan Investment Authority.",gb
gb-fcdo-6cfd51f2c8317c70407cab4807795203110158c7,NK-k5wewbsKc9fjNgjmdzJoKS,Al-Inma Holding Co. for Services Investments,UK,11749,,The Libya (Sanctions) (EU Exit) Regulations 2020,GB-LBY,,2020-12-31,,,"Libyan subsidiary of the Economic & Social Development Fund, which is itself a subsidiary of the Libyan Investment Authority.",gb
mc-freezes-5379dee162a0813f824b2d87979040557004d372,NK-k5wewbsKc9fjNgjmdzJoKS,Al-Inma Holding Co. for Services Investments,Principauté de Monaco,,,,,,,,,"filiale libyenne du Fonds de développement économique et social, étroitement associée à l'ancien régime de Mouammar Qadhafi",mc
mc-freezes-561b0afc107c473252da08430b855aefbd1b11be,NK-k5wewbsKc9fjNgjmdzJoKS,Al-Inma Holding Co. for Services Investments,Principauté de Monaco,,,,,,,,,"filiale libyenne du Fonds de développement économique et social, étroitement associée à l'ancien régime de Mouammar Qadhafi",mc
au-dfat-f7435bd7784ce23dbe7e9c7f7d33edac5d72d15e,NK-k89VNrJ29F9XgSX7NXpsrh,Seyyed Mahdi Farahi,Department of Foreign Affairs and Trade,,,Autonomous (Iran),AU-IRAN,,2023-10-18,,,,au
be-fod-6ce399bac96f60fa194b4d2103343b9f3ca6c5dc,NK-k89VNrJ29F9XgSX7NXpsrh,Seyyed Mahdi Farahi,Federal Public Service Finance,,,,EU-IRN,2024-07-29,,,,2024/2074 (OJ L29072024),be
ca-sema-ca92e3bcd8afebe7a04930a3a023bc01a648144f,NK-k89VNrJ29F9XgSX7NXpsrh,Seyyed Mahdi Farahi,Global Affairs Canada,19,,Iran,CA-SEMA,2016-02-05,,,,"1, Part 2",ca
ch-seco-6b0e6a5f05859c6dbe4d1f667957689e16d488b1,NK-k89VNrJ29F9XgSX7NXpsrh,Seyyed Mahdi Farahi,State Secretariat for Economic Affairs,11069,19.,"Ordinance of 12 December 2025 on measures against the Islamic Republic of Iran (SR 946.231.143.6), annexes 11-14",SECO-IRAN,2019-06-18,2023-10-19,,,,ch
eu-fsf-5ac13b19d3327a149f917a27f33cba111fe08dae,NK-k89VNrJ29F9XgSX7NXpsrh,Seyyed Mahdi Farahi,"Directorate‑General for Financial Stability, Financial Services and Capital Markets Union",EU.2124.20,,IRN,EU-IRN,2024-07-29,2008-06-23,,,2024/2074 (OJ L29072024),eu
eu-tb-2e8008fccc60bb213b7492e3dc8753845191d124,NK-k89VNrJ29F9XgSX7NXpsrh,Seyyed Mahdi Farahi,Council of the European Union,,,,,,,,,Council Decision concerning restrictive measures against Iran,eu
eu-tb-c1c6cb3b71ef26db3b9a81a5faf7c00b9317c826,NK-k89VNrJ29F9XgSX7NXpsrh,Seyyed Mahdi Farahi,Council of the European Union,,,,,,,,,Council Decision concerning restrictive measures against Iran,eu
eu-tb-df1003c67fcafb5a2dfc3fb9af71c9091bf1a371,NK-k89VNrJ29F9XgSX7NXpsrh,Seyyed Mahdi Farahi,Council of the European Union,,,,,,,,,Council Decision concerning restrictive measures against Iran and repealing Common Position 2007/140/CFSP,eu
fr-ga-45f303e1a1070f3fbcc0d7bee7259605e0cf732d,NK-k89VNrJ29F9XgSX7NXpsrh,Seyyed Mahdi Farahi,Direction Générale du Trésor,EU.2124.20,,(UE) 2022/1010 du 27/06/2022 (UE Iran prolifération - R (UE) 267/2012),EU-IRN,,,,,"Vice-ministre de la défense et du soutien aux forces armées depuis 2021. Auparavant vice-ministre de la défense et des affaires industrielles au ministère de la défense, chef des industries de la défense et des organisations de l'industrie aérospatiale du ministère de la défense, ainsi que commandant du camp d'entraînement du personnel des forces armées. Ancien président de l'Aerospace Industries ",fr
gb-fcdo-06e4ead2ea7d909fedb2169cf9f3a61e14559afb,NK-k89VNrJ29F9XgSX7NXpsrh,Seyyed Mahdi Farahi,UK,INU0018,,The Iran (Sanctions) (Nuclear) (EU Exit) Regulations 2019,GB-IRAN-NW,,2020-12-31,,,Former head of Iran's Aerospace Industries Organisation (AIO) and former managing director of the UN-designated Defence Industries Organisation (DIO). Member of the IRGC and a Deputy in Iran's Ministry of Defense for Armed Forces Logistics (MODAFL).,gb
mc-freezes-f4f054f7190f7fe836d685c44ab42105688d4c0d,NK-k89VNrJ29F9XgSX7NXpsrh,Seyyed Mahdi Farahi,Principauté de Monaco,,,,,,,,,"Vice-ministre de la défense et du soutien aux forces armées depuis 2021. Auparavant vice-ministre de la défense et des affaires industrielles au ministère de la défense, chef des industries de la défense et des organisations de l’industrie aérospatiale du ministère de la défense, ainsi que commandant du camp d’entraînement du personnel des forces armées. Ancien président de l’Aerospace Industries ",mc
gb-fcdo-7495cbc5a82e62ab7aea0d2b8ace36ae217797ad,NK-k8zDypp6Yxa9uFfJNUK2cz,Sa'id Ahmad Muhammad Al-Jamal,UK,16372,,The Iran (Sanctions) Regulations 2023,GB-IRAN,,2024-02-27,,,"Sa’id
 AL-JAMAL is an involved person within the meaning of the Iran (Sanctions) Regulations 2023 on the basis of the following ground: AL-JAMAL is or has been involved in hostile activity by an armed group backed by the Government of Iran, namely through conduct which facilitates (or intends to facilitate) or gives support or assistance to: the threatening, planning or conducting attacks against ",gb
ofac-cf13cce46e2f2d569045ebc2a176bfd8fef843d5,NK-k8zDypp6Yxa9uFfJNUK2cz,Sa'id Ahmad Muhammad Al-Jamal,Office of Foreign Assets Control,32171,,IFSR,US-IRAN,,,,,Executive Order 13224 (Terrorism),us
sa-pcct-230d83f01b07aeb7c79fe34d28c8e9eb25122652,NK-k8zDypp6Yxa9uFfJNUK2cz,Sa'id Ahmad Muhammad Al-Jamal,Permanent Committee for Counter-Terrorism,,,,SA-UNSC1373,,2022-03-31,,,,sa
ofac-84b2a06881b80139c88a3b7254247a4e37238117,NK-kF5ujS5W99b2SvfQX5SYqe,Ahmed Abu KHATTALAH,Office of Foreign Assets Control,16479,,SDGT,US-TERR,,,,,Executive Order 13224 (Terrorism),us
arpet-7b6bac1328a81232c8f8bb8ffbc2a70e908033a9,NK-kFyhR5rrzjLsExPBReQ3re,Abd al-Muhsin Al-Libi,Ministerio de Justicia,,QDi.057,UN List,,2002-01-11,2002-01-11,,,,ar
au-dfat-3f37890ed9d696835297babb1807ca1810a7a746,NK-kFyhR5rrzjLsExPBReQ3re,Abd al-Muhsin Al-Libi,Department of Foreign Affairs and Trade,,,1267 (ISIL (Da'esh) and Al-Qaida),UN-SCISIL,,2026-02-20,,,,au
be-fod-fb6f604161f4b3dfab0b2e54008c163b724f9469,NK-kFyhR5rrzjLsExPBReQ3re,Abd al-Muhsin Al-Libi,Federal Public Service Finance,,,,EU-TAQA-EUAQ,2015-08-14,,,,1210/2006 (OJ L219),be
ch-seco-57811a81da60487661405708feed87ef19bec6dd,NK-kFyhR5rrzjLsExPBReQ3re,Abd al-Muhsin Al-Libi,State Secretariat for Economic Affairs,80743,QDi.057,"Ordinance on measures against persons, groups, undertakings and entities associated with ISIL (Da'esh) and Al-Qaida",SECO-ISIL,2025-05-14,2025-08-22,,,,ch
eu-fsf-6826cf5ee582615f1e0950f598f272ff2a096bb3,NK-kFyhR5rrzjLsExPBReQ3re,Abd al-Muhsin Al-Libi,"Directorate‑General for Financial Stability, Financial Services and Capital Markets Union",EU.3097.55,,TAQA,EU-TAQA-EUAQ,2015-08-14,2002-01-11,,,2015/1390 (OJ L215),eu
eu-tb-0e733a98ed76a462fe0683cfb2ea2fe3629aa18d,NK-kFyhR5rrzjLsExPBReQ3re,Abd al-Muhsin Al-Libi,Council of the European Union,,,,,,,,,"Council Decision concerning restrictive measures against ISIL (Da'esh) and Al-Qaeda and persons, groups, undertakings and entities associated with them and repealing Common Position 2002/402/CFSP",eu
eu-tb-adecec4c61965a9a0e4e43c014a40da5ad0a0ad9,NK-kFyhR5rrzjLsExPBReQ3re,Abd al-Muhsin Al-Libi,Council of the European Union,,,,,,,,,"Decision concerning restrictive measures against ISIL (Da’esh) and Al-Qaeda and persons, groups, undertakings and entities associated with them",eu
fr-ga-4ab5dc12558fd9e6237b6afe89ace2727367f806,NK-kFyhR5rrzjLsExPBReQ3re,Abd al-Muhsin Al-Libi,Direction Générale du Trésor,EU.3097.55,,(UE) 2015/1390 du 13/08/2015 (ONU Al Qaeda Etat - Islamique - RCSNU 1267 (1999) et R (UE) 881/2002 ),UN-SCISIL,,,,,"membre du Comité de soutien afghan (Afghan Support Committee – ASC), de la «Revival of Islamic Heritage Society» (Renaissance de la société du patrimoine islamique – RIHS) et du Groupe islamique combattant libyen (Libyan Islamic Fighting Group - LIFG)",fr
gb-fcdo-bdf462995ab132c1b929ce954e7cba023f778381,NK-kFyhR5rrzjLsExPBReQ3re,Abd al-Muhsin Al-Libi,"Foreign, Commonwealth & Development Office",AQD0197,QDi.057,Isil (Da'esh) and Al-Qaeda (United Nations Sanctions) (EU Exit) Regulations 2019,GB-ISIL,,2002-01-11,,,,gb
id-dttot-ec77d99dc765d28d1874a75790c6fae20a60a492,NK-kFyhR5rrzjLsExPBReQ3re,Abd al-Muhsin Al-Libi,Indonesian Financial Transaction Reports and Analysis Center,ILQ-183,,,,,,,,,id
il-nbctf-5bede54394983a0b01b74841c1a0143e56c71456,NK-kFyhR5rrzjLsExPBReQ3re,Abd al-Muhsin Al-Libi,National Bureau for Counter Terror Financing,,,"מועבי""ט - או""ם",,,2011-11-22,,,,il
ja-mof-1edde507c0b7b5a211516a939d8c1666da2cd9df,NK-kFyhR5rrzjLsExPBReQ3re,Abd al-Muhsin Al-Libi,Ministry of Finance,284,QDi.057,タリバーン関係者等 （タリバーン、アル・カーイダ及びISIL（ダーイシュ）関係者等） / （注1）国連安保理決議第1267号、第1333号、第1390号、第1988号、第1989号、第2253号及び第2255号に加えて、国連安保理決議第1373号に基づく資産凍結措置の対象に指定されている個人及び団体については、告示番号の冒頭に＊印を付しています。 （注2）2021年5月28日以降の制裁対象者の追加指定につきましては、外務省告示を２回に分けて発出することとなりました。 （１回目：制裁対象者の氏名等を国連安保理が公表した英文の情報のまま発出する告示、２回目：制裁対象者の氏名等に仮名表記等を追加・修文する告示）２回目の告示発出につきましては、当シートの告示日付には反映しておりません。,,,2002-01-11,,,,jp
mc-freezes-7ffe396a7789c5da4e4ec231ceb1551853e45d21,NK-kFyhR5rrzjLsExPBReQ3re,Abd al-Muhsin Al-Libi,Principauté de Monaco,,,,,,,,,"Associé à l’Afghan Support Committee (ASC), à la Société pour le renouveau du patrimoine islamique (Revival of Islamic Heritage, Society, RIHS) et au Groupe islamique combattant libyen (Libyan Islamic Fighting Group, LIFG).",mc
md-terr-60e389959625e6687117a3d059e2eff9ad8a622b,NK-kFyhR5rrzjLsExPBReQ3re,Abd al-Muhsin Al-Libi,Centrul Antiterorist al Serviciului de Informaţii şi Securitate al Republicii Moldova,,QDi.057,"Lista persoanelor, entităţilor şi a altor grupuri asociate cu „ISIL” („Da’esh”) şi „Al-Qaida” menţinută de CCS al ONU, instituit prin Rezoluţiile 1267 (1999), 1989 (2011), 2253 (2015)",,,,,,,md
ofac-fcb1861adb976cb0368a224f71a3dbcfbeab17bb,NK-kFyhR5rrzjLsExPBReQ3re,Abd al-Muhsin Al-Libi,Office of Foreign Assets Control,7150,,SDGT,US-TERR,,,,,Unknown,us
ua-sfms-920fe663c1c6aa44cbaf5c4b84b7b4d98d14df04,NK-kFyhR5rrzjLsExPBReQ3re,Abd al-Muhsin Al-Libi,State Finance Monitoring Service,,,"РБ ООН (Комітет 1267(1999),1989(2011), 2253(2015))",,2025-10-07,2025-10-07,,,,ua
unsc-ad3872df2d340f57f80bfca791230a475b3f20b5,NK-kFyhR5rrzjLsExPBReQ3re,Abd al-Muhsin Al-Libi,United Nations Security Council,,QDi.057,Al-Qaida,UN-SCISIL,2002-01-11,2002-01-11,,,,
zafic-be3cdc40ba2117de6280fc7468534cccc7ab743b,NK-kFyhR5rrzjLsExPBReQ3re,Abd al-Muhsin Al-Libi,Financial Intelligence Centre,,QDi.057,,,2002-01-11,,,,,za
ofac-b7e1db4330aa696bd1e2cec5dcf7df57d4a65307,NK-kQ5vGLCvqU8zzZuvCi6pEA,HONG KONG SANMU LIMITED,Office of Foreign Assets Control,57575,,SDGT,US-TERR,,,,,Executive Order 13224 (Terrorism),us
arpet-205c879060141183dd59088b255849e06236f5e7,NK-kRDQJg6CmToV2bKxTPXdnZ,MUHAMMAD JAMAL NETWORK,Ministerio de Justicia,,QDe.136,Al-Qaida,,2013-10-21,2013-10-21,,,,ar
au-dfat-2c7c69da48ade9411b3f7806424ebefc2e5f6fc5,NK-kRDQJg6CmToV2bKxTPXdnZ,MUHAMMAD JAMAL NETWORK,Department of Foreign Affairs and Trade,,,1267 (ISIL (Da'esh) and Al-Qaida),UN-SCISIL,,2026-02-20,,,,au
be-fod-b0a6d830c5b9a2926dd6f886828d26cf85bc2fd7,NK-kRDQJg6CmToV2bKxTPXdnZ,MUHAMMAD JAMAL NETWORK,Federal Public Service Finance,,,,EU-TAQA-EUAQ,2013-11-05,,,,1091/2013 (OJ L293),be
ch-seco-ca94dbf6d61804bdd2776be608b0330773984188,NK-kRDQJg6CmToV2bKxTPXdnZ,MUHAMMAD JAMAL NETWORK,State Secretariat for Economic Affairs,88071,QDe.136,"Ordinance on measures against persons, groups, undertakings and entities associated with ISIL (Da'esh) and Al-Qaida",SECO-ISIL,2025-05-14,2025-05-15,,,,ch
eu-fsf-8ba6a358157d8d79d2d3b1334abc0bbc6e018680,NK-kRDQJg6CmToV2bKxTPXdnZ,MUHAMMAD JAMAL NETWORK,"Directorate‑General for Financial Stability, Financial Services and Capital Markets Union",EU.2985.2,,TAQA,EU-TAQA-EUAQ,2013-11-05,2013-11-04,,,1091/2013 (OJ L293),eu
fr-ga-58715d033eac566b232836fe60d7e5bfc94b236a,NK-kRDQJg6CmToV2bKxTPXdnZ,MUHAMMAD JAMAL NETWORK,Direction Générale du Trésor,EU.2985.2,,(UE) 1091/2013 04/11/2013 (ONU Al Qaeda Etat - Islamique - RCSNU 1267 (1999) et R (UE) 881/2002 ),UN-SCISIL,,,,,"groupe terroriste et paramilitaire établi par Muhammad Jamal al Kashif (QDi.318) en 2011 et lié à Al-Qaida (QDe.004), à Aiman al-Zawahiri (QDi.006) et au dirigeant d’Al-Qaida dans la Péninsule arabique (AQPA) (QDe.129) et de l’Organisation d’Al-Qaida dans le Maghreb islamique (AQMI) (QDe.014). Financé et soutenu par AQPA. Multiples camps de formation de terroristes en Égypte et en Libye. Selon cer",fr
gb-fcdo-39f94c5b07be95c4296659da37a2a12e6f711f60,NK-kRDQJg6CmToV2bKxTPXdnZ,MUHAMMAD JAMAL NETWORK,"Foreign, Commonwealth & Development Office",12885,QDe.136,Isil (Da'esh) and Al-Qaeda (United Nations Sanctions) (EU Exit) Regulations 2019,GB-ISIL,,2013-10-21,,,,gb
id-dttot-f71119baff5e99b88727eba421f05b732321d158,NK-kRDQJg6CmToV2bKxTPXdnZ,MUHAMMAD JAMAL NETWORK,Indonesian Financial Transaction Reports and Analysis Center,ELQ-053,,,,,,,,,id
ja-mof-143254295fd3de21d38ad0bf47f90ee65732739b,NK-kRDQJg6CmToV2bKxTPXdnZ,MUHAMMAD JAMAL NETWORK,Ministry of Finance,639,,タリバーン関係者等 （タリバーン、アル・カーイダ及びISIL（ダーイシュ）関係者等） / （注1）国連安保理決議第1267号、第1333号、第1390号、第1988号、第1989号、第2253号及び第2255号に加えて、国連安保理決議第1373号に基づく資産凍結措置の対象に指定されている個人及び団体については、告示番号の冒頭に＊印を付しています。 （注2）2021年5月28日以降の制裁対象者の追加指定につきましては、外務省告示を２回に分けて発出することとなりました。 （１回目：制裁対象者の氏名等を国連安保理が公表した英文の情報のまま発出する告示、２回目：制裁対象者の氏名等に仮名表記等を追加・修文する告示）２回目の告示発出につきましては、当シートの告示日付には反映しておりません。,,,2023-04-18,,,,jp
mc-freezes-4a549375028b80e5b2e642e99afb3cbd524a378a,NK-kRDQJg6CmToV2bKxTPXdnZ,MUHAMMAD JAMAL NETWORK,Principauté de Monaco,,,,,,,,,"actif en Égypte, en Libye et au Mali",mc
md-terr-66b5d2c9b998bdd7fdf7ae97a90b77edf4bc9540,NK-kRDQJg6CmToV2bKxTPXdnZ,MUHAMMAD JAMAL NETWORK,Centrul Antiterorist al Serviciului de Informaţii şi Securitate al Republicii Moldova,,QDe.136,"Lista persoanelor, entităţilor şi a altor grupuri asociate cu „ISIL” („Da’esh”) şi „Al-Qaida” menţinută de CCS al ONU, instituit prin Rezoluţiile 1267 (1999), 1989 (2011), 2253 (2015)",,,,,,,md
ofac-bd3478d400488e1360bb3c362cc20041400b87e6,NK-kRDQJg6CmToV2bKxTPXdnZ,MUHAMMAD JAMAL NETWORK,Office of Foreign Assets Control,16278,,SDGT,US-TERR,,,,,Executive Order 13224 (Terrorism),us
ua-sfms-9e38126ee92b4200c7f8cddd8d70673984fe1845,NK-kRDQJg6CmToV2bKxTPXdnZ,MUHAMMAD JAMAL NETWORK,State Finance Monitoring Service,,,"РБ ООН (Комітет 1267(1999),1989(2011), 2253(2015))",,2023-03-17,2023-03-17,,,,ua
unsc-585de540cc557e826ce2e145ba23bd1e485f55e8,NK-kRDQJg6CmToV2bKxTPXdnZ,MUHAMMAD JAMAL NETWORK,United Nations Security Council,,QDe.136,Al-Qaida,UN-SCISIL,2013-10-21,2013-10-21,,,,
zafic-f9d4fb615984343f0a1b6366f88c3a18563cbc5a,NK-kRDQJg6CmToV2bKxTPXdnZ,MUHAMMAD JAMAL NETWORK,Financial Intelligence Centre,,QDe.136,,,2013-10-21,,,,,za
ofac-48511ee08eae1c4dcfe1ba22b918a310eab1f3e5,NK-kTPfYus4sA6D9qKFnyuZBz,Hamrahan Pishro Tejarat Trading Company,Office of Foreign Assets Control,27286,,SDGT,US-TERR,,,,,Executive Order 13224 (Terrorism),us
sa-pcct-378c3d8a0af359f46c10f3404035c9705b0352e4,NK-kTPfYus4sA6D9qKFnyuZBz,Hamrahan Pishro Tejarat Trading Company,Permanent Committee for Counter-Terrorism,,,,SA-UNSC1373,,2022-01-26,,,,sa
au-dfat-0c0a0d3231de0c4ce486e0dfcd70d817a5dff5b5,NK-kamWrhMiw35YKoM5FnZk7Q,Iran Aircraft Manufacturing Company,Department of Foreign Affairs and Trade,,,Autonomous (Iran),AU-IRAN,,2024-01-12,,,,au
be-fod-11fd07370711f000b4654ebed190ba2c7ac7b2df,NK-kamWrhMiw35YKoM5FnZk7Q,Iran Aircraft Manufacturing Company,Federal Public Service Finance,,,,EU-UKR,2023-01-30,,,,2023/192 (OJ L26I),be
be-fod-2869098f8cdf4a33efd66551f88ab4778b679113,NK-kamWrhMiw35YKoM5FnZk7Q,Iran Aircraft Manufacturing Company,Federal Public Service Finance,,,,EU-IRN,2010-07-27,,,,668/2010 (OJ L195),be
ca-sema-c14acd87bbd511ae9a182ab52b99205ee2ce24af,NK-kamWrhMiw35YKoM5FnZk7Q,Iran Aircraft Manufacturing Company,Global Affairs Canada,25,,Iran,CA-SEMA,2016-02-05,,,,"1, Part 1",ca
ch-seco-599b1428b39129aa2c4181eb8155afe0cf345d30,NK-kamWrhMiw35YKoM5FnZk7Q,Iran Aircraft Manufacturing Company,State Secretariat for Economic Affairs,9151,32.,"Ordinance of 12 December 2025 on measures against the Islamic Republic of Iran (SR 946.231.143.6), annexes 11-14",SECO-IRAN,2022-08-03,2022-08-03,,,,ch
ch-seco-774457bb0244680626370759b67dfd3954ed72c2,NK-kamWrhMiw35YKoM5FnZk7Q,Iran Aircraft Manufacturing Company,State Secretariat for Economic Affairs,64034,,"Ordinance of 4 March 2022 on measures related to the situation in Ukraine (RS 946.231.176.72), annexes 2, 8, 9, 10, 11, 12,13, 14, 14a, 15, 15a, 15b, 15c, 25, 33, 35, 36, 37, 39, 40 and 41",SECO-UKRAINE,2026-08-17,2026-08-17,,,,ch
ch-seco-e6be55a0bab45eba7580f6b72d01a0a6624ce8b8,NK-kamWrhMiw35YKoM5FnZk7Q,Iran Aircraft Manufacturing Company,State Secretariat for Economic Affairs,60056,,"Ordinance of 4 March 2022 on measures related to the situation in Ukraine (RS 946.231.176.72), annexes 2, 8, 9, 10, 11, 12,13, 14, 14a, 15, 15a, 15b, 15c, 25, 33, 35, 36, 37, 39, 40 and 41",SECO-UKRAINE,2023-02-15,2023-02-15,,,,ch
eu-fsf-5b24e63a3a9f35cb20d089afaf6aa02167bd7f36,NK-kamWrhMiw35YKoM5FnZk7Q,Iran Aircraft Manufacturing Company,"Directorate‑General for Financial Stability, Financial Services and Capital Markets Union",EU.2042.30,,IRN,EU-IRN,2012-03-24,2012-03-23,,,267/2012 (OJ L88),eu
eu-fsf-9017bc6d703bb4b6b257189322794549b00da3d8,NK-kamWrhMiw35YKoM5FnZk7Q,Iran Aircraft Manufacturing Company,"Directorate‑General for Financial Stability, Financial Services and Capital Markets Union",EU.9553.59,,UKR,EU-UKR,2023-01-30,2023-01-30,,,2023/192 (OJ L26I),eu
fr-ga-bc3ec8111aafa068fd794bcce6730f0aaf7e2ecf,NK-kamWrhMiw35YKoM5FnZk7Q,Iran Aircraft Manufacturing Company,Direction Générale du Trésor,,,(UE) 2023/192 du 30/01/2023 (UE Ukraine intégrité territoriale - R (UE) 269/2014),EU-UKR,,,,,"Autre entité associée: Corps des gardiens de la révolution islamique (IRGC)  - L’Iran Aircraft Manufacturing Industries Corporation (HESA) est une société iranienne spécialisée dans la fabrication d’aéronefs et de véhicules aériens sans pilote (UAV) militaires et civils. L’HESA fabrique des UAV utilisés par le corps des gardiens de la révolution islamique (IRGC), et elle participe à la recherche, ",fr
fr-ga-ea5168c52e3008942f106fb4d55bcb9347150f0d,NK-kamWrhMiw35YKoM5FnZk7Q,Iran Aircraft Manufacturing Company,Direction Générale du Trésor,,,(UE) 267/2012 du 23/03/2012 (UE Iran prolifération - R (UE) 267/2012),EU-IRN,,,,,"personne concourant au programme nucléaire ou de missiles balistiques - est la propriété, se trouve sous le contrôle ou agit pour le compte du MODAFL",fr
gb-fcdo-d1f1e53790b48075f98b310e17b120d790f99a8c,NK-kamWrhMiw35YKoM5FnZk7Q,Iran Aircraft Manufacturing Company,UK,11199,,The Iran (Sanctions) (Nuclear) (EU Exit) Regulations 2019,GB-IRAN-NW,,2020-12-31,,,Owned or controlled by MODAFL as a subsidiary of Iranian Aviation Industries Organisation (IAIO).,gb
jp-eul-4b0d901b7a598c9b484d18a9d29258c7c2cc6727,NK-kamWrhMiw35YKoM5FnZk7Q,Iran Aircraft Manufacturing Company,"Ministry of Economy, Trade and Industry",,,,,,,,,"Weapon Types: Missile, Nuclear",jp
jp-eul-859bbb12adbcd73d654e42a9197d2834af1d6235,NK-kamWrhMiw35YKoM5FnZk7Q,Iran Aircraft Manufacturing Company,"Ministry of Economy, Trade and Industry",,,,,,,,,"Weapon Types: Missile, Conventional Weapons",jp
mc-freezes-093c7798f7458bbb0c82a9180d72e49921ed55ce,NK-kamWrhMiw35YKoM5FnZk7Q,Iran Aircraft Manufacturing Company,Principauté de Monaco,,,,,,,,,"L’Iran Aircraft Manufacturing Industries Corporation (HESA) est une société iranienne spécialisée dans la fabrication d’aéronefs et de véhicules aériens sans pilote (UAV) militaires et civils.
L’HESA fabrique des UAV utilisés par le corps des gardiens de la révolution islamique (IRGC), et elle participe à la recherche, à la mise au point, à la production et aux opérations de vol en ce qui concerne",mc
mc-freezes-5908d88a40880b8ec3e8a64a28c14260eb7d5830,NK-kamWrhMiw35YKoM5FnZk7Q,Iran Aircraft Manufacturing Company,Principauté de Monaco,,,,,,,,,"personne concourant au programme nucléaire ou de missiles balistiques - est la propriété, se trouve sous le contrôle ou agit pour le compte du MODAFL",mc
nz-ru-9eada5c9b258da80a2fe946f2d3888da8f31c68c,NK-kamWrhMiw35YKoM5FnZk7Q,Iran Aircraft Manufacturing Company,Ministry of Foreign Affairs and Trade,,,,NZ-RSA2022,,2025-06-19,,Sanctioned,Iranian Actor involved in providing Russia military assistance,nz
ofac-33962b84eb32fd798ec6e46d232f3b163733bffe,NK-kamWrhMiw35YKoM5FnZk7Q,Iran Aircraft Manufacturing Company,Office of Foreign Assets Control,11195,,NPWMD,US-NON-PROLIF,,,,,Executive Order 13382 (Non-proliferation),us
ua-nsdc-416c16296a792da72a190fbefa5499ec43cab86f,NK-kamWrhMiw35YKoM5FnZk7Q,Iran Aircraft Manufacturing Company,National Security and Defense Council,25044212200041,,442/2025,UA-SA1644,,2025-06-29,2035-06-29,active,рішення та регламенти Ради Європейського Союзу щодо забезпечення національних інтересів та національної безпеки України,ua
ua-nsdc-56a116c72efd01553a2de63a928f2fcdf75b7787,NK-kamWrhMiw35YKoM5FnZk7Q,Iran Aircraft Manufacturing Company,National Security and Defense Council,23016312200073,,163/2023,UA-SA1644,,2023-03-18,2033-03-18,active,,ua
ofac-d1eccae1d52d5e71a6830685ee16809099bc7797,NK-kcLhJLBeSaNanWJ7BmqMeb,Tiuboda Oil and Gas Services,Office of Foreign Assets Control,23207,,LIBYA3,US-LIBYA,,,,,Executive Order 13726 (Libya),us
ofac-fdf703de68e84e5e6d72aba35f381df68121625c,NK-kdyqRMap7Dy6vcw2zk9f92,Jamal Shakarami,Office of Foreign Assets Control,44929,,IRAN-HR,US-IRAN,,,,,Executive Order 13553 (Iran),us
au-dfat-1007c08bb2e5649156c1a46bc020d96331f72512,NK-kiTwWCSz2SzaHtE6ZR7dDZ,Fater Institute,Department of Foreign Affairs and Trade,,,1737 (Iran),UN-SC1737,,2025-12-12,,,,au
au-dfat-c876747e61480ea49ace5a78295fc32984cd5ac4,NK-kiTwWCSz2SzaHtE6ZR7dDZ,Fater Institute,Department of Foreign Affairs and Trade,,,Autonomous (Iran),AU-IRAN,,2023-10-18,,,,au
be-fod-7b8576f17ccfb51ec24bcca42baa7ace449bf4ca,NK-kiTwWCSz2SzaHtE6ZR7dDZ,Fater Institute,Federal Public Service Finance,,,,EU-IRN,2024-07-29,,,,2024/2074 (OJ L29072024),be
ca-sema-4ca6b302b79298a4a34b027c2b04e2e7584ab928,NK-kiTwWCSz2SzaHtE6ZR7dDZ,Fater Institute,Global Affairs Canada,207,,Iran,CA-SEMA,2023-10-18,,,,"1, Part 1",ca
ch-seco-69e166fcf06be88cdfd2d8fe9bfc2688372d533b,NK-kiTwWCSz2SzaHtE6ZR7dDZ,Fater Institute,State Secretariat for Economic Affairs,66421,IRe.020,"Ordinance of 12 December 2025 on measures against the Islamic Republic of Iran (SR 946.231.143.6), annexes 11-14",SECO-IRAN,2024-08-16,2024-08-16,,,,ch
eu-fsf-6d7938aecda2d06e68d8797b50419edc8f86d416,NK-kiTwWCSz2SzaHtE6ZR7dDZ,Fater Institute,"Directorate‑General for Financial Stability, Financial Services and Capital Markets Union",EU.2032.29,,IRN,EU-IRN,2025-09-29,2023-10-17,,,2025/1982 (OJ L202501982),eu
fr-ga-6cf98993aa59003818030b83e03e434ad74b0c22,NK-kiTwWCSz2SzaHtE6ZR7dDZ,Fater Institute,Direction Générale du Trésor,,,RCSNU 1737 (2006) et suiv (ONU Iran prolifération - RCSNU 1737 (2006) et suivantes),EU-IRN,,,,,"Entités qui sont la propriété, sont sous le contrôle ou agissent pour le compte du Corps des gardiens de la révolution islamique; filiale de Khatam al-Anbiya (KAA). Fater a travaillé avec des fournisseurs étrangers, probablement pour le compte d’autres sociétés de KAA participant à des projets de l’IRGC en Iran",fr
fr-ga-a5cc1c86127be503a09808ed5a89ddb4b2fae662,NK-kiTwWCSz2SzaHtE6ZR7dDZ,Fater Institute,Direction Générale du Trésor,,,décision du comité des sanctions des Nations unies du 09/06/2010 (ONU Iran prolifération - RCSNU 1737 (2006) et R (UE) 267/2012),EU-IRN,,,,,"Fater Institute est une société de construction et une filiale de Khatam-al Anbiya Construction Headquarters (KAA), entité du Corps des gardiens de la révolution islamique, et est donc contrôlée par ce dernier",fr
gb-fcdo-d47ce791fd59af30f0ab4d702d0e5e1a967c58ec,NK-kiTwWCSz2SzaHtE6ZR7dDZ,Fater Institute,UK|UN,INU0230,IRe.020,The Iran (Sanctions) (Nuclear) (EU Exit) Regulations 2019,GB-IRAN-NW,,2023-10-18,,,"There are reasonable grounds to suspect that the Fater Institute is an involved person within the meaning of the Iran (Sanctions) (Nuclear) (EU Exit) Regulations 2019. The Fater Institute is or has been responsible for engaging in, providing support for, and facilitating a relevant nuclear activity, namely the proliferation or development of nuclear weapons in, or for use in, Iran, or an activity ",gb
il-wmd-6add300c44cc7a1561b6dd28b6b854fad8658638,NK-kiTwWCSz2SzaHtE6ZR7dDZ,Fater Institute,Isreali Ministry of Finance,,,,,,2018-07-12,,,,il
ja-mof-317d3ad01804bbf367928bf6d597cb0f1a01a12f,NK-kiTwWCSz2SzaHtE6ZR7dDZ,Fater Institute,Ministry of Finance,58,,イランの拡散上機微な核活動又は核兵器運搬手段の開発に関与する者（団体）,,,2025-09-28,,,,jp
jp-eul-957977d8da700b630dbc3cd4d8c7ead40f8acef0,NK-kiTwWCSz2SzaHtE6ZR7dDZ,Fater Institute,"Ministry of Economy, Trade and Industry",,,,,,,,,"Weapon Types: Biological, Chemical, Missile, Nuclear",jp
mc-freezes-e51c9efb06d9deed649cf3a70dd07bc1b7c3c024,NK-kiTwWCSz2SzaHtE6ZR7dDZ,Fater Institute,Principauté de Monaco,,,,,,,,,"Fater Institute est une société de construction et une filiale de Khatam-al Anbiya (KAA) Construction Headquarters (KAA), entité du Corps des gardiens de la révolution islamique, et est donc contrôlée par ce dernier.
Fater a travaillé avec des fournisseurs étrangers, probablement pour le compte d’autres sociétés de KAA participant à des projets de l’IRGC en Iran.",mc
ofac-96dc39b692406c0ac2184a510625673c8cd8ef17,NK-kiTwWCSz2SzaHtE6ZR7dDZ,Fater Institute,Office of Foreign Assets Control,11792,,NPWMD,US-NON-PROLIF,,,,,TRA,us
tr-fcib-41a1cfd437b98b9c45537d206137978491901b2c,NK-kiTwWCSz2SzaHtE6ZR7dDZ,Fater Institute,Republic of Türkiye Ministry of Treasury and Finance - Financial Crimes Investigation Board,,,"Asset freezes within the scope of Articles 3.A and 3.B of Law No. 7262, aimed at preventing the financing of the proliferation of weapons of mass destruction.",,2010-06-09,,,,,tr
ua-nsdc-378772c36ffa25218bba5cb40e56c727d62b8f76,NK-kiTwWCSz2SzaHtE6ZR7dDZ,Fater Institute,National Security and Defense Council,16025412200017,,254/2016,UA-SA1644,,2016-06-15,2018-10-18,expired,,ua
ua-sfms-d2438005d825394f8ac4afb0e409bdf6905a66c9,NK-kiTwWCSz2SzaHtE6ZR7dDZ,Fater Institute,State Finance Monitoring Service,,,РБ ООН (Комітет 1737 (2006)),,2025-09-29,2025-09-29,,,,ua
unsc-f341c798f433b06976ccc8b7432c6a378fb3f9f0,NK-kiTwWCSz2SzaHtE6ZR7dDZ,Fater Institute,United Nations Security Council,,IRe.020,Iran,UN-SC1737,2010-06-09,2010-06-09,,,,
zafic-b625c72907dd4cacd8055e330ee03bc47b337b08,NK-kiTwWCSz2SzaHtE6ZR7dDZ,Fater Institute,Financial Intelligence Centre,,IRe.020,,,2010-06-09,,,,,za
au-dfat-566cf516e563a952d41ce84e1a3f9f90e88d26b9,NK-kk4adkypucSWWmtJs3kTib,Amid Hussain Al Kuni,Department of Foreign Affairs and Trade,,,1970 (Libya),UN-SC1970,,2026-02-20,,,,au
au-dfat-baef2c88f996c321bed2dfcb1afa76d0e1c03c98,NK-kk4adkypucSWWmtJs3kTib,Amid Hussain Al Kuni,Department of Foreign Affairs and Trade,,,Autonomous (Libya),AU-LIBYA,,2024-01-12,,,,au
be-fod-9901072b713daaaef242e8e54d51da1a6fdb641c,NK-kk4adkypucSWWmtJs3kTib,Amid Hussain Al Kuni,Federal Public Service Finance,,,,EU-LBY,2015-08-01,,,,2015/1323 (OJ L206),be
ch-seco-1303ce0d334d64ef077e08fc27ca47351401c56b,NK-kk4adkypucSWWmtJs3kTib,Amid Hussain Al Kuni,State Secretariat for Economic Affairs,20712,,"Ordinance of 30 March 2011 on measures against Libya (SR 946.231.149.82), annexes 2, 3, 4 and 5",SECO-LIBYA,2013-03-21,2015-08-28,,,,ch
ch-seco-d48e920949bbf1934ad722bf4814f731b198c47f,NK-kk4adkypucSWWmtJs3kTib,Amid Hussain Al Kuni,State Secretariat for Economic Affairs,13037,LYi.005,"Ordinance of 30 March 2011 on measures against Libya (SR 946.231.149.82), annexes 2, 3, 4 and 5",SECO-LIBYA,2013-03-21,2025-04-07,,,,ch
eu-fsf-00f5b00628542ee2ac7010a7f19fbadaf88e9007,NK-kk4adkypucSWWmtJs3kTib,Amid Hussain Al Kuni,"Directorate‑General for Financial Stability, Financial Services and Capital Markets Union",EU.3374.53,,LBY,EU-LBY,2016-01-19,2011-04-12,,,2016/44 (OJ L12),eu
eu-sancmap-79b83961e76d97a141185730312b363be5ab572c,NK-kk4adkypucSWWmtJs3kTib,Amid Hussain Al Kuni,UN and EU,,,LBY,EU-LBY,,,,,,eu
eu-tb-29be0d15c35003447704a7e78f93b8d3956bd500,NK-kk4adkypucSWWmtJs3kTib,Amid Hussain Al Kuni,Council of the European Union,,,,,,,,,"Council Decision concerning restrictive measures in view of the situation in Libya, and repealing Decision 2011/137/CFSP",eu
eu-tb-b0b73b778d313c6a2198db48a9ecb3cc1dc09c2c,NK-kk4adkypucSWWmtJs3kTib,Amid Hussain Al Kuni,Council of the European Union,,,"Council Decision concerning restrictive measures in view of the situation in Libya, and repealing Decision 2011/137/CFSP",EU-LBY,,,,,"Council Decision concerning restrictive measures in view of the situation in Libya, and repealing Decision 2011/137/CFSP",eu
fr-ga-bf5f901c63e19905c247736b92aac0cbc1bec724,NK-kk4adkypucSWWmtJs3kTib,Amid Hussain Al Kuni,Direction Générale du Trésor,,,(UE) 360/2011 du 12/04/2011 -  (UE Libye - R (UE) 2016/44),EU-LBY,,,,,,fr
gb-fcdo-e23091b1e31c36cfb754da258136322a4d27b66d,NK-kk4adkypucSWWmtJs3kTib,Amid Hussain Al Kuni,UK|UN,11773,LYi.005,The Libya (Sanctions) (EU Exit) Regulations 2020,GB-LBY,,2020-12-31,,,"As a former Governor of Ghat (South Libya) and Ambassador to Niger, Al Kuni was associated with the Qadhafi regime. Al Kuni was also involved in activities which threaten the peace, security, stability of Libya or undermines its transition to a democratic, peaceful and independent country, mercenaries to fight for the Qadhafi regime in order to implement the repressive policies of that regime.",gb
mc-freezes-f8ccb4b1b841ee89a8fec475b3d50e4dd11fd13f,NK-kk4adkypucSWWmtJs3kTib,Amid Hussain Al Kuni,Principauté de Monaco,,,,,,,,,,mc
ua-sfms-699f8b72dd5489a3016f0fa05bf1763c5d8b0278,NK-kk4adkypucSWWmtJs3kTib,Amid Hussain Al Kuni,State Finance Monitoring Service,,,Резолюція РБ ООН 1970 (2011),,2014-10-14,2014-10-14,,,,ua
unsc-2d9b41a2b13efbb3fc7506b704358e475662ad49,NK-kk4adkypucSWWmtJs3kTib,Amid Hussain Al Kuni,United Nations Security Council,,LYi.005,Libya,UN-SC1970,2011-03-17,2011-03-17,,,,
zafic-0782fcdebef38acbfcbef63b2c32bed1a71a2f38,NK-kk4adkypucSWWmtJs3kTib,Amid Hussain Al Kuni,Financial Intelligence Centre,,LYi.005,,,2011-03-17,,,,,za
ofac-e4c46672ce9d67e611381aedc61a29373aede05c,NK-kmGhw7uZkddTMsmNpLjk5Q,QESHM ZINC SMELTING AND REDUCTION COMPANY.,Office of Foreign Assets Control,25045,,IFSR,US-IRAN,,,,,Executive Order 13224 (Terrorism),us
sa-pcct-2258d30ec0aaa2688f5fecc81b29b7de3ab386e2,NK-kmGhw7uZkddTMsmNpLjk5Q,QESHM ZINC SMELTING AND REDUCTION COMPANY.,Permanent Committee for Counter-Terrorism,,,,SA-UNSC1373,,2019-10-30,,,,sa
arpet-d71c50cfd10e4c5be79e0b0443239c914c6f2fef,NK-kmyqJUK4SheACowgKdJ95U,Jamal Husayn ZAYNIYAH,Ministerio de Justicia,,QDi.428,UN List,,2020-10-08,2020-10-08,,,,ar
au-dfat-2ed97defa0871e0517bf8c291fecd9e9b62d1654,NK-kmyqJUK4SheACowgKdJ95U,Jamal Husayn ZAYNIYAH,Department of Foreign Affairs and Trade,,,1267 (ISIL (Da'esh) and Al-Qaida),UN-SCISIL,2020-10-08,2026-02-20,,,,au
be-fod-26647495d9e84c8d144196093d297e2b08c8db3d,NK-kmyqJUK4SheACowgKdJ95U,Jamal Husayn ZAYNIYAH,Federal Public Service Finance,,,,EU-TAQA-EUAQ,2020-10-13,,,,2020/1473 (OJ L334I),be
ch-seco-56b892c2a91b7b045f88ca716fb412d71f3e964c,NK-kmyqJUK4SheACowgKdJ95U,Jamal Husayn ZAYNIYAH,State Secretariat for Economic Affairs,86566,QDi.428,"Ordinance on measures against persons, groups, undertakings and entities associated with ISIL (Da'esh) and Al-Qaida",SECO-ISIL,2025-05-14,2025-10-06,,,,ch
eu-fsf-fcf63ec7d39339054ce320f57fd9408ed65eecfc,NK-kmyqJUK4SheACowgKdJ95U,Jamal Husayn ZAYNIYAH,"Directorate‑General for Financial Stability, Financial Services and Capital Markets Union",EU.5878.67,QDi.428,TAQA,EU-TAQA-EUAQ,2020-10-13,2020-10-08,,,2020/1473 (OJ L334I),eu
eu-tb-15b5fa86c3fb3e11119cfa3835500e70a4d6518e,NK-kmyqJUK4SheACowgKdJ95U,Jamal Husayn ZAYNIYAH,Council of the European Union,,QDi.428,,,,,,,"Council Decision concerning restrictive measures against ISIL (Da'esh) and Al-Qaeda and persons, groups, undertakings and entities associated with them and repealing Common Position 2002/402/CFSP",eu
eu-tb-f1a0573b85dd27992eebbc674e5616d79d31ebf3,NK-kmyqJUK4SheACowgKdJ95U,Jamal Husayn ZAYNIYAH,Council of the European Union,,QDi.428,,,,,,,"Decision concerning restrictive measures against ISIL (Da’esh) and Al-Qaeda and persons, groups, undertakings and entities associated with them",eu
fr-ga-62980d34a1af0ff7dee8262bf32ffff245be7a37,NK-kmyqJUK4SheACowgKdJ95U,Jamal Husayn ZAYNIYAH,Direction Générale du Trésor,EU.5878.67,,décision du comité des sanctions des Nations unies du 08/10/2020 (ONU Al Qaeda Etat - Islamique - RCSNU 1267 (1999) et R (UE) 881/2002 ),UN-SCISIL,,,,,"commandant du Al-Nusrah Front for the People of the Levant dans la region de Kalamoun Ouest, République arabe syrienne",fr
gb-fcdo-09b63c1372b09a1f086dd4f9cc00b0d27582ad5e,NK-kmyqJUK4SheACowgKdJ95U,Jamal Husayn ZAYNIYAH,"Foreign, Commonwealth & Development Office",AQD0363,QDi.428,Isil (Da'esh) and Al-Qaeda (United Nations Sanctions) (EU Exit) Regulations 2019,GB-ISIL,,2020-10-08,,,,gb
id-dttot-0ed489ff97d0255b907e6fa9ae3f7dc442781efb,NK-kmyqJUK4SheACowgKdJ95U,Jamal Husayn ZAYNIYAH,Indonesian Financial Transaction Reports and Analysis Center,ILQ-297,,,,,,,,,id
il-nbctf-6ca1e92b20c12608e3e7654033c2f1edba1b3957,NK-kmyqJUK4SheACowgKdJ95U,Jamal Husayn ZAYNIYAH,National Bureau for Counter Terror Financing,,,"מועבי""ט - או""ם",,,2020-10-20,,,,il
ja-mof-eb564afeca9fd886965020970d02f766378ea2aa,NK-kmyqJUK4SheACowgKdJ95U,Jamal Husayn ZAYNIYAH,Ministry of Finance,787,,タリバーン関係者等 （タリバーン、アル・カーイダ及びISIL（ダーイシュ）関係者等） / （注1）国連安保理決議第1267号、第1333号、第1390号、第1988号、第1989号、第2253号及び第2255号に加えて、国連安保理決議第1373号に基づく資産凍結措置の対象に指定されている個人及び団体については、告示番号の冒頭に＊印を付しています。 （注2）2021年5月28日以降の制裁対象者の追加指定につきましては、外務省告示を２回に分けて発出することとなりました。 （１回目：制裁対象者の氏名等を国連安保理が公表した英文の情報のまま発出する告示、２回目：制裁対象者の氏名等に仮名表記等を追加・修文する告示）２回目の告示発出につきましては、当シートの告示日付には反映しておりません。,,,2020-10-13,,,,jp
mc-freezes-d16445f12c6e5264b272e18ed8ed79112801f52b,NK-kmyqJUK4SheACowgKdJ95U,Jamal Husayn ZAYNIYAH,Principauté de Monaco,,,,,,,,,"commandant du Al-Nusrah Front for the People of the Levant dans la region de Kalamoun Ouest, République arabe syrienne",mc
md-terr-2856bf380ca060104885e4117c7ebd39d3c9e627,NK-kmyqJUK4SheACowgKdJ95U,Jamal Husayn ZAYNIYAH,Centrul Antiterorist al Serviciului de Informaţii şi Securitate al Republicii Moldova,,QDi.428,"Lista persoanelor, entităţilor şi a altor grupuri asociate cu „ISIL” („Da’esh”) şi „Al-Qaida” menţinută de CCS al ONU, instituit prin Rezoluţiile 1267 (1999), 1989 (2011), 2253 (2015)",,,,,,,md
ofac-b9a30feebd36d185b0afda6352f64883562d8439,NK-kmyqJUK4SheACowgKdJ95U,Jamal Husayn ZAYNIYAH,Office of Foreign Assets Control,20883,,SDGT,US-TERR,,,,,Executive Order 13224 (Terrorism),us
ua-sfms-3137c9e369b42cf577dd9452c0fd9ce89847ce77,NK-kmyqJUK4SheACowgKdJ95U,Jamal Husayn ZAYNIYAH,State Finance Monitoring Service,,,"РБ ООН (Комітет 1267(1999),1989(2011),2253(2015))",,2020-10-09,2020-10-09,,,,ua
unsc-18ed52667ffc80309e5c5bdf0f1f6c82affddd5f,NK-kmyqJUK4SheACowgKdJ95U,Jamal Husayn ZAYNIYAH,United Nations Security Council,,QDi.428,Al-Qaida,UN-SCISIL,2020-10-08,2020-10-08,,,,
zafic-75a6aa0276692e785af460e8daebed1ea8507793,NK-kmyqJUK4SheACowgKdJ95U,Jamal Husayn ZAYNIYAH,Financial Intelligence Centre,,QDi.428,,,2020-10-08,,,,,za
ofac-cd61c0804e966d1d9bd8686569201a53a5e2d540,NK-knHaQ9xFi4WthPB4vD98Eg,DELICE,Office of Foreign Assets Control,25375,,NPWMD,US-NON-PROLIF,,,,,Executive Order 13382 (Non-proliferation),us
sa-pcct-1f2644463ded90e2c138ab5f740915ff397c6f94,NK-knHaQ9xFi4WthPB4vD98Eg,DELICE,Permanent Committee for Counter-Terrorism,,,,SA-UNSC1373,,2022-01-26,,,,sa
ofac-70f48c7ed128c33d38715268a1018e7ee8d4722e,NK-m5kKDYeGrDVJn5FzJswQes,"GHAEEMI, MORTEZA",Office of Foreign Assets Control,27272,,SDGT,US-TERR,,,,,Executive Order 13224 (Terrorism),us
sa-pcct-1cce4b532a4678d79cd735b92743a342dd2c6903,NK-m5kKDYeGrDVJn5FzJswQes,"GHAEEMI, MORTEZA",Permanent Committee for Counter-Terrorism,,,,SA-UNSC1373,,2022-01-26,,,,sa
ae-lt-807dede57571621352ab99a9f6a484a3637581dc,NK-m9deLWrfTFxHv3Xsg9iqFV,"AL-SALLABI, ISMAIL MOHAMMED MOHAMMED",Executive Office for Control & Non-proliferation,,,مدرج بموجب قرار مجلس الوزراء رقم (18) لسنة 2017,AE-UNSC1373,,,,,,ae
sa-pcct-4f7605832fb8748f86819f07cf459367cb2712c3,NK-m9deLWrfTFxHv3Xsg9iqFV,"AL-SALLABI, ISMAIL MOHAMMED MOHAMMED",Permanent Committee for Counter-Terrorism,,,,SA-UNSC1373,,2017-06-08,,,,sa
au-dfat-270b6e098243e075c1c32a12ee5b8cb6dcfd02c0,NK-mAXMHWw8MKHM9YJDh44pYj,Etemad Amin Invest Co Mobin,Department of Foreign Affairs and Trade,,,Autonomous (Iran),AU-IRAN,,2024-01-12,,,,au
be-fod-dfeb4a856dd7a49b973dc67be780c7ae16286b7f,NK-mAXMHWw8MKHM9YJDh44pYj,Etemad Amin Invest Co Mobin,Federal Public Service Finance,,,,EU-IRN,2021-07-30,,,,2022/1010 (OJ L170),be
ca-sema-0b92a7b90c202262ad3c7a43d7ec06c87eb94194,NK-mAXMHWw8MKHM9YJDh44pYj,Etemad Amin Invest Co Mobin,Global Affairs Canada,96,,Iran,CA-SEMA,2016-02-05,,,,"1, Part 1",ca
ch-seco-ad8f8898b816ef951982aa0d8333f683ea79f083,NK-mAXMHWw8MKHM9YJDh44pYj,Etemad Amin Invest Co Mobin,State Secretariat for Economic Affairs,9058,19.,"Ordinance of 12 December 2025 on measures against the Islamic Republic of Iran (SR 946.231.143.6), annexes 11-14",SECO-IRAN,2019-06-18,2019-06-18,,,,ch
eu-fsf-cb14797e9f2637988000fa605f4150866091ea55,NK-mAXMHWw8MKHM9YJDh44pYj,Etemad Amin Invest Co Mobin,"Directorate‑General for Financial Stability, Financial Services and Capital Markets Union",EU.1956.60,,IRN,EU-IRN,2022-06-28,2010-07-26,,,2022/1010 (OJ L170),eu
fr-ga-30bfa253757a549df6056117fb16229cc9d53ddd,NK-mAXMHWw8MKHM9YJDh44pYj,Etemad Amin Invest Co Mobin,Direction Générale du Trésor,EU.1956.60,,(UE) 2022/1010 du 27/06/2022 (UE Iran prolifération - R (UE) 267/2012),EU-IRN,,,,,"Société détenue ou contrôlée par l’IRGC, qui contribue au financement des intérêts stratégiques du régime.",fr
gb-fcdo-ca0b39c4d2c6293691a66c896b09b09071d3e0be,NK-mAXMHWw8MKHM9YJDh44pYj,Etemad Amin Invest Co Mobin,UK,INU0062,,The Iran (Sanctions) (Nuclear) (EU Exit) Regulations 2019,GB-IRAN-NW,,2020-12-31,,,A company owned or controlled by the IRGC that contributes to financing the strategic interests of the regime,gb
mc-freezes-33b6e6ddcceec801ad4aa2a8c7494148b4d66aa0,NK-mAXMHWw8MKHM9YJDh44pYj,Etemad Amin Invest Co Mobin,Principauté de Monaco,,,,,,,,,"Société détenue ou contrôlée par l’IRGC, qui contribue au financement des intérêts stratégiques du régime.",mc
ofac-70954b79c56fb9ec28316f104147ab12f66a42d1,NK-mEi8xTvSxgBq8XrhP6LiYD,Ali Ahmidah al-Safrani,Office of Foreign Assets Control,21203,,SDGT,US-TERR,,,,,Executive Order 13224 (Terrorism),us
ofac-bfc6e0591107579ed2a1a030d90527855d0d92bb,NK-mPUPHZuVgekdDCSXZg2rZN,Faysal al-Wadi,Office of Foreign Assets Control,28297,,LIBYA3,US-LIBYA,,,,,Executive Order 13726 (Libya),us
ofac-9b3c6838a7ed78655a2f67a5211f4e36b684a381,NK-mXTqef7eyaz6aXerpCXT4N,TEKTER INVESTMENT COMPANY,Office of Foreign Assets Control,25040,,IFSR,US-IRAN,,,,,Executive Order 13224 (Terrorism),us
sa-pcct-d207b273dfde5cf6021201831fff8f0060a8cc97,NK-mXTqef7eyaz6aXerpCXT4N,TEKTER INVESTMENT COMPANY,Permanent Committee for Counter-Terrorism,,,,SA-UNSC1373,,2019-10-30,,,,sa
ofac-6d1532c0c65cbda0d0d0480670c796cf41994d22,NK-mcEA6S3Pp8oqJvDp7SDksJ,Mariya Vladimirovna Selina,Office of Foreign Assets Control,58143,,NPWMD,US-NON-PROLIF,,,,,Executive Order 13382 (Non-proliferation),us
au-dfat-a2068591ae72096caf2bc024bb4588dd51a58054,NK-mdqNiJyfpLepHn7pPmxLnH,Ghorb Karbala,Department of Foreign Affairs and Trade,,,1737 (Iran),UN-SC1737,,2025-12-12,,,,au
au-dfat-f71e1d8b92d319d33a44cd8cade9e76406f4703a,NK-mdqNiJyfpLepHn7pPmxLnH,Ghorb Karbala,Department of Foreign Affairs and Trade,,,Autonomous (Iran),AU-IRAN,,2023-10-18,,,,au
be-fod-60cc2b112dd54953b44bf8df900b30ac3fdf90e1,NK-mdqNiJyfpLepHn7pPmxLnH,Ghorb Karbala,Federal Public Service Finance,,,,EU-IRN,2023-10-17,,,,2023/2196 (OJ L17102023),be
ca-sema-1cc0a983b13bfe6556e6bf273bb66c369be34ed5,NK-mdqNiJyfpLepHn7pPmxLnH,Ghorb Karbala,Global Affairs Canada,176,,Iran,CA-SEMA,2023-10-18,,,,"1, Part 1",ca
ch-seco-bb302fdec5b6bc18fbecd0a1af7802ec113adddd,NK-mdqNiJyfpLepHn7pPmxLnH,Ghorb Karbala,State Secretariat for Economic Affairs,66450,IRe.023,"Ordinance of 12 December 2025 on measures against the Islamic Republic of Iran (SR 946.231.143.6), annexes 11-14",SECO-IRAN,2025-12-12,2025-12-12,,,,ch
eu-fsf-8933b58cb298d28f36d071bf12229648c233cddc,NK-mdqNiJyfpLepHn7pPmxLnH,Ghorb Karbala,"Directorate‑General for Financial Stability, Financial Services and Capital Markets Union",EU.2060.5,,IRN,EU-IRN,2025-09-29,2023-10-17,,,2025/1982 (OJ L202501982),eu
fr-ga-2ee3b46b37c74cbe7ee263efba4a88e0bda9cd7c,NK-mdqNiJyfpLepHn7pPmxLnH,Ghorb Karbala,Direction Générale du Trésor,,,RCSNU 1737 (2006) et suiv (ONU Iran prolifération - RCSNU 1737 (2006) et suivantes),EU-IRN,,,,,"Entités qui sont la propriété, sont sous le contrôle ou agissent pour le compte du Corps des gardiens de la révolution islamique; Appartient à KAA ou est contrôlé par KAA.",fr
fr-ga-b5240e4f939478a3cda280d510cd87e5ab7d6912,NK-mdqNiJyfpLepHn7pPmxLnH,Ghorb Karbala,Direction Générale du Trésor,,,décision du comité des sanctions des Nations unies du 09/06/2010 (ONU Iran prolifération - RCSNU 1737 (2006) et R (UE) 267/2012),EU-IRN,,,,,Ghorb Karbala est une filiale de Khatam al-Anbiya Construction Headquarters (KAA) et est donc contrôlée par l’IRGC.,fr
gb-fcdo-d9becfe5ba07068cb8b78eef6f21e54509b4e303,NK-mdqNiJyfpLepHn7pPmxLnH,Ghorb Karbala,UK|UN,INU0232,IRe.023,The Iran (Sanctions) (Nuclear) (EU Exit) Regulations 2019,GB-IRAN-NW,,2023-10-18,,,"Ghorb Karbala is an involved person within the meaning of the Iran (Sanctions) (Nuclear) (EU Exit) Regulations 2019. Ghorb Karbala is or has been responsible for, engaged in, provided support for, or promoted, or facilitated, a relevant nuclear activity, specifically the proliferation or development of nuclear weapons in, or for use in, Iran, or an activity that could lead to the development of nu",gb
il-wmd-151dd544570f5485da3859dd05c9579a6c89522e,NK-mdqNiJyfpLepHn7pPmxLnH,Ghorb Karbala,Isreali Ministry of Finance,,,,,,2018-07-12,,,,il
ja-mof-0f33f7c49bfb0969e943edde1869f916f707137b,NK-mdqNiJyfpLepHn7pPmxLnH,Ghorb Karbala,Ministry of Finance,60,,イランの拡散上機微な核活動又は核兵器運搬手段の開発に関与する者（団体）,,,2025-09-28,,,,jp
jp-eul-dc5635e3a91e977ab424352e221a8ff121ad95c1,NK-mdqNiJyfpLepHn7pPmxLnH,Ghorb Karbala,"Ministry of Economy, Trade and Industry",,,,,,,,,"Weapon Types: Biological, Chemical, Missile, Nuclear",jp
mc-freezes-359b7e303c040c4e5216759341415f17a2e596fc,NK-mdqNiJyfpLepHn7pPmxLnH,Ghorb Karbala,Principauté de Monaco,,,,,,,,,"Ghorb Karbala est une filiale de Khatam al-Anbiya Construction Headquarters (KAA) et est donc contrôlée par l’IRGC.
Ghorb Karbala est la propriété ou se trouve sous le contrôle de KAA.",mc
ofac-b2893833e9a758807bb71af1fe48e6a17bc58c4e,NK-mdqNiJyfpLepHn7pPmxLnH,Ghorb Karbala,Office of Foreign Assets Control,10490,,NPWMD,US-NON-PROLIF,,,,,TRA,us
tr-fcib-375c0093441eff2071aeee468f30796bbdfafc6e,NK-mdqNiJyfpLepHn7pPmxLnH,Ghorb Karbala,Republic of Türkiye Ministry of Treasury and Finance - Financial Crimes Investigation Board,,,"Asset freezes within the scope of Articles 3.A and 3.B of Law No. 7262, aimed at preventing the financing of the proliferation of weapons of mass destruction.",,2010-06-09,,,,,tr
ua-nsdc-d797b94d70d64c90a338ccc904e45fd6f00698c0,NK-mdqNiJyfpLepHn7pPmxLnH,Ghorb Karbala,National Security and Defense Council,16025412200019,,254/2016,UA-SA1644,,2016-06-15,2018-10-18,expired,,ua
ua-sfms-3350771fce2f1b627ecf72a5f8b95d16f7375cef,NK-mdqNiJyfpLepHn7pPmxLnH,Ghorb Karbala,State Finance Monitoring Service,,,РБ ООН (Комітет 1737 (2006)),,2025-09-29,2025-09-29,,,,ua
unsc-ae27c611a4c1fab5507319e9f0cf5df6314f3e21,NK-mdqNiJyfpLepHn7pPmxLnH,Ghorb Karbala,United Nations Security Council,,IRe.023,Iran,UN-SC1737,2010-06-09,2010-06-09,,,,
zafic-452ec3c2f4c7c267741fe24b622e30d8ee76ee8e,NK-mdqNiJyfpLepHn7pPmxLnH,Ghorb Karbala,Financial Intelligence Centre,,IRe.023,,,2010-06-09,,,,,za
au-dfat-f92f1f2937471853455508ee398a049066d324e1,NK-mhQiuCZKVuCaGFSoNF5Lh4,Oje Parvaz Mado Nafar Company,Department of Foreign Affairs and Trade,,,Autonomous (Ukraine),AU-UKRAINE,,2023-02-01,,,,au
be-fod-e28314187c20c2a4bd88ea57de2d49a89514e21f,NK-mhQiuCZKVuCaGFSoNF5Lh4,Oje Parvaz Mado Nafar Company,Federal Public Service Finance,,,,EU-UKR,2023-09-14,,,,2023/1765 (OJ L226),be
ch-seco-2ee0f0bbc10b542f737335d7b993f50551082220,NK-mhQiuCZKVuCaGFSoNF5Lh4,Oje Parvaz Mado Nafar Company,State Secretariat for Economic Affairs,61650,,"Ordinance of 4 March 2022 on measures related to the situation in Ukraine (RS 946.231.176.72), annexes 2, 8, 9, 10, 11, 12,13, 14, 14a, 15, 15a, 15b, 15c, 25, 33, 35, 36, 37, 39, 40 and 41",SECO-UKRAINE,2023-03-29,2023-03-29,,,,ch
ch-seco-8a5d98729fa1700cbb02d46771c7a6e4e44296bf,NK-mhQiuCZKVuCaGFSoNF5Lh4,Oje Parvaz Mado Nafar Company,State Secretariat for Economic Affairs,57769,,"Ordinance of 4 March 2022 on measures related to the situation in Ukraine (RS 946.231.176.72), annexes 2, 8, 9, 10, 11, 12,13, 14, 14a, 15, 15a, 15b, 15c, 25, 33, 35, 36, 37, 39, 40 and 41",SECO-UKRAINE,2023-11-02,2023-11-02,,,,ch
eu-fsf-a52c8b1bdaa29d1f8be14cbe01be71f98932ea26,NK-mhQiuCZKVuCaGFSoNF5Lh4,Oje Parvaz Mado Nafar Company,"Directorate‑General for Financial Stability, Financial Services and Capital Markets Union",EU.9440.84,,UKR,EU-UKR,2023-09-14,2022-12-12,,,2023/1765 (OJ L226),eu
fr-ga-8c3387161874912eeea9712d4e8ae3f839709741,NK-mhQiuCZKVuCaGFSoNF5Lh4,Oje Parvaz Mado Nafar Company,Direction Générale du Trésor,,,(UE) 2022/2430 du 12/12/2022 (UE Ukraine intégrité territoriale - R (UE) 269/2014),EU-UKR,,,,,"Oje Parvaz Mado Nafar Company (Mado) est une société basée en Iran et spécialisée dans la fabrication de composants de véhicules aériens sans pilote (UAV). Mado a produit des moteurs d’UAV pour des entités liées au Corps des gardiens de la révolution islamique (IRGC), y compris des moteurs utilisés dans les UAV Shahed-136. Des UAV Shahed-136 sont utilisés par la Fédération de Russie dans le cadre ",fr
gb-fcdo-eabedc99658e4ad29cd1962115bf1179df5582d3,NK-mhQiuCZKVuCaGFSoNF5Lh4,Oje Parvaz Mado Nafar Company,UK,RUS1697,,The Russia (Sanctions) (EU Exit) Regulations 2019,GB-RUS,,2022-12-13,,,"Oje Parvaz Mado Nafar Company “Mado Company” is an involved person under the Russia (Sanctions) (EU Exit) Regulations 2019 in that it has provided or made available for use by the Russian military components and engines for Unmanned Aerial Vehicles (UAVs) that could contribute to destabilising Ukraine or undermining or threatening the territorial integrity, sovereignty or independence of Ukraine. ",gb
jp-eul-cd29403303f1c1c742714150a5ff3e02e72b65fd,NK-mhQiuCZKVuCaGFSoNF5Lh4,Oje Parvaz Mado Nafar Company,"Ministry of Economy, Trade and Industry",,,,,,,,,"Weapon Types: Missile, Conventional Weapons",jp
mc-freezes-3655573ffbd48f29739b1e6da3a77016305b43a3,NK-mhQiuCZKVuCaGFSoNF5Lh4,Oje Parvaz Mado Nafar Company,Principauté de Monaco,,,,,,,,,"Oje Parvaz Mado Nafar Company (Mado) est une société basée en Iran et spécialisée dans la fabrication de composants de véhicules aériens sans pilote (UAV).
Mado a produit des moteurs d’UAV pour des entités liées au Corps des gardiens de la révolution islamique (IRGC), y compris des moteurs utilisés dans les UAV Shahed-136. Des UAV Shahed-136 sont utilisés par la Fédération de Russie dans le cadre ",mc
nz-ru-40f831d1f7c9269204a03414a8acb71ed7c5ddfa,NK-mhQiuCZKVuCaGFSoNF5Lh4,Oje Parvaz Mado Nafar Company,Ministry of Foreign Affairs and Trade,,,,NZ-RSA2022,,2023-02-17,,Sanctioned,Involved in the supply of Iranian drones to the Russian Federation,nz
ofac-0828fc296f11e2fef0c4292727a0c3abb0b9ea4d,NK-mhQiuCZKVuCaGFSoNF5Lh4,Oje Parvaz Mado Nafar Company,Office of Foreign Assets Control,33594,,IFSR,US-IRAN,,,,,Executive Order 13382 (Non-proliferation),us
trade-csl-10646749609bda8a79b4c6468e5719d53a1b4c4b,NK-mhQiuCZKVuCaGFSoNF5Lh4,Oje Parvaz Mado Nafar Company,Entity List (EL) - Bureau of Industry and Security,88 FR 6622,,Entity List (EL) - Bureau of Industry and Security,US-BIS-EL,,2023-01-31,,,"For All Items Subject to the EAR (See §734.9(g), 3 §744.21(b), and §746.8(a)(3) of the EAR).",us
ua-nsdc-2e6ead8aeb054ebd49f6602dab12f0fdf43de804,NK-mhQiuCZKVuCaGFSoNF5Lh4,Oje Parvaz Mado Nafar Company,National Security and Defense Council,23016312200072,,163/2023,UA-SA1644,,2023-03-18,2033-03-18,active,,ua
au-dfat-6a31a57127b534355868d982d85cd588b7542cc7,NK-mmGxwFYre24XCPwZhrZ2t5,Osama Al Kuni Ibrahim,Department of Foreign Affairs and Trade,,,1970 (Libya),UN-SC1970,,2026-02-20,,,,au
be-fod-9b8c5ff6a0db58d20a3e735626b3085a0c3dc273,NK-mmGxwFYre24XCPwZhrZ2t5,Osama Al Kuni Ibrahim,Federal Public Service Finance,,,,EU-LBY,2021-11-04,,,,2021/1909 (OJ L389I),be
ch-seco-327124c53f75845a657142255e96142afc3bfbd9,NK-mmGxwFYre24XCPwZhrZ2t5,Osama Al Kuni Ibrahim,State Secretariat for Economic Affairs,46425,LYi.029,"Ordinance of 30 March 2011 on measures against Libya (SR 946.231.149.82), annexes 2, 3, 4 and 5",SECO-LIBYA,2025-04-07,2023-11-29,,,,ch
ch-seco-b8426822631a7578290784acbc1e21cbdc7d38fa,NK-mmGxwFYre24XCPwZhrZ2t5,Osama Al Kuni Ibrahim,State Secretariat for Economic Affairs,46438,LYi.029,"Ordinance of 30 March 2011 on measures against Libya (SR 946.231.149.82), annexes 2, 3, 4 and 5",SECO-LIBYA,2025-04-07,2023-11-29,,,,ch
eu-fsf-8e26d9163c67ad96ba567c9ac1f9436a46169abc,NK-mmGxwFYre24XCPwZhrZ2t5,Osama Al Kuni Ibrahim,"Directorate‑General for Financial Stability, Financial Services and Capital Markets Union",EU.6652.8,LYi.029,LBY,EU-LBY,2021-11-04,2021-10-25,,,2021/1909 (OJ L389I),eu
eu-tb-750ef8b2d33e66a5eed474839b47a881cd9a5b77,NK-mmGxwFYre24XCPwZhrZ2t5,Osama Al Kuni Ibrahim,Council of the European Union,,LYi.029,,,,,,,"Council Decision concerning restrictive measures in view of the situation in Libya, and repealing Decision 2011/137/CFSP",eu
fr-ga-19b317e6d25ba230db94527d73e0a74f38db1960,NK-mmGxwFYre24XCPwZhrZ2t5,Osama Al Kuni Ibrahim,Direction Générale du Trésor,EU.6652.8,LYi.029,(UE) 2021/1909 du 04/11/2021 (ONU Libye - RCSNU 1970/2011 et R (UE) 2016/44),UN-SC1970,,,,,"Administrateur de fait du centre de détention Nasr, la personne concernée a participé directement ou par l’intermédiaire de subordonnés à des actes qui violaient le droit international des droits de l’homme ou constituaient des atteintes aux droits humains en Libye, ou apporté son soutien à des tels actes.  Elle a agi au nom, pour le compte ou sur les instructions de deux personnes inscrites sur l",fr
gb-fcdo-5a1ca421d9be663b3297fc9f38f4f37cbf76ebdd,NK-mmGxwFYre24XCPwZhrZ2t5,Osama Al Kuni Ibrahim,UK|UN,LIB0075,LYi.029,The Libya (Sanctions) (EU Exit) Regulations 2020,GB-LBY,,2021-10-25,,,,gb
ja-mof-39147a3a128804c4c68b25549a429892ab0167a5,NK-mmGxwFYre24XCPwZhrZ2t5,Osama Al Kuni Ibrahim,Ministry of Finance,24,,リビアのカダフィ革命指導者及びその関係者 （Ⅱ その他の個人又は団体）,,,2023-11-29,,,,jp
mc-freezes-bdaefbf8c611bef2226a0b8b9e1f5f841ec8a441,NK-mmGxwFYre24XCPwZhrZ2t5,Osama Al Kuni Ibrahim,Principauté de Monaco,,,,,,,,,"Administrateur de fait du centre de détention Nasr, la personne concernée a participé directement ou par l’intermédiaire de subordonnés à des actes qui violaient le droit international des droits de l’homme ou constituaient des atteintes aux droits humains en Libye, ou apporté son soutien à des tels actes. Elle a agi au nom, pour le compte ou sur les instructions de deux personnes inscrites sur la",mc
ofac-86e8fd788e935eea33b607491d41956f58679774,NK-mmGxwFYre24XCPwZhrZ2t5,Osama Al Kuni Ibrahim,Office of Foreign Assets Control,30526,,LIBYA3,US-LIBYA,,,,,Executive Order 13726 (Libya),us
ua-sfms-e8d637d38043eb908d8becfa7d6edc27153f7d85,NK-mmGxwFYre24XCPwZhrZ2t5,Osama Al Kuni Ibrahim,State Finance Monitoring Service,,,РБ ООН (Комітет 1970 (2011)),,2023-11-30,2023-11-30,,,,ua
unsc-0620edd0f709f2e56dd718281cb07d9a34a2aa67,NK-mmGxwFYre24XCPwZhrZ2t5,Osama Al Kuni Ibrahim,United Nations Security Council,,LYi.029,Libya,UN-SC1970,2021-10-25,2021-10-25,,,,
zafic-9a7305556185d6ad055852e4c6fa24fa2a1f6be4,NK-mmGxwFYre24XCPwZhrZ2t5,Osama Al Kuni Ibrahim,Financial Intelligence Centre,,LYi.029,,,2021-10-25,,,,,za
ofac-7337aac2cb212477ef7a8345ff98d42fa8bda9ed,NK-mpMBjA6ckAihn7M6PKLQ2h,Alumix,Office of Foreign Assets Control,27332,,SDGT,US-TERR,,,,,Executive Order 13224 (Terrorism),us
sa-pcct-79a6033957c6cd3074a7fc9bdbdb9dada19754e1,NK-mpMBjA6ckAihn7M6PKLQ2h,Alumix,Permanent Committee for Counter-Terrorism,,,,SA-UNSC1373,,2022-01-26,,,,sa
au-dfat-acad2632b8d867684dfab8a71cc8252effc01cc2,NK-mrYFXbBNaTamfG4A3zFVEB,Abdulqader Yusef Dibri,Department of Foreign Affairs and Trade,,,Autonomous (Libya),AU-LIBYA,,2024-01-12,,,,au
au-dfat-f99b07894a38bf123ab2b7d7b2868f8ba13524f5,NK-mrYFXbBNaTamfG4A3zFVEB,Abdulqader Yusef Dibri,Department of Foreign Affairs and Trade,,,1970 (Libya),UN-SC1970,,2026-02-20,,,,au
ch-seco-62c504dfff4fbd51b295af48ce1f7ba2eae79386,NK-mrYFXbBNaTamfG4A3zFVEB,Abdulqader Yusef Dibri,State Secretariat for Economic Affairs,12923,LYi.002,"Ordinance of 30 March 2011 on measures against Libya (SR 946.231.149.82), annexes 2, 3, 4 and 5",SECO-LIBYA,2017-04-05,2017-04-05,,,,ch
ch-seco-edcf493c1014e5a2708bbaf2f1f94013bcc5b4ad,NK-mrYFXbBNaTamfG4A3zFVEB,Abdulqader Yusef Dibri,State Secretariat for Economic Affairs,20607,,"Ordinance of 30 March 2011 on measures against Libya (SR 946.231.149.82), annexes 2, 3, 4 and 5",SECO-LIBYA,2015-08-28,2015-08-28,,,,ch
eu-fsf-4abd4cc6466d86c43803f2c258fa95fb5aef4991,NK-mrYFXbBNaTamfG4A3zFVEB,Abdulqader Yusef Dibri,"Directorate‑General for Financial Stability, Financial Services and Capital Markets Union",EU.3361.60,,LBY,EU-LBY,2016-01-19,2011-02-28,,,2016/44 (OJ L12),eu
eu-sancmap-69a845fff9db92a41eb899353fc1e5694bea4c98,NK-mrYFXbBNaTamfG4A3zFVEB,Abdulqader Yusef Dibri,UN and EU,,,LBY,EU-LBY,,,,,,eu
eu-tb-07158b09f18694682fe5c9458645a8129bed85ef,NK-mrYFXbBNaTamfG4A3zFVEB,Abdulqader Yusef Dibri,Council of the European Union,,,"Council Decision concerning restrictive measures in view of the situation in Libya, and repealing Decision 2011/137/CFSP",EU-LBY,,,,,"Council Decision concerning restrictive measures in view of the situation in Libya, and repealing Decision 2011/137/CFSP",eu
eu-tb-8244e6370e5b9c62a03f5422bb79903d13a3e4c4,NK-mrYFXbBNaTamfG4A3zFVEB,Abdulqader Yusef Dibri,Council of the European Union,,,,,,,,,"Council Decision concerning restrictive measures in view of the situation in Libya, and repealing Decision 2011/137/CFSP",eu
fr-ga-fa5071cec8d530d2b79bafca36763ec244dc9595,NK-mrYFXbBNaTamfG4A3zFVEB,Abdulqader Yusef Dibri,Direction Générale du Trésor,,,(UE) 204/2011 du 02/03/2011 -  (UE Libye - R (UE) 2016/44),EU-LBY,,,,,,fr
gb-fcdo-c085946eb6a1ba54be22aaed2c2f0638c14da93b,NK-mrYFXbBNaTamfG4A3zFVEB,Abdulqader Yusef Dibri,UK|UN,11656,LYi.002,The Libya (Sanctions) (EU Exit) Regulations 2020,GB-LBY,,2020-12-31,,,"Involved in activities carried out on behalf of the former regime of Muammar Qadhafi, implementing or connected to the repressive policies of that regime, including directing violence against dissidents.",gb
mc-freezes-89c5a338189004a251237602bda837877f3a54ce,NK-mrYFXbBNaTamfG4A3zFVEB,Abdulqader Yusef Dibri,Principauté de Monaco,,,,,,,,,,mc
unsc-91f03210943c7f7e0914af9b2f634a7bc3e231c8,NK-mrYFXbBNaTamfG4A3zFVEB,Abdulqader Yusef Dibri,United Nations Security Council,,LYi.002,Libya,UN-SC1970,2011-02-26,2011-02-26,,,,
zafic-096202ae23d3a41020f9686d7263cde09adee2cb,NK-mrYFXbBNaTamfG4A3zFVEB,Abdulqader Yusef Dibri,Financial Intelligence Centre,,LYi.002,,,2011-02-26,,,,,za
au-dfat-206779e91ba545684395dcabcaeb4e19613d08ac,NK-mu8RsGdLYSmSzyY8niyLpP,Sahel Consultant Engineers,Department of Foreign Affairs and Trade,,,1737 (Iran),UN-SC1737,,2025-12-12,,,,au
au-dfat-93d7c2c74cff5e605fc1c0eea159ca41b8006f59,NK-mu8RsGdLYSmSzyY8niyLpP,Sahel Consultant Engineers,Department of Foreign Affairs and Trade,,,Autonomous (Iran),AU-IRAN,,2023-10-18,,,,au
be-fod-dae5ce06f9bf914c8dfe858e58b9b3177baca15b,NK-mu8RsGdLYSmSzyY8niyLpP,Sahel Consultant Engineers,Federal Public Service Finance,,,,EU-IRN,2023-10-17,,,,2023/2196 (OJ L17102023),be
ca-sema-54c1d00eeb03d3cb2b21132e33dc66f724dc43aa,NK-mu8RsGdLYSmSzyY8niyLpP,Sahel Consultant Engineers,Global Affairs Canada,229,,Iran,CA-SEMA,2023-10-18,,,,"1, Part 1",ca
ch-seco-5301a3b517ba0e6047cf46db2cb2daf0fd8760a9,NK-mu8RsGdLYSmSzyY8niyLpP,Sahel Consultant Engineers,State Secretariat for Economic Affairs,66561,IRe.062,"Ordinance of 12 December 2025 on measures against the Islamic Republic of Iran (SR 946.231.143.6), annexes 11-14",SECO-IRAN,2025-12-12,2025-12-12,,,,ch
eu-fsf-4b151b75d6cb76e840640d204ce635af0b532ae5,NK-mu8RsGdLYSmSzyY8niyLpP,Sahel Consultant Engineers,"Directorate‑General for Financial Stability, Financial Services and Capital Markets Union",EU.1834.66,,IRN,EU-IRN,2025-09-29,2023-10-17,,,2025/1982 (OJ L202501982),eu
fr-ga-3302fea805cae4c468540593bb09a0bf4da06a7f,NK-mu8RsGdLYSmSzyY8niyLpP,Sahel Consultant Engineers,Direction Générale du Trésor,,,RCSNU 1737 (2006) et suiv (ONU Iran prolifération - RCSNU 1737 (2006) et suivantes),EU-IRN,,,,,"Entités qui sont la propriété, sont sous le contrôle ou agissent pour le compte du Corps des gardiens de la révolution islamique; Sahel Consultant Engineers est la propriété ou se trouve sous le contrôle de Ghorb Nooh.",fr
fr-ga-914ad3641626904531402969fe4db13f41170bf0,NK-mu8RsGdLYSmSzyY8niyLpP,Sahel Consultant Engineers,Direction Générale du Trésor,,,décision du comité des sanctions des Nations unies du 09/06/2010 (ONU Iran prolifération - RCSNU 1737 (2006) et R (UE) 267/2012),EU-IRN,,,,,"Sahel Consultant Engineers est détenue et/ou contrôlée par Ghorb Nooh, une filiale de Khatam al-Anbiya, qui est détenue et contrôlée par le Corps des gardiens de la révolution islamique (IRGC). Sahel Consultants Engineers est donc détenue ou contrôlée par l’IRGC.",fr
gb-fcdo-cbd6854759ec9287a67dc3c53d9986312bb56d35,NK-mu8RsGdLYSmSzyY8niyLpP,Sahel Consultant Engineers,UK|UN,16145,IRe.062,The Iran (Sanctions) (Nuclear) (EU Exit) Regulations 2019,GB-IRAN-NW,,2023-10-18,,,"Sahel Consultant Engineers is an involved person within the meaning of the Iran (Sanctions) (Nuclear) (EU Exit) Regulations 2019. Sahel Consultant Engineers is or has been responsible for, has engaged in or has facilitated the proliferation or development of nuclear weapons in, or for use in Iran, or an activity that could lead to the development of nuclear weapons in, or for use in, Iran.",gb
il-wmd-655256fe7abe2d2b6f3c3cb67a886d706f81f88e,NK-mu8RsGdLYSmSzyY8niyLpP,Sahel Consultant Engineers,Isreali Ministry of Finance,,,,,,2018-07-12,,,,il
ja-mof-6fa1779acf46553fed0587f74f1639347b3adda0,NK-mu8RsGdLYSmSzyY8niyLpP,Sahel Consultant Engineers,Ministry of Finance,70,,イランの拡散上機微な核活動又は核兵器運搬手段の開発に関与する者（団体）,,,2025-09-28,,,,jp
jp-eul-a5a96c1e51a6282c8152b2cfd0f49825cc6cd6da,NK-mu8RsGdLYSmSzyY8niyLpP,Sahel Consultant Engineers,"Ministry of Economy, Trade and Industry",,,,,,,,,"Weapon Types: Biological, Chemical, Missile, Nuclear",jp
mc-freezes-03be79737019b8eca7aecd5c99dedc1f6ea02365,NK-mu8RsGdLYSmSzyY8niyLpP,Sahel Consultant Engineers,Principauté de Monaco,,,,,,,,,"Sahel Consultant Engineers est détenue et/ou contrôlée par Ghorb Nooh, une filiale de Khatam al-Anbiya, qui est détenue et contrôlée par le Corps des gardiens de la révolution islamique (IRGC). Sahel Consultants Engineers est donc détenue ou contrôlée par l’IRGC.",mc
ofac-af7155d583a5cece50a9817248dbb11687389e0e,NK-mu8RsGdLYSmSzyY8niyLpP,Sahel Consultant Engineers,Office of Foreign Assets Control,10494,,NPWMD,US-NON-PROLIF,,,,,TRA,us
tr-fcib-15572e2121f9c1a4403d7cb60e06ac0dabacd199,NK-mu8RsGdLYSmSzyY8niyLpP,Sahel Consultant Engineers,Republic of Türkiye Ministry of Treasury and Finance - Financial Crimes Investigation Board,,,"Asset freezes within the scope of Articles 3.A and 3.B of Law No. 7262, aimed at preventing the financing of the proliferation of weapons of mass destruction.",,2010-06-09,,,,,tr
ua-nsdc-469c1e53f6aa57c3d11fab7a9f25a6dcf0d60beb,NK-mu8RsGdLYSmSzyY8niyLpP,Sahel Consultant Engineers,National Security and Defense Council,16025412200047,,254/2016,UA-SA1644,,2016-06-15,2018-10-18,expired,,ua
ua-sfms-e258dc87538e3f8d3dd9d46314943f0548953733,NK-mu8RsGdLYSmSzyY8niyLpP,Sahel Consultant Engineers,State Finance Monitoring Service,,,РБ ООН (Комітет 1737 (2006)),,2025-09-29,2025-09-29,,,,ua
unsc-52a2e9c752993ad0ca1fe09f7a58724cda1d0477,NK-mu8RsGdLYSmSzyY8niyLpP,Sahel Consultant Engineers,United Nations Security Council,,IRe.062,Iran,UN-SC1737,2010-06-09,2010-06-09,,,,
zafic-1579a995697e664384f262f9841a606c7e259b1b,NK-mu8RsGdLYSmSzyY8niyLpP,Sahel Consultant Engineers,Financial Intelligence Centre,,IRe.062,,,2010-06-09,,,,,za
au-dfat-6a340455977949dca036da537d466736f52fc30e,NK-mzMurrz8wJQahwjahCWoB6,Ahmad Shafahi,Department of Foreign Affairs and Trade,,,Autonomous (Thematic - Human Rights),AU-HUMAN,,2023-02-01,,,,au
be-fod-49e91f264059afc2553bef3b88675e00af0c8d77,NK-mzMurrz8wJQahwjahCWoB6,Ahmad Shafahi,Federal Public Service Finance,,,,EU-IRN,2022-11-14,,,,2022/2231 (OJ L293-I),be
eu-fsf-3381d9f388e7280d99c3a94d833b549e2c919b7a,NK-mzMurrz8wJQahwjahCWoB6,Ahmad Shafahi,"Directorate‑General for Financial Stability, Financial Services and Capital Markets Union",EU.9079.43,,IRN,EU-IRN,2022-11-14,2022-11-14,,,2022/2231 (OJ L293-I),eu
eu-tb-97f5e893a1100bc8562c4c7b6d59fc0824ccba52,NK-mzMurrz8wJQahwjahCWoB6,Ahmad Shafahi,Council of the European Union,,,,,,,,,Council Decision concerning restrictive measures directed against certain persons and entities in view of the situation in Iran,eu
fr-ga-569caee3ce27aed426e060f6eea8cc357d2296c9,NK-mzMurrz8wJQahwjahCWoB6,Ahmad Shafahi,Direction Générale du Trésor,,,(UE) 2022/2231 du 14/11/2022 (UE Iran répression - R (UE) 359/2011),EU-IRN,,,,,"Le général de brigade Ahmad Shafahi est commandant du Corps des gardiens de la révolution islamique (IRGC) dans la province du Sistan-Baloutchistan et responsable des relations publiques. L'IRGC est un élément central des forces de sécurité iraniennes dans cette province, où il est également appelé “armée Salmane”. Les forces de sécurité de la province du Sistan-Baloutchistan ont recouru à la viol",fr
gb-fcdo-42da24b01d8ba70552fca9bdf7f9de6db79d862e,NK-mzMurrz8wJQahwjahCWoB6,Ahmad Shafahi,UK,15627,,The Iran (Sanctions) Regulations 2023,GB-IRAN,,2022-11-14,,,"Ahmad SHAFAHI is an involved person under the Iran (Sanctions) Regulations 2023 because: he is and has been involved in the commission of serious human rights violations in Iran, namely being responsible for, engaging in, providing support for and promoting serious violations with respect to the right to life and the right to freedom of expression and peaceful assembly in Iran through his role as ",gb
mc-freezes-475ae620c5110737716c2bf05a8079e57ad98fd1,NK-mzMurrz8wJQahwjahCWoB6,Ahmad Shafahi,Principauté de Monaco,,,,,,,,,"Le général de brigade Ahmad Shafahi est commandant du Corps des gardiens de la révolution islamique (IRGC) dans la province du Sistan-Baloutchistan et responsable des relations publiques. L’IRGC est un élément central des forces de sécurité iraniennes dans cette province, où il est également appelé “armée
Salmane”.
Les forces de sécurité de la province du Sistan-Baloutchistan ont recouru à la viol",mc
ofac-938a7f3c01acc1cddddb53eb25a47c5c08a19c23,NK-mzMurrz8wJQahwjahCWoB6,Ahmad Shafahi,Office of Foreign Assets Control,39617,,IRAN-HR,US-IRAN,,,,,Executive Order 13553 (Iran),us
ua-nsdc-f2a1c1fd7f2b31b369150190dfa2f5f24bde0a2b,NK-mzMurrz8wJQahwjahCWoB6,Ahmad Shafahi,National Security and Defense Council,25044311100118,,443/2025,UA-SA1644,,2025-06-29,2035-06-29,active,рішення та регламенти Ради Європейського Союзу щодо забезпечення національних інтересів та національної безпеки України,ua
ae-lt-8cc3ef628ca02c21d2cf437c264fd9d700a42f83,NK-n5udCqeiJFamrrLNG5rt9g,ANSAR AL-SHARI'A IN BENGHAZI,Executive Office for Control & Non-proliferation,,,مدرج بموجب قرار مجلس الوزراء رقم (41) لسنة 2014,AE-UNSC1373,,,,,,ae
arpet-4b3ddc29974f7d4dd36462aaee8bd0a29f5877f0,NK-n5udCqeiJFamrrLNG5rt9g,ANSAR AL-SHARI'A IN BENGHAZI,Ministerio de Justicia,,QDe.146,Al-Qaida,,2014-11-19,2014-11-19,,,,ar
au-dfat-bb8c986b40301fc7ef47f85fd1ef860e097e2387,NK-n5udCqeiJFamrrLNG5rt9g,ANSAR AL-SHARI'A IN BENGHAZI,Department of Foreign Affairs and Trade,,,1267 (ISIL (Da'esh) and Al-Qaida),UN-SCISIL,,2026-02-20,,,,au
be-fod-9ea811c80740bcdba1aacbd9e01cd2fa9f2be435,NK-n5udCqeiJFamrrLNG5rt9g,ANSAR AL-SHARI'A IN BENGHAZI,Federal Public Service Finance,,,,EU-TAQA-EUAQ,2014-11-28,,,,1273/2014 (OJ L344),be
ch-seco-65f3aed1acbb6a84bea8a0f0c4a1e42e380dc44d,NK-n5udCqeiJFamrrLNG5rt9g,ANSAR AL-SHARI'A IN BENGHAZI,State Secretariat for Economic Affairs,88170,QDe.146,"Ordinance on measures against persons, groups, undertakings and entities associated with ISIL (Da'esh) and Al-Qaida",SECO-ISIL,2025-05-14,2025-10-06,,,,ch
eu-fsf-7ba48aea5a86ffd038531a68c5cefb9f3666e117,NK-n5udCqeiJFamrrLNG5rt9g,ANSAR AL-SHARI'A IN BENGHAZI,"Directorate‑General for Financial Stability, Financial Services and Capital Markets Union",EU.2996.65,,TAQA,EU-TAQA-EUAQ,2014-11-28,2014-11-19,,,1273/2014 (OJ L344),eu
fr-ga-296ffea5b22ed232a5b1bcc9953def58d3649792,NK-n5udCqeiJFamrrLNG5rt9g,ANSAR AL-SHARI'A IN BENGHAZI,Direction Générale du Trésor,EU.2996.65,,(UE) 1273/2014 du 28/11/2014 (ONU Al Qaeda Etat - Islamique - RCSNU 1267 (1999) et R (UE) 881/2002 ),UN-SCISIL,,,,,"associée avec l'organisation d'Al-Qaida au Maghreb islamique, Al Mourabitoun, Ansar al-Shari'a en Tunisie, et Ansar al Charia Derna -- le dirigeant est Mohamed al-Zahawi (non listé) -- gère des camps d'entrainements  pour les combattants terroristes qui se rendent en Syrie et en Iraq",fr
gb-fcdo-299c4b6b1c4d4fdfcf5a70525fe1bba9ca656012,NK-n5udCqeiJFamrrLNG5rt9g,ANSAR AL-SHARI'A IN BENGHAZI,"Foreign, Commonwealth & Development Office",AQD0030,QDe.146,Isil (Da'esh) and Al-Qaeda (United Nations Sanctions) (EU Exit) Regulations 2019,GB-ISIL,,2014-11-19,,,,gb
id-dttot-1b091e6b6fa9ec2defa79782a3adc9e2b658cf34,NK-n5udCqeiJFamrrLNG5rt9g,ANSAR AL-SHARI'A IN BENGHAZI,Indonesian Financial Transaction Reports and Analysis Center,ELQ-067,,,,,,,,,id
il-nbctf-4c7c5aa1bbaf2d0c31a5107e41a56555ea48d879,NK-n5udCqeiJFamrrLNG5rt9g,ANSAR AL-SHARI'A IN BENGHAZI,National Bureau for Counter Terror Financing,,,"הכרזה על התאחדות בלתי מותרת לפי תקנות ההגנה (שעת חירום), 1945",,,2016-03-29,,,,il
ja-mof-7f1e0b05e01ca8154e2d609ba6dc5dc1376c4e8b,NK-n5udCqeiJFamrrLNG5rt9g,ANSAR AL-SHARI'A IN BENGHAZI,Ministry of Finance,678,,タリバーン関係者等 （タリバーン、アル・カーイダ及びISIL（ダーイシュ）関係者等） / （注1）国連安保理決議第1267号、第1333号、第1390号、第1988号、第1989号、第2253号及び第2255号に加えて、国連安保理決議第1373号に基づく資産凍結措置の対象に指定されている個人及び団体については、告示番号の冒頭に＊印を付しています。 （注2）2021年5月28日以降の制裁対象者の追加指定につきましては、外務省告示を２回に分けて発出することとなりました。 （１回目：制裁対象者の氏名等を国連安保理が公表した英文の情報のまま発出する告示、２回目：制裁対象者の氏名等に仮名表記等を追加・修文する告示）２回目の告示発出につきましては、当シートの告示日付には反映しておりません。,,,2020-01-20,,,,jp
mc-freezes-aaa3bd60844d2208d0a2935a88c022826571bfe0,NK-n5udCqeiJFamrrLNG5rt9g,ANSAR AL-SHARI'A IN BENGHAZI,Principauté de Monaco,,,,,,,,,"associée avec l'organisation d'Al-Qaida au Maghreb islamique,  Ansar al-Shari'a en Tunisie et Ansar al Charia Benghazi  -- gère des camps d'entrainements pour les combattants terroristes qui se rendent en Syrie et en Iraq",mc
mc-freezes-fc84dda72570f36faef86b1892668d652978e779,NK-n5udCqeiJFamrrLNG5rt9g,ANSAR AL-SHARI'A IN BENGHAZI,Principauté de Monaco,,,,,,,,,"associée avec l'organisation d'Al-Qaida au Maghreb islamique, Al Mourabitoun, Ansar al-Shari'a en Tunisie, et Ansar al Charia Derna -- le dirigeant est Mohamed al-Zahawi (non listé) -- gère des camps d'entrainements  pour les combattants terroristes qui se rendent en Syrie et en Iraq",mc
md-terr-22a33624e64ab1ce33d3b9189b47bc402f566631,NK-n5udCqeiJFamrrLNG5rt9g,ANSAR AL-SHARI'A IN BENGHAZI,Centrul Antiterorist al Serviciului de Informaţii şi Securitate al Republicii Moldova,,QDe.146,"Lista persoanelor, entităţilor şi a altor grupuri asociate cu „ISIL” („Da’esh”) şi „Al-Qaida” menţinută de CCS al ONU, instituit prin Rezoluţiile 1267 (1999), 1989 (2011), 2253 (2015)",,,,,,,md
ofac-29dbf4c283a97ae6b8f603445c054013b0da0b5b,NK-n5udCqeiJFamrrLNG5rt9g,ANSAR AL-SHARI'A IN BENGHAZI,Office of Foreign Assets Control,16475,,FTO,US-TERR,,,,,INA,us
ua-sfms-724cb90edcebd5b2097cdffa5a4493601317c97f,NK-n5udCqeiJFamrrLNG5rt9g,ANSAR AL-SHARI'A IN BENGHAZI,State Finance Monitoring Service,,,"РБ ООН 1267 (1999), 1989 (2011), 2610 (2021)",,2024-02-08,2024-02-08,,,,ua
unsc-5c0f6b2101b27a3b81b67b9ebcde8914b9b1bfb7,NK-n5udCqeiJFamrrLNG5rt9g,ANSAR AL-SHARI'A IN BENGHAZI,United Nations Security Council,,QDe.146,Al-Qaida,UN-SCISIL,2014-11-19,2014-11-19,,,,
us-dos-fto-387312542333d54882f132ffa5f9083868043380,NK-n5udCqeiJFamrrLNG5rt9g,ANSAR AL-SHARI'A IN BENGHAZI,U.S. Department of State,,,,US-FTO219,,2014-01-13,,,,us
zafic-5784bca3428981598c47b25c998cd59bb26950b4,NK-n5udCqeiJFamrrLNG5rt9g,ANSAR AL-SHARI'A IN BENGHAZI,Financial Intelligence Centre,,QDe.146,,,2014-11-19,,,,,za
au-dfat-06b722a9390d3640ed8bb28254e219261f254b4e,NK-nCs6FpGhk9Nzj7sAkgFbTm,Sho'a' Aviation,Department of Foreign Affairs and Trade,,,1737 (Iran),UN-SC1737,,2025-12-12,,,,au
au-dfat-db7c68b0fa0485ed3dab7fa709c9041f1a0472dd,NK-nCs6FpGhk9Nzj7sAkgFbTm,Sho'a' Aviation,Department of Foreign Affairs and Trade,,,Autonomous (Iran),AU-IRAN,,2023-10-18,,,,au
be-fod-b2bd7a97aee038da30bdab643564945d8e18326f,NK-nCs6FpGhk9Nzj7sAkgFbTm,Sho'a' Aviation,Federal Public Service Finance,,,,EU-IRN,2023-10-17,,,,2023/2196 (OJ L17102023),be
be-fod-ccd930e24ae072c8172a92428cc7c72b2ea8bc44,NK-nCs6FpGhk9Nzj7sAkgFbTm,Sho'a' Aviation,Federal Public Service Finance,,,,EU-IRN,2025-09-29,,,,2025/1982 (OJ L202501982),be
ca-sema-4c8387959199cc990bd34c22ee302b6dcc15756c,NK-nCs6FpGhk9Nzj7sAkgFbTm,Sho'a' Aviation,Global Affairs Canada,196,,Iran,CA-SEMA,2023-10-18,,,,"1, Part 1",ca
ch-seco-9d9a37bfba3ab444f9de3023a5f8048d98090600,NK-nCs6FpGhk9Nzj7sAkgFbTm,Sho'a' Aviation,State Secretariat for Economic Affairs,66506,IRe.071,"Ordinance of 12 December 2025 on measures against the Islamic Republic of Iran (SR 946.231.143.6), annexes 11-14",SECO-IRAN,2025-12-12,2025-12-12,,,,ch
eu-fsf-0a64f31254646e08246fd77406d38a3eb356a563,NK-nCs6FpGhk9Nzj7sAkgFbTm,Sho'a' Aviation,"Directorate‑General for Financial Stability, Financial Services and Capital Markets Union",EU.3977.29,,IRN,EU-IRN,2023-10-17,2023-10-17,,,2023/2196 (OJ L17102023),eu
eu-fsf-e18d4099d939ae1080777ee7aae1f760bc860c84,NK-nCs6FpGhk9Nzj7sAkgFbTm,Sho'a' Aviation,"Directorate‑General for Financial Stability, Financial Services and Capital Markets Union",EU.13528.70,,IRN,EU-IRN,2025-09-29,2025-09-29,,,2025/1982 (OJ L202501982),eu
fr-ga-476d80289331613c74963c1f4a7adf8c593c41e1,NK-nCs6FpGhk9Nzj7sAkgFbTm,Sho'a' Aviation,Direction Générale du Trésor,,,Décision du comité des sanctions des Nations Unies du 24/03/2007 (ONU Iran prolifération - RCSNU 1737 (2006) et R (UE) 267/2012),EU-IRN,,,,,"Sho’a’ Aviation est une compagnie aérienne en Iran. L’entreprise a acheté des biens militaires destinés à l’IRGC, que celui-ci a mis au service de sa doctrine de guerre asymétrique. Sho’a’ Aviation a donc agi pour le compte de l’IRGC et lui a fourni des services essentiels",fr
fr-ga-baf464507f05318702b05618fb9c2da38bb6e399,NK-nCs6FpGhk9Nzj7sAkgFbTm,Sho'a' Aviation,Direction Générale du Trésor,,,RCSNU 1737 (2006) et suiv (ONU Iran prolifération - RCSNU 1737 (2006) et suivantes),EU-IRN,,,,,Entités du Corps des gardiens de la révolution; cette entité produit des avions ultralégers; le Corps des gardiens de la révolution mettrait ces engins au service de sa doctrine de guerre asymétrique,fr
gb-fcdo-2bf19403b7be3e9591fef3664d9176c41d314c4c,NK-nCs6FpGhk9Nzj7sAkgFbTm,Sho'a' Aviation,UK|UN,INU0269,IRe.071,The Iran (Sanctions) (Nuclear) (EU Exit) Regulations 2019,GB-IRAN-NW,,2023-10-18,,,"Sho’a’ Aviation is an 'involved person' within the meaning of the Iran (Sanctions) (Nuclear) (EU Exit) Regulations 2019. Sho’a’ Aviation is associated with a person who is or has been responsible for, engaged in, provided support for or facilitated a relevant nuclear activity, namely the development of a nuclear weapon delivery system in, or for use in, Iran.",gb
il-wmd-688d2930959986b873aa91c72622db476de2846a,NK-nCs6FpGhk9Nzj7sAkgFbTm,Sho'a' Aviation,Isreali Ministry of Finance,,,,,,2018-07-12,,,,il
ja-mof-77bb14fe09eefd4b18265a928746abab69529aed,NK-nCs6FpGhk9Nzj7sAkgFbTm,Sho'a' Aviation,Ministry of Finance,23,,イランの拡散上機微な核活動又は核兵器運搬手段の開発に関与する者（団体）,,,2025-09-28,,,,jp
mc-freezes-b81aa60172e386b24ad5f7aabb12575a876b2b2b,NK-nCs6FpGhk9Nzj7sAkgFbTm,Sho'a' Aviation,Principauté de Monaco,,,,,,,,,"Sho’a’ Aviation est une compagnie aérienne en Iran. L’entreprise a acheté des biens militaires destinés à l’IRGC, que celui-ci a mis au service de sa doctrine de guerre asymétrique. Sho’a’ Aviation a donc agi pour le compte de l’IRGC et lui a fourni des services essentiels.
Produit des avions ultralégers, dont elle prétend que l’IRGC met au service de sa doctrine de guerre asymétrique.",mc
ua-nsdc-1855049eb76715cba3a64cb783610fec095c757b,NK-nCs6FpGhk9Nzj7sAkgFbTm,Sho'a' Aviation,National Security and Defense Council,16025412200056,,254/2016,UA-SA1644,,2016-06-15,2018-10-18,expired,,ua
ua-sfms-854de2bce35b8805ae59c869e727b9143c3b8b7e,NK-nCs6FpGhk9Nzj7sAkgFbTm,Sho'a' Aviation,State Finance Monitoring Service,,,РБ ООН (Комітет 1737 (2006)),,2025-09-29,2025-09-29,,,,ua
unsc-39ea42b7fae250a3febe5aeb97cfee7fb81c519a,NK-nCs6FpGhk9Nzj7sAkgFbTm,Sho'a' Aviation,United Nations Security Council,,IRe.071,Iran,UN-SC1737,2007-03-24,2007-03-24,,,,
zafic-07423647d1119d37ad5a6718b25844278908e120,NK-nCs6FpGhk9Nzj7sAkgFbTm,Sho'a' Aviation,Financial Intelligence Centre,,IRe.071,,,2007-03-24,,,,,za
ae-lt-5977653a6a837d083421295ea2172b1a76e44eb3,NK-nFg77q6vHJLmSUp8mm3pPS,ISLAMIC STATE OF IRAQ AND THE LEVANT (ISIS),Executive Office for Control & Non-proliferation,,,مدرج بموجب قرار مجلس الوزراء رقم (41) لسنة 2014,AE-UNSC1373,,,,,,ae
ae-lt-d792ea7bc48c350e23d6896cc1a319c89c3b94ae,NK-nFg77q6vHJLmSUp8mm3pPS,ISLAMIC STATE OF IRAQ AND THE LEVANT (ISIS),Executive Office for Control & Non-proliferation,,,مدرج بموجب قرار مجلس الوزراء رقم (41) لسنة 2014,AE-UNSC1373,,,,,,ae
arpet-19ab0a1cbc5c3d621e93b54041c321769cd16f1c,NK-nFg77q6vHJLmSUp8mm3pPS,ISLAMIC STATE OF IRAQ AND THE LEVANT (ISIS),Ministerio de Justicia,,QDe.115,Al-Qaida,,2004-10-18,2004-10-18,,,,ar
au-dfat-7c348dc1dfa1ee1db860638285e8d12bf1be25e4,NK-nFg77q6vHJLmSUp8mm3pPS,ISLAMIC STATE OF IRAQ AND THE LEVANT (ISIS),Department of Foreign Affairs and Trade,,,1267 (ISIL (Da'esh) and Al-Qaida),UN-SCISIL,,2026-02-20,,,,au
au-dfat-98d2cf441302a4f7b88b73f9c4573caa9f9bca00,NK-nFg77q6vHJLmSUp8mm3pPS,ISLAMIC STATE OF IRAQ AND THE LEVANT (ISIS),Department of Foreign Affairs and Trade,,,1373 (2001),AU-UNSC1373,,2026-03-12,,,,au
au-to-012a88cf6e557800de23e2a247a19df8289d705e,NK-nFg77q6vHJLmSUp8mm3pPS,ISLAMIC STATE OF IRAQ AND THE LEVANT (ISIS),Attorney-General of Australia,,,,AU-TERROR,,2014-07-11,,,Listed as terrorist organisation under Criminal Code Act 1995,au
au-to-51ee2c77217a466cf60c53896b5f1b789dfbdc73,NK-nFg77q6vHJLmSUp8mm3pPS,ISLAMIC STATE OF IRAQ AND THE LEVANT (ISIS),Attorney-General of Australia,,,,AU-TERROR,,2022-04-09,,,Listed as terrorist organisation under Criminal Code Act 1995,au
be-fod-1ed5384eea83a7bb1d550cfb28fd8c6d9a56006a,NK-nFg77q6vHJLmSUp8mm3pPS,ISLAMIC STATE OF IRAQ AND THE LEVANT (ISIS),Federal Public Service Finance,,,,EU-TAQA-EUAQ,2009-11-18,,,,1840/2004 (OJ L322),be
be-fod-992e283e7fc0b7b9fe47f0139d8210ae971e77a1,NK-nFg77q6vHJLmSUp8mm3pPS,ISLAMIC STATE OF IRAQ AND THE LEVANT (ISIS),Federal Public Service Finance,,,,EU-TAQA-EUAQ,2014-05-29,,,,2017/998 (OJ L150),be
ca-lte-b733f23653fd57cbd17d03d2ec3b74c15fba5996,NK-nFg77q6vHJLmSUp8mm3pPS,ISLAMIC STATE OF IRAQ AND THE LEVANT (ISIS),Public Safety Canada,,,,CA-UNSC1373,,,,,,ca
ch-seco-4139b4c9f2a2c618c5ee4e51cb6a6b74516af51a,NK-nFg77q6vHJLmSUp8mm3pPS,ISLAMIC STATE OF IRAQ AND THE LEVANT (ISIS),State Secretariat for Economic Affairs,87728,QDe.115,"Ordinance on measures against persons, groups, undertakings and entities associated with ISIL (Da'esh) and Al-Qaida",SECO-ISIL,2025-05-14,2025-05-15,,,,ch
eu-fsf-25f556bd551b645d34bc3444c92b0c19e7d35587,NK-nFg77q6vHJLmSUp8mm3pPS,ISLAMIC STATE OF IRAQ AND THE LEVANT (ISIS),"Directorate‑General for Financial Stability, Financial Services and Capital Markets Union",EU.1163.58,,TAQA,EU-TAQA-EUAQ,2014-06-13,2014-06-13,,,630/2014 (OJ L174),eu
eu-fsf-5ed2ad912b56f825cc46e472be14d89499de228a,NK-nFg77q6vHJLmSUp8mm3pPS,ISLAMIC STATE OF IRAQ AND THE LEVANT (ISIS),"Directorate‑General for Financial Stability, Financial Services and Capital Markets Union",EU.3802.38,,TAQA,EU-TAQA-EUAQ,2018-06-11,2018-06-12,,,2018/855 (OJ L146),eu
fr-ga-9868b8a70530ca86673143cf43a927d2f9da07db,NK-nFg77q6vHJLmSUp8mm3pPS,ISLAMIC STATE OF IRAQ AND THE LEVANT (ISIS),Direction Générale du Trésor,EU.1163.58,,(CE) 1840/2004 du 21/10/2004 (ONU Al Qaeda Etat - Islamique - RCSNU 1267 (1999) et R (UE) 881/2002 ),UN-SCISIL,,,,,,fr
gb-fcdo-7e08f6804529f9555356956d0fdeb3c907bd47c7,NK-nFg77q6vHJLmSUp8mm3pPS,ISLAMIC STATE OF IRAQ AND THE LEVANT (ISIS),"Foreign, Commonwealth & Development Office",AQD0028,QDe.115,Isil (Da'esh) and Al-Qaeda (United Nations Sanctions) (EU Exit) Regulations 2019,GB-ISIL,,2004-10-18,,,,gb
id-dttot-a2f03e70e7d1373a63623544f4af301beb8aeba5,NK-nFg77q6vHJLmSUp8mm3pPS,ISLAMIC STATE OF IRAQ AND THE LEVANT (ISIS),Indonesian Financial Transaction Reports and Analysis Center,ELQ-024,,,,,,,,,id
il-nbctf-08a1831312b7c6abb5c7bd982642919feab42c44,NK-nFg77q6vHJLmSUp8mm3pPS,ISLAMIC STATE OF IRAQ AND THE LEVANT (ISIS),National Bureau for Counter Terror Financing,,,"הכרזה על התאחדות בלתי מותרת לפי תקנות ההגנה (שעת חירום), 1945",,,2017-09-18,,,,il
il-nbctf-6328dc08e2260e47cb9ddd71226965b356142e08,NK-nFg77q6vHJLmSUp8mm3pPS,ISLAMIC STATE OF IRAQ AND THE LEVANT (ISIS),National Bureau for Counter Terror Financing,,,ביטול הכרזה על ארגו ן טרור על פי סעיף 2 לחוק איסור מימון טרור - התשס''ה- 2005,,,2014-09-30,,,,il
il-nbctf-87eb07ee08d176da6736c34d71c8efce1f39714d,NK-nFg77q6vHJLmSUp8mm3pPS,ISLAMIC STATE OF IRAQ AND THE LEVANT (ISIS),National Bureau for Counter Terror Financing,,,"הכרזה על התאחדות בלתי מותרת לפי תקנות ההגנה (שעת חירום), 1945",,,2013-08-22,,,,il
il-nbctf-886ff3f25e4275b0e92d50262cd5a30fe45e8c24,NK-nFg77q6vHJLmSUp8mm3pPS,ISLAMIC STATE OF IRAQ AND THE LEVANT (ISIS),National Bureau for Counter Terror Financing,,,"הכרזה על התאחדות בלתי מותרת לפי תקנות ההגנה (שעת חירום), 1945",,,2014-09-03,,,,il
il-nbctf-c0dd74063560f8819d472a59fe5f652e78b83775,NK-nFg77q6vHJLmSUp8mm3pPS,ISLAMIC STATE OF IRAQ AND THE LEVANT (ISIS),National Bureau for Counter Terror Financing,,,הכרזה על ארגו ן טרור על פי סעיף 2 לחוק איסור מימון טרור - התשס''ה- 2005,,,2009-10-20,,,,il
in-mha-203462d084c737a38008e01760b0aa7fee1b0445,NK-nFg77q6vHJLmSUp8mm3pPS,ISLAMIC STATE OF IRAQ AND THE LEVANT (ISIS),Ministry of Home Affairs,38,,"TERRORIST ORGANISATIONS LISTED IN THE FIRST SCHEDULE OF THE UNLAWFUL ACTIVITIES (PREVENTION) ACT, 1967",IN-UAPA,,,,,,in
ja-mof-c3074b38c806ad264a8a13a7a688b9f199b66397,NK-nFg77q6vHJLmSUp8mm3pPS,ISLAMIC STATE OF IRAQ AND THE LEVANT (ISIS),Ministry of Finance,453,,タリバーン関係者等 （タリバーン、アル・カーイダ及びISIL（ダーイシュ）関係者等） / （注1）国連安保理決議第1267号、第1333号、第1390号、第1988号、第1989号、第2253号及び第2255号に加えて、国連安保理決議第1373号に基づく資産凍結措置の対象に指定されている個人及び団体については、告示番号の冒頭に＊印を付しています。 （注2）2021年5月28日以降の制裁対象者の追加指定につきましては、外務省告示を２回に分けて発出することとなりました。 （１回目：制裁対象者の氏名等を国連安保理が公表した英文の情報のまま発出する告示、２回目：制裁対象者の氏名等に仮名表記等を追加・修文する告示）２回目の告示発出につきましては、当シートの告示日付には反映しておりません。,,,2014-05-13,,,,jp
jo-sanc-453832b8db56f7c5502124dbb291f6d864c838fb,NK-nFg77q6vHJLmSUp8mm3pPS,ISLAMIC STATE OF IRAQ AND THE LEVANT (ISIS),وحدة مكافحة غسل الأموال وتمويل الإرهاب,,,,,,2022-03-28,,,,jo
mc-freezes-bd3cc62fff0c3d01604cf92941f77896d6838873,NK-nFg77q6vHJLmSUp8mm3pPS,ISLAMIC STATE OF IRAQ AND THE LEVANT (ISIS),Principauté de Monaco,,,,,,,,,,mc
md-terr-a008716ed13081ef41112770d1b2c49577a98302,NK-nFg77q6vHJLmSUp8mm3pPS,ISLAMIC STATE OF IRAQ AND THE LEVANT (ISIS),Centrul Antiterorist al Serviciului de Informaţii şi Securitate al Republicii Moldova,,QDe.115,"Lista persoanelor, entităţilor şi a altor grupuri asociate cu „ISIL” („Da’esh”) şi „Al-Qaida” menţinută de CCS al ONU, instituit prin Rezoluţiile 1267 (1999), 1989 (2011), 2253 (2015)",,,,,,,md
mymoha-016ba689048f2bb6ea9d2e2a305d90e71436d386,NK-nFg77q6vHJLmSUp8mm3pPS,ISLAMIC STATE OF IRAQ AND THE LEVANT (ISIS),Ministry of Home Affairs (Kementerian Dalam Negeri),KDN.K.05-2014,,,,2014-11-12,,,,,my
ofac-f436fd487b53a384618e5de498cdb86e80bbbaf0,NK-nFg77q6vHJLmSUp8mm3pPS,ISLAMIC STATE OF IRAQ AND THE LEVANT (ISIS),Office of Foreign Assets Control,8759,,SDGT,US-TERR,,,,,INA,us
sa-pcct-45414064e6d9f44f9507ff5b7e9f81c37dd92da0,NK-nFg77q6vHJLmSUp8mm3pPS,ISLAMIC STATE OF IRAQ AND THE LEVANT (ISIS),Permanent Committee for Counter-Terrorism,,,,SA-UNSC1373,,2014-03-07,,,,sa
tr-fcib-02a3c8b79259e30ddf1caa88b456b40aeb20bc37,NK-nFg77q6vHJLmSUp8mm3pPS,ISLAMIC STATE OF IRAQ AND THE LEVANT (ISIS),Republic of Türkiye Ministry of Treasury and Finance - Financial Crimes Investigation Board,,,"Asset freezes pursuant to Article 6 of Law No. 6415, targeting individuals and entities based on requests made by foreign governments.",,2020-02-21,,,,,tr
ua-sfms-6b4fc325a221e9662f8dc9ded708f14d7401c840,NK-nFg77q6vHJLmSUp8mm3pPS,ISLAMIC STATE OF IRAQ AND THE LEVANT (ISIS),State Finance Monitoring Service,,,Резолюція РБ ООН 1267 (1999) та 1989 (2011),,2014-06-06,2014-06-06,,,,ua
unsc-70cad65167eebf57e0a1ff4380f7976be230f89d,NK-nFg77q6vHJLmSUp8mm3pPS,ISLAMIC STATE OF IRAQ AND THE LEVANT (ISIS),United Nations Security Council,,QDe.115,Al-Qaida,UN-SCISIL,2004-10-18,2004-10-18,,,,
us-dos-fto-709dee0c3e33b50d3e621acf3953c63107ac0b90,NK-nFg77q6vHJLmSUp8mm3pPS,ISLAMIC STATE OF IRAQ AND THE LEVANT (ISIS),U.S. Department of State,,,,US-FTO219,,2004-12-17,,,,us
us-dos-fto-e1bb1d06cef845e7bddef3fa19ac1aa8a2c85da4,NK-nFg77q6vHJLmSUp8mm3pPS,ISLAMIC STATE OF IRAQ AND THE LEVANT (ISIS),U.S. Department of State,,,,US-FTO219,2014-05-15,,2025-07-08,,,us
zafic-60545e9f9e1942f6b0dfd02c09e484065826e82b,NK-nFg77q6vHJLmSUp8mm3pPS,ISLAMIC STATE OF IRAQ AND THE LEVANT (ISIS),Financial Intelligence Centre,,QDe.115,,,2004-10-18,,,,,za
arpet-ac7e8ac3ceea82b39a2f5f80d6627fb3c5495449,NK-nP4C6DRpmvw5XRaa7786Lg,ISLAMIC STATE IN IRAQ AND THE LEVANT- LIBYA,Ministerio de Justicia,,QDe.165,Al-Qaida,,2020-03-04,2020-03-04,,,,ar
au-dfat-4952e477fa7106f87726ba066f790810a4c9f5ae,NK-nP4C6DRpmvw5XRaa7786Lg,ISLAMIC STATE IN IRAQ AND THE LEVANT- LIBYA,Department of Foreign Affairs and Trade,,,1267 (ISIL (Da'esh) and Al-Qaida),UN-SCISIL,,2026-02-20,,,,au
au-dfat-7da56d3501997ac8e05834f5218e68cc1110b2d3,NK-nP4C6DRpmvw5XRaa7786Lg,ISLAMIC STATE IN IRAQ AND THE LEVANT- LIBYA,Department of Foreign Affairs and Trade,,,1373 (2001),AU-UNSC1373,,2025-09-13,,,,au
au-to-1d2031c167c97dbb4e181a0f301d54e77cf59d16,NK-nP4C6DRpmvw5XRaa7786Lg,ISLAMIC STATE IN IRAQ AND THE LEVANT- LIBYA,Attorney-General of Australia,,,,AU-TERROR,,2016-11-29,,,Listed as terrorist organisation under Criminal Code Act 1995,au
be-fod-2f3f027da2f732e533382f2fdb40194d6109ab06,NK-nP4C6DRpmvw5XRaa7786Lg,ISLAMIC STATE IN IRAQ AND THE LEVANT- LIBYA,Federal Public Service Finance,,,,EU-TAQA-EUAQ,2020-03-11,,,,2020/390 (OJ L74),be
ca-lte-1aa62c0dda02ffc829623dde252d563b4bb72201,NK-nP4C6DRpmvw5XRaa7786Lg,ISLAMIC STATE IN IRAQ AND THE LEVANT- LIBYA,Public Safety Canada,,,,CA-UNSC1373,,,,,,ca
ch-seco-0b1d95c57cde7946bdd1e4a2915818b92b6706dc,NK-nP4C6DRpmvw5XRaa7786Lg,ISLAMIC STATE IN IRAQ AND THE LEVANT- LIBYA,State Secretariat for Economic Affairs,88354,QDe.165,"Ordinance on measures against persons, groups, undertakings and entities associated with ISIL (Da'esh) and Al-Qaida",SECO-ISIL,2025-05-14,2025-05-15,,,,ch
eu-fsf-f15e8a8792487fd38593cfe6d743ba6d91fd1276,NK-nP4C6DRpmvw5XRaa7786Lg,ISLAMIC STATE IN IRAQ AND THE LEVANT- LIBYA,"Directorate‑General for Financial Stability, Financial Services and Capital Markets Union",EU.5542.42,QDe.165,TAQA,EU-TAQA-EUAQ,2020-03-11,2020-03-04,,,2020/390 (OJ L74),eu
fr-ga-45fd437c1cee2c301b80a06cc4c08c512c34d0b5,NK-nP4C6DRpmvw5XRaa7786Lg,ISLAMIC STATE IN IRAQ AND THE LEVANT- LIBYA,Direction Générale du Trésor,EU.5542.42,,décision du comité des sanctions des Nations unies du 04/03/2020 (ONU Al Qaeda Etat - Islamique - RCSNU 1267 (1999) et R (UE) 881/2002 ),UN-SCISIL,,,,,"Constitué en novembre 2014 dès que l'annonce en a été faite par Abu Bakr Al-Baghdadi, inscrit sur la Liste sous le nom d'Ibrahim Awwad Ibrahim Ali Al-Badri Al-Samarrai. Associé à l'État islamique d'Iraq et du Levant, inscrit sur la Liste sous le nom d'Al-Qaida en Iraq",fr
gb-fcdo-63d6ab5983a7b1322ebb4043a202d767f84ebad9,NK-nP4C6DRpmvw5XRaa7786Lg,ISLAMIC STATE IN IRAQ AND THE LEVANT- LIBYA,"Foreign, Commonwealth & Development Office",13831,QDe.165,Isil (Da'esh) and Al-Qaeda (United Nations Sanctions) (EU Exit) Regulations 2019,GB-ISIL,,2020-03-04,,,,gb
id-dttot-3461101781179699b5a90c2c5b660e97659704e2,NK-nP4C6DRpmvw5XRaa7786Lg,ISLAMIC STATE IN IRAQ AND THE LEVANT- LIBYA,Indonesian Financial Transaction Reports and Analysis Center,ELQ-084,,,,,,,,,id
il-nbctf-79985ca5e67a999091dcc0a66aee71986bd9830f,NK-nP4C6DRpmvw5XRaa7786Lg,ISLAMIC STATE IN IRAQ AND THE LEVANT- LIBYA,National Bureau for Counter Terror Financing,,,הכרזה על ארגון טרור לפי חוק המאבק בטרור - התשע''ו-2016,,,2020-10-20,,,Associated with the Islamic State,il
ja-mof-cbbb2b862005bbbdd7730688bf78fb2109877eb6,NK-nP4C6DRpmvw5XRaa7786Lg,ISLAMIC STATE IN IRAQ AND THE LEVANT- LIBYA,Ministry of Finance,783,,タリバーン関係者等 （タリバーン、アル・カーイダ及びISIL（ダーイシュ）関係者等） / （注1）国連安保理決議第1267号、第1333号、第1390号、第1988号、第1989号、第2253号及び第2255号に加えて、国連安保理決議第1373号に基づく資産凍結措置の対象に指定されている個人及び団体については、告示番号の冒頭に＊印を付しています。 （注2）2021年5月28日以降の制裁対象者の追加指定につきましては、外務省告示を２回に分けて発出することとなりました。 （１回目：制裁対象者の氏名等を国連安保理が公表した英文の情報のまま発出する告示、２回目：制裁対象者の氏名等に仮名表記等を追加・修文する告示）２回目の告示発出につきましては、当シートの告示日付には反映しておりません。,,,2020-03-09,,,,jp
mc-freezes-08dec69de60707510c67ace990c08c6984dfbb44,NK-nP4C6DRpmvw5XRaa7786Lg,ISLAMIC STATE IN IRAQ AND THE LEVANT- LIBYA,Principauté de Monaco,,,,,,,,,"Constitué en novembre 2014 dès que l'annonce en a été faite par Abu Bakr Al-Baghdadi, inscrit sur la Liste sous le nom d'Ibrahim Awwad Ibrahim Ali Al-Badri Al-Samarrai. Associé à l'État islamique d'Iraq et du Levant, inscrit sur la Liste sous le nom d'Al-Qaida en Iraq",mc
md-terr-64eced7c4ba523b29d67280d7777c2a92e413fb4,NK-nP4C6DRpmvw5XRaa7786Lg,ISLAMIC STATE IN IRAQ AND THE LEVANT- LIBYA,Centrul Antiterorist al Serviciului de Informaţii şi Securitate al Republicii Moldova,,QDe.165,"Lista persoanelor, entităţilor şi a altor grupuri asociate cu „ISIL” („Da’esh”) şi „Al-Qaida” menţinută de CCS al ONU, instituit prin Rezoluţiile 1267 (1999), 1989 (2011), 2253 (2015)",,,,,,,md
ofac-a6f218fb47e2681d9fd6da29b5c0d51559451ad3,NK-nP4C6DRpmvw5XRaa7786Lg,ISLAMIC STATE IN IRAQ AND THE LEVANT- LIBYA,Office of Foreign Assets Control,19890,,SDGT,US-TERR,,,,,INA,us
ua-sfms-6d63ddf8c27163a265fbb7c3769614ee1c93609b,NK-nP4C6DRpmvw5XRaa7786Lg,ISLAMIC STATE IN IRAQ AND THE LEVANT- LIBYA,State Finance Monitoring Service,,,"РБ ООН (Комітет 1267(1999),1989(2011),2253(2015))",,2020-03-05,2020-03-05,,,,ua
unsc-ba3f71984f3a7735e0c01d0cda360b261183e1ab,NK-nP4C6DRpmvw5XRaa7786Lg,ISLAMIC STATE IN IRAQ AND THE LEVANT- LIBYA,United Nations Security Council,,QDe.165,Al-Qaida,UN-SCISIL,2020-03-04,2020-03-04,,,,
us-dos-fto-3c98bcd1a730def782377d98e81997ce62905151,NK-nP4C6DRpmvw5XRaa7786Lg,ISLAMIC STATE IN IRAQ AND THE LEVANT- LIBYA,U.S. Department of State,,,,US-FTO219,,2016-05-20,,,,us
zafic-772034554f4684ac07057cd423bcc40c9ae2ebd8,NK-nP4C6DRpmvw5XRaa7786Lg,ISLAMIC STATE IN IRAQ AND THE LEVANT- LIBYA,Financial Intelligence Centre,,QDe.165,,,2020-03-04,,,,,za
ofac-8019269ed509688c7066b6a44fe50e2bde11babc,NK-nZpuCDynSU2JCBn6A9FE4J,QASSIM ABDULLAH ALI,Office of Foreign Assets Control,24786,,SDGT,US-TERR,,,,,Executive Order 13224 (Terrorism),us
sa-pcct-31f5f82891a432a40962b1523056b44c785cccc0,NK-nZpuCDynSU2JCBn6A9FE4J,QASSIM ABDULLAH ALI,Permanent Committee for Counter-Terrorism,,,,SA-UNSC1373,,2019-10-30,,,,sa
ae-lt-84f8a6ffdfd05fa10cec57fc9ebfd340b418b42e,NK-ncB6saL459UrpWpopB8bsR,AL QA'IDA,Executive Office for Control & Non-proliferation,,,مدرج بموجب قرار مجلس الوزراء رقم (41) لسنة 2014,AE-UNSC1373,,,,,,ae
arpet-77412e4952e44574ee13dd01b5058783ea84409a,NK-ncB6saL459UrpWpopB8bsR,AL QA'IDA,Ministerio de Justicia,,QDe.004,Al-Qaida,,2001-10-06,2001-10-06,,,,ar
au-dfat-9368bafd0d022b2c7b908a19627f98ccf7a69774,NK-ncB6saL459UrpWpopB8bsR,AL QA'IDA,Department of Foreign Affairs and Trade,,,1267 (ISIL (Da'esh) and Al-Qaida),UN-SCISIL,,2026-02-20,,,,au
au-to-b54989b43579f60c03f88644a6af6e9ec700b633,NK-ncB6saL459UrpWpopB8bsR,AL QA'IDA,Attorney-General of Australia,,,,AU-TERROR,,2002-10-21,,,Listed as terrorist organisation under Criminal Code Act 1995,au
be-fod-3c92d993bcc1fca1e9bbd18b07a4809bd08c4576,NK-ncB6saL459UrpWpopB8bsR,AL QA'IDA,Federal Public Service Finance,,,,EU-TAQA-EUAQ,2009-11-18,,,,1102/2009 (OJ L303),be
ca-lte-b6b0371843571b43f23d540005d32ce32e67b4d1,NK-ncB6saL459UrpWpopB8bsR,AL QA'IDA,Public Safety Canada,,,,CA-UNSC1373,,,,,,ca
ch-seco-d3b04889e4f73679950645f887bc1b6769c84c5a,NK-ncB6saL459UrpWpopB8bsR,AL QA'IDA,State Secretariat for Economic Affairs,87380,QDe.004,"Ordinance on measures against persons, groups, undertakings and entities associated with ISIL (Da'esh) and Al-Qaida",SECO-ISIL,2025-05-14,2025-05-15,,,,ch
eu-fsf-c86ee393aa5baf65d84c0f3a2d76536e6ab68d4e,NK-ncB6saL459UrpWpopB8bsR,AL QA'IDA,"Directorate‑General for Financial Stability, Financial Services and Capital Markets Union",EU.176.58,,TAQA,EU-TAQA-EUAQ,2012-04-13,2012-04-12,,,316/2012 (OJ L103),eu
fr-ga-cd36268d2a25b2e1552c567f531be6d260bd72d6,NK-ncB6saL459UrpWpopB8bsR,AL QA'IDA,Direction Générale du Trésor,EU.176.58,,(CE) 881/2002 du 27/05/2002 (ONU Al Qaeda Etat - Islamique - RCSNU 1267 (1999) et R (UE) 881/2002 ),UN-SCISIL,,,,,précédemment inscrite sous le nom Al Qa'ida/armée islamique,fr
gb-fcdo-7fe0c9b0240c802e691498f0c63ff6d08c481b31,NK-ncB6saL459UrpWpopB8bsR,AL QA'IDA,"Foreign, Commonwealth & Development Office",6965,QDe.004,Isil (Da'esh) and Al-Qaeda (United Nations Sanctions) (EU Exit) Regulations 2019,GB-ISIL,,2001-10-06,,,,gb
id-dttot-c167dec2e17df2467c34a0da083a77674cb5bcd2,NK-ncB6saL459UrpWpopB8bsR,AL QA'IDA,Indonesian Financial Transaction Reports and Analysis Center,ELQ-023,,,,,,,,,id
il-nbctf-83910dc94ace5938eedba5394052f010df72be4b,NK-ncB6saL459UrpWpopB8bsR,AL QA'IDA,National Bureau for Counter Terror Financing,,,הכרזה על ארגו ן טרור על פי סעיף 2 לחוק איסור מימון טרור - התשס''ה- 2005,,,2009-01-11,,,,il
il-nbctf-ddaf14893713efb448ea82b38bfcce1399651fa0,NK-ncB6saL459UrpWpopB8bsR,AL QA'IDA,Minister of Defense - Mr.Benjamin Be-Eliezer,,,"הכרזה על התאחדות בלתי מותרת לפי תקנות ההגנה (שעת חרום), 1945",,,2001-10-23,,,,il
ja-mof-61569bcd443e7aa8399c60c8dc55a95d2bd5a8cb,NK-ncB6saL459UrpWpopB8bsR,AL QA'IDA,Ministry of Finance,166,,タリバーン関係者等 （タリバーン、アル・カーイダ及びISIL（ダーイシュ）関係者等） / （注1）国連安保理決議第1267号、第1333号、第1390号、第1988号、第1989号、第2253号及び第2255号に加えて、国連安保理決議第1373号に基づく資産凍結措置の対象に指定されている個人及び団体については、告示番号の冒頭に＊印を付しています。 （注2）2021年5月28日以降の制裁対象者の追加指定につきましては、外務省告示を２回に分けて発出することとなりました。 （１回目：制裁対象者の氏名等を国連安保理が公表した英文の情報のまま発出する告示、２回目：制裁対象者の氏名等に仮名表記等を追加・修文する告示）２回目の告示発出につきましては、当シートの告示日付には反映しておりません。,,,2001-10-06,,,,jp
jp-eul-318e96d759f4ee39895072f49ec9468c38cd64dc,NK-ncB6saL459UrpWpopB8bsR,AL QA'IDA,"Ministry of Economy, Trade and Industry",,,,,,,,,"Weapon Types: Biological, Chemical, Missile, Nuclear, Conventional Weapons",jp
kg-fiu-1a62eae1b001da7e9504abe8c3ac06e6d16c99db,NK-ncB6saL459UrpWpopB8bsR,AL QA'IDA,караштуу Финансылык чалгындоо мамлекеттик кызматы,,,,,,,,,,kg
mc-freezes-3528e1200dd645733804ab2f4823a6b1c5d32891,NK-ncB6saL459UrpWpopB8bsR,AL QA'IDA,Principauté de Monaco,,,,,,,,,précédemment inscrite sous le nom Al Qa'ida/armée islamique,mc
md-terr-b77764a8f7ed7204b5f7ffb24299898a5b7ae1c5,NK-ncB6saL459UrpWpopB8bsR,AL QA'IDA,Centrul Antiterorist al Serviciului de Informaţii şi Securitate al Republicii Moldova,,QDe.004,"Lista persoanelor, entităţilor şi a altor grupuri asociate cu „ISIL” („Da’esh”) şi „Al-Qaida” menţinută de CCS al ONU, instituit prin Rezoluţiile 1267 (1999), 1989 (2011), 2253 (2015)",,,,,,,md
mymoha-7645db934a56cfb9b95ec56ec367009ac5fc89f1,NK-ncB6saL459UrpWpopB8bsR,AL QA'IDA,Ministry of Home Affairs (Kementerian Dalam Negeri),KDN.K.03-2021,,,,2022-04-25,,,,,my
nz-terr-d124da8d63278271d1bbfb67ec1fe31b9df7bf1b,NK-ncB6saL459UrpWpopB8bsR,AL QA'IDA,New Zealand Police,,,,NZ-UNSC1373,,2022-06-20,,,,nz
ofac-e5ca939a2000955ca69b15bccfa35a1f1663ddc2,NK-ncB6saL459UrpWpopB8bsR,AL QA'IDA,Office of Foreign Assets Control,6366,,FTO,US-TERR,,,,,Executive Order 13224 (Terrorism),us
sa-pcct-a1d0539f7932ae02328efc7e06ffca91043d9f34,NK-ncB6saL459UrpWpopB8bsR,AL QA'IDA,Permanent Committee for Counter-Terrorism,,,,SA-UNSC1373,,2014-03-07,,,,sa
ua-sfms-fbc4ba75db769e40682eb348ae5b394e5b1b2a8f,NK-ncB6saL459UrpWpopB8bsR,AL QA'IDA,State Finance Monitoring Service,,,Резолюції РБ ООН 1267 (1999) та 1989 (2011),,2012-03-28,2012-03-28,,,,ua
unsc-0cdfaf5607422e4515c88a9e3df67f388379c012,NK-ncB6saL459UrpWpopB8bsR,AL QA'IDA,United Nations Security Council,,QDe.004,Al-Qaida,UN-SCISIL,2001-10-06,2001-10-06,,,,
us-dos-fto-bb341ee66829452b14d847f349c1bbe620b0f070,NK-ncB6saL459UrpWpopB8bsR,AL QA'IDA,U.S. Department of State,,,,US-FTO219,,1999-10-08,,,,us
zafic-54b11caabd9b96de98a2e51eed95d9fa0d4c68d2,NK-ncB6saL459UrpWpopB8bsR,AL QA'IDA,Financial Intelligence Centre,,QDe.004,,,2001-10-06,,,,,za
au-dfat-67ff0ad0d68580d440c12c017f93ea7814e12a0d,NK-ncyGdDVuEdH9nMzybG2BMn,Salah Badi,Department of Foreign Affairs and Trade,,,1970 (Libya),UN-SC1970,,2026-02-20,,,,au
be-fod-c0dcadd656b7d63bb7b24ee97fd15c1521b14b3e,NK-ncyGdDVuEdH9nMzybG2BMn,Salah Badi,Federal Public Service Finance,,,,EU-LBY,2018-11-29,,,,2018/1863 (OJ L304),be
ch-seco-0a7ad916428e1f7ae0e01435028cc9da1398946c,NK-ncyGdDVuEdH9nMzybG2BMn,Salah Badi,State Secretariat for Economic Affairs,39809,LYi.028,"Ordinance of 30 March 2011 on measures against Libya (SR 946.231.149.82), annexes 2, 3, 4 and 5",SECO-LIBYA,2018-11-19,2025-04-07,,,,ch
ch-seco-bb7948676984fc418c2964a629d7ec1d8f226a78,NK-ncyGdDVuEdH9nMzybG2BMn,Salah Badi,State Secretariat for Economic Affairs,39805,LYi.028,"Ordinance of 30 March 2011 on measures against Libya (SR 946.231.149.82), annexes 2, 3, 4 and 5",SECO-LIBYA,2018-11-19,2025-04-07,,,,ch
eu-fsf-991203d904f3fee61d3bfd348eb904553d44e592,NK-ncyGdDVuEdH9nMzybG2BMn,Salah Badi,"Directorate‑General for Financial Stability, Financial Services and Capital Markets Union",EU.4801.12,LYi.28,LBY,EU-LBY,2018-11-29,2018-11-29,,,2018/1863 (OJ L304),eu
eu-tb-c48ce03c1aacb4ba80799500289724d1df911a37,NK-ncyGdDVuEdH9nMzybG2BMn,Salah Badi,Council of the European Union,,LYi.28,,,,,,,"Council Decision concerning restrictive measures in view of the situation in Libya, and repealing Decision 2011/137/CFSP",eu
fr-ga-b35803fb18a2571b720a7f3915631cf50867a248,NK-ncyGdDVuEdH9nMzybG2BMn,Salah Badi,Direction Générale du Trésor,,,(UE) 2018/1863 du 28/11/2018 (ONU Libye - RCSNU 1970/2011 et R (UE) 2016/44),UN-SC1970,,,,,"haut commandant du Front el-Soumoud, groupe armé hostile au Gouvernement d'entente nationale également connu sous le nom de Fakhr ou « Fierté de la Libye », et de la brigade Bouclier central Al Marsa de Misrata",fr
gb-fcdo-6bfd1f09ce4d259afacdad71bbf332b2037e9d55,NK-ncyGdDVuEdH9nMzybG2BMn,Salah Badi,"Foreign, Commonwealth & Development Office",LIB0065,LYi.028,The Libya (Sanctions) (EU Exit) Regulations 2020,GB-LBY,,2018-11-16,,,,gb
ja-mof-66286b5f0358041743fcbe64090f6504e092b852,NK-ncyGdDVuEdH9nMzybG2BMn,Salah Badi,Ministry of Finance,23,,リビアのカダフィ革命指導者及びその関係者 （Ⅱ その他の個人又は団体）,,,2018-11-16,,,,jp
mc-freezes-770b7de097b21cc884c47af7dc7466694af1b5af,NK-ncyGdDVuEdH9nMzybG2BMn,Salah Badi,Principauté de Monaco,,,,,,,,,"haut commandant du Front el-Soumoud, groupe armé hostile au Gouvernement d'entente nationale également connu sous le nom de Fakhr ou « Fierté de la Libye », et de la brigade Bouclier central Al Marsa de Misrata",mc
ofac-5adf46e1ebc08efc70792bbc143f54f53e1219ce,NK-ncyGdDVuEdH9nMzybG2BMn,Salah Badi,Office of Foreign Assets Control,26094,,LIBYA3,US-LIBYA,,,,,Executive Order 13726 (Libya),us
ua-sfms-149d290c2b8a4d8c8fd9e79e3beb4ffbb8f6a230,NK-ncyGdDVuEdH9nMzybG2BMn,Salah Badi,State Finance Monitoring Service,,,Резолюція РБ ООН 1970 (2011),,2018-11-19,2018-11-19,,,,ua
unsc-f2b9f5f7d1d0c9b929c47c6d136188d294215259,NK-ncyGdDVuEdH9nMzybG2BMn,Salah Badi,United Nations Security Council,,LYi.028,Libya,UN-SC1970,2018-11-16,2018-11-16,,,,
zafic-21316f8ec8aee88bd418344eee73bcb39c256d8a,NK-ncyGdDVuEdH9nMzybG2BMn,Salah Badi,Financial Intelligence Centre,,LYi.028,,,2018-11-16,,,,,za
au-dfat-4c50518da9088d90979504a9dfd940ab88cd8c83,NK-nmUtRzJuxoiG4L8Jsr6wAn,Pouya Air,Department of Foreign Affairs and Trade,,,1737 (Iran),UN-SC1737,,2025-12-12,,,,au
au-dfat-fc86c6ba24baee2f98f5adb9849dcd74d2733089,NK-nmUtRzJuxoiG4L8Jsr6wAn,Pouya Air,Department of Foreign Affairs and Trade,,,Autonomous (Iran),AU-IRAN,,2023-10-18,,,,au
be-fod-4c0427cf59e0588013c34fc31dfabc0052e6dafe,NK-nmUtRzJuxoiG4L8Jsr6wAn,Pouya Air,Federal Public Service Finance,,,,EU-IRN,2023-10-17,,,,2023/2196 (OJ L17102023),be
ca-sema-adc7e2201d76ea55389efd6f08c8617ff09f92f3,NK-nmUtRzJuxoiG4L8Jsr6wAn,Pouya Air,Global Affairs Canada,188,,Iran,CA-SEMA,2023-10-18,,,,"1, Part 1",ca
ca-sema-e07d9c08228e11b85c298388cb600304c54f678e,NK-nmUtRzJuxoiG4L8Jsr6wAn,Pouya Air,Global Affairs Canada,189,,Iran,CA-SEMA,2023-10-18,,,,"1, Part 1",ca
ch-seco-16cc5005ef9101d6453ad56454085d1a0cac2c93,NK-nmUtRzJuxoiG4L8Jsr6wAn,Pouya Air,State Secretariat for Economic Affairs,66597,IRe.077,"Ordinance of 12 December 2025 on measures against the Islamic Republic of Iran (SR 946.231.143.6), annexes 11-14",SECO-IRAN,2024-08-16,2024-08-16,,,,ch
eu-fsf-5ceeacf5367dfe5866603e20f7bed887f7507732,NK-nmUtRzJuxoiG4L8Jsr6wAn,Pouya Air,"Directorate‑General for Financial Stability, Financial Services and Capital Markets Union",EU.2712.73,,IRN,EU-IRN,2025-09-29,2023-10-17,,,2025/1982 (OJ L202501982),eu
fr-ga-5025dba79e62706f9e0708083fe0441b9c7f32f1,NK-nmUtRzJuxoiG4L8Jsr6wAn,Pouya Air,Direction Générale du Trésor,,IRe.077,décision du comité des sanctions des Nations unies du 20/12/2012 (ONU Iran prolifération - RCSNU 1737 (2006) et R (UE) 267/2012),EU-IRN,,,,,"Yas Air, également connue sous la dénomination Pouya Air, est une compagnie aérienne de fret iranienne créée et gérée en tant que filiale directe de l’IRGC. Elle est donc contrôlée par l’IRGC",fr
fr-ga-c302a8a91064ac74937e7160d81526729bd8ef4f,NK-nmUtRzJuxoiG4L8Jsr6wAn,Pouya Air,Direction Générale du Trésor,,,(UE) 2025/1982 du 29/09/2025 (ONU Iran prolifération - RCSNU 1737 (2006) et R (UE) 267/2012),EU-IRN,,,,,"Yas Air est le nouveau nom de Pars Air, une société qui était détenue par Pars Aviation Services Company, laquelle avait à son tour été désignée par le Conseil de sécurité des Nations unies dans sa résolution 1747 (2007). Yas Air a aidé Pars Aviation Services Company, une entité désignée par les Nations unies, à violer le paragraphe 5 de la résolution 1747 (2007).",fr
gb-fcdo-73f81fd3e48127e1a3d1042be728c47f3fa1eedc,NK-nmUtRzJuxoiG4L8Jsr6wAn,Pouya Air,UK|UN,INU0273,IRe.077,The Iran (Sanctions) (Nuclear) (EU Exit) Regulations 2019,GB-IRAN-NW,,2023-10-18,,,"Yas Air is an 'involved person' within the meaning of the Iran (Sanctions) (Nuclear) (EU Exit) Regulations 2019. Yas Air is associated with the IRGC, who is or has been responsible for, engaged in, provided support for or facilitated a relevant nuclear activity, namely the development of a nuclear weapon delivery system in, or for use in, Iran.",gb
il-wmd-50960fa1f1b4e7757e8feeee90efda0cc7edccd6,NK-nmUtRzJuxoiG4L8Jsr6wAn,Pouya Air,Isreali Ministry of Finance,,,,,,2018-07-12,,,,il
ja-mof-fefb7671061b0e9a1213f6f3a6a126ac174ed297,NK-nmUtRzJuxoiG4L8Jsr6wAn,Pouya Air,Ministry of Finance,78,,イランの拡散上機微な核活動又は核兵器運搬手段の開発に関与する者（団体）,,,2025-09-28,,,,jp
jp-eul-b9e0a4601d6274c1427072af2941bc9b71084c7d,NK-nmUtRzJuxoiG4L8Jsr6wAn,Pouya Air,"Ministry of Economy, Trade and Industry",,,,,,,,,"Weapon Types: Missile, Nuclear, Conventional Weapons",jp
mc-freezes-4ffcec58107f381fe6bd0877f23c561dcaccc9f3,NK-nmUtRzJuxoiG4L8Jsr6wAn,Pouya Air,Principauté de Monaco,,,,,,,,,"Yas Air, également connue sous la dénomination Pouya Air, est une compagnie aérienne de fret iranienne créée et gérée en tant que filiale directe de l’IRGC. Elle est donc contrôlée par l’IRGC.
Yas Air est le nouveau nom de Pars Air, une société qui était détenue par Pars Aviation Services Company, laquelle avait à son tour été désignée par le Conseil de sécurité des Nations unies dans sa résolutio",mc
ofac-6e08c2f9d83fae73f69a1c4c238e3bf9e81ec2bd,NK-nmUtRzJuxoiG4L8Jsr6wAn,Pouya Air,Office of Foreign Assets Control,13109,,SDGT,US-TERR,,,,,Executive Order 13382 (Non-proliferation),us
tr-fcib-39b9c81e479f56657e948708636dea2c5043db3e,NK-nmUtRzJuxoiG4L8Jsr6wAn,Pouya Air,Republic of Türkiye Ministry of Treasury and Finance - Financial Crimes Investigation Board,,,"Asset freezes within the scope of Articles 3.A and 3.B of Law No. 7262, aimed at preventing the financing of the proliferation of weapons of mass destruction.",,2021-02-24,,,,,tr
trade-csl-894d9f7ed0466bf194dfe074c8c69c99f9ad6a20,NK-nmUtRzJuxoiG4L8Jsr6wAn,Pouya Air,Denied Persons List (DPL) - Bureau of Industry and Security,79 F.R. 38489 7/8/14,,Denied Persons List (DPL) - Bureau of Industry and Security,US-BIS-DPL,,2014-07-01,2014-12-27,,,us
trade-csl-8b85e7b94439e37bde098ae8d63b315b64dbabbb,NK-nmUtRzJuxoiG4L8Jsr6wAn,Pouya Air,Denied Persons List (DPL) - Bureau of Industry and Security,79 F.R. 38489 7/8/14,,Denied Persons List (DPL) - Bureau of Industry and Security,US-BIS-DPL,,2014-07-01,2014-12-27,,,us
ua-nsdc-a7c4941a21f523a267cb283d948d41f2ce7cc12a,NK-nmUtRzJuxoiG4L8Jsr6wAn,Pouya Air,National Security and Defense Council,16025412200059,,254/2016,UA-SA1644,,2016-06-15,2018-10-18,expired,,ua
ua-nsdc-cd0a7bc3e78f8dc4a0e31c43e20f15921843f7ae,NK-nmUtRzJuxoiG4L8Jsr6wAn,Pouya Air,National Security and Defense Council,23016312200141,,163/2023,UA-SA1644,,2023-03-18,2028-03-18,active,,ua
ua-sfms-8ce2787ebcfc413d932628f3fd3e4db8f0c61c21,NK-nmUtRzJuxoiG4L8Jsr6wAn,Pouya Air,State Finance Monitoring Service,,,РБ ООН (Комітет 1737 (2006)),,2025-09-29,2025-09-29,,,,ua
unsc-c14282af2b21778b5231a35cf2c9e04b4b347bb8,NK-nmUtRzJuxoiG4L8Jsr6wAn,Pouya Air,United Nations Security Council,,IRe.077,Iran,UN-SC1737,2012-12-20,2012-12-20,,,,
zafic-dbf427f4ee95ffa1d662a4d9779467ce747ad242,NK-nmUtRzJuxoiG4L8Jsr6wAn,Pouya Air,Financial Intelligence Centre,,IRe.077,,,2012-12-20,,,,,za
arpet-0dcaf4710c66c519e613048eeefc624303562371,NK-npdZSrDYbpdVnmUndsGzzA,Hizballah,Ministerio de Justicia,,,Unidad de Información Financiera,,2021-10-14,2021-10-14,,,,ar
arpet-367a84d16ea848918e145d9966e44bf43888c83a,NK-npdZSrDYbpdVnmUndsGzzA,Hizballah,Ministerio de Justicia,,OArE.00012,ARG List,,2021-07-08,2021-07-03,,,,ar
arpet-72f0e82d5f0d6c0764a1e825d51f879731409ef5,NK-npdZSrDYbpdVnmUndsGzzA,Hizballah,Ministerio de Justicia,,HArE.001,Unidad de Información Financiera,,2019-07-18,2019-07-18,,,,ar
arpet-7d6320be78bd90a56e66c5770aa4f154960725f0,NK-npdZSrDYbpdVnmUndsGzzA,Hizballah,Ministerio de Justicia,,,Unidad de Información Financiera,,2021-10-14,2021-10-14,,,,ar
arpet-b6f542995b713f2bd4824f0cb6ea6ac15846d9fe,NK-npdZSrDYbpdVnmUndsGzzA,Hizballah,Ministerio de Justicia,,HArE.00011,ARG List,,2021-07-08,2021-07-03,,,,ar
arpet-ba66703b9bfc08f92b946e69785e9395f474ef61,NK-npdZSrDYbpdVnmUndsGzzA,Hizballah,Ministerio de Justicia,,HArE.002,Unidad de Información Financiera,,2019-07-18,2019-07-18,,,,ar
arpet-d483b4d0ac497d35724c4c77ed9e2e379f61b1f0,NK-npdZSrDYbpdVnmUndsGzzA,Hizballah,Ministerio de Justicia,,HArE.001,UFI AMIA,,2019-07-25,1994-07-18,,,,ar
au-dfat-ed97daef7d2069e398ec057c4eafad10ac6dd0e9,NK-npdZSrDYbpdVnmUndsGzzA,Hizballah,Department of Foreign Affairs and Trade,,,1373 (2001),AU-UNSC1373,,2025-09-13,,,,au
au-to-8f89242a0b7802bb54042498dbb799b43164eeab,NK-npdZSrDYbpdVnmUndsGzzA,Hizballah,Attorney-General of Australia,,,,AU-TERROR,,2021-12-10,,,Listed as terrorist organisation under Criminal Code Act 1995,au
au-to-b77cdaa2cf5350400976696d12baa50e11843872,NK-npdZSrDYbpdVnmUndsGzzA,Hizballah,Attorney-General of Australia,,,,AU-TERROR,,2024-05-24,,,Listed as terrorist organisation under Criminal Code Act 1995,au
be-fod-080aa6460b07ccecaca9da54fc089e802ed0a37e,NK-npdZSrDYbpdVnmUndsGzzA,Hizballah,Federal Public Service Finance,,,,EU-TERR,2020-01-14,,,,2023/1505 (OJ L184),be
ca-lte-aa67c298c37a69a4127171c71bd38927aa0ce317,NK-npdZSrDYbpdVnmUndsGzzA,Hizballah,Public Safety Canada,,,,CA-UNSC1373,,,,,,ca
eu-fsf-fa4426e5ae2af82eb1f558543e8f9ece26a097fa,NK-npdZSrDYbpdVnmUndsGzzA,Hizballah,"Directorate‑General for Financial Stability, Financial Services and Capital Markets Union",EU.3071.69,,TERR,EU-TERR,2025-01-31,2025-02-01,,,2025/206 (L 202500206),eu
fr-ga-cb417c1d57b37136c17fb7ddb14e1cb0bbfbbd3c,NK-npdZSrDYbpdVnmUndsGzzA,Hizballah,Direction Générale du Trésor,EU.3502.46,,(UE) 2025/206 du 30/01/2025 (UE personnes impliquées dans des actes de terrorisme - R (UE) 2580/2001),EU-TERR,,,,,"Conseil du Djihad et toutes les unités placées sous son autorité, dont l'Organisation de la sécurité extérieure.",fr
gb-fcdo-1da847c581fbe46f02dc370996b9fe1e364b54a3,NK-npdZSrDYbpdVnmUndsGzzA,Hizballah,UK,CTI0032,,The Counter-Terrorism (International Sanctions) (EU Exit) Regulations 2019,GB-ICT,,2020-12-31,,,Hizballah has claimed responsibility for a number of terrorist attacks since the 1980s. It supports terrorism in Iraq and the Occupied Palestinian Territories. It also frequently incites violence against Israel and is behind a large number of rocket attacks into Israel.,gb
il-nbctf-782cd68f898acf8cc1561742e6aed0ab3f332e96,NK-npdZSrDYbpdVnmUndsGzzA,Hizballah,National Bureau for Counter Terror Financing,,,"הכרזה על ארגון טרור לפי סעיף 8 לפקודת מניעת טרור התש""ח- 1948",,,2003-07-22,,,,il
mc-freezes-3c122e7184e740f099a20fbeaef485543276aa3b,NK-npdZSrDYbpdVnmUndsGzzA,Hizballah,Principauté de Monaco,,,,,,,,,,mc
md-terr-72b48a1698841f56675dac3bd7ea64627ed53d85,NK-npdZSrDYbpdVnmUndsGzzA,Hizballah,Centrul Antiterorist al Serviciului de Informaţii şi Securitate al Republicii Moldova,,,"Lista persoanelor, grupurilor și entităților cărora li se aplică măsurile menționate la articolele 2 și 3 din Poziția comună 2001/931/PESC",,,,,,,md
mymoha-d3ee2050388517b2c778f946ea24bb6dfbddf08a,NK-npdZSrDYbpdVnmUndsGzzA,Hizballah,Ministry of Home Affairs (Kementerian Dalam Negeri),KDN.K.5-2019,,,,2019-05-21,,,,,my
nz-terr-0ac0ec2a767591603472727f722f54d80e2f224b,NK-npdZSrDYbpdVnmUndsGzzA,Hizballah,New Zealand Police,,,,NZ-UNSC1373,,2024-11-20,,,,nz
ofac-d8e641425edddd1533928d32960c4c81351331c2,NK-npdZSrDYbpdVnmUndsGzzA,Hizballah,Office of Foreign Assets Control,4697,,FTO,US-TERR,,,,,INA,us
sa-pcct-c7bb4d3019b6e695be69b9381bd4c92c503ca872,NK-npdZSrDYbpdVnmUndsGzzA,Hizballah,Permanent Committee for Counter-Terrorism,,,,SA-UNSC1373,,2014-03-07,,,,sa
us-dos-fto-771e5c467994219731666c4b2a4e94f8bec4134f,NK-npdZSrDYbpdVnmUndsGzzA,Hizballah,U.S. Department of State,,,,US-FTO219,,1997-10-08,,,,us
be-fod-10f0920685862fee5195318e48c9ba427721ea3f,NK-ns7oiKUhZQopVSRFGVP4ua,Baharestan Kish Company,Federal Public Service Finance,,,,EU-IRN,2023-12-11,,,,2023/2793 (OJ L11122023),be
ca-sema-b318f900b090974cc1e869b8e38798bab4d43615,NK-ns7oiKUhZQopVSRFGVP4ua,Baharestan Kish Company,Global Affairs Canada,172,,Iran,CA-SEMA,2022-11-29,,,,"1, Part 1",ca
ch-seco-94b007155c5a4d08a3ec06d723fd591daa57c8b1,NK-ns7oiKUhZQopVSRFGVP4ua,Baharestan Kish Company,State Secretariat for Economic Affairs,69019,,"Ordinance of 12 December 2025 on measures against the Islamic Republic of Iran (SR 946.231.143.6), annexes 11-14",SECO-IRAN,2023-12-21,2023-12-21,,,,ch
eu-fsf-8307d5db9a78b8d5d8e02f7c16f9e1b7d7926283,NK-ns7oiKUhZQopVSRFGVP4ua,Baharestan Kish Company,"Directorate‑General for Financial Stability, Financial Services and Capital Markets Union",EU.10863.14,,IRN,EU-IRN,2023-12-11,2023-12-11,,,2023/2793 (OJ L11122023),eu
fr-ga-d44610ff51fd8ea87732377a4a7426c293e75d06,NK-ns7oiKUhZQopVSRFGVP4ua,Baharestan Kish Company,Direction Générale du Trésor,EU.10863.14,,(UE) 2023/2793 du 11/12/2023 (UE Iran - Soutien militaire dans le conflit Russie/Ukraine  - R(UE) 2023/1529),EU-IRN,,,,,"Baharestan Kish Company fabrique des composants de véhicules aériens sans pilote (UAV) pour le Corps des gardiens de la révolution islamique (IRGC). La société a également travaillé sur les composants des UAV Shahed, qui ont été exportés vers la Russie. Baharestan Kish Company a supervisé divers projets liés à la défense, dont la fabrication d'UAV.  Par conséquent, elle soutient le programme irani",fr
gb-fcdo-262443a2082918a61120bfc92c6c4a39bef089e2,NK-ns7oiKUhZQopVSRFGVP4ua,Baharestan Kish Company,UK,IRN0224,,The Iran (Sanctions) Regulations 2023,GB-IRAN,,2024-09-10,,,"Baharestan Kish Company is an involved person within the meaning of the Iran (Sanctions) Regulations 2023 on the basis of the following ground: Baharestan Kish Company is or has been involved in hostile activity by the Government of Iran by carrying on business in the Iranian defence sector, specifically the manufacture of components for unmanned aerial vehicles.",gb
jp-eul-92eb31f896fa82a5a4aacbe076b38e891a71d4d1,NK-ns7oiKUhZQopVSRFGVP4ua,Baharestan Kish Company,"Ministry of Economy, Trade and Industry",,,,,,,,,"Weapon Types: Missile, Conventional Weapons",jp
mc-freezes-c6824106041d984ac88544e7f709cb259beb0e69,NK-ns7oiKUhZQopVSRFGVP4ua,Baharestan Kish Company,Principauté de Monaco,,,,,,,,,"Baharestan Kish Company fabrique des composants de véhicules aériens sans pilote (UAV) pour le Corps des gardiens de la révolution islamique (IRGC).
La société a également travaillé sur les composants des UAV Shahed, qui ont été exportés vers la Russie.
Baharestan Kish Company a supervisé divers projets liés à la défense, dont la fabrication d’UAV.
Par conséquent, elle soutient le programme iranie",mc
nz-ru-be85e15700b031943c1e8edf745f660426af705a,NK-ns7oiKUhZQopVSRFGVP4ua,Baharestan Kish Company,Ministry of Foreign Affairs and Trade,,,,NZ-RSA2022,,2024-05-17,,Sanctioned,Involved in the production and supply  of UAVs from Iran to Russia,nz
ofac-603b94ce507c45b71e6498ae7726a9108cea6cb8,NK-ns7oiKUhZQopVSRFGVP4ua,Baharestan Kish Company,Office of Foreign Assets Control,39036,,NPWMD,US-NON-PROLIF,,,,,Executive Order 13382 (Non-proliferation),us
ua-nsdc-b73803a5c4742785e03af3fb478ad245fb379bc6,NK-ns7oiKUhZQopVSRFGVP4ua,Baharestan Kish Company,National Security and Defense Council,23016312200069,,163/2023,UA-SA1644,,2023-03-18,2033-03-18,active,,ua
ofac-fc9f1fd6ede513d1f65cccc42d936f1470eb45ed,NK-nuUyN5VYQfhE3iUj4Utrpv,Aurum Ship Management FZC,Office of Foreign Assets Control,34958,,SDGT,US-TERR,,,,,Executive Order 13224 (Terrorism),us
sa-pcct-238e5c00304fb48796c9e4a1674116239ff18ea9,NK-nuUyN5VYQfhE3iUj4Utrpv,Aurum Ship Management FZC,Permanent Committee for Counter-Terrorism,,,,SA-UNSC1373,,2022-03-31,,,,sa
au-dfat-2c3dfabc24766e6caf85a0b03a205c878700bcdb,NK-ny372aQyCRYP4TDcMibNZA,Gharagahe Sazandegi Ghaem,Department of Foreign Affairs and Trade,,,Autonomous (Iran),AU-IRAN,,2023-10-18,,,,au
au-dfat-b0c2249b425dc725d654dca46c793ac18fd41bb9,NK-ny372aQyCRYP4TDcMibNZA,Gharagahe Sazandegi Ghaem,Department of Foreign Affairs and Trade,,,1737 (Iran),UN-SC1737,,2025-12-12,,,,au
be-fod-a3138383dfa12d8fe2a8f1b015356d92b5eef9c8,NK-ny372aQyCRYP4TDcMibNZA,Gharagahe Sazandegi Ghaem,Federal Public Service Finance,,,,EU-IRN,2023-10-17,,,,2023/2196 (OJ L17102023),be
ca-sema-5239ce15967e4f7450cc428dac67705cf385b5f6,NK-ny372aQyCRYP4TDcMibNZA,Gharagahe Sazandegi Ghaem,Global Affairs Canada,187,,Iran,CA-SEMA,2023-10-18,,,,"1, Part 1",ca
ch-seco-7f27287b35b29aa5b25c1ed98f520e75ee8fa25a,NK-ny372aQyCRYP4TDcMibNZA,Gharagahe Sazandegi Ghaem,State Secretariat for Economic Affairs,66435,IRe.022,"Ordinance of 12 December 2025 on measures against the Islamic Republic of Iran (SR 946.231.143.6), annexes 11-14",SECO-IRAN,2025-12-12,2025-12-12,,,,ch
eu-fsf-fb6f435de9a283e768f3535a6f4f9257d1c642ae,NK-ny372aQyCRYP4TDcMibNZA,Gharagahe Sazandegi Ghaem,"Directorate‑General for Financial Stability, Financial Services and Capital Markets Union",EU.2033.91,,IRN,EU-IRN,2025-09-29,2023-10-17,,,2025/1982 (OJ L202501982),eu
fr-ga-687334d77ce94bca6e8fbfe5672054ec658fd048,NK-ny372aQyCRYP4TDcMibNZA,Gharagahe Sazandegi Ghaem,Direction Générale du Trésor,,,RCSNU 1737 (2006) et suiv (ONU Iran prolifération - RCSNU 1737 (2006) et suivantes),EU-IRN,,,,,"Entités qui sont la propriété, sont sous le contrôle ou agissent pour le compte du Corps des gardiens de la révolution islamique ; Appartient à KAA ou est contrôlé par KAA",fr
fr-ga-9359638541fc98069f93501b6399a651465410b5,NK-ny372aQyCRYP4TDcMibNZA,Gharagahe Sazandegi Ghaem,Direction Générale du Trésor,,,décision du comité des sanctions des Nations unies du 09/06/2010 (ONU Iran prolifération - RCSNU 1737 (2006) et R (UE) 267/2012),EU-IRN,,,,,"Gharagahe Sazandegi Ghaem est une société de construction et une filiale de Khatam al-Anbiya Construction Headquarters (KAA), société contrôlée par l’IRGC. Elle est donc contrôlée par l’IRGC.",fr
gb-fcdo-4349fdd89cb82541bfe87899d0bc59919af1f70a,NK-ny372aQyCRYP4TDcMibNZA,Gharagahe Sazandegi Ghaem,UK|UN,INU0231,IRe.022,The Iran (Sanctions) (Nuclear) (EU Exit) Regulations 2019,GB-IRAN-NW,,2023-10-18,,,"There are reasonable grounds to suspect that Gharargahe Sazandegi Ghaem is an involved person within the meaning of the Iran (Sanctions) (Nuclear) (EU Exit) Regulations 2019. Gharargahe Sazandegi Ghaem is or has been responsible for, engaged in, provided support for, or promoted, or facilitated, a relevant nuclear activity, specifically the proliferation or development of nuclear weapons in, or fo",gb
il-wmd-261d26ed551ab9212d80de7941257ad3e5fc1e28,NK-ny372aQyCRYP4TDcMibNZA,Gharagahe Sazandegi Ghaem,Isreali Ministry of Finance,,,,,,2018-07-12,,,,il
ja-mof-421f871c7fd911b9582729ffc9af2b4684f97dc8,NK-ny372aQyCRYP4TDcMibNZA,Gharagahe Sazandegi Ghaem,Ministry of Finance,59,,イランの拡散上機微な核活動又は核兵器運搬手段の開発に関与する者（団体）,,,2025-09-28,,,,jp
jp-eul-bcb2856950efe8553c686ef503b6335134d97c71,NK-ny372aQyCRYP4TDcMibNZA,Gharagahe Sazandegi Ghaem,"Ministry of Economy, Trade and Industry",,,,,,,,,"Weapon Types: Biological, Chemical, Missile, Nuclear",jp
mc-freezes-8e4b021cf2fdc8d84d954958efdcf73efa524a0b,NK-ny372aQyCRYP4TDcMibNZA,Gharagahe Sazandegi Ghaem,Principauté de Monaco,,,,,,,,,"Gharagahe Sazandegi Ghaem est une société de construction et une filiale de Khatam al-Anbiya Construction Headquarters (KAA), société contrôlée par l’IRGC. Elle est donc contrôlée par l’IRGC.
Gharagahe Sazandegi Ghaem est la propriété ou se trouve sous le contrôle de KAA.",mc
ofac-9b88db9adda5763f5732a230bbe961398865b59b,NK-ny372aQyCRYP4TDcMibNZA,Gharagahe Sazandegi Ghaem,Office of Foreign Assets Control,10496,,NPWMD,US-NON-PROLIF,,,,,TRA,us
tr-fcib-d7f927f2ad89d2175e162330629df3720ae7e6fd,NK-ny372aQyCRYP4TDcMibNZA,Gharagahe Sazandegi Ghaem,Republic of Türkiye Ministry of Treasury and Finance - Financial Crimes Investigation Board,,,"Asset freezes within the scope of Articles 3.A and 3.B of Law No. 7262, aimed at preventing the financing of the proliferation of weapons of mass destruction.",,2021-02-24,,,,,tr
ua-nsdc-7f3d2d93c896476f4657965ebd30df5f55ac877e,NK-ny372aQyCRYP4TDcMibNZA,Gharagahe Sazandegi Ghaem,National Security and Defense Council,16025412200018,,254/2016,UA-SA1644,,2016-06-15,2018-10-18,expired,,ua
ua-sfms-814567ae90eec6a521e184d6d335e0c9e360ecc8,NK-ny372aQyCRYP4TDcMibNZA,Gharagahe Sazandegi Ghaem,State Finance Monitoring Service,,,РБ ООН (Комітет 1737 (2006)),,2025-09-29,2025-09-29,,,,ua
unsc-25dfb3f882f1ef54eecb66dcf24721502b0ce852,NK-ny372aQyCRYP4TDcMibNZA,Gharagahe Sazandegi Ghaem,United Nations Security Council,,IRe.022,Iran,UN-SC1737,2010-06-09,2010-06-09,,,,
zafic-66f44d63c55a79585bd58cc2b3cf7b02e004b3a1,NK-ny372aQyCRYP4TDcMibNZA,Gharagahe Sazandegi Ghaem,Financial Intelligence Centre,,IRe.022,,,2010-06-09,,,,,za
au-dfat-0bb0d96eee2da8a78fd6bf5288645c300be1d944,NK-o4rKLJVVMx76yfAiJWrdCE,KIM KYONG IL,Department of Foreign Affairs and Trade,,,1718 (DPRK),UN-SC1718,,2026-02-20,,,,au
be-fod-0066fcb8794abbc40ea6517f0f2243c248e75307,NK-o4rKLJVVMx76yfAiJWrdCE,KIM KYONG IL,Federal Public Service Finance,,,,EU-PRK,2018-01-09,,,,2018/12 (OJ L4),be
ch-seco-d4169bb8b8a027ee8108f331811f6bd73a314b3b,NK-o4rKLJVVMx76yfAiJWrdCE,KIM KYONG IL,State Secretariat for Economic Affairs,37703,KPi.067,"Ordinance of 18 May 2016 on measures against North Korea (SR 946.231.127.6), annexes 1 et 6",SECO-NORTHKOREA,2017-12-27,2017-12-22,,,,ch
eu-fsf-95efeba34bb6ed60e8780fb09b7331a9f5c7e29a,NK-o4rKLJVVMx76yfAiJWrdCE,KIM KYONG IL,"Directorate‑General for Financial Stability, Financial Services and Capital Markets Union",EU.4265.59,,PRK,EU-PRK,2018-01-09,2017-12-22,,,2018/12 (OJ L4),eu
eu-tb-38f106a3e24ca164beaa12a777e370e15bda3bb5,NK-o4rKLJVVMx76yfAiJWrdCE,KIM KYONG IL,Council of the European Union,,,,,,,,,Council Decision concerning restrictive measures against the Democratic People’s Republic of Korea,eu
eu-tb-63e361c9dd8299b36628b4ba8b32606c30168f6b,NK-o4rKLJVVMx76yfAiJWrdCE,KIM KYONG IL,Council of the European Union,,,,,,,,,Council Decision concerning restrictive measures against the Democratic People's Republic of Korea and repealing Decision 2013/183/CFSP,eu
fr-ga-1984cd14a2c92b77dc36928058742947224e0304,NK-o4rKLJVVMx76yfAiJWrdCE,KIM KYONG IL,Direction Générale du Trésor,,,décision du comité des sanctions des Nations unies du 22/12/2017 (ONU Corée du Nord - RCSNU 1718 (2006) et R (UE) 2017/1509),UN-SC1718,,,,,,fr
gb-fcdo-bd87b0e58a25849d18b20343874c517d6bedac9f,NK-o4rKLJVVMx76yfAiJWrdCE,KIM KYONG IL,"Foreign, Commonwealth & Development Office",13562,KPi.067,The Democratic People's Republic of Korea (Sanctions) (EU Exit) Regulations 2019,GB-DPRK,,2017-12-22,,,,gb
il-wmd-55eef66b6e998a5b51042e54ae80daa3809c0794,NK-o4rKLJVVMx76yfAiJWrdCE,KIM KYONG IL,Isreali Ministry of Finance,,,,,,2018-07-12,,,,il
ja-mof-986aaee22f4321bca2ee19f235e44936254fb1a0,NK-o4rKLJVVMx76yfAiJWrdCE,KIM KYONG IL,Ministry of Finance,46(#67),,北朝鮮に関連する国際連合安全保障理事会決議に基づく資産凍結等の措置の対象となる者（個人）,,,2017-12-28,,,,jp
mc-freezes-e708f0ccfb50d82ed2742a593dfa2f78f3feaf21,NK-o4rKLJVVMx76yfAiJWrdCE,KIM KYONG IL,Principauté de Monaco,,,,,,,,,,mc
md-terr-5dfe47ef5ffc591604b0cbb8f8e4c446ff8fdfe0,NK-o4rKLJVVMx76yfAiJWrdCE,KIM KYONG IL,Centrul Antiterorist al Serviciului de Informaţii şi Securitate al Republicii Moldova,,KPi.067,Comitetul Consiliului de Securitate al ONU instituit prin Rezoluția 1718 (2006) - RPDC,,,,,,,md
ofac-0d1fd5a9e53936b61f85e783aa37d623cf127e41,NK-o4rKLJVVMx76yfAiJWrdCE,KIM KYONG IL,Office of Foreign Assets Control,23016,,DPRK2,US-NK,,,,,Executive Order 13687 (North Korea),us
tr-fcib-ece9cb5e0d6a6a6fe32a521710ce1682973a770b,NK-o4rKLJVVMx76yfAiJWrdCE,KIM KYONG IL,Republic of Türkiye Ministry of Treasury and Finance - Financial Crimes Investigation Board,,,"Asset freezes within the scope of Articles 3.A and 3.B of Law No. 7262, aimed at preventing the financing of the proliferation of weapons of mass destruction.",,2017-12-22,,,,,tr
ua-sfms-a6fcf0bb9ed55205d57ba35c8f3e39a0f5381ff3,NK-o4rKLJVVMx76yfAiJWrdCE,KIM KYONG IL,State Finance Monitoring Service,,,Резолюція РБ ООН 1718 (2006),,2017-12-26,2017-12-26,,,,ua
unsc-e9653c8b206c8be9d3697eaf9864468c91de60cc,NK-o4rKLJVVMx76yfAiJWrdCE,KIM KYONG IL,United Nations Security Council,,KPi.067,DPRK,UN-SC1718,2017-12-22,2017-12-22,,,,
zafic-54531b681b1e5505727d08b6eac4b3a4e8a10079,NK-o4rKLJVVMx76yfAiJWrdCE,KIM KYONG IL,Financial Intelligence Centre,,KPi.067,,,2017-12-22,,,,,za
au-dfat-006d0680b859b1a19115bb9a0b13bc0e8b8ff834,NK-o5eahBiaSk6EjzRPEsPZs5,Javad Ghaffarhaddadi,Department of Foreign Affairs and Trade,,,Autonomous (Iran),AU-IRAN,,2026-02-02,,,,au
ofac-01a11efc7b718db1497e160c307bfd001444fbe1,NK-o5eahBiaSk6EjzRPEsPZs5,Javad Ghaffarhaddadi,Office of Foreign Assets Control,50697,,IRAN-HR,US-IRAN,,,,,Executive Order 13553 (Iran),us
au-dfat-3e952bcecd186bad9812f4ec420b210594083d94,NK-oDTLqgYVPPr5GwAaHPsxFG,Hara Company,Department of Foreign Affairs and Trade,,,1737 (Iran),UN-SC1737,,2025-12-12,,,,au
au-dfat-5266b59ee83f79abf0cf92c4f7ae57839d9e8f31,NK-oDTLqgYVPPr5GwAaHPsxFG,Hara Company,Department of Foreign Affairs and Trade,,,Autonomous (Iran),AU-IRAN,,2023-10-18,,,,au
be-fod-ce38ab28a0b9ea64c7e002f7d8f8c39ec597867d,NK-oDTLqgYVPPr5GwAaHPsxFG,Hara Company,Federal Public Service Finance,,,,EU-IRN,2023-10-17,,,,2023/2196 (OJ L17102023),be
ca-sema-cac990a63d3a1687477c1c2b816182e52036c6df,NK-oDTLqgYVPPr5GwAaHPsxFG,Hara Company,Global Affairs Canada,20,,Iran,CA-SEMA,2016-02-05,,,,"1, Part 1",ca
ch-seco-8e65f680ebb68e6bc6dbbdc8f561815341a8cc50,NK-oDTLqgYVPPr5GwAaHPsxFG,Hara Company,State Secretariat for Economic Affairs,66530,IRe.025,"Ordinance of 12 December 2025 on measures against the Islamic Republic of Iran (SR 946.231.143.6), annexes 11-14",SECO-IRAN,2025-12-12,2025-12-12,,,,ch
eu-fsf-e7f2d61bdc439ad24f1837074ba2c89805ea0bbc,NK-oDTLqgYVPPr5GwAaHPsxFG,Hara Company,"Directorate‑General for Financial Stability, Financial Services and Capital Markets Union",EU.2062.32,,IRN,EU-IRN,2025-09-29,2023-10-17,,,2025/1982 (OJ L202501982),eu
fr-ga-5f0edf88d4bb8a56ea0fda4eca3de8810ff77b3d,NK-oDTLqgYVPPr5GwAaHPsxFG,Hara Company,Direction Générale du Trésor,,,décision du comité des sanctions des Nations unies du 09/06/2010 (ONU Iran prolifération - RCSNU 1737 (2006) et R (UE) 267/2012),EU-IRN,,,,,"Hara Company est une filiale de Khatam al-Anbiya, qui est détenue et contrôlée par le Corps des gardiens de la révolution islamique (IRGC). Les instances dirigeantes de Khatam al-Anbiya sont contrôlées par de hauts responsables de l’IRGC. Hara Company est donc contrôlée par l’IRGC",fr
fr-ga-e27c042e983bf653d8e2e3fe9138a3ef2436ac5c,NK-oDTLqgYVPPr5GwAaHPsxFG,Hara Company,Direction Générale du Trésor,,,RCSNU 1737 (2006) et suiv (ONU Iran prolifération - RCSNU 1737 (2006) et suivantes),EU-IRN,,,,,"Entités qui sont la propriété, sont sous le contrôle ou agissent pour le compte du Corps des gardiens de la révolution islamique ; se trouve sous le contrôle par Ghorb Nooh.",fr
gb-fcdo-8e72e2303e71516103f040e794e33afa630c0e51,NK-oDTLqgYVPPr5GwAaHPsxFG,Hara Company,UK|UN,INU0234,IRe.025,The Iran (Sanctions) (Nuclear) (EU Exit) Regulations 2019,GB-IRAN-NW,,2023-10-18,,,"Hara Company is an involved person within the meaning of the Iran (Sanctions) (Nuclear) (EU Exit) Regulations 2019. Hara Company has been responsible for, has engaged in, or has facilitated the proliferation or development of nuclear weapons in, or for use in, Iran, or an activity that could lead to the development of nuclear weapons in, or for use in, Iran.",gb
il-wmd-0bf550f9354a52bec710ac67976f86ffe53469b0,NK-oDTLqgYVPPr5GwAaHPsxFG,Hara Company,Isreali Ministry of Finance,,,,,,2018-07-12,,,,il
ja-mof-0542b540edf783ac5f566549fccdc9ed17404295,NK-oDTLqgYVPPr5GwAaHPsxFG,Hara Company,Ministry of Finance,62,,イランの拡散上機微な核活動又は核兵器運搬手段の開発に関与する者（団体）,,,2025-09-28,,,,jp
jp-eul-46312ac4428645d28b3001a4bd3c6d40205d85f6,NK-oDTLqgYVPPr5GwAaHPsxFG,Hara Company,"Ministry of Economy, Trade and Industry",,,,,,,,,"Weapon Types: Biological, Chemical, Missile, Nuclear",jp
mc-freezes-b53f6d5240f2a302fbf1d07e62eb160608879363,NK-oDTLqgYVPPr5GwAaHPsxFG,Hara Company,Principauté de Monaco,,,,,,,,,"Hara Company est une filiale de Khatam al-Anbiya, qui est détenue et contrôlée par le Corps des gardiens de la révolution islamique (IRGC). Les instances dirigeantes de Khatam al-Anbiya sont contrôlées par de hauts responsables de l’IRGC. Hara Company est donc contrôlée par l’IRGC.
Hara Company est la propriété ou se trouve sous le contrôle de Ghorb Nooh.",mc
ofac-f6277b778069d3c5bf3194318b399cfe7086402a,NK-oDTLqgYVPPr5GwAaHPsxFG,Hara Company,Office of Foreign Assets Control,10495,,NPWMD,US-NON-PROLIF,,,,,TRA,us
tr-fcib-b5fef874090972b44e65d9660f1942e6844a50ec,NK-oDTLqgYVPPr5GwAaHPsxFG,Hara Company,Republic of Türkiye Ministry of Treasury and Finance - Financial Crimes Investigation Board,,,"Asset freezes within the scope of Articles 3.A and 3.B of Law No. 7262, aimed at preventing the financing of the proliferation of weapons of mass destruction.",,2010-06-09,,,,,tr
ua-nsdc-844ba2357a488dd6fe8389c2e1605772a90c12db,NK-oDTLqgYVPPr5GwAaHPsxFG,Hara Company,National Security and Defense Council,16025412200021,,254/2016,UA-SA1644,,2016-06-15,2018-10-18,expired,,ua
ua-sfms-57558fc6f4def40b2e18b1801e87249e22bb09bb,NK-oDTLqgYVPPr5GwAaHPsxFG,Hara Company,State Finance Monitoring Service,,,РБ ООН (Комітет 1737 (2006)),,2025-09-29,2025-09-29,,,,ua
unsc-72d11b2bf8de94e66837f152b25d06a1715a7811,NK-oDTLqgYVPPr5GwAaHPsxFG,Hara Company,United Nations Security Council,,IRe.025,Iran,UN-SC1737,2010-06-09,2010-06-09,,,,
zafic-d4ba7ac4d91a9b170df015335a04040bb14e2604,NK-oDTLqgYVPPr5GwAaHPsxFG,Hara Company,Financial Intelligence Centre,,IRe.025,,,2010-06-09,,,,,za
au-dfat-e4af263ad45fe8e125574e9daa32c4381aef7008,NK-oHzJFHMHV3ACzMeJL9XmFb,Matuq Mohammed MATUQ,Department of Foreign Affairs and Trade,,,1970 (Libya),UN-SC1970,,2026-02-20,,,,au
be-fod-d46fbaeb84abed29c37c0a7417f304f088d14621,NK-oHzJFHMHV3ACzMeJL9XmFb,Matuq Mohammed MATUQ,Federal Public Service Finance,,,,EU-LBY,2011-03-03,,,,204/2011 (OJ L58),be
ch-seco-6bf7e2082bb6b7d8a3ab856b0aa081f368505fe6,NK-oHzJFHMHV3ACzMeJL9XmFb,Matuq Mohammed MATUQ,State Secretariat for Economic Affairs,12943,LYi.008,"Ordinance of 30 March 2011 on measures against Libya (SR 946.231.149.82), annexes 2, 3, 4 and 5",SECO-LIBYA,2013-03-21,2017-04-05,,,,ch
ch-seco-78a134d757246d3f83430cbf847b83bb1e031a50,NK-oHzJFHMHV3ACzMeJL9XmFb,Matuq Mohammed MATUQ,State Secretariat for Economic Affairs,12845,LYi.008,"Ordinance of 30 March 2011 on measures against Libya (SR 946.231.149.82), annexes 2, 3, 4 and 5",SECO-LIBYA,2017-04-05,2017-04-05,,,,ch
eu-fsf-6ab4c89b14148dc6b3dbbf0de875ca442ef08dcd,NK-oHzJFHMHV3ACzMeJL9XmFb,Matuq Mohammed MATUQ,"Directorate‑General for Financial Stability, Financial Services and Capital Markets Union",EU.3828.24,,LBY,EU-LBY,2017-03-22,2011-02-26,,,2017/489 (OJ L76),eu
eu-tb-86b9cc5b1244d5136c093d3663b394a646edbe64,NK-oHzJFHMHV3ACzMeJL9XmFb,Matuq Mohammed MATUQ,Council of the European Union,,,,,,,,,"Council Decision concerning restrictive measures in view of the situation in Libya, and repealing Decision 2011/137/CFSP",eu
fr-ga-afc8c1d1ef3f14277f68d2b56996e5b19315d711,NK-oHzJFHMHV3ACzMeJL9XmFb,Matuq Mohammed MATUQ,Direction Générale du Trésor,,,(UE) 2017/489 du 21/03/2017 (ONU Libye - RCSNU 1970/2011 et R (UE) 2016/44),UN-SC1970,,,,,"membre influent du régime impliqué dans les Comités révolutionnaires, a, par le passé, pris des mesures pour mettre fin à la dissidence et participé à des actes de violence - présumé avoir été capturé",fr
gb-fcdo-2c0c7e01bd2a261032d93f218874741793ccffc2,NK-oHzJFHMHV3ACzMeJL9XmFb,Matuq Mohammed MATUQ,"Foreign, Commonwealth & Development Office",LIB0054,LYi.008,The Libya (Sanctions) (EU Exit) Regulations 2020,GB-LBY,,2011-02-26,,,,gb
ja-mof-4def3ee0f23b5206b6ba72091524cd585203ecba,NK-oHzJFHMHV3ACzMeJL9XmFb,Matuq Mohammed MATUQ,Ministry of Finance,9,,リビアのカダフィ革命指導者及びその関係者 （Ⅱ その他の個人又は団体）,,,2011-03-24,,,,jp
mc-freezes-c19d6f240d53cec82631bffb064a6024aaa32222,NK-oHzJFHMHV3ACzMeJL9XmFb,Matuq Mohammed MATUQ,Principauté de Monaco,,,,,,,,,"membre influent du régime impliqué dans les Comités révolutionnaires, a, par le passé, pris des mesures pour mettre fin à la dissidence et participé à des actes de violence - présumé avoir été capturé",mc
ofac-85cba6eededa913750bac455df9a99baea9e6039,NK-oHzJFHMHV3ACzMeJL9XmFb,Matuq Mohammed MATUQ,Office of Foreign Assets Control,12633,,LIBYA2,US-LIBYA,,,,,Unknown,us
ua-sfms-d98ad723c8433395579522b9324008beb987b60e,NK-oHzJFHMHV3ACzMeJL9XmFb,Matuq Mohammed MATUQ,State Finance Monitoring Service,,,Резолюція РБ ООН 1970 (2011),,2012-04-10,2012-04-10,,,,ua
unsc-a735b3624431fb55a4a9c4d1eb7c3139f8e98fa6,NK-oHzJFHMHV3ACzMeJL9XmFb,Matuq Mohammed MATUQ,United Nations Security Council,,LYi.008,Libya,UN-SC1970,2011-02-26,2011-02-26,,,,
zafic-48e8a57411c7956aa9e582b9f6db4b16a639a934,NK-oHzJFHMHV3ACzMeJL9XmFb,Matuq Mohammed MATUQ,Financial Intelligence Centre,,LYi.008,,,2011-02-26,,,,,za
ofac-4b3e3273baac15c74d9d37f7dd835f3e952e2cda,NK-oLn8V8t63b7aoyVtGw9jyv,Alireza Atabaki,Office of Foreign Assets Control,26531,,IFSR,US-IRAN,,,,,Executive Order 13224 (Terrorism),us
sa-pcct-0f81cead80469ae0fe3419347783816f9212cd4a,NK-oLn8V8t63b7aoyVtGw9jyv,Alireza Atabaki,Permanent Committee for Counter-Terrorism,,,,SA-UNSC1373,,2022-01-26,,,,sa
be-fod-b4f9607a2058c097d49af8d7474e13ca4395c253,Q108919185,Hussam Al-Qatirji,Federal Public Service Finance,,,,EU-SYR,2022-05-31,,,,2019/85 (OJ L18 I),be
ch-seco-a3c40f259125977884d417dfa643bc8fcc154e51,Q108919185,Hussam Al-Qatirji,State Secretariat for Economic Affairs,40061,,Ordinance of 8 June 2012 on measures against Syria (SR 946.231.172.7),SECO-SYRIA,2020-06-26,2020-06-26,,,,ch
eu-fsf-7b42e5ef0c980cef3273e71891f3ab0dcf169e75,Q108919185,Hussam Al-Qatirji,"Directorate‑General for Financial Stability, Financial Services and Capital Markets Union",EU.4948.84,,SYR,EU-SYR,2024-05-27,2019-01-21,,,2024/1517 (OJ L28052024),eu
eu-tb-31f9c649885a4b2db632e50c9219a8cdb6a6829a,Q108919185,Hussam Al-Qatirji,Council of the European Union,,,,,,,,,Council Decision concerning restrictive measures against Syria,eu
fr-ga-d2efb48ea72d2a6babd0b504c1d2a4bc2f89b4a2,Q108919185,Hussam Al-Qatirji,Direction Générale du Trésor,EU.4948.84,,(UE) 2025/1094 du 27/05/2025 (UE Syrie - R (UE) 36/2012 ),EU-SYR,,,,,"Homme d’affaires influent exerçant ses activités en Syrie en lien avec l’ancien régime d’al-Assad, Hussam Al Qatarji soutient l’ancien régime d’al-Assad et en tire avantage, en facilitant la conclusion d’accords commerciaux avec l’ancien régime d’al-Assad concernant le pétrole et le blé, et en tirant profit de ces accords. Hussam Al Qatarji, avec sa famille, a obtenu une licence pour créer une nou",fr
gb-fcdo-04727eafd428a9126485f28e824ab46db03ff5af,Q108919185,Hussam Al-Qatirji,UK,SYR0262,,The Syria (Sanctions) (EU Exit) Regulations 2019,GB-SYR,,2020-12-31,,,"There are reasonable grounds to suspect that they are an involved person under the Syria (Sanctions) (EU Exit) Regulations 2019 because they are or have been involved in activities carried out on behalf of the Assad regime, implementing or connected to the repressive police of that regime and/or involved in supporting or benefitting from the Assad regime.",gb
mc-freezes-f35e4a32d1651d2d4ab47a1c9fe526eb8fa3b9d1,Q108919185,Hussam Al-Qatirji,Principauté de Monaco,,,,,,,,,"Homme d’affaires influent exerçant ses activités en Syrie en lien avec l’ancien régime d’al-Assad, Hussam Al Qatarji soutient l’ancien régime d’al-Assad et en tire avantage, en facilitant la conclusion d’accords commerciaux avec l’ancien régime d’al-Assad concernant le pétrole et le blé, et en tirant profit de ces accords.
Hussam Al Qatarji, avec sa famille, a obtenu une licence pour créer une nou",mc
ofac-030531bdaf106b9d05a487bbc6c2e5fda5a3563a,Q108919185,Hussam Al-Qatirji,Office of Foreign Assets Control,30202,,SDGT,US-TERR,,,,,Executive Order 13224 (Terrorism),us
sa-pcct-3436de47294550be9b153d58fe3ac91f84528e93,Q108919185,Hussam Al-Qatirji,Permanent Committee for Counter-Terrorism,,,,SA-UNSC1373,,2022-01-05,,,,sa
au-dfat-a193f6cca8adc2ea11163d0585872fff6c7074d6,Q114886523,Mohamad Ali Houej,Department of Foreign Affairs and Trade,,,Autonomous (Libya),AU-LIBYA,,2024-01-12,,,,au
gb-fcdo-53c8376ddc16482ae817dbffe6c0961cbd00fa86,Q114886523,Mohamad Ali Houej,UK,11702,,The Libya (Sanctions) (EU Exit) Regulations 2020,GB-LBY,,2020-12-31,,,"As Minister for Industry, Economy and Trade in Colonel Qadhafi's Government, associated with Muammar Qadhafi, an involved person.",gb
au-dfat-2bac776e5ae6845f28eaead08160f26cd59f1793,Q115207226,Mohammad Taghi Osanloo,Department of Foreign Affairs and Trade,,,Autonomous (Thematic - Human Rights),AU-HUMAN,,2023-02-01,,,,au
be-fod-d62676b35f11c58b5b1bd22569c5d6901d1a29e2,Q115207226,Mohammad Taghi Osanloo,Federal Public Service Finance,,,,EU-IRN,2022-12-12,,,,2022/2428 (OJ L318I),be
ca-sema-4beb6b92752619937bbed067a264e44d2011534b,Q115207226,Mohammad Taghi Osanloo,Global Affairs Canada,51,,Iran,CA-SEMA,2022-12-07,,,,"1, Part 2.1",ca
eu-fsf-b962275efecc60dd39d5d89c5ca23da2c2767fd7,Q115207226,Mohammad Taghi Osanloo,"Directorate‑General for Financial Stability, Financial Services and Capital Markets Union",EU.9205.88,,IRN,EU-IRN,2022-12-12,2022-12-12,,,2022/2428 (OJ L318I),eu
eu-tb-d0e3ccb3e2779f3335eefe7d0ff4c35ce8f0022b,Q115207226,Mohammad Taghi Osanloo,Council of the European Union,,,,,,,,,Council Decision concerning restrictive measures directed against certain persons and entities in view of the situation in Iran,eu
fr-ga-453471fb63d5582216c92b99910d571a4570688b,Q115207226,Mohammad Taghi Osanloo,Direction Générale du Trésor,,,(UE) 2022/2428 du 12/12/2022 (UE Iran répression - R (UE) 359/2011),EU-IRN,,,,,"Le général de brigade Mohammad Taghi Asanloo est le commandant du quartier général régional du Corps des gardiens de la révolution islamique (IRGC) ”Hamzeh Seyed al-Shohada”, dans le nord-ouest de l’Iran, responsable des provinces du Kurdistan et d’Azerbaïdjan occidental. Le quartier général “Hamzeh Seyed al-Shohada” a pour mission spécifique de réprimer les troubles dans les régions kurdes du nor",fr
gb-fcdo-0fb95abebeac833b974a6813b63ed048ecca5547,Q115207226,Mohammad Taghi Osanloo,UK,15748,,The Iran (Sanctions) Regulations 2023,GB-IRAN,,2023-02-20,,,"Mohammed Taghi OSANLOO is an involved person within the meaning of the Iran (Sanctions) Regulations 2023 as through his role as Ground Forces Commander of the Islamic Revolutionary Guard Corps (IRGC) for the Hamzeh Sayyid al-Shohada headquarters in Northwestern Iran, he is or has been responsible for, engaging in, providing support for, or promoting serious human rights violations including violat",gb
mc-freezes-9642426797998ff4bab08db6c786c9faa0432bf0,Q115207226,Mohammad Taghi Osanloo,Principauté de Monaco,,,,,,,,,"Le général de brigade Mohammad Taghi Asanloo est le commandant du quartier général régional du Corps des gardiens de la révolution islamique (IRGC) ”Hamzeh Seyed al-Shohada”, dans le nord-ouest de l’Iran, responsable des provinces du Kurdistan et d’Azerbaïdjan occidental.
Le quartier général “Hamzeh Seyed al-Shohada” a pour mission spécifique de réprimer les troubles dans les régions kurdes du nor",mc
ofac-78c0583e7736b38206835de19df78eeef4ac416e,Q115207226,Mohammad Taghi Osanloo,Office of Foreign Assets Control,40016,,IRAN-HR,US-IRAN,,,,,Executive Order 13553 (Iran),us
ua-nsdc-054eaaabd55c92981636a31e270b0d3e8665cd3a,Q115207226,Mohammad Taghi Osanloo,National Security and Defense Council,25044311100157,,443/2025,UA-SA1644,,2025-06-29,2035-06-29,active,рішення та регламенти Ради Європейського Союзу щодо забезпечення національних інтересів та національної безпеки України,ua
be-fod-f562aa769f3dffa391114255e2607545894b62f0,Q116215247,Bahman Reyhani,Federal Public Service Finance,,,,EU-IRN,2022-12-12,,,,2022/2428 (OJ L318I),be
ca-sema-64de9b5584678425fc601f7780f090545740a65f,Q116215247,Bahman Reyhani,Global Affairs Canada,73,,Iran,CA-SEMA,2023-02-23,,,,"1, Part 2.1",ca
eu-fsf-dd5257439b398b2033d1e1418fc872c025fbf945,Q116215247,Bahman Reyhani,"Directorate‑General for Financial Stability, Financial Services and Capital Markets Union",EU.11113.94,,IRN,EU-IRN,2022-12-12,2022-12-12,,,2022/2428 (OJ L318I),eu
fr-ga-72e8c1625633c02c3b3d6e2895c236793f85f7e2,Q116215247,Bahman Reyhani,Direction Générale du Trésor,,,(UE) 2022/2428 du 12/12/2022 (UE Iran répression - R (UE) 359/2011),EU-IRN,,,,,"Le général de brigade Bahman Reyhani est le commandant adjoint du Corps des gardiens de la révolution islamique (IRGC) dans l’ouest de l’Iran, responsable de la province de Kermanshah. Le corps provincial “Hazrat Nabi Akram” est placé sous son commandement. La province de Kermanshah a vu des répressions violentes de la part des forces de sécurité iraniennes, y compris l’IRGC, lors des manifestatio",fr
mc-freezes-4af8f615cbc44daea2c92f688fd5964feadbb5ce,Q116215247,Bahman Reyhani,Principauté de Monaco,,,,,,,,,"Le général de brigade Bahman Reyhani est le commandant adjoint du Corps des gardiens de la révolution islamique (IRGC) dans l’ouest de l’Iran, responsable de la
province de Kermanshah. Le corps provincial “Hazrat Nabi Akram” est placé sous son commandement.
La province de Kermanshah a vu des répressions violentes de la part des forces de sécurité iraniennes, y compris l’IRGC, lors des manifestatio",mc
ofac-33519a2fff8e56158f7b4437fa466e2ca14015b1,Q116215247,Bahman Reyhani,Office of Foreign Assets Control,44931,,IRAN-HR,US-IRAN,,,,,Executive Order 13553 (Iran),us
ua-nsdc-2533c940eeb4e0c926f13cf84940d8223379fce7,Q116215247,Bahman Reyhani,National Security and Defense Council,25044311100150,,443/2025,UA-SA1644,,2025-06-29,2035-06-29,active,рішення та регламенти Ради Європейського Союзу щодо забезпечення національних інтересів та національної безпеки України,ua
be-fod-84242a10ee472064d91095589593f8573d1ae910,Q119059381,Ali Akbar POUR-JAMSHIDIAN,Federal Public Service Finance,,,,EU-IRN,2026-03-16,,,,2026/648 (OJ L202600648),be
ca-sema-b1d0c52056abf9ffed4ce631e3b3efcdf50a781b,Q119059381,Ali Akbar POUR-JAMSHIDIAN,Global Affairs Canada,2,,Iran,CA-SEMA,2016-02-05,,,,"1, Part 2",ca
eu-fsf-853e2a56a1d4edffce177f4d20593e0d254311d2,Q119059381,Ali Akbar POUR-JAMSHIDIAN,"Directorate‑General for Financial Stability, Financial Services and Capital Markets Union",EU.14254.39,,IRN,EU-IRN,2026-03-16,2026-03-16,,,2026/648 (OJ L202600648),eu
fr-ga-d05d4da1dd7252b17d44318f32105f46ff077475,Q119059381,Ali Akbar POUR-JAMSHIDIAN,Direction Générale du Trésor,,,(UE) 2026/648 du 16/03/2026 (UE Iran répression - R (UE) 359/2011),EU-IRN,,,,,"Ali Akbar Pour-Jamshidian est général de brigade du Corps des gardiens de la révolution islamique (IRGC) et est à la fois vice-ministre de l’intérieur chargé des questions relevant de la sécurité et du domaine répressif et secrétaire du Conseil de la sécurité nationale iranien. À ce titre, Ali Akbar Pour-Jamshidian a été responsable de la répression des manifestations de rue qui ont débuté en déce",fr
mc-freezes-be79f19eb055adb4b1354caef7a2d1d49e5a3e49,Q119059381,Ali Akbar POUR-JAMSHIDIAN,Principauté de Monaco,,,,,,,,,"Ali Akbar Pour-Jamshidian est général de brigade du Corps des gardiens de la révolution islamique (IRGC) et est à la fois vice-ministre de l’intérieur chargé des questions relevant de la sécurité et du domaine répressif et secrétaire du Conseil de la sécurité nationale iranien.
À ce titre, Ali Akbar Pour-Jamshidian a été responsable de la répression des manifestations de rue qui ont débuté en déce",mc
ofac-74e9e139a4adac2bf932c4fe97092b3b8a1a7cc6,Q119059381,Ali Akbar POUR-JAMSHIDIAN,Office of Foreign Assets Control,44780,,IRAN-HR,US-IRAN,,,,,Executive Order 13553 (Iran),us
ofac-5e979a5a0aafc831d50dc5b51665c12c96c2cbdd,Q119060394,Rouhollah Bazghandi,Office of Foreign Assets Control,42741,,SDGT,US-TERR,,,,,Executive Order 13224 (Terrorism),us
ofac-7497522dcc54dc05ae7a4c4eeb049c34da7e0515,Q119060394,Rouhollah Bazghandi,Office of Foreign Assets Control,42599,,HOSTAGES-EO14078,US-HOSTAGE,,,,,Executive Order 14078 (Hostages),us
au-dfat-9b0066bb59accd240920a677b5ee4475e3ce5fff,Q120793249,Hossein Maroufi,Department of Foreign Affairs and Trade,,,Autonomous (Thematic - Human Rights),AU-HUMAN,,2023-02-01,,,,au
be-fod-26344a32f9d75e6a4531ba1aba47eb941d8c6b40,Q120793249,Hossein Maroufi,Federal Public Service Finance,,,,EU-IRN,2022-11-14,,,,2022/2231 (OJ L293-I),be
eu-fsf-c1076c2641812edacd6da5996d8472029fb1d059,Q120793249,Hossein Maroufi,"Directorate‑General for Financial Stability, Financial Services and Capital Markets Union",EU.9076.46,,IRN,EU-IRN,2022-11-14,2022-11-14,,,2022/2231 (OJ L293-I),eu
eu-tb-5fc8969d85270705221a650c12044911c0832d45,Q120793249,Hossein Maroufi,Council of the European Union,,,,,,,,,Council Decision concerning restrictive measures directed against certain persons and entities in view of the situation in Iran,eu
fr-ga-441edfa1694fe1ac0d9e55337e6aaa6cc629f19c,Q120793249,Hossein Maroufi,Direction Générale du Trésor,,,(UE) 2022/2231 du 14/11/2022 (UE Iran répression - R (UE) 359/2011),EU-IRN,,,,,"Le général Sardar Hossein Maroufi est le chef adjoint de la mobilisation du Corps des gardiens de la révolution islamique (IRGC) dans la province du Sistan- Baloutchistan. À ce titre, il est l'un des principaux membres de l'IRGC dans cette province. Au cours de la vague de protestation de 2022, la province du Sistan-Baloutchistan a vu des répressions parmi les plus violentes exercées par les force",fr
gb-fcdo-b0017673f2c5131efbb926da12817f0073f74501,Q120793249,Hossein Maroufi,UK,IRN0102,,The Iran (Sanctions) Regulations 2023,GB-IRAN,,2022-11-14,,,"Hossein MAROUFI is an involved person under the Iran (Sanctions) Regulations 2023 because: he is and has been involved in the commission of serious human rights violations in Iran, namely being responsible for, engaging in, providing support for and promoting serious violations with respect to the right to life and the right to freedom of expression and peaceful assembly in Iran through his role a",gb
mc-freezes-ca16facdc7cbaf928dc7008e7a66e35bbeece30e,Q120793249,Hossein Maroufi,Principauté de Monaco,,,,,,,,,"Le général Sardar Hossein Maroufi est le chef adjoint de la mobilisation du Corps des gardiens de la révolution islamique (IRGC) dans la province du Sistan-Baloutchistan. À ce titre, il est l’un des principaux membres de l’IRGC dans cette province.
Au cours de la vague de protestation de 2022, la province du Sistan-Baloutchistan a vu des répressions parmi les plus violentes exercées par les forces",mc
ofac-abe1ee0d5dc09c85b40607b9b81072e7f385fe3b,Q120793249,Hossein Maroufi,Office of Foreign Assets Control,40300,,IRAN-HR,US-IRAN,,,,,Executive Order 13553 (Iran),us
ua-nsdc-405c3110fae3579ea0c175b3a3f00ece231ca584,Q120793249,Hossein Maroufi,National Security and Defense Council,25044311100116,,443/2025,UA-SA1644,,2025-06-29,2035-06-29,active,рішення та регламенти Ради Європейського Союзу щодо забезпечення національних інтересів та національної безпеки України,ua
be-fod-428d3b108a4150c59d971d70069633f589ba923e,Q121744849,Ahmad Kadem,Federal Public Service Finance,,,,EU-IRN,2023-01-23,,,,2023/152 (OJ L20 I),be
ca-sema-e1c483662f40f3f79a697fa53bded75f0de879d6,Q121744849,Ahmad Kadem,Global Affairs Canada,110,,Iran,CA-SEMA,2025-12-12,,,,"1, Part 2.1",ca
eu-fsf-993cbaf499205d553c323b171610c2a934d2ca86,Q121744849,Ahmad Kadem,"Directorate‑General for Financial Stability, Financial Services and Capital Markets Union",EU.9483.54,,IRN,EU-IRN,2023-01-23,2023-01-23,,,2023/152 (OJ L20 I),eu
eu-tb-4224032b153fc56990c872b20027c647cdf81c57,Q121744849,Ahmad Kadem,Council of the European Union,,,,,,,,,Council Decision concerning restrictive measures directed against certain persons and entities in view of the situation in Iran,eu
fr-ga-aa1053f465ad795679b34ddf4d02668255ab4daa,Q121744849,Ahmad Kadem,Direction Générale du Trésor,,,(UE) 2023/152 du 23/01/2023 (UE Iran répression - R (UE) 359/2011),EU-IRN,,,,,"Le général de brigade Ahmad Kadem est le chef de la base opérationnelle (quartier général régional) de Karbala du corps des gardiens de la révolution islamique (IRGC), qui commande les unités de l’IRGC dans les provinces du Khuzestan, de Lorestan et de Kohguilouyeh-et-Bouyer-Ahmad. Lors des manifestations de 2022, les unités de l’IRCG placées sous son commandement ont mené des opérations contre le",fr
gb-fcdo-e3b316c1e85220d4cce3ff734fbe60833eb3ed88,Q121744849,Ahmad Kadem,UK,IRN0148,,The Iran (Sanctions) Regulations 2023,GB-IRAN,,2023-04-24,,,"Ahmad KADEM ('KADEM') is an involved person within the meaning of the Iran (Sanctions) Regulations 2023 as through his role as Islamic Revolutionary Guard Corps (IRGC) Commander of the Operational Base Karbala (Regional Headquarters), responsible for the provinces of Khuzestan, Lorestan and Kohgiluyeh and Boyer-Ahmad, Iran, he is or has been responsible for, engaging in, providing support for, or ",gb
mc-freezes-bee89af3ef6223ed9b8934151d35a692e8d56bb4,Q121744849,Ahmad Kadem,Principauté de Monaco,,,,,,,,,"Le général de brigade Ahmad Kadem est le chef de la base opérationnelle (quartier général régional) de Karbala du corps des gardiens de la révolution islamique (IRGC), qui commande les unités de l’IRGC dans les provinces du Khuzestan, de Lorestan et de Kohguilouyeh-et-Bouyer-Ahmad.
Lors des manifestations de 2022, les unités de l’IRCG placées sous son commandement ont mené des opérations contre le",mc
ofac-9c472e64fcdfbc844f23d430441b760139730532,Q121744849,Ahmad Kadem,Office of Foreign Assets Control,42576,,IRAN-HR,US-IRAN,,,,,Executive Order 13553 (Iran),us
ua-nsdc-540eb7f016152fd88fb06420cf7bd8b903b10a2c,Q121744849,Ahmad Kadem,National Security and Defense Council,25044311100169,,443/2025,UA-SA1644,,2025-06-29,2035-06-29,active,рішення та регламенти Ради Європейського Союзу щодо забезпечення національних інтересів та національної безпеки України,ua
au-dfat-00d0b610c7df757fbe5ea45fda95b1cdae544b8a,Q121820735,Mohammad Nazar Azimi,Department of Foreign Affairs and Trade,,,Autonomous (Thematic - Human Rights),AU-HUMAN,,2023-03-20,,,,au
be-fod-649611c78ab724e700b859d362737cb9e4ee715d,Q121820735,Mohammad Nazar Azimi,Federal Public Service Finance,,,,EU-IRN,2023-01-23,,,,2023/152 (OJ L20 I),be
ca-sema-966dda4e3347440ca3fdd71ad34e1db097dfb772,Q121820735,Mohammad Nazar Azimi,Global Affairs Canada,72,,Iran,CA-SEMA,2023-02-23,,,,"1, Part 2.1",ca
eu-fsf-56502f3e83c16ae0e39554db89d7649c403a29db,Q121820735,Mohammad Nazar Azimi,"Directorate‑General for Financial Stability, Financial Services and Capital Markets Union",EU.9484.53,,IRN,EU-IRN,2023-01-23,2023-01-23,,,2023/152 (OJ L20 I),eu
eu-tb-c778dc24eaf440ed122c44cac56902d44d6e31f0,Q121820735,Mohammad Nazar Azimi,Council of the European Union,,,,,,,,,Council Decision concerning restrictive measures directed against certain persons and entities in view of the situation in Iran,eu
fr-ga-e868ba6a885b9e1ff8cc668a5f16833ec5711e42,Q121820735,Mohammad Nazar Azimi,Direction Générale du Trésor,,,(UE) 2023/152 du 23/01/2023 (UE Iran répression - R (UE) 359/2011),EU-IRN,,,,,"Le général de brigade Mohammad Nazar Azimi est le commandant du quartier général de Nadjaf Al-Ashraf du corps des gardiens de la révolution islamique (IRGC), qui commande les unités de l’IRCG dans les provinces de Kermanshah, de Hamedan et d’Ilam. Lors des manifestations de 2022, la province de Kermanshah a vu des répressions violentes de la part des forces de sécurité iraniennes, y compris l’IRGC",fr
gb-fcdo-560f04494bb7684c55c4a3ffc0e8fdc01a073a9e,Q121820735,Mohammad Nazar Azimi,UK,IRN0147,,The Iran (Sanctions) Regulations 2023,GB-IRAN,,2023-04-24,,,"Mohammad Nazar AZIMI ('AZIMI') is an involved person within the meaning of the Iran (Sanctions) Regulations 2023 as through his role as Islamic Revolutionary Guard Corps (IRGC) Commander of the Najaf Ashraf West Headquarters, responsible for the western provinces of Kermanshah, Hamadan and Ilam, Iran, he is or has been responsible for, engaging in, providing support for, or promoting serious human",gb
mc-freezes-8bd597bbfa6cf017dabf1fec070e1b0995aa3cc9,Q121820735,Mohammad Nazar Azimi,Principauté de Monaco,,,,,,,,,"Le général de brigade Mohammad Nazar Azimi est le commandant du quartier général de Nadjaf Al-Ashraf du corps des gardiens de la révolution islamique (IRGC), qui commande les unités de l’IRCG dans les provinces de Kermanshah, de Hamedan et d’Ilam.
Lors des manifestations de 2022, la province de Kermanshah a vu des répressions violentes de la part des forces de sécurité iraniennes, y compris l’IRGC",mc
ofac-5c5f305eb356598288e9d6101bb61952bb40f8d5,Q121820735,Mohammad Nazar Azimi,Office of Foreign Assets Control,40602,,IRAN-HR,US-IRAN,,,,,Executive Order 13553 (Iran),us
ua-nsdc-0f6828d600f186c5fa00e9aa30ef74be156fc39e,Q121820735,Mohammad Nazar Azimi,National Security and Defense Council,25044311100170,,443/2025,UA-SA1644,,2025-06-29,2035-06-29,active,рішення та регламенти Ради Європейського Союзу щодо забезпечення національних інтересів та національної безпеки України,ua
be-fod-28cb87403bdbd63aadc9ff4507da2d240921296d,Q122258498,Yadollah Buali,Federal Public Service Finance,,,,EU-IRN,2026-03-16,,,,2026/648 (OJ L202600648),be
ch-seco-79afa76eeb2db6c7c6a439caf359e3419ce03517,Q122258498,Yadollah Buali,State Secretariat for Economic Affairs,103593,,"Ordinance of 12 December 2025 on measures against the Islamic Republic of Iran (SR 946.231.143.6), annexes 11-14",SECO-IRAN,2026-04-14,2026-04-14,,,,ch
eu-fsf-cc72c51bfddae913f445bb33eb5b9e7809630fde,Q122258498,Yadollah Buali,"Directorate‑General for Financial Stability, Financial Services and Capital Markets Union",EU.14259.34,,IRN,EU-IRN,2026-03-16,2026-03-16,,,2026/648 (OJ L202600648),eu
fr-ga-b5f734ab9998a708a2eb344164d58c6825205766,Q122258498,Yadollah Buali,Direction Générale du Trésor,,,(UE) 2026/648 du 16/03/2026 (UE Iran répression - R (UE) 359/2011),EU-IRN,,,,,"Yadollah Bouali est commandant du Corps Fajr des gardiens de la révolution islamique (IRGC) dans la province de Fars. Sous son commandement, les forces de l’IRGC dans la province de Fars ont été impliquées dans la répression violente de manifestations, y compris lors des manifestations à l’échelle nationale en Iran qui ont débuté en décembre 2025, lors desquelles les forces de l’IRGC ont ouvert le",fr
gb-fcdo-4dd3d550ca6b4dd67f67e3e3b4802bbc9f6a37fe,Q122258498,Yadollah Buali,UK,IRN0266,,The Iran (Sanctions) Regulations 2023,GB-IRAN,,2026-02-02,,,"The Secretary of State considers that there are reasonable grounds to suspect that Yadollah BOUALI is an involved person under The Iran (Sanctions) Regulations 2023 on the basis of the following ground: BOUALI is or has been involved in the commission of serious human rights violations or abuses in Iran, specifically violating the right to freedom of expression and peaceful assembly, and the right",gb
mc-freezes-ee82e193f6eb4ebe2dca2e8ae4552bddc3f6eb16,Q122258498,Yadollah Buali,Principauté de Monaco,,,,,,,,,"Yadollah Bouali est commandant du Corps Fajr des gardiens de la révolution islamique (IRGC) dans la province de Fars. Sous son commandement, les forces de l’IRGC dans la province de Fars ont été impliquées dans la répression violente de manifestations, y compris lors des manifestations à l’échelle nationale en Iran qui ont débuté en décembre 2025, lors desquelles les forces de l’IRGC ont ouvert le",mc
ofac-e0cff3db5f1d6f04933ee716649c6a629662abf7,Q122258498,Yadollah Buali,Office of Foreign Assets Control,56780,,IRAN-HR,US-IRAN,,,,,Executive Order 13553 (Iran),us
ofac-375001a3cc8a4850586e5ecd7a3c593ac44df585,Q12240503,Mohammad Reza Raouf Sheibani,Office of Foreign Assets Control,57594,,SDGT,US-TERR,,,,,Executive Order 13224 (Terrorism),us
au-dfat-6e0372a01efdf32ebb8bf4edefa80e1e1e0e086c,Q122586038,Mojtaba FADA,Department of Foreign Affairs and Trade,,,Autonomous (Thematic - Human Rights),AU-HUMAN,,2023-03-20,,,,au
be-fod-5cb3f3d238d2d4a950a4cbd1dc8cc8bf7b999268,Q122586038,Mojtaba FADA,Federal Public Service Finance,,,,EU-IRN,2023-06-26,,,,2023/1298 (OJ L160 I),be
eu-fsf-e5a14d462f9224da67b8b6a736342946c5714c80,Q122586038,Mojtaba FADA,"Directorate‑General for Financial Stability, Financial Services and Capital Markets Union",EU.10234.52,,IRN,EU-IRN,2023-06-26,2023-06-26,,,2023/1298 (OJ L160 I),eu
eu-tb-07878f394b4323c87e62be9ce911264bdf5fb8a3,Q122586038,Mojtaba FADA,Council of the European Union,,,,,,,,,Council Decision concerning restrictive measures directed against certain persons and entities in view of the situation in Iran,eu
fr-ga-8dc0c2745e025c6f5abc94fbdceb0ce24dee2701,Q122586038,Mojtaba FADA,Direction Générale du Trésor,,,(UE) 2023/1298 du 26/06/2023 (UE Iran répression - R (UE) 359/2011),EU-IRN,,,,,"Fada est le commandant des forces de l'IRGC dans la province d'Ispahan et est actuellement membre du conseil provincial de sécurité. À ce titre, il a supervisé les actions des unités de l'IRGC et d'autres forces de sécurité en réponse aux manifestations antigouvernementales de l'automne 2022, qui ont entraîné la mort de plusieurs manifestants, dont celui de Mahsa Mougouyi, âgée de 18 ans. Fada est",fr
mc-freezes-4b64b0b8bddaa785c4beb77babc5ffd7070065ab,Q122586038,Mojtaba FADA,Principauté de Monaco,,,,,,,,,"Fada est le commandant des forces de l’IRGC dans la province d’Ispahan et est actuellement membre du conseil provincial de sécurité. À ce titre, il a supervisé les actions des unités de l’IRGC et d’autres forces de sécurité en réponse aux manifestations antigouvernementales de l’automne 2022, qui ont entraîné la mort de plusieurs manifestants, dont celui de Mahsa Mougouyi, âgée de 18 ans.
Fada est",mc
ofac-50bfe84ba1ca3bc7bdfe5005c41fca656f11edd9,Q122586038,Mojtaba FADA,Office of Foreign Assets Control,40599,,IRAN-HR,US-IRAN,,,,,Executive Order 13553 (Iran),us
ua-nsdc-80ea832c8f152a14681db00b0802071647c82ab4,Q122586038,Mojtaba FADA,National Security and Defense Council,25044311100233,,443/2025,UA-SA1644,,2025-06-29,2035-06-29,active,рішення та регламенти Ради Європейського Союзу щодо забезпечення національних інтересів та національної безпеки України,ua
au-dfat-4d42cb4dcdd86fa060dbffaa51de524c1ccd537d,Q122870807,Ahmad Oumar Imhamad al-Fitouri,Department of Foreign Affairs and Trade,,,1970 (Libya),UN-SC1970,,2026-02-20,,,,au
be-fod-b7cda286edefb36ce61ffe344861f8d5d5ef3913,Q122870807,Ahmad Oumar Imhamad al-Fitouri,Federal Public Service Finance,,,,EU-LBY,2018-09-25,,,,2018/1285 (OJ L240,be
ch-seco-6a7d1f98b4e5276a46940be8ee6be108965c2d92,Q122870807,Ahmad Oumar Imhamad al-Fitouri,State Secretariat for Economic Affairs,39093,LYi.023,"Ordinance of 30 March 2011 on measures against Libya (SR 946.231.149.82), annexes 2, 3, 4 and 5",SECO-LIBYA,2020-02-26,2018-09-17,,,,ch
ch-seco-ceb9a7d930023e7a168e002322c73ac928805551,Q122870807,Ahmad Oumar Imhamad al-Fitouri,State Secretariat for Economic Affairs,39169,LYi.023,"Ordinance of 30 March 2011 on measures against Libya (SR 946.231.149.82), annexes 2, 3, 4 and 5",SECO-LIBYA,2020-02-26,2018-09-17,,,,ch
eu-fsf-2a9f15fd7bf225f215275496eb6825c5b644add1,Q122870807,Ahmad Oumar Imhamad al-Fitouri,"Directorate‑General for Financial Stability, Financial Services and Capital Markets Union",EU.4586.23,LYi.023,LBY,EU-LBY,2020-03-06,2018-06-07,,,2020/371 (OJ L71),eu
eu-tb-abe9123459500872b12a34b8bd33ac5c20498604,Q122870807,Ahmad Oumar Imhamad al-Fitouri,Council of the European Union,,LYi.023,,,,,,,"Council Decision concerning restrictive measures in view of the situation in Libya, and repealing Decision 2011/137/CFSP",eu
fr-ga-795556543d107d16d9b7fea0f2b02206f2ddf55b,Q122870807,Ahmad Oumar Imhamad al-Fitouri,Direction Générale du Trésor,,,(UE) 2018/1285 du 24/09/2018 (ONU Libye - RCSNU 1970/2011 et R (UE) 2016/44),UN-SC1970,,,,,"Commandant de la milice Anas al-Dabbashi, dirigeant d'un réseau de trafic transnational, milice qui, auparavant, était présente dans la zone côtière située entre Sabratha et Melita. Imhamad dirige un nombre important d'activités illicites liées au trafic de migrants. Le clan et la milice al-Dabbashi entretiennent également des liens avec des groupes terroristes extrémistes violents. Actuellement, ",fr
gb-fcdo-b3caddff337074a15ec2ab743a64a6b2838e681d,Q122870807,Ahmad Oumar Imhamad al-Fitouri,"Foreign, Commonwealth & Development Office",LIB0046,LYi.023,The Libya (Sanctions) (EU Exit) Regulations 2020,GB-LBY,,2018-06-07,,,,gb
ja-mof-fbeefb5c465bd1417b6cb3eb403d363fa7268fb8,Q122870807,Ahmad Oumar Imhamad al-Fitouri,Ministry of Finance,18,,リビアのカダフィ革命指導者及びその関係者 （Ⅱ その他の個人又は団体）,,,2018-09-17,,,,jp
mc-freezes-88df48af03678744f9ed8475cef690e4c8d06428,Q122870807,Ahmad Oumar Imhamad al-Fitouri,Principauté de Monaco,,,,,,,,,"Commandant de la milice Anas al-Dabbashi, dirigeant d'un réseau de trafic transnational, milice qui, auparavant, était présente dans la zone côtière située entre Sabratha et Melita. Imhamad dirige un nombre important d'activités illicites liées au trafic de migrants. Le clan et la milice al-Dabbashi entretiennent également des liens avec des groupes terroristes extrémistes violents. Actuellement, ",mc
ofac-62bff83517b446ea1a1427e879d3ede5b03d75ed,Q122870807,Ahmad Oumar Imhamad al-Fitouri,Office of Foreign Assets Control,24314,,LIBYA3,US-LIBYA,,,,,Executive Order 13726 (Libya),us
ua-sfms-10f27e6fd3091dda316abe24cea158aa4de28457,Q122870807,Ahmad Oumar Imhamad al-Fitouri,State Finance Monitoring Service,,,РБ ООН (Комітет 1970 (2011)),,2020-02-27,2020-02-27,,,,ua
unsc-97ce6231e7118ff681d6674e5c8cae4febfbd126,Q122870807,Ahmad Oumar Imhamad al-Fitouri,United Nations Security Council,,LYi.023,Libya,UN-SC1970,2018-06-07,2018-06-07,,,,
zafic-992384a620146d92c9e11ddd4775fe3cdbb44ac2,Q122870807,Ahmad Oumar Imhamad al-Fitouri,Financial Intelligence Centre,,LYi.023,,,2018-06-07,,,,,za
au-dfat-8ae7aa9145fbe8f7d8de87e1ae8f579a6b3ebcf2,Q123760878,Abbas Nilforushan,Department of Foreign Affairs and Trade,,,Autonomous (Thematic - Human Rights),AU-HUMAN,,2023-03-20,,,,au
ca-sema-57ce1cd75184988007d8a7806c95f346f9859f00,Q123760878,Abbas Nilforushan,Global Affairs Canada,80,,Iran,CA-SEMA,2023-03-23,,,,"1, Part 2.1",ca
ofac-80487033647eeb130a2da56bdcc5ff379322a578,Q123760878,Abbas Nilforushan,Office of Foreign Assets Control,39657,,IRAN-HR,US-IRAN,,,,,Executive Order 13553 (Iran),us
ofac-172db5add872b68fe0fa644bc8c79399df6b5e64,Q124304718,Reza Seraj,Office of Foreign Assets Control,42742,,SDGT,US-TERR,,,,,Executive Order 13224 (Terrorism),us
ofac-f0299759696aed0d3b0dce981f400f3a50698bd1,Q125560047,Abbas Gholamshahi,Office of Foreign Assets Control,26936,,IFSR,US-IRAN,,,,,Executive Order 13224 (Terrorism),us
sa-pcct-b81c64f7523698da9a0659956f3da59577b2d36a,Q125560047,Abbas Gholamshahi,Permanent Committee for Counter-Terrorism,,,,SA-UNSC1373,,2022-01-26,,,,sa
ofac-fdbc346f54807eec56b3ce5ba484050b62b1790c,Q126923121,Majid KHADEMI,Office of Foreign Assets Control,56893,,IRGC,US-IRAN,,,,,Executive Order 13553 (Iran),us
au-dfat-441fb23c212d16de13aa9a042c9ccd002faf4e6a,Q126995966,Sardar Seyed Sadegh Hosseini,Department of Foreign Affairs and Trade,,,Autonomous (Thematic - Human Rights),AU-HUMAN,,2022-12-10,,,,au
be-fod-ba26993d1a47508161fee713da14378a910918e5,Q126995966,Sardar Seyed Sadegh Hosseini,Federal Public Service Finance,,,,EU-IRN,2022-11-14,,,,2022/2231 (OJ L293-I),be
ca-sema-49c6fba1d7ce924632c3fdc06a89071f3a700cbf,Q126995966,Sardar Seyed Sadegh Hosseini,Global Affairs Canada,68,,Iran,CA-SEMA,2023-02-23,,,,"1, Part 2.1",ca
eu-fsf-297164b24b7e06d22d5cc417e90204c7ce817849,Q126995966,Sardar Seyed Sadegh Hosseini,"Directorate‑General for Financial Stability, Financial Services and Capital Markets Union",EU.9082.19,,IRN,EU-IRN,2022-11-14,2022-11-14,,,2022/2231 (OJ L293-I),eu
eu-tb-dea6db58354b912c97312de887e53000561fdc0a,Q126995966,Sardar Seyed Sadegh Hosseini,Council of the European Union,,,,,,,,,Council Decision concerning restrictive measures directed against certain persons and entities in view of the situation in Iran,eu
fr-ga-44388b50bc6ba5fdf6ac2c2c1a27bbd10ae3bf58,Q126995966,Sardar Seyed Sadegh Hosseini,Direction Générale du Trésor,,,(UE) 2022/2231 du 14/11/2022 (UE Iran répression - R (UE) 359/2011),EU-IRN,,,,,"Le général Seyed Sadegh Hosseini est le chef du Corps des gardiens de la révolution islamique (IRGC) dans la province du Kurdistan. La province du Kurdistan a été confrontée à de graves violences de la part des forces de sécurité iraniennes, y compris de l'IRGC, contre la vague de protestation de 2022. En outre, l'IRGC utilise la province du Kurdistan comme base pour mener des opérations militaire",fr
gb-fcdo-5a3a6491491c8441d145753a65666e3049186a06,Q126995966,Sardar Seyed Sadegh Hosseini,UK,IRN0104,,The Iran (Sanctions) Regulations 2023,GB-IRAN,,2022-11-14,,,"Sardar Seyed Sadegh HOSSEINI is an involved person under the Iran (Sanctions) Regulations 2023 because: he is and has been involved in the commission of serious human rights violations in Iran, namely being responsible for, engaging in, providing support for and promoting serious violations with respect to the right to life and the right to freedom of expression and peaceful assembly in Iran throu",gb
mc-freezes-fde06370bc2a6c471649726901a458fa587c0ad8,Q126995966,Sardar Seyed Sadegh Hosseini,Principauté de Monaco,,,,,,,,,"Le général Seyed Sadegh Hosseini est le chef du Corps des gardiens de la révolution islamique (IRGC) dans la province du Kurdistan.
La province du Kurdistan a été confrontée à de graves violences de la part des forces de sécurité iraniennes, y compris de l’IRGC, contre la vague de protestation de 2022. En outre, l’IRGC utilise la province du Kurdistan comme base pour mener des opérations militaire",mc
ofac-e4e00a76bba98486f3f8194dd3b658dcdf5e9f41,Q126995966,Sardar Seyed Sadegh Hosseini,Office of Foreign Assets Control,40298,,IRAN-HR,US-IRAN,,,,,Executive Order 13553 (Iran),us
ua-nsdc-08e8839ea8f1872bd8a708ce380da1339924b5ad,Q126995966,Sardar Seyed Sadegh Hosseini,National Security and Defense Council,25044311100121,,443/2025,UA-SA1644,,2025-06-29,2035-06-29,active,рішення та регламенти Ради Європейського Союзу щодо забезпечення національних інтересів та національної безпеки України,ua
ofac-326ce37977b466b96dfa8aa017037f79a6444a3e,Q127414351,Hamid DAMGHANI,Office of Foreign Assets Control,56892,,IFSR,US-IRAN,,,,,Executive Order 13553 (Iran),us
gb-fcdo-da6330cd89766851d4b526f7e57dd9b7246bc9cc,Q127464864,Muhammad Bara Qatarji,UK,14068,,The Syria (Sanctions) (EU Exit) Regulations 2019,GB-SYR,,2021-03-15,,,"There are reasonable grounds to suspect that they are an involved person under the Syria (Sanctions) (EU Exit) Regulations 2019 because they are or have been involved in activities carried out on behalf of the Assad regime, implementing or connected to the repressive police of that regime and/or involved in supporting or benefitting from the Assad regime.",gb
sa-pcct-69b4da3016561b9949cfcdd8b813de9f8ae15149,Q127464864,Muhammad Bara Qatarji,Permanent Committee for Counter-Terrorism,,,,SA-UNSC1373,,2022-01-05,,,,sa
ofac-a4afb367492429ec7381722ae5cb93fd1d465951,Q128423833,Mazaher Majidi,Office of Foreign Assets Control,44930,,IRAN-HR,US-IRAN,,,,,Executive Order 13553 (Iran),us
ofac-d861be82f21880f2dc607a67a4203b255484a941,Q129341142,Hamid Khorramdel,Office of Foreign Assets Control,50670,,IRAN-HR,US-IRAN,,,,,Executive Order 13553 (Iran),us
au-dfat-9147bd410e0210f6f9c0f65a121f1659e0c153c1,Q131197225,Hasan Hassanzadeh,Department of Foreign Affairs and Trade,,,Autonomous (Thematic - Human Rights),AU-HUMAN,,2023-02-01,,,,au
be-fod-555287b7a1a592fd35a828147a2673c28cf2bdf2,Q131197225,Hasan Hassanzadeh,Federal Public Service Finance,,,,EU-IRN,2022-11-14,,,,2022/2231 (OJ L293-I),be
ca-sema-f699e133859a57dc53c56f44edfdd5ff33c7d489,Q131197225,Hasan Hassanzadeh,Global Affairs Canada,77,,Iran,CA-SEMA,2023-03-23,,,,"1, Part 2.1",ca
eu-fsf-ba188a1a0339f47dfdccd080f324977720607e79,Q131197225,Hasan Hassanzadeh,"Directorate‑General for Financial Stability, Financial Services and Capital Markets Union",EU.9086.15,,IRN,EU-IRN,2022-11-14,2022-11-14,,,2022/2231 (OJ L293-I),eu
eu-tb-ae78eab4d89f05d9426f94e4a86555ca5356dc6d,Q131197225,Hasan Hassanzadeh,Council of the European Union,,,,,,,,,Council Decision concerning restrictive measures directed against certain persons and entities in view of the situation in Iran,eu
fr-ga-a390adbd5d12e3d20aec954f0075c89d2cfd76b9,Q131197225,Hasan Hassanzadeh,Direction Générale du Trésor,,,(UE) 2022/2231 du 14/11/2022 (UE Iran répression - R (UE) 359/2011),EU-IRN,,,,,"Le général de brigade Hasan Hassanzadeh est le chef du Corps des gardiens de la révolution islamique (IRGC) dans la province de Téhéran. Les forces de sécurité iraniennes, y compris l'IRGC, ont commis de graves violations des droits de l'homme dans la province de Téhéran au cours des manifestations de 2022. Hasan Hassanzadeh est donc responsable de graves violations des droits de l'homme en Iran.",fr
gb-fcdo-16977b49140ad0cf8031f66169284501b38ea6ec,Q131197225,Hasan Hassanzadeh,UK,IRN0108,,The Iran (Sanctions) Regulations 2023,GB-IRAN,,2022-11-14,,,"Hasan HASSANZADEH is an involved person under the Iran (Sanctions) Regulations 2023 because: he is and has been involved in the commission of serious human rights violations in Iran, namely being responsible for, engaging in, providing support for and promoting serious violations with respect to the right to life and the right to freedom of expression and peaceful assembly in Iran through his role",gb
mc-freezes-4deef16768321a5796447f1b4dbcca04c97888ff,Q131197225,Hasan Hassanzadeh,Principauté de Monaco,,,,,,,,,"Le général de brigade Hasan Hassanzadeh est le chef du Corps des gardiens de la révolution islamique (IRGC) dans la province de Téhéran.
Les forces de sécurité iraniennes, y compris l’IRGC, ont commis de graves violations des droits de l’homme dans la province de Téhéran au cours des manifestations de 2022.
Hasan Hassanzadeh est donc responsable de graves violations des droits de l’homme en Iran.",mc
ofac-e86af7c2327b26a408734262167e9d503740604f,Q131197225,Hasan Hassanzadeh,Office of Foreign Assets Control,40301,,IRAN-HR,US-IRAN,,,,,Executive Order 13553 (Iran),us
ua-nsdc-23e088fc36f53862e0647db73fe5c581f387c208,Q131197225,Hasan Hassanzadeh,National Security and Defense Council,25044311100125,,443/2025,UA-SA1644,,2025-06-29,2035-06-29,active,рішення та регламенти Ради Європейського Союзу щодо забезпечення національних інтересів та національної безпеки України,ua
ofac-7443d838e1d572e9a032b3b807364bce70f8461b,Q135875169,Abdi Nasir Ali Mahamud,Office of Foreign Assets Control,32151,,SDGT,US-TERR,,,,,Executive Order 13224 (Terrorism),us
sa-pcct-f407213e502659a62dc1060ca0338775e318c674,Q135875169,Abdi Nasir Ali Mahamud,Permanent Committee for Counter-Terrorism,,,,SA-UNSC1373,,2022-03-31,,,,sa
au-dfat-6a03ee994878d77e77da25647c48bb3416b03ecb,Q137249,Mohammad Ali Jafari,Department of Foreign Affairs and Trade,,,Autonomous (Iran),AU-IRAN,,2024-01-12,,,,au
be-fod-50b829349faee123eea4b8f0bc83a8388c0f58a8,Q137249,Mohammad Ali Jafari,Federal Public Service Finance,,,,EU-IRN,2022-06-28,,,,2022/1010 (OJ L170),be
be-fod-82f09426d0817812badca72020296b4cd1a6fa56,Q137249,Mohammad Ali Jafari,Federal Public Service Finance,,,,EU-IRN,2020-04-08,,,,2020/510 (OJ L113),be
be-fod-dcea246a47ceb40254dc157294f0fdb9261c6b5d,Q137249,Mohammad Ali Jafari,Federal Public Service Finance,,,,EU-SYR,2020-05-29,,,,363/2013 (OJ L111),be
ca-sema-e143ac0df17da855d78e19bfa8f2016694512d17,Q137249,Mohammad Ali Jafari,Global Affairs Canada,13,,Iran,CA-SEMA,2016-02-05,,,,"1, Part 2",ca
ch-seco-255048f832323ac21d0f51efa38d28e3ed561c06,Q137249,Mohammad Ali Jafari,State Secretariat for Economic Affairs,13089,6.,"Ordinance of 12 December 2025 on measures against the Islamic Republic of Iran (SR 946.231.143.6), annexes 11-14",SECO-IRAN,2020-04-30,2020-04-30,,,,ch
ch-seco-887fb6d8588b178f33967eabe6fb20835cf092f2,Q137249,Mohammad Ali Jafari,State Secretariat for Economic Affairs,11107,28.,"Ordinance of 12 December 2025 on measures against the Islamic Republic of Iran (SR 946.231.143.6), annexes 11-14",SECO-IRAN,2020-07-07,2020-07-07,,,,ch
ch-seco-aa9debea9f42bb01a5386992f0afd40f8fbef1cd,Q137249,Mohammad Ali Jafari,State Secretariat for Economic Affairs,11784,,Ordinance of 8 June 2012 on measures against Syria (SR 946.231.172.7),SECO-SYRIA,2020-06-26,2020-06-26,,,,ch
eu-fsf-0afb935377a6853d9d1d6f8424d0dee9d3283505,Q137249,Mohammad Ali Jafari,"Directorate‑General for Financial Stability, Financial Services and Capital Markets Union",EU.2171.33,,IRN,EU-IRN,2022-06-28,2008-06-23,,,2022/1010 (OJ L170),eu
eu-fsf-3acd1310cebecc6300955b812da85a4ca1689e40,Q137249,Mohammad Ali Jafari,"Directorate‑General for Financial Stability, Financial Services and Capital Markets Union",EU.2495.81,,IRN,EU-IRN,2020-04-08,2020-04-08,,,2020/510 (OJ L113),eu
eu-fsf-7a9719a679bc39cdd9805ba6bf8925d6b61eaf8b,Q137249,Mohammad Ali Jafari,"Directorate‑General for Financial Stability, Financial Services and Capital Markets Union",EU.2768.62,,SYR,EU-SYR,2020-05-29,2020-05-30,,,2020/716 (OJ L168),eu
eu-tb-08d6d72684edbba725c3bc2dab302dc9d9b91a96,Q137249,Mohammad Ali Jafari,Council of the European Union,,,,,,,,,Council Decision concerning restrictive measures against Iran and repealing Common Position 2007/140/CFSP,eu
eu-tb-0a1429d201455e57d180f5893a0e9cb1d7884644,Q137249,Mohammad Ali Jafari,Council of the European Union,,,,,,,,,Council Decision concerning restrictive measures against Iran,eu
eu-tb-9a8e280bcb62997b5218f6aac419d2533ab7baa4,Q137249,Mohammad Ali Jafari,Council of the European Union,,,,,,,,,Council Decision concerning restrictive measures directed against certain persons and entities in view of the situation in Iran,eu
eu-tb-9bdfe0b232bfd6859654b05e522ff43359184a1d,Q137249,Mohammad Ali Jafari,Council of the European Union,,,,,,,,,Council Decision concerning restrictive measures against Syria,eu
eu-tb-e0024aef5c1dbc8eaf66434193e83ea1fe943b11,Q137249,Mohammad Ali Jafari,Council of the European Union,,,,,,,,,Council Decision concerning restrictive measures against Iran,eu
fr-ga-53fd50e887f0af9c3069720c841006eb9b34af30,Q137249,Mohammad Ali Jafari,Direction Générale du Trésor,EU.2495.81,,(UE) 2022/1010 du 27/06/2022 (UE Iran prolifération - R (UE) 267/2012),EU-SYR,,,,,"REGIME SYRIE : Chef de “Baqiayt Allah”, organisation culturelle du Corps des gardiens de la révolution islamique. Commandant général du Corps des gardiens de la révolution islamique jusqu'au 21.4.2019; impliqué dans la fourniture de matériel et d'assistance pour aider l'ancien régime d'al-Assad à réprimer les manifestations en Syrie -REGIME IRAN REPRESSION : Ancien commandant de l'IRGC (septembre ",fr
gb-fcdo-f928e54eaca58097a913cbd144d9b732da9c3bdd,Q137249,Mohammad Ali Jafari,UK,IRN0058,,The Iran (Sanctions) Regulations 2023,GB-IRAN,,2020-12-31,,,"Former General Commander of the IRGC. IRGC and the Sarollah Base commanded by General Aziz Jafari has played a key role in illegally interfering with the 2009 Presidential Elections, arresting and detaining political activists, as well as clashing with protestors in the streets.",gb
mc-freezes-8a10662229c9fc0902a351b80a03e3ec771377e4,Q137249,Mohammad Ali Jafari,Principauté de Monaco,,,,,,,,,"Chef de “Baqiayt Allah”, organisation culturelle du Corps des gardiens de la révolution islamique. Commandant général du Corps des gardiens de la révolution islamique jusqu’au 21.4.2019; impliqué dans la fourniture de matériel et d’assistance pour aider l’ancien régime d’al-Assad à réprimer les manifestations en Syrie.",mc
ofac-03d53e71d11e040e0392acf642d1fd66bd006426,Q137249,Mohammad Ali Jafari,Office of Foreign Assets Control,12066,,NPWMD,US-NON-PROLIF,,,,,TRA,us
ua-nsdc-93a1d214ef2ef8ea5c8013fe20d3e18cc0457028,Q137249,Mohammad Ali Jafari,National Security and Defense Council,25044311100018,,443/2025,UA-SA1644,,2025-06-29,2035-06-29,active,рішення та регламенти Ради Європейського Союзу щодо забезпечення національних інтересів та національної безпеки України,ua
arpet-11ce3af28e05bf8df7cb17e8a154597342fcc27c,Q18637952,Tarak Ben Taher Ben Faleh Ouni Harzi,Ministerio de Justicia,,QDi.354,UN List,,2015-04-10,2015-04-10,,,,ar
au-dfat-b1c3faec2c58456744a2d4c45d7937251f1b57b8,Q18637952,Tarak Ben Taher Ben Faleh Ouni Harzi,Department of Foreign Affairs and Trade,,,1267 (ISIL (Da'esh) and Al-Qaida),UN-SCISIL,,2026-02-20,,,,au
be-fod-5b1621a3e1f8eff8a2b20a423e70f31cfb4397d9,Q18637952,Tarak Ben Taher Ben Faleh Ouni Harzi,Federal Public Service Finance,,,,EU-TAQA-EUAQ,2015-04-21,,,,2015/617 (OJ L102),be
ch-seco-c103d31d06b4c81811802f9c9d783b84677ce628,Q18637952,Tarak Ben Taher Ben Faleh Ouni Harzi,State Secretariat for Economic Affairs,84311,QDi.354,"Ordinance on measures against persons, groups, undertakings and entities associated with ISIL (Da'esh) and Al-Qaida",SECO-ISIL,2025-05-14,2025-05-15,,,,ch
eu-fsf-88b7e25e6546e5bc83dc10b0cd43f642c096d10d,Q18637952,Tarak Ben Taher Ben Faleh Ouni Harzi,"Directorate‑General for Financial Stability, Financial Services and Capital Markets Union",EU.3492.90,,TAQA,EU-TAQA-EUAQ,2016-09-20,2015-04-10,,,2016/1683 (OJ L254),eu
eu-tb-2e608b5fd2bc61b141d4cd701453ff7b755df043,Q18637952,Tarak Ben Taher Ben Faleh Ouni Harzi,Council of the European Union,,,,,,,,,"Decision concerning restrictive measures against ISIL (Da’esh) and Al-Qaeda and persons, groups, undertakings and entities associated with them",eu
eu-tb-41851b913896a773e46054494e5ef9156682bf92,Q18637952,Tarak Ben Taher Ben Faleh Ouni Harzi,Council of the European Union,,,,,,,,,"Council Decision concerning restrictive measures against ISIL (Da'esh) and Al-Qaeda and persons, groups, undertakings and entities associated with them and repealing Common Position 2002/402/CFSP",eu
fr-ga-c26fd6f378789505ef3d8bde950024ff94a6fd76,Q18637952,Tarak Ben Taher Ben Faleh Ouni Harzi,Direction Générale du Trésor,EU.3492.90,QDi.354,(UE) 2016/1683 du 19/09/2016 (ONU Al Qaeda Etat - Islamique - RCSNU 1267 (1999) et R (UE) 881/2002 ),UN-SCISIL,,,,,"description physique : yeux marron, taille 172 cm --  nom du père : Taher Ouni Harzi, nom de la mère : Borkana Bedairia // Aurait été tué en Syrie en juin 2015. L'examen effectué conformément à la résolution 2368 (2017) du Conseil de sécurité a pris fin le 15 novembre 2021.",fr
gb-fcdo-2faa484fe0a20bd2df0c26cb4fbef43d3fb986af,Q18637952,Tarak Ben Taher Ben Faleh Ouni Harzi,"Foreign, Commonwealth & Development Office",AQD0320,QDi.354,Isil (Da'esh) and Al-Qaeda (United Nations Sanctions) (EU Exit) Regulations 2019,GB-ISIL,,2015-04-10,,,,gb
id-dttot-46b924a58c85752c2d938b9721ad51e4c078fedf,Q18637952,Tarak Ben Taher Ben Faleh Ouni Harzi,Indonesian Financial Transaction Reports and Analysis Center,ILQ-224,,,,,,,,,id
il-nbctf-fcef5041cd2134c4f76968936128d48ae5e451d9,Q18637952,Tarak Ben Taher Ben Faleh Ouni Harzi,National Bureau for Counter Terror Financing,,,הכרזה על ארגון טרור על פי סעיף 2 לחוק איסור מימון טרור התשסה- 2005,,,2015-11-06,,,,il
ja-mof-71d314a7c15a1d8fe6e232a91f819208f146ce1b,Q18637952,Tarak Ben Taher Ben Faleh Ouni Harzi,Ministry of Finance,693,,タリバーン関係者等 （タリバーン、アル・カーイダ及びISIL（ダーイシュ）関係者等） / （注1）国連安保理決議第1267号、第1333号、第1390号、第1988号、第1989号、第2253号及び第2255号に加えて、国連安保理決議第1373号に基づく資産凍結措置の対象に指定されている個人及び団体については、告示番号の冒頭に＊印を付しています。 （注2）2021年5月28日以降の制裁対象者の追加指定につきましては、外務省告示を２回に分けて発出することとなりました。 （１回目：制裁対象者の氏名等を国連安保理が公表した英文の情報のまま発出する告示、２回目：制裁対象者の氏名等に仮名表記等を追加・修文する告示）２回目の告示発出につきましては、当シートの告示日付には反映しておりません。,,,2022-02-18,,,,jp
mc-freezes-2fcabf6e6e84fd33da614582f74864ec22cd4db0,Q18637952,Tarak Ben Taher Ben Faleh Ouni Harzi,Principauté de Monaco,,,,,,,,,"description physique : yeux marron, taille 172 cm --  nom du père : Taher Ouni Harzi, nom de la mère : Borkana Bedairia // Aurait été tué en Syrie en juin 2015.",mc
md-terr-f465453de9b0ebbafbbbaff59488587aed1ad999,Q18637952,Tarak Ben Taher Ben Faleh Ouni Harzi,Centrul Antiterorist al Serviciului de Informaţii şi Securitate al Republicii Moldova,,QDi.354,"Lista persoanelor, entităţilor şi a altor grupuri asociate cu „ISIL” („Da’esh”) şi „Al-Qaida” menţinută de CCS al ONU, instituit prin Rezoluţiile 1267 (1999), 1989 (2011), 2253 (2015)",,,,,,,md
ua-sfms-90ba7e612b372caf61b9e423e26aaa105744c685,Q18637952,Tarak Ben Taher Ben Faleh Ouni Harzi,State Finance Monitoring Service,,,"РБ ООН (Комітет 1267(1999),1989(2011),2253(2015))",,2021-12-31,2021-12-31,,,,ua
unsc-43d41a1a1c98aec6265c5eeeeeadf5b74c37295b,Q18637952,Tarak Ben Taher Ben Faleh Ouni Harzi,United Nations Security Council,,QDi.354,Al-Qaida,UN-SCISIL,2015-04-10,2015-04-10,,,,
zafic-1b5aebb9416c04929fabf1e8ba388ef2bc1cf632,Q18637952,Tarak Ben Taher Ben Faleh Ouni Harzi,Financial Intelligence Centre,,QDi.354,,,2015-04-10,,,,,za
au-dfat-77ffbd0ab1f789b2704b2f7f0fd12a3f58318dfa,Q19878,MUAMMAR MOHAMMED ABU MINYAR QADHAFI,Department of Foreign Affairs and Trade,,,1970 (Libya),UN-SC1970,,2026-02-20,,,,au
be-fod-f3a52049f09f7583a9406e88e78f8ecf227a7541,Q19878,MUAMMAR MOHAMMED ABU MINYAR QADHAFI,Federal Public Service Finance,,,,EU-LBY,2017-03-22,,,,2017/489 (OJ L76),be
ch-seco-83b2aae2318120302491f8c63e51ca7f3dc6a991,Q19878,MUAMMAR MOHAMMED ABU MINYAR QADHAFI,State Secretariat for Economic Affairs,12812,LYi.013,"Ordinance of 30 March 2011 on measures against Libya (SR 946.231.149.82), annexes 2, 3, 4 and 5",SECO-LIBYA,2017-04-05,2017-04-05,,,,ch
ch-seco-cd1afd04e98fd952f43aba6536e3ca6de14aebba,Q19878,MUAMMAR MOHAMMED ABU MINYAR QADHAFI,State Secretariat for Economic Affairs,12987,LYi.013,"Ordinance of 30 March 2011 on measures against Libya (SR 946.231.149.82), annexes 2, 3, 4 and 5",SECO-LIBYA,2017-04-05,2017-04-05,,,,ch
eu-fsf-4e893db8be6946f24c5839d9df4cf54ce7078029,Q19878,MUAMMAR MOHAMMED ABU MINYAR QADHAFI,"Directorate‑General for Financial Stability, Financial Services and Capital Markets Union",EU.3850.16,,LBY,EU-LBY,2017-03-22,2011-02-26,,,2017/489 (OJ L76),eu
eu-tb-d8a1f65090ae9c271264f869a16cf14256c710da,Q19878,MUAMMAR MOHAMMED ABU MINYAR QADHAFI,Council of the European Union,,,,,,,,,"Council Decision concerning restrictive measures in view of the situation in Libya, and repealing Decision 2011/137/CFSP",eu
fr-ga-9935531d77aefba9f54686dc3b6b4b8708978b28,Q19878,MUAMMAR MOHAMMED ABU MINYAR QADHAFI,Direction Générale du Trésor,,,(UE) 2017/489 du 21/03/2017 (ONU Libye - RCSNU 1970/2011 et R (UE) 2016/44),UN-SC1970,,,,,Décédé,fr
gb-fcdo-fd623d26d66b8cc2473e65ff259d8f8e5a4b85cc,Q19878,MUAMMAR MOHAMMED ABU MINYAR QADHAFI,"Foreign, Commonwealth & Development Office",LIB0057,LYi.013,The Libya (Sanctions) (EU Exit) Regulations 2020,GB-LBY,,2011-02-26,,,,gb
ja-mof-2d571e441144003933c23a4b81198aa675ff9ae4,Q19878,MUAMMAR MOHAMMED ABU MINYAR QADHAFI,Ministry of Finance,4,,リビアのカダフィ革命指導者及びその関係者 （Ⅱ その他の個人又は団体）,,,2013-09-04,,,,jp
mc-freezes-04fc1cdec71fc58109c2be6a516e8b8ba5a6bcff,Q19878,MUAMMAR MOHAMMED ABU MINYAR QADHAFI,Principauté de Monaco,,,,,,,,,Décédé,mc
ofac-98b4dcfac53c9a3846be1c0c4f57bdfb23119dc2,Q19878,MUAMMAR MOHAMMED ABU MINYAR QADHAFI,Office of Foreign Assets Control,12606,,LIBYA2,US-LIBYA,,,,,Unknown,us
ua-sfms-42cf13a1ecf5d61cd757ee742a4d6d6d39c01dfb,Q19878,MUAMMAR MOHAMMED ABU MINYAR QADHAFI,State Finance Monitoring Service,,,Резолюція РБ ООН 1970 (2011),,2012-04-10,2012-04-10,,,,ua
unsc-b936adc16b6b7563c66f52b91be14af7c7692b34,Q19878,MUAMMAR MOHAMMED ABU MINYAR QADHAFI,United Nations Security Council,,LYi.013,Libya,UN-SC1970,2011-02-26,2011-02-26,,,,
zafic-1a27601182e44ce179585e0979ead48ea7ff1cef,Q19878,MUAMMAR MOHAMMED ABU MINYAR QADHAFI,Financial Intelligence Centre,,LYi.013,,,2011-02-26,,,,,za
au-dfat-147a1789add6d83e2a527d2a529ff3fbe7ce4a2c,Q2068273,Mohammad Reza Naqdi,Department of Foreign Affairs and Trade,,,Autonomous (Iran),AU-IRAN,,2023-10-18,,,,au
au-dfat-f7abcd246d713ca209bf79ccded37900cd3cf029,Q2068273,Mohammad Reza Naqdi,Department of Foreign Affairs and Trade,,,1737 (Iran),UN-SC1737,,2025-12-12,,,,au
be-fod-895f56502c5f3ccbbdbd5953fa273b1748b09203,Q2068273,Mohammad Reza Naqdi,Federal Public Service Finance,,,,EU-IRN,2020-04-08,,,,2020/510 (OJ L113),be
be-fod-bd3ebcbaecd34c88084c37c9fce7ef0bd135b2d6,Q2068273,Mohammad Reza Naqdi,Federal Public Service Finance,,,,EU-IRN,2023-10-17,,,,2025/1982 (OJ L202501982),be
ca-sema-c92a4bc5eee2b82a6a04a6923ff51b06f8ca248e,Q2068273,Mohammad Reza Naqdi,Global Affairs Canada,87,,Iran,CA-SEMA,2023-10-18,,,,"1, Part 2",ca
ch-seco-4e253692a1dbf6d8daecc256fa604dc84a131639,Q2068273,Mohammad Reza Naqdi,State Secretariat for Economic Affairs,66390,IRi.026,"Ordinance of 12 December 2025 on measures against the Islamic Republic of Iran (SR 946.231.143.6), annexes 11-14",SECO-IRAN,2025-10-21,2025-10-21,,,,ch
ch-seco-679cb5d178f806fb4cdb11decfd127bfd510e805,Q2068273,Mohammad Reza Naqdi,State Secretariat for Economic Affairs,13104,9.,"Ordinance of 12 December 2025 on measures against the Islamic Republic of Iran (SR 946.231.143.6), annexes 11-14",SECO-IRAN,2020-04-30,2020-04-30,,,,ch
eu-fsf-650e6dfb36fc3cd4f834a0350ec25e405f4b43db,Q2068273,Mohammad Reza Naqdi,"Directorate‑General for Financial Stability, Financial Services and Capital Markets Union",EU.2522.47,,IRN,EU-IRN,2020-04-08,2011-04-12,,,2020/510 (OJ L113),eu
eu-fsf-e37d52a5c6298c45a8bfe6b8c3d60d74b0ceb4d6,Q2068273,Mohammad Reza Naqdi,"Directorate‑General for Financial Stability, Financial Services and Capital Markets Union",EU.3774.10,,IRN,EU-IRN,2025-09-29,2010-07-26,,,2025/1982 (OJ L202501982),eu
eu-tb-ff7d0a9f8c2ca7aa20ad57fbe0a54356e95dc8f5,Q2068273,Mohammad Reza Naqdi,Council of the European Union,,,,,,,,,Council Decision concerning restrictive measures directed against certain persons and entities in view of the situation in Iran,eu
fr-ga-6e1aaf5b70c7602d2f05176a20cd930d27da7f09,Q2068273,Mohammad Reza Naqdi,Direction Générale du Trésor,EU.3774.10,,(UE) 668/2010 du 26/07/2010 (ONU Iran prolifération - RCSNU 1737 (2006) et R (UE) 267/2012),EU-IRN,,,,,Mohammad Reza Naqdi est commandant adjoint et général de brigade au sein de l’IRGC et est donc membre du Corps des gardiens de la révolution islamique (IRGC).,fr
fr-ga-dce2440b10fb5147aea2567197c9eacc37c4a3ac,Q2068273,Mohammad Reza Naqdi,Direction Générale du Trésor,,,RCSNU 1737 (2006) et suiv (ONU Iran prolifération - RCSNU 1737 (2006) et suivantes),EU-IRN,,,,,"Personne concourant au programme nucléaire ou de missiles balistiques; ancien chef d’état-major adjoint des forces armées chargé de la logistique et de la recherche industrielle. Chef du quartier général de la lutte contre la contrebande, participe aux activités de contournement des sanctions instituées par les résolutions 1737 (2006) et 1747 (2007) du CSNU",fr
gb-fcdo-0581b9cf7ba87a986d348eed86cf2ff8289d084b,Q2068273,Mohammad Reza Naqdi,UK,IRN0054,,The Iran (Sanctions) Regulations 2023,GB-IRAN,,2020-12-31,,,"Coordinating Deputy to the IRGC Commander, formally Deputy Chief of the IRGC for cultural and social affairs. Also former Commander of the Basij. As commander of the IRGC's Basij Forces, Naqdi was responsible for or complicit in Basij abuses occurring in late 2009, including the violent response to the December 2009 Ashura Day protests, which resulted in up to 15 deaths and the arrests of hundreds",gb
gb-fcdo-292a3506cd196957b9bbd5a9f3dfbb735ec658d5,Q2068273,Mohammad Reza Naqdi,UK|UN,INU0288,IRi.026,The Iran (Sanctions) (Nuclear) (EU Exit) Regulations 2019,GB-IRAN-NW,,2023-10-18,,,"Mohammad Reza NAQDI is an involved person within the meaning of the Iran (Sanctions) (Nuclear) (EU Exit) Regulations 2019. Mohammad Reza NAQDI is a member of, or associated with, the IGRC which is or has been responsible for the proliferation or development of nuclear weapons and the development of a nuclear weapon delivery system in, or for use in, Iran.",gb
il-wmd-a8711dc1295614409ea563a1fcc6082d47858450,Q2068273,Mohammad Reza Naqdi,Isreali Ministry of Finance,,,,,,2018-07-12,,,,il
mc-freezes-a49392150e7eb934bed3f04058d95ca6a65ec026,Q2068273,Mohammad Reza Naqdi,Principauté de Monaco,,,,,,,,,"Régime Iran répression : Responsable ou complice, en sa qualité de  commandant de cette force de l'IRGC, des exactions commises par elle fin 2009, y compris la réaction violente aux protestations organisées en décembre 2009 pendant les journées de l'Ashura, qui a causé la mort de 15 personnes et conduit à l'arrestation de centaines de manifestants. Avant d'être nommé commandant de la force Basij e",mc
ofac-060939a35f412ca1a41db33d4b7dc06ffd15385f,Q2068273,Mohammad Reza Naqdi,Office of Foreign Assets Control,12057,,NPWMD,US-NON-PROLIF,,,,,Executive Order 13876 (Iran),us
tr-fcib-46b22c9eea877959e710c15204c11917bbec056b,Q2068273,Mohammad Reza Naqdi,Republic of Türkiye Ministry of Treasury and Finance - Financial Crimes Investigation Board,,,"Asset freezes within the scope of Articles 3.A and 3.B of Law No. 7262, aimed at preventing the financing of the proliferation of weapons of mass destruction.",,2021-02-24,,,,,tr
ua-nsdc-0335ab9ba8c7f9c90f8dce3df529a401590a1481,Q2068273,Mohammad Reza Naqdi,National Security and Defense Council,25044311100021,,443/2025,UA-SA1644,,2025-06-29,2035-06-29,active,рішення та регламенти Ради Європейського Союзу щодо забезпечення національних інтересів та національної безпеки України,ua
ua-nsdc-fc118696e164bc3d17d76bce76882686541fabeb,Q2068273,Mohammad Reza Naqdi,National Security and Defense Council,16025411100014,,254/2016,UA-SA1644,,2016-06-15,2018-10-18,expired,,ua
ua-sfms-49afba63086b4497344e267fbf70fd9bfdd4db23,Q2068273,Mohammad Reza Naqdi,State Finance Monitoring Service,,,РБ ООН (Комітет 1737 (2006)),,2025-09-29,2025-09-29,,,,ua
unsc-704511c530e54be053788f80d3572212522ba621,Q2068273,Mohammad Reza Naqdi,United Nations Security Council,,IRi.026,Iran,UN-SC1737,2008-03-03,2008-03-03,,,,
zafic-419eb50bc527e5d3ee2d2960db182f1574d3506f,Q2068273,Mohammad Reza Naqdi,Financial Intelligence Centre,,IRi.026,,,2008-03-03,,,,,za
au-dfat-2c98c5561a47dee0a538537074cbb10fdccdfef3,Q208135,Saif al-Islam QADHAFI,Department of Foreign Affairs and Trade,,,1970 (Libya),UN-SC1970,,2026-02-20,,,,au
be-fod-14cc67c86da68ebba82c8edda106cb9b534c6128,Q208135,Saif al-Islam QADHAFI,Federal Public Service Finance,,,,EU-LBY,2011-03-03,,,,204/2011 (OJ L58),be
ch-seco-2157ba468faf5b8a1a6e1c4b342d5fcb87050ad5,Q208135,Saif al-Islam QADHAFI,State Secretariat for Economic Affairs,12825,LYi.017,"Ordinance of 30 March 2011 on measures against Libya (SR 946.231.149.82), annexes 2, 3, 4 and 5",SECO-LIBYA,2017-04-05,2016-11-11,,,,ch
ch-seco-8b00fac1f4eaf1c7c0ea4a2fcc4c673fad21e58d,Q208135,Saif al-Islam QADHAFI,State Secretariat for Economic Affairs,13019,LYi.017,"Ordinance of 30 March 2011 on measures against Libya (SR 946.231.149.82), annexes 2, 3, 4 and 5",SECO-LIBYA,2017-04-05,2017-04-05,,,,ch
eu-fsf-554f92f72b791b359395b9032b917727b4972b49,Q208135,Saif al-Islam QADHAFI,"Directorate‑General for Financial Stability, Financial Services and Capital Markets Union",EU.3858.27,,LBY,EU-LBY,2017-03-22,2011-02-26,,,2017/489 (OJ L76),eu
eu-tb-bd6e3ac8f2b6d5403b6772ae31fce67393aac5ce,Q208135,Saif al-Islam QADHAFI,Council of the European Union,,,,,,,,,"Council Decision concerning restrictive measures in view of the situation in Libya, and repealing Decision 2011/137/CFSP",eu
fr-ga-23e94843e861c92534afffd3ad1642883c5b0fa8,Q208135,Saif al-Islam QADHAFI,Direction Générale du Trésor,,,(UE) 2017/489 du 21/03/2017 (ONU Libye - RCSNU 1970/2011 et R (UE) 2016/44),UN-SC1970,,,,,"restriction à la liberté d'aller et venir à Zintan, Libye",fr
gb-fcdo-5593d9336a8b8e207519f008cae2985abc28ec22,Q208135,Saif al-Islam QADHAFI,"Foreign, Commonwealth & Development Office",11640,LYi.017,The Libya (Sanctions) (EU Exit) Regulations 2020,GB-LBY,,2011-02-26,,,,gb
ja-mof-5fce7fdad04ef2f3955396e7c21423004a9844ea,Q208135,Saif al-Islam QADHAFI,Ministry of Finance,6,,リビアのカダフィ革命指導者及びその関係者 （Ⅱ その他の個人又は団体）,,,2016-11-11,,,,jp
mc-freezes-98585765dada1f712eb3efc297a0a43e6762b240,Q208135,Saif al-Islam QADHAFI,Principauté de Monaco,,,,,,,,,"restriction à la liberté d'aller et venir à Zintan, Libye",mc
ofac-6acb53bae5c427e6d7971d1a58cd46428afcc9f3,Q208135,Saif al-Islam QADHAFI,Office of Foreign Assets Control,12608,,LIBYA2,US-LIBYA,,,,,Unknown,us
ua-sfms-0c15899f8bc9866296e34b1681eff8c91545898b,Q208135,Saif al-Islam QADHAFI,State Finance Monitoring Service,,,Резолюція РБ ООН 1970 (2011),,2016-11-21,2016-11-21,,,,ua
unsc-21c8e5dfe89f7bbb13ad6d9bcbec1d1cab1507c1,Q208135,Saif al-Islam QADHAFI,United Nations Security Council,,LYi.017,Libya,UN-SC1970,2011-02-26,2011-02-26,,,,
zafic-81d83244adb413442312156f71a276ff98b5cdd3,Q208135,Saif al-Islam QADHAFI,Financial Intelligence Centre,,LYi.017,,,2011-02-26,,,,,za
au-dfat-ca153ef1fa59c530de94d21dbd0390a8a6188c62,Q20971653,Ermias Alem,Department of Foreign Affairs and Trade,,,1970 (Libya),UN-SC1970,,2026-02-20,,,,au
be-fod-bbf20aa19b1f853b4f1077096cf48b19a2b5fce0,Q20971653,Ermias Alem,Federal Public Service Finance,,,,EU-LBY,2018-09-25,,,,2018/1285 (OJ L240,be
ch-seco-813739b844d62fda0b2417e5dcbfbcd274a79546,Q20971653,Ermias Alem,State Secretariat for Economic Affairs,39073,LYi.021,"Ordinance of 30 March 2011 on measures against Libya (SR 946.231.149.82), annexes 2, 3, 4 and 5",SECO-LIBYA,2018-06-08,2018-09-17,,,,ch
ch-seco-a21ea72a1857592f984f29b0a199d15972f31698,Q20971653,Ermias Alem,State Secretariat for Economic Affairs,39147,LYi.021,"Ordinance of 30 March 2011 on measures against Libya (SR 946.231.149.82), annexes 2, 3, 4 and 5",SECO-LIBYA,2018-06-08,2018-09-17,,,,ch
eu-fsf-1e5cc3475ca5b2fd6229da7a8993fcf6fc5eccf7,Q20971653,Ermias Alem,"Directorate‑General for Financial Stability, Financial Services and Capital Markets Union",EU.4565.86,,LBY,EU-LBY,2018-09-25,2018-06-07,,,2018/1285 (OJ L240,eu
eu-tb-afd745e1f911efd958b1f966cac5f6b137b3e59b,Q20971653,Ermias Alem,Council of the European Union,,,,,,,,,"Council Decision concerning restrictive measures in view of the situation in Libya, and repealing Decision 2011/137/CFSP",eu
fr-ga-ff0578160d2c2715daea28313065c82baa80f592,Q20971653,Ermias Alem,Direction Générale du Trésor,EU.4565.86,,(UE) 2018/870 du 14/06/2018 (ONU Libye - RCSNU 1970/2011 et R (UE) 2016/44),UN-SC1970,,,,,"il existe de nombreuses informations provenant de diverses sources fiables, notamment d'enquêtes criminelles, décrivant Ermias Alem comme l'un des plus importants acteurs originaires d'Afrique subsaharienne impliqués dans le trafic illicite de migrants en Libye. Ermias Alem est un dirigeant d'un réseau transnational responsable de la traite d'êtres humains et du trafic de dizaines de milliers de m",fr
gb-fcdo-5e955d6af62a8db59609afca5d6fc2439032f291,Q20971653,Ermias Alem,"Foreign, Commonwealth & Development Office",13671,LYi.021,The Libya (Sanctions) (EU Exit) Regulations 2020,GB-LBY,,2018-06-07,,,,gb
ja-mof-9e8d1a7c4f7d3beb069f16bf4e69ff93eb300723,Q20971653,Ermias Alem,Ministry of Finance,16,,リビアのカダフィ革命指導者及びその関係者 （Ⅱ その他の個人又は団体）,,,2018-09-17,,,,jp
mc-freezes-55b68e1d07b8d0123fedefc12be284f756bb4e7e,Q20971653,Ermias Alem,Principauté de Monaco,,,,,,,,,"il existe de nombreuses informations provenant de diverses sources fiables, notamment d'enquêtes criminelles, décrivant Ermias Alem comme l'un des plus importants acteurs originaires d'Afrique subsaharienne impliqués dans le trafic illicite de migrants en Libye. Ermias Alem est un dirigeant d'un réseau transnational responsable de la traite d'êtres humains et du trafic de dizaines de milliers de m",mc
ua-sfms-c35af5c3d1f9aab34a6360a7b3c28aa1c52a0110,Q20971653,Ermias Alem,State Finance Monitoring Service,,,Резолюція РБ ООН 1970 (2011),,2018-09-18,2018-09-18,,,,ua
unsc-697483fab85598c4f23b1cb04ea35f5fa14ede06,Q20971653,Ermias Alem,United Nations Security Council,,LYi.021,Libya,UN-SC1970,2018-06-07,2018-06-07,,,,
zafic-2dd7058cb85c263ea5ba8bb2af2b17271a007a13,Q20971653,Ermias Alem,Financial Intelligence Centre,,LYi.021,,,2018-06-07,,,,,za
au-dfat-3439435885ca319174f4851243b595b56542811a,Q20986675,Abdollah Araghi,Department of Foreign Affairs and Trade,,,Autonomous (Iran),AU-IRAN,,2026-02-02,,,,au
be-fod-c6e1160f552d773c3a8ed1c66732e72a311c12b5,Q20986675,Abdollah Araghi,Federal Public Service Finance,,,,EU-IRN,2020-04-08,,,,2020/510 (OJ L113),be
ch-seco-ac9ac7f8316d6210718cddc45251faefefb913da,Q20986675,Abdollah Araghi,State Secretariat for Economic Affairs,13076,3.,"Ordinance of 12 December 2025 on measures against the Islamic Republic of Iran (SR 946.231.143.6), annexes 11-14",SECO-IRAN,2020-04-30,2020-04-30,,,,ch
eu-fsf-11f7ae28c2aa1ac180d546194d7162e3e569951a,Q20986675,Abdollah Araghi,"Directorate‑General for Financial Stability, Financial Services and Capital Markets Union",EU.2494.19,,IRN,EU-IRN,2020-04-08,2011-04-12,,,2020/510 (OJ L113),eu
eu-tb-a6103d56c687372d01fdb1fe7ad8e22d77aae863,Q20986675,Abdollah Araghi,Council of the European Union,,,,,,,,,Council Decision concerning restrictive measures directed against certain persons and entities in view of the situation in Iran,eu
fr-ga-99f20df0f3594b3643b6cd8bad283f17aceea6a1,Q20986675,Abdollah Araghi,Direction Générale du Trésor,EU.2494.19,,(UE) 2020/510 du 07/04/2020 (UE Iran répression - R (UE) 359/2011),EU-IRN,,,,,Directement et personnellement impliqué dans la répression des manifestations de protestation durant tout l'été 2009.,fr
gb-fcdo-d49413bd3d66ad72c2c0bae16ef515bb621d9db3,Q20986675,Abdollah Araghi,UK,IRN0005,,The Iran (Sanctions) Regulations 2023,GB-IRAN,,2020-12-31,,,Former Deputy Head of IRGC's Ground Forces. He had a direct and personal responsibility in the crackdown of protests all through the summer of 2009.,gb
mc-freezes-70f1ae447c41edf0f7a08beb97acf271a9933df3,Q20986675,Abdollah Araghi,Principauté de Monaco,,,,,,,,,Directement et personnellement impliqué dans la répression des manifestations de protestation durant tout l'été 2009.,mc
ofac-c4cbaf99cadfdf097578935f1feb4565e52d6e04,Q20986675,Abdollah Araghi,Office of Foreign Assets Control,12945,,IRAN-HR,US-IRAN,,,,,Executive Order 13553 (Iran),us
ua-nsdc-3894f70e509bb3702aa0e1164ac3b77059a41226,Q20986675,Abdollah Araghi,National Security and Defense Council,25044311100016,,443/2025,UA-SA1644,,2025-06-29,2035-06-29,active,рішення та регламенти Ради Європейського Союзу щодо забезпечення національних інтересів та національної безпеки України,ua
il-nbctf-1701701edd5aedb9919152301a4f016a98b3b506,Q2127919,Anas Al-Liby,National Bureau for Counter Terror Financing,,,"מועבי""ט - או""ם",,,,2016-09-01,,,il
au-dfat-79d847678ff854c99d6374a2f91b8e2734c95300,Q23017879,Amir Ali Hajizadeh,Department of Foreign Affairs and Trade,,,Autonomous (Ukraine),AU-UKRAINE,,2022-12-10,,,,au
be-fod-ce99fc80089dab623d33b79a898a9d1ea40fe3f9,Q23017879,Amir Ali Hajizadeh,Federal Public Service Finance,,,,EU-IRN,2018-06-06,,,,2018/827 (OJ L140),be
ca-sema-185846433192b3ab743014c75713a933324623c8,Q23017879,Amir Ali Hajizadeh,Global Affairs Canada,27,,Iran,CA-SEMA,2016-02-05,,,,"1, Part 2",ca
eu-fsf-bd6d651abd3cc0e6cce09489ccbe82d3a38ca46d,Q23017879,Amir Ali Hajizadeh,"Directorate‑General for Financial Stability, Financial Services and Capital Markets Union",EU.2551.85,,IRN,EU-IRN,2018-06-06,2018-06-07,,,2018/827 (OJ L140),eu
eu-tb-8e717b2506774646fc4a8a01926fbef4dea3c4d9,Q23017879,Amir Ali Hajizadeh,Council of the European Union,,,,,,,,,Council Decision concerning restrictive measures against Iran,eu
eu-tb-a4da84d014bc3913b55ecf1ada5c46078597bcf3,Q23017879,Amir Ali Hajizadeh,Council of the European Union,,,,,,,,,Council Decision concerning restrictive measures against Iran and repealing Common Position 2007/140/CFSP,eu
eu-tb-b38226c8d8ae320f1ef733ee7c79f0a770ace8dd,Q23017879,Amir Ali Hajizadeh,Council of the European Union,,,,,,,,,Council Decision concerning restrictive measures against Iran,eu
gb-fcdo-22cff590bc06597f80e9bb57eecee84b0b91f193,Q23017879,Amir Ali Hajizadeh,UK,12498,,The Iran (Sanctions) (Nuclear) (EU Exit) Regulations 2019,GB-IRAN-NW,,2020-12-31,,,IRGC Aerospace Force Commander,gb
nz-ru-69e53ac2b279d03bf91657946894e8250eb0383d,Q23017879,Amir Ali Hajizadeh,Ministry of Foreign Affairs and Trade,,,,NZ-RSA2022,,2022-12-14,,Sanctioned,Involved in the supply of Iranian drones to the Russian Federation,nz
ofac-bc500413fac247e1924404b721158b865c83afcb,Q23017879,Amir Ali Hajizadeh,Office of Foreign Assets Control,26942,,IFSR,US-IRAN,,,,,Executive Order 13224 (Terrorism),us
au-dfat-4c3666fdbdab86c677802d47b7ae08e63ab1da4d,Q231552,AISHA MUAMMAR MUHAMMED ABU MINYAR QADHAFI,Department of Foreign Affairs and Trade,,,1970 (Libya),UN-SC1970,,2026-02-20,,,,au
ch-seco-3c6507456da2f81d66b61b45e77b0e0d90dafd2c,Q231552,AISHA MUAMMAR MUHAMMED ABU MINYAR QADHAFI,State Secretariat for Economic Affairs,12789,LYi.009,"Ordinance of 30 March 2011 on measures against Libya (SR 946.231.149.82), annexes 2, 3, 4 and 5",SECO-LIBYA,2020-02-26,2013-09-14,,,,ch
fr-ga-00f4ac8ff69177c09c2d9f66241108c97e8c27f2,Q231552,AISHA MUAMMAR MUHAMMED ABU MINYAR QADHAFI,Direction Générale du Trésor,,,(UE) 2017/489 du 21/03/2017 (ONU Libye - RCSNU 1970/2011 et R (UE) 2016/44),UN-SC1970,,,,,Etat/lieu présumé : Sultanat d'Oman,fr
gb-fcdo-e560cccc5896621853ad801328f5e7d83b33fa0e,Q231552,AISHA MUAMMAR MUHAMMED ABU MINYAR QADHAFI,"Foreign, Commonwealth & Development Office",11635,LYi.009,The Libya (Sanctions) (EU Exit) Regulations 2020,GB-LBY,,2011-02-26,,,,gb
ja-mof-e3fa79a0a95b0843de48103f1757b0e813432f26,Q231552,AISHA MUAMMAR MUHAMMED ABU MINYAR QADHAFI,Ministry of Finance,1,,リビアのカダフィ革命指導者及びその関係者 （Ⅱ その他の個人又は団体）,,,2016-11-11,,,,jp
ofac-a54e0c78af9d7a0f5ebf9e5905fc7b1c8c894fe7,Q231552,AISHA MUAMMAR MUHAMMED ABU MINYAR QADHAFI,Office of Foreign Assets Control,12610,,LIBYA2,US-LIBYA,,,,,Executive Order 13566 (Libya),us
ua-sfms-0f47f0e7d85a8a5e26d8d4639ccfd58d336bb58f,Q231552,AISHA MUAMMAR MUHAMMED ABU MINYAR QADHAFI,State Finance Monitoring Service,,,РБ ООН (Комітет 1970 (2011)),,2023-10-17,2023-10-17,,,,ua
unsc-dc5150c442f39e4c4b3118a19d805e9418ebb752,Q231552,AISHA MUAMMAR MUHAMMED ABU MINYAR QADHAFI,United Nations Security Council,,LYi.009,Libya,UN-SC1970,2011-02-26,2011-02-26,,,,
zafic-eccb8542f04bcbc5e7a19b43944b43887208fad7,Q231552,AISHA MUAMMAR MUHAMMED ABU MINYAR QADHAFI,Financial Intelligence Centre,,LYi.009,,,2011-02-26,,,,,za
ae-lt-3e7cc8bb6dd81cc2d65782f2eadc159f525467f3,Q2385932,"AL-HARATI, MAHDI",Executive Office for Control & Non-proliferation,,,مدرج بموجب قرار مجلس الوزراء رقم (18) لسنة 2017,AE-UNSC1373,,,,,,ae
sa-pcct-550ddbf1a6f07052e3e1891020948aec755af163,Q2385932,"AL-HARATI, MAHDI",Permanent Committee for Counter-Terrorism,,,,SA-UNSC1373,,2017-06-08,,,,sa
au-dfat-59d8563d90ec0078a2f1dd380c0a377b5e35a0c0,Q240227,SAFIA FARKASH AL-BARASSI,Department of Foreign Affairs and Trade,,,1970 (Libya),UN-SC1970,,2026-02-20,,,,au
be-fod-74bf964e5bd652ad3e243baef6267c45fc68a2d4,Q240227,SAFIA FARKASH AL-BARASSI,Federal Public Service Finance,,,,EU-LBY,2024-02-27,,,,2024/757 (OJ L27022024),be
ch-seco-90c0f5b5c1f0cc201dcb389cf8a3208e70574378,Q240227,SAFIA FARKASH AL-BARASSI,State Secretariat for Economic Affairs,12881,LYi.019,"Ordinance of 30 March 2011 on measures against Libya (SR 946.231.149.82), annexes 2, 3, 4 and 5",SECO-LIBYA,2015-05-13,2013-09-14,,,,ch
eu-fsf-4938e939b361ecc1e6474b90166a4f811c07f639,Q240227,SAFIA FARKASH AL-BARASSI,"Directorate‑General for Financial Stability, Financial Services and Capital Markets Union",EU.3868.28,,LBY,EU-LBY,2024-02-27,2011-06-24,,,2024/757 (OJ L27022024),eu
eu-tb-4d55e1fa5c85274037ada96deee88ba273f1d0f8,Q240227,SAFIA FARKASH AL-BARASSI,Council of the European Union,,,,,,,,,"Council Decision concerning restrictive measures in view of the situation in Libya, and repealing Decision 2011/137/CFSP",eu
fr-ga-cdce55b499230568d93f4d000b73509acbe8ee48,Q240227,SAFIA FARKASH AL-BARASSI,Direction Générale du Trésor,EU.3868.28,,(UE) 2017/489 du 21/03/2017 (ONU Libye - RCSNU 1970/2011 et R (UE) 2016/44),UN-SC1970,,,,,Inscrite en application du paragraphe 19 de la résolution 1973 (gel des avoirs). Lien internet vers la notice spéciale INTERPOL-Conseil de sécurité de l’Organisation des Nations unies: link:https://www.interpol.int/fr/How-we-work/Notices/View-UN-NoticesIndividuals.».,fr
gb-fcdo-df140ae5dd232eeb7e4ad2c8056ae169a77aed93,Q240227,SAFIA FARKASH AL-BARASSI,"Foreign, Commonwealth & Development Office",11642,LYi.019,The Libya (Sanctions) (EU Exit) Regulations 2020,GB-LBY,,2011-06-24,,,,gb
ja-mof-48ed8a17090d0708ae57986bb8e1ee76238c493d,Q240227,SAFIA FARKASH AL-BARASSI,Ministry of Finance,14,,リビアのカダフィ革命指導者及びその関係者 （Ⅱ その他の個人又は団体）,,,2024-04-24,,,,jp
mc-freezes-db80275ad77bd1932bddbe6250b30d261e0cdab8,Q240227,SAFIA FARKASH AL-BARASSI,Principauté de Monaco,,,,,,,,,,mc
ofac-eb4cb33aad126f9cef8d4602fd4b38606e599eee,Q240227,SAFIA FARKASH AL-BARASSI,Office of Foreign Assets Control,12626,,LIBYA2,US-LIBYA,,,,,Unknown,us
ua-sfms-ae3a7f2233f5f12d28febc6249c470a815b71fa6,Q240227,SAFIA FARKASH AL-BARASSI,State Finance Monitoring Service,,,Резолюція РБ ООН 1970 (2011),,2024-02-02,2024-02-02,,,,ua
unsc-11c576d6a503ac80783788fafc4734c877b273f3,Q240227,SAFIA FARKASH AL-BARASSI,United Nations Security Council,,LYi.019,Libya,UN-SC1970,2011-06-24,2011-06-24,,,,
zafic-4162b36e368000d69db3178899d0d3b6e9b2bb0b,Q240227,SAFIA FARKASH AL-BARASSI,Financial Intelligence Centre,,LYi.019,,,2011-06-24,,,,,za
au-dfat-7bc4d2ab0453d8f91f63eaa786ed44e740379de2,Q2506226,Mohammad Hejazi,Department of Foreign Affairs and Trade,,,1737 (Iran),UN-SC1737,,2025-12-12,,,,au
au-dfat-af3c7de69bfb7baf2674fab83780ac48e7f518ff,Q2506226,Mohammad Hejazi,Department of Foreign Affairs and Trade,,,Autonomous (Libya),AU-LIBYA,,2024-01-12,,,,au
be-fod-67a972722359b130706db8b185201d8a4c1045e1,Q2506226,Mohammad Hejazi,Federal Public Service Finance,,,,EU-IRN,2025-09-29,,,,2025/1982 (OJ L202501982),be
be-fod-d72b1e5eb8aa78867cfa6b3ed906371bdae4f5bf,Q2506226,Mohammad Hejazi,Federal Public Service Finance,,,,EU-LBY,2011-03-22,,,,272/2011 (OJ L76),be
ca-sema-c8819c4f21c93f3cc2bdb5c4fdaa5ab81b96e1f6,Q2506226,Mohammad Hejazi,Global Affairs Canada,86,,Iran,CA-SEMA,2023-10-18,,,,"1, Part 2",ca
ch-seco-382a73b1b4559ac0fb4b94c0a87c8f923a2e9008,Q2506226,Mohammad Hejazi,State Secretariat for Economic Affairs,97248,IRi.017,"Ordinance of 12 December 2025 on measures against the Islamic Republic of Iran (SR 946.231.143.6), annexes 11-14",SECO-IRAN,2025-10-21,2025-10-21,,,,ch
ch-seco-e7302423e718346c75f798ecee5ea5f919e3b673,Q2506226,Mohammad Hejazi,State Secretariat for Economic Affairs,20663,,"Ordinance of 30 March 2011 on measures against Libya (SR 946.231.149.82), annexes 2, 3, 4 and 5",SECO-LIBYA,2015-08-28,2015-08-28,,,,ch
ch-seco-f22f45a495d093626aeb5ac3c32c7b9f819fa5aa,Q2506226,Mohammad Hejazi,State Secretariat for Economic Affairs,20439,,"Ordinance of 30 March 2011 on measures against Libya (SR 946.231.149.82), annexes 2, 3, 4 and 5",SECO-LIBYA,2015-08-28,2015-08-28,,,,ch
eu-fsf-7ef7e374cca1e53f7448fb63d77305ca8adb12bb,Q2506226,Mohammad Hejazi,"Directorate‑General for Financial Stability, Financial Services and Capital Markets Union",EU.13690.64,,IRN,EU-IRN,2025-09-29,2025-09-29,,,2025/1982 (OJ L202501982),eu
eu-fsf-9da6a2521cc771c121688671da9dbe943b0943f7,Q2506226,Mohammad Hejazi,"Directorate‑General for Financial Stability, Financial Services and Capital Markets Union",EU.3354.51,,LBY,EU-LBY,2016-01-19,2011-03-21,,,2016/44 (OJ L12),eu
eu-tb-3f5af3fdd4f6f301775233d318dafa90f6f5ff60,Q2506226,Mohammad Hejazi,Council of the European Union,,,,,,,,,"Council Decision concerning restrictive measures in view of the situation in Libya, and repealing Decision 2011/137/CFSP",eu
fr-ga-0b500a23164d10a405fec681cd26367dfa93f5df,Q2506226,Mohammad Hejazi,Direction Générale du Trésor,,,(UE) 272/2011 du 21/03/2011 (UE Libye - R (UE) 2016/44),EU-LBY,,,,,étroitement associé à l'ancien régime de Qadhafi,fr
fr-ga-adf8a6265024574ed9d795eb555b654e0497d5ab,Q2506226,Mohammad Hejazi,Direction Générale du Trésor,,,RCSNU 1737 (2006) et suiv (ONU Iran prolifération - RCSNU 1737 (2006) et suivantes),EU-IRN,,,,,Un des principaux responsables du Corps des gardiens de la révolution ;commandant de la force de résistance Bassij,fr
gb-fcdo-49d00c072f9e928ee64118d200f0e1b44f579e4a,Q2506226,Mohammad Hejazi,"Foreign, Commonwealth & Development Office",17124,IRi.017,The Iran (Sanctions) (Nuclear) (EU Exit) Regulations 2019,GB-IRAN-NW,,2025-09-28,,,,gb
gb-fcdo-942fbfa905cb767f7090b04aed31d2be22c28adb,Q2506226,Mohammad Hejazi,UK,LIB0020,,The Libya (Sanctions) (EU Exit) Regulations 2020,GB-LBY,,2020-12-31,,,As Minister for Health and Environment in Colonel Qadhafi's Government was associated with Muammar Qadhafi and other involved persons.,gb
il-wmd-1869a42dac20b051ae74b481b37b4e6a9c1cbc89,Q2506226,Mohammad Hejazi,Isreali Ministry of Finance,,,,,,2018-07-12,,,,il
ja-mof-c34f8f38f5c2d9ed05ffb3f66a9f7eb94799916a,Q2506226,Mohammad Hejazi,Ministry of Finance,25,,イランの拡散上機微な核活動又は核兵器運搬手段の開発に関与する者（個人）,,,2025-09-28,,,,jp
mc-freezes-47714584527ad952122c0e1f71f4870050a0489e,Q2506226,Mohammad Hejazi,Principauté de Monaco,,,,,,,,,étroitement associé à l'ancien régime de Qadhafi,mc
mc-freezes-fd930965acfc50bcb5f406c646c448f4a667c0ad,Q2506226,Mohammad Hejazi,Principauté de Monaco,,,,,,,,,"Commandant adjoint des force Qods au sein de l’IRGC depuis 2020 à la suite de la réorganisation de sa chaîne de commandement qui est intervenue après l’assassinat du général Qasem Soleimani. En tant que général au sein de l’IRGC, il a joué un rôle clé dans l’intimidation des “ennemis” de l’Iran et les menaces exercées à leur encontre. Ancien chef de la garnison Sarollah de l’IRGC à Téhéran et anci",mc
ofac-e6e9985db2e519b482f073c943ca634fbe17b853,Q2506226,Mohammad Hejazi,Office of Foreign Assets Control,10483,,NPWMD,US-NON-PROLIF,,,,,TRA,us
sa-pcct-3e179c5a20f85df1328d46819ebab1685a2ad3a9,Q2506226,Mohammad Hejazi,Permanent Committee for Counter-Terrorism,,,,SA-UNSC1373,,2022-01-26,,,,sa
tr-fcib-2203d95962950c236953db77715c7c3a17aea60e,Q2506226,Mohammad Hejazi,Republic of Türkiye Ministry of Treasury and Finance - Financial Crimes Investigation Board,,,"Asset freezes within the scope of Articles 3.A and 3.B of Law No. 7262, aimed at preventing the financing of the proliferation of weapons of mass destruction.",,2021-02-24,,,,,tr
ua-nsdc-4a118c964a0af07810e374ea649fb4a4388603d8,Q2506226,Mohammad Hejazi,National Security and Defense Council,16025411100010,,254/2016,UA-SA1644,,2016-06-15,2018-10-18,expired,,ua
ua-sfms-69f77ab45f2070b59317a465d60f282dbffa4973,Q2506226,Mohammad Hejazi,State Finance Monitoring Service,,,РБ ООН (Комітет 1737 (2006)),,2025-09-29,2025-09-29,,,,ua
unsc-16c4b64057ca61feeadad84e9ac60274ebfb4668,Q2506226,Mohammad Hejazi,United Nations Security Council,,IRi.017,Iran,UN-SC1737,2007-03-24,2007-03-24,,,,
zafic-991d5547dd0525cc2ed85ccf29b4f5c1ff0d001f,Q2506226,Mohammad Hejazi,Financial Intelligence Centre,,IRi.017,,,2007-03-24,,,,,za
au-dfat-e0eba50350c1e891163239b9f1a64101d35b5c84,Q25423789,Yadollah Javani,Department of Foreign Affairs and Trade,,,Autonomous (Thematic - Human Rights),AU-HUMAN,,2023-03-20,,,,au
be-fod-9e6e6990e925abea8f6e0650238879a9213013d5,Q25423789,Yadollah Javani,Federal Public Service Finance,,,,EU-IRN,2023-04-03,,,,2023/721 (OJ L94),be
ca-sema-21490b7399a26730d5a165e085babafb97a55939,Q25423789,Yadollah Javani,Global Affairs Canada,20,,Iran,CA-SEMA,2016-02-05,,,,"1, Part 2",ca
ch-seco-1d701dcb2a4f456a79aad4705d5cd84fdcd26ee7,Q25423789,Yadollah Javani,State Secretariat for Economic Affairs,13269,43.,"Ordinance of 12 December 2025 on measures against the Islamic Republic of Iran (SR 946.231.143.6), annexes 11-14",SECO-IRAN,2016-05-18,2016-05-18,,,,ch
eu-fsf-fc517bd1dbe048d12c0b436ab5856d67d62b31f1,Q25423789,Yadollah Javani,"Directorate‑General for Financial Stability, Financial Services and Capital Markets Union",EU.3462.87,,IRN,EU-IRN,2023-04-03,2011-10-10,,,2023/721 (OJ L94),eu
eu-tb-ed0cc0e219a258e6d7090626ec24472fe390d0e6,Q25423789,Yadollah Javani,Council of the European Union,,,,,,,,,Council Decision concerning restrictive measures directed against certain persons and entities in view of the situation in Iran,eu
fr-ga-21e2cb177b485ef159ac1277a49cf867fad1a724,Q25423789,Yadollah Javani,Direction Générale du Trésor,EU.3462.87,,(UE) 2023/721 du 31/03/2023 (UE Iran répression - R (UE) 359/2011),EU-IRN,,,,,"Commandant adjoint de l’IRGC chargé des affaires politiques. S’est efforcé à maintes reprises de réprimer la liberté d’expression et la liberté de parole par ses déclarations publiques en soutien à l’arrestation des manifestants et dissidents et aux poursuites à leur encontre. Il a été l’un des premiers hauts fonctionnaires à demander l’arrestation de Moussavi, de Karroubi et de Khatami en 2009. I",fr
gb-fcdo-c74f0c80cb0a7b753769b221cc4f07fb6bdb37db,Q25423789,Yadollah Javani,UK,IRN0043,,The Iran (Sanctions) Regulations 2023,GB-IRAN,,2020-12-31,,,"Political Head of the IRGC. Has made numerous attempts to suppress free speech and free discourse through his public statements supporting the arrest and punishment of protesters and dissenters. One of the first high-ranking officials to demand in 2009 Moussavi, Karroubi and Khatami's arrest. Has supported the use of techniques that breach rights to a fair trial including public confessions and he",gb
mc-freezes-7b40e0a9f8618810deb6877af7bae5fb230f5019,Q25423789,Yadollah Javani,Principauté de Monaco,,,,,,,,,"Commandant adjoint de l’IRGC chargé des affaires politiques. S’est efforcé à maintes reprises de réprimer la liberté d’expression et la liberté de parole par ses déclarations publiques en soutien à l’arrestation des manifestants et dissidents et aux poursuites à leur encontre. Il a été l’un des premiers hauts fonctionnaires à demander l’arrestation de Moussavi, de Karroubi et de Khatami en 2009. I",mc
ofac-a14cb32a7ae13e9a1a3e4f0ba1ce74ec7f3d76b6,Q25423789,Yadollah Javani,Office of Foreign Assets Control,39441,,IFSR,US-IRAN,,,,,Executive Order 13553 (Iran),us
ua-nsdc-7be7e906e009e0bcaff026e3b340ad711928152f,Q25423789,Yadollah Javani,National Security and Defense Council,25044311100050,,443/2025,UA-SA1644,,2025-06-29,2035-06-29,active,рішення та регламенти Ради Європейського Союзу щодо забезпечення національних інтересів та національної безпеки України,ua
arpet-ad0bf6ce82db1ea7666d4451d9ccc5b00392d4d4,Q26210778,Ali Ben Taher Ben Faleh Ouni Harzi,Ministerio de Justicia,,QDi.353,UN List,,2015-04-10,2015-04-10,,,,ar
au-dfat-d582cc16d02354ff111e996d1b907468480ac5cb,Q26210778,Ali Ben Taher Ben Faleh Ouni Harzi,Department of Foreign Affairs and Trade,,,1267 (ISIL (Da'esh) and Al-Qaida),UN-SCISIL,,2026-02-20,,,,au
be-fod-5a03ff374bd96c77cdafee92765b843c8381ac76,Q26210778,Ali Ben Taher Ben Faleh Ouni Harzi,Federal Public Service Finance,,,,EU-TAQA-EUAQ,2015-04-21,,,,2015/617 (OJ L102),be
ch-seco-5c822e080834d2938b7dec83155bf124c870f651,Q26210778,Ali Ben Taher Ben Faleh Ouni Harzi,State Secretariat for Economic Affairs,84293,QDi.353,"Ordinance on measures against persons, groups, undertakings and entities associated with ISIL (Da'esh) and Al-Qaida",SECO-ISIL,2025-05-14,2025-05-15,,,,ch
eu-fsf-d79ed48ad55fc628655399134f90d4f371110fa4,Q26210778,Ali Ben Taher Ben Faleh Ouni Harzi,"Directorate‑General for Financial Stability, Financial Services and Capital Markets Union",EU.3491.28,,TAQA,EU-TAQA-EUAQ,2016-09-20,2015-04-10,,,2016/1683 (OJ L254),eu
eu-tb-1b28ee58b33cedd5a8d521c524972244d7e59e80,Q26210778,Ali Ben Taher Ben Faleh Ouni Harzi,Council of the European Union,,,,,,,,,"Decision concerning restrictive measures against ISIL (Da’esh) and Al-Qaeda and persons, groups, undertakings and entities associated with them",eu
eu-tb-b796a1cbb9aa229618c0bf7385f8c074072d7f2d,Q26210778,Ali Ben Taher Ben Faleh Ouni Harzi,Council of the European Union,,,,,,,,,"Council Decision concerning restrictive measures against ISIL (Da'esh) and Al-Qaeda and persons, groups, undertakings and entities associated with them and repealing Common Position 2002/402/CFSP",eu
fr-ga-08b57bf5695ef9cf37766044328bcb3f91382dff,Q26210778,Ali Ben Taher Ben Faleh Ouni Harzi,Direction Générale du Trésor,EU.3491.28,QDi.353,(UE) 2016/1683 du 19/09/2016 (ONU Al Qaeda Etat - Islamique - RCSNU 1267 (1999) et R (UE) 881/2002 ),UN-SCISIL,,,,,"description physique: yeux marron; taille: 171 cm -- nom du père : Taher Ouni Harzi, nom de la mère : Borkana Bedairia. Aurait été tué lors d'une frappe aérienne à Mossoul, Iraq, en juin 2015. L'examen effectué conformément à la résolution 2368 (2017) du Conseil de sécurité a pris fin le 15 novembre 2021.",fr
gb-fcdo-51766b0fb3627944ec37e343462c5d159cacbfbf,Q26210778,Ali Ben Taher Ben Faleh Ouni Harzi,"Foreign, Commonwealth & Development Office",13247,QDi.353,Isil (Da'esh) and Al-Qaeda (United Nations Sanctions) (EU Exit) Regulations 2019,GB-ISIL,,2015-04-10,,,,gb
id-dttot-7a00f204c72048c693ca98e3e224b48ad9baccf1,Q26210778,Ali Ben Taher Ben Faleh Ouni Harzi,Indonesian Financial Transaction Reports and Analysis Center,ILQ-223,,,,,,,,,id
il-nbctf-15bb9027236921a4e6ab66e73c20bbbe2e9f92fb,Q26210778,Ali Ben Taher Ben Faleh Ouni Harzi,National Bureau for Counter Terror Financing,,,הכרזה על ארגון טרור על פי סעיף 2 לחוק איסור מימון טרור התשסה- 2005,,,2015-11-06,,,,il
ja-mof-6490c32e1e8e9aa39bcb104d7702d618bd1c223a,Q26210778,Ali Ben Taher Ben Faleh Ouni Harzi,Ministry of Finance,692,,タリバーン関係者等 （タリバーン、アル・カーイダ及びISIL（ダーイシュ）関係者等） / （注1）国連安保理決議第1267号、第1333号、第1390号、第1988号、第1989号、第2253号及び第2255号に加えて、国連安保理決議第1373号に基づく資産凍結措置の対象に指定されている個人及び団体については、告示番号の冒頭に＊印を付しています。 （注2）2021年5月28日以降の制裁対象者の追加指定につきましては、外務省告示を２回に分けて発出することとなりました。 （１回目：制裁対象者の氏名等を国連安保理が公表した英文の情報のまま発出する告示、２回目：制裁対象者の氏名等に仮名表記等を追加・修文する告示）２回目の告示発出につきましては、当シートの告示日付には反映しておりません。,,,2022-02-18,,,,jp
mc-freezes-fbceb40c030d6500602c993b45c2292e3154df5e,Q26210778,Ali Ben Taher Ben Faleh Ouni Harzi,Principauté de Monaco,,,,,,,,,"description physique: yeux marron; taille: 171 cm -- nom du père : Taher Ouni Harzi, nom de la mère : Borkana Bedairia. Aurait été tué lors d'une frappe aérienne à Mossoul, Iraq, en juin 2015",mc
md-terr-10fb77f62c8acb8656b2e63f8c5d33ab51b2a460,Q26210778,Ali Ben Taher Ben Faleh Ouni Harzi,Centrul Antiterorist al Serviciului de Informaţii şi Securitate al Republicii Moldova,,QDi.353,"Lista persoanelor, entităţilor şi a altor grupuri asociate cu „ISIL” („Da’esh”) şi „Al-Qaida” menţinută de CCS al ONU, instituit prin Rezoluţiile 1267 (1999), 1989 (2011), 2253 (2015)",,,,,,,md
ofac-625878e4151177dbdc4be85c38687e94e413ed03,Q26210778,Ali Ben Taher Ben Faleh Ouni Harzi,Office of Foreign Assets Control,17967,,SDGT,US-TERR,,,,,Executive Order 13224 (Terrorism),us
ua-sfms-86aa483d4f44a71bb3d6eb4f10156cadb173378a,Q26210778,Ali Ben Taher Ben Faleh Ouni Harzi,State Finance Monitoring Service,,,"РБ ООН (Комітет 1267(1999),1989(2011),2253(2015))",,2021-12-31,2021-12-31,,,,ua
unsc-6f08badf9e0ec50d351abb3a08226c5bbe11a213,Q26210778,Ali Ben Taher Ben Faleh Ouni Harzi,United Nations Security Council,,QDi.353,Al-Qaida,UN-SCISIL,2015-04-10,2015-04-10,,,,
zafic-a1f5da8e62fc7b1a9b8cc19a67e960820b4f5dc8,Q26210778,Ali Ben Taher Ben Faleh Ouni Harzi,Financial Intelligence Centre,,QDi.353,,,2015-04-10,,,,,za
au-dfat-91bb63ab6e85632f4cc719f81cdaca05f3823a53,Q268588,Abu Bakr Yunis JABIR,Department of Foreign Affairs and Trade,,,1970 (Libya),UN-SC1970,,2026-02-20,,,,au
be-fod-9c1d1ca3efde01cee21a9e32907ac3715f2bca72,Q268588,Abu Bakr Yunis JABIR,Federal Public Service Finance,,,,EU-LBY,2011-03-03,,,,204/2011 (OJ L58),be
ch-seco-5a85d23721e782ceee0f3eed37667200176a733f,Q268588,Abu Bakr Yunis JABIR,State Secretariat for Economic Affairs,12837,LYi.007,"Ordinance of 30 March 2011 on measures against Libya (SR 946.231.149.82), annexes 2, 3, 4 and 5",SECO-LIBYA,2017-04-05,2017-04-05,,,,ch
ch-seco-7f69d61789493fb66785500ec20fa7effcef67bd,Q268588,Abu Bakr Yunis JABIR,State Secretariat for Economic Affairs,12935,LYi.007,"Ordinance of 30 March 2011 on measures against Libya (SR 946.231.149.82), annexes 2, 3, 4 and 5",SECO-LIBYA,2017-04-05,2017-04-05,,,,ch
eu-fsf-1ea56340a534861c7798fd07aafb6cee9923bf40,Q268588,Abu Bakr Yunis JABIR,"Directorate‑General for Financial Stability, Financial Services and Capital Markets Union",EU.3827.59,,LBY,EU-LBY,2017-03-22,2011-02-26,,,2017/489 (OJ L76),eu
eu-tb-1b5771df942b1bcc9be2e97f4e7cae1e1a8dbac0,Q268588,Abu Bakr Yunis JABIR,Council of the European Union,,,,,,,,,"Council Decision concerning restrictive measures in view of the situation in Libya, and repealing Decision 2011/137/CFSP",eu
fr-ga-8bec22a82fefdc7f987649ab693ccfdcf25ab516,Q268588,Abu Bakr Yunis JABIR,Direction Générale du Trésor,,,(UE) 204/2011 du 02/03/2011 (ONU Libye - RCSNU 1970/2011 et R (UE) 2016/44),UN-SC1970,,,,,décédé,fr
gb-fcdo-dce39f086c0bd0f0870ad968aac7be65511ebe8d,Q268588,Abu Bakr Yunis JABIR,"Foreign, Commonwealth & Development Office",LIB0044,LYi.007,The Libya (Sanctions) (EU Exit) Regulations 2020,GB-LBY,,2011-02-26,,,,gb
ja-mof-808d50994c1bb096ab1b75188aa0f81791d6c67a,Q268588,Abu Bakr Yunis JABIR,Ministry of Finance,8,,リビアのカダフィ革命指導者及びその関係者 （Ⅱ その他の個人又は団体）,,,2011-03-24,,,,jp
mc-freezes-1e8eba3d8ef51f137df96920b7552955794ace6d,Q268588,Abu Bakr Yunis JABIR,Principauté de Monaco,,,,,,,,,décédé,mc
ofac-873abf2b5e470748520c530e8d641353033781e6,Q268588,Abu Bakr Yunis JABIR,Office of Foreign Assets Control,12634,,LIBYA2,US-LIBYA,,,,,Unknown,us
ua-sfms-c028c6235ea5fd0fea7f80c46365819eb7af818d,Q268588,Abu Bakr Yunis JABIR,State Finance Monitoring Service,,,Резолюція РБ ООН 1970 (2011),,2012-04-10,2012-04-10,,,,ua
unsc-4cf7db25ce70d80384acf226a5c2e88d1b3f6ff1,Q268588,Abu Bakr Yunis JABIR,United Nations Security Council,,LYi.007,Libya,UN-SC1970,2011-02-26,2011-02-26,,,,
zafic-baa0e1b25b4ad685832a2ddc60cdcfe1271317d8,Q268588,Abu Bakr Yunis JABIR,Financial Intelligence Centre,,LYi.007,,,2011-02-26,,,,,za
arpet-05f4ac8cefd66de86f888d51811c27fe0169b22c,Q27627957,Hasan Al-Salahayn Salih Al-Sha'ari,Ministerio de Justicia,,QDi.385,UN List,,2016-02-29,2016-02-29,,,,ar
au-dfat-045e1538440c04f0c523853f52df7519dbf770a0,Q27627957,Hasan Al-Salahayn Salih Al-Sha'ari,Department of Foreign Affairs and Trade,,,1267 (ISIL (Da'esh) and Al-Qaida),UN-SCISIL,,2026-02-20,,,,au
be-fod-1ca464d4c7cf6346ed4a0455a36bd9f88e277aff,Q27627957,Hasan Al-Salahayn Salih Al-Sha'ari,Federal Public Service Finance,,,,EU-TAQA-EUAQ,2016-03-04,,,,2016/307 (OJ L58),be
ch-seco-5b3b334e6e50a9825b3f2abcc47ddfe2fad6b4e8,Q27627957,Hasan Al-Salahayn Salih Al-Sha'ari,State Secretariat for Economic Affairs,84717,QDi.385,"Ordinance on measures against persons, groups, undertakings and entities associated with ISIL (Da'esh) and Al-Qaida",SECO-ISIL,2025-05-14,2025-05-15,,,,ch
eu-fsf-8d0dd27982532a34e6bfa1f73f5dd38b935e2ac1,Q27627957,Hasan Al-Salahayn Salih Al-Sha'ari,"Directorate‑General for Financial Stability, Financial Services and Capital Markets Union",EU.3434.14,,TAQA,EU-TAQA-EUAQ,2016-03-04,2016-02-29,,,2016/307 (OJ L58),eu
eu-tb-19af7996d47894022250433c0671282fa170070a,Q27627957,Hasan Al-Salahayn Salih Al-Sha'ari,Council of the European Union,,,,,,,,,"Council Decision concerning restrictive measures against ISIL (Da'esh) and Al-Qaeda and persons, groups, undertakings and entities associated with them and repealing Common Position 2002/402/CFSP",eu
eu-tb-f9a3872fa6f9b4f5e6e80b46c57fbb83068c1f2d,Q27627957,Hasan Al-Salahayn Salih Al-Sha'ari,Council of the European Union,,,,,,,,,"Decision concerning restrictive measures against ISIL (Da’esh) and Al-Qaeda and persons, groups, undertakings and entities associated with them",eu
fr-ga-c1ceca0421b4664704c00f108e2355934d52e70d,Q27627957,Hasan Al-Salahayn Salih Al-Sha'ari,Direction Générale du Trésor,EU.3434.14,QDi.385,(UE) 2016/307 du 03/03/2016 (ONU Al Qaeda Etat - Islamique - RCSNU 1267 (1999) et R (UE) 881/2002 ),UN-SCISIL,,,,,oeuvre au profit de l'Etat Islamique en Irak et au Levant. L’examen effectué conformément à la résolution 2368 (2017) du Conseil de sécurité a pris fin le 15 novembre 2021.,fr
gb-fcdo-864e155e517ef57ecba645533c4e2b9967425b3b,Q27627957,Hasan Al-Salahayn Salih Al-Sha'ari,"Foreign, Commonwealth & Development Office",13318,QDi.385,Isil (Da'esh) and Al-Qaeda (United Nations Sanctions) (EU Exit) Regulations 2019,GB-ISIL,,2016-02-29,,,,gb
id-dttot-e2cbe80d214c320fde412a728d7de8b2f3f95874,Q27627957,Hasan Al-Salahayn Salih Al-Sha'ari,Indonesian Financial Transaction Reports and Analysis Center,ILQ-254,,,,,,,,,id
il-nbctf-b12f3d7de92dec5efed6347c93359b9c84ccea2d,Q27627957,Hasan Al-Salahayn Salih Al-Sha'ari,National Bureau for Counter Terror Financing,,,"מועבי""ט - או""ם",,,2016-02-29,,,,il
ja-mof-0bcbf911b12a7be1b0b0ea14df20c852057c633b,Q27627957,Hasan Al-Salahayn Salih Al-Sha'ari,Ministry of Finance,728,,タリバーン関係者等 （タリバーン、アル・カーイダ及びISIL（ダーイシュ）関係者等） / （注1）国連安保理決議第1267号、第1333号、第1390号、第1988号、第1989号、第2253号及び第2255号に加えて、国連安保理決議第1373号に基づく資産凍結措置の対象に指定されている個人及び団体については、告示番号の冒頭に＊印を付しています。 （注2）2021年5月28日以降の制裁対象者の追加指定につきましては、外務省告示を２回に分けて発出することとなりました。 （１回目：制裁対象者の氏名等を国連安保理が公表した英文の情報のまま発出する告示、２回目：制裁対象者の氏名等に仮名表記等を追加・修文する告示）２回目の告示発出につきましては、当シートの告示日付には反映しておりません。,,,2021-12-29,,,,jp
mc-freezes-492e6a4748fb806d6e495e14dec7d643f61a6ead,Q27627957,Hasan Al-Salahayn Salih Al-Sha'ari,Principauté de Monaco,,,,,,,,,oeuvre au profit de l'Etat Islamique en Irak et au Levant,mc
md-terr-5404a49c93011dc608efd2b5cf90d79763844e64,Q27627957,Hasan Al-Salahayn Salih Al-Sha'ari,Centrul Antiterorist al Serviciului de Informaţii şi Securitate al Republicii Moldova,,QDi.385,"Lista persoanelor, entităţilor şi a altor grupuri asociate cu „ISIL” („Da’esh”) şi „Al-Qaida” menţinută de CCS al ONU, instituit prin Rezoluţiile 1267 (1999), 1989 (2011), 2253 (2015)",,,,,,,md
ofac-1a2b9e0fb9f9f4eb3c2ef6325fb28b200dd53bc7,Q27627957,Hasan Al-Salahayn Salih Al-Sha'ari,Office of Foreign Assets Control,18600,,SDGT,US-TERR,,,,,Executive Order 13224 (Terrorism),us
tr-fcib-36f995dffe77b916d93d96597042e484ac6a264d,Q27627957,Hasan Al-Salahayn Salih Al-Sha'ari,Republic of Türkiye Ministry of Treasury and Finance - Financial Crimes Investigation Board,,,"Asset freezes pursuant to Article 6 of Law No. 6415, targeting individuals and entities based on requests made by foreign governments.",,2016-02-26,,,,,tr
ua-sfms-eaa8ace4d495eb0893844473fffd290acbd43260,Q27627957,Hasan Al-Salahayn Salih Al-Sha'ari,State Finance Monitoring Service,,,"РБ ООН (Комітет 1267(1999),1989(2011),2253(2015))",,2021-12-31,2021-12-31,,,,ua
unsc-4692493fa835802b61297f3271c0535d1803bd63,Q27627957,Hasan Al-Salahayn Salih Al-Sha'ari,United Nations Security Council,,QDi.385,Al-Qaida,UN-SCISIL,2016-02-29,2016-02-29,,,,
zafic-fd95f884985cfbdadb03c495b32679482cb7c721,Q27627957,Hasan Al-Salahayn Salih Al-Sha'ari,Financial Intelligence Centre,,QDi.385,,,2016-02-29,,,,,za
gb-fcdo-dd03a234ec0c02ee0a56bd49dfa2dc7c5b41e51b,Q28714119,Mohammad Kazemi,UK,16605,,The Iran (Sanctions) Regulations 2023,GB-IRAN,,2024-10-14,,,"Mohammad KAZEMI is an involved person within the meaning of the Iran (Sanctions) Regulations 2023 on the basis of the following grounds: 1) KAZEMI, through his role as head of the Islamic Revolutionary Guard Corps (IRGC) Intelligence Organisation, is or has been involved in hostile activity by the Government of Iran, namely threatening, planning or conducting activity which is intended to undermin",gb
ofac-6a47bbd7bdc25d28596f3a456959bf9181793cbb,Q28714119,Mohammad Kazemi,Office of Foreign Assets Control,39656,,IRAN-HR,US-IRAN,,,,,Executive Order 14078 (Hostages),us
au-dfat-983a4b98e2fb364642d642991439ba2acb95e466,Q2929688,Bachir SALEH,Department of Foreign Affairs and Trade,,,Autonomous (Libya),AU-LIBYA,,2024-01-12,,,,au
be-fod-b9c633741bc30d323d54a64227d454f6f6935b61,Q2929688,Bachir SALEH,Federal Public Service Finance,,,,EU-LBY,2015-08-01,,,,2015/1323 (OJ L206),be
ch-seco-52f54031281ed5b7343a12928c02425da3be1ce7,Q2929688,Bachir SALEH,State Secretariat for Economic Affairs,20632,,"Ordinance of 30 March 2011 on measures against Libya (SR 946.231.149.82), annexes 2, 3, 4 and 5",SECO-LIBYA,2015-08-28,2015-08-28,,,,ch
ch-seco-9c18f7b1159fb6e49449d022abd8bc8bbb732f88,Q2929688,Bachir SALEH,State Secretariat for Economic Affairs,20410,,"Ordinance of 30 March 2011 on measures against Libya (SR 946.231.149.82), annexes 2, 3, 4 and 5",SECO-LIBYA,2015-08-28,2015-08-28,,,,ch
eu-fsf-811cebf47fbc01d77c3f640624e38a6d6178be63,Q2929688,Bachir SALEH,"Directorate‑General for Financial Stability, Financial Services and Capital Markets Union",EU.3349.69,,LBY,EU-LBY,2016-01-19,2011-02-28,,,2016/44 (OJ L12),eu
eu-tb-d013f66626e252781f69260954b0d2dd83a43c5c,Q2929688,Bachir SALEH,Council of the European Union,,,,,,,,,"Council Decision concerning restrictive measures in view of the situation in Libya, and repealing Decision 2011/137/CFSP",eu
fr-ga-b4b11a220d5a9955b9a0cd34d27f4ed1a7d0cc2e,Q2929688,Bachir SALEH,Direction Générale du Trésor,,,(UE) 2015/1323 du 31/07/2015 (UE Libye - R (UE) 2016/44),EU-LBY,,,,,association étroite avec le régime,fr
gb-fcdo-2ec2734ec76302dbfa5cd9cbaee01c6b9aa3bb60,Q2929688,Bachir SALEH,UK,LIB0017,,The Libya (Sanctions) (EU Exit) Regulations 2020,GB-LBY,,2020-12-31,,,Head of Cabinet of Muammar Qadhafi and banker acting for Muammar Qadhafi. Associated with Muammar Qadhafi and other involved persons.,gb
mc-freezes-26f4e608662950e762e95bc29bd8ed165830d3ac,Q2929688,Bachir SALEH,Principauté de Monaco,,,,,,,,,association étroite avec le régime,mc
ofac-64e7fe4f20b8acc6c958398eabfd25015b0bbe74,Q2929688,Bachir SALEH,Office of Foreign Assets Control,12688,,LIBYA2,US-LIBYA,,,,,Unknown,us
ae-lt-fead0c3d5c72f54d970745747779273d5839f3ca,Q307229,ABD AL-HAKIM BELHAJ,Executive Office for Control & Non-proliferation,,,مدرج بموجب قرار مجلس الوزراء رقم (18) لسنة 2017,AE-UNSC1373,,,,,,ae
sa-pcct-310cdb1cd71c3c644b0c301b53c250e6cd83ddc1,Q307229,ABD AL-HAKIM BELHAJ,Permanent Committee for Counter-Terrorism,,,,SA-UNSC1373,,2017-06-08,,,,sa
au-dfat-d55af85fbff9c9d4b36f525101711234d26d2795,Q310406,SAADI QADHAFI,Department of Foreign Affairs and Trade,,,1970 (Libya),UN-SC1970,,2026-02-20,,,,au
be-fod-2cb37d0838142fd8afed453118f51bc8978bc541,Q310406,SAADI QADHAFI,Federal Public Service Finance,,,,EU-LBY,2011-03-03,,,,204/2011 (OJ L58),be
ch-seco-8cb1f5cdb011175924435d0b78f697925c900b03,Q310406,SAADI QADHAFI,State Secretariat for Economic Affairs,13001,LYi.015,"Ordinance of 30 March 2011 on measures against Libya (SR 946.231.149.82), annexes 2, 3, 4 and 5",SECO-LIBYA,2015-05-13,2015-05-13,,,,ch
ch-seco-edd3018b378929f9a2c2e5c19d3cef84cd0bc900,Q310406,SAADI QADHAFI,State Secretariat for Economic Affairs,12860,LYi.015,"Ordinance of 30 March 2011 on measures against Libya (SR 946.231.149.82), annexes 2, 3, 4 and 5",SECO-LIBYA,2015-05-13,2013-03-22,,,,ch
eu-fsf-c5afe7ee7813fd71203f749ab751386a85bee37e,Q310406,SAADI QADHAFI,"Directorate‑General for Financial Stability, Financial Services and Capital Markets Union",EU.3856.0,,LBY,EU-LBY,2022-02-11,2011-02-26,,,2022/183 (OJ L30),eu
eu-tb-eccebcca6009f92b69ee95535e27d2c2341685a5,Q310406,SAADI QADHAFI,Council of the European Union,,,,,,,,,"Council Decision concerning restrictive measures in view of the situation in Libya, and repealing Decision 2011/137/CFSP",eu
fr-ga-c6e03110bfa0ebe09a6ec8ed9bd36f571286da9b,Q310406,SAADI QADHAFI,Direction Générale du Trésor,EU.3856.0,LYi.015,(UE) 2017/489 du 21/03/2017 (ONU Libye - RCSNU 1970/2011 et R (UE) 2016/44),UN-SC1970,,,,,,fr
gb-fcdo-6c38a66b0b9e250d9a13c43dfd586570beed7e43,Q310406,SAADI QADHAFI,"Foreign, Commonwealth & Development Office",11648,LYi.015,The Libya (Sanctions) (EU Exit) Regulations 2020,GB-LBY,,2011-02-26,,,,gb
ja-mof-76b242417ea449043502921d1b8b627145eef062,Q310406,SAADI QADHAFI,Ministry of Finance,11,,リビアのカダフィ革命指導者及びその関係者 （Ⅱ その他の個人又は団体）,,,2024-04-24,,,,jp
mc-freezes-36feaed93a876ec5d7d6e692dcd68fd8581ba6f8,Q310406,SAADI QADHAFI,Principauté de Monaco,,,,,,,,,,mc
ofac-4b3a5eddf65f42648999bcd19e946f418c8d89ba,Q310406,SAADI QADHAFI,Office of Foreign Assets Control,12629,,LIBYA2,US-LIBYA,,,,,Unknown,us
ua-sfms-c886fc44b898875329b44efd7acc9403d2f45b85,Q310406,SAADI QADHAFI,State Finance Monitoring Service,,,РБ ООН (Комітет 1970 (2011)),,2023-11-30,2023-11-30,,,,ua
unsc-1322d9e9ebbacef16f8b8568c7fe5c1b9a3c6665,Q310406,SAADI QADHAFI,United Nations Security Council,,LYi.015,Libya,UN-SC1970,2011-02-26,2011-02-26,,,,
zafic-3c20e5361ad7be3bf36f4246b278c51544c48773,Q310406,SAADI QADHAFI,Financial Intelligence Centre,,LYi.015,,,2011-02-26,,,,,za
au-dfat-2dfcf6d2a278a1d2cf1fe747c33bfd948d3fcf53,Q316974,MUTASSIM QADHAFI,Department of Foreign Affairs and Trade,,,1970 (Libya),UN-SC1970,,2026-02-20,,,,au
be-fod-77433cbfd4bb5f0d94938a39f8a0023b002811ab,Q316974,MUTASSIM QADHAFI,Federal Public Service Finance,,,,EU-LBY,2016-05-05,,,,2017/489 (OJ L76),be
ch-seco-562407cf6926b1ca610746fa6cc5a65ad38c5c3f,Q316974,MUTASSIM QADHAFI,State Secretariat for Economic Affairs,12818,LYi.014,"Ordinance of 30 March 2011 on measures against Libya (SR 946.231.149.82), annexes 2, 3, 4 and 5",SECO-LIBYA,2017-04-05,2017-04-05,,,,ch
ch-seco-a50250e4fbb25d588b87454108074a5f7ee8bff9,Q316974,MUTASSIM QADHAFI,State Secretariat for Economic Affairs,12994,LYi.014,"Ordinance of 30 March 2011 on measures against Libya (SR 946.231.149.82), annexes 2, 3, 4 and 5",SECO-LIBYA,2017-04-05,2017-04-05,,,,ch
eu-fsf-4174a19236ae9a8694e138feafabec92e1f589e8,Q316974,MUTASSIM QADHAFI,"Directorate‑General for Financial Stability, Financial Services and Capital Markets Union",EU.3426.40,,LBY,EU-LBY,2017-03-22,2011-02-26,,,2017/489 (OJ L76),eu
eu-tb-4eaba5e856b0d106feb11a349e7c050231044b78,Q316974,MUTASSIM QADHAFI,Council of the European Union,,,,,,,,,"Council Decision concerning restrictive measures in view of the situation in Libya, and repealing Decision 2011/137/CFSP",eu
fr-ga-8ccac012ff1f45dfe84e4613adbd48dbd37f5ee2,Q316974,MUTASSIM QADHAFI,Direction Générale du Trésor,,,(UE) 2017/489 du 21/03/2017 (ONU Libye - RCSNU 1970/2011 et R (UE) 2016/44),UN-SC1970,,,,,association étroite avec le régime - serait décédé à Syrte en Libye le 20/10/2011,fr
gb-fcdo-51f829b73d58f2d16b099b36b36c1d70678119ce,Q316974,MUTASSIM QADHAFI,"Foreign, Commonwealth & Development Office",LIB0059,LYi.014,The Libya (Sanctions) (EU Exit) Regulations 2020,GB-LBY,,2011-02-26,,,,gb
ja-mof-5f4d2cbd63b927ef9ee22660274dbe327e099f69,Q316974,MUTASSIM QADHAFI,Ministry of Finance,5,,リビアのカダフィ革命指導者及びその関係者 （Ⅱ その他の個人又は団体）,,,2013-05-24,,,,jp
mc-freezes-10174203d3ddb29b0001d1e0f539c421ed8b55ad,Q316974,MUTASSIM QADHAFI,Principauté de Monaco,,,,,,,,,association étroite avec le régime - serait décédé à Syrte en Libye le 20/10/2011,mc
ofac-70e169e85c2338e3f4383e9edb527b31e13cdbca,Q316974,MUTASSIM QADHAFI,Office of Foreign Assets Control,12609,,LIBYA2,US-LIBYA,,,,,Unknown,us
ua-sfms-9c5bc73cce86befa1b5ba9d61067fe3c69bbec86,Q316974,MUTASSIM QADHAFI,State Finance Monitoring Service,,,Резолюція РБ ООН 1970 (2011),,2016-04-07,2016-04-07,,,,ua
unsc-14c7390fa3f426a61e70276550953cff9adf2269,Q316974,MUTASSIM QADHAFI,United Nations Security Council,,LYi.014,Libya,UN-SC1970,2011-02-26,2011-02-26,,,,
zafic-59ba7d32a465a190f74cd50b697a53a98a4ae30e,Q316974,MUTASSIM QADHAFI,Financial Intelligence Centre,,LYi.014,,,2011-02-26,,,,,za
au-dfat-18b1bc7a1ca8d9af61fd5c0fa21de2438dad2f73,Q317757,Abdullah AL-SENUSSI,Department of Foreign Affairs and Trade,,,1970 (Libya),UN-SC1970,,2026-02-20,,,,au
be-fod-162af61f6649d625f763181d07de643346ac09f3,Q317757,Abdullah AL-SENUSSI,Federal Public Service Finance,,,,EU-LBY,2014-10-20,,,,1103/2014 (OJ L301),be
ch-seco-b66dd9cbee2d441e2c4005841b4e2e7e2bcfbaf4,Q317757,Abdullah AL-SENUSSI,State Secretariat for Economic Affairs,12875,LYi.018,"Ordinance of 30 March 2011 on measures against Libya (SR 946.231.149.82), annexes 2, 3, 4 and 5",SECO-LIBYA,2013-09-13,2014-08-05,,,,ch
ch-seco-f8f3418d4b1d453f1c03e6a4ec8fa61045dd25c3,Q317757,Abdullah AL-SENUSSI,State Secretariat for Economic Affairs,13027,LYi.018,"Ordinance of 30 March 2011 on measures against Libya (SR 946.231.149.82), annexes 2, 3, 4 and 5",SECO-LIBYA,2014-08-05,2014-08-05,,,,ch
eu-fsf-0299f2b3d565530800867b7e53494d6de4ba928a,Q317757,Abdullah AL-SENUSSI,"Directorate‑General for Financial Stability, Financial Services and Capital Markets Union",EU.3859.89,,LBY,EU-LBY,2017-03-22,2011-02-26,,,2017/489 (OJ L76),eu
eu-tb-03306efd37bd9f85fbaefd35e57557ca026935d6,Q317757,Abdullah AL-SENUSSI,Council of the European Union,,,,,,,,,"Council Decision concerning restrictive measures in view of the situation in Libya, and repealing Decision 2011/137/CFSP",eu
fr-ga-c9a0210a13d77c367eec9c39a58c3342c0471534,Q317757,Abdullah AL-SENUSSI,Direction Générale du Trésor,,,(UE) 204/2011 du 02/03/2011 (ONU Libye - RCSNU 1970/2011 et R (UE) 2016/44),UN-SC1970,,,,,,fr
gb-fcdo-1d2fb2f149da1e0364edff1c968708e259af8474,Q317757,Abdullah AL-SENUSSI,"Foreign, Commonwealth & Development Office",LIB0041,LYi.018,The Libya (Sanctions) (EU Exit) Regulations 2020,GB-LBY,,2011-02-26,,,,gb
ja-mof-b68a7ee1ff48f9953a91964d3733d673a3a143e6,Q317757,Abdullah AL-SENUSSI,Ministry of Finance,13,,リビアのカダフィ革命指導者及びその関係者 （Ⅱ その他の個人又は団体）,,,2014-06-27,,,,jp
mc-freezes-62fee93b84f08bcd609297b286937742ec4e0b08,Q317757,Abdullah AL-SENUSSI,Principauté de Monaco,,,,,,,,,,mc
ofac-45ebb5022ea824f0562b106656bc030667cfb2df,Q317757,Abdullah AL-SENUSSI,Office of Foreign Assets Control,12635,,LIBYA2,US-LIBYA,,,,,Unknown,us
ua-sfms-0616ccee90e4221a084a77f80c74b196a193f262,Q317757,Abdullah AL-SENUSSI,State Finance Monitoring Service,,,Резолюція РБ ООН 1970 (2011),,2014-07-14,2014-07-14,,,,ua
unsc-5ecfe95c28ddfa513fd27eb5bae02808abbeede1,Q317757,Abdullah AL-SENUSSI,United Nations Security Council,,LYi.018,Libya,UN-SC1970,2011-02-26,2011-02-26,,,,
zafic-da610f5d94979decd989e54c1a50f8373ff952c9,Q317757,Abdullah AL-SENUSSI,Financial Intelligence Centre,,LYi.018,,,2011-02-26,,,,,za
ofac-d3f90ee8c05470135fa038c1e0fe0028c3364d89,Q335469,Abu Yahya AL-LIBI,Office of Foreign Assets Control,12888,,SDGT,US-TERR,,,,,Unknown,us
au-dfat-5a533cfddb2e900148c9a1227dc58d40abcb728c,Q335509,ABU ZAYD UMAR DORDA,Department of Foreign Affairs and Trade,,,1970 (Libya),UN-SC1970,,2026-02-20,,,,au
be-fod-b7eecbe6fecad700d8ae1471c75536e39e9e3007,Q335509,ABU ZAYD UMAR DORDA,Federal Public Service Finance,,,,EU-LBY,2014-10-20,,,,2020/371 (OJ L71),be
ch-seco-29d5f8c7b409ebe5f27875841029654e043d5dc3,Q335509,ABU ZAYD UMAR DORDA,State Secretariat for Economic Affairs,12930,LYi.006,"Ordinance of 30 March 2011 on measures against Libya (SR 946.231.149.82), annexes 2, 3, 4 and 5",SECO-LIBYA,2020-02-26,2022-07-18,,,,ch
ch-seco-c557f1dca6b5c28dc19ff29aadbd766a3ae1d28f,Q335509,ABU ZAYD UMAR DORDA,State Secretariat for Economic Affairs,12833,LYi.006,"Ordinance of 30 March 2011 on measures against Libya (SR 946.231.149.82), annexes 2, 3, 4 and 5",SECO-LIBYA,2020-02-26,2022-07-18,,,,ch
eu-fsf-6e4340fd2950395344505ad1cb3a473e5e0385c8,Q335509,ABU ZAYD UMAR DORDA,"Directorate‑General for Financial Stability, Financial Services and Capital Markets Union",EU.3886.3,LYi.006,LBY,EU-LBY,2022-09-12,2011-02-26,,,2022/1502 (OJ L235),eu
eu-tb-b3e437e2965f05e1be194fcd889c94c09d5dedf0,Q335509,ABU ZAYD UMAR DORDA,Council of the European Union,,LYi.006,,,,,,,"Council Decision concerning restrictive measures in view of the situation in Libya, and repealing Decision 2011/137/CFSP",eu
fr-ga-76b33320128efb0ac48955f409febd97a27cfe33,Q335509,ABU ZAYD UMAR DORDA,Direction Générale du Trésor,EU.3886.3,LYi.006,(UE) 2017/489 du 21/03/2017 (ONU Libye - RCSNU 1970/2011 et R (UE) 2016/44),UN-SC1970,,,,,présumé: décédé -  Inscrit en application du paragraphe 15 de la résolution 1970 (interdiction de voyager). Inscrit le 17 mars 2011 en application du paragraphe 17 de la résolution 1970 (gel des avoirs).,fr
gb-fcdo-9fba286e4d2dbb9ee8c44cd9a733057115e1c5e8,Q335509,ABU ZAYD UMAR DORDA,"Foreign, Commonwealth & Development Office",LIB0045,LYi.006,The Libya (Sanctions) (EU Exit) Regulations 2020,GB-LBY,,2011-02-26,,,,gb
ja-mof-8ec5de5989741ecbce29e939979ce0e89a2e49a8,Q335509,ABU ZAYD UMAR DORDA,Ministry of Finance,7,,リビアのカダフィ革命指導者及びその関係者 （Ⅱ その他の個人又は団体）,,,2022-07-18,,,,jp
mc-freezes-a8b21cbf01cfd30e7ae7ff503c43adcd4e07684b,Q335509,ABU ZAYD UMAR DORDA,Principauté de Monaco,,,,,,,,,,mc
ofac-f5d09c52755d5ddb025d00be82c18c33ecbacfe8,Q335509,ABU ZAYD UMAR DORDA,Office of Foreign Assets Control,12632,,LIBYA2,US-LIBYA,,,,,Executive Order 13566 (Libya),us
ua-sfms-7e8b557cd4c01b44ebbeddba122c4289363cb891,Q335509,ABU ZAYD UMAR DORDA,State Finance Monitoring Service,,,РБ ООН (Комітет 1970 (2011)),,2022-07-19,2022-07-19,,,,ua
unsc-542685c232f4da8d167be01f9676221ac8af22c8,Q335509,ABU ZAYD UMAR DORDA,United Nations Security Council,,LYi.006,Libya,UN-SC1970,2011-02-26,2011-02-26,,,,
zafic-971850eef139caae2835a43c3872613124c16929,Q335509,ABU ZAYD UMAR DORDA,Financial Intelligence Centre,,LYi.006,,,2011-02-26,,,,,za
arpet-4e97791f9afba52a50b469c704d59a14c98da138,Q3477794,Seifallah Ben HASSINE,Ministerio de Justicia,,QDi.333,UN List,,2014-09-23,2014-09-23,,,,ar
au-dfat-cbec2a1f9847330f08780f6d72f78c739bae18f9,Q3477794,Seifallah Ben HASSINE,Department of Foreign Affairs and Trade,,,1267 (ISIL (Da'esh) and Al-Qaida),UN-SCISIL,,2026-02-20,,,,au
be-fod-4acaacb5c9451bdbd658879a6dbdaeb51f3e437d,Q3477794,Seifallah Ben HASSINE,Federal Public Service Finance,,,,EU-TAQA-EUAQ,2018-01-12,,,,1058/2014 (OJ L293),be
ch-seco-347808554fdd8b89af3f022decacc9f92553b6a0,Q3477794,Seifallah Ben HASSINE,State Secretariat for Economic Affairs,84006,QDi.333,"Ordinance on measures against persons, groups, undertakings and entities associated with ISIL (Da'esh) and Al-Qaida",SECO-ISIL,2025-05-14,2025-05-15,,,,ch
eu-fsf-04980839b1306a16aec66be5d0c0ad43bf93bedf,Q3477794,Seifallah Ben HASSINE,"Directorate‑General for Financial Stability, Financial Services and Capital Markets Union",EU.3727.94,,TAQA,EU-TAQA-EUAQ,2018-01-12,2014-09-23,,,2018/50 (OJ L7),eu
eu-tb-a4dc81044ccb86c3bf7c2b928755d831c70b920b,Q3477794,Seifallah Ben HASSINE,Council of the European Union,,,,,,,,,"Council Decision concerning restrictive measures against ISIL (Da'esh) and Al-Qaeda and persons, groups, undertakings and entities associated with them and repealing Common Position 2002/402/CFSP",eu
eu-tb-fb83ea2a4428313d62389cf660d4ba23d4b3cf89,Q3477794,Seifallah Ben HASSINE,Council of the European Union,,,,,,,,,"Decision concerning restrictive measures against ISIL (Da’esh) and Al-Qaeda and persons, groups, undertakings and entities associated with them",eu
fr-ga-7698b7235d2309d823fd1860eb121996f6bcd3b2,Q3477794,Seifallah Ben HASSINE,Direction Générale du Trésor,EU.3727.94,,(UE) 2018/50 du 11/01/2018 (ONU Al Qaeda Etat - Islamique - RCSNU 1267 (1999) et R (UE) 881/2002 ),UN-SCISIL,,,,,fondateur du Groupe combattant tunisien et dirigeant d'Ansar al-Shari'a en Tunisie. Mandat d'arrêt émis par le Tribunal de première instance tunisien le 23/08/2013,fr
gb-fcdo-0ca0771619e9d4e91d98640f2857a98704bcf648,Q3477794,Seifallah Ben HASSINE,"Foreign, Commonwealth & Development Office",13130,QDi.333,Isil (Da'esh) and Al-Qaeda (United Nations Sanctions) (EU Exit) Regulations 2019,GB-ISIL,,2014-09-23,,,,gb
id-dttot-2531d0b35a3ad0c9bd7b501719129c29f10fde0f,Q3477794,Seifallah Ben HASSINE,Indonesian Financial Transaction Reports and Analysis Center,ILQ-206,,,,,,,,,id
il-nbctf-6d7673f5ce15bb6351dd6f42d5202f39ee13d103,Q3477794,Seifallah Ben HASSINE,National Bureau for Counter Terror Financing,,,הכרזה על ארגון טרור על פי סעיף 2 לחוק איסור מימון טרור התשסה- 2005,,,2015-11-06,,,,il
il-nbctf-d064536294978031143f4c6c0c064b7232bd3cc8,Q3477794,Seifallah Ben HASSINE,National Bureau for Counter Terror Financing,,,רשימת יחידים שהוכרזו כפעילי טרור לפי חוק המאבק בטרור התשעו-2016,,,2018-11-12,,,,il
ja-mof-fcc9cb53885f917e4d73d0854dc265c73b422d80,Q3477794,Seifallah Ben HASSINE,Ministry of Finance,665,,タリバーン関係者等 （タリバーン、アル・カーイダ及びISIL（ダーイシュ）関係者等） / （注1）国連安保理決議第1267号、第1333号、第1390号、第1988号、第1989号、第2253号及び第2255号に加えて、国連安保理決議第1373号に基づく資産凍結措置の対象に指定されている個人及び団体については、告示番号の冒頭に＊印を付しています。 （注2）2021年5月28日以降の制裁対象者の追加指定につきましては、外務省告示を２回に分けて発出することとなりました。 （１回目：制裁対象者の氏名等を国連安保理が公表した英文の情報のまま発出する告示、２回目：制裁対象者の氏名等に仮名表記等を追加・修文する告示）２回目の告示発出につきましては、当シートの告示日付には反映しておりません。,,,2017-02-15,,,,jp
mc-freezes-1ba47274916a44d94a45f7e005e67cc67fe40592,Q3477794,Seifallah Ben HASSINE,Principauté de Monaco,,,,,,,,,fondateur du Groupe combattant tunisien et dirigeant d'Ansar al-Shari'a en Tunisie. Mandat d'arrêt émis par le Tribunal de première instance tunisien le 23/08/2013,mc
md-terr-38a7b4fe2aa3f1f47aef1965b44e578e9b4ef743,Q3477794,Seifallah Ben HASSINE,Centrul Antiterorist al Serviciului de Informaţii şi Securitate al Republicii Moldova,,QDi.333,"Lista persoanelor, entităţilor şi a altor grupuri asociate cu „ISIL” („Da’esh”) şi „Al-Qaida” menţinută de CCS al ONU, instituit prin Rezoluţiile 1267 (1999), 1989 (2011), 2253 (2015)",,,,,,,md
ofac-d0d435b84a3a8e9d8c398fc7b014623c21ed2fc2,Q3477794,Seifallah Ben HASSINE,Office of Foreign Assets Control,16478,,SDGT,US-TERR,,,,,Executive Order 13224 (Terrorism),us
ua-sfms-3cede500cc84aa4b47578987acc7af53aac01ba4,Q3477794,Seifallah Ben HASSINE,State Finance Monitoring Service,,,Резолюції РБ ООН 1267 (1999) та 1989 (2011),,2017-12-27,2017-12-27,,,,ua
unsc-656cf29dcd2b11ff188b5db030c8bee2175f3c00,Q3477794,Seifallah Ben HASSINE,United Nations Security Council,,QDi.333,Al-Qaida,UN-SCISIL,2014-09-23,2014-09-23,,,,
zafic-2885d67e93d7377d2dfb3987e6948e7e466dea27,Q3477794,Seifallah Ben HASSINE,Financial Intelligence Centre,,QDi.333,,,2014-09-23,,,,,za
au-dfat-8c078f54ed06dd1a0fd19b8850a08a01df38992a,Q361273,HANNIBAL MUAMMAR QADHAFI,Department of Foreign Affairs and Trade,,,1970 (Libya),UN-SC1970,,2026-02-20,,,,au
be-fod-1e8d323e3e8d1366445dbbe500c8e006d4af97ee,Q361273,HANNIBAL MUAMMAR QADHAFI,Federal Public Service Finance,,,,EU-LBY,2011-03-03,,,,204/2011 (OJ L58),be
ch-seco-96b485d7cdd8989125996058a8a3aab22cbcffc1,Q361273,HANNIBAL MUAMMAR QADHAFI,State Secretariat for Economic Affairs,12797,LYi.010,"Ordinance of 30 March 2011 on measures against Libya (SR 946.231.149.82), annexes 2, 3, 4 and 5",SECO-LIBYA,2017-04-05,2017-04-05,,,,ch
ch-seco-e91545aa57105a12cd66306c1c14750c484325a6,Q361273,HANNIBAL MUAMMAR QADHAFI,State Secretariat for Economic Affairs,12964,LYi.010,"Ordinance of 30 March 2011 on measures against Libya (SR 946.231.149.82), annexes 2, 3, 4 and 5",SECO-LIBYA,2016-11-14,2017-04-05,,,,ch
eu-fsf-18a782e6d23009c6f7f284148acf7685f05a4035,Q361273,HANNIBAL MUAMMAR QADHAFI,"Directorate‑General for Financial Stability, Financial Services and Capital Markets Union",EU.3830.14,,LBY,EU-LBY,2017-03-22,2011-02-26,,,2017/489 (OJ L76),eu
eu-tb-e9b539fffe0301249798ee4b28e28378a1542166,Q361273,HANNIBAL MUAMMAR QADHAFI,Council of the European Union,,,,,,,,,"Council Decision concerning restrictive measures in view of the situation in Libya, and repealing Decision 2011/137/CFSP",eu
fr-ga-16db6409d5c02d60adf6cdea2646f79a2d1218ee,Q361273,HANNIBAL MUAMMAR QADHAFI,Direction Générale du Trésor,,,(UE) 2017/489 du 21/03/2017 (ONU Libye - RCSNU 1970/2011 et R (UE) 2016/44),UN-SC1970,,,,,,fr
gb-fcdo-12c059c4f9e578e2299046150f2990710bec111e,Q361273,HANNIBAL MUAMMAR QADHAFI,"Foreign, Commonwealth & Development Office",LIB0051,LYi.010,The Libya (Sanctions) (EU Exit) Regulations 2020,GB-LBY,,2011-02-26,,,,gb
ja-mof-160c2688512ebe04ae8132964ac2161fc372c5cb,Q361273,HANNIBAL MUAMMAR QADHAFI,Ministry of Finance,2,,リビアのカダフィ革命指導者及びその関係者 （Ⅱ その他の個人又は団体）,,,2016-11-11,,,,jp
mc-freezes-6a338bededd53da4eee69fad6cb7a0038bda40d0,Q361273,HANNIBAL MUAMMAR QADHAFI,Principauté de Monaco,,,,,,,,,,mc
ofac-8f31c7cfded98237d8ededd27982ffcefdcb1065,Q361273,HANNIBAL MUAMMAR QADHAFI,Office of Foreign Assets Control,12627,,LIBYA2,US-LIBYA,,,,,Unknown,us
ua-sfms-abd384e97a221c2b655e9b0b961129d72fb28a3f,Q361273,HANNIBAL MUAMMAR QADHAFI,State Finance Monitoring Service,,,Резолюція РБ ООН 1970 (2011),,2016-11-21,2016-11-21,,,,ua
unsc-2206bebb18a7d92b48a6aae13f1918e5a6db9695,Q361273,HANNIBAL MUAMMAR QADHAFI,United Nations Security Council,,LYi.010,Libya,UN-SC1970,2011-02-26,2011-02-26,,,,
zafic-b019f7df0834da00acc86921cc8332556d32c04b,Q361273,HANNIBAL MUAMMAR QADHAFI,Financial Intelligence Centre,,LYi.010,,,2011-02-26,,,,,za
au-dfat-b428a8b545c36a4a4de6412e28e9b945110ec045,Q361281,MOHAMMED MUAMMAR QADHAFI,Department of Foreign Affairs and Trade,,,1970 (Libya),UN-SC1970,,2026-02-20,,,,au
be-fod-4e05aefd9626d66ca81199864c913785948080f3,Q361281,MOHAMMED MUAMMAR QADHAFI,Federal Public Service Finance,,,,EU-LBY,2011-03-24,,,,288/2011 (OJ L78),be
ch-seco-6054ce3bad5ef3c43da688148e2bf759051e44cd,Q361281,MOHAMMED MUAMMAR QADHAFI,State Secretariat for Economic Affairs,12979,LYi.012,"Ordinance of 30 March 2011 on measures against Libya (SR 946.231.149.82), annexes 2, 3, 4 and 5",SECO-LIBYA,2013-03-21,2013-09-14,,,,ch
ch-seco-82492e5fcae5cd455d33e5dc80385ca3890d32cc,Q361281,MOHAMMED MUAMMAR QADHAFI,State Secretariat for Economic Affairs,12853,LYi.012,"Ordinance of 30 March 2011 on measures against Libya (SR 946.231.149.82), annexes 2, 3, 4 and 5",SECO-LIBYA,2013-09-13,2017-04-05,,,,ch
eu-fsf-1a98197f35bc0b5d05cc8473304d588bf8e2adc2,Q361281,MOHAMMED MUAMMAR QADHAFI,"Directorate‑General for Financial Stability, Financial Services and Capital Markets Union",EU.3849.88,,LBY,EU-LBY,2017-03-22,2011-02-26,,,2017/489 (OJ L76),eu
eu-tb-da56bdb99cd47bce2b1b725b1585abd55a57dab7,Q361281,MOHAMMED MUAMMAR QADHAFI,Council of the European Union,,,,,,,,,"Council Decision concerning restrictive measures in view of the situation in Libya, and repealing Decision 2011/137/CFSP",eu
fr-ga-21a53a1b3abad626b04550e8d551c6a20da76c40,Q361281,MOHAMMED MUAMMAR QADHAFI,Direction Générale du Trésor,3849.88,LYi.012,(UE) 2017/489 du 21/03/2017 (ONU Libye - RCSNU 1970/2011 et R (UE) 2016/44),UN-SC1970,,,,,,fr
gb-fcdo-65b729eecebe7b2b6ac25cba1ecf8a31909ddb64,Q361281,MOHAMMED MUAMMAR QADHAFI,"Foreign, Commonwealth & Development Office",11647,LYi.012,The Libya (Sanctions) (EU Exit) Regulations 2020,GB-LBY,,2011-02-26,,,,gb
ja-mof-ad73eff34224dc8f75176e9ed08b4f2a5dfbcb2d,Q361281,MOHAMMED MUAMMAR QADHAFI,Ministry of Finance,10,,リビアのカダフィ革命指導者及びその関係者 （Ⅱ その他の個人又は団体）,,,2021-07-30,,,,jp
mc-freezes-0916b38c5c83f9b99805288cc2f507697f43a34a,Q361281,MOHAMMED MUAMMAR QADHAFI,Principauté de Monaco,,,,,,,,,,mc
ofac-649c08a3fb7f0ab5bdf8ecb3c20165616c50f631,Q361281,MOHAMMED MUAMMAR QADHAFI,Office of Foreign Assets Control,12628,,LIBYA2,US-LIBYA,,,,,Unknown,us
ua-sfms-0632996c0434be8b2251820dade507f349ad5af3,Q361281,MOHAMMED MUAMMAR QADHAFI,State Finance Monitoring Service,,,РБ ООН (Комітет 1970 (2011)),,2021-04-30,2021-04-30,,,,ua
unsc-4ee0012482697c667e106a0b6d077c7defbed527,Q361281,MOHAMMED MUAMMAR QADHAFI,United Nations Security Council,,LYi.012,Libya,UN-SC1970,2011-02-26,2011-02-26,,,,
zafic-04e69a2c2bfe81f6f7c7459658c7c1a0197626be,Q361281,MOHAMMED MUAMMAR QADHAFI,Financial Intelligence Centre,,LYi.012,,,2011-02-26,,,,,za
au-dfat-ff27776abcebf5f89caa926fd3b4f0bd9f3f833c,Q361291,SAIF AL-ARAB QADHAFI,Department of Foreign Affairs and Trade,,,1970 (Libya),UN-SC1970,,2026-02-20,,,,au
be-fod-fa5b446e28206bfd2917fe1d055f43dc9ce95258,Q361291,SAIF AL-ARAB QADHAFI,Federal Public Service Finance,,,,EU-LBY,2011-03-03,,,,204/2011 (OJ L58),be
ch-seco-69a77f655a8513ed7a2da142178f1c1c2feb7a76,Q361291,SAIF AL-ARAB QADHAFI,State Secretariat for Economic Affairs,13012,LYi.016,"Ordinance of 30 March 2011 on measures against Libya (SR 946.231.149.82), annexes 2, 3, 4 and 5",SECO-LIBYA,2017-04-05,2017-04-05,,,,ch
ch-seco-e67353b21612e59d929157ee099ad3792e8de6d7,Q361291,SAIF AL-ARAB QADHAFI,State Secretariat for Economic Affairs,12868,LYi.016,"Ordinance of 30 March 2011 on measures against Libya (SR 946.231.149.82), annexes 2, 3, 4 and 5",SECO-LIBYA,2017-04-05,2017-04-05,,,,ch
eu-fsf-85ea582639faa43f41f00d1a1d49deef8c7ecf82,Q361291,SAIF AL-ARAB QADHAFI,"Directorate‑General for Financial Stability, Financial Services and Capital Markets Union",EU.3857.62,,LBY,EU-LBY,2017-03-22,2011-02-26,,,2017/489 (OJ L76),eu
eu-tb-1da16d4cf10d70720a94e7987da537119e3a0b80,Q361291,SAIF AL-ARAB QADHAFI,Council of the European Union,,,,,,,,,"Council Decision concerning restrictive measures in view of the situation in Libya, and repealing Decision 2011/137/CFSP",eu
fr-ga-b471a9328cd1415ded6970ca6be728ac40093e47,Q361291,SAIF AL-ARAB QADHAFI,Direction Générale du Trésor,,,(UE) 2017/489 du 21/03/2017 (ONU Libye - RCSNU 1970/2011 et R (UE) 2016/44),UN-SC1970,,,,,décédé,fr
gb-fcdo-a81a2f40a9b08488f0a9948e9b4f52a1b60a7833,Q361291,SAIF AL-ARAB QADHAFI,"Foreign, Commonwealth & Development Office",LIB0063,LYi.016,The Libya (Sanctions) (EU Exit) Regulations 2020,GB-LBY,,2011-02-26,,,,gb
ja-mof-3a21db049afa32208bf1714c4fd0fdf400b55948,Q361291,SAIF AL-ARAB QADHAFI,Ministry of Finance,12,,リビアのカダフィ革命指導者及びその関係者 （Ⅱ その他の個人又は団体）,,,2011-03-24,,,,jp
mc-freezes-3722b4386b7d3cc0a1b412f2b5d38b8b46c86923,Q361291,SAIF AL-ARAB QADHAFI,Principauté de Monaco,,,,,,,,,décédé,mc
ofac-8b5be31725b33558d9df1eed6583ea32cc46d870,Q361291,SAIF AL-ARAB QADHAFI,Office of Foreign Assets Control,12631,,LIBYA2,US-LIBYA,,,,,Unknown,us
ua-sfms-a066150ec04caaa0b233237f84ac5774a4fb048f,Q361291,SAIF AL-ARAB QADHAFI,State Finance Monitoring Service,,,Резолюція РБ ООН 1970 (2011),,2012-04-10,2012-04-10,,,,ua
unsc-d84d85a1ce66dc13cdb1c7e4aa24291afd5ec8e2,Q361291,SAIF AL-ARAB QADHAFI,United Nations Security Council,,LYi.016,Libya,UN-SC1970,2011-02-26,2011-02-26,,,,
zafic-8484f283d017d687d02946b1fc5ba3bcf3c429f5,Q361291,SAIF AL-ARAB QADHAFI,Financial Intelligence Centre,,LYi.016,,,2011-02-26,,,,,za
au-dfat-7b4e4d35ef4d9ce24765c961101c504e4cabeeb0,Q3790254,Rostam Qasemi,Department of Foreign Affairs and Trade,,,Autonomous (Iran),AU-IRAN,,2024-01-12,,,,au
ca-sema-6c4425c882381fabe8a64a669d2c47d23e3f83c2,Q3790254,Rostam Qasemi,Global Affairs Canada,17,,Iran,CA-SEMA,2016-02-05,,,,"1, Part 2",ca
gb-fcdo-0dfeb8b3ffc7c26bd9312022370aa688959d39e8,Q3790254,Rostam Qasemi,UK,11236,,The Iran (Sanctions) (Nuclear) (EU Exit) Regulations 2019,GB-IRAN-NW,,2020-12-31,,,"Former Commander of Khatam al-Anbiya, part of the IRGC, and provided support to the Ministry of Defence and Armed Forces Logistics of Iran as an adviser to the Minister of Defence.",gb
ofac-a981858ee7fa919e62771b852ea034f672ef9d8c,Q3790254,Rostam Qasemi,Office of Foreign Assets Control,11786,,NPWMD,US-NON-PROLIF,,,,,TRA,us
sa-pcct-f43daa28e44ecda664fc9aa511a28ca353a4fca7,Q3790254,Rostam Qasemi,Permanent Committee for Counter-Terrorism,,,,SA-UNSC1373,,2022-01-26,,,,sa
au-dfat-78b71dc2a00d02ec2211e6a8280b50730e3372b4,Q4342368,Mohammad Pakpour,Department of Foreign Affairs and Trade,,,Autonomous (Iran),AU-IRAN,,2024-01-12,,,,au
be-fod-83bed1301e8b6205b375ba866c0dae8b334e70ba,Q4342368,Mohammad Pakpour,Federal Public Service Finance,,,,EU-IRN,2021-04-12,,,,2021/584 (OJ L124I),be
be-fod-b13781076f2c84a7565fd90ac29c8268005fad0a,Q4342368,Mohammad Pakpour,Federal Public Service Finance,,,,EU-IRN,2025-07-28,,,,2025/1559 (OJ L202501559),be
ca-sema-a49e5fe0f98821d45f53bc4512a2f03f90abce21,Q4342368,Mohammad Pakpour,Global Affairs Canada,14,,Iran,CA-SEMA,2016-02-05,,,,"1, Part 2",ca
eu-fsf-a225867ad4615c12d26bdf94e7e0bcb4e07bef7e,Q4342368,Mohammad Pakpour,"Directorate‑General for Financial Stability, Financial Services and Capital Markets Union",EU.1843.5,,IRN,EU-IRN,2025-07-28,2010-07-26,,,2025/1559 (OJ L202501559),eu
eu-fsf-d31d20e3e376fdd418acb71233addf6ea7ec49f4,Q4342368,Mohammad Pakpour,"Directorate‑General for Financial Stability, Financial Services and Capital Markets Union",EU.6135.22,,IRN,EU-IRN,2021-04-12,2021-04-12,,,2021/584 (OJ L124I),eu
eu-tb-1933b5fdec9c6280d7e94a6b0a3ab3e8d34974af,Q4342368,Mohammad Pakpour,Council of the European Union,,,,,,,,,Council Decision concerning restrictive measures directed against certain persons and entities in view of the situation in Iran,eu
fr-ga-0637b3cd5ac7273e6c1e6d7ae77217c78cd3cacf,Q4342368,Mohammad Pakpour,Direction Générale du Trésor,,,(UE) 2021/584 du 12/04/2021 (UE Iran répression - R (UE) 359/2011),EU-IRN,,,,,"Mohammad Pakpour est commandant en chef des forces terrestres de l’IRGC depuis mars 2010. Les forces terrestres de l’IRGC ont recouru à la force létale pour réprimer les manifestations de novembre 2019 en Iran, faisant des morts et des blessés parmi des manifestants non armés et d’autres civils dans de nombreuses villes du pays. En tant que commandant en chef des forces terrestres de l’IRGC, qui o",fr
gb-fcdo-dea9762248e4ca44b8061037add6347c8b6c8500,Q4342368,Mohammad Pakpour,UK,INU0016,,The Iran (Sanctions) (Nuclear) (EU Exit) Regulations 2019,GB-IRAN-NW,,2020-12-31,,,Commander of IRGC Ground Forces,gb
mc-freezes-e3a01fca3bfd09a220471a653f80564396fbe8df,Q4342368,Mohammad Pakpour,Principauté de Monaco,,,,,,,,,"Mohammad Pakpour est commandant en chef des forces terrestres de l’IRGC depuis mars 2010. Les forces terrestres de l’IRGC ont recouru à la force létale pour réprimer les manifestations de novembre 2019 en Iran, faisant des morts et des blessés parmi des manifestants non armés et d’autres civils dans de nombreuses villes du pays. En tant que commandant en chef des forces terrestres de l’IRGC, qui o",mc
ofac-5269e55231b861200f7bcca0b196702442b11433,Q4342368,Mohammad Pakpour,Office of Foreign Assets Control,26941,,IFSR,US-IRAN,,,,,Executive Order 13224 (Terrorism),us
ua-nsdc-e3cee387cd725420caa55ea18d013bf247f3ab4a,Q4342368,Mohammad Pakpour,National Security and Defense Council,25044311100093,,443/2025,UA-SA1644,,2025-06-29,2035-06-29,active,рішення та регламенти Ради Європейського Союзу щодо забезпечення національних інтересів та національної безпеки України,ua
au-dfat-276a857a371b4cb58601539f81e3a2c189fe105a,Q459126,Mohamed Abou El-Kassim Zouai,Department of Foreign Affairs and Trade,,,Autonomous (Libya),AU-LIBYA,,2024-01-12,,,,au
be-fod-5b2c0a8b1de73508c57e2a3386a27f259048b3bb,Q459126,Mohamed Abou El-Kassim Zouai,Federal Public Service Finance,,,,EU-LBY,2015-08-01,,,,2015/1323 (OJ L206),be
ch-seco-5bf8fc22d3b8a99b4d5a23ac54b92b97b25d02fb,Q459126,Mohamed Abou El-Kassim Zouai,State Secretariat for Economic Affairs,20431,,"Ordinance of 30 March 2011 on measures against Libya (SR 946.231.149.82), annexes 2, 3, 4 and 5",SECO-LIBYA,2015-08-28,2015-08-28,,,,ch
ch-seco-8e4e8dc3dce57273bc79b52449d073a9bcabe3ba,Q459126,Mohamed Abou El-Kassim Zouai,State Secretariat for Economic Affairs,20655,,"Ordinance of 30 March 2011 on measures against Libya (SR 946.231.149.82), annexes 2, 3, 4 and 5",SECO-LIBYA,2015-08-28,2015-08-28,,,,ch
eu-fsf-fa3d1a80732f7c361832629f3b3466c7d29ec354,Q459126,Mohamed Abou El-Kassim Zouai,"Directorate‑General for Financial Stability, Financial Services and Capital Markets Union",EU.3352.24,,LBY,EU-LBY,2016-01-19,2011-03-21,,,2016/44 (OJ L12),eu
eu-tb-51aa37817a6a087cf53b783e70f25ec2c96b47ee,Q459126,Mohamed Abou El-Kassim Zouai,Council of the European Union,,,,,,,,,"Council Decision concerning restrictive measures in view of the situation in Libya, and repealing Decision 2011/137/CFSP",eu
fr-ga-f18b8f7db926ce9fea5542771fb2a3cb61f355f3,Q459126,Mohamed Abou El-Kassim Zouai,Direction Générale du Trésor,,,(UE) 288/2011 du 23/03/2011 -  (UE Libye - R (UE) 2016/44),EU-LBY,,,,,étroitement associé à l'ancien régime de Qadhafi,fr
gb-fcdo-a7f620bbcad9e8f7b9d76dabac68286ae7200d87,Q459126,Mohamed Abou El-Kassim Zouai,UK,LIB0018,,The Libya (Sanctions) (EU Exit) Regulations 2020,GB-LBY,,2020-12-31,,,Associated with individuals (Muammar and Saif Qadhafi) involved in activities connected to the repressive policies of the Qadhafi regime.,gb
mc-freezes-2d1da8723e494fb688b2d4d695e629afc9df18c0,Q459126,Mohamed Abou El-Kassim Zouai,Principauté de Monaco,,,,,,,,,étroitement associé à l'ancien régime de Qadhafi,mc
arpet-200939387ad777cc1e9bc66697888993f8b45f79,Q4670365,Sofiane Ben Goumo,Ministerio de Justicia,,QDi.355,UN List,,2015-09-03,2015-09-03,,,,ar
au-dfat-9c797b8fe2532be1f3263c07564e009bfb011d74,Q4670365,Sofiane Ben Goumo,Department of Foreign Affairs and Trade,,,1267 (ISIL (Da'esh) and Al-Qaida),UN-SCISIL,,2026-02-20,,,,au
be-fod-06e616c4a2669609f4361c1972e7d2e08cf49f63,Q4670365,Sofiane Ben Goumo,Federal Public Service Finance,,,,EU-TAQA-EUAQ,2025-03-21,,,,2005/611 (OJ L202500611),be
ch-seco-a471927ebc4b52ec48c8021fc97bf9397ac1aac0,Q4670365,Sofiane Ben Goumo,State Secretariat for Economic Affairs,84327,QDi.355,"Ordinance on measures against persons, groups, undertakings and entities associated with ISIL (Da'esh) and Al-Qaida",SECO-ISIL,2025-05-14,2025-05-15,,,,ch
eu-fsf-f2e2277f04fa94c014ab831c39c87f28f9c1e963,Q4670365,Sofiane Ben Goumo,"Directorate‑General for Financial Stability, Financial Services and Capital Markets Union",EU.3093.1,,TAQA,EU-TAQA-EUAQ,2025-03-21,2015-09-03,,,2005/611 (OJ L202500611),eu
eu-tb-90fa45083c0445cea9e48b89e1f6ccec4dbab3aa,Q4670365,Sofiane Ben Goumo,Council of the European Union,,,,,,,,,"Decision concerning restrictive measures against ISIL (Da’esh) and Al-Qaeda and persons, groups, undertakings and entities associated with them",eu
eu-tb-93c9a863274c5d61f340284d1cd8c1980f53d715,Q4670365,Sofiane Ben Goumo,Council of the European Union,,,,,,,,,"Council Decision concerning restrictive measures against ISIL (Da'esh) and Al-Qaeda and persons, groups, undertakings and entities associated with them and repealing Common Position 2002/402/CFSP",eu
fr-ga-f3f6fb8792f019056176000c6fdcbb5a8ff1c3bb,Q4670365,Sofiane Ben Goumo,Direction Générale du Trésor,EU.3093.1,QDi.355,(UE) 2015/1517 du 11/09/2015 (ONU Al Qaeda Etat - Islamique - RCSNU 1267 (1999) et R (UE) 881/2002 ),UN-SCISIL,,,,,,fr
gb-fcdo-dd889bf4037c3d187819f0eece48984f7cb2ab39,Q4670365,Sofiane Ben Goumo,"Foreign, Commonwealth & Development Office",AQD0317,QDi.355,Isil (Da'esh) and Al-Qaeda (United Nations Sanctions) (EU Exit) Regulations 2019,GB-ISIL,,2015-09-03,,,,gb
id-dttot-00028f471c8ca004a48d18abaa342cc0fc445d5c,Q4670365,Sofiane Ben Goumo,Indonesian Financial Transaction Reports and Analysis Center,ILQ-225,,,,,,,,,id
il-nbctf-5faced1c3c8aeed739df3d35f6a45f6918efe7a9,Q4670365,Sofiane Ben Goumo,National Bureau for Counter Terror Financing,,,"מועבי""ט - או""ם",,,2015-09-03,,,,il
ja-mof-110451a79fb2929dabd579676073944fe20192b0,Q4670365,Sofiane Ben Goumo,Ministry of Finance,695,,タリバーン関係者等 （タリバーン、アル・カーイダ及びISIL（ダーイシュ）関係者等） / （注1）国連安保理決議第1267号、第1333号、第1390号、第1988号、第1989号、第2253号及び第2255号に加えて、国連安保理決議第1373号に基づく資産凍結措置の対象に指定されている個人及び団体については、告示番号の冒頭に＊印を付しています。 （注2）2021年5月28日以降の制裁対象者の追加指定につきましては、外務省告示を２回に分けて発出することとなりました。 （１回目：制裁対象者の氏名等を国連安保理が公表した英文の情報のまま発出する告示、２回目：制裁対象者の氏名等に仮名表記等を追加・修文する告示）２回目の告示発出につきましては、当シートの告示日付には反映しておりません。,,,2015-09-18,,,,jp
mc-freezes-c7427352d385fe3c9bfeb58a3fb8cb126771a515,Q4670365,Sofiane Ben Goumo,Principauté de Monaco,,,,,,,,,,mc
md-terr-aa79feecddb2bb2ed6ded262f4fab5cbe129c35e,Q4670365,Sofiane Ben Goumo,Centrul Antiterorist al Serviciului de Informaţii şi Securitate al Republicii Moldova,,QDi.355,"Lista persoanelor, entităţilor şi a altor grupuri asociate cu „ISIL” („Da’esh”) şi „Al-Qaida” menţinută de CCS al ONU, instituit prin Rezoluţiile 1267 (1999), 1989 (2011), 2253 (2015)",,,,,,,md
ofac-b3bad753263df9e487a37b049e2a8e94f1abe474,Q4670365,Sofiane Ben Goumo,Office of Foreign Assets Control,16480,,SDGT,US-TERR,,,,,Executive Order 13224 (Terrorism),us
ua-sfms-ec37f0adfbd7c90b102e1e38fe1179e03ef23f78,Q4670365,Sofiane Ben Goumo,State Finance Monitoring Service,,,"РБ ООН (Комітет 1267(1999),1989(2011), 2253(2015))",,2025-03-17,2025-03-17,,,,ua
unsc-c4e80c72e5b34a7715cf19d1520e81072675820d,Q4670365,Sofiane Ben Goumo,United Nations Security Council,,QDi.355,Al-Qaida,UN-SCISIL,2015-09-03,2015-09-03,,,,
zafic-b810ca019f7e0da7e8e784aef6868218c83ced31,Q4670365,Sofiane Ben Goumo,Financial Intelligence Centre,,QDi.355,,,2015-09-03,,,,,za
au-dfat-b5f4f848366f67117518b3689327c9eecb6ae99e,Q56253890,Ali Reza Tangsiri,Department of Foreign Affairs and Trade,,,Autonomous (Ukraine),AU-UKRAINE,,2023-03-20,,,,au
be-fod-8b28886a0d5b9eac250393941617e57823a6b374,Q56253890,Ali Reza Tangsiri,Federal Public Service Finance,,,,EU-UKR,2023-07-20,,,,2023/1496 (OJ L183 I),be
ca-sema-b1687946515f19bae22a3ce110fc6cde625739e9,Q56253890,Ali Reza Tangsiri,Global Affairs Canada,48,,Iran,CA-SEMA,2022-10-03,,,,"1, Part 2",ca
ch-seco-33e67ac32a8ec43090c47d0911786ff58ca49901,Q56253890,Ali Reza Tangsiri,State Secretariat for Economic Affairs,64276,,"Ordinance of 4 March 2022 on measures related to the situation in Ukraine (RS 946.231.176.72), annexes 2, 8, 9, 10, 11, 12,13, 14, 14a, 15, 15a, 15b, 15c, 25, 33, 35, 36, 37, 39, 40 and 41",SECO-UKRAINE,2023-08-16,2023-08-16,,,,ch
eu-fsf-3d0d55e20286d1596a107f2ea98e0610474368a2,Q56253890,Ali Reza Tangsiri,"Directorate‑General for Financial Stability, Financial Services and Capital Markets Union",EU.10553.18,,UKR,EU-UKR,2023-07-20,2023-07-20,,,2023/1496 (OJ L183 I),eu
eu-tb-e183894fdfcb8571a80163dba82b5faff3e76bad,Q56253890,Ali Reza Tangsiri,Council of the European Union,,,,,,,,,"Council Decision concerning restrictive measures in respect of actions undermining or threatening the territorial integrity, sovereignty and independence of Ukraine",eu
fr-ga-6834b1b0040e7217b8f257abfcab10977369db91,Q56253890,Ali Reza Tangsiri,Direction Générale du Trésor,,,(UE) 2023/1496 du 20/07/2023 (UE Ukraine intégrité territoriale - R (UE) 269/2014),EU-UKR,,,,,"Ali Reza Tangsiri est commandant de la marine de l'IRGC et membre et président du conseil d'administration de Paravar Pars Company, qui a produit des véhicules aériens sans pilote (UAV) pour la force aérospatiale du Corps des gardiens de la révolution islamique (IRGC AF) et a testé des UAV pour la marine du Corps des gardiens de la révolution islamique. En particulier, Paravar Pars Company a parti",fr
gb-fcdo-53dc0c40dfa885c5ee453a6417cca5392c2af248,Q56253890,Ali Reza Tangsiri,UK,RUS1954,,The Russia (Sanctions) (EU Exit) Regulations 2019,GB-RUS,,2023-08-08,,,"Ali Reza Tangsiri is an 'involved person' within the meaning of the Russia (Sanctions) (EU Exit) Regulation 2019 as through his role as Chairman and a director of the Paravar Pars Company he is therefore associated with Paravar Pars company, which itself is an 'involved person' by virtue of providing or making available technology that could contribute to destabilising Ukraine or undermining or th",gb
mc-freezes-7888b1cc3c66606b70eb653d816d34be698e22cb,Q56253890,Ali Reza Tangsiri,Principauté de Monaco,,,,,,,,,"Ali Reza Tangsiri est commandant de la marine de l’IRGC et membre et président du conseil d’administration de Paravar Pars Company, qui a produit des véhicules aériens sans pilote (UAV) pour la force aérospatiale du Corps des gardiens de la révolution islamique (IRGC AF) et a testé des UAV pour la marine du Corps des gardiens de la révolution islamique. En particulier, Paravar Pars Company a parti",mc
nz-ru-d5ee0c6a0d755099051d66eb420fd05c608b3df3,Q56253890,Ali Reza Tangsiri,Ministry of Foreign Affairs and Trade,,,,NZ-RSA2022,,2023-05-05,,Sanctioned,Involved in the supply of Iranian drones to the Russian Federation,nz
ofac-413fa82376d7d18b34b02f32abc5f33d0769a58f,Q56253890,Ali Reza Tangsiri,Office of Foreign Assets Control,26935,,IFSR,US-IRAN,,,,,Executive Order 13382 (Non-proliferation),us
sa-pcct-bbb0c503f24bdd9d868494786a12937a113ed73a,Q56253890,Ali Reza Tangsiri,Permanent Committee for Counter-Terrorism,,,,SA-UNSC1373,,2022-01-26,,,,sa
au-dfat-b897a911c1f301712da93e63f36f2ccee3d64674,Q5708302,Hossein Nejat,Department of Foreign Affairs and Trade,,,Autonomous (Thematic - Human Rights),AU-HUMAN,,2023-03-20,,,,au
be-fod-0ce75968244d3454fd9695c0af7846fb580180df,Q5708302,Hossein Nejat,Federal Public Service Finance,,,,EU-IRN,2022-11-14,,,,2022/2231 (OJ L293-I),be
ca-sema-563866492277517347030129f5e622711d9e6e42,Q5708302,Hossein Nejat,Global Affairs Canada,9,,Iran,CA-SEMA,2016-02-05,,,,"1, Part 2",ca
eu-fsf-ba1ba8dd3e230d782febeedef70b027773487329,Q5708302,Hossein Nejat,"Directorate‑General for Financial Stability, Financial Services and Capital Markets Union",EU.9075.47,,IRN,EU-IRN,2022-11-14,2022-11-14,,,2022/2231 (OJ L293-I),eu
eu-tb-2516001772a3e5944f507e997da72cc17c9beee4,Q5708302,Hossein Nejat,Council of the European Union,,,,,,,,,Council Decision concerning restrictive measures directed against certain persons and entities in view of the situation in Iran,eu
fr-ga-26650bd4af6f7e1fb9430f012e191eba0ace7400,Q5708302,Hossein Nejat,Direction Générale du Trésor,,,(UE) 2022/2231 du 14/11/2022 (UE Iran répression - R (UE) 359/2011),EU-IRN,,,,,"Le général de brigade Hossein Nejat est le commandant adjoint de Sarallah, un appareil de sécurité spécialisé de l'État iranien basé à Téhéran lié à l'IRGC, depuis le 21 juin 2020. Sarallah est essentiel à la sécurité de Téhéran, étant donné que le quartier général est chargé de protéger la capitale et les institutions gouvernementales contre toute menace, telle que des coups d'État ou des manifes",fr
gb-fcdo-721d5600b53e5d28d92f8892ba0040e434ef1705,Q5708302,Hossein Nejat,UK,IRN0126,,The Iran (Sanctions) Regulations 2023,GB-IRAN,,2023-01-23,,,"Hossein NEJAT is an involved person within the meaning of the Iran (Sanctions) Regulations 2023 as it is reasonable to suspect that NEJAT through his role as Deputy Commander of the Islamic Revolutionary Guard Corps (IRGC) of Sarallah HQ, is an individual responsible for, engaging in, providing support for, or promoting serious human rights violations or in Iran through the repression of recent pr",gb
mc-freezes-12e9d9fe961736d4841ba868c46d9da43bdc4dbf,Q5708302,Hossein Nejat,Principauté de Monaco,,,,,,,,,"Le général de brigade Hossein Nejat est le commandant adjoint de Sarallah, un appareil de sécurité spécialisé de l’État iranien basé à Téhéran lié à l’IRGC, depuis le
21 juin 2020.
Sarallah est essentiel à la sécurité de Téhéran, étant donné que le quartier général est chargé de protéger la capitale et les institutions gouvernementales contre toute menace, telle que des coups d’État ou des manifes",mc
ofac-c31a0eb1f54f64536e4d35ae56dfc6997833a277,Q5708302,Hossein Nejat,Office of Foreign Assets Control,39438,,IRAN-HR,US-IRAN,,,,,Executive Order 13553 (Iran),us
ua-nsdc-6ebcd027dd6df93ed4d9c382ce6b749dd1fa16ac,Q5708302,Hossein Nejat,National Security and Defense Council,25044311100115,,443/2025,UA-SA1644,,2025-06-29,2035-06-29,active,рішення та регламенти Ради Європейського Союзу щодо забезпечення національних інтересів та національної безпеки України,ua
arpet-ce3bc87b765a628efc0145c6c89e7694bcb535a0,Q65195624,Esmail Qaani,MRECIyC - MSG,,,OFAC - UE,,2026-01-17,2026-01-17,,,,ar
au-dfat-901aafecd74650c5ffdb5f4eb66f94b207e5a8b2,Q65195624,Esmail Qaani,Department of Foreign Affairs and Trade,,,Autonomous (Iran),AU-IRAN,,2024-05-12,,,,au
be-fod-6633ea1d116868f45de3814ab55f9b8f531bec27,Q65195624,Esmail Qaani,Federal Public Service Finance,,,,EU-IRN,2024-05-31,,,,2024/1604 (OJ L31052024),be
ca-sema-2b0c9c2c6c89c51e45f9f819b7dfe5f79d39e696,Q65195624,Esmail Qaani,Global Affairs Canada,47,,Iran,CA-SEMA,2022-10-03,,,,"1, Part 2",ca
ch-seco-f82d6c21110a78b4f6438a738c846573422d4069,Q65195624,Esmail Qaani,State Secretariat for Economic Affairs,78248,,"Ordinance of 12 December 2025 on measures against the Islamic Republic of Iran (SR 946.231.143.6), annexes 11-14",SECO-IRAN,2024-11-06,2024-11-07,,,,ch
eu-fsf-f3b6b39c176ad2e07c4d63d9497326a99ec68889,Q65195624,Esmail Qaani,"Directorate‑General for Financial Stability, Financial Services and Capital Markets Union",EU.11696.82,,IRN,EU-IRN,2024-07-11,2024-05-31,,,2024/90388 (OJ L11072024),eu
eu-tb-1bbc4915d9d23d056f4df50e7b7eae2c1c3d0ea5,Q65195624,Esmail Qaani,Council of the European Union,,,,,,,,,Council Decision concerning restrictive measures in view of Iran’s military support to Russia’s war of aggression against Ukraine and to armed groups and entities in the Middle East and the Red Sea region,eu
fr-ga-4ed8ec0217ddd96f10b163257cdfd73d558100ca,Q65195624,Esmail Qaani,Direction Générale du Trésor,,,(UE) 2024/1604 du 31/05/2024 (UE Iran - Soutien militaire dans le conflit Russie/Ukraine  - R(UE) 2023/1529),EU-IRN,,,,,"Entités associées: Corps des gardiens de la révolution islamique (IRGC); Force Qods de l’IRGC - Ismail Qaani est le commandant de la force Qods du Corps des gardiens de la révolution islamique (IRGC-QF), inscrite sur la liste de l’UE. L’IRGC-QF est responsable de l’organisation d’un réseau de milices régionales qui ont agressivement étendu l’influence militaire de l’Iran dans le monde arabe au cou",fr
gb-fcdo-6eaf5ac50db7283ad299b1cba5e2fdfc93b25188,Q65195624,Esmail Qaani,UK,16329,,The Iran (Sanctions) Regulations 2023,GB-IRAN,,2023-12-14,,,"Esmail Qaani is an involved person under the Iran (Sanctions) Regulations 2023 because Esmail Qaani is or has been involved in hostile activity by the Government of Iran, namely threatening, planning or conducting activity which undermines or is intended to undermine the integrity, prosperity or security of the United Kingdom or any other country.",gb
mc-freezes-11a640d09c44a4acb3cd35fcd2b6e52fe6c7498d,Q65195624,Esmail Qaani,Principauté de Monaco,,,,,,,,,"Ismail Qaani est le commandant de la force Qods du Corps des gardiens de la révolution islamique (IRGC-QF), inscrite sur la liste de l’UE. L’IRGC-QF est responsable de l’organisation d’un réseau de milices régionales qui ont agressivement étendu l’influence militaire de l’Iran dans le monde arabe au cours des dernières décennies. Sous le commandement de Qaani, l’IRGC-QF facilite et soutient les at",mc
ofac-a8cdcf6d5d94a798cb7a5d5382301ec723f229ef,Q65195624,Esmail Qaani,Office of Foreign Assets Control,13107,,SDGT,US-TERR,,,,,TRA,us
sa-pcct-b182e08bbcaf73cde3eaa47c77d8a108a7ae9471,Q65195624,Esmail Qaani,Permanent Committee for Counter-Terrorism,,,,SA-UNSC1373,,2022-01-26,,,,sa
ua-nsdc-51d0fbe389d23e5f0a855ef0e5e9473865c7d3a9,Q65195624,Esmail Qaani,National Security and Defense Council,25044211100005,,442/2025,UA-SA1644,,2025-06-29,2035-06-29,active,рішення та регламенти Ради Європейського Союзу щодо забезпечення національних інтересів та національної безпеки України,ua
au-dfat-16722a8b3b8a611e1cb86429d8007fef4889c5ae,Q69638152,Abd Al-Rahman Salim Ibrahim al-Milad,Department of Foreign Affairs and Trade,,,1970 (Libya),UN-SC1970,,2026-02-20,,,,au
be-fod-1f62f248a2f46dc310481e886ca977a00fa73f8d,Q69638152,Abd Al-Rahman Salim Ibrahim al-Milad,Federal Public Service Finance,,,,EU-LBY,2018-06-15,,,,2018/870 (OJ L152),be
ch-seco-17e1ca35ed7e5e364ed31e5ed0b1f1d477328f1a,Q69638152,Abd Al-Rahman Salim Ibrahim al-Milad,State Secretariat for Economic Affairs,39213,LYi.026,"Ordinance of 30 March 2011 on measures against Libya (SR 946.231.149.82), annexes 2, 3, 4 and 5",SECO-LIBYA,2018-06-08,2018-06-07,,,,ch
ch-seco-bbc958f9c8344b8eb060d5908482b146a597284c,Q69638152,Abd Al-Rahman Salim Ibrahim al-Milad,State Secretariat for Economic Affairs,39136,LYi.026,"Ordinance of 30 March 2011 on measures against Libya (SR 946.231.149.82), annexes 2, 3, 4 and 5",SECO-LIBYA,2018-06-08,2023-11-29,,,,ch
eu-fsf-053d1307a8de3728348cf0c637f5d4fa82d44331,Q69638152,Abd Al-Rahman Salim Ibrahim al-Milad,"Directorate‑General for Financial Stability, Financial Services and Capital Markets Union",EU.4585.24,,LBY,EU-LBY,2018-09-25,2018-06-07,,,2018/1285 (OJ L240,eu
eu-tb-73d88c7e84a78f89f0131df6582210799ce1a74b,Q69638152,Abd Al-Rahman Salim Ibrahim al-Milad,Council of the European Union,,,,,,,,,"Council Decision concerning restrictive measures in view of the situation in Libya, and repealing Decision 2011/137/CFSP",eu
fr-ga-fb5ef80a639595128b174e302b570a98180dd62c,Q69638152,Abd Al-Rahman Salim Ibrahim al-Milad,Direction Générale du Trésor,4585.24,LYi.026,(UE) 2018/870 du 14/06/2018 (ONU Libye - RCSNU 1970/2011 et R (UE) 2016/44),UN-SC1970,,,,,"Nom de la mère: Huriyah Al-A’ib -- Abd Al Rahman al-Milad dirige l'unité régionale des garde-côtes à Zaouïa qui est régulièrement associée à des violences commises contre des migrants et des passeurs. Selon le Groupe d'experts, Milad et d'autres garde-côtes auraient directement participé au sabordage d'embarcations de migrants par arme à feu. Al-Milad collabore avec d'autres passeurs tels que Moha",fr
gb-fcdo-3b88d6b83fee4d6c0462e881792a4920eabbbfb4,Q69638152,Abd Al-Rahman Salim Ibrahim al-Milad,"Foreign, Commonwealth & Development Office",LIB0039,LYi.026,The Libya (Sanctions) (EU Exit) Regulations 2020,GB-LBY,,2018-06-07,,,,gb
ja-mof-16a91b334ae0c6e4c357c6e2f26962f88c780968,Q69638152,Abd Al-Rahman Salim Ibrahim al-Milad,Ministry of Finance,21,,リビアのカダフィ革命指導者及びその関係者 （Ⅱ その他の個人又は団体）,,,2018-06-07,,,,jp
mc-freezes-a02892dffcdc7ef34ff6864a010dc82143064389,Q69638152,Abd Al-Rahman Salim Ibrahim al-Milad,Principauté de Monaco,,,,,,,,,"Abd Al Rahman al-Milad dirige l'unité régionale des garde-côtes à Zaouïa qui est régulièrement associée à des violences commises contre des migrants et des passeurs. Selon le Groupe d'experts, Milad et d'autres garde-côtes auraient directement participé au sabordage d'embarcations de migrants par arme à feu. Al-Milad collabore avec d'autres passeurs tels que Mohammed al-Hadi (dont l'inscription es",mc
ofac-915f889f5a8079932cc5e93c8bd383ffda0f945d,Q69638152,Abd Al-Rahman Salim Ibrahim al-Milad,Office of Foreign Assets Control,24312,,LIBYA3,US-LIBYA,,,,,Executive Order 13726 (Libya),us
ua-sfms-5d8d2e611a361914e0ec323fa22b9d27c1730492,Q69638152,Abd Al-Rahman Salim Ibrahim al-Milad,State Finance Monitoring Service,,,РБ ООН (Комітет 1970 (2011)),,2023-11-30,2023-11-30,,,,ua
unsc-05198054cc7b437bc43d9ffc830607f6484cd5c1,Q69638152,Abd Al-Rahman Salim Ibrahim al-Milad,United Nations Security Council,,LYi.026,Libya,UN-SC1970,2018-06-07,2018-06-07,,,,
zafic-5ee5230adc28f1458597ed5c73613ecaa9f8fb48,Q69638152,Abd Al-Rahman Salim Ibrahim al-Milad,Financial Intelligence Centre,,LYi.026,,,2018-06-07,,,,,za
arpet-4d77b311076259bd5340eb993cf20fbde555c212,Q81696347,Abdul Reza Shahlai,MRECIyC - MSG,,,OFAC - UK - EU - Australia,,2026-01-17,2026-01-17,,,,ar
au-dfat-8e03c2b1706a72ef357e9c4e9730d2875b072598,Q81696347,Abdul Reza Shahlai,Department of Foreign Affairs and Trade,,,1373 (2001),AU-UNSC1373,,2023-10-11,,,,au
be-fod-db7c078092f19fbe55563fab88e36ed284171283,Q81696347,Abdul Reza Shahlai,Federal Public Service Finance,,,,EU-TERR,2025-01-31,,,,2024/329 (OJ L16012024),be
ca-sema-e509469aee01eefdd66471dac365c282ea2cda84,Q81696347,Abdul Reza Shahlai,Global Affairs Canada,21,,Iran,CA-SEMA,2016-02-05,,,,"1, Part 2",ca
eu-fsf-05896ce119c3d85fb7ed9bb2bc11844f8191ecd7,Q81696347,Abdul Reza Shahlai,"Directorate‑General for Financial Stability, Financial Services and Capital Markets Union",EU.3580.27,,TERR,EU-TERR,2025-01-31,2025-02-01,,,2025/206 (L 202500206),eu
fr-ga-5db87bd7c9e9278caf252e271acf8bedb701182f,Q81696347,Abdul Reza Shahlai,Direction Générale du Trésor,EU.3580.27,,(UE) 2025/206 du 30/01/2025 (UE personnes impliquées dans des actes de terrorisme - R (UE) 2580/2001),EU-TERR,,,,,,fr
gb-fcdo-338ffd41f3982eecba8904607636fbc0a5bdd308,Q81696347,Abdul Reza Shahlai,UK,12208,,The Counter-Terrorism (International Sanctions) (EU Exit) Regulations 2019,GB-ICT,,2020-12-31,,,"Abdul Reza Shahlai is Deputy Commander in the Iranian Revolutionary Guard-Qods Force (IRGC-QF) implicated in acts of terrorism, including through support for designated terrorist organisations. He has been accused of coordinating the attempted assassination of Adel al-Jubeir, the Saudi ambassador to the US in 2011.",gb
mc-freezes-b7134ef061e2d91b1d21a1291d83509840989537,Q81696347,Abdul Reza Shahlai,Principauté de Monaco,,,,,,,,,,mc
md-terr-a50096f6efa0942d90a650a797e99573a8523290,Q81696347,Abdul Reza Shahlai,Centrul Antiterorist al Serviciului de Informaţii şi Securitate al Republicii Moldova,,,"Lista persoanelor, grupurilor și entităților cărora li se aplică măsurile menționate la articolele 2 și 3 din Poziția comună 2001/931/PESC",,,,,,,md
ofac-660de1ef5db13564deb19eca4bbe338da69e64fc,Q81696347,Abdul Reza Shahlai,Office of Foreign Assets Control,11177,,IRAQ3,US-IRAQ,,,,,TRA,us
sa-pcct-bdf5bf6cc9850f8880a657bc8db3e4abff3bdc08,Q81696347,Abdul Reza Shahlai,Permanent Committee for Counter-Terrorism,,,,SA-UNSC1373,,2018-10-23,,,,sa
au-dfat-beb2a374ab426c8bb760c6ea855d643a8031a2ab,Q82093,Ali Al-Mahmoudi AL BAGHDADI,Department of Foreign Affairs and Trade,,,Autonomous (Libya),AU-LIBYA,,2024-01-12,,,,au
ofac-a22f4458fdc00fbe17e2f2629e64bcbd7b2e08ee,Q82093,Ali Al-Mahmoudi AL BAGHDADI,Office of Foreign Assets Control,12690,,LIBYA2,US-LIBYA,,,,,Unknown,us
sa-pcct-176fc3c8eea6a33732d0715359bc954cc0d51fe7,sa-pcct-711eb654da884a5bdabcbd584cfbf9b6bfaccc35,BANK OF MILLET,Permanent Committee for Counter-Terrorism,,,,SA-UNSC1373,,2019-10-30,,,,sa
sa-pcct-644f13c8348e50325c30c44506871fb52731ce39,sa-pcct-e48993cbbe4edd32bd447ad187b2fb953f555a6f,Yasmine,Permanent Committee for Counter-Terrorism,,,,SA-UNSC1373,,2022-01-26,,,,sa
us-fincen-d5b9fd73441f7e551d4717bc8eaf6a193892e75e,us-fincen-fc875ee0141d206259cad1178644150aa55f9b42,Infobank,Financial Crimes Enforcement Network,,,,,,,2014-12-08,,,us
